LIVE MICROSPREAD -> DEMO: 3 symbol(s); event-driven Binance bookTicker + MEXC 
DEMO depth; all order writes TESTNET only.
Fee gate: Demo fees measured/subtracted + LIVE exact 0/0
Exit profile: protected-demo-net
Entry signal: binance-impulse
Excursion telemetry CSV: 
D:\Mexc_tick_scalper\MEXC-Tick-scalper\binance_impulse_fast_100_excursions_2026
0815.csv
Residual telemetry CSV: 
D:\Mexc_tick_scalper\MEXC-Tick-scalper\binance_impulse_fast_100_residuals_20260
815.csv
Symbols: DOGE_USDT, LINK_USDT, XRP_USDT
Impulse gate: Binance 100ms move >= Demo spread economics and 1.00bps; MEXC 
LIVE is not an entry-signal input.
Demo sizing: available=46935.5USDT mode=10000USDT target IOC notional
MICRO HEARTBEAT state=warming symbols=3 signal_source=demo books=2 demo_books=2
Bquotes=212 Mdepth=0 Ddepth=12 above_floor=0 max_residual=0.000bps candidates=0
fee_age=0ms
MICRO HEARTBEAT state=watching symbols=3 signal_source=demo books=2 
demo_books=2 Bquotes=628 Mdepth=0 Ddepth=23 above_floor=0 max_residual=0.000bps
candidates=0 fee_age=2003ms
MICRO SIGNAL LINK_USDT LONG residual=+2.130bps threshold=1.265 spread=1.065 
net=+0.865 B100=+2.130 M100=+0.000 Bage=2ms Mage=24ms DemoCross=5.0bps
DEMO ENTRY LINK_USDT LONG qty=1064.1 LIVEEntry=9.392 residual=+2.130 
notional=9994.03USDT leverage=200x requested_margin=50.0000USDT 
strategy_equity=60.0000USDT sizing=TARGET_NOTIONAL spread=1.065 
DemoFeeReported=1.99881 signal_to_visible=PENDING IOCconfirm=665.7ms 
reconcile=ASYNC
DEMO POSITION VISIBLE LINK_USDT signal_to_visible=1005.2ms
MICRO POSITION LINK_USDT mark=-1.065bps MFE=+0.000 MAE=-1.065 
DemoNetMark=-5.061498USDT DemoNet=-5.065bps DemoMFE=+0.000 DemoMAE=-5.065 
TRAIL=OFF residual=+0.000bps B100=+0.000
MICRO POSITION LINK_USDT mark=-1.065bps MFE=+0.000 MAE=-1.065 
DemoNetMark=-5.061498USDT DemoNet=-5.065bps DemoMFE=+0.000 DemoMAE=-5.065 
TRAIL=OFF residual=+0.000bps B100=+0.000
MICRO POSITION LINK_USDT mark=-1.065bps MFE=+0.000 MAE=-1.065 
DemoNetMark=-5.061498USDT DemoNet=-5.065bps DemoMFE=+0.000 DemoMAE=-5.065 
TRAIL=OFF residual=+0.000bps B100=+0.000
MICRO EXIT LINK_USDT reason=demo_adverse_cut LIVEpnl=-2.128200USDT 
move=-2.129bps MFE=+0.000 MAE=-2.129 hold=7075ms DemoExit=9.39 
DemoGross=-2.128200 DemoNet=-6.125300 DemoFee=1.99829
MICRO HEARTBEAT state=watching symbols=3 signal_source=demo books=3 
demo_books=3 Bquotes=2116 Mdepth=0 Ddepth=69 above_floor=0 
max_residual=0.000bps candidates=0 fee_age=0ms
MICRO HEARTBEAT state=watching symbols=3 signal_source=demo books=3 
demo_books=3 Bquotes=2961 Mdepth=0 Ddepth=69 above_floor=0 
max_residual=0.000bps candidates=0 fee_age=1375ms
MICRO HEARTBEAT state=watching symbols=3 signal_source=demo books=3 
demo_books=3 Bquotes=3098 Mdepth=0 Ddepth=69 above_floor=0 
max_residual=0.000bps candidates=0 fee_age=3421ms
MICRO HEARTBEAT state=watching symbols=3 signal_source=demo books=3 
demo_books=3 Bquotes=3381 Mdepth=0 Ddepth=85 above_floor=0 
max_residual=0.000bps candidates=0 fee_age=472ms
MICRO HEARTBEAT state=watching symbols=3 signal_source=demo books=3 
demo_books=3 Bquotes=3478 Mdepth=0 Ddepth=85 above_floor=0 
max_residual=0.000bps candidates=0 fee_age=2474ms
MICRO HEARTBEAT state=watching symbols=3 signal_source=demo books=3 
demo_books=3 Bquotes=4475 Mdepth=0 Ddepth=85 above_floor=0 
max_residual=0.000bps candidates=0 fee_age=0ms
MICRO HEARTBEAT state=watching symbols=3 signal_source=demo books=3 
demo_books=3 Bquotes=4731 Mdepth=0 Ddepth=110 above_floor=0 
max_residual=0.000bps candidates=0 fee_age=2004ms
MICRO HEARTBEAT state=watching symbols=3 signal_source=demo books=3 
demo_books=3 Bquotes=4977 Mdepth=0 Ddepth=111 above_floor=0 
max_residual=0.000bps candidates=0 fee_age=1ms
MICRO HEARTBEAT state=watching symbols=3 signal_source=demo books=3 
demo_books=3 Bquotes=5086 Mdepth=0 Ddepth=114 above_floor=0 
max_residual=0.000bps candidates=0 fee_age=2052ms
MICRO HEARTBEAT state=watching symbols=3 signal_source=demo books=3 
demo_books=3 Bquotes=5185 Mdepth=0 Ddepth=126 above_floor=0 
max_residual=0.000bps candidates=0 fee_age=4055ms
MICRO HEARTBEAT state=watching symbols=3 signal_source=demo books=3 
demo_books=3 Bquotes=5319 Mdepth=0 Ddepth=126 above_floor=0 
max_residual=0.000bps candidates=0 fee_age=1039ms
MICRO HEARTBEAT state=watching symbols=3 signal_source=demo books=3 
demo_books=3 Bquotes=5635 Mdepth=0 Ddepth=126 above_floor=0 
max_residual=0.000bps candidates=0 fee_age=3062ms
MICRO HEARTBEAT state=watching symbols=3 signal_source=demo books=3 
demo_books=3 Bquotes=5752 Mdepth=0 Ddepth=159 above_floor=0 
max_residual=0.000bps candidates=0 fee_age=99ms
MICRO HEARTBEAT state=watching symbols=3 signal_source=demo books=3 
demo_books=3 Bquotes=5910 Mdepth=0 Ddepth=159 above_floor=0 
max_residual=0.000bps candidates=0 fee_age=2111ms
MICRO HEARTBEAT state=watching symbols=3 signal_source=demo books=3 
demo_books=3 Bquotes=6180 Mdepth=0 Ddepth=159 above_floor=0 
max_residual=0.000bps candidates=0 fee_age=4129ms
MICRO HEARTBEAT state=watching symbols=3 signal_source=demo books=3 
demo_books=3 Bquotes=6283 Mdepth=0 Ddepth=181 above_floor=0 
max_residual=0.000bps candidates=0 fee_age=1166ms
MICRO HEARTBEAT state=watching symbols=3 signal_source=demo books=3 
demo_books=3 Bquotes=6335 Mdepth=0 Ddepth=181 above_floor=0 
max_residual=0.000bps candidates=0 fee_age=3190ms
MICRO HEARTBEAT state=watching symbols=3 signal_source=demo books=3 
demo_books=3 Bquotes=6548 Mdepth=0 Ddepth=181 above_floor=0 
max_residual=0.000bps candidates=0 fee_age=191ms
MICRO HEARTBEAT state=watching symbols=3 signal_source=demo books=3 
demo_books=3 Bquotes=6824 Mdepth=0 Ddepth=198 above_floor=0 
max_residual=0.000bps candidates=0 fee_age=2194ms
MICRO SIGNAL LINK_USDT SHORT residual=-2.126bps threshold=1.264 spread=1.064 
net=+0.862 B100=-2.126 M100=+0.000 Bage=1ms Mage=703ms DemoCross=5.0bps
MICRO HEARTBEAT state=watching symbols=3 signal_source=demo books=3 
demo_books=3 Bquotes=7916 Mdepth=0 Ddepth=238 above_floor=0 
max_residual=0.000bps candidates=0 fee_age=0ms
MICRO SIGNAL LINK_USDT LONG residual=+3.189bps threshold=1.263 spread=1.063 
net=+1.926 B100=+3.189 M100=+0.000 Bage=1ms Mage=7ms DemoCross=5.0bps
MICRO HEARTBEAT state=watching symbols=3 signal_source=demo books=3 
demo_books=3 Bquotes=8599 Mdepth=0 Ddepth=276 above_floor=0 
max_residual=0.000bps candidates=0 fee_age=0ms
MICRO HEARTBEAT state=watching symbols=3 signal_source=demo books=3 
demo_books=3 Bquotes=8677 Mdepth=0 Ddepth=278 above_floor=0 
max_residual=0.000bps candidates=0 fee_age=1351ms
MICRO SIGNAL LINK_USDT SHORT residual=-2.126bps threshold=1.263 spread=1.063 
net=+0.863 B100=-2.126 M100=+0.000 Bage=2ms Mage=310ms DemoCross=5.0bps
MICRO HEARTBEAT state=watching symbols=3 signal_source=demo books=3 
demo_books=3 Bquotes=9565 Mdepth=0 Ddepth=331 above_floor=0 
max_residual=0.000bps candidates=0 fee_age=0ms
MICRO HEARTBEAT state=watching symbols=3 signal_source=demo books=3 
demo_books=3 Bquotes=9676 Mdepth=0 Ddepth=331 above_floor=0 
max_residual=0.000bps candidates=0 fee_age=1343ms
MICRO HEARTBEAT state=watching symbols=3 signal_source=demo books=3 
demo_books=3 Bquotes=9959 Mdepth=0 Ddepth=351 above_floor=0 
max_residual=0.000bps candidates=0 fee_age=3362ms
MICRO SIGNAL LINK_USDT LONG residual=+3.721bps threshold=1.263 spread=1.063 
net=+2.458 B100=+3.721 M100=+0.000 Bage=2ms Mage=610ms DemoCross=5.0bps
DEMO ENTRY LINK_USDT LONG qty=1062.6 LIVEEntry=9.405 residual=+3.721 
notional=9993.75USDT leverage=200x requested_margin=50.0000USDT 
strategy_equity=53.8747USDT sizing=TARGET_NOTIONAL spread=1.063 
DemoFeeReported=1.99875 signal_to_visible=PENDING IOCconfirm=667.0ms 
reconcile=ASYNC
DEMO POSITION VISIBLE LINK_USDT signal_to_visible=1506.7ms
MICRO POSITION LINK_USDT mark=-1.063bps MFE=+0.000 MAE=-1.063 
DemoNetMark=-5.059889USDT DemoNet=-5.063bps DemoMFE=+0.000 DemoMAE=-5.063 
TRAIL=OFF residual=+0.000bps B100=+0.000
MICRO POSITION LINK_USDT mark=-1.063bps MFE=+0.000 MAE=-1.063 
DemoNetMark=-5.059889USDT DemoNet=-5.063bps DemoMFE=+0.000 DemoMAE=-5.063 
TRAIL=OFF residual=+0.000bps B100=+0.000
MICRO EXIT LINK_USDT reason=binance_target_caught LIVEpnl=+4.250400USDT 
move=+4.253bps MFE=+4.253 MAE=-1.063 hold=5362ms DemoExit=9.409 
DemoGross=+4.250400 DemoNet=+0.252100 DemoFee=1.99955
MICRO HEARTBEAT state=watching symbols=3 signal_source=demo books=3 
demo_books=3 Bquotes=10574 Mdepth=0 Ddepth=406 above_floor=0 
max_residual=0.000bps candidates=0 fee_age=0ms
MICRO HEARTBEAT state=watching symbols=3 signal_source=demo books=3 
demo_books=3 Bquotes=10675 Mdepth=0 Ddepth=418 above_floor=0 
max_residual=0.000bps candidates=0 fee_age=1365ms
MICRO HEARTBEAT state=watching symbols=3 signal_source=demo books=3 
demo_books=3 Bquotes=10766 Mdepth=0 Ddepth=436 above_floor=0 
max_residual=0.000bps candidates=0 fee_age=3407ms
MICRO HEARTBEAT state=watching symbols=3 signal_source=demo books=3 
demo_books=3 Bquotes=10894 Mdepth=0 Ddepth=448 above_floor=0 
max_residual=0.000bps candidates=0 fee_age=452ms
MICRO HEARTBEAT state=watching symbols=3 signal_source=demo books=3 
demo_books=3 Bquotes=11111 Mdepth=0 Ddepth=468 above_floor=1 
max_residual=1.595bps candidates=1 fee_age=2461ms
MICRO HEARTBEAT state=watching symbols=3 signal_source=demo books=3 
demo_books=3 Bquotes=11242 Mdepth=0 Ddepth=487 above_floor=0 
max_residual=0.000bps candidates=0 fee_age=0ms
MICRO HEARTBEAT state=watching symbols=3 signal_source=demo books=3 
demo_books=3 Bquotes=11352 Mdepth=0 Ddepth=510 above_floor=0 
max_residual=0.000bps candidates=0 fee_age=2021ms
MICRO HEARTBEAT state=watching symbols=3 signal_source=demo books=3 
demo_books=3 Bquotes=11570 Mdepth=0 Ddepth=528 above_floor=0 
max_residual=0.000bps candidates=0 fee_age=4027ms
MICRO HEARTBEAT state=watching symbols=3 signal_source=demo books=3 
demo_books=3 Bquotes=11731 Mdepth=0 Ddepth=546 above_floor=0 
max_residual=0.000bps candidates=0 fee_age=1018ms
MICRO HEARTBEAT state=watching symbols=3 signal_source=demo books=3 
demo_books=3 Bquotes=12306 Mdepth=0 Ddepth=565 above_floor=0 
max_residual=0.000bps candidates=0 fee_age=3031ms
MICRO HEARTBEAT state=watching symbols=3 signal_source=demo books=3 
demo_books=3 Bquotes=12932 Mdepth=0 Ddepth=583 above_floor=0 
max_residual=0.000bps candidates=0 fee_age=8ms
MICRO HEARTBEAT state=watching symbols=3 signal_source=demo books=3 
demo_books=3 Bquotes=13136 Mdepth=0 Ddepth=600 above_floor=0 
max_residual=0.000bps candidates=0 fee_age=2015ms
MICRO HEARTBEAT state=watching symbols=3 signal_source=demo books=3 
demo_books=3 Bquotes=13348 Mdepth=0 Ddepth=619 above_floor=0 
max_residual=0.000bps candidates=0 fee_age=4046ms
MICRO SIGNAL LINK_USDT SHORT residual=-3.185bps threshold=1.261 spread=1.061 
net=+1.923 B100=-3.185 M100=+0.000 Bage=1ms Mage=1442ms DemoCross=5.0bps
DEMO ENTRY LINK_USDT SHORT qty=1061.9 LIVEEntry=9.422 residual=-3.185 
notional=10005.2USDT leverage=200x requested_margin=50.0000USDT 
strategy_equity=54.1268USDT sizing=TARGET_NOTIONAL spread=1.061 
DemoFeeReported=2.00104 signal_to_visible=PENDING IOCconfirm=677.0ms 
reconcile=ASYNC
DEMO POSITION VISIBLE LINK_USDT signal_to_visible=1357.9ms
MICRO POSITION LINK_USDT mark=-1.061bps MFE=+0.000 MAE=-1.061 
DemoNetMark=-5.064201USDT DemoNet=-5.062bps DemoMFE=+0.000 DemoMAE=-5.062 
TRAIL=OFF residual=+0.000bps B100=+0.000
MICRO EXIT LINK_USDT reason=binance_target_caught LIVEpnl=+7.433300USDT 
move=+7.429bps MFE=+7.429 MAE=-1.061 hold=3797ms DemoExit=9.415 
DemoGross=+7.433300 DemoNet=+3.432700 DemoFee=1.99956
MICRO SIGNAL LINK_USDT LONG residual=+2.124bps threshold=1.262 spread=1.062 
net=+0.862 B100=+2.124 M100=+0.000 Bage=49ms Mage=78ms DemoCross=5.0bps
DEMO ENTRY LINK_USDT LONG qty=1061.5 LIVEEntry=9.415 residual=+2.124 
notional=9994.02USDT leverage=200x requested_margin=50.0000USDT 
strategy_equity=57.5595USDT sizing=TARGET_NOTIONAL spread=1.062 
DemoFeeReported=1.9988 signal_to_visible=PENDING IOCconfirm=637.1ms 
reconcile=ASYNC
DEMO POSITION VISIBLE LINK_USDT signal_to_visible=1315.0ms
MICRO POSITION LINK_USDT mark=-1.062bps MFE=+0.000 MAE=-1.062 
DemoNetMark=-5.058897USDT DemoNet=-5.062bps DemoMFE=+0.000 DemoMAE=-5.062 
TRAIL=OFF residual=+0.000bps B100=+0.000
MICRO POSITION LINK_USDT mark=-1.062bps MFE=+0.000 MAE=-1.062 
DemoNetMark=-5.058897USDT DemoNet=-5.062bps DemoMFE=+0.000 DemoMAE=-5.062 
TRAIL=OFF residual=+0.000bps B100=+0.000
MICRO POSITION LINK_USDT mark=+1.062bps MFE=+1.062 MAE=-1.062 
DemoNetMark=-2.936321USDT DemoNet=-2.938bps DemoMFE=+0.000 DemoMAE=-5.062 
TRAIL=OFF residual=+0.000bps B100=+0.000
MICRO POSITION LINK_USDT mark=+1.062bps MFE=+1.062 MAE=-1.062 
DemoNetMark=-2.936321USDT DemoNet=-2.938bps DemoMFE=+0.000 DemoMAE=-5.062 
TRAIL=OFF residual=+0.000bps B100=+0.000
MICRO POSITION LINK_USDT mark=+1.062bps MFE=+1.062 MAE=-1.062 
DemoNetMark=-2.936321USDT DemoNet=-2.938bps DemoMFE=+0.000 DemoMAE=-5.062 
TRAIL=OFF residual=+0.000bps B100=+0.000
MICRO POSITION LINK_USDT mark=-1.062bps MFE=+1.062 MAE=-1.062 
DemoNetMark=-5.058897USDT DemoNet=-5.062bps DemoMFE=+0.000 DemoMAE=-5.062 
TRAIL=OFF residual=+0.000bps B100=+0.000
MICRO POSITION LINK_USDT mark=-1.062bps MFE=+1.062 MAE=-1.062 
DemoNetMark=-5.058897USDT DemoNet=-5.062bps DemoMFE=+0.000 DemoMAE=-5.062 
TRAIL=OFF residual=+0.000bps B100=+0.000
MICRO EXIT LINK_USDT reason=demo_adverse_cut LIVEpnl=-2.123000USDT 
move=-2.124bps MFE=+1.062 MAE=-2.124 hold=14550ms DemoExit=9.413 
DemoGross=-2.123000 DemoNet=-6.120100 DemoFee=1.9983
MICRO HEARTBEAT state=watching symbols=3 signal_source=demo books=3 
demo_books=3 Bquotes=15193 Mdepth=0 Ddepth=824 above_floor=0 
max_residual=0.000bps candidates=0 fee_age=0ms
MICRO HEARTBEAT state=watching symbols=3 signal_source=demo books=3 
demo_books=3 Bquotes=15262 Mdepth=0 Ddepth=838 above_floor=0 
max_residual=0.000bps candidates=0 fee_age=1375ms
MICRO HEARTBEAT state=watching symbols=3 signal_source=demo books=3 
demo_books=3 Bquotes=15344 Mdepth=0 Ddepth=861 above_floor=0 
max_residual=0.000bps candidates=0 fee_age=3381ms
MICRO HEARTBEAT state=watching symbols=3 signal_source=demo books=3 
demo_books=3 Bquotes=15435 Mdepth=0 Ddepth=881 above_floor=0 
max_residual=0.000bps candidates=0 fee_age=322ms
MICRO HEARTBEAT state=watching symbols=3 signal_source=demo books=3 
demo_books=3 Bquotes=15701 Mdepth=0 Ddepth=901 above_floor=0 
max_residual=0.000bps candidates=0 fee_age=2323ms
MICRO HEARTBEAT state=watching symbols=3 signal_source=demo books=3 
demo_books=3 Bquotes=15988 Mdepth=0 Ddepth=928 above_floor=0 
max_residual=0.000bps candidates=0 fee_age=0ms
MICRO HEARTBEAT state=watching symbols=3 signal_source=demo books=3 
demo_books=3 Bquotes=16217 Mdepth=0 Ddepth=947 above_floor=0 
max_residual=0.000bps candidates=0 fee_age=2012ms
MICRO HEARTBEAT state=watching symbols=3 signal_source=demo books=3 
demo_books=3 Bquotes=16422 Mdepth=0 Ddepth=968 above_floor=0 
max_residual=0.000bps candidates=0 fee_age=4019ms
MICRO HEARTBEAT state=watching symbols=3 signal_source=demo books=3 
demo_books=3 Bquotes=16692 Mdepth=0 Ddepth=986 above_floor=0 
max_residual=0.000bps candidates=0 fee_age=1047ms
MICRO HEARTBEAT state=watching symbols=3 signal_source=demo books=3 
demo_books=3 Bquotes=16959 Mdepth=0 Ddepth=1011 above_floor=0 
max_residual=0.000bps candidates=0 fee_age=3088ms
MICRO HEARTBEAT state=watching symbols=3 signal_source=demo books=3 
demo_books=3 Bquotes=17180 Mdepth=0 Ddepth=1037 above_floor=0 
max_residual=0.000bps candidates=0 fee_age=0ms
MICRO HEARTBEAT state=watching symbols=3 signal_source=demo books=3 
demo_books=3 Bquotes=17485 Mdepth=0 Ddepth=1055 above_floor=0 
max_residual=0.000bps candidates=0 fee_age=2002ms
MICRO HEARTBEAT state=watching symbols=3 signal_source=demo books=3 
demo_books=3 Bquotes=17828 Mdepth=0 Ddepth=1079 above_floor=0 
max_residual=0.000bps candidates=0 fee_age=0ms
MICRO HEARTBEAT state=watching symbols=3 signal_source=demo books=3 
demo_books=3 Bquotes=18202 Mdepth=0 Ddepth=1098 above_floor=0 
max_residual=0.000bps candidates=0 fee_age=2005ms
MICRO HEARTBEAT state=watching symbols=3 signal_source=demo books=3 
demo_books=3 Bquotes=18387 Mdepth=0 Ddepth=1121 above_floor=0 
max_residual=0.000bps candidates=0 fee_age=4044ms
MICRO HEARTBEAT state=watching symbols=3 signal_source=demo books=3 
demo_books=3 Bquotes=18493 Mdepth=0 Ddepth=1139 above_floor=0 
max_residual=0.000bps candidates=0 fee_age=1010ms
MICRO HEARTBEAT state=watching symbols=3 signal_source=demo books=3 
demo_books=3 Bquotes=18770 Mdepth=0 Ddepth=1159 above_floor=0 
max_residual=0.000bps candidates=0 fee_age=3047ms
MICRO HEARTBEAT state=watching symbols=3 signal_source=demo books=3 
demo_books=3 Bquotes=19181 Mdepth=0 Ddepth=1180 above_floor=0 
max_residual=0.000bps candidates=0 fee_age=103ms
MICRO HEARTBEAT state=watching symbols=3 signal_source=demo books=3 
demo_books=3 Bquotes=19299 Mdepth=0 Ddepth=1199 above_floor=0 
max_residual=0.000bps candidates=0 fee_age=2132ms
MICRO HEARTBEAT state=watching symbols=3 signal_source=demo books=3 
demo_books=3 Bquotes=19981 Mdepth=0 Ddepth=1223 above_floor=0 
max_residual=0.000bps candidates=0 fee_age=4155ms
MICRO HEARTBEAT state=watching symbols=3 signal_source=demo books=3 
demo_books=3 Bquotes=20676 Mdepth=0 Ddepth=1242 above_floor=0 
max_residual=0.000bps candidates=0 fee_age=1181ms
MICRO HEARTBEAT state=watching symbols=3 signal_source=demo books=3 
demo_books=3 Bquotes=20789 Mdepth=0 Ddepth=1259 above_floor=0 
max_residual=0.000bps candidates=0 fee_age=3186ms
MICRO HEARTBEAT state=watching symbols=3 signal_source=demo books=3 
demo_books=3 Bquotes=21102 Mdepth=0 Ddepth=1278 above_floor=0 
max_residual=0.000bps candidates=0 fee_age=191ms
MICRO HEARTBEAT state=watching symbols=3 signal_source=demo books=3 
demo_books=3 Bquotes=21280 Mdepth=0 Ddepth=1300 above_floor=0 
max_residual=0.000bps candidates=0 fee_age=2223ms
MICRO SIGNAL LINK_USDT SHORT residual=-1.591bps threshold=1.260 spread=1.060 
net=+0.330 B100=-1.591 M100=+0.000 Bage=1ms Mage=1275ms DemoCross=5.0bps
MICRO HEARTBEAT state=watching symbols=3 signal_source=demo books=3 
demo_books=3 Bquotes=22937 Mdepth=0 Ddepth=1402 above_floor=0 
max_residual=0.000bps candidates=0 fee_age=0ms
MICRO HEARTBEAT state=watching symbols=3 signal_source=demo books=3 
demo_books=3 Bquotes=23083 Mdepth=0 Ddepth=1414 above_floor=0 
max_residual=0.000bps candidates=0 fee_age=1395ms
MICRO HEARTBEAT state=watching symbols=3 signal_source=demo books=3 
demo_books=3 Bquotes=23299 Mdepth=0 Ddepth=1431 above_floor=0 
max_residual=0.000bps candidates=0 fee_age=3399ms
MICRO HEARTBEAT state=watching symbols=3 signal_source=demo books=3 
demo_books=3 Bquotes=23462 Mdepth=0 Ddepth=1453 above_floor=0 
max_residual=0.000bps candidates=0 fee_age=403ms
MICRO HEARTBEAT state=watching symbols=3 signal_source=demo books=3 
demo_books=3 Bquotes=23530 Mdepth=0 Ddepth=1470 above_floor=0 
max_residual=0.000bps candidates=0 fee_age=2431ms
MICRO HEARTBEAT state=watching symbols=3 signal_source=demo books=3 
demo_books=3 Bquotes=23677 Mdepth=0 Ddepth=1495 above_floor=0 
max_residual=0.000bps candidates=0 fee_age=0ms
MICRO SIGNAL LINK_USDT LONG residual=+2.122bps threshold=1.261 spread=1.061 
net=+0.861 B100=+2.122 M100=+0.000 Bage=1ms Mage=1122ms DemoCross=5.0bps
MICRO HEARTBEAT state=watching symbols=3 signal_source=demo books=3 
demo_books=3 Bquotes=24741 Mdepth=0 Ddepth=1606 above_floor=0 
max_residual=0.000bps candidates=0 fee_age=0ms
MICRO HEARTBEAT state=watching symbols=3 signal_source=demo books=3 
demo_books=3 Bquotes=24776 Mdepth=0 Ddepth=1617 above_floor=0 
max_residual=0.000bps candidates=0 fee_age=957ms
MICRO HEARTBEAT state=watching symbols=3 signal_source=demo books=3 
demo_books=3 Bquotes=24838 Mdepth=0 Ddepth=1634 above_floor=0 
max_residual=0.000bps candidates=0 fee_age=2968ms
MICRO SIGNAL LINK_USDT SHORT residual=-2.124bps threshold=1.262 spread=1.062 
net=+0.862 B100=-2.124 M100=+0.000 Bage=1ms Mage=1135ms DemoCross=5.0bps
DEMO ENTRY LINK_USDT SHORT qty=1062.4 LIVEEntry=9.417 residual=-2.124 
notional=10004.6USDT leverage=200x requested_margin=50.0000USDT 
strategy_equity=51.4394USDT sizing=TARGET_NOTIONAL spread=1.062 
DemoFeeReported=2.00092 signal_to_visible=PENDING IOCconfirm=601.6ms 
reconcile=ASYNC
MICRO POSITION LINK_USDT mark=-1.062bps MFE=+0.000 MAE=-1.062 
DemoNetMark=-5.064461USDT DemoNet=-5.062bps DemoMFE=+0.000 DemoMAE=-5.062 
TRAIL=OFF residual=+0.000bps B100=+0.000
DEMO POSITION VISIBLE LINK_USDT signal_to_visible=974.6ms
MICRO POSITION LINK_USDT mark=-1.062bps MFE=+0.000 MAE=-1.062 
DemoNetMark=-5.064461USDT DemoNet=-5.062bps DemoMFE=+0.000 DemoMAE=-5.062 
TRAIL=OFF residual=+0.000bps B100=+0.000
MICRO EXIT LINK_USDT reason=binance_target_caught LIVEpnl=+5.312000USDT 
move=+5.310bps MFE=+5.310 MAE=-1.062 hold=3843ms DemoExit=9.412 
DemoGross=+5.312000 DemoNet=+1.311300 DemoFee=1.99978
MICRO HEARTBEAT state=watching symbols=3 signal_source=demo books=3 
demo_books=3 Bquotes=25575 Mdepth=0 Ddepth=1707 above_floor=0 
max_residual=0.000bps candidates=0 fee_age=0ms
MICRO HEARTBEAT state=watching symbols=3 signal_source=demo books=3 
demo_books=3 Bquotes=25981 Mdepth=0 Ddepth=1722 above_floor=0 
max_residual=0.000bps candidates=0 fee_age=1382ms
MICRO HEARTBEAT state=watching symbols=3 signal_source=demo books=3 
demo_books=3 Bquotes=26097 Mdepth=0 Ddepth=1741 above_floor=0 
max_residual=0.000bps candidates=0 fee_age=3411ms
MICRO HEARTBEAT state=watching symbols=3 signal_source=demo books=3 
demo_books=3 Bquotes=26186 Mdepth=0 Ddepth=1756 above_floor=0 
max_residual=0.000bps candidates=0 fee_age=303ms
MICRO HEARTBEAT state=watching symbols=3 signal_source=demo books=3 
demo_books=3 Bquotes=26342 Mdepth=0 Ddepth=1775 above_floor=0 
max_residual=0.000bps candidates=0 fee_age=2307ms
MICRO HEARTBEAT state=watching symbols=3 signal_source=demo books=3 
demo_books=3 Bquotes=26638 Mdepth=0 Ddepth=1804 above_floor=0 
max_residual=0.000bps candidates=0 fee_age=0ms
MICRO HEARTBEAT state=watching symbols=3 signal_source=demo books=3 
demo_books=3 Bquotes=26688 Mdepth=0 Ddepth=1814 above_floor=0 
max_residual=0.000bps candidates=0 fee_age=1179ms
MICRO HEARTBEAT state=watching symbols=3 signal_source=demo books=3 
demo_books=3 Bquotes=26920 Mdepth=0 Ddepth=1831 above_floor=0 
max_residual=0.000bps candidates=0 fee_age=3182ms
MICRO HEARTBEAT state=watching symbols=3 signal_source=demo books=3 
demo_books=3 Bquotes=27032 Mdepth=0 Ddepth=1849 above_floor=0 
max_residual=0.000bps candidates=0 fee_age=330ms
MICRO HEARTBEAT state=watching symbols=3 signal_source=demo books=3 
demo_books=3 Bquotes=27209 Mdepth=0 Ddepth=1867 above_floor=0 
max_residual=0.000bps candidates=0 fee_age=2382ms
MICRO HEARTBEAT state=watching symbols=3 signal_source=demo books=3 
demo_books=3 Bquotes=27385 Mdepth=0 Ddepth=1893 above_floor=0 
max_residual=0.000bps candidates=0 fee_age=0ms
MICRO HEARTBEAT state=watching symbols=3 signal_source=demo books=3 
demo_books=3 Bquotes=27495 Mdepth=0 Ddepth=1912 above_floor=0 
max_residual=0.000bps candidates=0 fee_age=2005ms
MICRO HEARTBEAT state=watching symbols=3 signal_source=demo books=3 
demo_books=3 Bquotes=27563 Mdepth=0 Ddepth=1927 above_floor=0 
max_residual=0.000bps candidates=0 fee_age=4016ms
MICRO HEARTBEAT state=watching symbols=3 signal_source=demo books=3 
demo_books=3 Bquotes=27636 Mdepth=0 Ddepth=1948 above_floor=0 
max_residual=0.000bps candidates=0 fee_age=998ms
MICRO HEARTBEAT state=watching symbols=3 signal_source=demo books=3 
demo_books=3 Bquotes=27752 Mdepth=0 Ddepth=1966 above_floor=0 
max_residual=0.000bps candidates=0 fee_age=3014ms
MICRO HEARTBEAT state=watching symbols=3 signal_source=demo books=3 
demo_books=3 Bquotes=27900 Mdepth=0 Ddepth=1989 above_floor=0 
max_residual=0.000bps candidates=0 fee_age=39ms
MICRO HEARTBEAT state=watching symbols=3 signal_source=demo books=3 
demo_books=3 Bquotes=28025 Mdepth=0 Ddepth=2005 above_floor=0 
max_residual=0.000bps candidates=0 fee_age=2062ms
MICRO HEARTBEAT state=watching symbols=3 signal_source=demo books=3 
demo_books=3 Bquotes=28329 Mdepth=0 Ddepth=2029 above_floor=0 
max_residual=0.000bps candidates=0 fee_age=4081ms
MICRO HEARTBEAT state=watching symbols=3 signal_source=demo books=3 
demo_books=3 Bquotes=28430 Mdepth=0 Ddepth=2048 above_floor=0 
max_residual=0.000bps candidates=0 fee_age=1073ms
MICRO HEARTBEAT state=watching symbols=3 signal_source=demo books=3 
demo_books=3 Bquotes=28555 Mdepth=0 Ddepth=2066 above_floor=0 
max_residual=0.000bps candidates=0 fee_age=3076ms
MICRO HEARTBEAT state=watching symbols=3 signal_source=demo books=3 
demo_books=3 Bquotes=28809 Mdepth=0 Ddepth=2081 above_floor=0 
max_residual=0.000bps candidates=0 fee_age=0ms
MICRO HEARTBEAT state=watching symbols=3 signal_source=demo books=3 
demo_books=3 Bquotes=28871 Mdepth=0 Ddepth=2099 above_floor=0 
max_residual=0.000bps candidates=0 fee_age=2032ms
MICRO HEARTBEAT state=watching symbols=3 signal_source=demo books=3 
demo_books=3 Bquotes=29019 Mdepth=0 Ddepth=2117 above_floor=0 
max_residual=0.000bps candidates=0 fee_age=4066ms
MICRO HEARTBEAT state=watching symbols=3 signal_source=demo books=3 
demo_books=3 Bquotes=29412 Mdepth=0 Ddepth=2139 above_floor=0 
max_residual=0.000bps candidates=0 fee_age=1180ms
MICRO HEARTBEAT state=watching symbols=3 signal_source=demo books=3 
demo_books=3 Bquotes=29526 Mdepth=0 Ddepth=2154 above_floor=0 
max_residual=0.000bps candidates=0 fee_age=3202ms
MICRO HEARTBEAT state=watching symbols=3 signal_source=demo books=3 
demo_books=3 Bquotes=29730 Mdepth=0 Ddepth=2173 above_floor=0 
max_residual=0.000bps candidates=0 fee_age=210ms
MICRO HEARTBEAT state=watching symbols=3 signal_source=demo books=3 
demo_books=3 Bquotes=29876 Mdepth=0 Ddepth=2193 above_floor=0 
max_residual=0.000bps candidates=0 fee_age=2229ms
MICRO HEARTBEAT state=watching symbols=3 signal_source=demo books=3 
demo_books=3 Bquotes=29946 Mdepth=0 Ddepth=2209 above_floor=0 
max_residual=0.000bps candidates=0 fee_age=4252ms
MICRO HEARTBEAT state=watching symbols=3 signal_source=demo books=3 
demo_books=3 Bquotes=30020 Mdepth=0 Ddepth=2228 above_floor=0 
max_residual=0.000bps candidates=0 fee_age=1283ms
MICRO HEARTBEAT state=watching symbols=3 signal_source=demo books=3 
demo_books=3 Bquotes=30151 Mdepth=0 Ddepth=2246 above_floor=0 
max_residual=0.000bps candidates=0 fee_age=3323ms
MICRO HEARTBEAT state=watching symbols=3 signal_source=demo books=3 
demo_books=3 Bquotes=30252 Mdepth=0 Ddepth=2267 above_floor=0 
max_residual=0.000bps candidates=0 fee_age=361ms
MICRO HEARTBEAT state=watching symbols=3 signal_source=demo books=3 
demo_books=3 Bquotes=30393 Mdepth=0 Ddepth=2288 above_floor=0 
max_residual=0.000bps candidates=0 fee_age=2401ms
MICRO HEARTBEAT state=watching symbols=3 signal_source=demo books=3 
demo_books=3 Bquotes=30600 Mdepth=0 Ddepth=2310 above_floor=0 
max_residual=0.000bps candidates=0 fee_age=0ms
MICRO HEARTBEAT state=watching symbols=3 signal_source=demo books=3 
demo_books=3 Bquotes=30883 Mdepth=0 Ddepth=2331 above_floor=0 
max_residual=0.000bps candidates=0 fee_age=2006ms
MICRO SIGNAL LINK_USDT LONG residual=+2.128bps threshold=1.264 spread=1.064 
net=+0.864 B100=+2.128 M100=+0.000 Bage=0ms Mage=1763ms DemoCross=5.0bps
MICRO HEARTBEAT state=watching symbols=3 signal_source=demo books=3 
demo_books=3 Bquotes=32194 Mdepth=0 Ddepth=2453 above_floor=0 
max_residual=0.000bps candidates=0 fee_age=0ms
MICRO HEARTBEAT state=watching symbols=3 signal_source=demo books=3 
demo_books=3 Bquotes=32392 Mdepth=0 Ddepth=2462 above_floor=0 
max_residual=0.000bps candidates=0 fee_age=916ms
MICRO HEARTBEAT state=watching symbols=3 signal_source=demo books=3 
demo_books=3 Bquotes=32602 Mdepth=0 Ddepth=2481 above_floor=0 
max_residual=0.000bps candidates=0 fee_age=2922ms
MICRO HEARTBEAT state=watching symbols=3 signal_source=demo books=3 
demo_books=3 Bquotes=32835 Mdepth=0 Ddepth=2498 above_floor=1 
max_residual=1.063bps candidates=0 fee_age=1ms
MICRO HEARTBEAT state=watching symbols=3 signal_source=demo books=3 
demo_books=3 Bquotes=33181 Mdepth=0 Ddepth=2514 above_floor=0 
max_residual=0.000bps candidates=0 fee_age=2022ms
MICRO HEARTBEAT state=watching symbols=3 signal_source=demo books=3 
demo_books=3 Bquotes=33374 Mdepth=0 Ddepth=2541 above_floor=0 
max_residual=0.000bps candidates=0 fee_age=0ms
MICRO HEARTBEAT state=watching symbols=3 signal_source=demo books=3 
demo_books=3 Bquotes=33466 Mdepth=0 Ddepth=2559 above_floor=0 
max_residual=0.000bps candidates=0 fee_age=2008ms
MICRO HEARTBEAT state=watching symbols=3 signal_source=demo books=3 
demo_books=3 Bquotes=33684 Mdepth=0 Ddepth=2578 above_floor=0 
max_residual=0.000bps candidates=0 fee_age=4013ms
MICRO HEARTBEAT state=watching symbols=3 signal_source=demo books=3 
demo_books=3 Bquotes=33815 Mdepth=0 Ddepth=2596 above_floor=0 
max_residual=0.000bps candidates=0 fee_age=989ms
MICRO HEARTBEAT state=watching symbols=3 signal_source=demo books=3 
demo_books=3 Bquotes=33978 Mdepth=0 Ddepth=2614 above_floor=0 
max_residual=0.000bps candidates=0 fee_age=3044ms
MICRO HEARTBEAT state=watching symbols=3 signal_source=demo books=3 
demo_books=3 Bquotes=34108 Mdepth=0 Ddepth=2634 above_floor=0 
max_residual=0.000bps candidates=0 fee_age=54ms
MICRO HEARTBEAT state=watching symbols=3 signal_source=demo books=3 
demo_books=3 Bquotes=34317 Mdepth=0 Ddepth=2652 above_floor=0 
max_residual=0.000bps candidates=0 fee_age=2086ms
MICRO HEARTBEAT state=watching symbols=3 signal_source=demo books=3 
demo_books=3 Bquotes=34498 Mdepth=0 Ddepth=2668 above_floor=0 
max_residual=0.000bps candidates=0 fee_age=4087ms
MICRO HEARTBEAT state=watching symbols=3 signal_source=demo books=3 
demo_books=3 Bquotes=34609 Mdepth=0 Ddepth=2685 above_floor=0 
max_residual=0.000bps candidates=0 fee_age=1061ms
MICRO HEARTBEAT state=watching symbols=3 signal_source=demo books=3 
demo_books=3 Bquotes=34721 Mdepth=0 Ddepth=2703 above_floor=0 
max_residual=0.000bps candidates=0 fee_age=3062ms
MICRO HEARTBEAT state=watching symbols=3 signal_source=demo books=3 
demo_books=3 Bquotes=34951 Mdepth=0 Ddepth=2724 above_floor=0 
max_residual=0.000bps candidates=0 fee_age=87ms
MICRO HEARTBEAT state=watching symbols=3 signal_source=demo books=3 
demo_books=3 Bquotes=35052 Mdepth=0 Ddepth=2739 above_floor=0 
max_residual=0.000bps candidates=0 fee_age=2120ms
MICRO SIGNAL XRP_USDT LONG residual=+1.997bps threshold=1.199 spread=0.999 
net=+0.798 B100=+1.997 M100=+0.000 Bage=1ms Mage=5ms DemoCross=5.0bps
DEMO ENTRY XRP_USDT LONG qty=9980 LIVEEntry=1.0014 residual=+1.997 
notional=9993.97USDT leverage=200x requested_margin=50.0000USDT 
strategy_equity=52.7507USDT sizing=TARGET_NOTIONAL spread=0.999 
DemoFeeReported=1.99879 signal_to_visible=PENDING IOCconfirm=640.4ms 
reconcile=ASYNC
MICRO POSITION XRP_USDT mark=-0.999bps MFE=+0.000 MAE=-0.999 
DemoNetMark=-4.995389USDT DemoNet=-4.998bps DemoMFE=+0.000 DemoMAE=-4.998 
TRAIL=OFF residual=+0.000bps B100=+0.000
DEMO POSITION VISIBLE XRP_USDT signal_to_visible=1645.1ms
MICRO POSITION XRP_USDT mark=-0.999bps MFE=+0.000 MAE=-0.999 
DemoNetMark=-4.995389USDT DemoNet=-4.998bps DemoMFE=+0.000 DemoMAE=-4.998 
TRAIL=OFF residual=+0.000bps B100=+0.000
MICRO POSITION XRP_USDT mark=+0.999bps MFE=+0.999 MAE=-0.999 
DemoNetMark=-2.999788USDT DemoNet=-3.002bps DemoMFE=+0.000 DemoMAE=-4.998 
TRAIL=OFF residual=+0.000bps B100=+0.000
MICRO POSITION XRP_USDT mark=+0.999bps MFE=+0.999 MAE=-0.999 
DemoNetMark=-2.999788USDT DemoNet=-3.002bps DemoMFE=+0.000 DemoMAE=-4.998 
TRAIL=OFF residual=+0.000bps B100=+0.000
MICRO POSITION XRP_USDT mark=+0.999bps MFE=+0.999 MAE=-0.999 
DemoNetMark=-2.999788USDT DemoNet=-3.002bps DemoMFE=+0.000 DemoMAE=-4.998 
TRAIL=OFF residual=+0.000bps B100=+0.000
MICRO POSITION XRP_USDT mark=+0.999bps MFE=+0.999 MAE=-0.999 
DemoNetMark=-2.999788USDT DemoNet=-3.002bps DemoMFE=+0.000 DemoMAE=-4.998 
TRAIL=OFF residual=+0.000bps B100=+0.000
MICRO POSITION XRP_USDT mark=+0.999bps MFE=+0.999 MAE=-0.999 
DemoNetMark=-2.999788USDT DemoNet=-3.002bps DemoMFE=+0.000 DemoMAE=-4.998 
TRAIL=OFF residual=+0.000bps B100=+0.000
MICRO POSITION XRP_USDT mark=+0.999bps MFE=+0.999 MAE=-0.999 
DemoNetMark=-2.999788USDT DemoNet=-3.002bps DemoMFE=+0.000 DemoMAE=-4.998 
TRAIL=OFF residual=+0.000bps B100=+0.000
MICRO POSITION XRP_USDT mark=+0.999bps MFE=+0.999 MAE=-0.999 
DemoNetMark=-2.999788USDT DemoNet=-3.002bps DemoMFE=+0.000 DemoMAE=-4.998 
TRAIL=OFF residual=+0.000bps B100=+0.000
MICRO POSITION XRP_USDT mark=+0.999bps MFE=+0.999 MAE=-0.999 
DemoNetMark=-2.999788USDT DemoNet=-3.002bps DemoMFE=+0.000 DemoMAE=-4.998 
TRAIL=OFF residual=+0.000bps B100=+0.000
MICRO POSITION XRP_USDT mark=+0.999bps MFE=+0.999 MAE=-0.999 
DemoNetMark=-2.999788USDT DemoNet=-3.002bps DemoMFE=+0.000 DemoMAE=-4.998 
TRAIL=OFF residual=+0.000bps B100=+0.000
MICRO POSITION XRP_USDT mark=+0.999bps MFE=+0.999 MAE=-0.999 
DemoNetMark=-2.999788USDT DemoNet=-3.002bps DemoMFE=+0.000 DemoMAE=-4.998 
TRAIL=OFF residual=+0.000bps B100=+0.000
MICRO POSITION XRP_USDT mark=+0.999bps MFE=+0.999 MAE=-0.999 
DemoNetMark=-2.999788USDT DemoNet=-3.002bps DemoMFE=+0.000 DemoMAE=-4.998 
TRAIL=OFF residual=+0.000bps B100=+0.000
MICRO POSITION XRP_USDT mark=-0.999bps MFE=+0.999 MAE=-0.999 
DemoNetMark=-4.995389USDT DemoNet=-4.998bps DemoMFE=+0.000 DemoMAE=-4.998 
TRAIL=OFF residual=+0.000bps B100=+0.000
MICRO POSITION XRP_USDT mark=-0.999bps MFE=+0.999 MAE=-0.999 
DemoNetMark=-4.995389USDT DemoNet=-4.998bps DemoMFE=+0.000 DemoMAE=-4.998 
TRAIL=OFF residual=+0.000bps B100=+0.000
MICRO POSITION XRP_USDT mark=-0.999bps MFE=+0.999 MAE=-0.999 
DemoNetMark=-4.995389USDT DemoNet=-4.998bps DemoMFE=+0.000 DemoMAE=-4.998 
TRAIL=OFF residual=+0.000bps B100=+0.000
MICRO POSITION XRP_USDT mark=-0.999bps MFE=+0.999 MAE=-0.999 
DemoNetMark=-4.995389USDT DemoNet=-4.998bps DemoMFE=+0.000 DemoMAE=-4.998 
TRAIL=OFF residual=+0.000bps B100=+0.000
MICRO POSITION XRP_USDT mark=-0.999bps MFE=+0.999 MAE=-0.999 
DemoNetMark=-4.995389USDT DemoNet=-4.998bps DemoMFE=+0.000 DemoMAE=-4.998 
TRAIL=OFF residual=+0.000bps B100=+0.000
MICRO POSITION XRP_USDT mark=-0.999bps MFE=+0.999 MAE=-0.999 
DemoNetMark=-4.995389USDT DemoNet=-4.998bps DemoMFE=+0.000 DemoMAE=-4.998 
TRAIL=OFF residual=+0.000bps B100=+0.000
MICRO POSITION XRP_USDT mark=-0.999bps MFE=+0.999 MAE=-0.999 
DemoNetMark=-4.995389USDT DemoNet=-4.998bps DemoMFE=+0.000 DemoMAE=-4.998 
TRAIL=OFF residual=+0.000bps B100=+0.000
MICRO POSITION XRP_USDT mark=-0.999bps MFE=+0.999 MAE=-0.999 
DemoNetMark=-4.995389USDT DemoNet=-4.998bps DemoMFE=+0.000 DemoMAE=-4.998 
TRAIL=OFF residual=+0.000bps B100=+0.000
MICRO POSITION XRP_USDT mark=-0.999bps MFE=+0.999 MAE=-0.999 
DemoNetMark=-4.995389USDT DemoNet=-4.998bps DemoMFE=+0.000 DemoMAE=-4.998 
TRAIL=OFF residual=+0.000bps B100=+0.000
MICRO POSITION XRP_USDT mark=-0.999bps MFE=+0.999 MAE=-0.999 
DemoNetMark=-4.995389USDT DemoNet=-4.998bps DemoMFE=+0.000 DemoMAE=-4.998 
TRAIL=OFF residual=+0.000bps B100=+0.000
MICRO POSITION XRP_USDT mark=-0.999bps MFE=+0.999 MAE=-0.999 
DemoNetMark=-4.995389USDT DemoNet=-4.998bps DemoMFE=+0.000 DemoMAE=-4.998 
TRAIL=OFF residual=+0.000bps B100=+0.000
MICRO POSITION XRP_USDT mark=-0.999bps MFE=+0.999 MAE=-0.999 
DemoNetMark=-4.995389USDT DemoNet=-4.998bps DemoMFE=+0.000 DemoMAE=-4.998 
TRAIL=OFF residual=+0.000bps B100=+0.000
MICRO POSITION XRP_USDT mark=-0.999bps MFE=+0.999 MAE=-0.999 
DemoNetMark=-4.995389USDT DemoNet=-4.998bps DemoMFE=+0.000 DemoMAE=-4.998 
TRAIL=OFF residual=+0.999bps B100=+0.999
MICRO POSITION XRP_USDT mark=+0.000bps MFE=+0.999 MAE=-0.999 
DemoNetMark=-3.997589USDT DemoNet=-4.000bps DemoMFE=+0.000 DemoMAE=-4.998 
TRAIL=OFF residual=+0.000bps B100=+0.000
MICRO POSITION XRP_USDT mark=+0.000bps MFE=+0.999 MAE=-0.999 
DemoNetMark=-3.997589USDT DemoNet=-4.000bps DemoMFE=+0.000 DemoMAE=-4.998 
TRAIL=OFF residual=+0.000bps B100=+0.000
MICRO POSITION XRP_USDT mark=+0.000bps MFE=+0.999 MAE=-0.999 
DemoNetMark=-3.997589USDT DemoNet=-4.000bps DemoMFE=+0.000 DemoMAE=-4.998 
TRAIL=OFF residual=+0.000bps B100=+0.000
MICRO POSITION XRP_USDT mark=+0.000bps MFE=+0.999 MAE=-0.999 
DemoNetMark=-3.997589USDT DemoNet=-4.000bps DemoMFE=+0.000 DemoMAE=-4.998 
TRAIL=OFF residual=+0.000bps B100=+0.000
MICRO EXIT XRP_USDT reason=microspread_timeout LIVEpnl=+0.000000USDT 
move=+0.000bps MFE=+0.999 MAE=-0.999 hold=60017ms DemoExit=1.0014 
DemoGross=+0.000000 DemoNet=-3.997500 DemoFee=1.99871
MICRO HEARTBEAT state=watching symbols=3 signal_source=demo books=3 
demo_books=3 Bquotes=43003 Mdepth=0 Ddepth=3108 above_floor=0 
max_residual=0.000bps candidates=0 fee_age=0ms
MICRO HEARTBEAT state=watching symbols=3 signal_source=demo books=3 
demo_books=3 Bquotes=43036 Mdepth=0 Ddepth=3108 above_floor=0 
max_residual=0.000bps candidates=0 fee_age=856ms
MICRO HEARTBEAT state=watching symbols=3 signal_source=demo books=3 
demo_books=3 Bquotes=43403 Mdepth=0 Ddepth=3108 above_floor=0 
max_residual=0.000bps candidates=0 fee_age=2887ms
MICRO HEARTBEAT state=watching symbols=3 signal_source=demo books=3 
demo_books=3 Bquotes=43553 Mdepth=0 Ddepth=3111 above_floor=0 
max_residual=0.000bps candidates=0 fee_age=392ms
MICRO SIGNAL LINK_USDT SHORT residual=-2.129bps threshold=1.265 spread=1.065 
net=+0.865 B100=-2.129 M100=+0.000 Bage=1ms Mage=827ms DemoCross=5.0bps
DEMO ENTRY LINK_USDT SHORT qty=1065.3 LIVEEntry=9.392 residual=-2.129 
notional=10005.3USDT leverage=200x requested_margin=50.0000USDT 
strategy_equity=48.7532USDT sizing=TARGET_NOTIONAL spread=1.065 
DemoFeeReported=0 signal_to_visible=5330.7ms IOCconfirm=1794.0ms 
reconcile=3520.6ms
MICRO POSITION LINK_USDT mark=+4.259bps MFE=+4.259 MAE=+0.000 
DemoNetMark=+2.260993USDT DemoNet=+2.260bps DemoMFE=+2.260 DemoMAE=+0.000 
TRAIL=+0.500bps residual=+0.000bps B100=+0.000
MICRO EXIT LINK_USDT reason=binance_target_caught LIVEpnl=+4.261200USDT 
move=+4.259bps MFE=+4.259 MAE=+0.000 hold=5348ms DemoExit=9.388 
DemoGross=+4.261200 DemoNet=+0.260000 DemoFee=4.0012
MICRO HEARTBEAT state=watching symbols=3 signal_source=demo books=3 
demo_books=3 Bquotes=44858 Mdepth=0 Ddepth=3176 above_floor=0 
max_residual=0.000bps candidates=0 fee_age=0ms
MICRO SIGNAL LINK_USDT LONG residual=+2.130bps threshold=1.265 spread=1.065 
net=+0.865 B100=+2.130 M100=+0.000 Bage=1ms Mage=1216ms DemoCross=5.0bps
DEMO ENTRY LINK_USDT LONG qty=1064.6 LIVEEntry=9.388 residual=+2.130 
notional=9994.46USDT leverage=200x requested_margin=50.0000USDT 
strategy_equity=49.0132USDT sizing=TARGET_NOTIONAL spread=1.065 
DemoFeeReported=0 signal_to_visible=5091.4ms IOCconfirm=1780.0ms 
reconcile=3303.3ms
MICRO POSITION LINK_USDT mark=-1.065bps MFE=+0.000 MAE=-1.065 
DemoNetMark=-1.998680USDT DemoNet=-2.000bps DemoMFE=+0.000 DemoMAE=-2.000 
TRAIL=OFF residual=+0.000bps B100=+0.000
MICRO POSITION LINK_USDT mark=-1.065bps MFE=+0.000 MAE=-1.065 
DemoNetMark=-1.998680USDT DemoNet=-2.000bps DemoMFE=+0.000 DemoMAE=-2.000 
TRAIL=OFF residual=+0.000bps B100=+0.000
MICRO POSITION LINK_USDT mark=-1.065bps MFE=+0.000 MAE=-1.065 
DemoNetMark=-1.998680USDT DemoNet=-2.000bps DemoMFE=+0.000 DemoMAE=-2.000 
TRAIL=OFF residual=+0.000bps B100=+0.000
MICRO POSITION LINK_USDT mark=-1.065bps MFE=+0.000 MAE=-1.065 
DemoNetMark=-1.998680USDT DemoNet=-2.000bps DemoMFE=+0.000 DemoMAE=-2.000 
TRAIL=OFF residual=+0.000bps B100=+0.000
MICRO POSITION LINK_USDT mark=-1.065bps MFE=+0.000 MAE=-1.065 
DemoNetMark=-1.998680USDT DemoNet=-2.000bps DemoMFE=+0.000 DemoMAE=-2.000 
TRAIL=OFF residual=+0.000bps B100=+0.000
MICRO POSITION LINK_USDT mark=-1.065bps MFE=+0.000 MAE=-1.065 
DemoNetMark=-1.998680USDT DemoNet=-2.000bps DemoMFE=+0.000 DemoMAE=-2.000 
TRAIL=OFF residual=+0.000bps B100=+0.000
MICRO POSITION LINK_USDT mark=-1.065bps MFE=+0.000 MAE=-1.065 
DemoNetMark=-1.998680USDT DemoNet=-2.000bps DemoMFE=+0.000 DemoMAE=-2.000 
TRAIL=OFF residual=+0.000bps B100=+0.000
MICRO POSITION LINK_USDT mark=-2.130bps MFE=+0.000 MAE=-2.130 
DemoNetMark=-3.063067USDT DemoNet=-3.065bps DemoMFE=+0.000 DemoMAE=-3.065 
TRAIL=OFF residual=+0.000bps B100=+0.000
MICRO POSITION LINK_USDT mark=+1.065bps MFE=+1.065 MAE=-2.130 
DemoNetMark=+0.130094USDT DemoNet=+0.130bps DemoMFE=+0.130 DemoMAE=-3.065 
TRAIL=OFF residual=+0.000bps B100=+0.000
MICRO POSITION LINK_USDT mark=+1.065bps MFE=+1.065 MAE=-2.130 
DemoNetMark=+0.130094USDT DemoNet=+0.130bps DemoMFE=+0.130 DemoMAE=-3.065 
TRAIL=OFF residual=+0.000bps B100=+0.000
MICRO POSITION LINK_USDT mark=+1.065bps MFE=+1.065 MAE=-2.130 
DemoNetMark=+0.130094USDT DemoNet=+0.130bps DemoMFE=+0.130 DemoMAE=-3.065 
TRAIL=OFF residual=+0.000bps B100=+0.000
MICRO POSITION LINK_USDT mark=+0.000bps MFE=+1.065 MAE=-2.130 
DemoNetMark=-0.934293USDT DemoNet=-0.935bps DemoMFE=+0.130 DemoMAE=-3.065 
TRAIL=OFF residual=+0.000bps B100=+0.000
MICRO POSITION LINK_USDT mark=+0.000bps MFE=+1.065 MAE=-2.130 
DemoNetMark=-0.934293USDT DemoNet=-0.935bps DemoMFE=+0.130 DemoMAE=-3.065 
TRAIL=OFF residual=+0.000bps B100=+0.000
MICRO POSITION LINK_USDT mark=-1.065bps MFE=+1.065 MAE=-2.130 
DemoNetMark=-1.998680USDT DemoNet=-2.000bps DemoMFE=+0.130 DemoMAE=-3.065 
TRAIL=OFF residual=+0.000bps B100=+0.000
MICRO POSITION LINK_USDT mark=-1.065bps MFE=+1.065 MAE=-2.130 
DemoNetMark=-1.998680USDT DemoNet=-2.000bps DemoMFE=+0.130 DemoMAE=-3.065 
TRAIL=OFF residual=+0.000bps B100=+0.000
MICRO POSITION LINK_USDT mark=-1.065bps MFE=+1.065 MAE=-2.130 
DemoNetMark=-1.998680USDT DemoNet=-2.000bps DemoMFE=+0.130 DemoMAE=-3.065 
TRAIL=OFF residual=+0.000bps B100=+0.000
MICRO POSITION LINK_USDT mark=-1.065bps MFE=+1.065 MAE=-2.130 
DemoNetMark=-1.998680USDT DemoNet=-2.000bps DemoMFE=+0.130 DemoMAE=-3.065 
TRAIL=OFF residual=+0.000bps B100=+0.000
MICRO POSITION LINK_USDT mark=-1.065bps MFE=+1.065 MAE=-2.130 
DemoNetMark=-1.998680USDT DemoNet=-2.000bps DemoMFE=+0.130 DemoMAE=-3.065 
TRAIL=OFF residual=+0.000bps B100=+0.000
MICRO POSITION LINK_USDT mark=+0.000bps MFE=+1.065 MAE=-2.130 
DemoNetMark=-0.934293USDT DemoNet=-0.935bps DemoMFE=+0.130 DemoMAE=-3.065 
TRAIL=OFF residual=+0.000bps B100=+0.000
MICRO POSITION LINK_USDT mark=+0.000bps MFE=+1.065 MAE=-2.130 
DemoNetMark=-0.934293USDT DemoNet=-0.935bps DemoMFE=+0.130 DemoMAE=-3.065 
TRAIL=OFF residual=+0.000bps B100=+0.000
MICRO POSITION LINK_USDT mark=+0.000bps MFE=+1.065 MAE=-2.130 
DemoNetMark=-0.934293USDT DemoNet=-0.935bps DemoMFE=+0.130 DemoMAE=-3.065 
TRAIL=OFF residual=+0.000bps B100=+0.000
MICRO POSITION LINK_USDT mark=-1.065bps MFE=+1.065 MAE=-2.130 
DemoNetMark=-1.998680USDT DemoNet=-2.000bps DemoMFE=+0.130 DemoMAE=-3.065 
TRAIL=OFF residual=+0.000bps B100=+0.000
MICRO POSITION LINK_USDT mark=-1.065bps MFE=+1.065 MAE=-2.130 
DemoNetMark=-1.998680USDT DemoNet=-2.000bps DemoMFE=+0.130 DemoMAE=-3.065 
TRAIL=OFF residual=+0.000bps B100=+0.000
MICRO POSITION LINK_USDT mark=-1.065bps MFE=+1.065 MAE=-2.130 
DemoNetMark=-1.998680USDT DemoNet=-2.000bps DemoMFE=+0.130 DemoMAE=-3.065 
TRAIL=OFF residual=+0.000bps B100=+0.000
MICRO POSITION LINK_USDT mark=-1.065bps MFE=+1.065 MAE=-2.130 
DemoNetMark=-1.998680USDT DemoNet=-2.000bps DemoMFE=+0.130 DemoMAE=-3.065 
TRAIL=OFF residual=+0.000bps B100=+0.000
MICRO POSITION LINK_USDT mark=-1.065bps MFE=+1.065 MAE=-2.130 
DemoNetMark=-1.998680USDT DemoNet=-2.000bps DemoMFE=+0.130 DemoMAE=-3.065 
TRAIL=OFF residual=+0.000bps B100=+0.000
MICRO POSITION LINK_USDT mark=-1.065bps MFE=+1.065 MAE=-2.130 
DemoNetMark=-1.998680USDT DemoNet=-2.000bps DemoMFE=+0.130 DemoMAE=-3.065 
TRAIL=OFF residual=+0.000bps B100=+0.000
MICRO EXIT LINK_USDT reason=microspread_timeout LIVEpnl=-1.064600USDT 
move=-1.065bps MFE=+1.065 MAE=-2.130 hold=60002ms DemoExit=9.387 
DemoGross=+0.000000 DemoNet=-3.997300 DemoFee=3.9973
MICRO HEARTBEAT state=watching symbols=3 signal_source=demo books=3 
demo_books=3 Bquotes=48797 Mdepth=0 Ddepth=3634 above_floor=0 
max_residual=0.000bps candidates=0 fee_age=0ms
MICRO HEARTBEAT state=watching symbols=3 signal_source=demo books=3 
demo_books=3 Bquotes=48895 Mdepth=0 Ddepth=3647 above_floor=0 
max_residual=0.000bps candidates=0 fee_age=1258ms
MICRO HEARTBEAT state=watching symbols=3 signal_source=demo books=3 
demo_books=3 Bquotes=49072 Mdepth=0 Ddepth=3666 above_floor=0 
max_residual=0.000bps candidates=0 fee_age=3294ms
MICRO HEARTBEAT state=watching symbols=3 signal_source=demo books=3 
demo_books=3 Bquotes=49420 Mdepth=0 Ddepth=3684 above_floor=0 
max_residual=0.000bps candidates=0 fee_age=313ms
MICRO HEARTBEAT state=watching symbols=3 signal_source=demo books=3 
demo_books=3 Bquotes=49501 Mdepth=0 Ddepth=3704 above_floor=0 
max_residual=0.000bps candidates=0 fee_age=2313ms
MICRO HEARTBEAT state=watching symbols=3 signal_source=demo books=3 
demo_books=3 Bquotes=49639 Mdepth=0 Ddepth=3728 above_floor=0 
max_residual=0.000bps candidates=0 fee_age=0ms
MICRO HEARTBEAT state=watching symbols=3 signal_source=demo books=3 
demo_books=3 Bquotes=49721 Mdepth=0 Ddepth=3751 above_floor=0 
max_residual=0.000bps candidates=0 fee_age=2025ms
MICRO HEARTBEAT state=watching symbols=3 signal_source=demo books=3 
demo_books=3 Bquotes=49839 Mdepth=0 Ddepth=3767 above_floor=0 
max_residual=0.000bps candidates=0 fee_age=4045ms
MICRO HEARTBEAT state=watching symbols=3 signal_source=demo books=3 
demo_books=3 Bquotes=49929 Mdepth=0 Ddepth=3787 above_floor=0 
max_residual=0.000bps candidates=0 fee_age=1067ms
MICRO HEARTBEAT state=watching symbols=3 signal_source=demo books=3 
demo_books=3 Bquotes=50217 Mdepth=0 Ddepth=3806 above_floor=0 
max_residual=0.000bps candidates=0 fee_age=3080ms
MICRO HEARTBEAT state=watching symbols=3 signal_source=demo books=3 
demo_books=3 Bquotes=50372 Mdepth=0 Ddepth=3823 above_floor=0 
max_residual=0.000bps candidates=0 fee_age=20ms
MICRO HEARTBEAT state=watching symbols=3 signal_source=demo books=3 
demo_books=3 Bquotes=50580 Mdepth=0 Ddepth=3842 above_floor=0 
max_residual=0.000bps candidates=0 fee_age=2040ms
MICRO HEARTBEAT state=watching symbols=3 signal_source=demo books=3 
demo_books=3 Bquotes=50709 Mdepth=0 Ddepth=3862 above_floor=0 
max_residual=0.000bps candidates=0 fee_age=4040ms
MICRO HEARTBEAT state=watching symbols=3 signal_source=demo books=3 
demo_books=3 Bquotes=50797 Mdepth=0 Ddepth=3877 above_floor=0 
max_residual=0.000bps candidates=0 fee_age=1060ms
MICRO HEARTBEAT state=watching symbols=3 signal_source=demo books=3 
demo_books=3 Bquotes=51039 Mdepth=0 Ddepth=3898 above_floor=0 
max_residual=0.000bps candidates=0 fee_age=3084ms
MICRO HEARTBEAT state=watching symbols=3 signal_source=demo books=3 
demo_books=3 Bquotes=51276 Mdepth=0 Ddepth=3913 above_floor=0 
max_residual=0.000bps candidates=0 fee_age=108ms
MICRO HEARTBEAT state=watching symbols=3 signal_source=demo books=3 
demo_books=3 Bquotes=51437 Mdepth=0 Ddepth=3931 above_floor=0 
max_residual=0.000bps candidates=0 fee_age=2124ms
MICRO HEARTBEAT state=watching symbols=3 signal_source=demo books=3 
demo_books=3 Bquotes=51558 Mdepth=0 Ddepth=3952 above_floor=0 
max_residual=0.000bps candidates=0 fee_age=4151ms
MICRO HEARTBEAT state=watching symbols=3 signal_source=demo books=3 
demo_books=3 Bquotes=51886 Mdepth=0 Ddepth=3969 above_floor=0 
max_residual=0.000bps candidates=0 fee_age=1087ms
MICRO HEARTBEAT state=watching symbols=3 signal_source=demo books=3 
demo_books=3 Bquotes=51976 Mdepth=0 Ddepth=3985 above_floor=0 
max_residual=0.000bps candidates=0 fee_age=3129ms
MICRO HEARTBEAT state=watching symbols=3 signal_source=demo books=3 
demo_books=3 Bquotes=52149 Mdepth=0 Ddepth=4006 above_floor=0 
max_residual=0.000bps candidates=0 fee_age=212ms
MICRO HEARTBEAT state=watching symbols=3 signal_source=demo books=3 
demo_books=3 Bquotes=52251 Mdepth=0 Ddepth=4023 above_floor=0 
max_residual=0.000bps candidates=0 fee_age=2216ms
MICRO HEARTBEAT state=watching symbols=3 signal_source=demo books=3 
demo_books=3 Bquotes=52391 Mdepth=0 Ddepth=4043 above_floor=0 
max_residual=0.000bps candidates=0 fee_age=4232ms
MICRO SIGNAL LINK_USDT SHORT residual=-2.128bps threshold=1.264 spread=1.064 
net=+0.864 B100=-2.128 M100=+0.000 Bage=4ms Mage=1747ms DemoCross=5.0bps
DEMO ENTRY LINK_USDT SHORT qty=1064.6 LIVEEntry=9.398 residual=-2.128 
notional=10005.1USDT leverage=200x requested_margin=50.0000USDT 
strategy_equity=45.0159USDT sizing=TARGET_NOTIONAL spread=1.064 
DemoFeeReported=2.00102 signal_to_visible=PENDING IOCconfirm=635.6ms 
reconcile=ASYNC
MICRO POSITION LINK_USDT mark=-1.064bps MFE=+0.000 MAE=-1.064 
DemoNetMark=-5.066857USDT DemoNet=-5.064bps DemoMFE=+0.000 DemoMAE=-5.064 
TRAIL=OFF residual=+0.000bps B100=+0.000
DEMO POSITION VISIBLE LINK_USDT signal_to_visible=995.6ms
MICRO POSITION LINK_USDT mark=-1.064bps MFE=+0.000 MAE=-1.064 
DemoNetMark=-5.066857USDT DemoNet=-5.064bps DemoMFE=+0.000 DemoMAE=-5.064 
TRAIL=OFF residual=+0.000bps B100=+0.000
MICRO POSITION LINK_USDT mark=-0.000bps MFE=+0.000 MAE=-1.064 
DemoNetMark=-4.002044USDT DemoNet=-4.000bps DemoMFE=+0.000 DemoMAE=-5.064 
TRAIL=OFF residual=+0.000bps B100=+0.000
MICRO POSITION LINK_USDT mark=-0.000bps MFE=+0.000 MAE=-1.064 
DemoNetMark=-4.002044USDT DemoNet=-4.000bps DemoMFE=+0.000 DemoMAE=-5.064 
TRAIL=OFF residual=+0.000bps B100=+0.000
MICRO EXIT LINK_USDT reason=demo_adverse_cut LIVEpnl=-3.193800USDT 
move=-3.192bps MFE=+0.000 MAE=-3.192 hold=8702ms DemoExit=9.401 
DemoGross=-3.193800 DemoNet=-7.196400 DemoFee=2.00158
MICRO HEARTBEAT state=watching symbols=3 signal_source=demo books=3 
demo_books=3 Bquotes=53618 Mdepth=0 Ddepth=4153 above_floor=0 
max_residual=0.000bps candidates=0 fee_age=0ms
MICRO HEARTBEAT state=watching symbols=3 signal_source=demo books=3 
demo_books=3 Bquotes=53717 Mdepth=0 Ddepth=4168 above_floor=0 
max_residual=0.000bps candidates=0 fee_age=1354ms
MICRO HEARTBEAT state=watching symbols=3 signal_source=demo books=3 
demo_books=3 Bquotes=53933 Mdepth=0 Ddepth=4185 above_floor=0 
max_residual=0.000bps candidates=0 fee_age=3377ms
MICRO HEARTBEAT state=watching symbols=3 signal_source=demo books=3 
demo_books=3 Bquotes=54567 Mdepth=0 Ddepth=4203 above_floor=0 
max_residual=0.998bps candidates=0 fee_age=0ms
MICRO HEARTBEAT state=watching symbols=3 signal_source=demo books=3 
demo_books=3 Bquotes=54740 Mdepth=0 Ddepth=4219 above_floor=0 
max_residual=0.000bps candidates=0 fee_age=2001ms
MICRO HEARTBEAT state=watching symbols=3 signal_source=demo books=3 
demo_books=3 Bquotes=54963 Mdepth=0 Ddepth=4244 above_floor=0 
max_residual=0.000bps candidates=0 fee_age=0ms
MICRO HEARTBEAT state=watching symbols=3 signal_source=demo books=3 
demo_books=3 Bquotes=55069 Mdepth=0 Ddepth=4262 above_floor=0 
max_residual=0.000bps candidates=0 fee_age=2004ms
MICRO HEARTBEAT state=watching symbols=3 signal_source=demo books=3 
demo_books=3 Bquotes=55183 Mdepth=0 Ddepth=4282 above_floor=0 
max_residual=0.000bps candidates=0 fee_age=4006ms
MICRO HEARTBEAT state=watching symbols=3 signal_source=demo books=3 
demo_books=3 Bquotes=55354 Mdepth=0 Ddepth=4301 above_floor=0 
max_residual=0.000bps candidates=0 fee_age=1004ms
MICRO HEARTBEAT state=watching symbols=3 signal_source=demo books=3 
demo_books=3 Bquotes=55440 Mdepth=0 Ddepth=4318 above_floor=0 
max_residual=0.000bps candidates=0 fee_age=3013ms
MICRO SIGNAL LINK_USDT LONG residual=+2.127bps threshold=1.264 spread=1.064 
net=+0.863 B100=+2.127 M100=+0.000 Bage=27ms Mage=594ms DemoCross=5.0bps
DEMO ENTRY LINK_USDT LONG qty=1062.9 LIVEEntry=9.403 residual=+2.127 
notional=9994.45USDT leverage=200x requested_margin=50.0000USDT 
strategy_equity=37.8195USDT sizing=TARGET_NOTIONAL spread=1.064 
DemoFeeReported=1.99889 signal_to_visible=PENDING IOCconfirm=642.9ms 
reconcile=ASYNC
MICRO POSITION LINK_USDT mark=-1.063bps MFE=+0.000 MAE=-1.063 
DemoNetMark=-5.060467USDT DemoNet=-5.063bps DemoMFE=+0.000 DemoMAE=-5.063 
TRAIL=OFF residual=+0.000bps B100=+0.000
DEMO POSITION VISIBLE LINK_USDT signal_to_visible=1056.5ms
MICRO POSITION LINK_USDT mark=-1.063bps MFE=+0.000 MAE=-1.063 
DemoNetMark=-5.060467USDT DemoNet=-5.063bps DemoMFE=+0.000 DemoMAE=-5.063 
TRAIL=OFF residual=+0.000bps B100=+0.000
MICRO EXIT LINK_USDT reason=binance_target_caught LIVEpnl=+6.377400USDT 
move=+6.381bps MFE=+6.381 MAE=-1.063 hold=4314ms DemoExit=9.409 
DemoGross=+6.377400 DemoNet=+2.378400 DemoFee=2.00011
MICRO HEARTBEAT state=watching symbols=3 signal_source=demo books=3 
demo_books=3 Bquotes=56382 Mdepth=0 Ddepth=4393 above_floor=0 
max_residual=0.000bps candidates=0 fee_age=1192ms
MICRO HEARTBEAT state=watching symbols=3 signal_source=demo books=3 
demo_books=3 Bquotes=56536 Mdepth=0 Ddepth=4410 above_floor=0 
max_residual=0.000bps candidates=0 fee_age=3252ms
MICRO HEARTBEAT state=watching symbols=3 signal_source=demo books=3 
demo_books=3 Bquotes=56756 Mdepth=0 Ddepth=4433 above_floor=0 
max_residual=0.000bps candidates=0 fee_age=281ms
MICRO HEARTBEAT state=watching symbols=3 signal_source=demo books=3 
demo_books=3 Bquotes=56939 Mdepth=0 Ddepth=4449 above_floor=0 
max_residual=0.000bps candidates=0 fee_age=2294ms
MICRO HEARTBEAT state=watching symbols=3 signal_source=demo books=3 
demo_books=3 Bquotes=57056 Mdepth=0 Ddepth=4467 above_floor=0 
max_residual=0.000bps candidates=0 fee_age=4311ms
MICRO HEARTBEAT state=watching symbols=3 signal_source=demo books=3 
demo_books=3 Bquotes=57167 Mdepth=0 Ddepth=4488 above_floor=0 
max_residual=0.000bps candidates=0 fee_age=882ms
MICRO HEARTBEAT state=watching symbols=3 signal_source=demo books=3 
demo_books=3 Bquotes=57293 Mdepth=0 Ddepth=4503 above_floor=0 
max_residual=0.000bps candidates=0 fee_age=2902ms
MICRO HEARTBEAT state=watching symbols=3 signal_source=demo books=3 
demo_books=3 Bquotes=57435 Mdepth=0 Ddepth=4519 above_floor=0 
max_residual=0.000bps candidates=0 fee_age=363ms
MICRO HEARTBEAT state=watching symbols=3 signal_source=demo books=3 
demo_books=3 Bquotes=57544 Mdepth=0 Ddepth=4541 above_floor=0 
max_residual=0.000bps candidates=0 fee_age=2369ms
MICRO SIGNAL LINK_USDT SHORT residual=-2.125bps threshold=1.263 spread=1.063 
net=+0.862 B100=-2.125 M100=+0.000 Bage=38ms Mage=1769ms DemoCross=5.0bps
DEMO ENTRY LINK_USDT SHORT qty=1063.2 LIVEEntry=9.41 residual=-2.125 
notional=10004.7USDT leverage=200x requested_margin=50.0000USDT 
strategy_equity=40.1979USDT sizing=TARGET_NOTIONAL spread=1.063 
DemoFeeReported=2.00094 signal_to_visible=PENDING IOCconfirm=663.3ms 
reconcile=ASYNC
DEMO POSITION VISIBLE LINK_USDT signal_to_visible=1017.0ms
MICRO POSITION LINK_USDT mark=-1.063bps MFE=+0.000 MAE=-1.063 
DemoNetMark=-5.065297USDT DemoNet=-5.063bps DemoMFE=+0.000 DemoMAE=-5.063 
TRAIL=OFF residual=+0.000bps B100=+0.000
MICRO POSITION LINK_USDT mark=+1.063bps MFE=+1.063 MAE=-1.063 
DemoNetMark=-2.938472USDT DemoNet=-2.937bps DemoMFE=+0.000 DemoMAE=-5.063 
TRAIL=OFF residual=+0.000bps B100=+0.000
MICRO POSITION LINK_USDT mark=+1.063bps MFE=+1.063 MAE=-1.063 
DemoNetMark=-2.938472USDT DemoNet=-2.937bps DemoMFE=+0.000 DemoMAE=-5.063 
TRAIL=OFF residual=+0.000bps B100=+0.000
MICRO POSITION LINK_USDT mark=+1.063bps MFE=+1.063 MAE=-1.063 
DemoNetMark=-2.938472USDT DemoNet=-2.937bps DemoMFE=+0.000 DemoMAE=-5.063 
TRAIL=OFF residual=+0.000bps B100=+0.000
MICRO EXIT LINK_USDT reason=binance_target_caught LIVEpnl=+2.126400USDT 
move=+2.125bps MFE=+2.125 MAE=-1.063 hold=8088ms DemoExit=9.408 
DemoGross=+2.126400 DemoNet=-1.875000 DemoFee=2.00046
MICRO HEARTBEAT state=watching symbols=3 signal_source=demo books=3 
demo_books=3 Bquotes=58629 Mdepth=0 Ddepth=4637 above_floor=0 
max_residual=0.000bps candidates=0 fee_age=3038ms
MICRO HEARTBEAT state=watching symbols=3 signal_source=demo books=3 
demo_books=3 Bquotes=58809 Mdepth=0 Ddepth=4654 above_floor=0 
max_residual=0.000bps candidates=0 fee_age=172ms
MICRO HEARTBEAT state=watching symbols=3 signal_source=demo books=3 
demo_books=3 Bquotes=58958 Mdepth=0 Ddepth=4676 above_floor=0 
max_residual=0.000bps candidates=0 fee_age=2204ms
MICRO HEARTBEAT state=watching symbols=3 signal_source=demo books=3 
demo_books=3 Bquotes=59047 Mdepth=0 Ddepth=4690 above_floor=0 
max_residual=0.000bps candidates=0 fee_age=4262ms
MICRO HEARTBEAT state=watching symbols=3 signal_source=demo books=3 
demo_books=3 Bquotes=59200 Mdepth=0 Ddepth=4709 above_floor=0 
max_residual=0.000bps candidates=0 fee_age=1172ms
MICRO HEARTBEAT state=watching symbols=3 signal_source=demo books=3 
demo_books=3 Bquotes=59400 Mdepth=0 Ddepth=4727 above_floor=0 
max_residual=0.000bps candidates=0 fee_age=3172ms
MICRO HEARTBEAT state=watching symbols=3 signal_source=demo books=3 
demo_books=3 Bquotes=59525 Mdepth=0 Ddepth=4746 above_floor=0 
max_residual=0.000bps candidates=0 fee_age=183ms
MICRO HEARTBEAT state=watching symbols=3 signal_source=demo books=3 
demo_books=3 Bquotes=59592 Mdepth=0 Ddepth=4768 above_floor=0 
max_residual=0.000bps candidates=0 fee_age=2209ms
MICRO HEARTBEAT state=watching symbols=3 signal_source=demo books=3 
demo_books=3 Bquotes=59719 Mdepth=0 Ddepth=4784 above_floor=0 
max_residual=0.000bps candidates=0 fee_age=4219ms
MICRO HEARTBEAT state=watching symbols=3 signal_source=demo books=3 
demo_books=3 Bquotes=59800 Mdepth=0 Ddepth=4801 above_floor=0 
max_residual=0.000bps candidates=0 fee_age=1179ms
MICRO HEARTBEAT state=watching symbols=3 signal_source=demo books=3 
demo_books=3 Bquotes=59952 Mdepth=0 Ddepth=4824 above_floor=0 
max_residual=0.000bps candidates=0 fee_age=3199ms
MICRO HEARTBEAT state=watching symbols=3 signal_source=demo books=3 
demo_books=3 Bquotes=60132 Mdepth=0 Ddepth=4842 above_floor=0 
max_residual=0.000bps candidates=0 fee_age=166ms
MICRO HEARTBEAT state=watching symbols=3 signal_source=demo books=3 
demo_books=3 Bquotes=60250 Mdepth=0 Ddepth=4857 above_floor=0 
max_residual=0.000bps candidates=0 fee_age=2172ms
MICRO HEARTBEAT state=watching symbols=3 signal_source=demo books=3 
demo_books=3 Bquotes=60354 Mdepth=0 Ddepth=4880 above_floor=0 
max_residual=0.000bps candidates=0 fee_age=4176ms
MICRO HEARTBEAT state=watching symbols=3 signal_source=demo books=3 
demo_books=3 Bquotes=60618 Mdepth=0 Ddepth=4899 above_floor=0 
max_residual=0.000bps candidates=0 fee_age=1247ms
MICRO HEARTBEAT state=watching symbols=3 signal_source=demo books=3 
demo_books=3 Bquotes=60703 Mdepth=0 Ddepth=4922 above_floor=0 
max_residual=0.000bps candidates=0 fee_age=3252ms
MICRO HEARTBEAT state=watching symbols=3 signal_source=demo books=3 
demo_books=3 Bquotes=60831 Mdepth=0 Ddepth=4940 above_floor=0 
max_residual=0.000bps candidates=0 fee_age=1ms
MICRO HEARTBEAT state=watching symbols=3 signal_source=demo books=3 
demo_books=3 Bquotes=61016 Mdepth=0 Ddepth=4957 above_floor=0 
max_residual=0.998bps candidates=0 fee_age=2007ms
MICRO HEARTBEAT state=watching symbols=3 signal_source=demo books=3 
demo_books=3 Bquotes=61181 Mdepth=0 Ddepth=4976 above_floor=0 
max_residual=0.000bps candidates=0 fee_age=4043ms
MICRO HEARTBEAT state=watching symbols=3 signal_source=demo books=3 
demo_books=3 Bquotes=61238 Mdepth=0 Ddepth=4994 above_floor=0 
max_residual=0.000bps candidates=0 fee_age=1278ms
MICRO HEARTBEAT state=watching symbols=3 signal_source=demo books=3 
demo_books=3 Bquotes=61314 Mdepth=0 Ddepth=5013 above_floor=0 
max_residual=0.000bps candidates=0 fee_age=3282ms
MICRO HEARTBEAT state=watching symbols=3 signal_source=demo books=3 
demo_books=3 Bquotes=61592 Mdepth=0 Ddepth=5030 above_floor=0 
max_residual=0.000bps candidates=0 fee_age=280ms
MICRO HEARTBEAT state=watching symbols=3 signal_source=demo books=3 
demo_books=3 Bquotes=61680 Mdepth=0 Ddepth=5052 above_floor=0 
max_residual=0.000bps candidates=0 fee_age=2296ms
MICRO HEARTBEAT state=watching symbols=3 signal_source=demo books=3 
demo_books=3 Bquotes=61850 Mdepth=0 Ddepth=5079 above_floor=0 
max_residual=0.000bps candidates=0 fee_age=0ms
MICRO HEARTBEAT state=watching symbols=3 signal_source=demo books=3 
demo_books=3 Bquotes=61891 Mdepth=0 Ddepth=5089 above_floor=0 
max_residual=0.000bps candidates=0 fee_age=1086ms
MICRO HEARTBEAT state=watching symbols=3 signal_source=demo books=3 
demo_books=3 Bquotes=61983 Mdepth=0 Ddepth=5111 above_floor=0 
max_residual=0.000bps candidates=0 fee_age=3094ms
MICRO HEARTBEAT state=watching symbols=3 signal_source=demo books=3 
demo_books=3 Bquotes=62110 Mdepth=0 Ddepth=5129 above_floor=0 
max_residual=0.000bps candidates=0 fee_age=387ms
MICRO HEARTBEAT state=watching symbols=3 signal_source=demo books=3 
demo_books=3 Bquotes=62176 Mdepth=0 Ddepth=5148 above_floor=0 
max_residual=0.000bps candidates=0 fee_age=2443ms
MICRO HEARTBEAT state=watching symbols=3 signal_source=demo books=3 
demo_books=3 Bquotes=62377 Mdepth=0 Ddepth=5172 above_floor=0 
max_residual=0.000bps candidates=0 fee_age=1ms
MICRO HEARTBEAT state=watching symbols=3 signal_source=demo books=3 
demo_books=3 Bquotes=62481 Mdepth=0 Ddepth=5187 above_floor=0 
max_residual=0.000bps candidates=0 fee_age=2007ms
MICRO HEARTBEAT state=watching symbols=3 signal_source=demo books=3 
demo_books=3 Bquotes=62576 Mdepth=0 Ddepth=5189 above_floor=0 
max_residual=0.000bps candidates=0 fee_age=4046ms
MICRO HEARTBEAT state=watching symbols=3 signal_source=demo books=3 
demo_books=3 Bquotes=62703 Mdepth=0 Ddepth=5189 above_floor=0 
max_residual=0.000bps candidates=0 fee_age=1028ms
MICRO HEARTBEAT state=watching symbols=3 signal_source=demo books=3 
demo_books=3 Bquotes=62850 Mdepth=0 Ddepth=5212 above_floor=0 
max_residual=0.000bps candidates=0 fee_age=3084ms
MICRO HEARTBEAT state=watching symbols=3 signal_source=demo books=3 
demo_books=3 Bquotes=62965 Mdepth=0 Ddepth=5214 above_floor=0 
max_residual=0.000bps candidates=0 fee_age=111ms
MICRO HEARTBEAT state=watching symbols=3 signal_source=demo books=3 
demo_books=3 Bquotes=63109 Mdepth=0 Ddepth=5214 above_floor=0 
max_residual=0.000bps candidates=0 fee_age=2144ms
MICRO HEARTBEAT state=watching symbols=3 signal_source=demo books=3 
demo_books=3 Bquotes=63218 Mdepth=0 Ddepth=5232 above_floor=0 
max_residual=0.000bps candidates=0 fee_age=4153ms
MICRO HEARTBEAT state=watching symbols=3 signal_source=demo books=3 
demo_books=3 Bquotes=63304 Mdepth=0 Ddepth=5232 above_floor=0 
max_residual=0.000bps candidates=0 fee_age=1148ms
MICRO HEARTBEAT state=watching symbols=3 signal_source=demo books=3 
demo_books=3 Bquotes=63405 Mdepth=0 Ddepth=5232 above_floor=0 
max_residual=0.000bps candidates=0 fee_age=3158ms
MICRO HEARTBEAT state=watching symbols=3 signal_source=demo books=3 
demo_books=3 Bquotes=63624 Mdepth=0 Ddepth=5254 above_floor=0 
max_residual=0.000bps candidates=0 fee_age=126ms
MICRO HEARTBEAT state=watching symbols=3 signal_source=demo books=3 
demo_books=3 Bquotes=63686 Mdepth=0 Ddepth=5258 above_floor=0 
max_residual=0.000bps candidates=0 fee_age=2152ms
MICRO HEARTBEAT state=watching symbols=3 signal_source=demo books=3 
demo_books=3 Bquotes=63790 Mdepth=0 Ddepth=5258 above_floor=0 
max_residual=0.000bps candidates=0 fee_age=4174ms
MICRO HEARTBEAT state=watching symbols=3 signal_source=demo books=3 
demo_books=3 Bquotes=63904 Mdepth=0 Ddepth=5273 above_floor=0 
max_residual=0.000bps candidates=0 fee_age=1216ms
MICRO SIGNAL LINK_USDT LONG residual=+1.592bps threshold=1.262 spread=1.062 
net=+0.331 B100=+1.592 M100=+0.000 Bage=1ms Mage=926ms DemoCross=5.0bps
MICRO HEARTBEAT state=watching symbols=3 signal_source=demo books=3 
demo_books=3 Bquotes=65204 Mdepth=0 Ddepth=5307 above_floor=0 
max_residual=0.000bps candidates=0 fee_age=0ms
MICRO HEARTBEAT state=watching symbols=3 signal_source=demo books=3 
demo_books=3 Bquotes=65283 Mdepth=0 Ddepth=5324 above_floor=0 
max_residual=0.000bps candidates=0 fee_age=1409ms
MICRO HEARTBEAT state=watching symbols=3 signal_source=demo books=3 
demo_books=3 Bquotes=65383 Mdepth=0 Ddepth=5324 above_floor=0 
max_residual=0.000bps candidates=0 fee_age=3413ms
MICRO HEARTBEAT state=watching symbols=3 signal_source=demo books=3 
demo_books=3 Bquotes=65569 Mdepth=0 Ddepth=5324 above_floor=0 
max_residual=0.000bps candidates=0 fee_age=347ms
MICRO HEARTBEAT state=watching symbols=3 signal_source=demo books=3 
demo_books=3 Bquotes=65654 Mdepth=0 Ddepth=5336 above_floor=0 
max_residual=0.000bps candidates=0 fee_age=2358ms
MICRO HEARTBEAT state=watching symbols=3 signal_source=demo books=3 
demo_books=3 Bquotes=65800 Mdepth=0 Ddepth=5345 above_floor=0 
max_residual=0.000bps candidates=0 fee_age=3ms
MICRO HEARTBEAT state=watching symbols=3 signal_source=demo books=3 
demo_books=3 Bquotes=65955 Mdepth=0 Ddepth=5345 above_floor=0 
max_residual=0.000bps candidates=0 fee_age=2015ms
MICRO HEARTBEAT state=watching symbols=3 signal_source=demo books=3 
demo_books=3 Bquotes=66052 Mdepth=0 Ddepth=5357 above_floor=0 
max_residual=0.000bps candidates=0 fee_age=4071ms
MICRO HEARTBEAT state=watching symbols=3 signal_source=demo books=3 
demo_books=3 Bquotes=66192 Mdepth=0 Ddepth=5370 above_floor=0 
max_residual=0.000bps candidates=0 fee_age=1077ms
MICRO HEARTBEAT state=watching symbols=3 signal_source=demo books=3 
demo_books=3 Bquotes=66281 Mdepth=0 Ddepth=5370 above_floor=0 
max_residual=0.000bps candidates=0 fee_age=3100ms
MICRO HEARTBEAT state=watching symbols=3 signal_source=demo books=3 
demo_books=3 Bquotes=66405 Mdepth=0 Ddepth=5379 above_floor=0 
max_residual=0.000bps candidates=0 fee_age=0ms
MICRO HEARTBEAT state=watching symbols=3 signal_source=demo books=3 
demo_books=3 Bquotes=66489 Mdepth=0 Ddepth=5391 above_floor=0 
max_residual=0.000bps candidates=0 fee_age=2015ms
MICRO HEARTBEAT state=watching symbols=3 signal_source=demo books=3 
demo_books=3 Bquotes=66642 Mdepth=0 Ddepth=5391 above_floor=0 
max_residual=0.000bps candidates=0 fee_age=0ms
MICRO HEARTBEAT state=watching symbols=3 signal_source=demo books=3 
demo_books=3 Bquotes=67028 Mdepth=0 Ddepth=5395 above_floor=0 
max_residual=0.000bps candidates=0 fee_age=2042ms
MICRO HEARTBEAT state=watching symbols=3 signal_source=demo books=3 
demo_books=3 Bquotes=67229 Mdepth=0 Ddepth=5411 above_floor=0 
max_residual=0.000bps candidates=0 fee_age=4065ms
MICRO HEARTBEAT state=watching symbols=3 signal_source=demo books=3 
demo_books=3 Bquotes=67322 Mdepth=0 Ddepth=5411 above_floor=0 
max_residual=0.000bps candidates=0 fee_age=359ms
MICRO HEARTBEAT state=watching symbols=3 signal_source=demo books=3 
demo_books=3 Bquotes=67453 Mdepth=0 Ddepth=5411 above_floor=0 
max_residual=0.000bps candidates=0 fee_age=2394ms
MICRO HEARTBEAT state=watching symbols=3 signal_source=demo books=3 
demo_books=3 Bquotes=67610 Mdepth=0 Ddepth=5432 above_floor=0 
max_residual=0.000bps candidates=0 fee_age=0ms
MICRO SIGNAL LINK_USDT SHORT residual=-2.120bps threshold=1.261 spread=1.061 
net=+0.860 B100=-2.120 M100=+0.000 Bage=1ms Mage=1072ms DemoCross=5.0bps
MICRO HEARTBEAT state=watching symbols=3 signal_source=demo books=3 
demo_books=3 Bquotes=68820 Mdepth=0 Ddepth=5453 above_floor=0 
max_residual=0.000bps candidates=0 fee_age=0ms
MICRO HEARTBEAT state=watching symbols=3 signal_source=demo books=3 
demo_books=3 Bquotes=68917 Mdepth=0 Ddepth=5476 above_floor=0 
max_residual=0.000bps candidates=0 fee_age=1335ms
MICRO HEARTBEAT state=watching symbols=3 signal_source=demo books=3 
demo_books=3 Bquotes=69147 Mdepth=0 Ddepth=5487 above_floor=0 
max_residual=0.000bps candidates=0 fee_age=3391ms
MICRO HEARTBEAT state=watching symbols=3 signal_source=demo books=3 
demo_books=3 Bquotes=69291 Mdepth=0 Ddepth=5487 above_floor=0 
max_residual=0.000bps candidates=0 fee_age=402ms
MICRO HEARTBEAT state=watching symbols=3 signal_source=demo books=3 
demo_books=3 Bquotes=69383 Mdepth=0 Ddepth=5497 above_floor=0 
max_residual=0.000bps candidates=0 fee_age=2404ms
MICRO HEARTBEAT state=watching symbols=3 signal_source=demo books=3 
demo_books=3 Bquotes=69549 Mdepth=0 Ddepth=5524 above_floor=0 
max_residual=0.000bps candidates=0 fee_age=0ms
MICRO HEARTBEAT state=watching symbols=3 signal_source=demo books=3 
demo_books=3 Bquotes=69829 Mdepth=0 Ddepth=5537 above_floor=0 
max_residual=0.000bps candidates=0 fee_age=2037ms
MICRO HEARTBEAT state=watching symbols=3 signal_source=demo books=3 
demo_books=3 Bquotes=69906 Mdepth=0 Ddepth=5547 above_floor=0 
max_residual=0.000bps candidates=0 fee_age=4056ms
MICRO HEARTBEAT state=watching symbols=3 signal_source=demo books=3 
demo_books=3 Bquotes=69989 Mdepth=0 Ddepth=5562 above_floor=0 
max_residual=0.000bps candidates=0 fee_age=1042ms
MICRO HEARTBEAT state=watching symbols=3 signal_source=demo books=3 
demo_books=3 Bquotes=70079 Mdepth=0 Ddepth=5578 above_floor=0 
max_residual=0.000bps candidates=0 fee_age=3077ms
MICRO HEARTBEAT state=watching symbols=3 signal_source=demo books=3 
demo_books=3 Bquotes=70171 Mdepth=0 Ddepth=5599 above_floor=0 
max_residual=0.000bps candidates=0 fee_age=120ms
MICRO HEARTBEAT state=watching symbols=3 signal_source=demo books=3 
demo_books=3 Bquotes=70317 Mdepth=0 Ddepth=5614 above_floor=0 
max_residual=0.000bps candidates=0 fee_age=2160ms
MICRO HEARTBEAT state=watching symbols=3 signal_source=demo books=3 
demo_books=3 Bquotes=70526 Mdepth=0 Ddepth=5634 above_floor=0 
max_residual=0.000bps candidates=0 fee_age=4160ms
MICRO HEARTBEAT state=watching symbols=3 signal_source=demo books=3 
demo_books=3 Bquotes=70716 Mdepth=0 Ddepth=5651 above_floor=0 
max_residual=0.000bps candidates=0 fee_age=1258ms
MICRO HEARTBEAT state=watching symbols=3 signal_source=demo books=3 
demo_books=3 Bquotes=71131 Mdepth=0 Ddepth=5670 above_floor=0 
max_residual=0.000bps candidates=0 fee_age=3270ms
MICRO HEARTBEAT state=watching symbols=3 signal_source=demo books=3 
demo_books=3 Bquotes=71282 Mdepth=0 Ddepth=5690 above_floor=0 
max_residual=0.000bps candidates=0 fee_age=176ms
MICRO HEARTBEAT state=watching symbols=3 signal_source=demo books=3 
demo_books=3 Bquotes=71403 Mdepth=0 Ddepth=5706 above_floor=0 
max_residual=0.000bps candidates=0 fee_age=2183ms
MICRO HEARTBEAT state=watching symbols=3 signal_source=demo books=3 
demo_books=3 Bquotes=71568 Mdepth=0 Ddepth=5726 above_floor=0 
max_residual=0.000bps candidates=0 fee_age=4220ms
MICRO HEARTBEAT state=watching symbols=3 signal_source=demo books=3 
demo_books=3 Bquotes=71764 Mdepth=0 Ddepth=5741 above_floor=0 
max_residual=0.000bps candidates=0 fee_age=1217ms
MICRO SIGNAL LINK_USDT LONG residual=+2.122bps threshold=1.261 spread=1.061 
net=+0.861 B100=+2.122 M100=+0.000 Bage=3ms Mage=1513ms DemoCross=5.0bps
DEMO ENTRY LINK_USDT LONG qty=1060.3 LIVEEntry=9.426 residual=+2.122 
notional=9994.39USDT leverage=200x requested_margin=50.0000USDT 
strategy_equity=38.3229USDT sizing=TARGET_NOTIONAL spread=1.061 
DemoFeeReported=1.99888 signal_to_visible=PENDING IOCconfirm=723.4ms 
reconcile=ASYNC
MICRO POSITION LINK_USDT mark=-1.061bps MFE=+0.000 MAE=-1.061 
DemoNetMark=-5.057843USDT DemoNet=-5.061bps DemoMFE=+0.000 DemoMAE=-5.061 
TRAIL=OFF residual=+0.000bps B100=+0.000
DEMO POSITION VISIBLE LINK_USDT signal_to_visible=1102.3ms
MICRO EXIT LINK_USDT reason=binance_target_caught LIVEpnl=+3.180900USDT 
move=+3.183bps MFE=+3.183 MAE=-1.061 hold=2751ms DemoExit=9.429 
DemoGross=+3.180900 DemoNet=-0.817400 DemoFee=1.99942
MICRO HEARTBEAT state=watching symbols=3 signal_source=demo books=3 
demo_books=3 Bquotes=72093 Mdepth=0 Ddepth=5787 above_floor=0 
max_residual=0.000bps candidates=0 fee_age=1298ms
MICRO SIGNAL LINK_USDT SHORT residual=-1.591bps threshold=1.261 spread=1.061 
net=+0.330 B100=-1.591 M100=+0.000 Bage=1ms Mage=1203ms DemoCross=5.0bps
MICRO HEARTBEAT state=watching symbols=3 signal_source=demo books=3 
demo_books=3 Bquotes=72836 Mdepth=0 Ddepth=5884 above_floor=0 
max_residual=0.000bps candidates=0 fee_age=0ms
MICRO HEARTBEAT state=watching symbols=3 signal_source=demo books=3 
demo_books=3 Bquotes=72950 Mdepth=0 Ddepth=5892 above_floor=0 
max_residual=0.000bps candidates=0 fee_age=1335ms
MICRO HEARTBEAT state=watching symbols=3 signal_source=demo books=3 
demo_books=3 Bquotes=73043 Mdepth=0 Ddepth=5910 above_floor=0 
max_residual=0.000bps candidates=0 fee_age=3345ms
MICRO SIGNAL LINK_USDT LONG residual=+2.120bps threshold=1.260 spread=1.060 
net=+0.860 B100=+2.120 M100=+0.000 Bage=2ms Mage=900ms DemoCross=5.0bps
MICRO HEARTBEAT state=watching symbols=3 signal_source=demo books=3 
demo_books=3 Bquotes=73881 Mdepth=0 Ddepth=6014 above_floor=0 
max_residual=0.000bps candidates=0 fee_age=0ms
MICRO HEARTBEAT state=watching symbols=3 signal_source=demo books=3 
demo_books=3 Bquotes=73960 Mdepth=0 Ddepth=6023 above_floor=0 
max_residual=0.000bps candidates=0 fee_age=1341ms
MICRO HEARTBEAT state=watching symbols=3 signal_source=demo books=3 
demo_books=3 Bquotes=74024 Mdepth=0 Ddepth=6042 above_floor=0 
max_residual=0.000bps candidates=0 fee_age=3342ms
MICRO SIGNAL LINK_USDT SHORT residual=-2.651bps threshold=1.260 spread=1.060 
net=+1.391 B100=-2.651 M100=+0.000 Bage=5ms Mage=288ms DemoCross=5.0bps
MICRO HEARTBEAT state=watching symbols=3 signal_source=demo books=3 
demo_books=3 Bquotes=74931 Mdepth=0 Ddepth=6144 above_floor=0 
max_residual=0.000bps candidates=0 fee_age=0ms
MICRO HEARTBEAT state=watching symbols=3 signal_source=demo books=3 
demo_books=3 Bquotes=74969 Mdepth=0 Ddepth=6150 above_floor=0 
max_residual=0.000bps candidates=0 fee_age=738ms
MICRO HEARTBEAT state=watching symbols=3 signal_source=demo books=3 
demo_books=3 Bquotes=75043 Mdepth=0 Ddepth=6162 above_floor=0 
max_residual=0.000bps candidates=0 fee_age=2740ms
MICRO HEARTBEAT state=watching symbols=3 signal_source=demo books=3 
demo_books=3 Bquotes=75135 Mdepth=0 Ddepth=6185 above_floor=0 
max_residual=0.000bps candidates=0 fee_age=345ms
MICRO HEARTBEAT state=watching symbols=3 signal_source=demo books=3 
demo_books=3 Bquotes=75316 Mdepth=0 Ddepth=6202 above_floor=0 
max_residual=0.000bps candidates=0 fee_age=2365ms
MICRO HEARTBEAT state=watching symbols=3 signal_source=demo books=3 
demo_books=3 Bquotes=75527 Mdepth=0 Ddepth=6225 above_floor=0 
max_residual=0.000bps candidates=0 fee_age=0ms
MICRO HEARTBEAT state=watching symbols=3 signal_source=demo books=3 
demo_books=3 Bquotes=75864 Mdepth=0 Ddepth=6241 above_floor=0 
max_residual=0.000bps candidates=0 fee_age=2023ms
MICRO HEARTBEAT state=watching symbols=3 signal_source=demo books=3 
demo_books=3 Bquotes=75939 Mdepth=0 Ddepth=6256 above_floor=0 
max_residual=0.000bps candidates=0 fee_age=4050ms
MICRO HEARTBEAT state=watching symbols=3 signal_source=demo books=3 
demo_books=3 Bquotes=76077 Mdepth=0 Ddepth=6278 above_floor=0 
max_residual=0.000bps candidates=0 fee_age=1055ms
MICRO HEARTBEAT state=watching symbols=3 signal_source=demo books=3 
demo_books=3 Bquotes=76187 Mdepth=0 Ddepth=6292 above_floor=0 
max_residual=0.000bps candidates=0 fee_age=3083ms
MICRO HEARTBEAT state=watching symbols=3 signal_source=demo books=3 
demo_books=3 Bquotes=76325 Mdepth=0 Ddepth=6306 above_floor=0 
max_residual=0.000bps candidates=0 fee_age=118ms
MICRO HEARTBEAT state=watching symbols=3 signal_source=demo books=3 
demo_books=3 Bquotes=76532 Mdepth=0 Ddepth=6328 above_floor=0 
max_residual=0.000bps candidates=0 fee_age=2120ms
MICRO HEARTBEAT state=watching symbols=3 signal_source=demo books=3 
demo_books=3 Bquotes=76666 Mdepth=0 Ddepth=6342 above_floor=0 
max_residual=0.000bps candidates=0 fee_age=4133ms
MICRO HEARTBEAT state=watching symbols=3 signal_source=demo books=3 
demo_books=3 Bquotes=76748 Mdepth=0 Ddepth=6362 above_floor=0 
max_residual=0.000bps candidates=0 fee_age=1144ms
MICRO HEARTBEAT state=watching symbols=3 signal_source=demo books=3 
demo_books=3 Bquotes=76904 Mdepth=0 Ddepth=6380 above_floor=0 
max_residual=0.000bps candidates=0 fee_age=3147ms
MICRO HEARTBEAT state=watching symbols=3 signal_source=demo books=3 
demo_books=3 Bquotes=76991 Mdepth=0 Ddepth=6397 above_floor=0 
max_residual=0.000bps candidates=0 fee_age=189ms
MICRO HEARTBEAT state=watching symbols=3 signal_source=demo books=3 
demo_books=3 Bquotes=77197 Mdepth=0 Ddepth=6417 above_floor=0 
max_residual=0.000bps candidates=0 fee_age=2191ms
MICRO HEARTBEAT state=watching symbols=3 signal_source=demo books=3 
demo_books=3 Bquotes=77247 Mdepth=0 Ddepth=6433 above_floor=0 
max_residual=0.000bps candidates=0 fee_age=4203ms
MICRO HEARTBEAT state=watching symbols=3 signal_source=demo books=3 
demo_books=3 Bquotes=77331 Mdepth=0 Ddepth=6447 above_floor=0 
max_residual=0.000bps candidates=0 fee_age=915ms
MICRO HEARTBEAT state=watching symbols=3 signal_source=demo books=3 
demo_books=3 Bquotes=77437 Mdepth=0 Ddepth=6469 above_floor=0 
max_residual=0.000bps candidates=0 fee_age=2937ms
MICRO HEARTBEAT state=watching symbols=3 signal_source=demo books=3 
demo_books=3 Bquotes=77544 Mdepth=0 Ddepth=6480 above_floor=0 
max_residual=0.000bps candidates=0 fee_age=142ms
MICRO HEARTBEAT state=watching symbols=3 signal_source=demo books=3 
demo_books=3 Bquotes=77607 Mdepth=0 Ddepth=6503 above_floor=0 
max_residual=0.000bps candidates=0 fee_age=2145ms
MICRO HEARTBEAT state=watching symbols=3 signal_source=demo books=3 
demo_books=3 Bquotes=77710 Mdepth=0 Ddepth=6521 above_floor=0 
max_residual=0.000bps candidates=0 fee_age=4152ms
MICRO HEARTBEAT state=watching symbols=3 signal_source=demo books=3 
demo_books=3 Bquotes=77799 Mdepth=0 Ddepth=6536 above_floor=0 
max_residual=0.000bps candidates=0 fee_age=1310ms
MICRO HEARTBEAT state=watching symbols=3 signal_source=demo books=3 
demo_books=3 Bquotes=77889 Mdepth=0 Ddepth=6553 above_floor=0 
max_residual=0.000bps candidates=0 fee_age=3315ms
MICRO HEARTBEAT state=watching symbols=3 signal_source=demo books=3 
demo_books=3 Bquotes=77969 Mdepth=0 Ddepth=6569 above_floor=0 
max_residual=0.000bps candidates=0 fee_age=1ms
MICRO HEARTBEAT state=watching symbols=3 signal_source=demo books=3 
demo_books=3 Bquotes=78085 Mdepth=0 Ddepth=6588 above_floor=0 
max_residual=0.000bps candidates=0 fee_age=2049ms
MICRO HEARTBEAT state=watching symbols=3 signal_source=demo books=3 
demo_books=3 Bquotes=78265 Mdepth=0 Ddepth=6609 above_floor=0 
max_residual=0.000bps candidates=0 fee_age=0ms
MICRO HEARTBEAT state=watching symbols=3 signal_source=demo books=3 
demo_books=3 Bquotes=78393 Mdepth=0 Ddepth=6626 above_floor=0 
max_residual=0.000bps candidates=0 fee_age=2011ms
MICRO HEARTBEAT state=watching symbols=3 signal_source=demo books=3 
demo_books=3 Bquotes=78515 Mdepth=0 Ddepth=6648 above_floor=0 
max_residual=0.000bps candidates=0 fee_age=4027ms
MICRO HEARTBEAT state=watching symbols=3 signal_source=demo books=3 
demo_books=3 Bquotes=78668 Mdepth=0 Ddepth=6665 above_floor=1 
max_residual=1.061bps candidates=0 fee_age=661ms
MICRO HEARTBEAT state=watching symbols=3 signal_source=demo books=3 
demo_books=3 Bquotes=78813 Mdepth=0 Ddepth=6687 above_floor=0 
max_residual=0.000bps candidates=0 fee_age=2665ms
MICRO HEARTBEAT state=watching symbols=3 signal_source=demo books=3 
demo_books=3 Bquotes=78972 Mdepth=0 Ddepth=6708 above_floor=0 
max_residual=0.000bps candidates=0 fee_age=56ms
MICRO HEARTBEAT state=watching symbols=3 signal_source=demo books=3 
demo_books=3 Bquotes=79057 Mdepth=0 Ddepth=6725 above_floor=0 
max_residual=0.000bps candidates=0 fee_age=2097ms
MICRO SIGNAL XRP_USDT SHORT residual=-1.997bps threshold=1.198 spread=0.998 
net=+0.798 B100=-1.997 M100=+0.000 Bage=2ms Mage=113ms DemoCross=5.0bps
DEMO ENTRY XRP_USDT SHORT qty=9988 LIVEEntry=1.0018 residual=-1.997 
notional=10006USDT leverage=200x requested_margin=50.0000USDT 
strategy_equity=37.5055USDT sizing=TARGET_NOTIONAL spread=0.998 
DemoFeeReported=2.0012 signal_to_visible=PENDING IOCconfirm=651.9ms 
reconcile=ASYNC
MICRO POSITION XRP_USDT mark=-0.998bps MFE=+0.000 MAE=-0.998 
DemoNetMark=-5.001391USDT DemoNet=-4.998bps DemoMFE=+0.000 DemoMAE=-4.998 
TRAIL=OFF residual=+0.000bps B100=+0.000
DEMO POSITION VISIBLE XRP_USDT signal_to_visible=1709.4ms
MICRO POSITION XRP_USDT mark=-0.998bps MFE=+0.000 MAE=-0.998 
DemoNetMark=-5.001391USDT DemoNet=-4.998bps DemoMFE=+0.000 DemoMAE=-4.998 
TRAIL=OFF residual=+0.000bps B100=+0.000
MICRO EXIT XRP_USDT reason=binance_target_caught LIVEpnl=+1.997600USDT 
move=+1.996bps MFE=+1.996 MAE=-0.998 hold=3889ms DemoExit=1.0016 
DemoGross=+1.997600 DemoNet=-2.004300 DemoFee=2.0007
MICRO HEARTBEAT state=watching symbols=3 signal_source=demo books=3 
demo_books=3 Bquotes=80006 Mdepth=0 Ddepth=6788 above_floor=0 
max_residual=0.000bps candidates=0 fee_age=3553ms
MICRO HEARTBEAT state=watching symbols=3 signal_source=demo books=3 
demo_books=3 Bquotes=80123 Mdepth=0 Ddepth=6806 above_floor=0 
max_residual=0.000bps candidates=0 fee_age=598ms
MICRO HEARTBEAT state=watching symbols=3 signal_source=demo books=3 
demo_books=3 Bquotes=80351 Mdepth=0 Ddepth=6826 above_floor=0 
max_residual=0.000bps candidates=0 fee_age=2621ms
MICRO HEARTBEAT state=watching symbols=3 signal_source=demo books=3 
demo_books=3 Bquotes=80576 Mdepth=0 Ddepth=6852 above_floor=1 
max_residual=1.062bps candidates=0 fee_age=0ms
MICRO HEARTBEAT state=watching symbols=3 signal_source=demo books=3 
demo_books=3 Bquotes=80710 Mdepth=0 Ddepth=6869 above_floor=0 
max_residual=0.000bps candidates=0 fee_age=2024ms
MICRO HEARTBEAT state=watching symbols=3 signal_source=demo books=3 
demo_books=3 Bquotes=80822 Mdepth=0 Ddepth=6890 above_floor=0 
max_residual=0.000bps candidates=0 fee_age=4055ms
MICRO HEARTBEAT state=watching symbols=3 signal_source=demo books=3 
demo_books=3 Bquotes=81211 Mdepth=0 Ddepth=6910 above_floor=0 
max_residual=0.000bps candidates=0 fee_age=1052ms
MICRO HEARTBEAT state=watching symbols=3 signal_source=demo books=3 
demo_books=3 Bquotes=81359 Mdepth=0 Ddepth=6925 above_floor=0 
max_residual=0.000bps candidates=0 fee_age=3068ms
MICRO HEARTBEAT state=watching symbols=3 signal_source=demo books=3 
demo_books=3 Bquotes=81492 Mdepth=0 Ddepth=6948 above_floor=0 
max_residual=0.000bps candidates=0 fee_age=0ms
MICRO HEARTBEAT state=watching symbols=3 signal_source=demo books=3 
demo_books=3 Bquotes=81552 Mdepth=0 Ddepth=6963 above_floor=0 
max_residual=0.000bps candidates=0 fee_age=2014ms
MICRO HEARTBEAT state=watching symbols=3 signal_source=demo books=3 
demo_books=3 Bquotes=81647 Mdepth=0 Ddepth=6984 above_floor=0 
max_residual=0.000bps candidates=0 fee_age=4027ms
MICRO SIGNAL LINK_USDT LONG residual=+5.308bps threshold=1.262 spread=1.062 
net=+4.046 B100=+5.308 M100=+0.000 Bage=1ms Mage=30ms DemoCross=5.0bps
DEMO ENTRY LINK_USDT LONG qty=1061.2 LIVEEntry=9.418 residual=+5.308 
notional=9994.38USDT leverage=200x requested_margin=50.0000USDT 
strategy_equity=35.5012USDT sizing=TARGET_NOTIONAL spread=1.062 
DemoFeeReported=1.99888 signal_to_visible=PENDING IOCconfirm=669.2ms 
reconcile=ASYNC
MICRO POSITION LINK_USDT mark=-1.062bps MFE=+0.000 MAE=-1.062 
DemoNetMark=-5.058740USDT DemoNet=-5.062bps DemoMFE=+0.000 DemoMAE=-5.062 
TRAIL=OFF residual=+0.000bps B100=+0.000
DEMO POSITION VISIBLE LINK_USDT signal_to_visible=994.8ms
MICRO POSITION LINK_USDT mark=-1.062bps MFE=+0.000 MAE=-1.062 
DemoNetMark=-5.058740USDT DemoNet=-5.062bps DemoMFE=+0.000 DemoMAE=-5.062 
TRAIL=OFF residual=+0.000bps B100=+0.000
MICRO POSITION LINK_USDT mark=-1.062bps MFE=+0.000 MAE=-1.062 
DemoNetMark=-5.058740USDT DemoNet=-5.062bps DemoMFE=+0.000 DemoMAE=-5.062 
TRAIL=OFF residual=+0.000bps B100=+0.000
MICRO EXIT LINK_USDT reason=binance_target_caught LIVEpnl=+8.489600USDT 
move=+8.494bps MFE=+8.494 MAE=-1.062 hold=5291ms DemoExit=9.426 
DemoGross=+8.489600 DemoNet=+4.490200 DemoFee=2.00052
MICRO HEARTBEAT state=watching symbols=3 signal_source=demo books=3 
demo_books=3 Bquotes=82632 Mdepth=0 Ddepth=7067 above_floor=0 
max_residual=0.000bps candidates=0 fee_age=2209ms
MICRO HEARTBEAT state=watching symbols=3 signal_source=demo books=3 
demo_books=3 Bquotes=82742 Mdepth=0 Ddepth=7084 above_floor=0 
max_residual=0.000bps candidates=0 fee_age=4212ms
MICRO HEARTBEAT state=watching symbols=3 signal_source=demo books=3 
demo_books=3 Bquotes=82837 Mdepth=0 Ddepth=7106 above_floor=0 
max_residual=0.000bps candidates=0 fee_age=1226ms
MICRO HEARTBEAT state=watching symbols=3 signal_source=demo books=3 
demo_books=3 Bquotes=82990 Mdepth=0 Ddepth=7121 above_floor=0 
max_residual=0.000bps candidates=0 fee_age=3231ms
MICRO HEARTBEAT state=watching symbols=3 signal_source=demo books=3 
demo_books=3 Bquotes=83048 Mdepth=0 Ddepth=7142 above_floor=0 
max_residual=0.000bps candidates=0 fee_age=219ms
MICRO HEARTBEAT state=watching symbols=3 signal_source=demo books=3 
demo_books=3 Bquotes=83145 Mdepth=0 Ddepth=7164 above_floor=0 
max_residual=0.000bps candidates=0 fee_age=2232ms
MICRO HEARTBEAT state=watching symbols=3 signal_source=demo books=3 
demo_books=3 Bquotes=83276 Mdepth=0 Ddepth=7180 above_floor=0 
max_residual=0.000bps candidates=0 fee_age=4251ms
MICRO HEARTBEAT state=watching symbols=3 signal_source=demo books=3 
demo_books=3 Bquotes=83424 Mdepth=0 Ddepth=7203 above_floor=0 
max_residual=0.000bps candidates=0 fee_age=1324ms
MICRO HEARTBEAT state=watching symbols=3 signal_source=demo books=3 
demo_books=3 Bquotes=83521 Mdepth=0 Ddepth=7224 above_floor=0 
max_residual=0.000bps candidates=0 fee_age=3363ms
MICRO HEARTBEAT state=watching symbols=3 signal_source=demo books=3 
demo_books=3 Bquotes=83600 Mdepth=0 Ddepth=7241 above_floor=0 
max_residual=0.000bps candidates=0 fee_age=361ms
MICRO HEARTBEAT state=watching symbols=3 signal_source=demo books=3 
demo_books=3 Bquotes=83689 Mdepth=0 Ddepth=7263 above_floor=0 
max_residual=0.000bps candidates=0 fee_age=2393ms
MICRO HEARTBEAT state=watching symbols=3 signal_source=demo books=3 
demo_books=3 Bquotes=84489 Mdepth=0 Ddepth=7282 above_floor=0 
max_residual=0.000bps candidates=0 fee_age=0ms
MICRO HEARTBEAT state=watching symbols=3 signal_source=demo books=3 
demo_books=3 Bquotes=84631 Mdepth=0 Ddepth=7308 above_floor=0 
max_residual=0.000bps candidates=0 fee_age=2003ms
MICRO HEARTBEAT state=watching symbols=3 signal_source=demo books=3 
demo_books=3 Bquotes=84800 Mdepth=0 Ddepth=7324 above_floor=0 
max_residual=0.000bps candidates=0 fee_age=4031ms
MICRO HEARTBEAT state=watching symbols=3 signal_source=demo books=3 
demo_books=3 Bquotes=85091 Mdepth=0 Ddepth=7342 above_floor=0 
max_residual=0.000bps candidates=0 fee_age=995ms
MICRO HEARTBEAT state=watching symbols=3 signal_source=demo books=3 
demo_books=3 Bquotes=85223 Mdepth=0 Ddepth=7351 above_floor=0 
max_residual=0.000bps candidates=0 fee_age=2996ms
MICRO HEARTBEAT state=watching symbols=3 signal_source=demo books=3 
demo_books=3 Bquotes=86067 Mdepth=0 Ddepth=7364 above_floor=0 
max_residual=0.000bps candidates=0 fee_age=0ms
MICRO HEARTBEAT state=watching symbols=3 signal_source=demo books=3 
demo_books=3 Bquotes=86200 Mdepth=0 Ddepth=7372 above_floor=0 
max_residual=0.000bps candidates=0 fee_age=2033ms
MICRO HEARTBEAT state=watching symbols=3 signal_source=demo books=3 
demo_books=3 Bquotes=86302 Mdepth=0 Ddepth=7372 above_floor=0 
max_residual=0.000bps candidates=0 fee_age=0ms
MICRO HEARTBEAT state=watching symbols=3 signal_source=demo books=3 
demo_books=3 Bquotes=86369 Mdepth=0 Ddepth=7393 above_floor=0 
max_residual=0.000bps candidates=0 fee_age=2000ms
MICRO HEARTBEAT state=watching symbols=3 signal_source=demo books=3 
demo_books=3 Bquotes=86463 Mdepth=0 Ddepth=7410 above_floor=0 
max_residual=0.000bps candidates=0 fee_age=4017ms
MICRO HEARTBEAT state=watching symbols=3 signal_source=demo books=3 
demo_books=3 Bquotes=86532 Mdepth=0 Ddepth=7410 above_floor=0 
max_residual=0.000bps candidates=0 fee_age=625ms
MICRO HEARTBEAT state=watching symbols=3 signal_source=demo books=3 
demo_books=3 Bquotes=86594 Mdepth=0 Ddepth=7421 above_floor=0 
max_residual=0.000bps candidates=0 fee_age=2638ms
MICRO HEARTBEAT state=watching symbols=3 signal_source=demo books=3 
demo_books=3 Bquotes=86781 Mdepth=0 Ddepth=7425 above_floor=0 
max_residual=0.529bps candidates=0 fee_age=129ms
MICRO HEARTBEAT state=watching symbols=3 signal_source=demo books=3 
demo_books=3 Bquotes=87003 Mdepth=0 Ddepth=7425 above_floor=0 
max_residual=0.000bps candidates=0 fee_age=2141ms
MICRO HEARTBEAT state=watching symbols=3 signal_source=demo books=3 
demo_books=3 Bquotes=87173 Mdepth=0 Ddepth=7429 above_floor=0 
max_residual=0.000bps candidates=0 fee_age=4159ms
MICRO HEARTBEAT state=watching symbols=3 signal_source=demo books=3 
demo_books=3 Bquotes=87264 Mdepth=0 Ddepth=7454 above_floor=0 
max_residual=0.000bps candidates=0 fee_age=1160ms
MICRO HEARTBEAT state=watching symbols=3 signal_source=demo books=3 
demo_books=3 Bquotes=87428 Mdepth=0 Ddepth=7454 above_floor=0 
max_residual=0.000bps candidates=0 fee_age=3169ms
MICRO HEARTBEAT state=watching symbols=3 signal_source=demo books=3 
demo_books=3 Bquotes=87745 Mdepth=0 Ddepth=7454 above_floor=0 
max_residual=0.000bps candidates=0 fee_age=202ms
MICRO HEARTBEAT state=watching symbols=3 signal_source=demo books=3 
demo_books=3 Bquotes=87952 Mdepth=0 Ddepth=7472 above_floor=0 
max_residual=0.000bps candidates=0 fee_age=2232ms
MICRO HEARTBEAT state=watching symbols=3 signal_source=demo books=3 
demo_books=3 Bquotes=88182 Mdepth=0 Ddepth=7472 above_floor=0 
max_residual=0.000bps candidates=0 fee_age=4233ms
MICRO HEARTBEAT state=watching symbols=3 signal_source=demo books=3 
demo_books=3 Bquotes=88599 Mdepth=0 Ddepth=7472 above_floor=0 
max_residual=0.000bps candidates=0 fee_age=1250ms
MICRO HEARTBEAT state=watching symbols=3 signal_source=demo books=3 
demo_books=3 Bquotes=88670 Mdepth=0 Ddepth=7495 above_floor=0 
max_residual=0.000bps candidates=0 fee_age=3299ms
MICRO HEARTBEAT state=watching symbols=3 signal_source=demo books=3 
demo_books=3 Bquotes=88730 Mdepth=0 Ddepth=7503 above_floor=0 
max_residual=0.000bps candidates=0 fee_age=252ms
MICRO HEARTBEAT state=watching symbols=3 signal_source=demo books=3 
demo_books=3 Bquotes=88790 Mdepth=0 Ddepth=7503 above_floor=0 
max_residual=0.000bps candidates=0 fee_age=2286ms
MICRO HEARTBEAT state=watching symbols=3 signal_source=demo books=3 
demo_books=3 Bquotes=89016 Mdepth=0 Ddepth=7522 above_floor=0 
max_residual=0.000bps candidates=0 fee_age=0ms
MICRO HEARTBEAT state=watching symbols=3 signal_source=demo books=3 
demo_books=3 Bquotes=89104 Mdepth=0 Ddepth=7522 above_floor=0 
max_residual=0.000bps candidates=0 fee_age=1383ms
MICRO HEARTBEAT state=watching symbols=3 signal_source=demo books=3 
demo_books=3 Bquotes=89325 Mdepth=0 Ddepth=7522 above_floor=0 
max_residual=0.000bps candidates=0 fee_age=3435ms
MICRO HEARTBEAT state=watching symbols=3 signal_source=demo books=3 
demo_books=3 Bquotes=89430 Mdepth=0 Ddepth=7530 above_floor=0 
max_residual=0.000bps candidates=0 fee_age=303ms
MICRO HEARTBEAT state=watching symbols=3 signal_source=demo books=3 
demo_books=3 Bquotes=89557 Mdepth=0 Ddepth=7546 above_floor=0 
max_residual=0.000bps candidates=0 fee_age=2305ms
MICRO HEARTBEAT state=watching symbols=3 signal_source=demo books=3 
demo_books=3 Bquotes=89665 Mdepth=0 Ddepth=7546 above_floor=0 
max_residual=0.000bps candidates=0 fee_age=0ms
MICRO HEARTBEAT state=watching symbols=3 signal_source=demo books=3 
demo_books=3 Bquotes=89756 Mdepth=0 Ddepth=7548 above_floor=0 
max_residual=0.000bps candidates=0 fee_age=2004ms
MICRO SIGNAL LINK_USDT SHORT residual=-2.119bps threshold=1.260 spread=1.060 
net=+0.860 B100=-2.119 M100=+0.000 Bage=1ms Mage=463ms DemoCross=5.0bps
MICRO HEARTBEAT state=watching symbols=3 signal_source=demo books=3 
demo_books=3 Bquotes=91085 Mdepth=0 Ddepth=7595 above_floor=0 
max_residual=0.000bps candidates=0 fee_age=0ms
MICRO SIGNAL LINK_USDT LONG residual=+2.119bps threshold=1.260 spread=1.060 
net=+0.859 B100=+2.119 M100=+0.000 Bage=3ms Mage=1ms DemoCross=5.0bps
DEMO ENTRY LINK_USDT LONG qty=1059.4 LIVEEntry=9.434 residual=+2.119 
notional=9994.38USDT leverage=200x requested_margin=50.0000USDT 
strategy_equity=39.9914USDT sizing=TARGET_NOTIONAL spread=1.060 
DemoFeeReported=1.99888 signal_to_visible=PENDING IOCconfirm=1028.6ms 
reconcile=ASYNC
MICRO POSITION LINK_USDT mark=+4.240bps MFE=+4.240 MAE=+0.000 
DemoNetMark=+0.239001USDT DemoNet=+0.239bps DemoMFE=+0.239 DemoMAE=+0.000 
TRAIL=+0.500bps residual=+0.000bps B100=+0.000
DEMO POSITION VISIBLE LINK_USDT signal_to_visible=1349.2ms
MICRO EXIT LINK_USDT reason=binance_target_caught LIVEpnl=+4.237600USDT 
move=+4.240bps MFE=+4.240 MAE=+0.000 hold=1349ms DemoExit=9.438 
DemoGross=+4.237600 DemoNet=+0.239100 DemoFee=1.99962
MICRO HEARTBEAT state=watching symbols=3 signal_source=demo books=3 
demo_books=3 Bquotes=91788 Mdepth=0 Ddepth=7631 above_floor=0 
max_residual=0.000bps candidates=0 fee_age=0ms
MICRO HEARTBEAT state=watching symbols=3 signal_source=demo books=3 
demo_books=3 Bquotes=91866 Mdepth=0 Ddepth=7634 above_floor=0 
max_residual=0.000bps candidates=0 fee_age=1293ms
MICRO SIGNAL LINK_USDT SHORT residual=-2.118bps threshold=1.259 spread=1.059 
net=+0.859 B100=-2.118 M100=+0.000 Bage=1ms Mage=1257ms DemoCross=5.0bps
MICRO HEARTBEAT state=watching symbols=3 signal_source=demo books=3 
demo_books=3 Bquotes=93134 Mdepth=0 Ddepth=7704 above_floor=0 
max_residual=0.000bps candidates=0 fee_age=0ms
MICRO HEARTBEAT state=watching symbols=3 signal_source=demo books=3 
demo_books=3 Bquotes=93205 Mdepth=0 Ddepth=7715 above_floor=0 
max_residual=0.000bps candidates=0 fee_age=748ms
MICRO HEARTBEAT state=watching symbols=3 signal_source=demo books=3 
demo_books=3 Bquotes=93295 Mdepth=0 Ddepth=7725 above_floor=0 
max_residual=0.000bps candidates=0 fee_age=2763ms
MICRO HEARTBEAT state=watching symbols=3 signal_source=demo books=3 
demo_books=3 Bquotes=93385 Mdepth=0 Ddepth=7732 above_floor=0 
max_residual=0.000bps candidates=0 fee_age=0ms
MICRO HEARTBEAT state=watching symbols=3 signal_source=demo books=3 
demo_books=3 Bquotes=93460 Mdepth=0 Ddepth=7754 above_floor=0 
max_residual=0.000bps candidates=0 fee_age=2025ms
MICRO HEARTBEAT state=watching symbols=3 signal_source=demo books=3 
demo_books=3 Bquotes=93598 Mdepth=0 Ddepth=7773 above_floor=0 
max_residual=0.000bps candidates=0 fee_age=0ms
MICRO HEARTBEAT state=watching symbols=3 signal_source=demo books=3 
demo_books=3 Bquotes=93667 Mdepth=0 Ddepth=7792 above_floor=0 
max_residual=0.000bps candidates=0 fee_age=2010ms
MICRO HEARTBEAT state=watching symbols=3 signal_source=demo books=3 
demo_books=3 Bquotes=93730 Mdepth=0 Ddepth=7810 above_floor=0 
max_residual=0.000bps candidates=0 fee_age=4039ms
MICRO HEARTBEAT state=watching symbols=3 signal_source=demo books=3 
demo_books=3 Bquotes=94006 Mdepth=0 Ddepth=7830 above_floor=0 
max_residual=0.000bps candidates=0 fee_age=1054ms
MICRO HEARTBEAT state=watching symbols=3 signal_source=demo books=3 
demo_books=3 Bquotes=94167 Mdepth=0 Ddepth=7852 above_floor=0 
max_residual=0.000bps candidates=0 fee_age=3082ms
MICRO HEARTBEAT state=watching symbols=3 signal_source=demo books=3 
demo_books=3 Bquotes=94325 Mdepth=0 Ddepth=7872 above_floor=0 
max_residual=0.000bps candidates=0 fee_age=0ms
MICRO HEARTBEAT state=watching symbols=3 signal_source=demo books=3 
demo_books=3 Bquotes=94401 Mdepth=0 Ddepth=7891 above_floor=0 
max_residual=0.000bps candidates=0 fee_age=2027ms
MICRO HEARTBEAT state=watching symbols=3 signal_source=demo books=3 
demo_books=3 Bquotes=94507 Mdepth=0 Ddepth=7910 above_floor=0 
max_residual=0.000bps candidates=0 fee_age=0ms
MICRO HEARTBEAT state=watching symbols=3 signal_source=demo books=3 
demo_books=3 Bquotes=94594 Mdepth=0 Ddepth=7931 above_floor=0 
max_residual=0.000bps candidates=0 fee_age=2031ms
MICRO HEARTBEAT state=watching symbols=3 signal_source=demo books=3 
demo_books=3 Bquotes=94730 Mdepth=0 Ddepth=7949 above_floor=0 
max_residual=0.000bps candidates=0 fee_age=1ms
MICRO HEARTBEAT state=watching symbols=3 signal_source=demo books=3 
demo_books=3 Bquotes=94814 Mdepth=0 Ddepth=7967 above_floor=0 
max_residual=0.000bps candidates=0 fee_age=2014ms
MICRO HEARTBEAT state=watching symbols=3 signal_source=demo books=3 
demo_books=3 Bquotes=94919 Mdepth=0 Ddepth=7986 above_floor=0 
max_residual=0.000bps candidates=0 fee_age=4047ms
MICRO HEARTBEAT state=watching symbols=3 signal_source=demo books=3 
demo_books=3 Bquotes=95000 Mdepth=0 Ddepth=8000 above_floor=0 
max_residual=0.000bps candidates=0 fee_age=494ms
MICRO HEARTBEAT state=watching symbols=3 signal_source=demo books=3 
demo_books=3 Bquotes=95073 Mdepth=0 Ddepth=8021 above_floor=0 
max_residual=0.000bps candidates=0 fee_age=2516ms
MICRO HEARTBEAT state=watching symbols=3 signal_source=demo books=3 
demo_books=3 Bquotes=95148 Mdepth=0 Ddepth=8037 above_floor=0 
max_residual=0.000bps candidates=0 fee_age=74ms
MICRO HEARTBEAT state=watching symbols=3 signal_source=demo books=3 
demo_books=3 Bquotes=95241 Mdepth=0 Ddepth=8053 above_floor=0 
max_residual=0.000bps candidates=0 fee_age=2113ms
MICRO HEARTBEAT state=watching symbols=3 signal_source=demo books=3 
demo_books=3 Bquotes=95402 Mdepth=0 Ddepth=8074 above_floor=0 
max_residual=0.000bps candidates=0 fee_age=4160ms
MICRO HEARTBEAT state=watching symbols=3 signal_source=demo books=3 
demo_books=3 Bquotes=95472 Mdepth=0 Ddepth=8088 above_floor=0 
max_residual=0.000bps candidates=0 fee_age=1115ms
MICRO HEARTBEAT state=watching symbols=3 signal_source=demo books=3 
demo_books=3 Bquotes=95565 Mdepth=0 Ddepth=8101 above_floor=0 
max_residual=0.000bps candidates=0 fee_age=3125ms
MICRO HEARTBEAT state=watching symbols=3 signal_source=demo books=3 
demo_books=3 Bquotes=95679 Mdepth=0 Ddepth=8124 above_floor=0 
max_residual=0.000bps candidates=0 fee_age=0ms
MICRO HEARTBEAT state=watching symbols=3 signal_source=demo books=3 
demo_books=3 Bquotes=95782 Mdepth=0 Ddepth=8139 above_floor=0 
max_residual=0.000bps candidates=0 fee_age=2022ms
MICRO HEARTBEAT state=watching symbols=3 signal_source=demo books=3 
demo_books=3 Bquotes=96206 Mdepth=0 Ddepth=8163 above_floor=0 
max_residual=0.000bps candidates=0 fee_age=0ms
MICRO HEARTBEAT state=watching symbols=3 signal_source=demo books=3 
demo_books=3 Bquotes=96622 Mdepth=0 Ddepth=8178 above_floor=0 
max_residual=0.000bps candidates=0 fee_age=2047ms
MICRO HEARTBEAT state=watching symbols=3 signal_source=demo books=3 
demo_books=3 Bquotes=96707 Mdepth=0 Ddepth=8204 above_floor=0 
max_residual=0.000bps candidates=0 fee_age=0ms
MICRO HEARTBEAT state=watching symbols=3 signal_source=demo books=3 
demo_books=3 Bquotes=96897 Mdepth=0 Ddepth=8220 above_floor=0 
max_residual=0.000bps candidates=0 fee_age=2031ms
MICRO HEARTBEAT state=watching symbols=3 signal_source=demo books=3 
demo_books=3 Bquotes=96963 Mdepth=0 Ddepth=8239 above_floor=0 
max_residual=0.000bps candidates=0 fee_age=4046ms
MICRO HEARTBEAT state=watching symbols=3 signal_source=demo books=3 
demo_books=3 Bquotes=97024 Mdepth=0 Ddepth=8256 above_floor=0 
max_residual=0.000bps candidates=0 fee_age=455ms
MICRO HEARTBEAT state=watching symbols=3 signal_source=demo books=3 
demo_books=3 Bquotes=97079 Mdepth=0 Ddepth=8270 above_floor=0 
max_residual=0.000bps candidates=0 fee_age=2465ms
MICRO HEARTBEAT state=watching symbols=3 signal_source=demo books=3 
demo_books=3 Bquotes=97141 Mdepth=0 Ddepth=8292 above_floor=0 
max_residual=0.000bps candidates=0 fee_age=0ms
MICRO HEARTBEAT state=watching symbols=3 signal_source=demo books=3 
demo_books=3 Bquotes=97209 Mdepth=0 Ddepth=8307 above_floor=0 
max_residual=0.000bps candidates=0 fee_age=2013ms
MICRO HEARTBEAT state=watching symbols=3 signal_source=demo books=3 
demo_books=3 Bquotes=97349 Mdepth=0 Ddepth=8325 above_floor=0 
max_residual=0.000bps candidates=0 fee_age=4049ms
MICRO HEARTBEAT state=watching symbols=3 signal_source=demo books=3 
demo_books=3 Bquotes=97454 Mdepth=0 Ddepth=8346 above_floor=0 
max_residual=0.000bps candidates=0 fee_age=1061ms
MICRO HEARTBEAT state=watching symbols=3 signal_source=demo books=3 
demo_books=3 Bquotes=97585 Mdepth=0 Ddepth=8360 above_floor=0 
max_residual=0.000bps candidates=0 fee_age=3088ms
MICRO HEARTBEAT state=watching symbols=3 signal_source=demo books=3 
demo_books=3 Bquotes=97636 Mdepth=0 Ddepth=8380 above_floor=0 
max_residual=0.000bps candidates=0 fee_age=139ms
MICRO HEARTBEAT state=watching symbols=3 signal_source=demo books=3 
demo_books=3 Bquotes=97715 Mdepth=0 Ddepth=8398 above_floor=0 
max_residual=0.000bps candidates=0 fee_age=2139ms
MICRO HEARTBEAT state=watching symbols=3 signal_source=demo books=3 
demo_books=3 Bquotes=97825 Mdepth=0 Ddepth=8413 above_floor=0 
max_residual=0.000bps candidates=0 fee_age=4149ms
MICRO HEARTBEAT state=watching symbols=3 signal_source=demo books=3 
demo_books=3 Bquotes=97903 Mdepth=0 Ddepth=8434 above_floor=0 
max_residual=0.000bps candidates=0 fee_age=1183ms
MICRO HEARTBEAT state=watching symbols=3 signal_source=demo books=3 
demo_books=3 Bquotes=98005 Mdepth=0 Ddepth=8447 above_floor=0 
max_residual=0.000bps candidates=0 fee_age=3189ms
MICRO HEARTBEAT state=watching symbols=3 signal_source=demo books=3 
demo_books=3 Bquotes=98178 Mdepth=0 Ddepth=8463 above_floor=0 
max_residual=0.000bps candidates=0 fee_age=98ms
MICRO SIGNAL LINK_USDT LONG residual=+2.120bps threshold=1.260 spread=1.060 
net=+0.860 B100=+2.120 M100=+0.000 Bage=1ms Mage=180ms DemoCross=5.0bps
DEMO ENTRY LINK_USDT LONG qty=1059.5 LIVEEntry=9.433 residual=+2.120 
notional=9994.26USDT leverage=200x requested_margin=50.0000USDT 
strategy_equity=40.2305USDT sizing=TARGET_NOTIONAL spread=1.060 
DemoFeeReported=1.99885 signal_to_visible=PENDING IOCconfirm=614.2ms 
reconcile=ASYNC
MICRO POSITION LINK_USDT mark=-1.060bps MFE=+0.000 MAE=-1.060 
DemoNetMark=-5.056993USDT DemoNet=-5.060bps DemoMFE=+0.000 DemoMAE=-5.060 
TRAIL=OFF residual=+0.000bps B100=+0.000
DEMO POSITION VISIBLE LINK_USDT signal_to_visible=995.6ms
MICRO POSITION LINK_USDT mark=-1.060bps MFE=+0.000 MAE=-1.060 
DemoNetMark=-5.056993USDT DemoNet=-5.060bps DemoMFE=+0.000 DemoMAE=-5.060 
TRAIL=OFF residual=+0.000bps B100=+0.000
MICRO POSITION LINK_USDT mark=+4.240bps MFE=+4.240 MAE=-1.060 
DemoNetMark=+0.239447USDT DemoNet=+0.240bps DemoMFE=+0.240 DemoMAE=-5.060 
TRAIL=+0.500bps residual=+0.000bps B100=+0.000
MICRO EXIT LINK_USDT reason=binance_target_caught LIVEpnl=+4.238000USDT 
move=+4.240bps MFE=+4.240 MAE=-1.060 hold=4994ms DemoExit=9.437 
DemoGross=+4.238000 DemoNet=+0.239500 DemoFee=1.99965
MICRO HEARTBEAT state=watching symbols=3 signal_source=demo books=3 
demo_books=3 Bquotes=98880 Mdepth=0 Ddepth=8539 above_floor=0 
max_residual=0.000bps candidates=0 fee_age=3108ms
MICRO HEARTBEAT state=watching symbols=3 signal_source=demo books=3 
demo_books=3 Bquotes=98951 Mdepth=0 Ddepth=8555 above_floor=0 
max_residual=0.000bps candidates=0 fee_age=0ms
MICRO HEARTBEAT state=watching symbols=3 signal_source=demo books=3 
demo_books=3 Bquotes=99025 Mdepth=0 Ddepth=8573 above_floor=0 
max_residual=0.000bps candidates=0 fee_age=2034ms
MICRO HEARTBEAT state=watching symbols=3 signal_source=demo books=3 
demo_books=3 Bquotes=99182 Mdepth=0 Ddepth=8590 above_floor=0 
max_residual=0.000bps candidates=0 fee_age=4051ms
MICRO HEARTBEAT state=watching symbols=3 signal_source=demo books=3 
demo_books=3 Bquotes=99238 Mdepth=0 Ddepth=8608 above_floor=0 
max_residual=0.000bps candidates=0 fee_age=1119ms
MICRO HEARTBEAT state=watching symbols=3 signal_source=demo books=3 
demo_books=3 Bquotes=99323 Mdepth=0 Ddepth=8626 above_floor=0 
max_residual=0.000bps candidates=0 fee_age=3154ms
MICRO HEARTBEAT state=watching symbols=3 signal_source=demo books=3 
demo_books=3 Bquotes=99376 Mdepth=0 Ddepth=8644 above_floor=0 
max_residual=0.000bps candidates=0 fee_age=129ms
MICRO HEARTBEAT state=watching symbols=3 signal_source=demo books=3 
demo_books=3 Bquotes=99424 Mdepth=0 Ddepth=8665 above_floor=0 
max_residual=0.000bps candidates=0 fee_age=2179ms
MICRO HEARTBEAT state=watching symbols=3 signal_source=demo books=3 
demo_books=3 Bquotes=99526 Mdepth=0 Ddepth=8677 above_floor=0 
max_residual=0.000bps candidates=0 fee_age=4189ms
MICRO HEARTBEAT state=watching symbols=3 signal_source=demo books=3 
demo_books=3 Bquotes=99612 Mdepth=0 Ddepth=8695 above_floor=0 
max_residual=0.000bps candidates=0 fee_age=1260ms
MICRO HEARTBEAT state=watching symbols=3 signal_source=demo books=3 
demo_books=3 Bquotes=99863 Mdepth=0 Ddepth=8718 above_floor=0 
max_residual=0.000bps candidates=0 fee_age=3274ms
MICRO HEARTBEAT state=watching symbols=3 signal_source=demo books=3 
demo_books=3 Bquotes=99996 Mdepth=0 Ddepth=8732 above_floor=0 
max_residual=0.000bps candidates=0 fee_age=274ms
MICRO HEARTBEAT state=watching symbols=3 signal_source=demo books=3 
demo_books=3 Bquotes=100127 Mdepth=0 Ddepth=8756 above_floor=0 
max_residual=0.000bps candidates=0 fee_age=2319ms
MICRO HEARTBEAT state=watching symbols=3 signal_source=demo books=3 
demo_books=3 Bquotes=100262 Mdepth=0 Ddepth=8780 above_floor=0 
max_residual=0.000bps candidates=0 fee_age=0ms
MICRO HEARTBEAT state=watching symbols=3 signal_source=demo books=3 
demo_books=3 Bquotes=100416 Mdepth=0 Ddepth=8791 above_floor=0 
max_residual=0.000bps candidates=0 fee_age=1367ms
MICRO HEARTBEAT state=watching symbols=3 signal_source=demo books=3 
demo_books=3 Bquotes=100702 Mdepth=0 Ddepth=8811 above_floor=0 
max_residual=0.000bps candidates=0 fee_age=3381ms
MICRO SIGNAL LINK_USDT SHORT residual=-2.119bps threshold=1.260 spread=1.060 
net=+0.860 B100=-2.119 M100=+0.000 Bage=1ms Mage=469ms DemoCross=5.0bps
MICRO HEARTBEAT state=watching symbols=3 signal_source=demo books=3 
demo_books=3 Bquotes=101174 Mdepth=0 Ddepth=8907 above_floor=0 
max_residual=0.000bps candidates=0 fee_age=0ms
MICRO HEARTBEAT state=watching symbols=3 signal_source=demo books=3 
demo_books=3 Bquotes=101219 Mdepth=0 Ddepth=8918 above_floor=0 
max_residual=0.000bps candidates=0 fee_age=1295ms
MICRO HEARTBEAT state=watching symbols=3 signal_source=demo books=3 
demo_books=3 Bquotes=101288 Mdepth=0 Ddepth=8937 above_floor=0 
max_residual=0.000bps candidates=0 fee_age=3350ms
MICRO HEARTBEAT state=watching symbols=3 signal_source=demo books=3 
demo_books=3 Bquotes=101421 Mdepth=0 Ddepth=8958 above_floor=0 
max_residual=0.000bps candidates=0 fee_age=355ms
MICRO HEARTBEAT state=watching symbols=3 signal_source=demo books=3 
demo_books=3 Bquotes=101482 Mdepth=0 Ddepth=8975 above_floor=0 
max_residual=0.000bps candidates=0 fee_age=2355ms
MICRO HEARTBEAT state=watching symbols=3 signal_source=demo books=3 
demo_books=3 Bquotes=102040 Mdepth=0 Ddepth=9003 above_floor=0 
max_residual=0.000bps candidates=0 fee_age=0ms
MICRO HEARTBEAT state=watching symbols=3 signal_source=demo books=3 
demo_books=3 Bquotes=102159 Mdepth=0 Ddepth=9021 above_floor=0 
max_residual=0.000bps candidates=0 fee_age=2062ms
MICRO HEARTBEAT state=watching symbols=3 signal_source=demo books=3 
demo_books=3 Bquotes=102296 Mdepth=0 Ddepth=9023 above_floor=0 
max_residual=0.000bps candidates=0 fee_age=4108ms
MICRO HEARTBEAT state=watching symbols=3 signal_source=demo books=3 
demo_books=3 Bquotes=102360 Mdepth=0 Ddepth=9023 above_floor=0 
max_residual=0.000bps candidates=0 fee_age=740ms
MICRO HEARTBEAT state=watching symbols=3 signal_source=demo books=3 
demo_books=3 Bquotes=102510 Mdepth=0 Ddepth=9043 above_floor=0 
max_residual=0.000bps candidates=0 fee_age=2766ms
MICRO HEARTBEAT state=watching symbols=3 signal_source=demo books=3 
demo_books=3 Bquotes=102727 Mdepth=0 Ddepth=9058 above_floor=0 
max_residual=0.000bps candidates=0 fee_age=303ms
MICRO HEARTBEAT state=watching symbols=3 signal_source=demo books=3 
demo_books=3 Bquotes=102798 Mdepth=0 Ddepth=9058 above_floor=0 
max_residual=0.000bps candidates=0 fee_age=2303ms
MICRO HEARTBEAT state=watching symbols=3 signal_source=demo books=3 
demo_books=3 Bquotes=103034 Mdepth=0 Ddepth=9079 above_floor=0 
max_residual=0.000bps candidates=0 fee_age=0ms
MICRO HEARTBEAT state=watching symbols=3 signal_source=demo books=3 
demo_books=3 Bquotes=103105 Mdepth=0 Ddepth=9082 above_floor=0 
max_residual=0.000bps candidates=0 fee_age=1264ms
MICRO HEARTBEAT state=watching symbols=3 signal_source=demo books=3 
demo_books=3 Bquotes=103288 Mdepth=0 Ddepth=9082 above_floor=0 
max_residual=0.000bps candidates=0 fee_age=3266ms
MICRO HEARTBEAT state=watching symbols=3 signal_source=demo books=3 
demo_books=3 Bquotes=103475 Mdepth=0 Ddepth=9083 above_floor=0 
max_residual=0.000bps candidates=0 fee_age=295ms
MICRO HEARTBEAT state=watching symbols=3 signal_source=demo books=3 
demo_books=3 Bquotes=103562 Mdepth=0 Ddepth=9109 above_floor=0 
max_residual=0.000bps candidates=0 fee_age=2347ms
MICRO HEARTBEAT state=watching symbols=3 signal_source=demo books=3 
demo_books=3 Bquotes=103660 Mdepth=0 Ddepth=9109 above_floor=0 
max_residual=0.000bps candidates=0 fee_age=0ms
MICRO HEARTBEAT state=watching symbols=3 signal_source=demo books=3 
demo_books=3 Bquotes=103681 Mdepth=0 Ddepth=9109 above_floor=0 
max_residual=0.000bps candidates=0 fee_age=842ms
MICRO HEARTBEAT state=watching symbols=3 signal_source=demo books=3 
demo_books=3 Bquotes=103765 Mdepth=0 Ddepth=9128 above_floor=0 
max_residual=0.000bps candidates=0 fee_age=2891ms
MICRO HEARTBEAT state=watching symbols=3 signal_source=demo books=3 
demo_books=3 Bquotes=103828 Mdepth=0 Ddepth=9129 above_floor=0 
max_residual=0.000bps candidates=0 fee_age=400ms
MICRO HEARTBEAT state=watching symbols=3 signal_source=demo books=3 
demo_books=3 Bquotes=103896 Mdepth=0 Ddepth=9129 above_floor=0 
max_residual=0.000bps candidates=0 fee_age=2434ms
MICRO HEARTBEAT state=watching symbols=3 signal_source=demo books=3 
demo_books=3 Bquotes=104095 Mdepth=0 Ddepth=9149 above_floor=0 
max_residual=0.000bps candidates=0 fee_age=0ms
MICRO HEARTBEAT state=watching symbols=3 signal_source=demo books=3 
demo_books=3 Bquotes=104147 Mdepth=0 Ddepth=9149 above_floor=0 
max_residual=0.000bps candidates=0 fee_age=2047ms
MICRO HEARTBEAT state=watching symbols=3 signal_source=demo books=3 
demo_books=3 Bquotes=104301 Mdepth=0 Ddepth=9149 above_floor=0 
max_residual=0.000bps candidates=0 fee_age=0ms
MICRO HEARTBEAT state=watching symbols=3 signal_source=demo books=3 
demo_books=3 Bquotes=104410 Mdepth=0 Ddepth=9168 above_floor=0 
max_residual=0.000bps candidates=0 fee_age=2012ms
MICRO HEARTBEAT state=watching symbols=3 signal_source=demo books=3 
demo_books=3 Bquotes=104500 Mdepth=0 Ddepth=9168 above_floor=0 
max_residual=0.000bps candidates=0 fee_age=4033ms
MICRO HEARTBEAT state=watching symbols=3 signal_source=demo books=3 
demo_books=3 Bquotes=104621 Mdepth=0 Ddepth=9168 above_floor=0 
max_residual=0.000bps candidates=0 fee_age=974ms
MICRO HEARTBEAT state=watching symbols=3 signal_source=demo books=3 
demo_books=3 Bquotes=104814 Mdepth=0 Ddepth=9187 above_floor=0 
max_residual=0.000bps candidates=0 fee_age=2974ms
MICRO HEARTBEAT state=watching symbols=3 signal_source=demo books=3 
demo_books=3 Bquotes=104897 Mdepth=0 Ddepth=9187 above_floor=0 
max_residual=0.000bps candidates=0 fee_age=2ms
MICRO HEARTBEAT state=watching symbols=3 signal_source=demo books=3 
demo_books=3 Bquotes=104967 Mdepth=0 Ddepth=9187 above_floor=0 
max_residual=0.000bps candidates=0 fee_age=2031ms
MICRO HEARTBEAT state=watching symbols=3 signal_source=demo books=3 
demo_books=3 Bquotes=105065 Mdepth=0 Ddepth=9207 above_floor=0 
max_residual=0.000bps candidates=0 fee_age=0ms
MICRO HEARTBEAT state=watching symbols=3 signal_source=demo books=3 
demo_books=3 Bquotes=105121 Mdepth=0 Ddepth=9207 above_floor=0 
max_residual=0.000bps candidates=0 fee_age=2008ms
MICRO HEARTBEAT state=watching symbols=3 signal_source=demo books=3 
demo_books=3 Bquotes=105294 Mdepth=0 Ddepth=9207 above_floor=0 
max_residual=0.000bps candidates=0 fee_age=4061ms
MICRO HEARTBEAT state=watching symbols=3 signal_source=demo books=3 
demo_books=3 Bquotes=105374 Mdepth=0 Ddepth=9223 above_floor=0 
max_residual=0.000bps candidates=0 fee_age=1076ms
MICRO HEARTBEAT state=watching symbols=3 signal_source=demo books=3 
demo_books=3 Bquotes=105570 Mdepth=0 Ddepth=9223 above_floor=0 
max_residual=0.000bps candidates=0 fee_age=3117ms
MICRO HEARTBEAT state=watching symbols=3 signal_source=demo books=3 
demo_books=3 Bquotes=105756 Mdepth=0 Ddepth=9223 above_floor=0 
max_residual=0.000bps candidates=0 fee_age=117ms
MICRO HEARTBEAT state=watching symbols=3 signal_source=demo books=3 
demo_books=3 Bquotes=105850 Mdepth=0 Ddepth=9238 above_floor=0 
max_residual=0.000bps candidates=0 fee_age=2150ms
MICRO HEARTBEAT state=watching symbols=3 signal_source=demo books=3 
demo_books=3 Bquotes=105982 Mdepth=0 Ddepth=9245 above_floor=0 
max_residual=0.000bps candidates=0 fee_age=4151ms
MICRO HEARTBEAT state=watching symbols=3 signal_source=demo books=3 
demo_books=3 Bquotes=106057 Mdepth=0 Ddepth=9245 above_floor=0 
max_residual=0.000bps candidates=0 fee_age=1152ms
MICRO HEARTBEAT state=watching symbols=3 signal_source=demo books=3 
demo_books=3 Bquotes=106194 Mdepth=0 Ddepth=9248 above_floor=0 
max_residual=0.000bps candidates=0 fee_age=3174ms
MICRO SIGNAL LINK_USDT LONG residual=+4.239bps threshold=1.260 spread=1.060 
net=+2.979 B100=+4.239 M100=+0.000 Bage=3ms Mage=252ms DemoCross=5.0bps
DEMO ENTRY LINK_USDT LONG qty=1059.6 LIVEEntry=9.432 residual=+4.239 
notional=9994.15USDT leverage=200x requested_margin=50.0000USDT 
strategy_equity=40.4700USDT sizing=TARGET_NOTIONAL spread=1.060 
DemoFeeReported=1.99883 signal_to_visible=PENDING IOCconfirm=1028.0ms 
reconcile=ASYNC
DEMO POSITION VISIBLE LINK_USDT signal_to_visible=1705.7ms
MICRO EXIT LINK_USDT reason=binance_target_caught LIVEpnl=+7.417200USDT 
move=+7.422bps MFE=+7.422 MAE=+0.000 hold=1064ms DemoExit=9.439 
DemoGross=+7.417200 DemoNet=+3.418100 DemoFee=2.00027
MICRO HEARTBEAT state=watching symbols=3 signal_source=demo books=3 
demo_books=3 Bquotes=107025 Mdepth=0 Ddepth=9289 above_floor=0 
max_residual=0.000bps candidates=0 fee_age=0ms
MICRO HEARTBEAT state=watching symbols=3 signal_source=demo books=3 
demo_books=3 Bquotes=107122 Mdepth=0 Ddepth=9289 above_floor=0 
max_residual=0.000bps candidates=0 fee_age=1244ms
MICRO HEARTBEAT state=watching symbols=3 signal_source=demo books=3 
demo_books=3 Bquotes=107255 Mdepth=0 Ddepth=9289 above_floor=0 
max_residual=0.000bps candidates=0 fee_age=3272ms
MICRO HEARTBEAT state=watching symbols=3 signal_source=demo books=3 
demo_books=3 Bquotes=107428 Mdepth=0 Ddepth=9294 above_floor=0 
max_residual=0.000bps candidates=0 fee_age=325ms
MICRO SIGNAL LINK_USDT LONG residual=+2.117bps threshold=1.259 spread=1.059 
net=+0.858 B100=+2.117 M100=+0.000 Bage=6ms Mage=181ms DemoCross=5.0bps
DEMO ENTRY LINK_USDT LONG qty=1058.4 LIVEEntry=9.443 residual=+2.117 
notional=9994.47USDT leverage=200x requested_margin=50.0000USDT 
strategy_equity=43.8881USDT sizing=TARGET_NOTIONAL spread=1.059 
DemoFeeReported=1.99889 signal_to_visible=PENDING IOCconfirm=579.1ms 
reconcile=ASYNC
MICRO POSITION LINK_USDT mark=-1.059bps MFE=+0.000 MAE=-1.059 
DemoNetMark=-5.055977USDT DemoNet=-5.059bps DemoMFE=+0.000 DemoMAE=-5.059 
TRAIL=OFF residual=+0.000bps B100=+0.000
DEMO POSITION VISIBLE LINK_USDT signal_to_visible=931.3ms
MICRO POSITION LINK_USDT mark=-1.059bps MFE=+0.000 MAE=-1.059 
DemoNetMark=-5.055977USDT DemoNet=-5.059bps DemoMFE=+0.000 DemoMAE=-5.059 
TRAIL=OFF residual=+0.000bps B100=+0.000
MICRO POSITION LINK_USDT mark=+3.177bps MFE=+3.177 MAE=-1.059 
DemoNetMark=-0.823224USDT DemoNet=-0.824bps DemoMFE=+0.000 DemoMAE=-5.059 
TRAIL=+0.500bps residual=+0.000bps B100=+0.000
MICRO EXIT LINK_USDT reason=binance_target_caught LIVEpnl=+3.175200USDT 
move=+3.177bps MFE=+3.177 MAE=-1.059 hold=5425ms DemoExit=9.446 
DemoGross=+3.175200 DemoNet=-0.823200 DemoFee=1.99951
MICRO HEARTBEAT state=watching symbols=3 signal_source=demo books=3 
demo_books=3 Bquotes=108293 Mdepth=0 Ddepth=9355 above_floor=0 
max_residual=0.000bps candidates=0 fee_age=4047ms
MICRO SIGNAL LINK_USDT SHORT residual=-1.588bps threshold=1.259 spread=1.059 
net=+0.329 B100=-1.588 M100=+0.000 Bage=1ms Mage=1421ms DemoCross=5.0bps
MICRO HEARTBEAT state=watching symbols=3 signal_source=demo books=3 
demo_books=3 Bquotes=108902 Mdepth=0 Ddepth=9457 above_floor=0 
max_residual=0.000bps candidates=0 fee_age=0ms
MICRO HEARTBEAT state=watching symbols=3 signal_source=demo books=3 
demo_books=3 Bquotes=108961 Mdepth=0 Ddepth=9464 above_floor=0 
max_residual=0.000bps candidates=0 fee_age=1328ms
MICRO HEARTBEAT state=watching symbols=3 signal_source=demo books=3 
demo_books=3 Bquotes=109206 Mdepth=0 Ddepth=9485 above_floor=0 
max_residual=0.999bps candidates=0 fee_age=3332ms
MICRO SIGNAL LINK_USDT LONG residual=+2.118bps threshold=1.259 spread=1.059 
net=+0.859 B100=+2.118 M100=+0.000 Bage=4ms Mage=266ms DemoCross=5.0bps
DEMO ENTRY LINK_USDT LONG qty=1058.6 LIVEEntry=9.441 residual=+2.118 
notional=9994.24USDT leverage=200x requested_margin=50.0000USDT 
strategy_equity=43.0649USDT sizing=TARGET_NOTIONAL spread=1.059 
DemoFeeReported=1.99885 signal_to_visible=PENDING IOCconfirm=638.3ms 
reconcile=ASYNC
DEMO POSITION VISIBLE LINK_USDT signal_to_visible=1767.6ms
MICRO POSITION LINK_USDT mark=-1.059bps MFE=+0.000 MAE=-1.059 
DemoNetMark=-5.056085USDT DemoNet=-5.059bps DemoMFE=+0.000 DemoMAE=-5.059 
TRAIL=OFF residual=+0.000bps B100=+0.000
MICRO POSITION LINK_USDT mark=-1.059bps MFE=+0.000 MAE=-1.059 
DemoNetMark=-5.056085USDT DemoNet=-5.059bps DemoMFE=+0.000 DemoMAE=-5.059 
TRAIL=OFF residual=+0.000bps B100=+0.000
MICRO EXIT LINK_USDT reason=binance_target_caught LIVEpnl=+3.175800USDT 
move=+3.178bps MFE=+3.178 MAE=-1.059 hold=4538ms DemoExit=9.444 
DemoGross=+3.175800 DemoNet=-0.822500 DemoFee=1.99945
MICRO HEARTBEAT state=watching symbols=3 signal_source=demo books=3 
demo_books=3 Bquotes=109764 Mdepth=0 Ddepth=9552 above_floor=0 
max_residual=0.000bps candidates=0 fee_age=0ms
MICRO SIGNAL LINK_USDT SHORT residual=-2.118bps threshold=1.259 spread=1.059 
net=+0.859 B100=-2.118 M100=+0.000 Bage=1ms Mage=1834ms DemoCross=5.0bps
DEMO ENTRY LINK_USDT SHORT qty=1059.4 LIVEEntry=9.444 residual=-2.118 
notional=10005USDT leverage=200x requested_margin=50.0000USDT 
strategy_equity=42.2424USDT sizing=TARGET_NOTIONAL spread=1.059 
DemoFeeReported=2.00099 signal_to_visible=PENDING IOCconfirm=618.2ms 
reconcile=ASYNC
MICRO POSITION LINK_USDT mark=-1.059bps MFE=+0.000 MAE=-1.059 
DemoNetMark=-5.061601USDT DemoNet=-5.059bps DemoMFE=+0.000 DemoMAE=-5.059 
TRAIL=OFF residual=+0.000bps B100=+0.000
DEMO POSITION VISIBLE LINK_USDT signal_to_visible=1025.2ms
MICRO EXIT LINK_USDT reason=binance_target_caught LIVEpnl=+7.415800USDT 
move=+7.412bps MFE=+7.412 MAE=-1.059 hold=2362ms DemoExit=9.437 
DemoGross=+7.415800 DemoNet=+3.415300 DemoFee=1.99951
MICRO HEARTBEAT state=watching symbols=3 signal_source=demo books=3 
demo_books=3 Bquotes=110297 Mdepth=0 Ddepth=9596 above_floor=0 
max_residual=0.000bps candidates=0 fee_age=0ms
MICRO HEARTBEAT state=watching symbols=3 signal_source=demo books=3 
demo_books=3 Bquotes=110416 Mdepth=0 Ddepth=9606 above_floor=0 
max_residual=0.000bps candidates=0 fee_age=1372ms
MICRO HEARTBEAT state=watching symbols=3 signal_source=demo books=3 
demo_books=3 Bquotes=110553 Mdepth=0 Ddepth=9623 above_floor=0 
max_residual=0.000bps candidates=0 fee_age=3429ms
MICRO SIGNAL LINK_USDT LONG residual=+2.118bps threshold=1.260 spread=1.060 
net=+0.858 B100=+2.118 M100=+0.000 Bage=1ms Mage=1334ms DemoCross=5.0bps
DEMO ENTRY LINK_USDT LONG qty=1059 LIVEEntry=9.437 residual=+2.118 
notional=9993.78USDT leverage=200x requested_margin=50.0000USDT 
strategy_equity=45.6577USDT sizing=TARGET_NOTIONAL spread=1.060 
DemoFeeReported=1.99876 signal_to_visible=PENDING IOCconfirm=610.4ms 
reconcile=ASYNC
MICRO POSITION LINK_USDT mark=-1.060bps MFE=+0.000 MAE=-1.060 
DemoNetMark=-5.056301USDT DemoNet=-5.059bps DemoMFE=+0.000 DemoMAE=-5.059 
TRAIL=OFF residual=+0.000bps B100=+0.000
DEMO POSITION VISIBLE LINK_USDT signal_to_visible=1034.2ms
MICRO POSITION LINK_USDT mark=-1.060bps MFE=+0.000 MAE=-1.060 
DemoNetMark=-5.056301USDT DemoNet=-5.059bps DemoMFE=+0.000 DemoMAE=-5.059 
TRAIL=OFF residual=+0.000bps B100=+0.000
MICRO EXIT LINK_USDT reason=binance_target_caught LIVEpnl=+6.354000USDT 
move=+6.358bps MFE=+6.358 MAE=-1.060 hold=3485ms DemoExit=9.443 
DemoGross=+6.354000 DemoNet=+2.355300 DemoFee=1.99994
MICRO HEARTBEAT state=watching symbols=3 signal_source=demo books=3 
demo_books=3 Bquotes=111427 Mdepth=0 Ddepth=9686 above_floor=0 
max_residual=0.000bps candidates=0 fee_age=0ms
MICRO HEARTBEAT state=watching symbols=3 signal_source=demo books=3 
demo_books=3 Bquotes=111495 Mdepth=0 Ddepth=9695 above_floor=0 
max_residual=0.000bps candidates=0 fee_age=1419ms
MICRO HEARTBEAT state=watching symbols=3 signal_source=demo books=3 
demo_books=3 Bquotes=111559 Mdepth=0 Ddepth=9717 above_floor=0 
max_residual=0.000bps candidates=0 fee_age=3454ms
MICRO HEARTBEAT state=watching symbols=3 signal_source=demo books=3 
demo_books=3 Bquotes=111627 Mdepth=0 Ddepth=9732 above_floor=0 
max_residual=0.000bps candidates=0 fee_age=472ms
MICRO HEARTBEAT state=watching symbols=3 signal_source=demo books=3 
demo_books=3 Bquotes=111732 Mdepth=0 Ddepth=9748 above_floor=0 
max_residual=0.000bps candidates=0 fee_age=2482ms
MICRO HEARTBEAT state=watching symbols=3 signal_source=demo books=3 
demo_books=3 Bquotes=111816 Mdepth=0 Ddepth=9772 above_floor=0 
max_residual=0.000bps candidates=0 fee_age=0ms
MICRO HEARTBEAT state=watching symbols=3 signal_source=demo books=3 
demo_books=3 Bquotes=111882 Mdepth=0 Ddepth=9789 above_floor=0 
max_residual=0.000bps candidates=0 fee_age=2001ms
MICRO HEARTBEAT state=watching symbols=3 signal_source=demo books=3 
demo_books=3 Bquotes=112298 Mdepth=0 Ddepth=9808 above_floor=0 
max_residual=0.000bps candidates=0 fee_age=4003ms
MICRO HEARTBEAT state=watching symbols=3 signal_source=demo books=3 
demo_books=3 Bquotes=112453 Mdepth=0 Ddepth=9824 above_floor=0 
max_residual=0.000bps candidates=0 fee_age=1069ms
MICRO HEARTBEAT state=watching symbols=3 signal_source=demo books=3 
demo_books=3 Bquotes=112831 Mdepth=0 Ddepth=9839 above_floor=0 
max_residual=0.000bps candidates=0 fee_age=3079ms
MICRO HEARTBEAT state=watching symbols=3 signal_source=demo books=3 
demo_books=3 Bquotes=112944 Mdepth=0 Ddepth=9859 above_floor=0 
max_residual=0.000bps candidates=0 fee_age=98ms
MICRO HEARTBEAT state=watching symbols=3 signal_source=demo books=3 
demo_books=3 Bquotes=113010 Mdepth=0 Ddepth=9873 above_floor=0 
max_residual=0.000bps candidates=0 fee_age=2123ms
MICRO HEARTBEAT state=watching symbols=3 signal_source=demo books=3 
demo_books=3 Bquotes=113095 Mdepth=0 Ddepth=9894 above_floor=0 
max_residual=0.000bps candidates=0 fee_age=4133ms
MICRO HEARTBEAT state=watching symbols=3 signal_source=demo books=3 
demo_books=3 Bquotes=113214 Mdepth=0 Ddepth=9910 above_floor=0 
max_residual=0.000bps candidates=0 fee_age=1022ms
MICRO HEARTBEAT state=watching symbols=3 signal_source=demo books=3 
demo_books=3 Bquotes=113316 Mdepth=0 Ddepth=9926 above_floor=0 
max_residual=0.000bps candidates=0 fee_age=3048ms
MICRO HEARTBEAT state=watching symbols=3 signal_source=demo books=3 
demo_books=3 Bquotes=113522 Mdepth=0 Ddepth=9946 above_floor=0 
max_residual=0.000bps candidates=0 fee_age=80ms
MICRO HEARTBEAT state=watching symbols=3 signal_source=demo books=3 
demo_books=3 Bquotes=113729 Mdepth=0 Ddepth=9960 above_floor=0 
max_residual=0.000bps candidates=0 fee_age=2081ms
MICRO HEARTBEAT state=watching symbols=3 signal_source=demo books=3 
demo_books=3 Bquotes=113863 Mdepth=0 Ddepth=9976 above_floor=0 
max_residual=0.000bps candidates=0 fee_age=4083ms
MICRO HEARTBEAT state=watching symbols=3 signal_source=demo books=3 
demo_books=3 Bquotes=113933 Mdepth=0 Ddepth=9996 above_floor=0 
max_residual=0.000bps candidates=0 fee_age=1052ms
MICRO HEARTBEAT state=watching symbols=3 signal_source=demo books=3 
demo_books=3 Bquotes=114302 Mdepth=0 Ddepth=10009 above_floor=0 
max_residual=0.000bps candidates=0 fee_age=3069ms
MICRO HEARTBEAT state=watching symbols=3 signal_source=demo books=3 
demo_books=3 Bquotes=114379 Mdepth=0 Ddepth=10028 above_floor=0 
max_residual=0.000bps candidates=0 fee_age=126ms
MICRO HEARTBEAT state=watching symbols=3 signal_source=demo books=3 
demo_books=3 Bquotes=114445 Mdepth=0 Ddepth=10045 above_floor=0 
max_residual=0.000bps candidates=0 fee_age=2141ms
MICRO HEARTBEAT state=watching symbols=3 signal_source=demo books=3 
demo_books=3 Bquotes=114612 Mdepth=0 Ddepth=10061 above_floor=0 
max_residual=0.000bps candidates=0 fee_age=4159ms
MICRO HEARTBEAT state=watching symbols=3 signal_source=demo books=3 
demo_books=3 Bquotes=114749 Mdepth=0 Ddepth=10083 above_floor=1 
max_residual=2.118bps candidates=1 fee_age=1134ms
MICRO HEARTBEAT state=watching symbols=3 signal_source=demo books=3 
demo_books=3 Bquotes=114987 Mdepth=0 Ddepth=10098 above_floor=0 
max_residual=0.000bps candidates=0 fee_age=3135ms
MICRO HEARTBEAT state=watching symbols=3 signal_source=demo books=3 
demo_books=3 Bquotes=115309 Mdepth=0 Ddepth=10119 above_floor=0 
max_residual=0.999bps candidates=0 fee_age=0ms
MICRO SIGNAL LINK_USDT SHORT residual=-2.119bps threshold=1.259 spread=1.059 
net=+0.859 B100=-2.119 M100=+0.000 Bage=2ms Mage=845ms DemoCross=5.0bps
DEMO ENTRY LINK_USDT SHORT qty=1059.7 LIVEEntry=9.441 residual=-2.119 
notional=10004.6USDT leverage=200x requested_margin=50.0000USDT 
strategy_equity=48.0130USDT sizing=TARGET_NOTIONAL spread=1.059 
DemoFeeReported=2.00093 signal_to_visible=PENDING IOCconfirm=604.7ms 
reconcile=ASYNC
MICRO POSITION LINK_USDT mark=-1.059bps MFE=+0.000 MAE=-1.059 
DemoNetMark=-5.061763USDT DemoNet=-5.059bps DemoMFE=+0.000 DemoMAE=-5.059 
TRAIL=OFF residual=+0.000bps B100=+0.000
DEMO POSITION VISIBLE LINK_USDT signal_to_visible=986.5ms
MICRO POSITION LINK_USDT mark=-1.059bps MFE=+0.000 MAE=-1.059 
DemoNetMark=-5.061763USDT DemoNet=-5.059bps DemoMFE=+0.000 DemoMAE=-5.059 
TRAIL=OFF residual=+0.000bps B100=+0.000
MICRO POSITION LINK_USDT mark=+1.059bps MFE=+1.059 MAE=-1.059 
DemoNetMark=-2.941939USDT DemoNet=-2.941bps DemoMFE=+0.000 DemoMAE=-5.059 
TRAIL=OFF residual=+0.000bps B100=+0.000
MICRO POSITION LINK_USDT mark=+1.059bps MFE=+1.059 MAE=-1.059 
DemoNetMark=-2.941939USDT DemoNet=-2.941bps DemoMFE=+0.000 DemoMAE=-5.059 
TRAIL=OFF residual=+0.000bps B100=+0.000
MICRO POSITION LINK_USDT mark=+1.059bps MFE=+1.059 MAE=-1.059 
DemoNetMark=-2.941939USDT DemoNet=-2.941bps DemoMFE=+0.000 DemoMAE=-5.059 
TRAIL=OFF residual=+0.000bps B100=+0.000
MICRO EXIT LINK_USDT reason=binance_target_caught LIVEpnl=+2.119400USDT 
move=+2.118bps MFE=+2.118 MAE=-1.059 hold=9639ms DemoExit=9.439 
DemoGross=+2.119400 DemoNet=-1.882000 DemoFee=2.00047
MICRO HEARTBEAT state=watching symbols=3 signal_source=demo books=3 
demo_books=3 Bquotes=116344 Mdepth=0 Ddepth=10235 above_floor=0 
max_residual=0.000bps candidates=0 fee_age=3127ms
MICRO HEARTBEAT state=watching symbols=3 signal_source=demo books=3 
demo_books=3 Bquotes=116424 Mdepth=0 Ddepth=10251 above_floor=0 
max_residual=0.000bps candidates=0 fee_age=174ms
MICRO HEARTBEAT state=watching symbols=3 signal_source=demo books=3 
demo_books=3 Bquotes=116664 Mdepth=0 Ddepth=10276 above_floor=0 
max_residual=0.000bps candidates=0 fee_age=2203ms
MICRO HEARTBEAT state=watching symbols=3 signal_source=demo books=3 
demo_books=3 Bquotes=116797 Mdepth=0 Ddepth=10293 above_floor=0 
max_residual=0.000bps candidates=0 fee_age=4255ms
MICRO HEARTBEAT state=watching symbols=3 signal_source=demo books=3 
demo_books=3 Bquotes=116889 Mdepth=0 Ddepth=10310 above_floor=0 
max_residual=0.000bps candidates=0 fee_age=614ms
MICRO HEARTBEAT state=watching symbols=3 signal_source=demo books=3 
demo_books=3 Bquotes=117007 Mdepth=0 Ddepth=10332 above_floor=0 
max_residual=0.000bps candidates=0 fee_age=2618ms
MICRO HEARTBEAT state=watching symbols=3 signal_source=demo books=3 
demo_books=3 Bquotes=117108 Mdepth=0 Ddepth=10349 above_floor=0 
max_residual=0.000bps candidates=0 fee_age=216ms
MICRO HEARTBEAT state=watching symbols=3 signal_source=demo books=3 
demo_books=3 Bquotes=117411 Mdepth=0 Ddepth=10368 above_floor=0 
max_residual=0.000bps candidates=0 fee_age=2268ms
MICRO HEARTBEAT state=watching symbols=3 signal_source=demo books=3 
demo_books=3 Bquotes=117600 Mdepth=0 Ddepth=10388 above_floor=0 
max_residual=0.000bps candidates=0 fee_age=4295ms
MICRO HEARTBEAT state=watching symbols=3 signal_source=demo books=3 
demo_books=3 Bquotes=117700 Mdepth=0 Ddepth=10403 above_floor=0 
max_residual=0.000bps candidates=0 fee_age=1272ms
MICRO HEARTBEAT state=watching symbols=3 signal_source=demo books=3 
demo_books=3 Bquotes=117835 Mdepth=0 Ddepth=10429 above_floor=0 
max_residual=0.000bps candidates=0 fee_age=3302ms
MICRO HEARTBEAT state=watching symbols=3 signal_source=demo books=3 
demo_books=3 Bquotes=117898 Mdepth=0 Ddepth=10445 above_floor=0 
max_residual=0.000bps candidates=0 fee_age=295ms
MICRO HEARTBEAT state=watching symbols=3 signal_source=demo books=3 
demo_books=3 Bquotes=118013 Mdepth=0 Ddepth=10462 above_floor=0 
max_residual=0.000bps candidates=0 fee_age=2299ms
MICRO HEARTBEAT state=watching symbols=3 signal_source=demo books=3 
demo_books=3 Bquotes=118186 Mdepth=0 Ddepth=10483 above_floor=1 
max_residual=1.059bps candidates=0 fee_age=4319ms
MICRO HEARTBEAT state=watching symbols=3 signal_source=demo books=3 
demo_books=3 Bquotes=118377 Mdepth=0 Ddepth=10500 above_floor=0 
max_residual=0.000bps candidates=0 fee_age=1269ms
MICRO HEARTBEAT state=watching symbols=3 signal_source=demo books=3 
demo_books=3 Bquotes=118514 Mdepth=0 Ddepth=10523 above_floor=0 
max_residual=0.000bps candidates=0 fee_age=3325ms
MICRO HEARTBEAT state=watching symbols=3 signal_source=demo books=3 
demo_books=3 Bquotes=118643 Mdepth=0 Ddepth=10539 above_floor=1 
max_residual=1.059bps candidates=0 fee_age=305ms
MICRO HEARTBEAT state=watching symbols=3 signal_source=demo books=3 
demo_books=3 Bquotes=118768 Mdepth=0 Ddepth=10556 above_floor=0 
max_residual=0.000bps candidates=0 fee_age=2344ms
MICRO HEARTBEAT state=watching symbols=3 signal_source=demo books=3 
demo_books=3 Bquotes=118962 Mdepth=0 Ddepth=10587 above_floor=0 
max_residual=0.000bps candidates=0 fee_age=0ms
MICRO HEARTBEAT state=watching symbols=3 signal_source=demo books=3 
demo_books=3 Bquotes=119102 Mdepth=0 Ddepth=10602 above_floor=0 
max_residual=0.000bps candidates=0 fee_age=2013ms
MICRO HEARTBEAT state=watching symbols=3 signal_source=demo books=3 
demo_books=3 Bquotes=119208 Mdepth=0 Ddepth=10623 above_floor=0 
max_residual=0.000bps candidates=0 fee_age=4018ms
MICRO HEARTBEAT state=watching symbols=3 signal_source=demo books=3 
demo_books=3 Bquotes=119286 Mdepth=0 Ddepth=10639 above_floor=0 
max_residual=0.000bps candidates=0 fee_age=1116ms
MICRO HEARTBEAT state=watching symbols=3 signal_source=demo books=3 
demo_books=3 Bquotes=119386 Mdepth=0 Ddepth=10657 above_floor=0 
max_residual=0.000bps candidates=0 fee_age=3119ms
MICRO HEARTBEAT state=watching symbols=3 signal_source=demo books=3 
demo_books=3 Bquotes=119496 Mdepth=0 Ddepth=10683 above_floor=0 
max_residual=0.000bps candidates=0 fee_age=0ms
MICRO SIGNAL LINK_USDT LONG residual=+2.118bps threshold=1.259 spread=1.059 
net=+0.859 B100=+2.118 M100=+0.000 Bage=1ms Mage=753ms DemoCross=5.0bps
DEMO ENTRY LINK_USDT LONG qty=1058.6 LIVEEntry=9.441 residual=+2.118 
notional=9994.24USDT leverage=200x requested_margin=50.0000USDT 
strategy_equity=46.1310USDT sizing=TARGET_NOTIONAL spread=1.059 
DemoFeeReported=1.99885 signal_to_visible=PENDING IOCconfirm=715.9ms 
reconcile=ASYNC
DEMO POSITION VISIBLE LINK_USDT signal_to_visible=1092.2ms
MICRO POSITION LINK_USDT mark=-1.059bps MFE=+0.000 MAE=-1.059 
DemoNetMark=-5.056085USDT DemoNet=-5.059bps DemoMFE=+0.000 DemoMAE=-5.059 
TRAIL=OFF residual=+0.000bps B100=+0.000
MICRO EXIT LINK_USDT reason=binance_target_caught LIVEpnl=+2.117200USDT 
move=+2.118bps MFE=+2.118 MAE=-1.059 hold=3655ms DemoExit=9.443 
DemoGross=+2.117200 DemoNet=-1.880900 DemoFee=1.99925
MICRO HEARTBEAT state=watching symbols=3 signal_source=demo books=3 
demo_books=3 Bquotes=119937 Mdepth=0 Ddepth=10741 above_floor=0 
max_residual=0.000bps candidates=0 fee_age=0ms
MICRO HEARTBEAT state=watching symbols=3 signal_source=demo books=3 
demo_books=3 Bquotes=120002 Mdepth=0 Ddepth=10748 above_floor=0 
max_residual=0.000bps candidates=0 fee_age=1301ms
MICRO HEARTBEAT state=watching symbols=3 signal_source=demo books=3 
demo_books=3 Bquotes=120097 Mdepth=0 Ddepth=10771 above_floor=0 
max_residual=0.000bps candidates=0 fee_age=3351ms
MICRO HEARTBEAT state=watching symbols=3 signal_source=demo books=3 
demo_books=3 Bquotes=120174 Mdepth=0 Ddepth=10791 above_floor=0 
max_residual=0.000bps candidates=0 fee_age=321ms
MICRO HEARTBEAT state=watching symbols=3 signal_source=demo books=3 
demo_books=3 Bquotes=120364 Mdepth=0 Ddepth=10807 above_floor=0 
max_residual=0.000bps candidates=0 fee_age=2327ms
MICRO HEARTBEAT state=watching symbols=3 signal_source=demo books=3 
demo_books=3 Bquotes=120545 Mdepth=0 Ddepth=10839 above_floor=0 
max_residual=0.000bps candidates=0 fee_age=0ms
MICRO HEARTBEAT state=watching symbols=3 signal_source=demo books=3 
demo_books=3 Bquotes=120682 Mdepth=0 Ddepth=10855 above_floor=0 
max_residual=0.000bps candidates=0 fee_age=2010ms
MICRO HEARTBEAT state=watching symbols=3 signal_source=demo books=3 
demo_books=3 Bquotes=120866 Mdepth=0 Ddepth=10872 above_floor=0 
max_residual=0.000bps candidates=0 fee_age=4048ms
MICRO HEARTBEAT state=watching symbols=3 signal_source=demo books=3 
demo_books=3 Bquotes=120959 Mdepth=0 Ddepth=10892 above_floor=0 
max_residual=0.000bps candidates=0 fee_age=984ms
MICRO HEARTBEAT state=watching symbols=3 signal_source=demo books=3 
demo_books=3 Bquotes=121059 Mdepth=0 Ddepth=10907 above_floor=0 
max_residual=0.000bps candidates=0 fee_age=2984ms
MICRO SIGNAL DOGE_USDT SHORT residual=-2.859bps threshold=1.629 spread=1.429 
net=+1.230 B100=-2.859 M100=+0.000 Bage=1ms Mage=69ms DemoCross=5.0bps
DEMO ENTRY DOGE_USDT SHORT qty=143000 LIVEEntry=0.06996 residual=-2.859 
notional=10004.3USDT leverage=200x requested_margin=50.0000USDT 
strategy_equity=44.2501USDT sizing=TARGET_NOTIONAL spread=1.429 
DemoFeeReported=2.00086 signal_to_visible=PENDING IOCconfirm=644.4ms 
reconcile=ASYNC
DEMO POSITION VISIBLE DOGE_USDT signal_to_visible=1416.1ms
MICRO POSITION DOGE_USDT mark=-1.429bps MFE=+0.000 MAE=-1.429 
DemoNetMark=-5.431998USDT DemoNet=-5.430bps DemoMFE=+0.000 DemoMAE=-5.430 
TRAIL=OFF residual=+0.000bps B100=+0.000
MICRO POSITION DOGE_USDT mark=-1.429bps MFE=+0.000 MAE=-1.429 
DemoNetMark=-5.431998USDT DemoNet=-5.430bps DemoMFE=+0.000 DemoMAE=-5.430 
TRAIL=OFF residual=+0.000bps B100=+0.000
MICRO EXIT DOGE_USDT reason=binance_target_caught LIVEpnl=+2.860000USDT 
move=+2.859bps MFE=+2.859 MAE=-1.429 hold=5343ms DemoExit=0.06994 
DemoGross=+2.860000 DemoNet=-1.141100 DemoFee=2.00024
MICRO HEARTBEAT state=watching symbols=3 signal_source=demo books=3 
demo_books=3 Bquotes=122089 Mdepth=0 Ddepth=10991 above_floor=0 
max_residual=0.000bps candidates=0 fee_age=0ms
MICRO HEARTBEAT state=watching symbols=3 signal_source=demo books=3 
demo_books=3 Bquotes=122182 Mdepth=0 Ddepth=10999 above_floor=0 
max_residual=0.000bps candidates=0 fee_age=1381ms
MICRO HEARTBEAT state=watching symbols=3 signal_source=demo books=3 
demo_books=3 Bquotes=122349 Mdepth=0 Ddepth=11021 above_floor=0 
max_residual=0.000bps candidates=0 fee_age=3390ms
MICRO HEARTBEAT state=watching symbols=3 signal_source=demo books=3 
demo_books=3 Bquotes=122498 Mdepth=0 Ddepth=11042 above_floor=0 
max_residual=0.000bps candidates=0 fee_age=362ms
MICRO HEARTBEAT state=watching symbols=3 signal_source=demo books=3 
demo_books=3 Bquotes=122617 Mdepth=0 Ddepth=11059 above_floor=0 
max_residual=0.000bps candidates=0 fee_age=2372ms
MICRO HEARTBEAT state=watching symbols=3 signal_source=demo books=3 
demo_books=3 Bquotes=123244 Mdepth=0 Ddepth=11088 above_floor=0 
max_residual=0.000bps candidates=0 fee_age=0ms
MICRO HEARTBEAT state=watching symbols=3 signal_source=demo books=3 
demo_books=3 Bquotes=123387 Mdepth=0 Ddepth=11105 above_floor=0 
max_residual=0.000bps candidates=0 fee_age=2007ms
MICRO HEARTBEAT state=watching symbols=3 signal_source=demo books=3 
demo_books=3 Bquotes=123472 Mdepth=0 Ddepth=11125 above_floor=0 
max_residual=0.000bps candidates=0 fee_age=4025ms
MICRO HEARTBEAT state=watching symbols=3 signal_source=demo books=3 
demo_books=3 Bquotes=123570 Mdepth=0 Ddepth=11145 above_floor=0 
max_residual=0.000bps candidates=0 fee_age=933ms
MICRO HEARTBEAT state=watching symbols=3 signal_source=demo books=3 
demo_books=3 Bquotes=123707 Mdepth=0 Ddepth=11164 above_floor=0 
max_residual=0.000bps candidates=0 fee_age=2954ms
MICRO HEARTBEAT state=watching symbols=3 signal_source=demo books=3 
demo_books=3 Bquotes=123801 Mdepth=0 Ddepth=11189 above_floor=0 
max_residual=0.000bps candidates=0 fee_age=0ms
MICRO HEARTBEAT state=watching symbols=3 signal_source=demo books=3 
demo_books=3 Bquotes=123955 Mdepth=0 Ddepth=11207 above_floor=0 
max_residual=0.000bps candidates=0 fee_age=2037ms
MICRO HEARTBEAT state=watching symbols=3 signal_source=demo books=3 
demo_books=3 Bquotes=124073 Mdepth=0 Ddepth=11223 above_floor=0 
max_residual=0.000bps candidates=0 fee_age=4053ms
MICRO HEARTBEAT state=watching symbols=3 signal_source=demo books=3 
demo_books=3 Bquotes=124226 Mdepth=0 Ddepth=11248 above_floor=0 
max_residual=0.000bps candidates=0 fee_age=1117ms
MICRO HEARTBEAT state=watching symbols=3 signal_source=demo books=3 
demo_books=3 Bquotes=124457 Mdepth=0 Ddepth=11264 above_floor=0 
max_residual=0.000bps candidates=0 fee_age=3166ms
MICRO HEARTBEAT state=watching symbols=3 signal_source=demo books=3 
demo_books=3 Bquotes=124573 Mdepth=0 Ddepth=11286 above_floor=0 
max_residual=0.000bps candidates=0 fee_age=164ms
MICRO HEARTBEAT state=watching symbols=3 signal_source=demo books=3 
demo_books=3 Bquotes=124719 Mdepth=0 Ddepth=11305 above_floor=0 
max_residual=0.000bps candidates=0 fee_age=2216ms
MICRO HEARTBEAT state=watching symbols=3 signal_source=demo books=3 
demo_books=3 Bquotes=124872 Mdepth=0 Ddepth=11322 above_floor=0 
max_residual=0.000bps candidates=0 fee_age=4217ms
MICRO SIGNAL LINK_USDT SHORT residual=-2.119bps threshold=1.259 spread=1.059 
net=+0.859 B100=-2.119 M100=+0.000 Bage=1ms Mage=8ms DemoCross=5.0bps
MICRO HEARTBEAT state=watching symbols=3 signal_source=demo books=3 
demo_books=3 Bquotes=126472 Mdepth=0 Ddepth=11440 above_floor=0 
max_residual=0.000bps candidates=0 fee_age=0ms
MICRO HEARTBEAT state=watching symbols=3 signal_source=demo books=3 
demo_books=3 Bquotes=126512 Mdepth=0 Ddepth=11454 above_floor=0 
max_residual=0.000bps candidates=0 fee_age=1265ms
MICRO HEARTBEAT state=watching symbols=3 signal_source=demo books=3 
demo_books=3 Bquotes=126673 Mdepth=0 Ddepth=11472 above_floor=0 
max_residual=0.000bps candidates=0 fee_age=3284ms
MICRO HEARTBEAT state=watching symbols=3 signal_source=demo books=3 
demo_books=3 Bquotes=126935 Mdepth=0 Ddepth=11491 above_floor=0 
max_residual=0.000bps candidates=0 fee_age=162ms
MICRO HEARTBEAT state=watching symbols=3 signal_source=demo books=3 
demo_books=3 Bquotes=127033 Mdepth=0 Ddepth=11509 above_floor=0 
max_residual=0.000bps candidates=0 fee_age=2179ms
MICRO HEARTBEAT state=watching symbols=3 signal_source=demo books=3 
demo_books=3 Bquotes=127221 Mdepth=0 Ddepth=11531 above_floor=0 
max_residual=0.000bps candidates=0 fee_age=0ms
MICRO HEARTBEAT state=watching symbols=3 signal_source=demo books=3 
demo_books=3 Bquotes=127412 Mdepth=0 Ddepth=11557 above_floor=0 
max_residual=0.000bps candidates=0 fee_age=2008ms
MICRO HEARTBEAT state=watching symbols=3 signal_source=demo books=3 
demo_books=3 Bquotes=127733 Mdepth=0 Ddepth=11574 above_floor=0 
max_residual=0.000bps candidates=0 fee_age=4030ms
MICRO HEARTBEAT state=watching symbols=3 signal_source=demo books=3 
demo_books=3 Bquotes=128132 Mdepth=0 Ddepth=11593 above_floor=0 
max_residual=0.000bps candidates=0 fee_age=687ms
MICRO HEARTBEAT state=watching symbols=3 signal_source=demo books=3 
demo_books=3 Bquotes=128325 Mdepth=0 Ddepth=11612 above_floor=0 
max_residual=0.000bps candidates=0 fee_age=2724ms
MICRO HEARTBEAT state=watching symbols=3 signal_source=demo books=3 
demo_books=3 Bquotes=128455 Mdepth=0 Ddepth=11629 above_floor=0 
max_residual=0.000bps candidates=0 fee_age=90ms
MICRO HEARTBEAT state=watching symbols=3 signal_source=demo books=3 
demo_books=3 Bquotes=128752 Mdepth=0 Ddepth=11650 above_floor=0 
max_residual=0.000bps candidates=0 fee_age=2116ms
MICRO HEARTBEAT state=watching symbols=3 signal_source=demo books=3 
demo_books=3 Bquotes=128909 Mdepth=0 Ddepth=11665 above_floor=0 
max_residual=0.000bps candidates=0 fee_age=4152ms
MICRO HEARTBEAT state=watching symbols=3 signal_source=demo books=3 
demo_books=3 Bquotes=129143 Mdepth=0 Ddepth=11679 above_floor=0 
max_residual=0.000bps candidates=0 fee_age=1131ms
MICRO HEARTBEAT state=watching symbols=3 signal_source=demo books=3 
demo_books=3 Bquotes=129394 Mdepth=0 Ddepth=11700 above_floor=0 
max_residual=0.000bps candidates=0 fee_age=3140ms
MICRO HEARTBEAT state=watching symbols=3 signal_source=demo books=3 
demo_books=3 Bquotes=129627 Mdepth=0 Ddepth=11715 above_floor=0 
max_residual=0.000bps candidates=0 fee_age=122ms
MICRO HEARTBEAT state=watching symbols=3 signal_source=demo books=3 
demo_books=3 Bquotes=129879 Mdepth=0 Ddepth=11735 above_floor=0 
max_residual=0.000bps candidates=0 fee_age=2150ms
MICRO HEARTBEAT state=watching symbols=3 signal_source=demo books=3 
demo_books=3 Bquotes=130331 Mdepth=0 Ddepth=11754 above_floor=0 
max_residual=0.000bps candidates=0 fee_age=4151ms
MICRO HEARTBEAT state=watching symbols=3 signal_source=demo books=3 
demo_books=3 Bquotes=130708 Mdepth=0 Ddepth=11768 above_floor=0 
max_residual=0.000bps candidates=0 fee_age=1182ms
MICRO HEARTBEAT state=watching symbols=3 signal_source=demo books=3 
demo_books=3 Bquotes=130828 Mdepth=0 Ddepth=11782 above_floor=0 
max_residual=0.000bps candidates=0 fee_age=3186ms
MICRO HEARTBEAT state=watching symbols=3 signal_source=demo books=3 
demo_books=3 Bquotes=130965 Mdepth=0 Ddepth=11796 above_floor=0 
max_residual=0.000bps candidates=0 fee_age=259ms
MICRO HEARTBEAT state=watching symbols=3 signal_source=demo books=3 
demo_books=3 Bquotes=131576 Mdepth=0 Ddepth=11798 above_floor=0 
max_residual=0.000bps candidates=0 fee_age=2260ms
MICRO HEARTBEAT state=watching symbols=3 signal_source=demo books=3 
demo_books=3 Bquotes=131734 Mdepth=0 Ddepth=11798 above_floor=0 
max_residual=0.000bps candidates=0 fee_age=4295ms
MICRO HEARTBEAT state=watching symbols=3 signal_source=demo books=3 
demo_books=3 Bquotes=131838 Mdepth=0 Ddepth=11816 above_floor=0 
max_residual=0.000bps candidates=0 fee_age=1250ms
MICRO HEARTBEAT state=watching symbols=3 signal_source=demo books=3 
demo_books=3 Bquotes=132059 Mdepth=0 Ddepth=11822 above_floor=0 
max_residual=0.000bps candidates=0 fee_age=3251ms
MICRO HEARTBEAT state=watching symbols=3 signal_source=demo books=3 
demo_books=3 Bquotes=132160 Mdepth=0 Ddepth=11822 above_floor=0 
max_residual=0.000bps candidates=0 fee_age=2ms
MICRO HEARTBEAT state=watching symbols=3 signal_source=demo books=3 
demo_books=3 Bquotes=132234 Mdepth=0 Ddepth=11837 above_floor=0 
max_residual=0.000bps candidates=0 fee_age=2033ms
MICRO SIGNAL LINK_USDT LONG residual=+2.117bps threshold=1.259 spread=1.059 
net=+0.858 B100=+2.117 M100=+0.000 Bage=2ms Mage=1483ms DemoCross=5.0bps
DEMO ENTRY LINK_USDT LONG qty=1058.2 LIVEEntry=9.445 residual=+2.117 
notional=9994.7USDT leverage=200x requested_margin=50.0000USDT 
strategy_equity=43.1090USDT sizing=TARGET_NOTIONAL spread=1.059 
DemoFeeReported=0 signal_to_visible=5049.5ms IOCconfirm=1755.8ms 
reconcile=3272.8ms
MICRO POSITION LINK_USDT mark=+13.764bps MFE=+13.764 MAE=+0.000 
DemoNetMark=+12.813109USDT DemoNet=+12.821bps DemoMFE=+12.821 DemoMAE=+0.000 
TRAIL=+13.765bps residual=+0.000bps B100=+0.000
MICRO EXIT LINK_USDT reason=binance_target_caught LIVEpnl=+13.756600USDT 
move=+13.764bps MFE=+13.764 MAE=+0.000 hold=5067ms DemoExit=9.458 
DemoGross=+14.814800 DemoNet=+10.814400 DemoFee=4.0004
MICRO HEARTBEAT state=watching symbols=3 signal_source=demo books=3 
demo_books=3 Bquotes=134507 Mdepth=0 Ddepth=11889 above_floor=0 
max_residual=0.000bps candidates=0 fee_age=0ms
MICRO HEARTBEAT state=watching symbols=3 signal_source=demo books=3 
demo_books=3 Bquotes=134595 Mdepth=0 Ddepth=11889 above_floor=0 
max_residual=0.000bps candidates=0 fee_age=1362ms
MICRO HEARTBEAT state=watching symbols=3 signal_source=demo books=3 
demo_books=3 Bquotes=134863 Mdepth=0 Ddepth=11889 above_floor=0 
max_residual=0.000bps candidates=0 fee_age=3374ms
MICRO HEARTBEAT state=watching symbols=3 signal_source=demo books=3 
demo_books=3 Bquotes=135179 Mdepth=0 Ddepth=11893 above_floor=0 
max_residual=0.000bps candidates=0 fee_age=291ms
MICRO HEARTBEAT state=watching symbols=3 signal_source=demo books=3 
demo_books=3 Bquotes=135316 Mdepth=0 Ddepth=11911 above_floor=0 
max_residual=0.000bps candidates=0 fee_age=2321ms
MICRO HEARTBEAT state=watching symbols=3 signal_source=demo books=3 
demo_books=3 Bquotes=135430 Mdepth=0 Ddepth=11913 above_floor=0 
max_residual=0.000bps candidates=0 fee_age=0ms
MICRO HEARTBEAT state=watching symbols=3 signal_source=demo books=3 
demo_books=3 Bquotes=135484 Mdepth=0 Ddepth=11925 above_floor=0 
max_residual=0.000bps candidates=0 fee_age=2045ms
MICRO HEARTBEAT state=watching symbols=3 signal_source=demo books=3 
demo_books=3 Bquotes=135756 Mdepth=0 Ddepth=11929 above_floor=0 
max_residual=0.000bps candidates=0 fee_age=4076ms
MICRO HEARTBEAT state=watching symbols=3 signal_source=demo books=3 
demo_books=3 Bquotes=136055 Mdepth=0 Ddepth=11929 above_floor=0 
max_residual=0.000bps candidates=0 fee_age=1143ms
MICRO HEARTBEAT state=watching symbols=3 signal_source=demo books=3 
demo_books=3 Bquotes=136192 Mdepth=0 Ddepth=11932 above_floor=0 
max_residual=0.000bps candidates=0 fee_age=3153ms
MICRO HEARTBEAT state=watching symbols=3 signal_source=demo books=3 
demo_books=3 Bquotes=136393 Mdepth=0 Ddepth=11959 above_floor=0 
max_residual=0.000bps candidates=0 fee_age=134ms
MICRO HEARTBEAT state=watching symbols=3 signal_source=demo books=3 
demo_books=3 Bquotes=136506 Mdepth=0 Ddepth=11959 above_floor=0 
max_residual=0.000bps candidates=0 fee_age=2183ms
MICRO HEARTBEAT state=watching symbols=3 signal_source=demo books=3 
demo_books=3 Bquotes=136601 Mdepth=0 Ddepth=11959 above_floor=0 
max_residual=0.000bps candidates=0 fee_age=4194ms
MICRO HEARTBEAT state=watching symbols=3 signal_source=demo books=3 
demo_books=3 Bquotes=136674 Mdepth=0 Ddepth=11977 above_floor=0 
max_residual=0.000bps candidates=0 fee_age=1197ms
MICRO HEARTBEAT state=watching symbols=3 signal_source=demo books=3 
demo_books=3 Bquotes=136960 Mdepth=0 Ddepth=11980 above_floor=0 
max_residual=0.000bps candidates=0 fee_age=3198ms
MICRO HEARTBEAT state=watching symbols=3 signal_source=demo books=3 
demo_books=3 Bquotes=137580 Mdepth=0 Ddepth=11980 above_floor=0 
max_residual=0.000bps candidates=0 fee_age=95ms
MICRO HEARTBEAT state=watching symbols=3 signal_source=demo books=3 
demo_books=3 Bquotes=137809 Mdepth=0 Ddepth=12003 above_floor=0 
max_residual=0.000bps candidates=0 fee_age=2121ms
MICRO HEARTBEAT state=watching symbols=3 signal_source=demo books=3 
demo_books=3 Bquotes=137922 Mdepth=0 Ddepth=12009 above_floor=0 
max_residual=0.000bps candidates=0 fee_age=4146ms
MICRO HEARTBEAT state=watching symbols=3 signal_source=demo books=3 
demo_books=3 Bquotes=138118 Mdepth=0 Ddepth=12009 above_floor=0 
max_residual=0.000bps candidates=0 fee_age=1111ms
MICRO HEARTBEAT state=watching symbols=3 signal_source=demo books=3 
demo_books=3 Bquotes=138311 Mdepth=0 Ddepth=12020 above_floor=0 
max_residual=0.000bps candidates=0 fee_age=3120ms
MICRO HEARTBEAT state=watching symbols=3 signal_source=demo books=3 
demo_books=3 Bquotes=138539 Mdepth=0 Ddepth=12027 above_floor=0 
max_residual=0.000bps candidates=0 fee_age=0ms
MICRO HEARTBEAT state=watching symbols=3 signal_source=demo books=3 
demo_books=3 Bquotes=138808 Mdepth=0 Ddepth=12027 above_floor=0 
max_residual=0.000bps candidates=0 fee_age=2025ms
MICRO HEARTBEAT state=watching symbols=3 signal_source=demo books=3 
demo_books=3 Bquotes=139050 Mdepth=0 Ddepth=12040 above_floor=0 
max_residual=0.000bps candidates=0 fee_age=0ms
MICRO HEARTBEAT state=watching symbols=3 signal_source=demo books=3 
demo_books=3 Bquotes=139392 Mdepth=0 Ddepth=12050 above_floor=0 
max_residual=0.000bps candidates=0 fee_age=2015ms
MICRO HEARTBEAT state=watching symbols=3 signal_source=demo books=3 
demo_books=3 Bquotes=139638 Mdepth=0 Ddepth=12050 above_floor=0 
max_residual=0.000bps candidates=0 fee_age=4046ms
MICRO HEARTBEAT state=watching symbols=3 signal_source=demo books=3 
demo_books=3 Bquotes=139786 Mdepth=0 Ddepth=12053 above_floor=0 
max_residual=0.000bps candidates=0 fee_age=1034ms
MICRO HEARTBEAT state=watching symbols=3 signal_source=demo books=3 
demo_books=3 Bquotes=140330 Mdepth=0 Ddepth=12078 above_floor=0 
max_residual=0.000bps candidates=0 fee_age=3041ms
MICRO HEARTBEAT state=watching symbols=3 signal_source=demo books=3 
demo_books=3 Bquotes=140777 Mdepth=0 Ddepth=12081 above_floor=0 
max_residual=0.000bps candidates=0 fee_age=113ms
MICRO HEARTBEAT state=watching symbols=3 signal_source=demo books=3 
demo_books=3 Bquotes=140959 Mdepth=0 Ddepth=12081 above_floor=0 
max_residual=0.000bps candidates=0 fee_age=2114ms
MICRO SIGNAL LINK_USDT SHORT residual=-2.115bps threshold=1.257 spread=1.057 
net=+0.858 B100=-2.115 M100=+0.000 Bage=2ms Mage=734ms DemoCross=5.0bps
MICRO HEARTBEAT state=watching symbols=3 signal_source=demo books=3 
demo_books=3 Bquotes=142443 Mdepth=0 Ddepth=12184 above_floor=0 
max_residual=0.000bps candidates=0 fee_age=0ms
MICRO HEARTBEAT state=watching symbols=3 signal_source=demo books=3 
demo_books=3 Bquotes=142604 Mdepth=0 Ddepth=12187 above_floor=0 
max_residual=0.000bps candidates=0 fee_age=1307ms
MICRO HEARTBEAT state=watching symbols=3 signal_source=demo books=3 
demo_books=3 Bquotes=142927 Mdepth=0 Ddepth=12214 above_floor=0 
max_residual=0.000bps candidates=0 fee_age=3307ms
MICRO SIGNAL LINK_USDT LONG residual=+1.587bps threshold=1.258 spread=1.058 
net=+0.329 B100=+1.587 M100=+0.000 Bage=4ms Mage=953ms DemoCross=5.0bps
DEMO ENTRY LINK_USDT LONG qty=1057.1 LIVEEntry=9.454 residual=+1.587 
notional=9993.82USDT leverage=200x requested_margin=50.0000USDT 
strategy_equity=53.9234USDT sizing=TARGET_NOTIONAL spread=1.058 
DemoFeeReported=1.99876 signal_to_visible=PENDING IOCconfirm=583.3ms 
reconcile=ASYNC
DEMO POSITION VISIBLE LINK_USDT signal_to_visible=1312.5ms
MICRO POSITION LINK_USDT mark=-1.058bps MFE=+0.000 MAE=-1.058 
DemoNetMark=-5.054418USDT DemoNet=-5.058bps DemoMFE=+0.000 DemoMAE=-5.058 
TRAIL=OFF residual=+0.000bps B100=+0.000
MICRO POSITION LINK_USDT mark=-1.058bps MFE=+0.000 MAE=-1.058 
DemoNetMark=-5.054418USDT DemoNet=-5.058bps DemoMFE=+0.000 DemoMAE=-5.058 
TRAIL=OFF residual=+0.000bps B100=+0.000
MICRO EXIT LINK_USDT reason=binance_target_caught LIVEpnl=+4.228400USDT 
move=+4.231bps MFE=+4.231 MAE=-1.058 hold=4208ms DemoExit=9.458 
DemoGross=+4.228400 DemoNet=+0.230100 DemoFee=1.99954
MICRO HEARTBEAT state=watching symbols=3 signal_source=demo books=3 
demo_books=3 Bquotes=143684 Mdepth=0 Ddepth=12271 above_floor=0 
max_residual=0.000bps candidates=0 fee_age=4150ms
MICRO HEARTBEAT state=watching symbols=3 signal_source=demo books=3 
demo_books=3 Bquotes=143900 Mdepth=0 Ddepth=12290 above_floor=0 
max_residual=0.000bps candidates=0 fee_age=1123ms
MICRO HEARTBEAT state=watching symbols=3 signal_source=demo books=3 
demo_books=3 Bquotes=143991 Mdepth=0 Ddepth=12315 above_floor=0 
max_residual=0.000bps candidates=0 fee_age=3140ms
MICRO HEARTBEAT state=watching symbols=3 signal_source=demo books=3 
demo_books=3 Bquotes=144278 Mdepth=0 Ddepth=12334 above_floor=0 
max_residual=0.000bps candidates=0 fee_age=77ms
MICRO HEARTBEAT state=watching symbols=3 signal_source=demo books=3 
demo_books=3 Bquotes=144346 Mdepth=0 Ddepth=12350 above_floor=0 
max_residual=0.000bps candidates=0 fee_age=2119ms
MICRO HEARTBEAT state=watching symbols=3 signal_source=demo books=3 
demo_books=3 Bquotes=144394 Mdepth=0 Ddepth=12373 above_floor=0 
max_residual=0.000bps candidates=0 fee_age=4136ms
MICRO HEARTBEAT state=watching symbols=3 signal_source=demo books=3 
demo_books=3 Bquotes=144550 Mdepth=0 Ddepth=12388 above_floor=0 
max_residual=0.000bps candidates=0 fee_age=1241ms
MICRO HEARTBEAT state=watching symbols=3 signal_source=demo books=3 
demo_books=3 Bquotes=144620 Mdepth=0 Ddepth=12408 above_floor=0 
max_residual=0.000bps candidates=0 fee_age=3255ms
MICRO HEARTBEAT state=watching symbols=3 signal_source=demo books=3 
demo_books=3 Bquotes=144697 Mdepth=0 Ddepth=12427 above_floor=0 
max_residual=0.000bps candidates=0 fee_age=268ms
MICRO HEARTBEAT state=watching symbols=3 signal_source=demo books=3 
demo_books=3 Bquotes=144760 Mdepth=0 Ddepth=12442 above_floor=0 
max_residual=0.000bps candidates=0 fee_age=2282ms
MICRO SIGNAL LINK_USDT SHORT residual=-2.115bps threshold=1.257 spread=1.057 
net=+0.858 B100=-2.115 M100=+0.000 Bage=2ms Mage=2ms DemoCross=5.0bps
MICRO HEARTBEAT state=watching symbols=3 signal_source=demo books=3 
demo_books=3 Bquotes=145589 Mdepth=0 Ddepth=12556 above_floor=0 
max_residual=0.000bps candidates=0 fee_age=0ms
MICRO HEARTBEAT state=watching symbols=3 signal_source=demo books=3 
demo_books=3 Bquotes=145676 Mdepth=0 Ddepth=12570 above_floor=0 
max_residual=0.000bps candidates=0 fee_age=1381ms
MICRO HEARTBEAT state=watching symbols=3 signal_source=demo books=3 
demo_books=3 Bquotes=145839 Mdepth=0 Ddepth=12588 above_floor=0 
max_residual=0.000bps candidates=0 fee_age=3419ms
MICRO HEARTBEAT state=watching symbols=3 signal_source=demo books=3 
demo_books=3 Bquotes=145940 Mdepth=0 Ddepth=12611 above_floor=0 
max_residual=0.000bps candidates=0 fee_age=335ms
MICRO HEARTBEAT state=watching symbols=3 signal_source=demo books=3 
demo_books=3 Bquotes=146080 Mdepth=0 Ddepth=12629 above_floor=0 
max_residual=0.000bps candidates=0 fee_age=2348ms
MICRO HEARTBEAT state=watching symbols=3 signal_source=demo books=3 
demo_books=3 Bquotes=146359 Mdepth=0 Ddepth=12654 above_floor=0 
max_residual=0.000bps candidates=0 fee_age=0ms
MICRO SIGNAL LINK_USDT LONG residual=+2.116bps threshold=1.258 spread=1.058 
net=+0.858 B100=+2.116 M100=+0.000 Bage=2ms Mage=410ms DemoCross=5.0bps
DEMO ENTRY LINK_USDT LONG qty=1057.4 LIVEEntry=9.452 residual=+2.116 
notional=9994.54USDT leverage=200x requested_margin=50.0000USDT 
strategy_equity=54.1535USDT sizing=TARGET_NOTIONAL spread=1.058 
DemoFeeReported=1.99891 signal_to_visible=PENDING IOCconfirm=675.6ms 
reconcile=ASYNC
MICRO POSITION LINK_USDT mark=-1.058bps MFE=+0.000 MAE=-1.058 
DemoNetMark=-5.055006USDT DemoNet=-5.058bps DemoMFE=+0.000 DemoMAE=-5.058 
TRAIL=OFF residual=+0.000bps B100=+0.000
DEMO POSITION VISIBLE LINK_USDT signal_to_visible=1091.4ms
MICRO POSITION LINK_USDT mark=-1.058bps MFE=+0.000 MAE=-1.058 
DemoNetMark=-5.055006USDT DemoNet=-5.058bps DemoMFE=+0.000 DemoMAE=-5.058 
TRAIL=OFF residual=+0.000bps B100=+0.000
MICRO POSITION LINK_USDT mark=+0.000bps MFE=+0.000 MAE=-1.058 
DemoNetMark=-3.997818USDT DemoNet=-4.000bps DemoMFE=+0.000 DemoMAE=-5.058 
TRAIL=OFF residual=+0.000bps B100=+0.000
MICRO POSITION LINK_USDT mark=+0.000bps MFE=+0.000 MAE=-1.058 
DemoNetMark=-3.997818USDT DemoNet=-4.000bps DemoMFE=+0.000 DemoMAE=-5.058 
TRAIL=OFF residual=+0.000bps B100=+0.000
MICRO POSITION LINK_USDT mark=+0.000bps MFE=+0.000 MAE=-1.058 
DemoNetMark=-3.997818USDT DemoNet=-4.000bps DemoMFE=+0.000 DemoMAE=-5.058 
TRAIL=OFF residual=+0.000bps B100=+0.000
MICRO EXIT LINK_USDT reason=binance_target_caught LIVEpnl=+3.172200USDT 
move=+3.174bps MFE=+3.174 MAE=-1.058 hold=10149ms DemoExit=9.455 
DemoGross=+3.172200 DemoNet=-0.826200 DemoFee=1.99949
MICRO HEARTBEAT state=watching symbols=3 signal_source=demo books=3 
demo_books=3 Bquotes=147939 Mdepth=0 Ddepth=12773 above_floor=1 
max_residual=1.057bps candidates=0 fee_age=2423ms
MICRO HEARTBEAT state=watching symbols=3 signal_source=demo books=3 
demo_books=3 Bquotes=148420 Mdepth=0 Ddepth=12795 above_floor=0 
max_residual=0.000bps candidates=0 fee_age=0ms
MICRO HEARTBEAT state=watching symbols=3 signal_source=demo books=3 
demo_books=3 Bquotes=148706 Mdepth=0 Ddepth=12821 above_floor=0 
max_residual=0.000bps candidates=0 fee_age=2004ms
MICRO SIGNAL LINK_USDT SHORT residual=-1.585bps threshold=1.257 spread=1.057 
net=+0.328 B100=-1.585 M100=+0.000 Bage=2ms Mage=493ms DemoCross=5.0bps
MICRO HEARTBEAT state=watching symbols=3 signal_source=demo books=3 
demo_books=3 Bquotes=150509 Mdepth=0 Ddepth=12930 above_floor=0 
max_residual=0.000bps candidates=0 fee_age=0ms
MICRO HEARTBEAT state=watching symbols=3 signal_source=demo books=3 
demo_books=3 Bquotes=150661 Mdepth=0 Ddepth=12943 above_floor=0 
max_residual=0.000bps candidates=0 fee_age=1331ms
MICRO HEARTBEAT state=watching symbols=3 signal_source=demo books=3 
demo_books=3 Bquotes=151061 Mdepth=0 Ddepth=12960 above_floor=0 
max_residual=0.000bps candidates=0 fee_age=3346ms
MICRO SIGNAL LINK_USDT LONG residual=+2.115bps threshold=1.257 spread=1.057 
net=+0.857 B100=+2.115 M100=+0.000 Bage=2ms Mage=35ms DemoCross=5.0bps
DEMO ENTRY LINK_USDT LONG qty=1056.7 LIVEEntry=9.458 residual=+2.115 
notional=9994.27USDT leverage=200x requested_margin=50.0000USDT 
strategy_equity=53.3273USDT sizing=TARGET_NOTIONAL spread=1.057 
DemoFeeReported=1.99885 signal_to_visible=PENDING IOCconfirm=628.1ms 
reconcile=ASYNC
DEMO POSITION VISIBLE LINK_USDT signal_to_visible=1399.3ms
MICRO POSITION LINK_USDT mark=-1.057bps MFE=+0.000 MAE=-1.057 
DemoNetMark=-5.054196USDT DemoNet=-5.057bps DemoMFE=+0.000 DemoMAE=-5.057 
TRAIL=OFF residual=+1.057bps B100=+1.057
MICRO POSITION LINK_USDT mark=-1.057bps MFE=+0.000 MAE=-1.057 
DemoNetMark=-5.054196USDT DemoNet=-5.057bps DemoMFE=+0.000 DemoMAE=-5.057 
TRAIL=OFF residual=+0.000bps B100=+0.000
MICRO EXIT LINK_USDT reason=binance_target_caught LIVEpnl=+3.170100USDT 
move=+3.172bps MFE=+3.172 MAE=-1.057 hold=5365ms DemoExit=9.461 
DemoGross=+3.170100 DemoNet=-0.828200 DemoFee=1.99945
MICRO HEARTBEAT state=watching symbols=3 signal_source=demo books=3 
demo_books=3 Bquotes=151838 Mdepth=0 Ddepth=13043 above_floor=0 
max_residual=0.000bps candidates=0 fee_age=0ms
MICRO HEARTBEAT state=watching symbols=3 signal_source=demo books=3 
demo_books=3 Bquotes=151955 Mdepth=0 Ddepth=13052 above_floor=0 
max_residual=0.000bps candidates=0 fee_age=1301ms
MICRO HEARTBEAT state=watching symbols=3 signal_source=demo books=3 
demo_books=3 Bquotes=152091 Mdepth=0 Ddepth=13075 above_floor=0 
max_residual=0.000bps candidates=0 fee_age=3307ms
MICRO SIGNAL LINK_USDT SHORT residual=-2.115bps threshold=1.257 spread=1.057 
net=+0.857 B100=-2.115 M100=+0.000 Bage=1ms Mage=1725ms DemoCross=5.0bps
MICRO HEARTBEAT state=watching symbols=3 signal_source=demo books=3 
demo_books=3 Bquotes=153535 Mdepth=0 Ddepth=13196 above_floor=0 
max_residual=0.000bps candidates=0 fee_age=0ms
MICRO SIGNAL LINK_USDT LONG residual=+3.702bps threshold=1.258 spread=1.058 
net=+2.444 B100=+3.702 M100=+0.000 Bage=1ms Mage=1073ms DemoCross=5.0bps
MICRO HEARTBEAT state=watching symbols=3 signal_source=demo books=3 
demo_books=3 Bquotes=154982 Mdepth=0 Ddepth=13303 above_floor=0 
max_residual=0.000bps candidates=0 fee_age=0ms
MICRO HEARTBEAT state=watching symbols=3 signal_source=demo books=3 
demo_books=3 Bquotes=155072 Mdepth=0 Ddepth=13314 above_floor=0 
max_residual=0.000bps candidates=0 fee_age=1317ms
MICRO HEARTBEAT state=watching symbols=3 signal_source=demo books=3 
demo_books=3 Bquotes=155195 Mdepth=0 Ddepth=13335 above_floor=0 
max_residual=0.000bps candidates=0 fee_age=3337ms
MICRO HEARTBEAT state=watching symbols=3 signal_source=demo books=3 
demo_books=3 Bquotes=155396 Mdepth=0 Ddepth=13356 above_floor=0 
max_residual=0.000bps candidates=0 fee_age=321ms
MICRO HEARTBEAT state=watching symbols=3 signal_source=demo books=3 
demo_books=3 Bquotes=155462 Mdepth=0 Ddepth=13374 above_floor=0 
max_residual=0.000bps candidates=0 fee_age=2335ms
MICRO SIGNAL LINK_USDT SHORT residual=-2.114bps threshold=1.257 spread=1.057 
net=+0.857 B100=-2.114 M100=+0.000 Bage=53ms Mage=60ms DemoCross=5.0bps
DEMO ENTRY LINK_USDT SHORT qty=1058 LIVEEntry=9.456 residual=-2.114 
notional=10004.4USDT leverage=200x requested_margin=50.0000USDT 
strategy_equity=52.4991USDT sizing=TARGET_NOTIONAL spread=1.057 
DemoFeeReported=2.00152 signal_to_visible=PENDING IOCconfirm=581.8ms 
reconcile=ASYNC
DEMO POSITION VISIBLE LINK_USDT signal_to_visible=1268.6ms
MICRO POSITION LINK_USDT mark=-4.230bps MFE=+0.000 MAE=-4.230 
DemoNetMark=-5.061260USDT DemoNet=-5.057bps DemoMFE=+0.000 DemoMAE=-5.057 
TRAIL=OFF residual=+0.000bps B100=+0.000
MICRO POSITION LINK_USDT mark=-4.230bps MFE=+0.000 MAE=-4.230 
DemoNetMark=-5.061260USDT DemoNet=-5.057bps DemoMFE=+0.000 DemoMAE=-5.057 
TRAIL=OFF residual=+0.000bps B100=+0.000
MICRO POSITION LINK_USDT mark=-4.230bps MFE=+0.000 MAE=-4.230 
DemoNetMark=-5.061260USDT DemoNet=-5.057bps DemoMFE=+0.000 DemoMAE=-5.057 
TRAIL=OFF residual=+0.000bps B100=+0.000
MICRO POSITION LINK_USDT mark=-2.115bps MFE=+0.000 MAE=-4.230 
DemoNetMark=-2.944837USDT DemoNet=-2.943bps DemoMFE=+0.000 DemoMAE=-5.057 
TRAIL=OFF residual=+0.000bps B100=+0.000
MICRO POSITION LINK_USDT mark=-2.115bps MFE=+0.000 MAE=-4.230 
DemoNetMark=-2.944837USDT DemoNet=-2.943bps DemoMFE=+0.000 DemoMAE=-5.057 
TRAIL=OFF residual=+0.000bps B100=+0.000
MICRO POSITION LINK_USDT mark=-3.173bps MFE=+0.000 MAE=-4.230 
DemoNetMark=-4.003049USDT DemoNet=-4.000bps DemoMFE=+0.000 DemoMAE=-5.057 
TRAIL=OFF residual=+0.000bps B100=+0.000
MICRO POSITION LINK_USDT mark=-3.173bps MFE=+0.000 MAE=-4.230 
DemoNetMark=-4.003049USDT DemoNet=-4.000bps DemoMFE=+0.000 DemoMAE=-5.057 
TRAIL=OFF residual=+0.000bps B100=+0.000
MICRO POSITION LINK_USDT mark=-3.173bps MFE=+0.000 MAE=-4.230 
DemoNetMark=-4.003049USDT DemoNet=-4.000bps DemoMFE=+0.000 DemoMAE=-5.057 
TRAIL=OFF residual=+0.000bps B100=+0.000
MICRO EXIT LINK_USDT reason=demo_adverse_cut LIVEpnl=-5.290000USDT 
move=-5.288bps MFE=+0.000 MAE=-5.288 hold=15675ms DemoExit=9.461 
DemoGross=-2.116000 DemoNet=-6.119400 DemoFee=2.00188
MICRO HEARTBEAT state=watching symbols=3 signal_source=demo books=3 
demo_books=3 Bquotes=156950 Mdepth=0 Ddepth=13559 above_floor=0 
max_residual=0.000bps candidates=0 fee_age=1252ms
MICRO HEARTBEAT state=watching symbols=3 signal_source=demo books=3 
demo_books=3 Bquotes=157052 Mdepth=0 Ddepth=13576 above_floor=0 
max_residual=0.000bps candidates=0 fee_age=3270ms
MICRO HEARTBEAT state=watching symbols=3 signal_source=demo books=3 
demo_books=3 Bquotes=157230 Mdepth=0 Ddepth=13600 above_floor=0 
max_residual=0.000bps candidates=0 fee_age=347ms
MICRO HEARTBEAT state=watching symbols=3 signal_source=demo books=3 
demo_books=3 Bquotes=157384 Mdepth=0 Ddepth=13617 above_floor=0 
max_residual=0.000bps candidates=0 fee_age=2374ms
MICRO HEARTBEAT state=watching symbols=3 signal_source=demo books=3 
demo_books=3 Bquotes=157506 Mdepth=0 Ddepth=13639 above_floor=0 
max_residual=0.000bps candidates=0 fee_age=0ms
MICRO SIGNAL LINK_USDT LONG residual=+1.585bps threshold=1.257 spread=1.057 
net=+0.329 B100=+1.585 M100=+0.000 Bage=1ms Mage=468ms DemoCross=5.0bps
MICRO HEARTBEAT state=watching symbols=3 signal_source=demo books=3 
demo_books=3 Bquotes=158919 Mdepth=0 Ddepth=13752 above_floor=0 
max_residual=0.000bps candidates=0 fee_age=0ms
MICRO HEARTBEAT state=watching symbols=3 signal_source=demo books=3 
demo_books=3 Bquotes=158998 Mdepth=0 Ddepth=13764 above_floor=0 
max_residual=0.000bps candidates=0 fee_age=1309ms
MICRO HEARTBEAT state=watching symbols=3 signal_source=demo books=3 
demo_books=3 Bquotes=159050 Mdepth=0 Ddepth=13780 above_floor=0 
max_residual=0.000bps candidates=0 fee_age=3324ms
MICRO HEARTBEAT state=watching symbols=3 signal_source=demo books=3 
demo_books=3 Bquotes=159368 Mdepth=0 Ddepth=13806 above_floor=0 
max_residual=0.000bps candidates=0 fee_age=386ms
MICRO HEARTBEAT state=watching symbols=3 signal_source=demo books=3 
demo_books=3 Bquotes=159448 Mdepth=0 Ddepth=13823 above_floor=0 
max_residual=0.000bps candidates=0 fee_age=2408ms
MICRO HEARTBEAT state=watching symbols=3 signal_source=demo books=3 
demo_books=3 Bquotes=159573 Mdepth=0 Ddepth=13853 above_floor=0 
max_residual=0.000bps candidates=0 fee_age=0ms
MICRO HEARTBEAT state=watching symbols=3 signal_source=demo books=3 
demo_books=3 Bquotes=159658 Mdepth=0 Ddepth=13867 above_floor=0 
max_residual=0.000bps candidates=0 fee_age=2029ms
MICRO HEARTBEAT state=watching symbols=3 signal_source=demo books=3 
demo_books=3 Bquotes=159709 Mdepth=0 Ddepth=13882 above_floor=0 
max_residual=0.000bps candidates=0 fee_age=4037ms
MICRO HEARTBEAT state=watching symbols=3 signal_source=demo books=3 
demo_books=3 Bquotes=159870 Mdepth=0 Ddepth=13906 above_floor=0 
max_residual=0.000bps candidates=0 fee_age=997ms
MICRO HEARTBEAT state=watching symbols=3 signal_source=demo books=3 
demo_books=3 Bquotes=159967 Mdepth=0 Ddepth=13920 above_floor=0 
max_residual=0.000bps candidates=0 fee_age=3002ms
MICRO HEARTBEAT state=watching symbols=3 signal_source=demo books=3 
demo_books=3 Bquotes=160024 Mdepth=0 Ddepth=13938 above_floor=0 
max_residual=0.000bps candidates=0 fee_age=0ms
MICRO HEARTBEAT state=watching symbols=3 signal_source=demo books=3 
demo_books=3 Bquotes=160143 Mdepth=0 Ddepth=13956 above_floor=0 
max_residual=0.000bps candidates=0 fee_age=2002ms
MICRO HEARTBEAT state=watching symbols=3 signal_source=demo books=3 
demo_books=3 Bquotes=160231 Mdepth=0 Ddepth=13972 above_floor=0 
max_residual=0.000bps candidates=0 fee_age=4031ms
MICRO HEARTBEAT state=watching symbols=3 signal_source=demo books=3 
demo_books=3 Bquotes=160485 Mdepth=0 Ddepth=13997 above_floor=0 
max_residual=0.000bps candidates=0 fee_age=988ms
MICRO SIGNAL LINK_USDT SHORT residual=-2.114bps threshold=1.257 spread=1.057 
net=+0.857 B100=-2.114 M100=+0.000 Bage=8ms Mage=1332ms DemoCross=5.0bps
DEMO ENTRY LINK_USDT SHORT qty=1057.8 LIVEEntry=9.458 residual=-2.114 
notional=10004.7USDT leverage=200x requested_margin=50.0000USDT 
strategy_equity=46.3797USDT sizing=TARGET_NOTIONAL spread=1.057 
DemoFeeReported=2.00093 signal_to_visible=PENDING IOCconfirm=650.0ms 
reconcile=ASYNC
MICRO POSITION LINK_USDT mark=-1.057bps MFE=+0.000 MAE=-1.057 
DemoNetMark=-5.059881USDT DemoNet=-5.058bps DemoMFE=+0.000 DemoMAE=-5.058 
TRAIL=OFF residual=+0.000bps B100=+0.000
DEMO POSITION VISIBLE LINK_USDT signal_to_visible=1036.1ms
MICRO POSITION LINK_USDT mark=-1.057bps MFE=+0.000 MAE=-1.057 
DemoNetMark=-5.059881USDT DemoNet=-5.058bps DemoMFE=+0.000 DemoMAE=-5.058 
TRAIL=OFF residual=+0.000bps B100=+0.000
MICRO POSITION LINK_USDT mark=-1.057bps MFE=+0.000 MAE=-1.057 
DemoNetMark=-5.059881USDT DemoNet=-5.058bps DemoMFE=+0.000 DemoMAE=-5.058 
TRAIL=OFF residual=+0.000bps B100=+0.000
MICRO POSITION LINK_USDT mark=-1.057bps MFE=+0.000 MAE=-1.057 
DemoNetMark=-5.059881USDT DemoNet=-5.058bps DemoMFE=+0.000 DemoMAE=-5.058 
TRAIL=OFF residual=+0.000bps B100=+0.000
MICRO POSITION LINK_USDT mark=-1.057bps MFE=+0.000 MAE=-1.057 
DemoNetMark=-5.059881USDT DemoNet=-5.058bps DemoMFE=+0.000 DemoMAE=-5.058 
TRAIL=OFF residual=+0.000bps B100=+0.000
MICRO POSITION LINK_USDT mark=-1.057bps MFE=+0.000 MAE=-1.057 
DemoNetMark=-5.059881USDT DemoNet=-5.058bps DemoMFE=+0.000 DemoMAE=-5.058 
TRAIL=OFF residual=+0.000bps B100=+0.000
MICRO POSITION LINK_USDT mark=-1.057bps MFE=+0.000 MAE=-1.057 
DemoNetMark=-5.059881USDT DemoNet=-5.058bps DemoMFE=+0.000 DemoMAE=-5.058 
TRAIL=OFF residual=+0.000bps B100=+0.000
MICRO POSITION LINK_USDT mark=-1.057bps MFE=+0.000 MAE=-1.057 
DemoNetMark=-5.059881USDT DemoNet=-5.058bps DemoMFE=+0.000 DemoMAE=-5.058 
TRAIL=OFF residual=+0.000bps B100=+0.000
MICRO POSITION LINK_USDT mark=+1.057bps MFE=+1.057 MAE=-1.057 
DemoNetMark=-2.943857USDT DemoNet=-2.942bps DemoMFE=+0.000 DemoMAE=-5.058 
TRAIL=OFF residual=+0.000bps B100=+0.000
MICRO POSITION LINK_USDT mark=+1.057bps MFE=+1.057 MAE=-1.057 
DemoNetMark=-2.943857USDT DemoNet=-2.942bps DemoMFE=+0.000 DemoMAE=-5.058 
TRAIL=OFF residual=+0.000bps B100=+0.000
MICRO POSITION LINK_USDT mark=+1.057bps MFE=+1.057 MAE=-1.057 
DemoNetMark=-2.943857USDT DemoNet=-2.942bps DemoMFE=+0.000 DemoMAE=-5.058 
TRAIL=OFF residual=+0.000bps B100=+0.000
MICRO EXIT LINK_USDT reason=binance_target_caught LIVEpnl=+2.115600USDT 
move=+2.115bps MFE=+2.115 MAE=-1.057 hold=21690ms DemoExit=9.456 
DemoGross=+2.115600 DemoNet=-1.885800 DemoFee=2.00047
MICRO HEARTBEAT state=watching symbols=3 signal_source=demo books=3 
demo_books=3 Bquotes=162135 Mdepth=0 Ddepth=14173 above_floor=0 
max_residual=0.000bps candidates=0 fee_age=62ms
MICRO HEARTBEAT state=watching symbols=3 signal_source=demo books=3 
demo_books=3 Bquotes=162230 Mdepth=0 Ddepth=14173 above_floor=0 
max_residual=0.000bps candidates=0 fee_age=2111ms
MICRO HEARTBEAT state=watching symbols=3 signal_source=demo books=3 
demo_books=3 Bquotes=162550 Mdepth=0 Ddepth=14173 above_floor=0 
max_residual=0.000bps candidates=0 fee_age=4149ms
MICRO HEARTBEAT state=watching symbols=3 signal_source=demo books=3 
demo_books=3 Bquotes=162636 Mdepth=0 Ddepth=14193 above_floor=0 
max_residual=0.000bps candidates=0 fee_age=1111ms
MICRO HEARTBEAT state=watching symbols=3 signal_source=demo books=3 
demo_books=3 Bquotes=162736 Mdepth=0 Ddepth=14193 above_floor=0 
max_residual=0.000bps candidates=0 fee_age=3154ms
MICRO HEARTBEAT state=watching symbols=3 signal_source=demo books=3 
demo_books=3 Bquotes=162812 Mdepth=0 Ddepth=14193 above_floor=0 
max_residual=0.000bps candidates=0 fee_age=0ms
MICRO HEARTBEAT state=watching symbols=3 signal_source=demo books=3 
demo_books=3 Bquotes=162927 Mdepth=0 Ddepth=14213 above_floor=0 
max_residual=0.000bps candidates=0 fee_age=2007ms
MICRO HEARTBEAT state=watching symbols=3 signal_source=demo books=3 
demo_books=3 Bquotes=163114 Mdepth=0 Ddepth=14223 above_floor=0 
max_residual=0.000bps candidates=0 fee_age=6ms
MICRO HEARTBEAT state=watching symbols=3 signal_source=demo books=3 
demo_books=3 Bquotes=163189 Mdepth=0 Ddepth=14223 above_floor=0 
max_residual=0.000bps candidates=0 fee_age=2012ms
MICRO HEARTBEAT state=watching symbols=3 signal_source=demo books=3 
demo_books=3 Bquotes=163328 Mdepth=0 Ddepth=14239 above_floor=0 
max_residual=0.000bps candidates=0 fee_age=4045ms
MICRO HEARTBEAT state=watching symbols=3 signal_source=demo books=3 
demo_books=3 Bquotes=163394 Mdepth=0 Ddepth=14239 above_floor=0 
max_residual=0.000bps candidates=0 fee_age=1049ms
MICRO HEARTBEAT state=watching symbols=3 signal_source=demo books=3 
demo_books=3 Bquotes=163473 Mdepth=0 Ddepth=14239 above_floor=0 
max_residual=0.000bps candidates=0 fee_age=3053ms
MICRO HEARTBEAT state=watching symbols=3 signal_source=demo books=3 
demo_books=3 Bquotes=163550 Mdepth=0 Ddepth=14260 above_floor=0 
max_residual=0.000bps candidates=0 fee_age=0ms
MICRO HEARTBEAT state=watching symbols=3 signal_source=demo books=3 
demo_books=3 Bquotes=163604 Mdepth=0 Ddepth=14265 above_floor=0 
max_residual=0.000bps candidates=0 fee_age=2019ms
MICRO HEARTBEAT state=watching symbols=3 signal_source=demo books=3 
demo_books=3 Bquotes=163696 Mdepth=0 Ddepth=14265 above_floor=0 
max_residual=0.000bps candidates=0 fee_age=0ms
MICRO HEARTBEAT state=watching symbols=3 signal_source=demo books=3 
demo_books=3 Bquotes=163766 Mdepth=0 Ddepth=14281 above_floor=0 
max_residual=0.000bps candidates=0 fee_age=2017ms
MICRO HEARTBEAT state=watching symbols=3 signal_source=demo books=3 
demo_books=3 Bquotes=163870 Mdepth=0 Ddepth=14281 above_floor=0 
max_residual=0.000bps candidates=0 fee_age=4023ms
MICRO HEARTBEAT state=watching symbols=3 signal_source=demo books=3 
demo_books=3 Bquotes=163920 Mdepth=0 Ddepth=14281 above_floor=0 
max_residual=0.000bps candidates=0 fee_age=717ms
MICRO HEARTBEAT state=watching symbols=3 signal_source=demo books=3 
demo_books=3 Bquotes=163962 Mdepth=0 Ddepth=14301 above_floor=0 
max_residual=0.000bps candidates=0 fee_age=2718ms
MICRO HEARTBEAT state=watching symbols=3 signal_source=demo books=3 
demo_books=3 Bquotes=164106 Mdepth=0 Ddepth=14315 above_floor=0 
max_residual=0.000bps candidates=0 fee_age=64ms
MICRO HEARTBEAT state=watching symbols=3 signal_source=demo books=3 
demo_books=3 Bquotes=164190 Mdepth=0 Ddepth=14315 above_floor=0 
max_residual=0.000bps candidates=0 fee_age=2072ms
MICRO HEARTBEAT state=watching symbols=3 signal_source=demo books=3 
demo_books=3 Bquotes=164341 Mdepth=0 Ddepth=14317 above_floor=0 
max_residual=0.000bps candidates=0 fee_age=4089ms
MICRO HEARTBEAT state=watching symbols=3 signal_source=demo books=3 
demo_books=3 Bquotes=164528 Mdepth=0 Ddepth=14334 above_floor=0 
max_residual=0.000bps candidates=0 fee_age=1078ms
MICRO SIGNAL LINK_USDT LONG residual=+2.644bps threshold=1.258 spread=1.058 
net=+1.386 B100=+2.644 M100=+0.000 Bage=4ms Mage=1751ms DemoCross=5.0bps
DEMO ENTRY LINK_USDT LONG qty=1057.3 LIVEEntry=9.453 residual=+2.644 
notional=9994.66USDT leverage=200x requested_margin=50.0000USDT 
strategy_equity=44.4939USDT sizing=TARGET_NOTIONAL spread=1.058 
DemoFeeReported=0 signal_to_visible=4701.2ms IOCconfirm=1748.8ms 
reconcile=2934.0ms
MICRO POSITION LINK_USDT mark=+4.231bps MFE=+4.231 MAE=+0.000 
DemoNetMark=+2.229423USDT DemoNet=+2.231bps DemoMFE=+2.231 DemoMAE=+0.000 
TRAIL=+0.500bps residual=+0.000bps B100=+0.000
MICRO EXIT LINK_USDT reason=binance_target_caught LIVEpnl=+4.229200USDT 
move=+4.231bps MFE=+4.231 MAE=+0.000 hold=4718ms DemoExit=9.457 
DemoGross=+4.229200 DemoNet=+0.230500 DemoFee=3.9987
MICRO HEARTBEAT state=watching symbols=3 signal_source=demo books=3 
demo_books=3 Bquotes=166052 Mdepth=0 Ddepth=14385 above_floor=0 
max_residual=0.000bps candidates=0 fee_age=0ms
MICRO HEARTBEAT state=watching symbols=3 signal_source=demo books=3 
demo_books=3 Bquotes=166103 Mdepth=0 Ddepth=14385 above_floor=0 
max_residual=0.000bps candidates=0 fee_age=1297ms
MICRO HEARTBEAT state=watching symbols=3 signal_source=demo books=3 
demo_books=3 Bquotes=166211 Mdepth=0 Ddepth=14385 above_floor=0 
max_residual=0.000bps candidates=0 fee_age=3304ms
MICRO HEARTBEAT state=watching symbols=3 signal_source=demo books=3 
demo_books=3 Bquotes=166267 Mdepth=0 Ddepth=14388 above_floor=0 
max_residual=0.000bps candidates=0 fee_age=262ms
MICRO HEARTBEAT state=watching symbols=3 signal_source=demo books=3 
demo_books=3 Bquotes=166373 Mdepth=0 Ddepth=14404 above_floor=0 
max_residual=0.000bps candidates=0 fee_age=2282ms
MICRO HEARTBEAT state=watching symbols=3 signal_source=demo books=3 
demo_books=3 Bquotes=166623 Mdepth=0 Ddepth=14404 above_floor=0 
max_residual=0.000bps candidates=0 fee_age=0ms
MICRO HEARTBEAT state=watching symbols=3 signal_source=demo books=3 
demo_books=3 Bquotes=166728 Mdepth=0 Ddepth=14422 above_floor=0 
max_residual=0.000bps candidates=0 fee_age=2004ms
MICRO HEARTBEAT state=watching symbols=3 signal_source=demo books=3 
demo_books=3 Bquotes=166871 Mdepth=0 Ddepth=14446 above_floor=0 
max_residual=0.000bps candidates=0 fee_age=0ms
MICRO HEARTBEAT state=watching symbols=3 signal_source=demo books=3 
demo_books=3 Bquotes=166988 Mdepth=0 Ddepth=14446 above_floor=0 
max_residual=0.000bps candidates=0 fee_age=2009ms
MICRO HEARTBEAT state=watching symbols=3 signal_source=demo books=3 
demo_books=3 Bquotes=167083 Mdepth=0 Ddepth=14457 above_floor=0 
max_residual=0.000bps candidates=0 fee_age=4050ms
MICRO HEARTBEAT state=watching symbols=3 signal_source=demo books=3 
demo_books=3 Bquotes=167189 Mdepth=0 Ddepth=14481 above_floor=0 
max_residual=0.000bps candidates=0 fee_age=513ms
MICRO HEARTBEAT state=watching symbols=3 signal_source=demo books=3 
demo_books=3 Bquotes=167262 Mdepth=0 Ddepth=14496 above_floor=0 
max_residual=0.000bps candidates=0 fee_age=2560ms
MICRO HEARTBEAT state=watching symbols=3 signal_source=demo books=3 
demo_books=3 Bquotes=167486 Mdepth=0 Ddepth=14502 above_floor=0 
max_residual=0.000bps candidates=0 fee_age=0ms
MICRO HEARTBEAT state=watching symbols=3 signal_source=demo books=3 
demo_books=3 Bquotes=167542 Mdepth=0 Ddepth=14526 above_floor=0 
max_residual=0.000bps candidates=0 fee_age=2026ms
MICRO HEARTBEAT state=watching symbols=3 signal_source=demo books=3 
demo_books=3 Bquotes=167648 Mdepth=0 Ddepth=14542 above_floor=0 
max_residual=0.000bps candidates=0 fee_age=0ms
MICRO HEARTBEAT state=watching symbols=3 signal_source=demo books=3 
demo_books=3 Bquotes=167725 Mdepth=0 Ddepth=14562 above_floor=0 
max_residual=0.000bps candidates=0 fee_age=2049ms
MICRO SIGNAL LINK_USDT SHORT residual=-2.115bps threshold=1.257 spread=1.057 
net=+0.857 B100=-2.115 M100=+0.000 Bage=0ms Mage=506ms DemoCross=5.0bps
DEMO ENTRY LINK_USDT SHORT qty=1057.8 LIVEEntry=9.458 residual=-2.115 
notional=10004.7USDT leverage=200x requested_margin=50.0000USDT 
strategy_equity=44.7244USDT sizing=TARGET_NOTIONAL spread=1.057 
DemoFeeReported=2.00093 signal_to_visible=PENDING IOCconfirm=722.1ms 
reconcile=ASYNC
DEMO POSITION VISIBLE LINK_USDT signal_to_visible=1062.5ms
MICRO POSITION LINK_USDT mark=-1.057bps MFE=+0.000 MAE=-1.057 
DemoNetMark=-5.059881USDT DemoNet=-5.058bps DemoMFE=+0.000 DemoMAE=-5.058 
TRAIL=OFF residual=+0.000bps B100=+0.000
MICRO POSITION LINK_USDT mark=-1.057bps MFE=+0.000 MAE=-1.057 
DemoNetMark=-5.059881USDT DemoNet=-5.058bps DemoMFE=+0.000 DemoMAE=-5.058 
TRAIL=OFF residual=+0.000bps B100=+0.000
MICRO POSITION LINK_USDT mark=-1.057bps MFE=+0.000 MAE=-1.057 
DemoNetMark=-5.059881USDT DemoNet=-5.058bps DemoMFE=+0.000 DemoMAE=-5.058 
TRAIL=OFF residual=+4.228bps B100=+4.228
MICRO POSITION LINK_USDT mark=-1.057bps MFE=+0.000 MAE=-1.057 
DemoNetMark=-5.059881USDT DemoNet=-5.058bps DemoMFE=+0.000 DemoMAE=-5.058 
TRAIL=OFF residual=+0.000bps B100=+0.000
MICRO POSITION LINK_USDT mark=-1.057bps MFE=+0.000 MAE=-1.057 
DemoNetMark=-5.059881USDT DemoNet=-5.058bps DemoMFE=+0.000 DemoMAE=-5.058 
TRAIL=OFF residual=+0.000bps B100=+0.000
MICRO EXIT LINK_USDT reason=demo_adverse_cut LIVEpnl=-9.520200USDT 
move=-9.516bps MFE=+0.000 MAE=-9.516 hold=10002ms DemoExit=9.467 
DemoGross=-9.520200 DemoNet=-13.523900 DemoFee=2.00277
MICRO HEARTBEAT state=watching symbols=3 signal_source=demo books=3 
demo_books=3 Bquotes=169974 Mdepth=0 Ddepth=14675 above_floor=0 
max_residual=0.000bps candidates=0 fee_age=4160ms
MICRO HEARTBEAT state=watching symbols=3 signal_source=demo books=3 
demo_books=3 Bquotes=170149 Mdepth=0 Ddepth=14691 above_floor=0 
max_residual=0.000bps candidates=0 fee_age=1186ms
MICRO HEARTBEAT state=watching symbols=3 signal_source=demo books=3 
demo_books=3 Bquotes=170534 Mdepth=0 Ddepth=14715 above_floor=0 
max_residual=0.000bps candidates=0 fee_age=3196ms
MICRO HEARTBEAT state=watching symbols=3 signal_source=demo books=3 
demo_books=3 Bquotes=170640 Mdepth=0 Ddepth=14729 above_floor=0 
max_residual=0.000bps candidates=0 fee_age=123ms
MICRO HEARTBEAT state=watching symbols=3 signal_source=demo books=3 
demo_books=3 Bquotes=170760 Mdepth=0 Ddepth=14743 above_floor=0 
max_residual=0.000bps candidates=0 fee_age=2151ms
MICRO HEARTBEAT state=watching symbols=3 signal_source=demo books=3 
demo_books=3 Bquotes=170889 Mdepth=0 Ddepth=14765 above_floor=0 
max_residual=0.000bps candidates=0 fee_age=4156ms
MICRO HEARTBEAT state=watching symbols=3 signal_source=demo books=3 
demo_books=3 Bquotes=171132 Mdepth=0 Ddepth=14780 above_floor=0 
max_residual=0.000bps candidates=0 fee_age=1165ms
MICRO HEARTBEAT state=watching symbols=3 signal_source=demo books=3 
demo_books=3 Bquotes=171291 Mdepth=0 Ddepth=14803 above_floor=0 
max_residual=0.000bps candidates=0 fee_age=3167ms
MICRO HEARTBEAT state=watching symbols=3 signal_source=demo books=3 
demo_books=3 Bquotes=171402 Mdepth=0 Ddepth=14818 above_floor=0 
max_residual=0.000bps candidates=0 fee_age=82ms
MICRO HEARTBEAT state=watching symbols=3 signal_source=demo books=3 
demo_books=3 Bquotes=171581 Mdepth=0 Ddepth=14833 above_floor=0 
max_residual=0.000bps candidates=0 fee_age=2088ms
MICRO HEARTBEAT state=watching symbols=3 signal_source=demo books=3 
demo_books=3 Bquotes=171628 Mdepth=0 Ddepth=14853 above_floor=0 
max_residual=0.000bps candidates=0 fee_age=4089ms
MICRO SIGNAL XRP_USDT LONG residual=+1.997bps threshold=1.199 spread=0.999 
net=+0.798 B100=+1.997 M100=+0.000 Bage=2ms Mage=202ms DemoCross=5.0bps
DEMO ENTRY XRP_USDT LONG qty=9980 LIVEEntry=1.0014 residual=+1.997 
notional=9993.97USDT leverage=200x requested_margin=50.0000USDT 
strategy_equity=31.2005USDT sizing=TARGET_NOTIONAL spread=0.999 
DemoFeeReported=1.99879 signal_to_visible=PENDING IOCconfirm=619.6ms 
reconcile=ASYNC
MICRO POSITION XRP_USDT mark=-0.999bps MFE=+0.000 MAE=-0.999 
DemoNetMark=-4.995389USDT DemoNet=-4.998bps DemoMFE=+0.000 DemoMAE=-4.998 
TRAIL=OFF residual=+0.000bps B100=+0.000
DEMO POSITION VISIBLE XRP_USDT signal_to_visible=1000.7ms
MICRO POSITION XRP_USDT mark=-0.999bps MFE=+0.000 MAE=-0.999 
DemoNetMark=-4.995389USDT DemoNet=-4.998bps DemoMFE=+0.000 DemoMAE=-4.998 
TRAIL=OFF residual=+0.000bps B100=+0.000
MICRO POSITION XRP_USDT mark=+0.999bps MFE=+0.999 MAE=-0.999 
DemoNetMark=-2.999788USDT DemoNet=-3.002bps DemoMFE=+0.000 DemoMAE=-4.998 
TRAIL=OFF residual=+0.000bps B100=+0.000
MICRO POSITION XRP_USDT mark=+0.999bps MFE=+0.999 MAE=-0.999 
DemoNetMark=-2.999788USDT DemoNet=-3.002bps DemoMFE=+0.000 DemoMAE=-4.998 
TRAIL=OFF residual=+0.000bps B100=+0.000
MICRO POSITION XRP_USDT mark=+0.999bps MFE=+0.999 MAE=-0.999 
DemoNetMark=-2.999788USDT DemoNet=-3.002bps DemoMFE=+0.000 DemoMAE=-4.998 
TRAIL=OFF residual=+0.000bps B100=+0.000
MICRO POSITION XRP_USDT mark=+0.999bps MFE=+0.999 MAE=-0.999 
DemoNetMark=-2.999788USDT DemoNet=-3.002bps DemoMFE=+0.000 DemoMAE=-4.998 
TRAIL=OFF residual=+0.000bps B100=+0.000
MICRO POSITION XRP_USDT mark=+0.999bps MFE=+0.999 MAE=-0.999 
DemoNetMark=-2.999788USDT DemoNet=-3.002bps DemoMFE=+0.000 DemoMAE=-4.998 
TRAIL=OFF residual=+0.000bps B100=+0.000
MICRO POSITION XRP_USDT mark=+0.999bps MFE=+0.999 MAE=-0.999 
DemoNetMark=-2.999788USDT DemoNet=-3.002bps DemoMFE=+0.000 DemoMAE=-4.998 
TRAIL=OFF residual=+0.000bps B100=+0.000
MICRO POSITION XRP_USDT mark=+0.999bps MFE=+0.999 MAE=-0.999 
DemoNetMark=-2.999788USDT DemoNet=-3.002bps DemoMFE=+0.000 DemoMAE=-4.998 
TRAIL=OFF residual=+0.000bps B100=+0.000
MICRO POSITION XRP_USDT mark=+0.999bps MFE=+0.999 MAE=-0.999 
DemoNetMark=-2.999788USDT DemoNet=-3.002bps DemoMFE=+0.000 DemoMAE=-4.998 
TRAIL=OFF residual=+0.000bps B100=+0.000
MICRO POSITION XRP_USDT mark=+0.999bps MFE=+0.999 MAE=-0.999 
DemoNetMark=-2.999788USDT DemoNet=-3.002bps DemoMFE=+0.000 DemoMAE=-4.998 
TRAIL=OFF residual=+0.000bps B100=+0.000
MICRO EXIT XRP_USDT reason=binance_target_caught LIVEpnl=+1.996000USDT 
move=+1.997bps MFE=+1.997 MAE=-0.999 hold=23719ms DemoExit=1.0016 
DemoGross=+1.996000 DemoNet=-2.001900 DemoFee=1.99911
MICRO HEARTBEAT state=watching symbols=3 signal_source=demo books=3 
demo_books=3 Bquotes=174450 Mdepth=0 Ddepth=15107 above_floor=0 
max_residual=0.000bps candidates=0 fee_age=1227ms
MICRO HEARTBEAT state=watching symbols=3 signal_source=demo books=3 
demo_books=3 Bquotes=174616 Mdepth=0 Ddepth=15125 above_floor=0 
max_residual=0.000bps candidates=0 fee_age=3274ms
MICRO HEARTBEAT state=watching symbols=3 signal_source=demo books=3 
demo_books=3 Bquotes=174870 Mdepth=0 Ddepth=15148 above_floor=0 
max_residual=0.000bps candidates=0 fee_age=308ms
MICRO HEARTBEAT state=watching symbols=3 signal_source=demo books=3 
demo_books=3 Bquotes=174980 Mdepth=0 Ddepth=15163 above_floor=0 
max_residual=0.000bps candidates=0 fee_age=2343ms
MICRO HEARTBEAT state=watching symbols=3 signal_source=demo books=3 
demo_books=3 Bquotes=175244 Mdepth=0 Ddepth=15185 above_floor=0 
max_residual=0.000bps candidates=0 fee_age=1ms
MICRO SIGNAL LINK_USDT LONG residual=+2.113bps threshold=1.257 spread=1.057 
net=+0.857 B100=+2.113 M100=+0.000 Bage=1ms Mage=95ms DemoCross=5.0bps
MICRO HEARTBEAT state=watching symbols=3 signal_source=demo books=3 
demo_books=3 Bquotes=177412 Mdepth=0 Ddepth=15295 above_floor=0 
max_residual=0.000bps candidates=0 fee_age=0ms
MICRO SIGNAL LINK_USDT SHORT residual=-2.644bps threshold=1.257 spread=1.057 
net=+1.386 B100=-2.644 M100=+0.000 Bage=1ms Mage=32ms DemoCross=5.0bps
MICRO HEARTBEAT state=watching symbols=3 signal_source=demo books=3 
demo_books=3 Bquotes=179612 Mdepth=0 Ddepth=15386 above_floor=0 
max_residual=0.000bps candidates=0 fee_age=0ms
MICRO HEARTBEAT state=watching symbols=3 signal_source=demo books=3 
demo_books=3 Bquotes=179764 Mdepth=0 Ddepth=15403 above_floor=0 
max_residual=0.000bps candidates=0 fee_age=1339ms
MICRO HEARTBEAT state=watching symbols=3 signal_source=demo books=3 
demo_books=3 Bquotes=179910 Mdepth=0 Ddepth=15417 above_floor=0 
max_residual=0.000bps candidates=0 fee_age=3353ms
MICRO HEARTBEAT state=watching symbols=3 signal_source=demo books=3 
demo_books=3 Bquotes=180103 Mdepth=0 Ddepth=15436 above_floor=0 
max_residual=0.000bps candidates=0 fee_age=240ms
MICRO HEARTBEAT state=watching symbols=3 signal_source=demo books=3 
demo_books=3 Bquotes=180311 Mdepth=0 Ddepth=15458 above_floor=0 
max_residual=0.000bps candidates=0 fee_age=2257ms
MICRO HEARTBEAT state=watching symbols=3 signal_source=demo books=3 
demo_books=3 Bquotes=180461 Mdepth=0 Ddepth=15477 above_floor=0 
max_residual=0.000bps candidates=0 fee_age=0ms
MICRO HEARTBEAT state=watching symbols=3 signal_source=demo books=3 
demo_books=3 Bquotes=180681 Mdepth=0 Ddepth=15499 above_floor=1 
max_residual=1.058bps candidates=0 fee_age=2023ms
MICRO HEARTBEAT state=watching symbols=3 signal_source=demo books=3 
demo_books=3 Bquotes=180899 Mdepth=0 Ddepth=15520 above_floor=0 
max_residual=0.000bps candidates=0 fee_age=4068ms
MICRO HEARTBEAT state=watching symbols=3 signal_source=demo books=3 
demo_books=3 Bquotes=181002 Mdepth=0 Ddepth=15540 above_floor=0 
max_residual=0.000bps candidates=0 fee_age=1016ms
MICRO HEARTBEAT state=watching symbols=3 signal_source=demo books=3 
demo_books=3 Bquotes=181217 Mdepth=0 Ddepth=15563 above_floor=0 
max_residual=0.000bps candidates=0 fee_age=3017ms
MICRO HEARTBEAT state=watching symbols=3 signal_source=demo books=3 
demo_books=3 Bquotes=181600 Mdepth=0 Ddepth=15581 above_floor=0 
max_residual=0.000bps candidates=0 fee_age=1ms
MICRO HEARTBEAT state=watching symbols=3 signal_source=demo books=3 
demo_books=3 Bquotes=181706 Mdepth=0 Ddepth=15603 above_floor=0 
max_residual=0.000bps candidates=0 fee_age=2013ms
MICRO HEARTBEAT state=watching symbols=3 signal_source=demo books=3 
demo_books=3 Bquotes=181962 Mdepth=0 Ddepth=15628 above_floor=0 
max_residual=0.000bps candidates=0 fee_age=0ms
MICRO HEARTBEAT state=watching symbols=3 signal_source=demo books=3 
demo_books=3 Bquotes=181994 Mdepth=0 Ddepth=15639 above_floor=0 
max_residual=0.000bps candidates=0 fee_age=1311ms
MICRO HEARTBEAT state=watching symbols=3 signal_source=demo books=3 
demo_books=3 Bquotes=182124 Mdepth=0 Ddepth=15660 above_floor=0 
max_residual=0.000bps candidates=0 fee_age=3312ms
MICRO HEARTBEAT state=watching symbols=3 signal_source=demo books=3 
demo_books=3 Bquotes=182350 Mdepth=0 Ddepth=15677 above_floor=0 
max_residual=0.000bps candidates=0 fee_age=312ms
MICRO HEARTBEAT state=watching symbols=3 signal_source=demo books=3 
demo_books=3 Bquotes=182508 Mdepth=0 Ddepth=15700 above_floor=0 
max_residual=0.000bps candidates=0 fee_age=2352ms
MICRO HEARTBEAT state=watching symbols=3 signal_source=demo books=3 
demo_books=3 Bquotes=182720 Mdepth=0 Ddepth=15720 above_floor=0 
max_residual=0.000bps candidates=0 fee_age=0ms
MICRO HEARTBEAT state=watching symbols=3 signal_source=demo books=3 
demo_books=3 Bquotes=182827 Mdepth=0 Ddepth=15739 above_floor=0 
max_residual=0.000bps candidates=0 fee_age=2030ms
MICRO HEARTBEAT state=watching symbols=3 signal_source=demo books=3 
demo_books=3 Bquotes=182917 Mdepth=0 Ddepth=15761 above_floor=0 
max_residual=0.000bps candidates=0 fee_age=4042ms
MICRO HEARTBEAT state=watching symbols=3 signal_source=demo books=3 
demo_books=3 Bquotes=183018 Mdepth=0 Ddepth=15776 above_floor=0 
max_residual=0.000bps candidates=0 fee_age=998ms
MICRO HEARTBEAT state=watching symbols=3 signal_source=demo books=3 
demo_books=3 Bquotes=183345 Mdepth=0 Ddepth=15800 above_floor=0 
max_residual=0.000bps candidates=0 fee_age=3004ms
MICRO HEARTBEAT state=watching symbols=3 signal_source=demo books=3 
demo_books=3 Bquotes=183589 Mdepth=0 Ddepth=15818 above_floor=0 
max_residual=0.000bps candidates=0 fee_age=53ms
MICRO HEARTBEAT state=watching symbols=3 signal_source=demo books=3 
demo_books=3 Bquotes=183891 Mdepth=0 Ddepth=15834 above_floor=0 
max_residual=0.000bps candidates=0 fee_age=2079ms
MICRO HEARTBEAT state=watching symbols=3 signal_source=demo books=3 
demo_books=3 Bquotes=184026 Mdepth=0 Ddepth=15861 above_floor=0 
max_residual=0.000bps candidates=0 fee_age=4112ms
MICRO HEARTBEAT state=watching symbols=3 signal_source=demo books=3 
demo_books=3 Bquotes=184203 Mdepth=0 Ddepth=15876 above_floor=0 
max_residual=0.000bps candidates=0 fee_age=1105ms
MICRO HEARTBEAT state=watching symbols=3 signal_source=demo books=3 
demo_books=3 Bquotes=184434 Mdepth=0 Ddepth=15900 above_floor=0 
max_residual=0.000bps candidates=0 fee_age=3137ms
MICRO HEARTBEAT state=watching symbols=3 signal_source=demo books=3 
demo_books=3 Bquotes=184593 Mdepth=0 Ddepth=15919 above_floor=0 
max_residual=0.000bps candidates=0 fee_age=175ms
MICRO HEARTBEAT state=watching symbols=3 signal_source=demo books=3 
demo_books=3 Bquotes=184696 Mdepth=0 Ddepth=15935 above_floor=0 
max_residual=0.000bps candidates=0 fee_age=2190ms
MICRO HEARTBEAT state=watching symbols=3 signal_source=demo books=3 
demo_books=3 Bquotes=185020 Mdepth=0 Ddepth=15959 above_floor=0 
max_residual=0.000bps candidates=0 fee_age=4198ms
MICRO HEARTBEAT state=watching symbols=3 signal_source=demo books=3 
demo_books=3 Bquotes=185344 Mdepth=0 Ddepth=15975 above_floor=0 
max_residual=0.000bps candidates=0 fee_age=728ms
MICRO HEARTBEAT state=watching symbols=3 signal_source=demo books=3 
demo_books=3 Bquotes=185483 Mdepth=0 Ddepth=15991 above_floor=0 
max_residual=0.000bps candidates=0 fee_age=2743ms
MICRO HEARTBEAT state=watching symbols=3 signal_source=demo books=3 
demo_books=3 Bquotes=185565 Mdepth=0 Ddepth=16018 above_floor=0 
max_residual=0.000bps candidates=0 fee_age=160ms
MICRO SIGNAL XRP_USDT SHORT residual=-1.996bps threshold=1.198 spread=0.998 
net=+0.798 B100=-1.996 M100=+0.000 Bage=1ms Mage=132ms DemoCross=5.0bps
DEMO ENTRY XRP_USDT SHORT qty=9984 LIVEEntry=1.0022 residual=-1.996 
notional=10006USDT leverage=200x requested_margin=50.0000USDT 
strategy_equity=29.1986USDT sizing=TARGET_NOTIONAL spread=0.998 
DemoFeeReported=2.00119 signal_to_visible=PENDING IOCconfirm=662.2ms 
reconcile=ASYNC
DEMO POSITION VISIBLE XRP_USDT signal_to_visible=1041.6ms
MICRO POSITION XRP_USDT mark=-0.998bps MFE=+0.000 MAE=-0.998 
DemoNetMark=-5.000986USDT DemoNet=-4.998bps DemoMFE=+0.000 DemoMAE=-4.998 
TRAIL=OFF residual=+0.000bps B100=+0.000
MICRO EXIT XRP_USDT reason=binance_target_caught LIVEpnl=+1.996800USDT 
move=+1.996bps MFE=+1.996 MAE=-0.998 hold=3232ms DemoExit=1.002 
DemoGross=+1.996800 DemoNet=-2.005100 DemoFee=2.00071
MICRO HEARTBEAT state=watching symbols=3 signal_source=demo books=3 
demo_books=3 Bquotes=186546 Mdepth=0 Ddepth=16075 above_floor=0 
max_residual=0.000bps candidates=0 fee_age=0ms
MICRO HEARTBEAT state=watching symbols=3 signal_source=demo books=3 
demo_books=3 Bquotes=186711 Mdepth=0 Ddepth=16084 above_floor=0 
max_residual=0.000bps candidates=0 fee_age=1345ms
MICRO HEARTBEAT state=watching symbols=3 signal_source=demo books=3 
demo_books=3 Bquotes=186864 Mdepth=0 Ddepth=16104 above_floor=0 
max_residual=0.000bps candidates=0 fee_age=3348ms
MICRO SIGNAL LINK_USDT LONG residual=+5.289bps threshold=1.258 spread=1.058 
net=+4.031 B100=+5.289 M100=+0.000 Bage=22ms Mage=468ms DemoCross=5.0bps
DEMO ENTRY LINK_USDT LONG qty=1057.5 LIVEEntry=9.451 residual=+5.289 
notional=9994.43USDT leverage=200x requested_margin=50.0000USDT 
strategy_equity=27.1935USDT sizing=TARGET_NOTIONAL spread=1.058 
DemoFeeReported=1.99889 signal_to_visible=PENDING IOCconfirm=627.7ms 
reconcile=ASYNC
MICRO POSITION LINK_USDT mark=-1.058bps MFE=+0.000 MAE=-1.058 
DemoNetMark=-5.055062USDT DemoNet=-5.058bps DemoMFE=+0.000 DemoMAE=-5.058 
TRAIL=OFF residual=+0.000bps B100=+0.000
DEMO POSITION VISIBLE LINK_USDT signal_to_visible=996.9ms
MICRO POSITION LINK_USDT mark=-1.058bps MFE=+0.000 MAE=-1.058 
DemoNetMark=-5.055062USDT DemoNet=-5.058bps DemoMFE=+0.000 DemoMAE=-5.058 
TRAIL=OFF residual=+0.000bps B100=+0.000
MICRO POSITION LINK_USDT mark=+4.232bps MFE=+4.232 MAE=-1.058 
DemoNetMark=+0.231381USDT DemoNet=+0.232bps DemoMFE=+0.232 DemoMAE=-5.058 
TRAIL=+0.500bps residual=+0.000bps B100=+0.000
MICRO POSITION LINK_USDT mark=+4.232bps MFE=+4.232 MAE=-1.058 
DemoNetMark=+0.231381USDT DemoNet=+0.232bps DemoMFE=+0.232 DemoMAE=-5.058 
TRAIL=+0.500bps residual=+0.000bps B100=+0.000
MICRO POSITION LINK_USDT mark=+4.232bps MFE=+4.232 MAE=-1.058 
DemoNetMark=+0.231381USDT DemoNet=+0.232bps DemoMFE=+0.232 DemoMAE=-5.058 
TRAIL=+0.500bps residual=+0.000bps B100=+0.000
MICRO EXIT LINK_USDT reason=positive_trailing_stop LIVEpnl=+0.000000USDT 
move=+0.000bps MFE=+4.232 MAE=-1.058 hold=9258ms DemoExit=9.451 
DemoGross=+0.000000 DemoNet=-3.997700 DemoFee=1.99881
MICRO HEARTBEAT state=watching symbols=3 signal_source=demo books=3 
demo_books=3 Bquotes=188402 Mdepth=0 Ddepth=16231 above_floor=1 
max_residual=1.058bps candidates=0 fee_age=1ms
MICRO HEARTBEAT state=watching symbols=3 signal_source=demo books=3 
demo_books=3 Bquotes=188606 Mdepth=0 Ddepth=16246 above_floor=0 
max_residual=0.000bps candidates=0 fee_age=2024ms
MICRO HEARTBEAT state=watching symbols=3 signal_source=demo books=3 
demo_books=3 Bquotes=188734 Mdepth=0 Ddepth=16272 above_floor=0 
max_residual=0.000bps candidates=0 fee_age=4027ms
MICRO HEARTBEAT state=watching symbols=3 signal_source=demo books=3 
demo_books=3 Bquotes=188796 Mdepth=0 Ddepth=16286 above_floor=0 
max_residual=0.000bps candidates=0 fee_age=1048ms
MICRO HEARTBEAT state=watching symbols=3 signal_source=demo books=3 
demo_books=3 Bquotes=189156 Mdepth=0 Ddepth=16302 above_floor=0 
max_residual=0.000bps candidates=0 fee_age=3051ms
MICRO SIGNAL LINK_USDT SHORT residual=-4.233bps threshold=1.258 spread=1.058 
net=+2.975 B100=-4.233 M100=+0.000 Bage=3ms Mage=2ms DemoCross=5.0bps
MICRO HEARTBEAT state=watching symbols=3 signal_source=demo books=3 
demo_books=3 Bquotes=191292 Mdepth=0 Ddepth=16407 above_floor=0 
max_residual=0.000bps candidates=0 fee_age=0ms
MICRO HEARTBEAT state=watching symbols=3 signal_source=demo books=3 
demo_books=3 Bquotes=191436 Mdepth=0 Ddepth=16416 above_floor=0 
max_residual=0.000bps candidates=0 fee_age=1362ms
MICRO HEARTBEAT state=watching symbols=3 signal_source=demo books=3 
demo_books=3 Bquotes=191521 Mdepth=0 Ddepth=16437 above_floor=0 
max_residual=0.000bps candidates=0 fee_age=3365ms
MICRO HEARTBEAT state=watching symbols=3 signal_source=demo books=3 
demo_books=3 Bquotes=191594 Mdepth=0 Ddepth=16438 above_floor=0 
max_residual=0.000bps candidates=0 fee_age=0ms
MICRO HEARTBEAT state=watching symbols=3 signal_source=demo books=3 
demo_books=3 Bquotes=191669 Mdepth=0 Ddepth=16438 above_floor=0 
max_residual=0.000bps candidates=0 fee_age=2059ms
MICRO HEARTBEAT state=watching symbols=3 signal_source=demo books=3 
demo_books=3 Bquotes=191873 Mdepth=0 Ddepth=16465 above_floor=0 
max_residual=0.000bps candidates=0 fee_age=0ms
MICRO HEARTBEAT state=watching symbols=3 signal_source=demo books=3 
demo_books=3 Bquotes=192064 Mdepth=0 Ddepth=16468 above_floor=0 
max_residual=0.000bps candidates=0 fee_age=2027ms
MICRO HEARTBEAT state=watching symbols=3 signal_source=demo books=3 
demo_books=3 Bquotes=192127 Mdepth=0 Ddepth=16468 above_floor=0 
max_residual=0.000bps candidates=0 fee_age=4030ms
MICRO HEARTBEAT state=watching symbols=3 signal_source=demo books=3 
demo_books=3 Bquotes=192218 Mdepth=0 Ddepth=16480 above_floor=0 
max_residual=0.000bps candidates=0 fee_age=1011ms
MICRO HEARTBEAT state=watching symbols=3 signal_source=demo books=3 
demo_books=3 Bquotes=192380 Mdepth=0 Ddepth=16480 above_floor=0 
max_residual=0.000bps candidates=0 fee_age=3058ms
MICRO HEARTBEAT state=watching symbols=3 signal_source=demo books=3 
demo_books=3 Bquotes=192584 Mdepth=0 Ddepth=16480 above_floor=0 
max_residual=0.000bps candidates=0 fee_age=54ms
MICRO HEARTBEAT state=watching symbols=3 signal_source=demo books=3 
demo_books=3 Bquotes=192720 Mdepth=0 Ddepth=16510 above_floor=0 
max_residual=0.000bps candidates=0 fee_age=2080ms
MICRO HEARTBEAT state=watching symbols=3 signal_source=demo books=3 
demo_books=3 Bquotes=192878 Mdepth=0 Ddepth=16510 above_floor=0 
max_residual=0.000bps candidates=0 fee_age=4103ms
MICRO HEARTBEAT state=watching symbols=3 signal_source=demo books=3 
demo_books=3 Bquotes=192966 Mdepth=0 Ddepth=16510 above_floor=0 
max_residual=0.000bps candidates=0 fee_age=1011ms
MICRO HEARTBEAT state=watching symbols=3 signal_source=demo books=3 
demo_books=3 Bquotes=193062 Mdepth=0 Ddepth=16525 above_floor=0 
max_residual=0.000bps candidates=0 fee_age=3059ms
MICRO SIGNAL LINK_USDT LONG residual=+2.119bps threshold=1.260 spread=1.060 
net=+0.860 B100=+2.119 M100=+0.000 Bage=1ms Mage=842ms DemoCross=5.0bps
DEMO ENTRY LINK_USDT LONG qty=1059.2 LIVEEntry=9.436 residual=+2.119 
notional=9994.61USDT leverage=200x requested_margin=50.0000USDT 
strategy_equity=23.1958USDT sizing=TARGET_NOTIONAL spread=1.060 
DemoFeeReported=0 signal_to_visible=5240.4ms IOCconfirm=1766.6ms 
reconcile=3462.2ms
MICRO POSITION LINK_USDT mark=+6.359bps MFE=+6.359 MAE=+0.000 
DemoNetMark=+4.355007USDT DemoNet=+4.357bps DemoMFE=+4.357 DemoMAE=+0.000 
TRAIL=+5.299bps residual=+0.000bps B100=+0.000
MICRO EXIT LINK_USDT reason=binance_target_caught LIVEpnl=+6.355200USDT 
move=+6.359bps MFE=+6.359 MAE=+0.000 hold=5254ms DemoExit=9.442 
DemoGross=+6.355200 DemoNet=+2.356100 DemoFee=3.9991
MICRO HEARTBEAT state=watching symbols=3 signal_source=demo books=3 
demo_books=3 Bquotes=193976 Mdepth=0 Ddepth=16573 above_floor=0 
max_residual=0.000bps candidates=0 fee_age=0ms
MICRO HEARTBEAT state=watching symbols=3 signal_source=demo books=3 
demo_books=3 Bquotes=194019 Mdepth=0 Ddepth=16573 above_floor=0 
max_residual=0.000bps candidates=0 fee_age=1376ms
MICRO HEARTBEAT state=watching symbols=3 signal_source=demo books=3 
demo_books=3 Bquotes=194187 Mdepth=0 Ddepth=16573 above_floor=0 
max_residual=0.000bps candidates=0 fee_age=3382ms
MICRO HEARTBEAT state=watching symbols=3 signal_source=demo books=3 
demo_books=3 Bquotes=194734 Mdepth=0 Ddepth=16584 above_floor=0 
max_residual=0.000bps candidates=0 fee_age=360ms
MICRO HEARTBEAT state=watching symbols=3 signal_source=demo books=3 
demo_books=3 Bquotes=195075 Mdepth=0 Ddepth=16601 above_floor=0 
max_residual=0.000bps candidates=0 fee_age=2394ms
MICRO HEARTBEAT state=watching symbols=3 signal_source=demo books=3 
demo_books=3 Bquotes=195209 Mdepth=0 Ddepth=16601 above_floor=0 
max_residual=0.000bps candidates=0 fee_age=0ms
MICRO HEARTBEAT state=watching symbols=3 signal_source=demo books=3 
demo_books=3 Bquotes=195321 Mdepth=0 Ddepth=16614 above_floor=0 
max_residual=0.000bps candidates=0 fee_age=2009ms
MICRO HEARTBEAT state=watching symbols=3 signal_source=demo books=3 
demo_books=3 Bquotes=195393 Mdepth=0 Ddepth=16628 above_floor=0 
max_residual=0.000bps candidates=0 fee_age=4013ms
MICRO HEARTBEAT state=watching symbols=3 signal_source=demo books=3 
demo_books=3 Bquotes=195542 Mdepth=0 Ddepth=16628 above_floor=0 
max_residual=0.000bps candidates=0 fee_age=910ms
MICRO HEARTBEAT state=watching symbols=3 signal_source=demo books=3 
demo_books=3 Bquotes=195694 Mdepth=0 Ddepth=16630 above_floor=0 
max_residual=0.000bps candidates=0 fee_age=2913ms
MICRO HEARTBEAT state=watching symbols=3 signal_source=demo books=3 
demo_books=3 Bquotes=195896 Mdepth=0 Ddepth=16649 above_floor=0 
max_residual=0.000bps candidates=0 fee_age=1ms
MICRO HEARTBEAT state=watching symbols=3 signal_source=demo books=3 
demo_books=3 Bquotes=196031 Mdepth=0 Ddepth=16649 above_floor=0 
max_residual=0.000bps candidates=0 fee_age=2040ms
MICRO HEARTBEAT state=watching symbols=3 signal_source=demo books=3 
demo_books=3 Bquotes=196120 Mdepth=0 Ddepth=16649 above_floor=0 
max_residual=0.000bps candidates=0 fee_age=4057ms
MICRO HEARTBEAT state=watching symbols=3 signal_source=demo books=3 
demo_books=3 Bquotes=196180 Mdepth=0 Ddepth=16665 above_floor=0 
max_residual=0.000bps candidates=0 fee_age=1089ms
MICRO HEARTBEAT state=watching symbols=3 signal_source=demo books=3 
demo_books=3 Bquotes=196319 Mdepth=0 Ddepth=16665 above_floor=0 
max_residual=0.000bps candidates=0 fee_age=3094ms
MICRO HEARTBEAT state=watching symbols=3 signal_source=demo books=3 
demo_books=3 Bquotes=196410 Mdepth=0 Ddepth=16665 above_floor=0 
max_residual=0.000bps candidates=0 fee_age=15ms
MICRO HEARTBEAT state=watching symbols=3 signal_source=demo books=3 
demo_books=3 Bquotes=196581 Mdepth=0 Ddepth=16687 above_floor=0 
max_residual=0.000bps candidates=0 fee_age=2022ms
MICRO SIGNAL LINK_USDT SHORT residual=-1.587bps threshold=1.258 spread=1.058 
net=+0.329 B100=-1.587 M100=+0.000 Bage=2ms Mage=1162ms DemoCross=5.0bps
MICRO HEARTBEAT state=watching symbols=3 signal_source=demo books=3 
demo_books=3 Bquotes=197571 Mdepth=0 Ddepth=16739 above_floor=0 
max_residual=0.000bps candidates=0 fee_age=0ms
MICRO HEARTBEAT state=watching symbols=3 signal_source=demo books=3 
demo_books=3 Bquotes=197692 Mdepth=0 Ddepth=16762 above_floor=0 
max_residual=0.000bps candidates=0 fee_age=1371ms
MICRO HEARTBEAT state=watching symbols=3 signal_source=demo books=3 
demo_books=3 Bquotes=197870 Mdepth=0 Ddepth=16777 above_floor=0 
max_residual=0.000bps candidates=0 fee_age=3382ms
MICRO HEARTBEAT state=watching symbols=3 signal_source=demo books=3 
demo_books=3 Bquotes=197954 Mdepth=0 Ddepth=16800 above_floor=0 
max_residual=0.000bps candidates=0 fee_age=236ms
MICRO HEARTBEAT state=watching symbols=3 signal_source=demo books=3 
demo_books=3 Bquotes=198411 Mdepth=0 Ddepth=16815 above_floor=0 
max_residual=0.000bps candidates=0 fee_age=2265ms
MICRO HEARTBEAT state=watching symbols=3 signal_source=demo books=3 
demo_books=3 Bquotes=198539 Mdepth=0 Ddepth=16842 above_floor=0 
max_residual=0.000bps candidates=0 fee_age=0ms
MICRO HEARTBEAT state=watching symbols=3 signal_source=demo books=3 
demo_books=3 Bquotes=198600 Mdepth=0 Ddepth=16855 above_floor=0 
max_residual=0.000bps candidates=0 fee_age=1269ms
MICRO HEARTBEAT state=watching symbols=3 signal_source=demo books=3 
demo_books=3 Bquotes=198679 Mdepth=0 Ddepth=16869 above_floor=0 
max_residual=0.000bps candidates=0 fee_age=3299ms
MICRO HEARTBEAT state=watching symbols=3 signal_source=demo books=3 
demo_books=3 Bquotes=198926 Mdepth=0 Ddepth=16891 above_floor=0 
max_residual=0.000bps candidates=0 fee_age=369ms
MICRO HEARTBEAT state=watching symbols=3 signal_source=demo books=3 
demo_books=3 Bquotes=198978 Mdepth=0 Ddepth=16907 above_floor=0 
max_residual=0.000bps candidates=0 fee_age=2381ms
MICRO HEARTBEAT state=watching symbols=3 signal_source=demo books=3 
demo_books=3 Bquotes=199494 Mdepth=0 Ddepth=16927 above_floor=0 
max_residual=0.000bps candidates=0 fee_age=0ms
MICRO HEARTBEAT state=watching symbols=3 signal_source=demo books=3 
demo_books=3 Bquotes=199566 Mdepth=0 Ddepth=16950 above_floor=0 
max_residual=0.000bps candidates=0 fee_age=2001ms
MICRO HEARTBEAT state=watching symbols=3 signal_source=demo books=3 
demo_books=3 Bquotes=199866 Mdepth=0 Ddepth=16964 above_floor=0 
max_residual=0.000bps candidates=0 fee_age=4003ms
MICRO HEARTBEAT state=watching symbols=3 signal_source=demo books=3 
demo_books=3 Bquotes=200115 Mdepth=0 Ddepth=16986 above_floor=0 
max_residual=0.000bps candidates=0 fee_age=968ms
MICRO HEARTBEAT state=watching symbols=3 signal_source=demo books=3 
demo_books=3 Bquotes=200206 Mdepth=0 Ddepth=16999 above_floor=0 
max_residual=0.000bps candidates=0 fee_age=2969ms
MICRO HEARTBEAT state=watching symbols=3 signal_source=demo books=3 
demo_books=3 Bquotes=200300 Mdepth=0 Ddepth=17012 above_floor=0 
max_residual=0.000bps candidates=0 fee_age=109ms
MICRO HEARTBEAT state=watching symbols=3 signal_source=demo books=3 
demo_books=3 Bquotes=200365 Mdepth=0 Ddepth=17036 above_floor=0 
max_residual=0.000bps candidates=0 fee_age=2115ms
MICRO HEARTBEAT state=watching symbols=3 signal_source=demo books=3 
demo_books=3 Bquotes=200501 Mdepth=0 Ddepth=17049 above_floor=0 
max_residual=0.000bps candidates=0 fee_age=4141ms
MICRO HEARTBEAT state=watching symbols=3 signal_source=demo books=3 
demo_books=3 Bquotes=200557 Mdepth=0 Ddepth=17064 above_floor=0 
max_residual=0.000bps candidates=0 fee_age=1133ms
MICRO HEARTBEAT state=watching symbols=3 signal_source=demo books=3 
demo_books=3 Bquotes=200755 Mdepth=0 Ddepth=17086 above_floor=0 
max_residual=0.000bps candidates=0 fee_age=3166ms
MICRO HEARTBEAT state=watching symbols=3 signal_source=demo books=3 
demo_books=3 Bquotes=200848 Mdepth=0 Ddepth=17099 above_floor=0 
max_residual=0.000bps candidates=0 fee_age=115ms
MICRO HEARTBEAT state=watching symbols=3 signal_source=demo books=3 
demo_books=3 Bquotes=200949 Mdepth=0 Ddepth=17121 above_floor=0 
max_residual=0.000bps candidates=0 fee_age=2117ms
MICRO HEARTBEAT state=watching symbols=3 signal_source=demo books=3 
demo_books=3 Bquotes=201154 Mdepth=0 Ddepth=17134 above_floor=0 
max_residual=0.000bps candidates=0 fee_age=4117ms
MICRO HEARTBEAT state=watching symbols=3 signal_source=demo books=3 
demo_books=3 Bquotes=201309 Mdepth=0 Ddepth=17147 above_floor=0 
max_residual=0.000bps candidates=0 fee_age=1143ms
MICRO HEARTBEAT state=watching symbols=3 signal_source=demo books=3 
demo_books=3 Bquotes=201402 Mdepth=0 Ddepth=17170 above_floor=0 
max_residual=0.000bps candidates=0 fee_age=3171ms
MICRO HEARTBEAT state=watching symbols=3 signal_source=demo books=3 
demo_books=3 Bquotes=201482 Mdepth=0 Ddepth=17183 above_floor=0 
max_residual=0.000bps candidates=0 fee_age=192ms
MICRO HEARTBEAT state=watching symbols=3 signal_source=demo books=3 
demo_books=3 Bquotes=201573 Mdepth=0 Ddepth=17201 above_floor=0 
max_residual=0.000bps candidates=0 fee_age=2213ms
MICRO HEARTBEAT state=watching symbols=3 signal_source=demo books=3 
demo_books=3 Bquotes=201753 Mdepth=0 Ddepth=17215 above_floor=0 
max_residual=0.000bps candidates=0 fee_age=4243ms
MICRO HEARTBEAT state=watching symbols=3 signal_source=demo books=3 
demo_books=3 Bquotes=201882 Mdepth=0 Ddepth=17228 above_floor=0 
max_residual=0.000bps candidates=0 fee_age=1161ms
MICRO HEARTBEAT state=watching symbols=3 signal_source=demo books=3 
demo_books=3 Bquotes=201965 Mdepth=0 Ddepth=17252 above_floor=0 
max_residual=0.000bps candidates=0 fee_age=3181ms
MICRO HEARTBEAT state=watching symbols=3 signal_source=demo books=3 
demo_books=3 Bquotes=202057 Mdepth=0 Ddepth=17266 above_floor=0 
max_residual=0.000bps candidates=0 fee_age=201ms
MICRO HEARTBEAT state=watching symbols=3 signal_source=demo books=3 
demo_books=3 Bquotes=202140 Mdepth=0 Ddepth=17281 above_floor=0 
max_residual=0.000bps candidates=0 fee_age=2224ms
MICRO HEARTBEAT state=watching symbols=3 signal_source=demo books=3 
demo_books=3 Bquotes=202359 Mdepth=0 Ddepth=17301 above_floor=0 
max_residual=0.000bps candidates=0 fee_age=4242ms
MICRO HEARTBEAT state=watching symbols=3 signal_source=demo books=3 
demo_books=3 Bquotes=202464 Mdepth=0 Ddepth=17317 above_floor=0 
max_residual=0.000bps candidates=0 fee_age=1218ms
MICRO SIGNAL LINK_USDT LONG residual=+2.116bps threshold=1.258 spread=1.058 
net=+0.858 B100=+2.116 M100=+0.000 Bage=3ms Mage=4ms DemoCross=5.0bps
MICRO HEARTBEAT state=watching symbols=3 signal_source=demo books=3 
demo_books=3 Bquotes=203799 Mdepth=0 Ddepth=17423 above_floor=0 
max_residual=0.000bps candidates=0 fee_age=0ms
MICRO HEARTBEAT state=watching symbols=3 signal_source=demo books=3 
demo_books=3 Bquotes=203988 Mdepth=0 Ddepth=17441 above_floor=0 
max_residual=0.000bps candidates=0 fee_age=1286ms
MICRO HEARTBEAT state=watching symbols=3 signal_source=demo books=3 
demo_books=3 Bquotes=204265 Mdepth=0 Ddepth=17455 above_floor=0 
max_residual=0.000bps candidates=0 fee_age=3294ms
MICRO HEARTBEAT state=watching symbols=3 signal_source=demo books=3 
demo_books=3 Bquotes=204373 Mdepth=0 Ddepth=17471 above_floor=0 
max_residual=0.000bps candidates=0 fee_age=206ms
MICRO HEARTBEAT state=watching symbols=3 signal_source=demo books=3 
demo_books=3 Bquotes=204778 Mdepth=0 Ddepth=17495 above_floor=0 
max_residual=0.000bps candidates=0 fee_age=2244ms
MICRO HEARTBEAT state=watching symbols=3 signal_source=demo books=3 
demo_books=3 Bquotes=204922 Mdepth=0 Ddepth=17513 above_floor=0 
max_residual=0.000bps candidates=0 fee_age=0ms
MICRO HEARTBEAT state=watching symbols=3 signal_source=demo books=3 
demo_books=3 Bquotes=205000 Mdepth=0 Ddepth=17531 above_floor=0 
max_residual=0.000bps candidates=0 fee_age=1324ms
MICRO HEARTBEAT state=watching symbols=3 signal_source=demo books=3 
demo_books=3 Bquotes=205088 Mdepth=0 Ddepth=17547 above_floor=0 
max_residual=0.000bps candidates=0 fee_age=3371ms
MICRO HEARTBEAT state=watching symbols=3 signal_source=demo books=3 
demo_books=3 Bquotes=205185 Mdepth=0 Ddepth=17560 above_floor=0 
max_residual=0.000bps candidates=0 fee_age=408ms
MICRO HEARTBEAT state=watching symbols=3 signal_source=demo books=3 
demo_books=3 Bquotes=205305 Mdepth=0 Ddepth=17587 above_floor=0 
max_residual=0.000bps candidates=0 fee_age=2440ms
MICRO HEARTBEAT state=watching symbols=3 signal_source=demo books=3 
demo_books=3 Bquotes=205430 Mdepth=0 Ddepth=17605 above_floor=0 
max_residual=0.000bps candidates=0 fee_age=0ms
MICRO HEARTBEAT state=watching symbols=3 signal_source=demo books=3 
demo_books=3 Bquotes=205723 Mdepth=0 Ddepth=17630 above_floor=0 
max_residual=0.000bps candidates=0 fee_age=2012ms
MICRO HEARTBEAT state=watching symbols=3 signal_source=demo books=3 
demo_books=3 Bquotes=206101 Mdepth=0 Ddepth=17646 above_floor=0 
max_residual=0.000bps candidates=0 fee_age=4031ms
MICRO HEARTBEAT state=watching symbols=3 signal_source=demo books=3 
demo_books=3 Bquotes=206345 Mdepth=0 Ddepth=17660 above_floor=0 
max_residual=0.000bps candidates=0 fee_age=1025ms
MICRO HEARTBEAT state=watching symbols=3 signal_source=demo books=3 
demo_books=3 Bquotes=206519 Mdepth=0 Ddepth=17680 above_floor=0 
max_residual=0.000bps candidates=0 fee_age=3032ms
MICRO HEARTBEAT state=watching symbols=3 signal_source=demo books=3 
demo_books=3 Bquotes=206596 Mdepth=0 Ddepth=17696 above_floor=0 
max_residual=0.000bps candidates=0 fee_age=1ms
MICRO HEARTBEAT state=watching symbols=3 signal_source=demo books=3 
demo_books=3 Bquotes=206691 Mdepth=0 Ddepth=17718 above_floor=0 
max_residual=0.000bps candidates=0 fee_age=2015ms
MICRO HEARTBEAT state=watching symbols=3 signal_source=demo books=3 
demo_books=3 Bquotes=206796 Mdepth=0 Ddepth=17735 above_floor=0 
max_residual=0.000bps candidates=0 fee_age=4017ms
MICRO HEARTBEAT state=watching symbols=3 signal_source=demo books=3 
demo_books=3 Bquotes=206886 Mdepth=0 Ddepth=17753 above_floor=0 
max_residual=0.000bps candidates=0 fee_age=1041ms
MICRO HEARTBEAT state=watching symbols=3 signal_source=demo books=3 
demo_books=3 Bquotes=207009 Mdepth=0 Ddepth=17777 above_floor=0 
max_residual=0.000bps candidates=0 fee_age=3060ms
MICRO HEARTBEAT state=watching symbols=3 signal_source=demo books=3 
demo_books=3 Bquotes=207222 Mdepth=0 Ddepth=17796 above_floor=0 
max_residual=0.000bps candidates=0 fee_age=45ms
MICRO HEARTBEAT state=watching symbols=3 signal_source=demo books=3 
demo_books=3 Bquotes=207542 Mdepth=0 Ddepth=17813 above_floor=0 
max_residual=0.000bps candidates=0 fee_age=2045ms
MICRO HEARTBEAT state=watching symbols=3 signal_source=demo books=3 
demo_books=3 Bquotes=207688 Mdepth=0 Ddepth=17836 above_floor=0 
max_residual=0.000bps candidates=0 fee_age=4075ms
MICRO HEARTBEAT state=watching symbols=3 signal_source=demo books=3 
demo_books=3 Bquotes=207808 Mdepth=0 Ddepth=17851 above_floor=0 
max_residual=0.000bps candidates=0 fee_age=1170ms
MICRO HEARTBEAT state=watching symbols=3 signal_source=demo books=3 
demo_books=3 Bquotes=207946 Mdepth=0 Ddepth=17876 above_floor=0 
max_residual=0.000bps candidates=0 fee_age=3188ms
MICRO HEARTBEAT state=watching symbols=3 signal_source=demo books=3 
demo_books=3 Bquotes=208161 Mdepth=0 Ddepth=17893 above_floor=0 
max_residual=0.000bps candidates=0 fee_age=210ms
MICRO HEARTBEAT state=watching symbols=3 signal_source=demo books=3 
demo_books=3 Bquotes=208288 Mdepth=0 Ddepth=17906 above_floor=0 
max_residual=0.000bps candidates=0 fee_age=2215ms
MICRO SIGNAL LINK_USDT SHORT residual=-1.585bps threshold=1.257 spread=1.057 
net=+0.329 B100=-1.585 M100=+0.000 Bage=2ms Mage=88ms DemoCross=5.0bps
DEMO ENTRY LINK_USDT SHORT qty=1057.5 LIVEEntry=9.461 residual=-1.585 
notional=10005USDT leverage=200x requested_margin=50.0000USDT 
strategy_equity=25.5519USDT sizing=TARGET_NOTIONAL spread=1.057 
DemoFeeReported=2.001 signal_to_visible=PENDING IOCconfirm=632.3ms 
reconcile=ASYNC
MICRO POSITION LINK_USDT mark=-1.057bps MFE=+0.000 MAE=-1.057 
DemoNetMark=-5.059714USDT DemoNet=-5.057bps DemoMFE=+0.000 DemoMAE=-5.057 
TRAIL=OFF residual=+0.000bps B100=+0.000
DEMO POSITION VISIBLE LINK_USDT signal_to_visible=1619.4ms
MICRO POSITION LINK_USDT mark=-1.057bps MFE=+0.000 MAE=-1.057 
DemoNetMark=-5.059714USDT DemoNet=-5.057bps DemoMFE=+0.000 DemoMAE=-5.057 
TRAIL=OFF residual=+0.000bps B100=+0.000
MICRO POSITION LINK_USDT mark=-1.057bps MFE=+0.000 MAE=-1.057 
DemoNetMark=-5.059714USDT DemoNet=-5.057bps DemoMFE=+0.000 DemoMAE=-5.057 
TRAIL=OFF residual=+0.000bps B100=+0.000
MICRO EXIT LINK_USDT reason=binance_target_caught LIVEpnl=+1.057500USDT 
move=+1.057bps MFE=+1.057 MAE=-1.057 hold=5068ms DemoExit=9.46 
DemoGross=+1.057500 DemoNet=-2.944200 DemoFee=2.0007
MICRO HEARTBEAT state=watching symbols=3 signal_source=demo books=3 
demo_books=3 Bquotes=209020 Mdepth=0 Ddepth=17990 above_floor=0 
max_residual=0.000bps candidates=0 fee_age=1ms
MICRO HEARTBEAT state=watching symbols=3 signal_source=demo books=3 
demo_books=3 Bquotes=209110 Mdepth=0 Ddepth=18006 above_floor=0 
max_residual=0.000bps candidates=0 fee_age=2029ms
MICRO HEARTBEAT state=watching symbols=3 signal_source=demo books=3 
demo_books=3 Bquotes=209355 Mdepth=0 Ddepth=18027 above_floor=0 
max_residual=0.000bps candidates=0 fee_age=4040ms
MICRO HEARTBEAT state=watching symbols=3 signal_source=demo books=3 
demo_books=3 Bquotes=209510 Mdepth=0 Ddepth=18046 above_floor=0 
max_residual=0.000bps candidates=0 fee_age=1088ms
MICRO HEARTBEAT state=watching symbols=3 signal_source=demo books=3 
demo_books=3 Bquotes=209621 Mdepth=0 Ddepth=18063 above_floor=0 
max_residual=0.000bps candidates=0 fee_age=3120ms
MICRO HEARTBEAT state=watching symbols=3 signal_source=demo books=3 
demo_books=3 Bquotes=210050 Mdepth=0 Ddepth=18092 above_floor=0 
max_residual=0.000bps candidates=0 fee_age=147ms
MICRO HEARTBEAT state=watching symbols=3 signal_source=demo books=3 
demo_books=3 Bquotes=210319 Mdepth=0 Ddepth=18112 above_floor=0 
max_residual=0.000bps candidates=0 fee_age=2202ms
MICRO HEARTBEAT state=watching symbols=3 signal_source=demo books=3 
demo_books=3 Bquotes=210491 Mdepth=0 Ddepth=18137 above_floor=0 
max_residual=0.000bps candidates=0 fee_age=4250ms
MICRO HEARTBEAT state=watching symbols=3 signal_source=demo books=3 
demo_books=3 Bquotes=210662 Mdepth=0 Ddepth=18153 above_floor=0 
max_residual=0.000bps candidates=0 fee_age=1214ms
MICRO HEARTBEAT state=watching symbols=3 signal_source=demo books=3 
demo_books=3 Bquotes=211115 Mdepth=0 Ddepth=18171 above_floor=0 
max_residual=0.000bps candidates=0 fee_age=3215ms
MICRO HEARTBEAT state=watching symbols=3 signal_source=demo books=3 
demo_books=3 Bquotes=211195 Mdepth=0 Ddepth=18194 above_floor=0 
max_residual=0.000bps candidates=0 fee_age=185ms
MICRO HEARTBEAT state=watching symbols=3 signal_source=demo books=3 
demo_books=3 Bquotes=211539 Mdepth=0 Ddepth=18209 above_floor=0 
max_residual=0.000bps candidates=0 fee_age=2186ms
MICRO HEARTBEAT state=watching symbols=3 signal_source=demo books=3 
demo_books=3 Bquotes=211726 Mdepth=0 Ddepth=18227 above_floor=0 
max_residual=0.000bps candidates=0 fee_age=4231ms
MICRO HEARTBEAT state=watching symbols=3 signal_source=demo books=3 
demo_books=3 Bquotes=211863 Mdepth=0 Ddepth=18252 above_floor=0 
max_residual=0.000bps candidates=0 fee_age=1207ms
MICRO HEARTBEAT state=watching symbols=3 signal_source=demo books=3 
demo_books=3 Bquotes=211964 Mdepth=0 Ddepth=18268 above_floor=0 
max_residual=0.000bps candidates=0 fee_age=3210ms
MICRO HEARTBEAT state=watching symbols=3 signal_source=demo books=3 
demo_books=3 Bquotes=212038 Mdepth=0 Ddepth=18293 above_floor=0 
max_residual=0.000bps candidates=0 fee_age=317ms
MICRO HEARTBEAT state=watching symbols=3 signal_source=demo books=3 
demo_books=3 Bquotes=212185 Mdepth=0 Ddepth=18309 above_floor=0 
max_residual=0.000bps candidates=0 fee_age=2366ms
MICRO HEARTBEAT state=watching symbols=3 signal_source=demo books=3 
demo_books=3 Bquotes=212310 Mdepth=0 Ddepth=18335 above_floor=0 
max_residual=0.000bps candidates=0 fee_age=0ms
MICRO HEARTBEAT state=watching symbols=3 signal_source=demo books=3 
demo_books=3 Bquotes=212374 Mdepth=0 Ddepth=18353 above_floor=0 
max_residual=0.000bps candidates=0 fee_age=1242ms
MICRO HEARTBEAT state=watching symbols=3 signal_source=demo books=3 
demo_books=3 Bquotes=212542 Mdepth=0 Ddepth=18367 above_floor=0 
max_residual=0.000bps candidates=0 fee_age=3291ms
MICRO HEARTBEAT state=watching symbols=3 signal_source=demo books=3 
demo_books=3 Bquotes=212610 Mdepth=0 Ddepth=18385 above_floor=0 
max_residual=0.000bps candidates=0 fee_age=344ms
MICRO HEARTBEAT state=watching symbols=3 signal_source=demo books=3 
demo_books=3 Bquotes=212687 Mdepth=0 Ddepth=18405 above_floor=0 
max_residual=0.000bps candidates=0 fee_age=2391ms
MICRO HEARTBEAT state=watching symbols=3 signal_source=demo books=3 
demo_books=3 Bquotes=212829 Mdepth=0 Ddepth=18426 above_floor=0 
max_residual=0.000bps candidates=0 fee_age=0ms
MICRO HEARTBEAT state=watching symbols=3 signal_source=demo books=3 
demo_books=3 Bquotes=213052 Mdepth=0 Ddepth=18451 above_floor=0 
max_residual=0.000bps candidates=0 fee_age=2036ms
MICRO HEARTBEAT state=watching symbols=3 signal_source=demo books=3 
demo_books=3 Bquotes=213166 Mdepth=0 Ddepth=18468 above_floor=0 
max_residual=0.000bps candidates=0 fee_age=4051ms
MICRO HEARTBEAT state=watching symbols=3 signal_source=demo books=3 
demo_books=3 Bquotes=213230 Mdepth=0 Ddepth=18490 above_floor=0 
max_residual=0.000bps candidates=0 fee_age=944ms
MICRO HEARTBEAT state=watching symbols=3 signal_source=demo books=3 
demo_books=3 Bquotes=213312 Mdepth=0 Ddepth=18511 above_floor=0 
max_residual=0.000bps candidates=0 fee_age=2952ms
MICRO HEARTBEAT state=watching symbols=3 signal_source=demo books=3 
demo_books=3 Bquotes=213421 Mdepth=0 Ddepth=18528 above_floor=0 
max_residual=0.000bps candidates=0 fee_age=0ms
MICRO HEARTBEAT state=watching symbols=3 signal_source=demo books=3 
demo_books=3 Bquotes=213589 Mdepth=0 Ddepth=18554 above_floor=0 
max_residual=0.000bps candidates=0 fee_age=2027ms
MICRO HEARTBEAT state=watching symbols=3 signal_source=demo books=3 
demo_books=3 Bquotes=213741 Mdepth=0 Ddepth=18571 above_floor=0 
max_residual=0.000bps candidates=0 fee_age=4029ms
MICRO HEARTBEAT state=watching symbols=3 signal_source=demo books=3 
demo_books=3 Bquotes=213871 Mdepth=0 Ddepth=18587 above_floor=0 
max_residual=0.000bps candidates=0 fee_age=1128ms
MICRO HEARTBEAT state=watching symbols=3 signal_source=demo books=3 
demo_books=3 Bquotes=213948 Mdepth=0 Ddepth=18612 above_floor=0 
max_residual=0.000bps candidates=0 fee_age=3136ms
MICRO HEARTBEAT state=watching symbols=3 signal_source=demo books=3 
demo_books=3 Bquotes=214167 Mdepth=0 Ddepth=18628 above_floor=0 
max_residual=0.000bps candidates=0 fee_age=117ms
MICRO HEARTBEAT state=watching symbols=3 signal_source=demo books=3 
demo_books=3 Bquotes=214357 Mdepth=0 Ddepth=18651 above_floor=0 
max_residual=0.000bps candidates=0 fee_age=2120ms
MICRO HEARTBEAT state=watching symbols=3 signal_source=demo books=3 
demo_books=3 Bquotes=214533 Mdepth=0 Ddepth=18668 above_floor=0 
max_residual=0.000bps candidates=0 fee_age=4125ms
MICRO HEARTBEAT state=watching symbols=3 signal_source=demo books=3 
demo_books=3 Bquotes=214615 Mdepth=0 Ddepth=18685 above_floor=0 
max_residual=0.000bps candidates=0 fee_age=1011ms
MICRO HEARTBEAT state=watching symbols=3 signal_source=demo books=3 
demo_books=3 Bquotes=214693 Mdepth=0 Ddepth=18709 above_floor=0 
max_residual=0.000bps candidates=0 fee_age=3034ms
MICRO HEARTBEAT state=watching symbols=3 signal_source=demo books=3 
demo_books=3 Bquotes=214816 Mdepth=0 Ddepth=18726 above_floor=0 
max_residual=0.000bps candidates=0 fee_age=112ms
MICRO HEARTBEAT state=watching symbols=3 signal_source=demo books=3 
demo_books=3 Bquotes=214934 Mdepth=0 Ddepth=18729 above_floor=0 
max_residual=0.000bps candidates=0 fee_age=2122ms
MICRO HEARTBEAT state=watching symbols=3 signal_source=demo books=3 
demo_books=3 Bquotes=215052 Mdepth=0 Ddepth=18747 above_floor=0 
max_residual=0.000bps candidates=0 fee_age=4127ms
MICRO HEARTBEAT state=watching symbols=3 signal_source=demo books=3 
demo_books=3 Bquotes=215150 Mdepth=0 Ddepth=18750 above_floor=0 
max_residual=0.000bps candidates=0 fee_age=1171ms
MICRO HEARTBEAT state=watching symbols=3 signal_source=demo books=3 
demo_books=3 Bquotes=215314 Mdepth=0 Ddepth=18750 above_floor=0 
max_residual=0.000bps candidates=0 fee_age=3216ms
MICRO HEARTBEAT state=watching symbols=3 signal_source=demo books=3 
demo_books=3 Bquotes=215464 Mdepth=0 Ddepth=18769 above_floor=0 
max_residual=0.000bps candidates=0 fee_age=197ms
MICRO HEARTBEAT state=watching symbols=3 signal_source=demo books=3 
demo_books=3 Bquotes=215671 Mdepth=0 Ddepth=18776 above_floor=0 
max_residual=0.000bps candidates=0 fee_age=2242ms
MICRO HEARTBEAT state=watching symbols=3 signal_source=demo books=3 
demo_books=3 Bquotes=215859 Mdepth=0 Ddepth=18776 above_floor=0 
max_residual=0.000bps candidates=0 fee_age=4255ms
MICRO HEARTBEAT state=watching symbols=3 signal_source=demo books=3 
demo_books=3 Bquotes=216038 Mdepth=0 Ddepth=18789 above_floor=0 
max_residual=0.000bps candidates=0 fee_age=1266ms
MICRO HEARTBEAT state=watching symbols=3 signal_source=demo books=3 
demo_books=3 Bquotes=216157 Mdepth=0 Ddepth=18791 above_floor=0 
max_residual=0.000bps candidates=0 fee_age=3271ms
MICRO HEARTBEAT state=watching symbols=3 signal_source=demo books=3 
demo_books=3 Bquotes=216239 Mdepth=0 Ddepth=18791 above_floor=0 
max_residual=0.000bps candidates=0 fee_age=217ms
MICRO HEARTBEAT state=watching symbols=3 signal_source=demo books=3 
demo_books=3 Bquotes=216415 Mdepth=0 Ddepth=18798 above_floor=0 
max_residual=0.000bps candidates=0 fee_age=2223ms
MICRO HEARTBEAT state=watching symbols=3 signal_source=demo books=3 
demo_books=3 Bquotes=216600 Mdepth=0 Ddepth=18829 above_floor=0 
max_residual=0.000bps candidates=0 fee_age=4260ms
MICRO HEARTBEAT state=watching symbols=3 signal_source=demo books=3 
demo_books=3 Bquotes=216841 Mdepth=0 Ddepth=18829 above_floor=0 
max_residual=0.000bps candidates=0 fee_age=808ms
MICRO HEARTBEAT state=watching symbols=3 signal_source=demo books=3 
demo_books=3 Bquotes=216985 Mdepth=0 Ddepth=18834 above_floor=0 
max_residual=0.000bps candidates=0 fee_age=2822ms
MICRO HEARTBEAT state=watching symbols=3 signal_source=demo books=3 
demo_books=3 Bquotes=217106 Mdepth=0 Ddepth=18849 above_floor=0 
max_residual=0.000bps candidates=0 fee_age=257ms
MICRO HEARTBEAT state=watching symbols=3 signal_source=demo books=3 
demo_books=3 Bquotes=217261 Mdepth=0 Ddepth=18849 above_floor=0 
max_residual=0.000bps candidates=0 fee_age=2257ms
MICRO HEARTBEAT state=watching symbols=3 signal_source=demo books=3 
demo_books=3 Bquotes=217426 Mdepth=0 Ddepth=18849 above_floor=0 
max_residual=0.000bps candidates=0 fee_age=4293ms
MICRO HEARTBEAT state=watching symbols=3 signal_source=demo books=3 
demo_books=3 Bquotes=217527 Mdepth=0 Ddepth=18876 above_floor=0 
max_residual=0.000bps candidates=0 fee_age=1236ms
MICRO SIGNAL LINK_USDT LONG residual=+2.115bps threshold=1.258 spread=1.058 
net=+0.858 B100=+2.115 M100=+0.000 Bage=1ms Mage=1237ms DemoCross=5.0bps
DEMO ENTRY LINK_USDT LONG qty=1057.1 LIVEEntry=9.454 residual=+2.115 
notional=9993.82USDT leverage=200x requested_margin=50.0000USDT 
strategy_equity=22.6077USDT sizing=TARGET_NOTIONAL spread=1.058 
DemoFeeReported=0 signal_to_visible=4239.7ms IOCconfirm=1719.6ms 
reconcile=2501.6ms
MICRO POSITION LINK_USDT mark=+2.116bps MFE=+2.116 MAE=+0.000 
DemoNetMark=+0.115012USDT DemoNet=+0.115bps DemoMFE=+0.115 DemoMAE=+0.000 
TRAIL=OFF residual=+0.000bps B100=+0.000
MICRO EXIT LINK_USDT reason=binance_target_caught LIVEpnl=+2.114200USDT 
move=+2.116bps MFE=+2.116 MAE=+0.000 hold=4254ms DemoExit=9.456 
DemoGross=+2.114200 DemoNet=-1.883700 DemoFee=3.9979
MICRO HEARTBEAT state=watching symbols=3 signal_source=demo books=3 
demo_books=3 Bquotes=218735 Mdepth=0 Ddepth=18924 above_floor=0 
max_residual=0.000bps candidates=0 fee_age=0ms
MICRO HEARTBEAT state=watching symbols=3 signal_source=demo books=3 
demo_books=3 Bquotes=218793 Mdepth=0 Ddepth=18926 above_floor=0 
max_residual=0.000bps candidates=0 fee_age=1347ms
MICRO HEARTBEAT state=watching symbols=3 signal_source=demo books=3 
demo_books=3 Bquotes=218864 Mdepth=0 Ddepth=18926 above_floor=0 
max_residual=0.000bps candidates=0 fee_age=3361ms
MICRO HEARTBEAT state=watching symbols=3 signal_source=demo books=3 
demo_books=3 Bquotes=219026 Mdepth=0 Ddepth=18934 above_floor=0 
max_residual=0.000bps candidates=0 fee_age=381ms
MICRO HEARTBEAT state=watching symbols=3 signal_source=demo books=3 
demo_books=3 Bquotes=219520 Mdepth=0 Ddepth=18942 above_floor=0 
max_residual=0.000bps candidates=0 fee_age=2382ms
MICRO HEARTBEAT state=watching symbols=3 signal_source=demo books=3 
demo_books=3 Bquotes=219832 Mdepth=0 Ddepth=18942 above_floor=0 
max_residual=0.000bps candidates=0 fee_age=0ms
MICRO HEARTBEAT state=watching symbols=3 signal_source=demo books=3 
demo_books=3 Bquotes=219902 Mdepth=0 Ddepth=18956 above_floor=0 
max_residual=0.000bps candidates=0 fee_age=2036ms
MICRO HEARTBEAT state=watching symbols=3 signal_source=demo books=3 
demo_books=3 Bquotes=219969 Mdepth=0 Ddepth=18972 above_floor=0 
max_residual=0.000bps candidates=0 fee_age=4053ms
MICRO HEARTBEAT state=watching symbols=3 signal_source=demo books=3 
demo_books=3 Bquotes=220063 Mdepth=0 Ddepth=18972 above_floor=0 
max_residual=0.000bps candidates=0 fee_age=1102ms
MICRO HEARTBEAT state=watching symbols=3 signal_source=demo books=3 
demo_books=3 Bquotes=220145 Mdepth=0 Ddepth=18977 above_floor=0 
max_residual=0.000bps candidates=0 fee_age=3103ms
MICRO HEARTBEAT state=watching symbols=3 signal_source=demo books=3 
demo_books=3 Bquotes=220229 Mdepth=0 Ddepth=18986 above_floor=0 
max_residual=0.000bps candidates=0 fee_age=96ms
MICRO HEARTBEAT state=watching symbols=3 signal_source=demo books=3 
demo_books=3 Bquotes=220308 Mdepth=0 Ddepth=18986 above_floor=0 
max_residual=0.000bps candidates=0 fee_age=2148ms
MICRO HEARTBEAT state=watching symbols=3 signal_source=demo books=3 
demo_books=3 Bquotes=220464 Mdepth=0 Ddepth=18986 above_floor=0 
max_residual=0.000bps candidates=0 fee_age=4148ms
MICRO HEARTBEAT state=watching symbols=3 signal_source=demo books=3 
demo_books=3 Bquotes=220622 Mdepth=0 Ddepth=19014 above_floor=0 
max_residual=0.000bps candidates=0 fee_age=1134ms
MICRO HEARTBEAT state=watching symbols=3 signal_source=demo books=3 
demo_books=3 Bquotes=220718 Mdepth=0 Ddepth=19014 above_floor=0 
max_residual=0.000bps candidates=0 fee_age=3163ms
MICRO HEARTBEAT state=watching symbols=3 signal_source=demo books=3 
demo_books=3 Bquotes=220806 Mdepth=0 Ddepth=19014 above_floor=0 
max_residual=0.000bps candidates=0 fee_age=1ms
MICRO HEARTBEAT state=watching symbols=3 signal_source=demo books=3 
demo_books=3 Bquotes=220939 Mdepth=0 Ddepth=19032 above_floor=0 
max_residual=0.000bps candidates=0 fee_age=2008ms
MICRO HEARTBEAT state=watching symbols=3 signal_source=demo books=3 
demo_books=3 Bquotes=221045 Mdepth=0 Ddepth=19032 above_floor=0 
max_residual=0.000bps candidates=0 fee_age=0ms
MICRO HEARTBEAT state=watching symbols=3 signal_source=demo books=3 
demo_books=3 Bquotes=221165 Mdepth=0 Ddepth=19032 above_floor=0 
max_residual=0.000bps candidates=0 fee_age=2009ms
MICRO HEARTBEAT state=watching symbols=3 signal_source=demo books=3 
demo_books=3 Bquotes=221290 Mdepth=0 Ddepth=19063 above_floor=0 
max_residual=0.000bps candidates=0 fee_age=4048ms
MICRO HEARTBEAT state=watching symbols=3 signal_source=demo books=3 
demo_books=3 Bquotes=221364 Mdepth=0 Ddepth=19078 above_floor=0 
max_residual=0.000bps candidates=0 fee_age=1020ms
MICRO HEARTBEAT state=watching symbols=3 signal_source=demo books=3 
demo_books=3 Bquotes=221477 Mdepth=0 Ddepth=19089 above_floor=0 
max_residual=0.000bps candidates=0 fee_age=3071ms
MICRO HEARTBEAT state=watching symbols=3 signal_source=demo books=3 
demo_books=3 Bquotes=221650 Mdepth=0 Ddepth=19103 above_floor=0 
max_residual=0.000bps candidates=0 fee_age=47ms
MICRO HEARTBEAT state=watching symbols=3 signal_source=demo books=3 
demo_books=3 Bquotes=221730 Mdepth=0 Ddepth=19118 above_floor=0 
max_residual=0.000bps candidates=0 fee_age=2058ms
MICRO HEARTBEAT state=watching symbols=3 signal_source=demo books=3 
demo_books=3 Bquotes=221834 Mdepth=0 Ddepth=19140 above_floor=0 
max_residual=0.000bps candidates=0 fee_age=4062ms
MICRO HEARTBEAT state=watching symbols=3 signal_source=demo books=3 
demo_books=3 Bquotes=221897 Mdepth=0 Ddepth=19150 above_floor=0 
max_residual=0.000bps candidates=0 fee_age=641ms
MICRO HEARTBEAT state=watching symbols=3 signal_source=demo books=3 
demo_books=3 Bquotes=222050 Mdepth=0 Ddepth=19165 above_floor=0 
max_residual=0.000bps candidates=0 fee_age=2645ms
MICRO HEARTBEAT state=watching symbols=3 signal_source=demo books=3 
demo_books=3 Bquotes=222353 Mdepth=0 Ddepth=19188 above_floor=0 
max_residual=0.000bps candidates=0 fee_age=130ms
MICRO HEARTBEAT state=watching symbols=3 signal_source=demo books=3 
demo_books=3 Bquotes=222421 Mdepth=0 Ddepth=19201 above_floor=0 
max_residual=0.000bps candidates=0 fee_age=2160ms
MICRO HEARTBEAT state=watching symbols=3 signal_source=demo books=3 
demo_books=3 Bquotes=222503 Mdepth=0 Ddepth=19216 above_floor=0 
max_residual=0.000bps candidates=0 fee_age=4178ms
MICRO HEARTBEAT state=watching symbols=3 signal_source=demo books=3 
demo_books=3 Bquotes=222602 Mdepth=0 Ddepth=19241 above_floor=0 
max_residual=0.000bps candidates=0 fee_age=1142ms
MICRO HEARTBEAT state=watching symbols=3 signal_source=demo books=3 
demo_books=3 Bquotes=222679 Mdepth=0 Ddepth=19255 above_floor=0 
max_residual=0.000bps candidates=0 fee_age=3148ms
MICRO HEARTBEAT state=watching symbols=3 signal_source=demo books=3 
demo_books=3 Bquotes=222943 Mdepth=0 Ddepth=19278 above_floor=0 
max_residual=0.000bps candidates=0 fee_age=167ms
MICRO HEARTBEAT state=watching symbols=3 signal_source=demo books=3 
demo_books=3 Bquotes=223033 Mdepth=0 Ddepth=19289 above_floor=0 
max_residual=0.000bps candidates=0 fee_age=2178ms
MICRO HEARTBEAT state=watching symbols=3 signal_source=demo books=3 
demo_books=3 Bquotes=223304 Mdepth=0 Ddepth=19305 above_floor=0 
max_residual=0.000bps candidates=0 fee_age=4185ms
MICRO HEARTBEAT state=watching symbols=3 signal_source=demo books=3 
demo_books=3 Bquotes=223538 Mdepth=0 Ddepth=19328 above_floor=0 
max_residual=0.000bps candidates=0 fee_age=1004ms
MICRO HEARTBEAT state=watching symbols=3 signal_source=demo books=3 
demo_books=3 Bquotes=223713 Mdepth=0 Ddepth=19341 above_floor=0 
max_residual=0.000bps candidates=0 fee_age=3004ms
MICRO HEARTBEAT state=watching symbols=3 signal_source=demo books=3 
demo_books=3 Bquotes=223839 Mdepth=0 Ddepth=19357 above_floor=0 
max_residual=0.000bps candidates=0 fee_age=260ms
MICRO HEARTBEAT state=watching symbols=3 signal_source=demo books=3 
demo_books=3 Bquotes=223925 Mdepth=0 Ddepth=19381 above_floor=0 
max_residual=0.000bps candidates=0 fee_age=2289ms
MICRO HEARTBEAT state=watching symbols=3 signal_source=demo books=3 
demo_books=3 Bquotes=224008 Mdepth=0 Ddepth=19394 above_floor=0 
max_residual=0.000bps candidates=0 fee_age=4300ms
MICRO HEARTBEAT state=watching symbols=3 signal_source=demo books=3 
demo_books=3 Bquotes=224186 Mdepth=0 Ddepth=19414 above_floor=0 
max_residual=0.000bps candidates=0 fee_age=775ms
MICRO HEARTBEAT state=watching symbols=3 signal_source=demo books=3 
demo_books=3 Bquotes=224527 Mdepth=0 Ddepth=19431 above_floor=0 
max_residual=0.000bps candidates=0 fee_age=2780ms
MICRO HEARTBEAT state=watching symbols=3 signal_source=demo books=3 
demo_books=3 Bquotes=224651 Mdepth=0 Ddepth=19445 above_floor=0 
max_residual=0.000bps candidates=0 fee_age=224ms
MICRO HEARTBEAT state=watching symbols=3 signal_source=demo books=3 
demo_books=3 Bquotes=224754 Mdepth=0 Ddepth=19472 above_floor=0 
max_residual=0.000bps candidates=0 fee_age=2225ms
MICRO HEARTBEAT state=watching symbols=3 signal_source=demo books=3 
demo_books=3 Bquotes=224857 Mdepth=0 Ddepth=19489 above_floor=0 
max_residual=0.000bps candidates=0 fee_age=4229ms
MICRO HEARTBEAT state=watching symbols=3 signal_source=demo books=3 
demo_books=3 Bquotes=225043 Mdepth=0 Ddepth=19508 above_floor=0 
max_residual=0.000bps candidates=0 fee_age=1215ms
MICRO HEARTBEAT state=watching symbols=3 signal_source=demo books=3 
demo_books=3 Bquotes=225180 Mdepth=0 Ddepth=19530 above_floor=0 
max_residual=0.000bps candidates=0 fee_age=3243ms
MICRO HEARTBEAT state=watching symbols=3 signal_source=demo books=3 
demo_books=3 Bquotes=225282 Mdepth=0 Ddepth=19547 above_floor=0 
max_residual=0.000bps candidates=0 fee_age=272ms
MICRO HEARTBEAT state=watching symbols=3 signal_source=demo books=3 
demo_books=3 Bquotes=225502 Mdepth=0 Ddepth=19571 above_floor=0 
max_residual=0.000bps candidates=0 fee_age=2288ms
MICRO HEARTBEAT state=watching symbols=3 signal_source=demo books=3 
demo_books=3 Bquotes=225671 Mdepth=0 Ddepth=19586 above_floor=1 
max_residual=1.059bps candidates=0 fee_age=4293ms
MICRO HEARTBEAT state=watching symbols=3 signal_source=demo books=3 
demo_books=3 Bquotes=225878 Mdepth=0 Ddepth=19603 above_floor=0 
max_residual=0.000bps candidates=0 fee_age=1203ms
MICRO HEARTBEAT state=watching symbols=3 signal_source=demo books=3 
demo_books=3 Bquotes=226024 Mdepth=0 Ddepth=19628 above_floor=0 
max_residual=0.000bps candidates=0 fee_age=3243ms
MICRO HEARTBEAT state=watching symbols=3 signal_source=demo books=3 
demo_books=3 Bquotes=226170 Mdepth=0 Ddepth=19643 above_floor=0 
max_residual=0.000bps candidates=0 fee_age=272ms
MICRO HEARTBEAT state=watching symbols=3 signal_source=demo books=3 
demo_books=3 Bquotes=226280 Mdepth=0 Ddepth=19667 above_floor=0 
max_residual=0.000bps candidates=0 fee_age=2307ms
MICRO HEARTBEAT state=watching symbols=3 signal_source=demo books=3 
demo_books=3 Bquotes=226732 Mdepth=0 Ddepth=19689 above_floor=0 
max_residual=0.000bps candidates=0 fee_age=0ms
MICRO HEARTBEAT state=watching symbols=3 signal_source=demo books=3 
demo_books=3 Bquotes=226906 Mdepth=0 Ddepth=19705 above_floor=0 
max_residual=0.000bps candidates=0 fee_age=2001ms
MICRO HEARTBEAT state=watching symbols=3 signal_source=demo books=3 
demo_books=3 Bquotes=227053 Mdepth=0 Ddepth=19733 above_floor=0 
max_residual=0.000bps candidates=0 fee_age=4003ms
MICRO SIGNAL DOGE_USDT LONG residual=+2.140bps threshold=1.627 spread=1.427 
net=+0.513 B100=+2.140 M100=+0.000 Bage=2ms Mage=34ms DemoCross=5.0bps
DEMO ENTRY DOGE_USDT LONG qty=142600 LIVEEntry=0.07008 residual=+2.140 
notional=9993.41USDT leverage=200x requested_margin=50.0000USDT 
strategy_equity=20.7240USDT sizing=TARGET_NOTIONAL spread=1.427 
DemoFeeReported=1.99868 signal_to_visible=PENDING IOCconfirm=626.1ms 
reconcile=ASYNC
MICRO POSITION DOGE_USDT mark=-1.427bps MFE=+0.000 MAE=-1.427 
DemoNetMark=-5.423078USDT DemoNet=-5.427bps DemoMFE=+0.000 DemoMAE=-5.427 
TRAIL=OFF residual=+0.000bps B100=+0.000
DEMO POSITION VISIBLE DOGE_USDT signal_to_visible=1027.2ms
MICRO POSITION DOGE_USDT mark=-1.427bps MFE=+0.000 MAE=-1.427 
DemoNetMark=-5.423078USDT DemoNet=-5.427bps DemoMFE=+0.000 DemoMAE=-5.427 
TRAIL=OFF residual=+0.000bps B100=+0.000
MICRO POSITION DOGE_USDT mark=-1.427bps MFE=+0.000 MAE=-1.427 
DemoNetMark=-5.423078USDT DemoNet=-5.427bps DemoMFE=+0.000 DemoMAE=-5.427 
TRAIL=OFF residual=-1.427bps B100=-1.427
MICRO POSITION DOGE_USDT mark=-1.427bps MFE=+0.000 MAE=-1.427 
DemoNetMark=-5.423078USDT DemoNet=-5.427bps DemoMFE=+0.000 DemoMAE=-5.427 
TRAIL=OFF residual=+0.000bps B100=+0.000
MICRO EXIT DOGE_USDT reason=demo_adverse_cut LIVEpnl=-2.852000USDT 
move=-2.854bps MFE=+0.000 MAE=-2.854 hold=7572ms DemoExit=0.07006 
DemoGross=-2.852000 DemoNet=-6.848700 DemoFee=1.99802
MICRO HEARTBEAT state=watching symbols=3 signal_source=demo books=3 
demo_books=3 Bquotes=228071 Mdepth=0 Ddepth=19836 above_floor=0 
max_residual=0.000bps candidates=0 fee_age=4135ms
MICRO HEARTBEAT state=watching symbols=3 signal_source=demo books=3 
demo_books=3 Bquotes=228166 Mdepth=0 Ddepth=19852 above_floor=0 
max_residual=0.000bps candidates=0 fee_age=1072ms
MICRO HEARTBEAT state=watching symbols=3 signal_source=demo books=3 
demo_books=3 Bquotes=228494 Mdepth=0 Ddepth=19869 above_floor=0 
max_residual=0.000bps candidates=0 fee_age=3102ms
MICRO HEARTBEAT state=watching symbols=3 signal_source=demo books=3 
demo_books=3 Bquotes=228732 Mdepth=0 Ddepth=19894 above_floor=0 
max_residual=0.000bps candidates=0 fee_age=186ms
MICRO HEARTBEAT state=watching symbols=3 signal_source=demo books=3 
demo_books=3 Bquotes=228940 Mdepth=0 Ddepth=19908 above_floor=0 
max_residual=0.000bps candidates=0 fee_age=2236ms
MICRO HEARTBEAT state=watching symbols=3 signal_source=demo books=3 
demo_books=3 Bquotes=229176 Mdepth=0 Ddepth=19931 above_floor=0 
max_residual=0.000bps candidates=0 fee_age=4242ms
MICRO HEARTBEAT state=watching symbols=3 signal_source=demo books=3 
demo_books=3 Bquotes=229276 Mdepth=0 Ddepth=19952 above_floor=0 
max_residual=0.000bps candidates=0 fee_age=1260ms
MICRO HEARTBEAT state=watching symbols=3 signal_source=demo books=3 
demo_books=3 Bquotes=229414 Mdepth=0 Ddepth=19963 above_floor=0 
max_residual=0.000bps candidates=0 fee_age=3282ms
MICRO HEARTBEAT state=watching symbols=3 signal_source=demo books=3 
demo_books=3 Bquotes=229603 Mdepth=0 Ddepth=19988 above_floor=0 
max_residual=0.000bps candidates=0 fee_age=131ms
MICRO HEARTBEAT state=watching symbols=3 signal_source=demo books=3 
demo_books=3 Bquotes=229927 Mdepth=0 Ddepth=20009 above_floor=0 
max_residual=0.000bps candidates=0 fee_age=2163ms
MICRO HEARTBEAT state=watching symbols=3 signal_source=demo books=3 
demo_books=3 Bquotes=230374 Mdepth=0 Ddepth=20043 above_floor=0 
max_residual=0.000bps candidates=0 fee_age=0ms
MICRO HEARTBEAT state=watching symbols=3 signal_source=demo books=3 
demo_books=3 Bquotes=230472 Mdepth=0 Ddepth=20048 above_floor=0 
max_residual=0.000bps candidates=0 fee_age=944ms
MICRO HEARTBEAT state=watching symbols=3 signal_source=demo books=3 
demo_books=3 Bquotes=230620 Mdepth=0 Ddepth=20068 above_floor=0 
max_residual=0.000bps candidates=0 fee_age=2945ms
MICRO HEARTBEAT state=watching symbols=3 signal_source=demo books=3 
demo_books=3 Bquotes=230762 Mdepth=0 Ddepth=20092 above_floor=0 
max_residual=0.000bps candidates=0 fee_age=237ms
MICRO HEARTBEAT state=watching symbols=3 signal_source=demo books=3 
demo_books=3 Bquotes=230861 Mdepth=0 Ddepth=20108 above_floor=0 
max_residual=0.000bps candidates=0 fee_age=2237ms
MICRO HEARTBEAT state=watching symbols=3 signal_source=demo books=3 
demo_books=3 Bquotes=231274 Mdepth=0 Ddepth=20137 above_floor=0 
max_residual=0.000bps candidates=0 fee_age=0ms
MICRO HEARTBEAT state=watching symbols=3 signal_source=demo books=3 
demo_books=3 Bquotes=231466 Mdepth=0 Ddepth=20153 above_floor=0 
max_residual=0.000bps candidates=0 fee_age=2007ms
MICRO HEARTBEAT state=watching symbols=3 signal_source=demo books=3 
demo_books=3 Bquotes=231742 Mdepth=0 Ddepth=20170 above_floor=1 
max_residual=1.427bps candidates=0 fee_age=4015ms
MICRO HEARTBEAT state=watching symbols=3 signal_source=demo books=3 
demo_books=3 Bquotes=232098 Mdepth=0 Ddepth=20196 above_floor=0 
max_residual=0.000bps candidates=0 fee_age=979ms
MICRO SIGNAL LINK_USDT SHORT residual=-2.116bps threshold=1.258 spread=1.058 
net=+0.858 B100=-2.116 M100=+0.000 Bage=2ms Mage=1479ms DemoCross=5.0bps
MICRO HEARTBEAT state=watching symbols=3 signal_source=demo books=3 
demo_books=3 Bquotes=233558 Mdepth=0 Ddepth=20307 above_floor=0 
max_residual=0.000bps candidates=0 fee_age=0ms
MICRO HEARTBEAT state=watching symbols=3 signal_source=demo books=3 
demo_books=3 Bquotes=233729 Mdepth=0 Ddepth=20320 above_floor=0 
max_residual=0.000bps candidates=0 fee_age=1335ms
MICRO HEARTBEAT state=watching symbols=3 signal_source=demo books=3 
demo_books=3 Bquotes=233809 Mdepth=0 Ddepth=20335 above_floor=0 
max_residual=0.000bps candidates=0 fee_age=3376ms
MICRO HEARTBEAT state=watching symbols=3 signal_source=demo books=3 
demo_books=3 Bquotes=233872 Mdepth=0 Ddepth=20359 above_floor=0 
max_residual=0.000bps candidates=0 fee_age=343ms
MICRO HEARTBEAT state=watching symbols=3 signal_source=demo books=3 
demo_books=3 Bquotes=234041 Mdepth=0 Ddepth=20376 above_floor=0 
max_residual=0.000bps candidates=0 fee_age=2345ms
MICRO HEARTBEAT state=watching symbols=3 signal_source=demo books=3 
demo_books=3 Bquotes=234204 Mdepth=0 Ddepth=20404 above_floor=0 
max_residual=0.000bps candidates=0 fee_age=0ms
MICRO HEARTBEAT state=watching symbols=3 signal_source=demo books=3 
demo_books=3 Bquotes=234427 Mdepth=0 Ddepth=20424 above_floor=0 
max_residual=0.000bps candidates=0 fee_age=2023ms
MICRO HEARTBEAT state=watching symbols=3 signal_source=demo books=3 
demo_books=3 Bquotes=234539 Mdepth=0 Ddepth=20438 above_floor=0 
max_residual=0.000bps candidates=0 fee_age=4055ms
MICRO SIGNAL LINK_USDT LONG residual=+2.118bps threshold=1.259 spread=1.059 
net=+0.859 B100=+2.118 M100=+0.000 Bage=2ms Mage=63ms DemoCross=5.0bps
DEMO ENTRY LINK_USDT LONG qty=1058.6 LIVEEntry=9.441 residual=+2.118 
notional=9994.24USDT leverage=200x requested_margin=50.0000USDT 
strategy_equity=13.8753USDT sizing=TARGET_NOTIONAL spread=1.059 
DemoFeeReported=1.99885 signal_to_visible=PENDING IOCconfirm=636.2ms 
reconcile=ASYNC
MICRO POSITION LINK_USDT mark=-1.059bps MFE=+0.000 MAE=-1.059 
DemoNetMark=-5.056085USDT DemoNet=-5.059bps DemoMFE=+0.000 DemoMAE=-5.059 
TRAIL=OFF residual=+0.000bps B100=+0.000
DEMO POSITION VISIBLE LINK_USDT signal_to_visible=976.9ms
MICRO POSITION LINK_USDT mark=-1.059bps MFE=+0.000 MAE=-1.059 
DemoNetMark=-5.056085USDT DemoNet=-5.059bps DemoMFE=+0.000 DemoMAE=-5.059 
TRAIL=OFF residual=+0.000bps B100=+0.000
MICRO EXIT LINK_USDT reason=binance_target_caught LIVEpnl=+5.293000USDT 
move=+5.296bps MFE=+5.296 MAE=-1.059 hold=4030ms DemoExit=9.446 
DemoGross=+5.293000 DemoNet=+1.294300 DemoFee=1.99985
MICRO HEARTBEAT state=watching symbols=3 signal_source=demo books=3 
demo_books=3 Bquotes=235358 Mdepth=0 Ddepth=20520 above_floor=0 
max_residual=0.000bps candidates=0 fee_age=1241ms
MICRO HEARTBEAT state=watching symbols=3 signal_source=demo books=3 
demo_books=3 Bquotes=235521 Mdepth=0 Ddepth=20537 above_floor=0 
max_residual=0.000bps candidates=0 fee_age=3243ms
MICRO HEARTBEAT state=watching symbols=3 signal_source=demo books=3 
demo_books=3 Bquotes=235621 Mdepth=0 Ddepth=20564 above_floor=0 
max_residual=0.000bps candidates=0 fee_age=299ms
MICRO HEARTBEAT state=watching symbols=3 signal_source=demo books=3 
demo_books=3 Bquotes=235806 Mdepth=0 Ddepth=20579 above_floor=0 
max_residual=0.000bps candidates=0 fee_age=2316ms
MICRO HEARTBEAT state=watching symbols=3 signal_source=demo books=3 
demo_books=3 Bquotes=236006 Mdepth=0 Ddepth=20602 above_floor=0 
max_residual=0.000bps candidates=0 fee_age=0ms
MICRO HEARTBEAT state=watching symbols=3 signal_source=demo books=3 
demo_books=3 Bquotes=236176 Mdepth=0 Ddepth=20626 above_floor=0 
max_residual=0.000bps candidates=0 fee_age=2018ms
MICRO HEARTBEAT state=watching symbols=3 signal_source=demo books=3 
demo_books=3 Bquotes=236294 Mdepth=0 Ddepth=20639 above_floor=0 
max_residual=0.000bps candidates=0 fee_age=4037ms
MICRO HEARTBEAT state=watching symbols=3 signal_source=demo books=3 
demo_books=3 Bquotes=236383 Mdepth=0 Ddepth=20664 above_floor=0 
max_residual=0.000bps candidates=0 fee_age=1058ms
MICRO HEARTBEAT state=watching symbols=3 signal_source=demo books=3 
demo_books=3 Bquotes=236567 Mdepth=0 Ddepth=20679 above_floor=0 
max_residual=0.000bps candidates=0 fee_age=3081ms
MICRO HEARTBEAT state=watching symbols=3 signal_source=demo books=3 
demo_books=3 Bquotes=236676 Mdepth=0 Ddepth=20697 above_floor=0 
max_residual=0.000bps candidates=0 fee_age=105ms
MICRO HEARTBEAT state=watching symbols=3 signal_source=demo books=3 
demo_books=3 Bquotes=236832 Mdepth=0 Ddepth=20720 above_floor=0 
max_residual=0.000bps candidates=0 fee_age=2109ms
MICRO HEARTBEAT state=watching symbols=3 signal_source=demo books=3 
demo_books=3 Bquotes=237005 Mdepth=0 Ddepth=20734 above_floor=0 
max_residual=0.000bps candidates=0 fee_age=4116ms
MICRO HEARTBEAT state=watching symbols=3 signal_source=demo books=3 
demo_books=3 Bquotes=237179 Mdepth=0 Ddepth=20756 above_floor=0 
max_residual=0.000bps candidates=0 fee_age=1107ms
MICRO HEARTBEAT state=watching symbols=3 signal_source=demo books=3 
demo_books=3 Bquotes=237342 Mdepth=0 Ddepth=20775 above_floor=0 
max_residual=0.000bps candidates=0 fee_age=3123ms
MICRO HEARTBEAT state=watching symbols=3 signal_source=demo books=3 
demo_books=3 Bquotes=237456 Mdepth=0 Ddepth=20788 above_floor=0 
max_residual=0.000bps candidates=0 fee_age=57ms
MICRO HEARTBEAT state=watching symbols=3 signal_source=demo books=3 
demo_books=3 Bquotes=237630 Mdepth=0 Ddepth=20816 above_floor=0 
max_residual=0.000bps candidates=0 fee_age=2059ms
MICRO HEARTBEAT state=watching symbols=3 signal_source=demo books=3 
demo_books=3 Bquotes=237778 Mdepth=0 Ddepth=20829 above_floor=0 
max_residual=0.000bps candidates=0 fee_age=4068ms
MICRO HEARTBEAT state=watching symbols=3 signal_source=demo books=3 
demo_books=3 Bquotes=237931 Mdepth=0 Ddepth=20843 above_floor=0 
max_residual=0.000bps candidates=0 fee_age=997ms
MICRO HEARTBEAT state=watching symbols=3 signal_source=demo books=3 
demo_books=3 Bquotes=238040 Mdepth=0 Ddepth=20868 above_floor=0 
max_residual=0.000bps candidates=0 fee_age=3020ms
MICRO HEARTBEAT state=watching symbols=3 signal_source=demo books=3 
demo_books=3 Bquotes=238186 Mdepth=0 Ddepth=20883 above_floor=0 
max_residual=0.000bps candidates=0 fee_age=0ms
MICRO HEARTBEAT state=watching symbols=3 signal_source=demo books=3 
demo_books=3 Bquotes=238393 Mdepth=0 Ddepth=20906 above_floor=0 
max_residual=0.000bps candidates=0 fee_age=2038ms
MICRO HEARTBEAT state=watching symbols=3 signal_source=demo books=3 
demo_books=3 Bquotes=238512 Mdepth=0 Ddepth=20923 above_floor=0 
max_residual=0.000bps candidates=0 fee_age=4067ms
MICRO HEARTBEAT state=watching symbols=3 signal_source=demo books=3 
demo_books=3 Bquotes=238765 Mdepth=0 Ddepth=20940 above_floor=0 
max_residual=0.000bps candidates=0 fee_age=1067ms
MICRO HEARTBEAT state=watching symbols=3 signal_source=demo books=3 
demo_books=3 Bquotes=238942 Mdepth=0 Ddepth=20964 above_floor=0 
max_residual=0.000bps candidates=0 fee_age=3086ms
MICRO HEARTBEAT state=watching symbols=3 signal_source=demo books=3 
demo_books=3 Bquotes=239078 Mdepth=0 Ddepth=20979 above_floor=0 
max_residual=0.000bps candidates=0 fee_age=167ms
MICRO HEARTBEAT state=watching symbols=3 signal_source=demo books=3 
demo_books=3 Bquotes=239190 Mdepth=0 Ddepth=20996 above_floor=0 
max_residual=0.000bps candidates=0 fee_age=2172ms
MICRO HEARTBEAT state=watching symbols=3 signal_source=demo books=3 
demo_books=3 Bquotes=239349 Mdepth=0 Ddepth=21021 above_floor=0 
max_residual=0.000bps candidates=0 fee_age=4197ms
MICRO HEARTBEAT state=watching symbols=3 signal_source=demo books=3 
demo_books=3 Bquotes=239442 Mdepth=0 Ddepth=21037 above_floor=0 
max_residual=0.000bps candidates=0 fee_age=1170ms
MICRO HEARTBEAT state=watching symbols=3 signal_source=demo books=3 
demo_books=3 Bquotes=239517 Mdepth=0 Ddepth=21056 above_floor=0 
max_residual=0.000bps candidates=0 fee_age=3175ms
MICRO HEARTBEAT state=watching symbols=3 signal_source=demo books=3 
demo_books=3 Bquotes=239619 Mdepth=0 Ddepth=21057 above_floor=0 
max_residual=0.000bps candidates=0 fee_age=182ms
MICRO HEARTBEAT state=watching symbols=3 signal_source=demo books=3 
demo_books=3 Bquotes=239710 Mdepth=0 Ddepth=21062 above_floor=0 
max_residual=0.000bps candidates=0 fee_age=2228ms
MICRO SIGNAL XRP_USDT LONG residual=+1.998bps threshold=1.199 spread=0.999 
net=+0.799 B100=+1.998 M100=+0.000 Bage=2ms Mage=6ms DemoCross=5.0bps
DEMO ENTRY XRP_USDT LONG qty=9983 LIVEEntry=1.0011 residual=+1.998 
notional=9993.98USDT leverage=200x requested_margin=50.0000USDT 
strategy_equity=15.1696USDT sizing=TARGET_NOTIONAL spread=0.999 
DemoFeeReported=1.9988 signal_to_visible=PENDING IOCconfirm=670.6ms 
reconcile=ASYNC
DEMO POSITION VISIBLE XRP_USDT signal_to_visible=1054.9ms
MICRO POSITION XRP_USDT mark=+0.000bps MFE=+0.000 MAE=-0.999 
DemoNetMark=-3.997593USDT DemoNet=-4.000bps DemoMFE=+0.000 DemoMAE=-4.999 
TRAIL=OFF residual=+0.000bps B100=+0.000
MICRO POSITION XRP_USDT mark=+0.000bps MFE=+0.000 MAE=-0.999 
DemoNetMark=-3.997593USDT DemoNet=-4.000bps DemoMFE=+0.000 DemoMAE=-4.999 
TRAIL=OFF residual=+0.000bps B100=+0.000
MICRO POSITION XRP_USDT mark=+0.000bps MFE=+0.000 MAE=-0.999 
DemoNetMark=-3.997593USDT DemoNet=-4.000bps DemoMFE=+0.000 DemoMAE=-4.999 
TRAIL=OFF residual=+0.000bps B100=+0.000
MICRO POSITION XRP_USDT mark=+0.000bps MFE=+0.000 MAE=-0.999 
DemoNetMark=-3.997593USDT DemoNet=-4.000bps DemoMFE=+0.000 DemoMAE=-4.999 
TRAIL=OFF residual=+0.000bps B100=+0.000
MICRO POSITION XRP_USDT mark=+0.000bps MFE=+0.000 MAE=-0.999 
DemoNetMark=-3.997593USDT DemoNet=-4.000bps DemoMFE=+0.000 DemoMAE=-4.999 
TRAIL=OFF residual=+0.000bps B100=+0.000
MICRO POSITION XRP_USDT mark=+0.000bps MFE=+0.000 MAE=-0.999 
DemoNetMark=-3.997593USDT DemoNet=-4.000bps DemoMFE=+0.000 DemoMAE=-4.999 
TRAIL=OFF residual=+0.000bps B100=+0.000
MICRO POSITION XRP_USDT mark=+0.000bps MFE=+0.000 MAE=-0.999 
DemoNetMark=-3.997593USDT DemoNet=-4.000bps DemoMFE=+0.000 DemoMAE=-4.999 
TRAIL=OFF residual=+0.000bps B100=+0.000
MICRO POSITION XRP_USDT mark=+0.000bps MFE=+0.000 MAE=-0.999 
DemoNetMark=-3.997593USDT DemoNet=-4.000bps DemoMFE=+0.000 DemoMAE=-4.999 
TRAIL=OFF residual=+0.000bps B100=+0.000
MICRO POSITION XRP_USDT mark=+0.000bps MFE=+0.000 MAE=-0.999 
DemoNetMark=-3.997593USDT DemoNet=-4.000bps DemoMFE=+0.000 DemoMAE=-4.999 
TRAIL=OFF residual=+0.000bps B100=+0.000
MICRO POSITION XRP_USDT mark=+0.000bps MFE=+0.000 MAE=-0.999 
DemoNetMark=-3.997593USDT DemoNet=-4.000bps DemoMFE=+0.000 DemoMAE=-4.999 
TRAIL=OFF residual=+0.000bps B100=+0.000
MICRO EXIT XRP_USDT reason=binance_target_caught LIVEpnl=+1.996600USDT 
move=+1.998bps MFE=+1.998 MAE=-0.999 hold=19850ms DemoExit=1.0013 
DemoGross=+1.996600 DemoNet=-2.001300 DemoFee=1.9991
MICRO HEARTBEAT state=watching symbols=3 signal_source=demo books=3 
demo_books=3 Bquotes=242459 Mdepth=0 Ddepth=21152 above_floor=0 
max_residual=0.000bps candidates=0 fee_age=0ms
MICRO HEARTBEAT state=watching symbols=3 signal_source=demo books=3 
demo_books=3 Bquotes=242620 Mdepth=0 Ddepth=21152 above_floor=0 
max_residual=0.000bps candidates=0 fee_age=1394ms
MICRO HEARTBEAT state=watching symbols=3 signal_source=demo books=3 
demo_books=3 Bquotes=242714 Mdepth=0 Ddepth=21152 above_floor=0 
max_residual=0.000bps candidates=0 fee_age=3447ms
MICRO HEARTBEAT state=watching symbols=3 signal_source=demo books=3 
demo_books=3 Bquotes=242833 Mdepth=0 Ddepth=21168 above_floor=0 
max_residual=0.000bps candidates=0 fee_age=409ms
MICRO HEARTBEAT state=watching symbols=3 signal_source=demo books=3 
demo_books=3 Bquotes=242947 Mdepth=0 Ddepth=21168 above_floor=0 
max_residual=0.000bps candidates=0 fee_age=2431ms
MICRO HEARTBEAT state=watching symbols=3 signal_source=demo books=3 
demo_books=3 Bquotes=243146 Mdepth=0 Ddepth=21172 above_floor=0 
max_residual=0.000bps candidates=0 fee_age=0ms
MICRO HEARTBEAT state=watching symbols=3 signal_source=demo books=3 
demo_books=3 Bquotes=243255 Mdepth=0 Ddepth=21197 above_floor=0 
max_residual=0.000bps candidates=0 fee_age=2039ms
MICRO HEARTBEAT state=watching symbols=3 signal_source=demo books=3 
demo_books=3 Bquotes=243398 Mdepth=0 Ddepth=21197 above_floor=0 
max_residual=0.000bps candidates=0 fee_age=4056ms
MICRO HEARTBEAT state=watching symbols=3 signal_source=demo books=3 
demo_books=3 Bquotes=243651 Mdepth=0 Ddepth=21197 above_floor=0 
max_residual=0.000bps candidates=0 fee_age=985ms
MICRO HEARTBEAT state=watching symbols=3 signal_source=demo books=3 
demo_books=3 Bquotes=243820 Mdepth=0 Ddepth=21215 above_floor=0 
max_residual=0.000bps candidates=0 fee_age=3030ms
MICRO HEARTBEAT state=watching symbols=3 signal_source=demo books=3 
demo_books=3 Bquotes=243978 Mdepth=0 Ddepth=21215 above_floor=0 
max_residual=0.000bps candidates=0 fee_age=0ms
MICRO HEARTBEAT state=watching symbols=3 signal_source=demo books=3 
demo_books=3 Bquotes=244060 Mdepth=0 Ddepth=21215 above_floor=0 
max_residual=0.000bps candidates=0 fee_age=2016ms
MICRO HEARTBEAT state=watching symbols=3 signal_source=demo books=3 
demo_books=3 Bquotes=244185 Mdepth=0 Ddepth=21233 above_floor=0 
max_residual=0.000bps candidates=0 fee_age=0ms
MICRO HEARTBEAT state=watching symbols=3 signal_source=demo books=3 
demo_books=3 Bquotes=244303 Mdepth=0 Ddepth=21237 above_floor=0 
max_residual=0.000bps candidates=0 fee_age=2046ms
MICRO HEARTBEAT state=watching symbols=3 signal_source=demo books=3 
demo_books=3 Bquotes=244512 Mdepth=0 Ddepth=21237 above_floor=0 
max_residual=0.000bps candidates=0 fee_age=4052ms
MICRO HEARTBEAT state=watching symbols=3 signal_source=demo books=3 
demo_books=3 Bquotes=244640 Mdepth=0 Ddepth=21252 above_floor=1 
max_residual=1.057bps candidates=0 fee_age=989ms
MICRO HEARTBEAT state=watching symbols=3 signal_source=demo books=3 
demo_books=3 Bquotes=244734 Mdepth=0 Ddepth=21254 above_floor=0 
max_residual=0.000bps candidates=0 fee_age=3005ms
MICRO HEARTBEAT state=watching symbols=3 signal_source=demo books=3 
demo_books=3 Bquotes=244858 Mdepth=0 Ddepth=21254 above_floor=0 
max_residual=0.000bps candidates=0 fee_age=0ms
MICRO HEARTBEAT state=watching symbols=3 signal_source=demo books=3 
demo_books=3 Bquotes=245085 Mdepth=0 Ddepth=21260 above_floor=0 
max_residual=0.000bps candidates=0 fee_age=2002ms
MICRO HEARTBEAT state=watching symbols=3 signal_source=demo books=3 
demo_books=3 Bquotes=245299 Mdepth=0 Ddepth=21284 above_floor=0 
max_residual=0.000bps candidates=0 fee_age=4005ms
MICRO SIGNAL XRP_USDT SHORT residual=-1.997bps threshold=1.198 spread=0.998 
net=+0.798 B100=-1.997 M100=+0.000 Bage=1ms Mage=1298ms DemoCross=5.0bps
DEMO ENTRY XRP_USDT SHORT qty=9991 LIVEEntry=1.0015 residual=-1.997 
notional=10006USDT leverage=200x requested_margin=50.0000USDT 
strategy_equity=13.1683USDT sizing=TARGET_NOTIONAL spread=0.998 
DemoFeeReported=0 signal_to_visible=3485.0ms IOCconfirm=1776.3ms 
reconcile=1690.4ms
MICRO POSITION XRP_USDT mark=-0.999bps MFE=+0.000 MAE=-0.999 
DemoNetMark=-3.000497USDT DemoNet=-2.999bps DemoMFE=+0.000 DemoMAE=-2.999 
TRAIL=OFF residual=+0.000bps B100=+0.000
MICRO POSITION XRP_USDT mark=-0.000bps MFE=+0.000 MAE=-0.999 
DemoNetMark=-2.001197USDT DemoNet=-2.000bps DemoMFE=+0.000 DemoMAE=-2.999 
TRAIL=OFF residual=+0.000bps B100=+0.000
MICRO POSITION XRP_USDT mark=-0.000bps MFE=+0.000 MAE=-0.999 
DemoNetMark=-2.001197USDT DemoNet=-2.000bps DemoMFE=+0.000 DemoMAE=-2.999 
TRAIL=OFF residual=+0.000bps B100=+0.000
MICRO POSITION XRP_USDT mark=-0.000bps MFE=+0.000 MAE=-0.999 
DemoNetMark=-2.001197USDT DemoNet=-2.000bps DemoMFE=+0.000 DemoMAE=-2.999 
TRAIL=OFF residual=+0.000bps B100=+0.000
MICRO POSITION XRP_USDT mark=-0.000bps MFE=+0.000 MAE=-0.999 
DemoNetMark=-2.001197USDT DemoNet=-2.000bps DemoMFE=+0.000 DemoMAE=-2.999 
TRAIL=OFF residual=+0.000bps B100=+0.000
MICRO POSITION XRP_USDT mark=-0.000bps MFE=+0.000 MAE=-0.999 
DemoNetMark=-2.001197USDT DemoNet=-2.000bps DemoMFE=+0.000 DemoMAE=-2.999 
TRAIL=OFF residual=+0.000bps B100=+0.000
MICRO POSITION XRP_USDT mark=-0.000bps MFE=+0.000 MAE=-0.999 
DemoNetMark=-2.001197USDT DemoNet=-2.000bps DemoMFE=+0.000 DemoMAE=-2.999 
TRAIL=OFF residual=+0.000bps B100=+0.000
MICRO POSITION XRP_USDT mark=-0.000bps MFE=+0.000 MAE=-0.999 
DemoNetMark=-2.001197USDT DemoNet=-2.000bps DemoMFE=+0.000 DemoMAE=-2.999 
TRAIL=OFF residual=+0.000bps B100=+0.000
MICRO POSITION XRP_USDT mark=-0.000bps MFE=+0.000 MAE=-0.999 
DemoNetMark=-2.001197USDT DemoNet=-2.000bps DemoMFE=+0.000 DemoMAE=-2.999 
TRAIL=OFF residual=+0.000bps B100=+0.000
MICRO POSITION XRP_USDT mark=-0.000bps MFE=+0.000 MAE=-0.999 
DemoNetMark=-2.001197USDT DemoNet=-2.000bps DemoMFE=+0.000 DemoMAE=-2.999 
TRAIL=OFF residual=+0.000bps B100=+0.000
MICRO POSITION XRP_USDT mark=-0.000bps MFE=+0.000 MAE=-0.999 
DemoNetMark=-2.001197USDT DemoNet=-2.000bps DemoMFE=+0.000 DemoMAE=-2.999 
TRAIL=OFF residual=+0.000bps B100=+0.000
MICRO POSITION XRP_USDT mark=-0.000bps MFE=+0.000 MAE=-0.999 
DemoNetMark=-2.001197USDT DemoNet=-2.000bps DemoMFE=+0.000 DemoMAE=-2.999 
TRAIL=OFF residual=+0.000bps B100=+0.000
MICRO POSITION XRP_USDT mark=-0.000bps MFE=+0.000 MAE=-0.999 
DemoNetMark=-2.001197USDT DemoNet=-2.000bps DemoMFE=+0.000 DemoMAE=-2.999 
TRAIL=OFF residual=+0.000bps B100=+0.000
MICRO POSITION XRP_USDT mark=-0.000bps MFE=+0.000 MAE=-0.999 
DemoNetMark=-2.001197USDT DemoNet=-2.000bps DemoMFE=+0.000 DemoMAE=-2.999 
TRAIL=OFF residual=+0.000bps B100=+0.000
MICRO POSITION XRP_USDT mark=-0.000bps MFE=+0.000 MAE=-0.999 
DemoNetMark=-2.001197USDT DemoNet=-2.000bps DemoMFE=+0.000 DemoMAE=-2.999 
TRAIL=OFF residual=+0.000bps B100=+0.000
MICRO POSITION XRP_USDT mark=-0.000bps MFE=+0.000 MAE=-0.999 
DemoNetMark=-2.001197USDT DemoNet=-2.000bps DemoMFE=+0.000 DemoMAE=-2.999 
TRAIL=OFF residual=+0.000bps B100=+0.000
MICRO POSITION XRP_USDT mark=-0.000bps MFE=+0.000 MAE=-0.999 
DemoNetMark=-2.001197USDT DemoNet=-2.000bps DemoMFE=+0.000 DemoMAE=-2.999 
TRAIL=OFF residual=+0.000bps B100=+0.000
MICRO POSITION XRP_USDT mark=-0.000bps MFE=+0.000 MAE=-0.999 
DemoNetMark=-2.001197USDT DemoNet=-2.000bps DemoMFE=+0.000 DemoMAE=-2.999 
TRAIL=OFF residual=+0.000bps B100=+0.000
MICRO POSITION XRP_USDT mark=-0.000bps MFE=+0.000 MAE=-0.999 
DemoNetMark=-2.001197USDT DemoNet=-2.000bps DemoMFE=+0.000 DemoMAE=-2.999 
TRAIL=OFF residual=+0.000bps B100=+0.000
MICRO POSITION XRP_USDT mark=-0.000bps MFE=+0.000 MAE=-0.999 
DemoNetMark=-2.001197USDT DemoNet=-2.000bps DemoMFE=+0.000 DemoMAE=-2.999 
TRAIL=OFF residual=+0.000bps B100=+0.000
MICRO POSITION XRP_USDT mark=-0.000bps MFE=+0.000 MAE=-0.999 
DemoNetMark=-2.001197USDT DemoNet=-2.000bps DemoMFE=+0.000 DemoMAE=-2.999 
TRAIL=OFF residual=+0.000bps B100=+0.000
MICRO POSITION XRP_USDT mark=-0.000bps MFE=+0.000 MAE=-0.999 
DemoNetMark=-2.001197USDT DemoNet=-2.000bps DemoMFE=+0.000 DemoMAE=-2.999 
TRAIL=OFF residual=+0.000bps B100=+0.000
MICRO POSITION XRP_USDT mark=-0.000bps MFE=+0.000 MAE=-0.999 
DemoNetMark=-2.001197USDT DemoNet=-2.000bps DemoMFE=+0.000 DemoMAE=-2.999 
TRAIL=OFF residual=+0.000bps B100=+0.000
MICRO POSITION XRP_USDT mark=-0.000bps MFE=+0.000 MAE=-0.999 
DemoNetMark=-2.001197USDT DemoNet=-2.000bps DemoMFE=+0.000 DemoMAE=-2.999 
TRAIL=OFF residual=+0.000bps B100=+0.000
MICRO POSITION XRP_USDT mark=-0.000bps MFE=+0.000 MAE=-0.999 
DemoNetMark=-2.001197USDT DemoNet=-2.000bps DemoMFE=+0.000 DemoMAE=-2.999 
TRAIL=OFF residual=+0.000bps B100=+0.000
MICRO POSITION XRP_USDT mark=-0.000bps MFE=+0.000 MAE=-0.999 
DemoNetMark=-2.001197USDT DemoNet=-2.000bps DemoMFE=+0.000 DemoMAE=-2.999 
TRAIL=OFF residual=+0.000bps B100=+0.000
MICRO POSITION XRP_USDT mark=-0.000bps MFE=+0.000 MAE=-0.999 
DemoNetMark=-2.001197USDT DemoNet=-2.000bps DemoMFE=+0.000 DemoMAE=-2.999 
TRAIL=OFF residual=+0.000bps B100=+0.000
MICRO POSITION XRP_USDT mark=-0.000bps MFE=+0.000 MAE=-0.999 
DemoNetMark=-2.001197USDT DemoNet=-2.000bps DemoMFE=+0.000 DemoMAE=-2.999 
TRAIL=OFF residual=+0.000bps B100=+0.000
MICRO EXIT XRP_USDT reason=microspread_timeout LIVEpnl=-0.000000USDT 
move=-0.000bps MFE=+0.000 MAE=-0.999 hold=60046ms DemoExit=1.0015 
DemoGross=-0.000000 DemoNet=-4.002300 DemoFee=4.0023
MICRO HEARTBEAT state=watching symbols=3 signal_source=demo books=3 
demo_books=3 Bquotes=249978 Mdepth=0 Ddepth=21723 above_floor=0 
max_residual=0.000bps candidates=0 fee_age=1246ms
MICRO HEARTBEAT state=watching symbols=3 signal_source=demo books=3 
demo_books=3 Bquotes=250247 Mdepth=0 Ddepth=21740 above_floor=0 
max_residual=0.000bps candidates=0 fee_age=3267ms
MICRO HEARTBEAT state=watching symbols=3 signal_source=demo books=3 
demo_books=3 Bquotes=250332 Mdepth=0 Ddepth=21764 above_floor=0 
max_residual=0.000bps candidates=0 fee_age=232ms
MICRO HEARTBEAT state=watching symbols=3 signal_source=demo books=3 
demo_books=3 Bquotes=250429 Mdepth=0 Ddepth=21784 above_floor=0 
max_residual=0.000bps candidates=0 fee_age=2262ms
MICRO HEARTBEAT state=watching symbols=3 signal_source=demo books=3 
demo_books=3 Bquotes=250546 Mdepth=0 Ddepth=21801 above_floor=0 
max_residual=0.000bps candidates=0 fee_age=4263ms
MICRO HEARTBEAT state=watching symbols=3 signal_source=demo books=3 
demo_books=3 Bquotes=250662 Mdepth=0 Ddepth=21825 above_floor=0 
max_residual=0.000bps candidates=0 fee_age=1140ms
MICRO HEARTBEAT state=watching symbols=3 signal_source=demo books=3 
demo_books=3 Bquotes=251020 Mdepth=0 Ddepth=21842 above_floor=0 
max_residual=0.000bps candidates=0 fee_age=3143ms
MICRO HEARTBEAT state=watching symbols=3 signal_source=demo books=3 
demo_books=3 Bquotes=251376 Mdepth=0 Ddepth=21857 above_floor=0 
max_residual=0.000bps candidates=0 fee_age=331ms
MICRO HEARTBEAT state=watching symbols=3 signal_source=demo books=3 
demo_books=3 Bquotes=251499 Mdepth=0 Ddepth=21886 above_floor=0 
max_residual=0.000bps candidates=0 fee_age=2333ms
MICRO HEARTBEAT state=watching symbols=3 signal_source=demo books=3 
demo_books=3 Bquotes=251767 Mdepth=0 Ddepth=21903 above_floor=0 
max_residual=0.000bps candidates=0 fee_age=4364ms
MICRO HEARTBEAT state=watching symbols=3 signal_source=demo books=3 
demo_books=3 Bquotes=252460 Mdepth=0 Ddepth=21927 above_floor=0 
max_residual=0.000bps candidates=0 fee_age=894ms
MICRO HEARTBEAT state=watching symbols=3 signal_source=demo books=3 
demo_books=3 Bquotes=252695 Mdepth=0 Ddepth=21946 above_floor=0 
max_residual=0.000bps candidates=0 fee_age=2912ms
MICRO HEARTBEAT state=watching symbols=3 signal_source=demo books=3 
demo_books=3 Bquotes=252796 Mdepth=0 Ddepth=21965 above_floor=0 
max_residual=0.000bps candidates=0 fee_age=259ms
MICRO HEARTBEAT state=watching symbols=3 signal_source=demo books=3 
demo_books=3 Bquotes=253020 Mdepth=0 Ddepth=21987 above_floor=0 
max_residual=0.000bps candidates=0 fee_age=2271ms
MICRO HEARTBEAT state=watching symbols=3 signal_source=demo books=3 
demo_books=3 Bquotes=253180 Mdepth=0 Ddepth=22012 above_floor=0 
max_residual=0.000bps candidates=0 fee_age=0ms
MICRO HEARTBEAT state=watching symbols=3 signal_source=demo books=3 
demo_books=3 Bquotes=253942 Mdepth=0 Ddepth=22022 above_floor=0 
max_residual=0.000bps candidates=0 fee_age=1244ms
MICRO HEARTBEAT state=watching symbols=3 signal_source=demo books=3 
demo_books=3 Bquotes=254122 Mdepth=0 Ddepth=22045 above_floor=0 
max_residual=0.000bps candidates=0 fee_age=3245ms
MICRO HEARTBEAT state=watching symbols=3 signal_source=demo books=3 
demo_books=3 Bquotes=254232 Mdepth=0 Ddepth=22064 above_floor=0 
max_residual=0.000bps candidates=0 fee_age=402ms
MICRO HEARTBEAT state=watching symbols=3 signal_source=demo books=3 
demo_books=3 Bquotes=254608 Mdepth=0 Ddepth=22091 above_floor=0 
max_residual=0.000bps candidates=0 fee_age=2402ms
MICRO HEARTBEAT state=watching symbols=3 signal_source=demo books=3 
demo_books=3 Bquotes=254753 Mdepth=0 Ddepth=22112 above_floor=0 
max_residual=0.000bps candidates=0 fee_age=0ms
MICRO SIGNAL XRP_USDT LONG residual=+1.997bps threshold=1.199 spread=0.999 
net=+0.798 B100=+1.997 M100=+0.000 Bage=2ms Mage=176ms DemoCross=5.0bps
DEMO ENTRY XRP_USDT LONG qty=9979 LIVEEntry=1.0015 residual=+1.997 
notional=9993.97USDT leverage=200x requested_margin=50.0000USDT 
strategy_equity=9.1660USDT sizing=TARGET_NOTIONAL spread=0.999 
DemoFeeReported=1.99879 signal_to_visible=PENDING IOCconfirm=653.4ms 
reconcile=ASYNC
MICRO POSITION XRP_USDT mark=-0.999bps MFE=+0.000 MAE=-0.999 
DemoNetMark=-4.995288USDT DemoNet=-4.998bps DemoMFE=+0.000 DemoMAE=-4.998 
TRAIL=OFF residual=+0.000bps B100=+0.000
DEMO POSITION VISIBLE XRP_USDT signal_to_visible=1086.7ms
MICRO POSITION XRP_USDT mark=+0.999bps MFE=+0.999 MAE=-0.999 
DemoNetMark=-2.999887USDT DemoNet=-3.002bps DemoMFE=+0.000 DemoMAE=-4.998 
TRAIL=OFF residual=+0.000bps B100=+0.000
MICRO POSITION XRP_USDT mark=+0.999bps MFE=+0.999 MAE=-0.999 
DemoNetMark=-2.999887USDT DemoNet=-3.002bps DemoMFE=+0.000 DemoMAE=-4.998 
TRAIL=OFF residual=+0.000bps B100=+0.000
MICRO POSITION XRP_USDT mark=+0.999bps MFE=+0.999 MAE=-0.999 
DemoNetMark=-2.999887USDT DemoNet=-3.002bps DemoMFE=+0.000 DemoMAE=-4.998 
TRAIL=OFF residual=+0.000bps B100=+0.000
MICRO POSITION XRP_USDT mark=+0.999bps MFE=+0.999 MAE=-0.999 
DemoNetMark=-2.999887USDT DemoNet=-3.002bps DemoMFE=+0.000 DemoMAE=-4.998 
TRAIL=OFF residual=+0.000bps B100=+0.000
MICRO POSITION XRP_USDT mark=+0.999bps MFE=+0.999 MAE=-0.999 
DemoNetMark=-2.999887USDT DemoNet=-3.002bps DemoMFE=+0.000 DemoMAE=-4.998 
TRAIL=OFF residual=+0.000bps B100=+0.000
MICRO EXIT XRP_USDT reason=binance_target_caught LIVEpnl=+1.995800USDT 
move=+1.997bps MFE=+1.997 MAE=-0.999 hold=11933ms DemoExit=1.0017 
DemoGross=+1.995800 DemoNet=-2.002100 DemoFee=1.99911
MICRO HEARTBEAT state=watching symbols=3 signal_source=demo books=3 
demo_books=3 Bquotes=256846 Mdepth=0 Ddepth=22258 above_floor=0 
max_residual=0.000bps candidates=0 fee_age=4174ms
MICRO HEARTBEAT state=watching symbols=3 signal_source=demo books=3 
demo_books=3 Bquotes=257030 Mdepth=0 Ddepth=22275 above_floor=0 
max_residual=0.000bps candidates=0 fee_age=1000ms
MICRO HEARTBEAT state=watching symbols=3 signal_source=demo books=3 
demo_books=3 Bquotes=257272 Mdepth=0 Ddepth=22296 above_floor=0 
max_residual=0.000bps candidates=0 fee_age=3027ms
MICRO HEARTBEAT state=watching symbols=3 signal_source=demo books=3 
demo_books=3 Bquotes=257525 Mdepth=0 Ddepth=22313 above_floor=0 
max_residual=0.000bps candidates=0 fee_age=246ms
MICRO HEARTBEAT state=watching symbols=3 signal_source=demo books=3 
demo_books=3 Bquotes=257739 Mdepth=0 Ddepth=22330 above_floor=0 
max_residual=0.000bps candidates=0 fee_age=2259ms
MICRO SIGNAL LINK_USDT SHORT residual=-2.109bps threshold=1.255 spread=1.055 
net=+0.855 B100=-2.109 M100=+0.000 Bage=2ms Mage=735ms DemoCross=5.0bps
MICRO HEARTBEAT state=watching symbols=3 signal_source=demo books=3 
demo_books=3 Bquotes=258547 Mdepth=0 Ddepth=22457 above_floor=0 
max_residual=0.000bps candidates=0 fee_age=0ms
MICRO HEARTBEAT state=watching symbols=3 signal_source=demo books=3 
demo_books=3 Bquotes=258651 Mdepth=0 Ddepth=22466 above_floor=0 
max_residual=0.000bps candidates=0 fee_age=1307ms
MICRO HEARTBEAT state=watching symbols=3 signal_source=demo books=3 
demo_books=3 Bquotes=258931 Mdepth=0 Ddepth=22484 above_floor=0 
max_residual=0.000bps candidates=0 fee_age=3308ms
MICRO HEARTBEAT state=watching symbols=3 signal_source=demo books=3 
demo_books=3 Bquotes=259079 Mdepth=0 Ddepth=22504 above_floor=0 
max_residual=0.000bps candidates=0 fee_age=398ms
MICRO SIGNAL LINK_USDT LONG residual=+2.109bps threshold=1.254 spread=1.054 
net=+0.854 B100=+2.109 M100=+0.000 Bage=2ms Mage=1134ms DemoCross=5.0bps
DEMO ENTRY LINK_USDT LONG qty=1053.8 LIVEEntry=9.484 residual=+2.109 
notional=9994.24USDT leverage=200x requested_margin=50.0000USDT 
strategy_equity=7.1639USDT sizing=TARGET_NOTIONAL spread=1.054 
DemoFeeReported=1.99885 signal_to_visible=PENDING IOCconfirm=585.8ms 
reconcile=ASYNC
DEMO POSITION VISIBLE LINK_USDT signal_to_visible=959.5ms
MICRO POSITION LINK_USDT mark=-1.054bps MFE=+0.000 MAE=-1.054 
DemoNetMark=-5.051285USDT DemoNet=-5.054bps DemoMFE=+0.000 DemoMAE=-5.054 
TRAIL=OFF residual=+0.000bps B100=+0.000
MICRO POSITION LINK_USDT mark=+1.054bps MFE=+1.054 MAE=-1.054 
DemoNetMark=-2.944106USDT DemoNet=-2.946bps DemoMFE=+0.000 DemoMAE=-5.054 
TRAIL=OFF residual=+0.000bps B100=+0.000
MICRO POSITION LINK_USDT mark=+1.054bps MFE=+1.054 MAE=-1.054 
DemoNetMark=-2.944106USDT DemoNet=-2.946bps DemoMFE=+0.000 DemoMAE=-5.054 
TRAIL=OFF residual=+0.000bps B100=+0.000
MICRO POSITION LINK_USDT mark=+1.054bps MFE=+1.054 MAE=-1.054 
DemoNetMark=-2.944106USDT DemoNet=-2.946bps DemoMFE=+0.000 DemoMAE=-5.054 
TRAIL=OFF residual=+0.000bps B100=+0.000
MICRO POSITION LINK_USDT mark=+1.054bps MFE=+1.054 MAE=-1.054 
DemoNetMark=-2.944106USDT DemoNet=-2.946bps DemoMFE=+0.000 DemoMAE=-5.054 
TRAIL=OFF residual=+0.000bps B100=+0.000
MICRO POSITION LINK_USDT mark=+1.054bps MFE=+1.054 MAE=-1.054 
DemoNetMark=-2.944106USDT DemoNet=-2.946bps DemoMFE=+0.000 DemoMAE=-5.054 
TRAIL=OFF residual=+0.000bps B100=+0.000
MICRO POSITION LINK_USDT mark=+1.054bps MFE=+1.054 MAE=-1.054 
DemoNetMark=-2.944106USDT DemoNet=-2.946bps DemoMFE=+0.000 DemoMAE=-5.054 
TRAIL=OFF residual=+0.000bps B100=+0.000
MICRO EXIT LINK_USDT reason=demo_adverse_cut LIVEpnl=-5.269000USDT 
move=-5.272bps MFE=+1.054 MAE=-5.272 hold=14419ms DemoExit=9.479 
DemoGross=-5.269000 DemoNet=-9.265600 DemoFee=1.99775
MICRO HEARTBEAT state=watching symbols=3 signal_source=demo books=3 
demo_books=3 Bquotes=260911 Mdepth=0 Ddepth=22666 above_floor=0 
max_residual=0.000bps candidates=0 fee_age=2096ms
MICRO HEARTBEAT state=watching symbols=3 signal_source=demo books=3 
demo_books=3 Bquotes=261067 Mdepth=0 Ddepth=22682 above_floor=0 
max_residual=0.000bps candidates=0 fee_age=4159ms
MICRO HEARTBEAT state=watching symbols=3 signal_source=demo books=3 
demo_books=3 Bquotes=261201 Mdepth=0 Ddepth=22706 above_floor=0 
max_residual=0.000bps candidates=0 fee_age=1153ms
MICRO SIGNAL LINK_USDT SHORT residual=-2.111bps threshold=1.255 spread=1.055 
net=+0.855 B100=-2.111 M100=+0.000 Bage=2ms Mage=170ms DemoCross=5.0bps
MICRO HEARTBEAT state=watching symbols=3 signal_source=demo books=3 
demo_books=3 Bquotes=262264 Mdepth=0 Ddepth=22811 above_floor=0 
max_residual=0.000bps candidates=0 fee_age=0ms
MICRO HEARTBEAT state=watching symbols=3 signal_source=demo books=3 
demo_books=3 Bquotes=262305 Mdepth=0 Ddepth=22819 above_floor=0 
max_residual=0.000bps candidates=0 fee_age=1206ms
MICRO HEARTBEAT state=watching symbols=3 signal_source=demo books=3 
demo_books=3 Bquotes=262446 Mdepth=0 Ddepth=22834 above_floor=0 
max_residual=0.000bps candidates=0 fee_age=3231ms
MICRO HEARTBEAT state=watching symbols=3 signal_source=demo books=3 
demo_books=3 Bquotes=262748 Mdepth=0 Ddepth=22859 above_floor=1 
max_residual=1.056bps candidates=0 fee_age=0ms
MICRO HEARTBEAT state=watching symbols=3 signal_source=demo books=3 
demo_books=3 Bquotes=262887 Mdepth=0 Ddepth=22874 above_floor=0 
max_residual=0.000bps candidates=0 fee_age=2007ms
MICRO HEARTBEAT state=watching symbols=3 signal_source=demo books=3 
demo_books=3 Bquotes=263104 Mdepth=0 Ddepth=22900 above_floor=0 
max_residual=0.000bps candidates=0 fee_age=0ms
MICRO HEARTBEAT state=watching symbols=3 signal_source=demo books=3 
demo_books=3 Bquotes=263202 Mdepth=0 Ddepth=22919 above_floor=0 
max_residual=0.000bps candidates=0 fee_age=2016ms
MICRO HEARTBEAT state=watching symbols=3 signal_source=demo books=3 
demo_books=3 Bquotes=263325 Mdepth=0 Ddepth=22935 above_floor=0 
max_residual=0.000bps candidates=0 fee_age=4069ms
MICRO HEARTBEAT state=watching symbols=3 signal_source=demo books=3 
demo_books=3 Bquotes=263486 Mdepth=0 Ddepth=22955 above_floor=0 
max_residual=0.000bps candidates=0 fee_age=1100ms
MICRO SIGNAL LINK_USDT LONG residual=+3.695bps threshold=1.256 spread=1.056 
net=+2.439 B100=+3.695 M100=+0.000 Bage=1ms Mage=748ms DemoCross=5.0bps
DEMO ENTRY LINK_USDT LONG qty=1055.5 LIVEEntry=9.469 residual=+3.695 
notional=9994.53USDT leverage=200x requested_margin=50.0000USDT 
strategy_equity=0.0100USDT sizing=TARGET_NOTIONAL spread=1.056 
DemoFeeReported=1.99891 signal_to_visible=PENDING IOCconfirm=728.6ms 
reconcile=ASYNC
DEMO POSITION VISIBLE LINK_USDT signal_to_visible=1084.8ms
MICRO POSITION LINK_USDT mark=-1.056bps MFE=+0.000 MAE=-1.056 
DemoNetMark=-5.053101USDT DemoNet=-5.056bps DemoMFE=+0.000 DemoMAE=-5.056 
TRAIL=OFF residual=+0.000bps B100=+0.000
MICRO POSITION LINK_USDT mark=-1.056bps MFE=+0.000 MAE=-1.056 
DemoNetMark=-5.053101USDT DemoNet=-5.056bps DemoMFE=+0.000 DemoMAE=-5.056 
TRAIL=OFF residual=+0.000bps B100=+0.000
MICRO EXIT LINK_USDT reason=binance_target_caught LIVEpnl=+8.444000USDT 
move=+8.449bps MFE=+8.449 MAE=-1.056 hold=4076ms DemoExit=9.477 
DemoGross=+8.444000 DemoNet=+4.444500 DemoFee=2.00059
MICRO SIGNAL LINK_USDT SHORT residual=-2.110bps threshold=1.255 spread=1.055 
net=+0.855 B100=-2.110 M100=+0.000 Bage=1ms Mage=1264ms DemoCross=5.0bps
DEMO ENTRY LINK_USDT SHORT qty=1055.7 LIVEEntry=9.477 residual=-2.110 
notional=10004.9USDT leverage=200x requested_margin=50.0000USDT 
strategy_equity=4.4545USDT sizing=TARGET_NOTIONAL spread=1.055 
DemoFeeReported=2.00097 signal_to_visible=PENDING IOCconfirm=608.0ms 
reconcile=ASYNC
MICRO POSITION LINK_USDT mark=-1.055bps MFE=+0.000 MAE=-1.055 
DemoNetMark=-5.057859USDT DemoNet=-5.055bps DemoMFE=+0.000 DemoMAE=-5.055 
TRAIL=OFF residual=+0.000bps B100=+0.000
DEMO POSITION VISIBLE LINK_USDT signal_to_visible=978.6ms
MICRO POSITION LINK_USDT mark=-1.055bps MFE=+0.000 MAE=-1.055 
DemoNetMark=-5.057859USDT DemoNet=-5.055bps DemoMFE=+0.000 DemoMAE=-5.055 
TRAIL=OFF residual=+0.000bps B100=+0.000
MICRO POSITION LINK_USDT mark=-1.055bps MFE=+0.000 MAE=-1.055 
DemoNetMark=-5.057859USDT DemoNet=-5.055bps DemoMFE=+0.000 DemoMAE=-5.055 
TRAIL=OFF residual=+0.000bps B100=+0.000
MICRO POSITION LINK_USDT mark=-1.055bps MFE=+0.000 MAE=-1.055 
DemoNetMark=-5.057859USDT DemoNet=-5.055bps DemoMFE=+0.000 DemoMAE=-5.055 
TRAIL=OFF residual=+0.000bps B100=+0.000
MICRO EXIT LINK_USDT reason=demo_adverse_cut LIVEpnl=-2.111400USDT 
move=-2.110bps MFE=+0.000 MAE=-2.110 hold=8935ms DemoExit=9.479 
DemoGross=-2.111400 DemoNet=-6.113700 DemoFee=2.00133
MICRO HEARTBEAT state=watching symbols=3 signal_source=demo books=3 
demo_books=3 Bquotes=265397 Mdepth=0 Ddepth=23103 above_floor=0 
max_residual=0.000bps candidates=0 fee_age=2118ms
MICRO HEARTBEAT state=watching symbols=3 signal_source=demo books=3 
demo_books=3 Bquotes=265621 Mdepth=0 Ddepth=23119 above_floor=0 
max_residual=0.000bps candidates=0 fee_age=4119ms
MICRO HEARTBEAT state=watching symbols=3 signal_source=demo books=3 
demo_books=3 Bquotes=266111 Mdepth=0 Ddepth=23131 above_floor=0 
max_residual=0.000bps candidates=0 fee_age=971ms
MICRO HEARTBEAT state=watching symbols=3 signal_source=demo books=3 
demo_books=3 Bquotes=266221 Mdepth=0 Ddepth=23154 above_floor=0 
max_residual=0.000bps candidates=0 fee_age=2983ms
MICRO HEARTBEAT state=watching symbols=3 signal_source=demo books=3 
demo_books=3 Bquotes=266397 Mdepth=0 Ddepth=23170 above_floor=0 
max_residual=0.000bps candidates=0 fee_age=0ms
MICRO HEARTBEAT state=watching symbols=3 signal_source=demo books=3 
demo_books=3 Bquotes=266493 Mdepth=0 Ddepth=23191 above_floor=0 
max_residual=0.000bps candidates=0 fee_age=2048ms
MICRO HEARTBEAT state=watching symbols=3 signal_source=demo books=3 
demo_books=3 Bquotes=266574 Mdepth=0 Ddepth=23204 above_floor=0 
max_residual=0.000bps candidates=0 fee_age=4080ms
MICRO HEARTBEAT state=watching symbols=3 signal_source=demo books=3 
demo_books=3 Bquotes=266651 Mdepth=0 Ddepth=23219 above_floor=0 
max_residual=0.000bps candidates=0 fee_age=1193ms
MICRO HEARTBEAT state=watching symbols=3 signal_source=demo books=3 
demo_books=3 Bquotes=266700 Mdepth=0 Ddepth=23241 above_floor=0 
max_residual=0.000bps candidates=0 fee_age=3228ms
MICRO HEARTBEAT state=watching symbols=3 signal_source=demo books=3 
demo_books=3 Bquotes=266817 Mdepth=0 Ddepth=23256 above_floor=0 
max_residual=0.000bps candidates=0 fee_age=288ms
MICRO HEARTBEAT state=watching symbols=3 signal_source=demo books=3 
demo_books=3 Bquotes=266931 Mdepth=0 Ddepth=23275 above_floor=0 
max_residual=0.000bps candidates=0 fee_age=2288ms
MICRO HEARTBEAT state=watching symbols=3 signal_source=demo books=3 
demo_books=3 Bquotes=267032 Mdepth=0 Ddepth=23304 above_floor=0 
max_residual=0.000bps candidates=0 fee_age=0ms
MICRO HEARTBEAT state=watching symbols=3 signal_source=demo books=3 
demo_books=3 Bquotes=267078 Mdepth=0 Ddepth=23311 above_floor=0 
max_residual=0.000bps candidates=0 fee_age=1310ms
MICRO HEARTBEAT state=watching symbols=3 signal_source=demo books=3 
demo_books=3 Bquotes=267181 Mdepth=0 Ddepth=23333 above_floor=0 
max_residual=0.000bps candidates=0 fee_age=3364ms
MICRO HEARTBEAT state=watching symbols=3 signal_source=demo books=3 
demo_books=3 Bquotes=267264 Mdepth=0 Ddepth=23347 above_floor=0 
max_residual=0.000bps candidates=0 fee_age=450ms
MICRO HEARTBEAT state=watching symbols=3 signal_source=demo books=3 
demo_books=3 Bquotes=267349 Mdepth=0 Ddepth=23361 above_floor=0 
max_residual=0.000bps candidates=0 fee_age=2467ms
MICRO HEARTBEAT state=watching symbols=3 signal_source=demo books=3 
demo_books=3 Bquotes=267580 Mdepth=0 Ddepth=23364 above_floor=0 
max_residual=0.000bps candidates=0 fee_age=1ms
MICRO HEARTBEAT state=watching symbols=3 signal_source=demo books=3 
demo_books=3 Bquotes=267786 Mdepth=0 Ddepth=23364 above_floor=0 
max_residual=0.000bps candidates=0 fee_age=2023ms
MICRO HEARTBEAT state=watching symbols=3 signal_source=demo books=3 
demo_books=3 Bquotes=267907 Mdepth=0 Ddepth=23386 above_floor=0 
max_residual=0.000bps candidates=0 fee_age=4051ms
MICRO SIGNAL LINK_USDT LONG residual=+2.111bps threshold=1.256 spread=1.056 
net=+0.856 B100=+2.111 M100=+0.000 Bage=1ms Mage=755ms DemoCross=5.0bps
DEMO ENTRY LINK_USDT LONG qty=1055 LIVEEntry=9.473 residual=+2.111 
notional=9994.02USDT leverage=200x requested_margin=50.0000USDT 
strategy_equity=0.0100USDT sizing=TARGET_NOTIONAL spread=1.056 
DemoFeeReported=0 signal_to_visible=4180.7ms IOCconfirm=1871.7ms 
reconcile=2290.7ms
MICRO POSITION LINK_USDT mark=-1.056bps MFE=+0.000 MAE=-1.056 
DemoNetMark=-3.053592USDT DemoNet=-3.055bps DemoMFE=+0.000 DemoMAE=-3.055 
TRAIL=OFF residual=+0.000bps B100=+0.000
MICRO POSITION LINK_USDT mark=-1.056bps MFE=+0.000 MAE=-1.056 
DemoNetMark=-3.053592USDT DemoNet=-3.055bps DemoMFE=+0.000 DemoMAE=-3.055 
TRAIL=OFF residual=+0.000bps B100=+0.000
MICRO POSITION LINK_USDT mark=-1.056bps MFE=+0.000 MAE=-1.056 
DemoNetMark=-3.053592USDT DemoNet=-3.055bps DemoMFE=+0.000 DemoMAE=-3.055 
TRAIL=OFF residual=+0.000bps B100=+0.000
MICRO POSITION LINK_USDT mark=-1.056bps MFE=+0.000 MAE=-1.056 
DemoNetMark=-3.053592USDT DemoNet=-3.055bps DemoMFE=+0.000 DemoMAE=-3.055 
TRAIL=OFF residual=+0.000bps B100=+0.000
MICRO POSITION LINK_USDT mark=+0.000bps MFE=+0.000 MAE=-1.056 
DemoNetMark=-1.998803USDT DemoNet=-2.000bps DemoMFE=+0.000 DemoMAE=-3.055 
TRAIL=OFF residual=+0.000bps B100=+0.000
MICRO POSITION LINK_USDT mark=+0.000bps MFE=+0.000 MAE=-1.056 
DemoNetMark=-1.998803USDT DemoNet=-2.000bps DemoMFE=+0.000 DemoMAE=-3.055 
TRAIL=OFF residual=+0.000bps B100=+0.000
MICRO POSITION LINK_USDT mark=+0.000bps MFE=+0.000 MAE=-1.056 
DemoNetMark=-1.998803USDT DemoNet=-2.000bps DemoMFE=+0.000 DemoMAE=-3.055 
TRAIL=OFF residual=+0.000bps B100=+0.000
MICRO POSITION LINK_USDT mark=+1.056bps MFE=+1.056 MAE=-1.056 
DemoNetMark=-0.944014USDT DemoNet=-0.945bps DemoMFE=+0.000 DemoMAE=-3.055 
TRAIL=OFF residual=+0.000bps B100=+0.000
MICRO POSITION LINK_USDT mark=+1.056bps MFE=+1.056 MAE=-1.056 
DemoNetMark=-0.944014USDT DemoNet=-0.945bps DemoMFE=+0.000 DemoMAE=-3.055 
TRAIL=OFF residual=+0.000bps B100=+0.000
MICRO POSITION LINK_USDT mark=+1.056bps MFE=+1.056 MAE=-1.056 
DemoNetMark=-0.944014USDT DemoNet=-0.945bps DemoMFE=+0.000 DemoMAE=-3.055 
TRAIL=OFF residual=+0.000bps B100=+0.000
MICRO POSITION LINK_USDT mark=+0.000bps MFE=+1.056 MAE=-1.056 
DemoNetMark=-1.998803USDT DemoNet=-2.000bps DemoMFE=+0.000 DemoMAE=-3.055 
TRAIL=OFF residual=+0.000bps B100=+0.000
MICRO POSITION LINK_USDT mark=+0.000bps MFE=+1.056 MAE=-1.056 
DemoNetMark=-1.998803USDT DemoNet=-2.000bps DemoMFE=+0.000 DemoMAE=-3.055 
TRAIL=OFF residual=+0.000bps B100=+0.000
MICRO POSITION LINK_USDT mark=+0.000bps MFE=+1.056 MAE=-1.056 
DemoNetMark=-1.998803USDT DemoNet=-2.000bps DemoMFE=+0.000 DemoMAE=-3.055 
TRAIL=OFF residual=+0.000bps B100=+0.000
MICRO EXIT LINK_USDT reason=binance_target_caught LIVEpnl=+4.220000USDT 
move=+4.223bps MFE=+4.223 MAE=-1.056 hold=31040ms DemoExit=9.477 
DemoGross=+4.220000 DemoNet=+0.221600 DemoFee=3.9984
MICRO HEARTBEAT state=watching symbols=3 signal_source=demo books=3 
demo_books=3 Bquotes=270827 Mdepth=0 Ddepth=23513 above_floor=0 
max_residual=0.000bps candidates=0 fee_age=0ms
MICRO HEARTBEAT state=watching symbols=3 signal_source=demo books=3 
demo_books=3 Bquotes=270857 Mdepth=0 Ddepth=23516 above_floor=0 
max_residual=0.000bps candidates=0 fee_age=1308ms
MICRO HEARTBEAT state=watching symbols=3 signal_source=demo books=3 
demo_books=3 Bquotes=270943 Mdepth=0 Ddepth=23516 above_floor=0 
max_residual=0.000bps candidates=0 fee_age=3365ms
MICRO HEARTBEAT state=watching symbols=3 signal_source=demo books=3 
demo_books=3 Bquotes=271052 Mdepth=0 Ddepth=23527 above_floor=0 
max_residual=0.000bps candidates=0 fee_age=0ms
MICRO HEARTBEAT state=watching symbols=3 signal_source=demo books=3 
demo_books=3 Bquotes=271183 Mdepth=0 Ddepth=23530 above_floor=0 
max_residual=0.000bps candidates=0 fee_age=2002ms
MICRO HEARTBEAT state=watching symbols=3 signal_source=demo books=3 
demo_books=3 Bquotes=271296 Mdepth=0 Ddepth=23530 above_floor=0 
max_residual=0.000bps candidates=0 fee_age=0ms
MICRO HEARTBEAT state=watching symbols=3 signal_source=demo books=3 
demo_books=3 Bquotes=271696 Mdepth=0 Ddepth=23541 above_floor=0 
max_residual=0.000bps candidates=0 fee_age=2040ms
MICRO SIGNAL LINK_USDT SHORT residual=-1.582bps threshold=1.255 spread=1.055 
net=+0.328 B100=-1.582 M100=+0.000 Bage=1ms Mage=195ms DemoCross=5.0bps
MICRO HEARTBEAT state=watching symbols=3 signal_source=demo books=3 
demo_books=3 Bquotes=273320 Mdepth=0 Ddepth=23577 above_floor=0 
max_residual=0.000bps candidates=0 fee_age=0ms
MICRO HEARTBEAT state=watching symbols=3 signal_source=demo books=3 
demo_books=3 Bquotes=273389 Mdepth=0 Ddepth=23577 above_floor=0 
max_residual=0.000bps candidates=0 fee_age=1289ms
MICRO SIGNAL LINK_USDT LONG residual=+2.111bps threshold=1.255 spread=1.055 
net=+0.855 B100=+2.111 M100=+0.000 Bage=1ms Mage=804ms DemoCross=5.0bps
DEMO ENTRY LINK_USDT LONG qty=1054.8 LIVEEntry=9.475 residual=+2.111 
notional=9994.23USDT leverage=200x requested_margin=50.0000USDT 
strategy_equity=0.2316USDT sizing=TARGET_NOTIONAL spread=1.055 
DemoFeeReported=1.99864 signal_to_visible=PENDING IOCconfirm=683.6ms 
reconcile=ASYNC
MICRO POSITION LINK_USDT mark=-2.111bps MFE=+0.000 MAE=-2.111 
DemoNetMark=-5.051859USDT DemoNet=-5.055bps DemoMFE=+0.000 DemoMAE=-5.055 
TRAIL=OFF residual=+0.000bps B100=+0.000
DEMO POSITION VISIBLE LINK_USDT signal_to_visible=1054.2ms
MICRO POSITION LINK_USDT mark=-2.111bps MFE=+0.000 MAE=-2.111 
DemoNetMark=-5.051859USDT DemoNet=-5.055bps DemoMFE=+0.000 DemoMAE=-5.055 
TRAIL=OFF residual=+0.000bps B100=+0.000
MICRO POSITION LINK_USDT mark=-2.111bps MFE=+0.000 MAE=-2.111 
DemoNetMark=-5.051859USDT DemoNet=-5.055bps DemoMFE=+0.000 DemoMAE=-5.055 
TRAIL=OFF residual=+0.000bps B100=+0.000
MICRO POSITION LINK_USDT mark=+0.000bps MFE=+0.000 MAE=-2.111 
DemoNetMark=-2.942681USDT DemoNet=-2.945bps DemoMFE=+0.000 DemoMAE=-5.055 
TRAIL=OFF residual=+0.000bps B100=+0.000
MICRO POSITION LINK_USDT mark=+1.055bps MFE=+1.055 MAE=-2.111 
DemoNetMark=-1.888092USDT DemoNet=-1.889bps DemoMFE=+0.000 DemoMAE=-5.055 
TRAIL=OFF residual=+0.000bps B100=+0.000
MICRO POSITION LINK_USDT mark=+1.055bps MFE=+1.055 MAE=-2.111 
DemoNetMark=-1.888092USDT DemoNet=-1.889bps DemoMFE=+0.000 DemoMAE=-5.055 
TRAIL=OFF residual=+0.000bps B100=+0.000
MICRO POSITION LINK_USDT mark=+1.055bps MFE=+1.055 MAE=-2.111 
DemoNetMark=-1.888092USDT DemoNet=-1.889bps DemoMFE=+0.000 DemoMAE=-5.055 
TRAIL=OFF residual=+0.000bps B100=+0.000
MICRO EXIT LINK_USDT reason=binance_target_caught LIVEpnl=+2.109600USDT 
move=+2.111bps MFE=+2.111 MAE=-2.111 hold=13464ms DemoExit=9.477 
DemoGross=+3.164400 DemoNet=-0.833500 DemoFee=1.99926
MICRO HEARTBEAT state=watching symbols=3 signal_source=demo books=3 
demo_books=3 Bquotes=274641 Mdepth=0 Ddepth=23672 above_floor=0 
max_residual=0.000bps candidates=0 fee_age=2962ms
MICRO HEARTBEAT state=watching symbols=3 signal_source=demo books=3 
demo_books=3 Bquotes=274798 Mdepth=0 Ddepth=23689 above_floor=0 
max_residual=0.000bps candidates=0 fee_age=0ms
MICRO HEARTBEAT state=watching symbols=3 signal_source=demo books=3 
demo_books=3 Bquotes=274868 Mdepth=0 Ddepth=23691 above_floor=0 
max_residual=0.000bps candidates=0 fee_age=2022ms
MICRO HEARTBEAT state=watching symbols=3 signal_source=demo books=3 
demo_books=3 Bquotes=274915 Mdepth=0 Ddepth=23712 above_floor=0 
max_residual=0.000bps candidates=0 fee_age=4035ms
MICRO HEARTBEAT state=watching symbols=3 signal_source=demo books=3 
demo_books=3 Bquotes=275031 Mdepth=0 Ddepth=23729 above_floor=0 
max_residual=0.000bps candidates=0 fee_age=1143ms
MICRO HEARTBEAT state=watching symbols=3 signal_source=demo books=3 
demo_books=3 Bquotes=275161 Mdepth=0 Ddepth=23751 above_floor=0 
max_residual=0.000bps candidates=0 fee_age=3176ms
MICRO HEARTBEAT state=watching symbols=3 signal_source=demo books=3 
demo_books=3 Bquotes=275219 Mdepth=0 Ddepth=23763 above_floor=0 
max_residual=0.000bps candidates=0 fee_age=178ms
MICRO HEARTBEAT state=watching symbols=3 signal_source=demo books=3 
demo_books=3 Bquotes=275337 Mdepth=0 Ddepth=23781 above_floor=0 
max_residual=0.000bps candidates=0 fee_age=2193ms
MICRO HEARTBEAT state=watching symbols=3 signal_source=demo books=3 
demo_books=3 Bquotes=275787 Mdepth=0 Ddepth=23802 above_floor=0 
max_residual=0.000bps candidates=0 fee_age=4195ms
MICRO HEARTBEAT state=watching symbols=3 signal_source=demo books=3 
demo_books=3 Bquotes=275975 Mdepth=0 Ddepth=23819 above_floor=0 
max_residual=0.000bps candidates=0 fee_age=1180ms
MICRO HEARTBEAT state=watching symbols=3 signal_source=demo books=3 
demo_books=3 Bquotes=276197 Mdepth=0 Ddepth=23845 above_floor=0 
max_residual=0.000bps candidates=0 fee_age=3224ms
MICRO HEARTBEAT state=watching symbols=3 signal_source=demo books=3 
demo_books=3 Bquotes=276342 Mdepth=0 Ddepth=23861 above_floor=0 
max_residual=0.000bps candidates=0 fee_age=174ms
MICRO HEARTBEAT state=watching symbols=3 signal_source=demo books=3 
demo_books=3 Bquotes=276523 Mdepth=0 Ddepth=23877 above_floor=0 
max_residual=0.000bps candidates=0 fee_age=2218ms
MICRO HEARTBEAT state=watching symbols=3 signal_source=demo books=3 
demo_books=3 Bquotes=276583 Mdepth=0 Ddepth=23899 above_floor=0 
max_residual=0.000bps candidates=0 fee_age=4232ms
MICRO HEARTBEAT state=watching symbols=3 signal_source=demo books=3 
demo_books=3 Bquotes=276661 Mdepth=0 Ddepth=23914 above_floor=0 
max_residual=0.000bps candidates=0 fee_age=848ms
MICRO HEARTBEAT state=watching symbols=3 signal_source=demo books=3 
demo_books=3 Bquotes=276751 Mdepth=0 Ddepth=23932 above_floor=0 
max_residual=0.000bps candidates=0 fee_age=2854ms
MICRO HEARTBEAT state=watching symbols=3 signal_source=demo books=3 
demo_books=3 Bquotes=277024 Mdepth=0 Ddepth=23956 above_floor=0 
max_residual=0.000bps candidates=0 fee_age=1ms
MICRO HEARTBEAT state=watching symbols=3 signal_source=demo books=3 
demo_books=3 Bquotes=277086 Mdepth=0 Ddepth=23972 above_floor=0 
max_residual=0.000bps candidates=0 fee_age=2022ms
MICRO HEARTBEAT state=watching symbols=3 signal_source=demo books=3 
demo_books=3 Bquotes=277241 Mdepth=0 Ddepth=23998 above_floor=0 
max_residual=0.000bps candidates=0 fee_age=1ms
MICRO HEARTBEAT state=watching symbols=3 signal_source=demo books=3 
demo_books=3 Bquotes=277468 Mdepth=0 Ddepth=24012 above_floor=0 
max_residual=0.000bps candidates=0 fee_age=2001ms
MICRO HEARTBEAT state=watching symbols=3 signal_source=demo books=3 
demo_books=3 Bquotes=277604 Mdepth=0 Ddepth=24033 above_floor=0 
max_residual=0.000bps candidates=0 fee_age=4004ms
MICRO HEARTBEAT state=watching symbols=3 signal_source=demo books=3 
demo_books=3 Bquotes=277807 Mdepth=0 Ddepth=24053 above_floor=0 
max_residual=0.000bps candidates=0 fee_age=1005ms
MICRO HEARTBEAT state=watching symbols=3 signal_source=demo books=3 
demo_books=3 Bquotes=277964 Mdepth=0 Ddepth=24066 above_floor=0 
max_residual=0.000bps candidates=0 fee_age=3010ms
MICRO HEARTBEAT state=watching symbols=3 signal_source=demo books=3 
demo_books=3 Bquotes=278041 Mdepth=0 Ddepth=24090 above_floor=0 
max_residual=0.000bps candidates=0 fee_age=2ms
MICRO HEARTBEAT state=watching symbols=3 signal_source=demo books=3 
demo_books=3 Bquotes=278231 Mdepth=0 Ddepth=24107 above_floor=0 
max_residual=0.000bps candidates=0 fee_age=2003ms
MICRO HEARTBEAT state=watching symbols=3 signal_source=demo books=3 
demo_books=3 Bquotes=278553 Mdepth=0 Ddepth=24124 above_floor=0 
max_residual=0.000bps candidates=0 fee_age=4004ms
MICRO HEARTBEAT state=watching symbols=3 signal_source=demo books=3 
demo_books=3 Bquotes=278826 Mdepth=0 Ddepth=24145 above_floor=0 
max_residual=0.000bps candidates=0 fee_age=976ms
MICRO SIGNAL LINK_USDT SHORT residual=-2.110bps threshold=1.255 spread=1.055 
net=+0.855 B100=-2.110 M100=+0.000 Bage=1ms Mage=895ms DemoCross=5.0bps
DEMO ENTRY LINK_USDT SHORT qty=1055.4 LIVEEntry=9.48 residual=-2.110 
notional=10005.2USDT leverage=200x requested_margin=50.0000USDT 
strategy_equity=0.0100USDT sizing=TARGET_NOTIONAL spread=1.055 
DemoFeeReported=2.00104 signal_to_visible=PENDING IOCconfirm=653.3ms 
reconcile=ASYNC
DEMO POSITION VISIBLE LINK_USDT signal_to_visible=1028.4ms
MICRO POSITION LINK_USDT mark=-1.055bps MFE=+0.000 MAE=-1.055 
DemoNetMark=-5.057688USDT DemoNet=-5.055bps DemoMFE=+0.000 DemoMAE=-5.055 
TRAIL=OFF residual=+0.000bps B100=+0.000
MICRO EXIT LINK_USDT reason=demo_adverse_cut LIVEpnl=-2.110800USDT 
move=-2.110bps MFE=+0.000 MAE=-2.110 hold=3255ms DemoExit=9.482 
DemoGross=-2.110800 DemoNet=-6.113200 DemoFee=2.00136
MICRO HEARTBEAT state=watching symbols=3 signal_source=demo books=3 
demo_books=3 Bquotes=279480 Mdepth=0 Ddepth=24197 above_floor=0 
max_residual=0.000bps candidates=0 fee_age=1277ms
MICRO HEARTBEAT state=watching symbols=3 signal_source=demo books=3 
demo_books=3 Bquotes=279603 Mdepth=0 Ddepth=24211 above_floor=0 
max_residual=0.000bps candidates=0 fee_age=3278ms
MICRO HEARTBEAT state=watching symbols=3 signal_source=demo books=3 
demo_books=3 Bquotes=279682 Mdepth=0 Ddepth=24231 above_floor=0 
max_residual=0.000bps candidates=0 fee_age=324ms
MICRO HEARTBEAT state=watching symbols=3 signal_source=demo books=3 
demo_books=3 Bquotes=279789 Mdepth=0 Ddepth=24245 above_floor=0 
max_residual=0.000bps candidates=0 fee_age=2330ms
MICRO HEARTBEAT state=watching symbols=3 signal_source=demo books=3 
demo_books=3 Bquotes=279934 Mdepth=0 Ddepth=24265 above_floor=0 
max_residual=0.000bps candidates=0 fee_age=0ms
MICRO HEARTBEAT state=watching symbols=3 signal_source=demo books=3 
demo_books=3 Bquotes=280048 Mdepth=0 Ddepth=24283 above_floor=0 
max_residual=0.000bps candidates=0 fee_age=1410ms
MICRO HEARTBEAT state=watching symbols=3 signal_source=demo books=3 
demo_books=3 Bquotes=280096 Mdepth=0 Ddepth=24299 above_floor=0 
max_residual=0.000bps candidates=0 fee_age=3420ms
MICRO HEARTBEAT state=watching symbols=3 signal_source=demo books=3 
demo_books=3 Bquotes=280183 Mdepth=0 Ddepth=24316 above_floor=0 
max_residual=0.000bps candidates=0 fee_age=410ms
MICRO HEARTBEAT state=watching symbols=3 signal_source=demo books=3 
demo_books=3 Bquotes=280242 Mdepth=0 Ddepth=24336 above_floor=0 
max_residual=0.000bps candidates=0 fee_age=2425ms
MICRO HEARTBEAT state=watching symbols=3 signal_source=demo books=3 
demo_books=3 Bquotes=280964 Mdepth=0 Ddepth=24355 above_floor=0 
max_residual=0.000bps candidates=0 fee_age=0ms
MICRO HEARTBEAT state=watching symbols=3 signal_source=demo books=3 
demo_books=3 Bquotes=281090 Mdepth=0 Ddepth=24378 above_floor=0 
max_residual=0.000bps candidates=0 fee_age=2045ms
MICRO HEARTBEAT state=watching symbols=3 signal_source=demo books=3 
demo_books=3 Bquotes=281164 Mdepth=0 Ddepth=24394 above_floor=0 
max_residual=0.000bps candidates=0 fee_age=4045ms
MICRO HEARTBEAT state=watching symbols=3 signal_source=demo books=3 
demo_books=3 Bquotes=281278 Mdepth=0 Ddepth=24412 above_floor=0 
max_residual=0.000bps candidates=0 fee_age=1064ms
MICRO HEARTBEAT state=watching symbols=3 signal_source=demo books=3 
demo_books=3 Bquotes=281355 Mdepth=0 Ddepth=24432 above_floor=0 
max_residual=0.000bps candidates=0 fee_age=3105ms
MICRO HEARTBEAT state=watching symbols=3 signal_source=demo books=3 
demo_books=3 Bquotes=281440 Mdepth=0 Ddepth=24447 above_floor=0 
max_residual=0.000bps candidates=0 fee_age=97ms
MICRO HEARTBEAT state=watching symbols=3 signal_source=demo books=3 
demo_books=3 Bquotes=281553 Mdepth=0 Ddepth=24469 above_floor=0 
max_residual=0.000bps candidates=0 fee_age=2114ms
MICRO HEARTBEAT state=watching symbols=3 signal_source=demo books=3 
demo_books=3 Bquotes=281725 Mdepth=0 Ddepth=24482 above_floor=0 
max_residual=0.000bps candidates=0 fee_age=4116ms
MICRO HEARTBEAT state=watching symbols=3 signal_source=demo books=3 
demo_books=3 Bquotes=282391 Mdepth=0 Ddepth=24499 above_floor=0 
max_residual=0.000bps candidates=0 fee_age=1171ms
MICRO HEARTBEAT state=watching symbols=3 signal_source=demo books=3 
demo_books=3 Bquotes=282572 Mdepth=0 Ddepth=24521 above_floor=0 
max_residual=0.000bps candidates=0 fee_age=3187ms
MICRO HEARTBEAT state=watching symbols=3 signal_source=demo books=3 
demo_books=3 Bquotes=282682 Mdepth=0 Ddepth=24534 above_floor=0 
max_residual=0.000bps candidates=0 fee_age=74ms
MICRO HEARTBEAT state=watching symbols=3 signal_source=demo books=3 
demo_books=3 Bquotes=282844 Mdepth=0 Ddepth=24558 above_floor=0 
max_residual=0.000bps candidates=0 fee_age=2077ms
MICRO HEARTBEAT state=watching symbols=3 signal_source=demo books=3 
demo_books=3 Bquotes=282889 Mdepth=0 Ddepth=24570 above_floor=0 
max_residual=0.000bps candidates=0 fee_age=4083ms
MICRO HEARTBEAT state=watching symbols=3 signal_source=demo books=3 
demo_books=3 Bquotes=283016 Mdepth=0 Ddepth=24585 above_floor=0 
max_residual=0.000bps candidates=0 fee_age=1158ms
MICRO SIGNAL LINK_USDT LONG residual=+2.112bps threshold=1.256 spread=1.056 
net=+0.856 B100=+2.112 M100=+0.000 Bage=1ms Mage=171ms DemoCross=5.0bps
DEMO ENTRY LINK_USDT LONG qty=1055.5 LIVEEntry=9.469 residual=+2.112 
notional=9994.53USDT leverage=200x requested_margin=50.0000USDT 
strategy_equity=0.0100USDT sizing=TARGET_NOTIONAL spread=1.056 
DemoFeeReported=1.99891 signal_to_visible=PENDING IOCconfirm=668.3ms 
reconcile=ASYNC
MICRO POSITION LINK_USDT mark=-1.056bps MFE=+0.000 MAE=-1.056 
DemoNetMark=-5.053101USDT DemoNet=-5.056bps DemoMFE=+0.000 DemoMAE=-5.056 
TRAIL=OFF residual=+0.000bps B100=+0.000
DEMO POSITION VISIBLE LINK_USDT signal_to_visible=1066.6ms
MICRO POSITION LINK_USDT mark=-1.056bps MFE=+0.000 MAE=-1.056 
DemoNetMark=-5.053101USDT DemoNet=-5.056bps DemoMFE=+0.000 DemoMAE=-5.056 
TRAIL=OFF residual=+0.000bps B100=+0.000
MICRO POSITION LINK_USDT mark=+0.000bps MFE=+0.000 MAE=-1.056 
DemoNetMark=-3.997812USDT DemoNet=-4.000bps DemoMFE=+0.000 DemoMAE=-5.056 
TRAIL=OFF residual=+0.000bps B100=+0.000
MICRO POSITION LINK_USDT mark=+0.000bps MFE=+0.000 MAE=-1.056 
DemoNetMark=-3.997812USDT DemoNet=-4.000bps DemoMFE=+0.000 DemoMAE=-5.056 
TRAIL=OFF residual=+0.000bps B100=+0.000
MICRO POSITION LINK_USDT mark=+0.000bps MFE=+0.000 MAE=-1.056 
DemoNetMark=-3.997812USDT DemoNet=-4.000bps DemoMFE=+0.000 DemoMAE=-5.056 
TRAIL=OFF residual=+0.000bps B100=+0.000
MICRO POSITION LINK_USDT mark=+0.000bps MFE=+0.000 MAE=-1.056 
DemoNetMark=-3.997812USDT DemoNet=-4.000bps DemoMFE=+0.000 DemoMAE=-5.056 
TRAIL=OFF residual=-1.056bps B100=-1.056
MICRO POSITION LINK_USDT mark=+0.000bps MFE=+0.000 MAE=-1.056 
DemoNetMark=-3.997812USDT DemoNet=-4.000bps DemoMFE=+0.000 DemoMAE=-5.056 
TRAIL=OFF residual=+0.000bps B100=+0.000
MICRO POSITION LINK_USDT mark=+0.000bps MFE=+0.000 MAE=-1.056 
DemoNetMark=-3.997812USDT DemoNet=-4.000bps DemoMFE=+0.000 DemoMAE=-5.056 
TRAIL=OFF residual=+0.000bps B100=+0.000
MICRO POSITION LINK_USDT mark=+0.000bps MFE=+0.000 MAE=-1.056 
DemoNetMark=-3.997812USDT DemoNet=-4.000bps DemoMFE=+0.000 DemoMAE=-5.056 
TRAIL=OFF residual=+0.000bps B100=+0.000
MICRO POSITION LINK_USDT mark=+0.000bps MFE=+0.000 MAE=-1.056 
DemoNetMark=-3.997812USDT DemoNet=-4.000bps DemoMFE=+0.000 DemoMAE=-5.056 
TRAIL=OFF residual=+0.000bps B100=+0.000
MICRO POSITION LINK_USDT mark=+1.056bps MFE=+1.056 MAE=-1.056 
DemoNetMark=-2.942523USDT DemoNet=-2.944bps DemoMFE=+0.000 DemoMAE=-5.056 
TRAIL=OFF residual=+0.000bps B100=+0.000
MICRO POSITION LINK_USDT mark=+1.056bps MFE=+1.056 MAE=-1.056 
DemoNetMark=-2.942523USDT DemoNet=-2.944bps DemoMFE=+0.000 DemoMAE=-5.056 
TRAIL=OFF residual=+0.000bps B100=+0.000
MICRO POSITION LINK_USDT mark=+0.000bps MFE=+1.056 MAE=-1.056 
DemoNetMark=-3.997812USDT DemoNet=-4.000bps DemoMFE=+0.000 DemoMAE=-5.056 
TRAIL=OFF residual=+0.000bps B100=+0.000
MICRO POSITION LINK_USDT mark=+0.000bps MFE=+1.056 MAE=-1.056 
DemoNetMark=-3.997812USDT DemoNet=-4.000bps DemoMFE=+0.000 DemoMAE=-5.056 
TRAIL=OFF residual=+0.000bps B100=+0.000
MICRO POSITION LINK_USDT mark=+0.000bps MFE=+1.056 MAE=-1.056 
DemoNetMark=-3.997812USDT DemoNet=-4.000bps DemoMFE=+0.000 DemoMAE=-5.056 
TRAIL=OFF residual=+0.000bps B100=+0.000
MICRO POSITION LINK_USDT mark=+0.000bps MFE=+1.056 MAE=-1.056 
DemoNetMark=-3.997812USDT DemoNet=-4.000bps DemoMFE=+0.000 DemoMAE=-5.056 
TRAIL=OFF residual=+0.000bps B100=+0.000
MICRO POSITION LINK_USDT mark=+0.000bps MFE=+1.056 MAE=-1.056 
DemoNetMark=-3.997812USDT DemoNet=-4.000bps DemoMFE=+0.000 DemoMAE=-5.056 
TRAIL=OFF residual=+0.000bps B100=+0.000
MICRO POSITION LINK_USDT mark=+0.000bps MFE=+1.056 MAE=-1.056 
DemoNetMark=-3.997812USDT DemoNet=-4.000bps DemoMFE=+0.000 DemoMAE=-5.056 
TRAIL=OFF residual=+0.000bps B100=+0.000
MICRO POSITION LINK_USDT mark=+0.000bps MFE=+1.056 MAE=-1.056 
DemoNetMark=-3.997812USDT DemoNet=-4.000bps DemoMFE=+0.000 DemoMAE=-5.056 
TRAIL=OFF residual=+0.000bps B100=+0.000
MICRO POSITION LINK_USDT mark=+0.000bps MFE=+1.056 MAE=-1.056 
DemoNetMark=-3.997812USDT DemoNet=-4.000bps DemoMFE=+0.000 DemoMAE=-5.056 
TRAIL=OFF residual=+0.000bps B100=+0.000
MICRO EXIT LINK_USDT reason=demo_adverse_cut LIVEpnl=-6.333000USDT 
move=-6.336bps MFE=+1.056 MAE=-6.336 hold=41087ms DemoExit=9.463 
DemoGross=-6.333000 DemoNet=-10.329500 DemoFee=1.99759
MICRO HEARTBEAT state=watching symbols=3 signal_source=demo books=3 
demo_books=3 Bquotes=285446 Mdepth=0 Ddepth=24999 above_floor=0 
max_residual=0.000bps candidates=0 fee_age=0ms
MICRO HEARTBEAT state=watching symbols=3 signal_source=demo books=3 
demo_books=3 Bquotes=285578 Mdepth=0 Ddepth=25008 above_floor=0 
max_residual=0.000bps candidates=0 fee_age=1334ms
MICRO SIGNAL LINK_USDT SHORT residual=-2.114bps threshold=1.257 spread=1.057 
net=+0.857 B100=-2.114 M100=+0.000 Bage=19ms Mage=2ms DemoCross=5.0bps
DEMO ENTRY LINK_USDT SHORT qty=1057.3 LIVEEntry=9.463 residual=-2.114 
notional=10005.2USDT leverage=200x requested_margin=50.0000USDT 
strategy_equity=0.0100USDT sizing=TARGET_NOTIONAL spread=1.057 
DemoFeeReported=2.00105 signal_to_visible=PENDING IOCconfirm=632.5ms 
reconcile=ASYNC
MICRO POSITION LINK_USDT mark=-1.057bps MFE=+0.000 MAE=-1.057 
DemoNetMark=-5.059603USDT DemoNet=-5.057bps DemoMFE=+0.000 DemoMAE=-5.057 
TRAIL=OFF residual=+0.000bps B100=+0.000
DEMO POSITION VISIBLE LINK_USDT signal_to_visible=1001.0ms
MICRO POSITION LINK_USDT mark=-1.057bps MFE=+0.000 MAE=-1.057 
DemoNetMark=-5.059603USDT DemoNet=-5.057bps DemoMFE=+0.000 DemoMAE=-5.057 
TRAIL=OFF residual=+0.000bps B100=+0.000
MICRO POSITION LINK_USDT mark=-1.057bps MFE=+0.000 MAE=-1.057 
DemoNetMark=-5.059603USDT DemoNet=-5.057bps DemoMFE=+0.000 DemoMAE=-5.057 
TRAIL=OFF residual=+0.000bps B100=+0.000
MICRO EXIT LINK_USDT reason=binance_target_caught LIVEpnl=+3.171900USDT 
move=+3.170bps MFE=+3.170 MAE=-1.057 hold=5441ms DemoExit=9.46 
DemoGross=+3.171900 DemoNet=-0.829500 DemoFee=2.00035
MICRO HEARTBEAT state=watching symbols=3 signal_source=demo books=3 
demo_books=3 Bquotes=286499 Mdepth=0 Ddepth=25098 above_floor=0 
max_residual=0.000bps candidates=0 fee_age=1ms
MICRO HEARTBEAT state=watching symbols=3 signal_source=demo books=3 
demo_books=3 Bquotes=286654 Mdepth=0 Ddepth=25112 above_floor=0 
max_residual=0.000bps candidates=0 fee_age=2016ms
MICRO HEARTBEAT state=watching symbols=3 signal_source=demo books=3 
demo_books=3 Bquotes=286755 Mdepth=0 Ddepth=25133 above_floor=0 
max_residual=0.000bps candidates=0 fee_age=4029ms
MICRO HEARTBEAT state=watching symbols=3 signal_source=demo books=3 
demo_books=3 Bquotes=286876 Mdepth=0 Ddepth=25150 above_floor=0 
max_residual=0.000bps candidates=0 fee_age=961ms
MICRO HEARTBEAT state=watching symbols=3 signal_source=demo books=3 
demo_books=3 Bquotes=286939 Mdepth=0 Ddepth=25166 above_floor=0 
max_residual=0.000bps candidates=0 fee_age=2994ms
MICRO HEARTBEAT state=watching symbols=3 signal_source=demo books=3 
demo_books=3 Bquotes=287005 Mdepth=0 Ddepth=25190 above_floor=0 
max_residual=0.000bps candidates=0 fee_age=52ms
MICRO HEARTBEAT state=watching symbols=3 signal_source=demo books=3 
demo_books=3 Bquotes=287101 Mdepth=0 Ddepth=25207 above_floor=0 
max_residual=0.000bps candidates=0 fee_age=2080ms
MICRO HEARTBEAT state=watching symbols=3 signal_source=demo books=3 
demo_books=3 Bquotes=287416 Mdepth=0 Ddepth=25229 above_floor=0 
max_residual=0.000bps candidates=0 fee_age=4108ms
MICRO HEARTBEAT state=watching symbols=3 signal_source=demo books=3 
demo_books=3 Bquotes=287591 Mdepth=0 Ddepth=25244 above_floor=0 
max_residual=0.000bps candidates=0 fee_age=1152ms
MICRO HEARTBEAT state=watching symbols=3 signal_source=demo books=3 
demo_books=3 Bquotes=287668 Mdepth=0 Ddepth=25263 above_floor=0 
max_residual=0.000bps candidates=0 fee_age=3173ms
MICRO HEARTBEAT state=watching symbols=3 signal_source=demo books=3 
demo_books=3 Bquotes=287902 Mdepth=0 Ddepth=25288 above_floor=0 
max_residual=0.000bps candidates=0 fee_age=166ms
MICRO HEARTBEAT state=watching symbols=3 signal_source=demo books=3 
demo_books=3 Bquotes=288017 Mdepth=0 Ddepth=25302 above_floor=0 
max_residual=0.000bps candidates=0 fee_age=2180ms
MICRO HEARTBEAT state=watching symbols=3 signal_source=demo books=3 
demo_books=3 Bquotes=288160 Mdepth=0 Ddepth=25315 above_floor=0 
max_residual=0.000bps candidates=0 fee_age=4181ms
MICRO HEARTBEAT state=watching symbols=3 signal_source=demo books=3 
demo_books=3 Bquotes=288331 Mdepth=0 Ddepth=25341 above_floor=0 
max_residual=0.000bps candidates=0 fee_age=0ms
MICRO HEARTBEAT state=watching symbols=3 signal_source=demo books=3 
demo_books=3 Bquotes=288411 Mdepth=0 Ddepth=25357 above_floor=0 
max_residual=0.000bps candidates=0 fee_age=2048ms
MICRO HEARTBEAT state=watching symbols=3 signal_source=demo books=3 
demo_books=3 Bquotes=288526 Mdepth=0 Ddepth=25376 above_floor=0 
max_residual=0.000bps candidates=0 fee_age=333ms
MICRO HEARTBEAT state=watching symbols=3 signal_source=demo books=3 
demo_books=3 Bquotes=288649 Mdepth=0 Ddepth=25395 above_floor=0 
max_residual=0.000bps candidates=0 fee_age=2368ms
MICRO HEARTBEAT state=watching symbols=3 signal_source=demo books=3 
demo_books=3 Bquotes=288896 Mdepth=0 Ddepth=25412 above_floor=0 
max_residual=0.000bps candidates=0 fee_age=0ms
MICRO HEARTBEAT state=watching symbols=3 signal_source=demo books=3 
demo_books=3 Bquotes=288970 Mdepth=0 Ddepth=25435 above_floor=0 
max_residual=0.000bps candidates=0 fee_age=2026ms
MICRO HEARTBEAT state=watching symbols=3 signal_source=demo books=3 
demo_books=3 Bquotes=289063 Mdepth=0 Ddepth=25451 above_floor=0 
max_residual=0.000bps candidates=0 fee_age=4027ms
MICRO HEARTBEAT state=watching symbols=3 signal_source=demo books=3 
demo_books=3 Bquotes=289221 Mdepth=0 Ddepth=25470 above_floor=0 
max_residual=0.000bps candidates=0 fee_age=920ms
MICRO SIGNAL LINK_USDT LONG residual=+2.115bps threshold=1.258 spread=1.058 
net=+0.857 B100=+2.115 M100=+0.000 Bage=2ms Mage=418ms DemoCross=5.0bps
DEMO ENTRY LINK_USDT LONG qty=1057 LIVEEntry=9.455 residual=+2.115 
notional=9993.93USDT leverage=200x requested_margin=50.0000USDT 
strategy_equity=0.0100USDT sizing=TARGET_NOTIONAL spread=1.058 
DemoFeeReported=1.99879 signal_to_visible=PENDING IOCconfirm=621.2ms 
reconcile=ASYNC
DEMO POSITION VISIBLE LINK_USDT signal_to_visible=948.1ms
MICRO POSITION LINK_USDT mark=-1.058bps MFE=+0.000 MAE=-1.058 
DemoNetMark=-5.054363USDT DemoNet=-5.057bps DemoMFE=+0.000 DemoMAE=-5.057 
TRAIL=OFF residual=+0.000bps B100=+0.000
MICRO POSITION LINK_USDT mark=-1.058bps MFE=+0.000 MAE=-1.058 
DemoNetMark=-5.054363USDT DemoNet=-5.057bps DemoMFE=+0.000 DemoMAE=-5.057 
TRAIL=OFF residual=+0.000bps B100=+0.000
MICRO EXIT LINK_USDT reason=binance_target_caught LIVEpnl=+3.171000USDT 
move=+3.173bps MFE=+3.173 MAE=-1.058 hold=4128ms DemoExit=9.458 
DemoGross=+3.171000 DemoNet=-0.827200 DemoFee=1.99941
MICRO HEARTBEAT state=watching symbols=3 signal_source=demo books=3 
demo_books=3 Bquotes=289795 Mdepth=0 Ddepth=25529 above_floor=0 
max_residual=0.000bps candidates=0 fee_age=2082ms
MICRO HEARTBEAT state=watching symbols=3 signal_source=demo books=3 
demo_books=3 Bquotes=289909 Mdepth=0 Ddepth=25546 above_floor=0 
max_residual=0.000bps candidates=0 fee_age=4087ms
MICRO HEARTBEAT state=watching symbols=3 signal_source=demo books=3 
demo_books=3 Bquotes=290091 Mdepth=0 Ddepth=25564 above_floor=0 
max_residual=0.000bps candidates=0 fee_age=983ms
MICRO HEARTBEAT state=watching symbols=3 signal_source=demo books=3 
demo_books=3 Bquotes=290203 Mdepth=0 Ddepth=25581 above_floor=0 
max_residual=0.000bps candidates=0 fee_age=2989ms
MICRO HEARTBEAT state=watching symbols=3 signal_source=demo books=3 
demo_books=3 Bquotes=290383 Mdepth=0 Ddepth=25581 above_floor=0 
max_residual=0.000bps candidates=0 fee_age=57ms
MICRO HEARTBEAT state=watching symbols=3 signal_source=demo books=3 
demo_books=3 Bquotes=290501 Mdepth=0 Ddepth=25581 above_floor=0 
max_residual=0.000bps candidates=0 fee_age=2086ms
MICRO HEARTBEAT state=watching symbols=3 signal_source=demo books=3 
demo_books=3 Bquotes=290639 Mdepth=0 Ddepth=25597 above_floor=0 
max_residual=0.000bps candidates=0 fee_age=4096ms
MICRO HEARTBEAT state=watching symbols=3 signal_source=demo books=3 
demo_books=3 Bquotes=290753 Mdepth=0 Ddepth=25607 above_floor=0 
max_residual=0.000bps candidates=0 fee_age=1055ms
MICRO HEARTBEAT state=watching symbols=3 signal_source=demo books=3 
demo_books=3 Bquotes=290916 Mdepth=0 Ddepth=25607 above_floor=0 
max_residual=0.000bps candidates=0 fee_age=3104ms
MICRO HEARTBEAT state=watching symbols=3 signal_source=demo books=3 
demo_books=3 Bquotes=291104 Mdepth=0 Ddepth=25622 above_floor=0 
max_residual=0.000bps candidates=0 fee_age=135ms
MICRO HEARTBEAT state=watching symbols=3 signal_source=demo books=3 
demo_books=3 Bquotes=291142 Mdepth=0 Ddepth=25622 above_floor=0 
max_residual=0.000bps candidates=0 fee_age=2172ms
MICRO HEARTBEAT state=watching symbols=3 signal_source=demo books=3 
demo_books=3 Bquotes=291205 Mdepth=0 Ddepth=25622 above_floor=0 
max_residual=0.000bps candidates=0 fee_age=4210ms
MICRO HEARTBEAT state=watching symbols=3 signal_source=demo books=3 
demo_books=3 Bquotes=291319 Mdepth=0 Ddepth=25641 above_floor=1 
max_residual=2.114bps candidates=1 fee_age=1177ms
MICRO HEARTBEAT state=watching symbols=3 signal_source=demo books=3 
demo_books=3 Bquotes=291783 Mdepth=0 Ddepth=25646 above_floor=0 
max_residual=0.999bps candidates=0 fee_age=3177ms
MICRO HEARTBEAT state=watching symbols=3 signal_source=demo books=3 
demo_books=3 Bquotes=292127 Mdepth=0 Ddepth=25646 above_floor=0 
max_residual=0.000bps candidates=0 fee_age=146ms
MICRO SIGNAL XRP_USDT SHORT residual=-1.997bps threshold=1.198 spread=0.998 
net=+0.799 B100=-1.997 M100=+0.000 Bage=1ms Mage=51ms DemoCross=5.0bps
DEMO ENTRY XRP_USDT SHORT qty=9991 LIVEEntry=1.0015 residual=-1.997 
notional=10006USDT leverage=200x requested_margin=50.0000USDT 
strategy_equity=0.0100USDT sizing=TARGET_NOTIONAL spread=0.998 
DemoFeeReported=2.0012 signal_to_visible=PENDING IOCconfirm=977.1ms 
reconcile=ASYNC
MICRO POSITION XRP_USDT mark=-0.999bps MFE=+0.000 MAE=-0.999 
DemoNetMark=-5.001694USDT DemoNet=-4.999bps DemoMFE=+0.000 DemoMAE=-4.999 
TRAIL=OFF residual=+0.000bps B100=+0.000
DEMO POSITION VISIBLE XRP_USDT signal_to_visible=1328.2ms
MICRO POSITION XRP_USDT mark=-0.999bps MFE=+0.000 MAE=-0.999 
DemoNetMark=-5.001694USDT DemoNet=-4.999bps DemoMFE=+0.000 DemoMAE=-4.999 
TRAIL=OFF residual=+0.000bps B100=+0.000
MICRO POSITION XRP_USDT mark=-0.999bps MFE=+0.000 MAE=-0.999 
DemoNetMark=-5.001694USDT DemoNet=-4.999bps DemoMFE=+0.000 DemoMAE=-4.999 
TRAIL=OFF residual=+0.000bps B100=+0.000
MICRO EXIT XRP_USDT reason=binance_target_caught LIVEpnl=+1.998200USDT 
move=+1.997bps MFE=+1.997 MAE=-0.999 hold=6583ms DemoExit=1.0013 
DemoGross=+1.998200 DemoNet=-2.003700 DemoFee=2.0007
MICRO HEARTBEAT state=watching symbols=3 signal_source=demo books=3 
demo_books=3 Bquotes=293015 Mdepth=0 Ddepth=25697 above_floor=0 
max_residual=0.000bps candidates=0 fee_age=0ms
MICRO HEARTBEAT state=watching symbols=3 signal_source=demo books=3 
demo_books=3 Bquotes=293094 Mdepth=0 Ddepth=25697 above_floor=0 
max_residual=0.000bps candidates=0 fee_age=1320ms
MICRO HEARTBEAT state=watching symbols=3 signal_source=demo books=3 
demo_books=3 Bquotes=293151 Mdepth=0 Ddepth=25697 above_floor=0 
max_residual=0.000bps candidates=0 fee_age=3358ms
MICRO HEARTBEAT state=watching symbols=3 signal_source=demo books=3 
demo_books=3 Bquotes=293223 Mdepth=0 Ddepth=25712 above_floor=0 
max_residual=0.000bps candidates=0 fee_age=311ms
MICRO SIGNAL LINK_USDT SHORT residual=-2.114bps threshold=1.257 spread=1.057 
net=+0.857 B100=-2.114 M100=+0.000 Bage=2ms Mage=991ms DemoCross=5.0bps
MICRO HEARTBEAT state=watching symbols=3 signal_source=demo books=3 
demo_books=3 Bquotes=294464 Mdepth=0 Ddepth=25740 above_floor=0 
max_residual=0.000bps candidates=0 fee_age=0ms
MICRO HEARTBEAT state=watching symbols=3 signal_source=demo books=3 
demo_books=3 Bquotes=294602 Mdepth=0 Ddepth=25748 above_floor=0 
max_residual=0.000bps candidates=0 fee_age=1375ms
MICRO HEARTBEAT state=watching symbols=3 signal_source=demo books=3 
demo_books=3 Bquotes=294664 Mdepth=0 Ddepth=25748 above_floor=0 
max_residual=0.000bps candidates=0 fee_age=3380ms
MICRO HEARTBEAT state=watching symbols=3 signal_source=demo books=3 
demo_books=3 Bquotes=294716 Mdepth=0 Ddepth=25748 above_floor=0 
max_residual=0.000bps candidates=0 fee_age=327ms
MICRO SIGNAL LINK_USDT LONG residual=+2.119bps threshold=1.259 spread=1.059 
net=+0.859 B100=+2.119 M100=+0.000 Bage=1ms Mage=285ms DemoCross=5.0bps
DEMO ENTRY LINK_USDT LONG qty=1058.7 LIVEEntry=9.44 residual=+2.119 
notional=9994.13USDT leverage=200x requested_margin=50.0000USDT 
strategy_equity=0.0100USDT sizing=TARGET_NOTIONAL spread=1.059 
DemoFeeReported=1.99883 signal_to_visible=PENDING IOCconfirm=1016.8ms 
reconcile=ASYNC
MICRO POSITION LINK_USDT mark=-1.059bps MFE=+0.000 MAE=-1.059 
DemoNetMark=-5.056139USDT DemoNet=-5.059bps DemoMFE=+0.000 DemoMAE=-5.059 
TRAIL=OFF residual=-1.059bps B100=-1.059
DEMO POSITION VISIBLE LINK_USDT signal_to_visible=1341.3ms
MICRO POSITION LINK_USDT mark=-1.059bps MFE=+0.000 MAE=-1.059 
DemoNetMark=-5.056139USDT DemoNet=-5.059bps DemoMFE=+0.000 DemoMAE=-5.059 
TRAIL=OFF residual=+0.000bps B100=+0.000
MICRO POSITION LINK_USDT mark=-1.059bps MFE=+0.000 MAE=-1.059 
DemoNetMark=-5.056139USDT DemoNet=-5.059bps DemoMFE=+0.000 DemoMAE=-5.059 
TRAIL=OFF residual=+0.000bps B100=+0.000
MICRO EXIT LINK_USDT reason=binance_target_caught LIVEpnl=+6.352200USDT 
move=+6.356bps MFE=+6.356 MAE=-1.059 hold=6937ms DemoExit=9.446 
DemoGross=+6.352200 DemoNet=+2.353300 DemoFee=2.00007
MICRO HEARTBEAT state=watching symbols=3 signal_source=demo books=3 
demo_books=3 Bquotes=296132 Mdepth=0 Ddepth=25814 above_floor=0 
max_residual=0.000bps candidates=0 fee_age=0ms
MICRO SIGNAL LINK_USDT SHORT residual=-2.115bps threshold=1.257 spread=1.057 
net=+0.857 B100=-2.115 M100=+0.000 Bage=1ms Mage=425ms DemoCross=5.0bps
MICRO HEARTBEAT state=watching symbols=3 signal_source=demo books=3 
demo_books=3 Bquotes=297115 Mdepth=0 Ddepth=25854 above_floor=0 
max_residual=0.000bps candidates=0 fee_age=0ms
MICRO HEARTBEAT state=watching symbols=3 signal_source=demo books=3 
demo_books=3 Bquotes=297182 Mdepth=0 Ddepth=25869 above_floor=0 
max_residual=0.000bps candidates=0 fee_age=1348ms
MICRO HEARTBEAT state=watching symbols=3 signal_source=demo books=3 
demo_books=3 Bquotes=297254 Mdepth=0 Ddepth=25882 above_floor=0 
max_residual=0.000bps candidates=0 fee_age=3353ms
MICRO HEARTBEAT state=watching symbols=3 signal_source=demo books=3 
demo_books=3 Bquotes=297524 Mdepth=0 Ddepth=25882 above_floor=0 
max_residual=0.000bps candidates=0 fee_age=379ms
MICRO HEARTBEAT state=watching symbols=3 signal_source=demo books=3 
demo_books=3 Bquotes=297622 Mdepth=0 Ddepth=25906 above_floor=0 
max_residual=0.000bps candidates=0 fee_age=2396ms
MICRO HEARTBEAT state=watching symbols=3 signal_source=demo books=3 
demo_books=3 Bquotes=297747 Mdepth=0 Ddepth=25931 above_floor=0 
max_residual=0.000bps candidates=0 fee_age=0ms
MICRO HEARTBEAT state=watching symbols=3 signal_source=demo books=3 
demo_books=3 Bquotes=297851 Mdepth=0 Ddepth=25942 above_floor=0 
max_residual=0.000bps candidates=0 fee_age=2003ms
MICRO HEARTBEAT state=watching symbols=3 signal_source=demo books=3 
demo_books=3 Bquotes=298163 Mdepth=0 Ddepth=25960 above_floor=0 
max_residual=0.000bps candidates=0 fee_age=4003ms
MICRO HEARTBEAT state=watching symbols=3 signal_source=demo books=3 
demo_books=3 Bquotes=298244 Mdepth=0 Ddepth=25982 above_floor=0 
max_residual=0.000bps candidates=0 fee_age=1026ms
MICRO HEARTBEAT state=watching symbols=3 signal_source=demo books=3 
demo_books=3 Bquotes=298281 Mdepth=0 Ddepth=26003 above_floor=0 
max_residual=0.000bps candidates=0 fee_age=3067ms
MICRO HEARTBEAT state=watching symbols=3 signal_source=demo books=3 
demo_books=3 Bquotes=298347 Mdepth=0 Ddepth=26022 above_floor=0 
max_residual=0.000bps candidates=0 fee_age=5ms
MICRO HEARTBEAT state=watching symbols=3 signal_source=demo books=3 
demo_books=3 Bquotes=298462 Mdepth=0 Ddepth=26053 above_floor=1 
max_residual=1.057bps candidates=0 fee_age=2022ms
MICRO HEARTBEAT state=watching symbols=3 signal_source=demo books=3 
demo_books=3 Bquotes=298517 Mdepth=0 Ddepth=26069 above_floor=0 
max_residual=0.000bps candidates=0 fee_age=4034ms
MICRO HEARTBEAT state=watching symbols=3 signal_source=demo books=3 
demo_books=3 Bquotes=298570 Mdepth=0 Ddepth=26089 above_floor=0 
max_residual=0.000bps candidates=0 fee_age=928ms
MICRO HEARTBEAT state=watching symbols=3 signal_source=demo books=3 
demo_books=3 Bquotes=298665 Mdepth=0 Ddepth=26109 above_floor=0 
max_residual=0.000bps candidates=0 fee_age=2964ms
MICRO HEARTBEAT state=watching symbols=3 signal_source=demo books=3 
demo_books=3 Bquotes=298965 Mdepth=0 Ddepth=26126 above_floor=0 
max_residual=0.000bps candidates=0 fee_age=0ms
MICRO SIGNAL LINK_USDT LONG residual=+2.114bps threshold=1.257 spread=1.057 
net=+0.857 B100=+2.114 M100=+0.000 Bage=1ms Mage=472ms DemoCross=5.0bps
DEMO ENTRY LINK_USDT LONG qty=1056.6 LIVEEntry=9.459 residual=+2.114 
notional=9994.38USDT leverage=200x requested_margin=50.0000USDT 
strategy_equity=2.3633USDT sizing=TARGET_NOTIONAL spread=1.057 
DemoFeeReported=1.99888 signal_to_visible=PENDING IOCconfirm=639.4ms 
reconcile=ASYNC
MICRO POSITION LINK_USDT mark=-1.057bps MFE=+0.000 MAE=-1.057 
DemoNetMark=-5.054140USDT DemoNet=-5.057bps DemoMFE=+0.000 DemoMAE=-5.057 
TRAIL=OFF residual=+0.000bps B100=+0.000
DEMO POSITION VISIBLE LINK_USDT signal_to_visible=1049.4ms
MICRO POSITION LINK_USDT mark=-1.057bps MFE=+0.000 MAE=-1.057 
DemoNetMark=-5.054140USDT DemoNet=-5.057bps DemoMFE=+0.000 DemoMAE=-5.057 
TRAIL=OFF residual=+1.057bps B100=+1.057
MICRO POSITION LINK_USDT mark=-1.057bps MFE=+0.000 MAE=-1.057 
DemoNetMark=-5.054140USDT DemoNet=-5.057bps DemoMFE=+0.000 DemoMAE=-5.057 
TRAIL=OFF residual=+0.000bps B100=+0.000
MICRO EXIT LINK_USDT reason=binance_target_caught LIVEpnl=+2.113200USDT 
move=+2.114bps MFE=+2.114 MAE=-1.057 hold=4785ms DemoExit=9.461 
DemoGross=+2.113200 DemoNet=-1.884900 DemoFee=1.99922
MICRO HEARTBEAT state=watching symbols=3 signal_source=demo books=3 
demo_books=3 Bquotes=299673 Mdepth=0 Ddepth=26212 above_floor=0 
max_residual=0.000bps candidates=0 fee_age=3233ms
MICRO HEARTBEAT state=watching symbols=3 signal_source=demo books=3 
demo_books=3 Bquotes=299832 Mdepth=0 Ddepth=26226 above_floor=0 
max_residual=0.000bps candidates=0 fee_age=219ms
MICRO HEARTBEAT state=watching symbols=3 signal_source=demo books=3 
demo_books=3 Bquotes=299915 Mdepth=0 Ddepth=26249 above_floor=0 
max_residual=0.000bps candidates=0 fee_age=2251ms
MICRO HEARTBEAT state=watching symbols=3 signal_source=demo books=3 
demo_books=3 Bquotes=300128 Mdepth=0 Ddepth=26268 above_floor=0 
max_residual=0.000bps candidates=0 fee_age=4285ms
MICRO HEARTBEAT state=watching symbols=3 signal_source=demo books=3 
demo_books=3 Bquotes=300293 Mdepth=0 Ddepth=26283 above_floor=0 
max_residual=0.000bps candidates=0 fee_age=1235ms
MICRO HEARTBEAT state=watching symbols=3 signal_source=demo books=3 
demo_books=3 Bquotes=300384 Mdepth=0 Ddepth=26307 above_floor=0 
max_residual=0.000bps candidates=0 fee_age=3280ms
MICRO HEARTBEAT state=watching symbols=3 signal_source=demo books=3 
demo_books=3 Bquotes=300532 Mdepth=0 Ddepth=26326 above_floor=0 
max_residual=0.000bps candidates=0 fee_age=433ms
MICRO HEARTBEAT state=watching symbols=3 signal_source=demo books=3 
demo_books=3 Bquotes=300597 Mdepth=0 Ddepth=26347 above_floor=0 
max_residual=0.000bps candidates=0 fee_age=2484ms
MICRO HEARTBEAT state=watching symbols=3 signal_source=demo books=3 
demo_books=3 Bquotes=300776 Mdepth=0 Ddepth=26372 above_floor=0 
max_residual=0.000bps candidates=0 fee_age=1ms
MICRO HEARTBEAT state=watching symbols=3 signal_source=demo books=3 
demo_books=3 Bquotes=301014 Mdepth=0 Ddepth=26390 above_floor=0 
max_residual=0.000bps candidates=0 fee_age=2003ms
MICRO HEARTBEAT state=watching symbols=3 signal_source=demo books=3 
demo_books=3 Bquotes=301105 Mdepth=0 Ddepth=26414 above_floor=0 
max_residual=0.000bps candidates=0 fee_age=4055ms
MICRO HEARTBEAT state=watching symbols=3 signal_source=demo books=3 
demo_books=3 Bquotes=301187 Mdepth=0 Ddepth=26430 above_floor=0 
max_residual=0.000bps candidates=0 fee_age=1013ms
MICRO HEARTBEAT state=watching symbols=3 signal_source=demo books=3 
demo_books=3 Bquotes=301352 Mdepth=0 Ddepth=26451 above_floor=0 
max_residual=0.000bps candidates=0 fee_age=3014ms
MICRO HEARTBEAT state=watching symbols=3 signal_source=demo books=3 
demo_books=3 Bquotes=301547 Mdepth=0 Ddepth=26472 above_floor=0 
max_residual=0.000bps candidates=0 fee_age=1ms
MICRO HEARTBEAT state=watching symbols=3 signal_source=demo books=3 
demo_books=3 Bquotes=301656 Mdepth=0 Ddepth=26489 above_floor=0 
max_residual=0.000bps candidates=0 fee_age=2014ms
MICRO HEARTBEAT state=watching symbols=3 signal_source=demo books=3 
demo_books=3 Bquotes=301844 Mdepth=0 Ddepth=26516 above_floor=0 
max_residual=0.000bps candidates=0 fee_age=4018ms
MICRO SIGNAL LINK_USDT SHORT residual=-2.111bps threshold=1.256 spread=1.056 
net=+0.855 B100=-2.111 M100=+0.000 Bage=2ms Mage=1422ms DemoCross=5.0bps
MICRO HEARTBEAT state=watching symbols=3 signal_source=demo books=3 
demo_books=3 Bquotes=302802 Mdepth=0 Ddepth=26625 above_floor=0 
max_residual=0.000bps candidates=0 fee_age=0ms
MICRO HEARTBEAT state=watching symbols=3 signal_source=demo books=3 
demo_books=3 Bquotes=302866 Mdepth=0 Ddepth=26634 above_floor=0 
max_residual=0.000bps candidates=0 fee_age=1331ms
MICRO HEARTBEAT state=watching symbols=3 signal_source=demo books=3 
demo_books=3 Bquotes=302989 Mdepth=0 Ddepth=26649 above_floor=0 
max_residual=0.000bps candidates=0 fee_age=3343ms
MICRO HEARTBEAT state=watching symbols=3 signal_source=demo books=3 
demo_books=3 Bquotes=303290 Mdepth=0 Ddepth=26671 above_floor=0 
max_residual=0.000bps candidates=0 fee_age=391ms
MICRO HEARTBEAT state=watching symbols=3 signal_source=demo books=3 
demo_books=3 Bquotes=303382 Mdepth=0 Ddepth=26684 above_floor=0 
max_residual=0.000bps candidates=0 fee_age=2436ms
MICRO HEARTBEAT state=watching symbols=3 signal_source=demo books=3 
demo_books=3 Bquotes=303537 Mdepth=0 Ddepth=26710 above_floor=0 
max_residual=0.000bps candidates=0 fee_age=0ms
MICRO HEARTBEAT state=watching symbols=3 signal_source=demo books=3 
demo_books=3 Bquotes=303635 Mdepth=0 Ddepth=26729 above_floor=0 
max_residual=0.000bps candidates=0 fee_age=2014ms
MICRO HEARTBEAT state=watching symbols=3 signal_source=demo books=3 
demo_books=3 Bquotes=303966 Mdepth=0 Ddepth=26742 above_floor=0 
max_residual=0.000bps candidates=0 fee_age=4045ms
MICRO HEARTBEAT state=watching symbols=3 signal_source=demo books=3 
demo_books=3 Bquotes=304044 Mdepth=0 Ddepth=26764 above_floor=0 
max_residual=0.000bps candidates=0 fee_age=1088ms
MICRO HEARTBEAT state=watching symbols=3 signal_source=demo books=3 
demo_books=3 Bquotes=304174 Mdepth=0 Ddepth=26779 above_floor=0 
max_residual=0.000bps candidates=0 fee_age=3096ms
MICRO HEARTBEAT state=watching symbols=3 signal_source=demo books=3 
demo_books=3 Bquotes=304265 Mdepth=0 Ddepth=26797 above_floor=0 
max_residual=0.000bps candidates=0 fee_age=68ms
MICRO HEARTBEAT state=watching symbols=3 signal_source=demo books=3 
demo_books=3 Bquotes=304402 Mdepth=0 Ddepth=26815 above_floor=0 
max_residual=0.000bps candidates=0 fee_age=2068ms
MICRO HEARTBEAT state=watching symbols=3 signal_source=demo books=3 
demo_books=3 Bquotes=304684 Mdepth=0 Ddepth=26831 above_floor=0 
max_residual=0.000bps candidates=0 fee_age=4106ms
MICRO HEARTBEAT state=watching symbols=3 signal_source=demo books=3 
demo_books=3 Bquotes=304791 Mdepth=0 Ddepth=26856 above_floor=0 
max_residual=0.000bps candidates=0 fee_age=1093ms
MICRO HEARTBEAT state=watching symbols=3 signal_source=demo books=3 
demo_books=3 Bquotes=304877 Mdepth=0 Ddepth=26871 above_floor=0 
max_residual=0.000bps candidates=0 fee_age=3114ms
MICRO HEARTBEAT state=watching symbols=3 signal_source=demo books=3 
demo_books=3 Bquotes=305067 Mdepth=0 Ddepth=26890 above_floor=0 
max_residual=0.000bps candidates=0 fee_age=71ms
MICRO HEARTBEAT state=watching symbols=3 signal_source=demo books=3 
demo_books=3 Bquotes=305145 Mdepth=0 Ddepth=26909 above_floor=0 
max_residual=0.000bps candidates=0 fee_age=2102ms
MICRO HEARTBEAT state=watching symbols=3 signal_source=demo books=3 
demo_books=3 Bquotes=305372 Mdepth=0 Ddepth=26924 above_floor=0 
max_residual=0.000bps candidates=0 fee_age=4159ms
MICRO HEARTBEAT state=watching symbols=3 signal_source=demo books=3 
demo_books=3 Bquotes=305497 Mdepth=0 Ddepth=26946 above_floor=0 
max_residual=0.000bps candidates=0 fee_age=1189ms
MICRO HEARTBEAT state=watching symbols=3 signal_source=demo books=3 
demo_books=3 Bquotes=305598 Mdepth=0 Ddepth=26966 above_floor=0 
max_residual=0.000bps candidates=0 fee_age=3206ms
MICRO HEARTBEAT state=watching symbols=3 signal_source=demo books=3 
demo_books=3 Bquotes=305658 Mdepth=0 Ddepth=26982 above_floor=0 
max_residual=0.000bps candidates=0 fee_age=267ms
MICRO HEARTBEAT state=watching symbols=3 signal_source=demo books=3 
demo_books=3 Bquotes=305763 Mdepth=0 Ddepth=27008 above_floor=0 
max_residual=0.000bps candidates=0 fee_age=2267ms
MICRO HEARTBEAT state=watching symbols=3 signal_source=demo books=3 
demo_books=3 Bquotes=306195 Mdepth=0 Ddepth=27022 above_floor=0 
max_residual=0.000bps candidates=0 fee_age=4277ms
MICRO HEARTBEAT state=watching symbols=3 signal_source=demo books=3 
demo_books=3 Bquotes=306317 Mdepth=0 Ddepth=27040 above_floor=0 
max_residual=0.000bps candidates=0 fee_age=1289ms
MICRO HEARTBEAT state=watching symbols=3 signal_source=demo books=3 
demo_books=3 Bquotes=306440 Mdepth=0 Ddepth=27059 above_floor=0 
max_residual=0.000bps candidates=0 fee_age=3302ms
MICRO HEARTBEAT state=watching symbols=3 signal_source=demo books=3 
demo_books=3 Bquotes=306573 Mdepth=0 Ddepth=27071 above_floor=0 
max_residual=0.000bps candidates=0 fee_age=0ms
MICRO HEARTBEAT state=watching symbols=3 signal_source=demo books=3 
demo_books=3 Bquotes=306711 Mdepth=0 Ddepth=27093 above_floor=0 
max_residual=0.000bps candidates=0 fee_age=2000ms
MICRO HEARTBEAT state=watching symbols=3 signal_source=demo books=3 
demo_books=3 Bquotes=307197 Mdepth=0 Ddepth=27111 above_floor=0 
max_residual=0.000bps candidates=0 fee_age=0ms
MICRO HEARTBEAT state=watching symbols=3 signal_source=demo books=3 
demo_books=3 Bquotes=307272 Mdepth=0 Ddepth=27133 above_floor=0 
max_residual=0.000bps candidates=0 fee_age=2008ms
MICRO HEARTBEAT state=watching symbols=3 signal_source=demo books=3 
demo_books=3 Bquotes=307330 Mdepth=0 Ddepth=27152 above_floor=0 
max_residual=0.000bps candidates=0 fee_age=1ms
MICRO HEARTBEAT state=watching symbols=3 signal_source=demo books=3 
demo_books=3 Bquotes=307461 Mdepth=0 Ddepth=27168 above_floor=1 
max_residual=2.110bps candidates=1 fee_age=2012ms
MICRO SIGNAL LINK_USDT LONG residual=+2.110bps threshold=1.255 spread=1.055 
net=+0.855 B100=+2.110 M100=+0.000 Bage=1ms Mage=1503ms DemoCross=5.0bps
DEMO ENTRY LINK_USDT LONG qty=1054.5 LIVEEntry=9.478 residual=+2.110 
notional=9994.55USDT leverage=200x requested_margin=50.0000USDT 
strategy_equity=0.4784USDT sizing=TARGET_NOTIONAL spread=1.055 
DemoFeeReported=1.99891 signal_to_visible=PENDING IOCconfirm=616.0ms 
reconcile=ASYNC
MICRO POSITION LINK_USDT mark=-1.055bps MFE=+0.000 MAE=-1.055 
DemoNetMark=-5.052109USDT DemoNet=-5.055bps DemoMFE=+0.000 DemoMAE=-5.055 
TRAIL=OFF residual=+0.000bps B100=+0.000
DEMO POSITION VISIBLE LINK_USDT signal_to_visible=1341.6ms
MICRO POSITION LINK_USDT mark=-1.055bps MFE=+0.000 MAE=-1.055 
DemoNetMark=-5.052109USDT DemoNet=-5.055bps DemoMFE=+0.000 DemoMAE=-5.055 
TRAIL=OFF residual=+0.000bps B100=+0.000
MICRO POSITION LINK_USDT mark=+0.000bps MFE=+0.000 MAE=-1.055 
DemoNetMark=-3.997820USDT DemoNet=-4.000bps DemoMFE=+0.000 DemoMAE=-5.055 
TRAIL=OFF residual=+0.000bps B100=+0.000
MICRO POSITION LINK_USDT mark=+0.000bps MFE=+0.000 MAE=-1.055 
DemoNetMark=-3.997820USDT DemoNet=-4.000bps DemoMFE=+0.000 DemoMAE=-5.055 
TRAIL=OFF residual=+0.000bps B100=+0.000
MICRO POSITION LINK_USDT mark=+1.055bps MFE=+1.055 MAE=-1.055 
DemoNetMark=-2.943531USDT DemoNet=-2.945bps DemoMFE=+0.000 DemoMAE=-5.055 
TRAIL=OFF residual=+0.000bps B100=+0.000
MICRO POSITION LINK_USDT mark=+1.055bps MFE=+1.055 MAE=-1.055 
DemoNetMark=-2.943531USDT DemoNet=-2.945bps DemoMFE=+0.000 DemoMAE=-5.055 
TRAIL=OFF residual=+0.000bps B100=+0.000
MICRO POSITION LINK_USDT mark=+1.055bps MFE=+1.055 MAE=-1.055 
DemoNetMark=-2.943531USDT DemoNet=-2.945bps DemoMFE=+0.000 DemoMAE=-5.055 
TRAIL=OFF residual=+0.000bps B100=+0.000
MICRO POSITION LINK_USDT mark=+1.055bps MFE=+1.055 MAE=-1.055 
DemoNetMark=-2.943531USDT DemoNet=-2.945bps DemoMFE=+0.000 DemoMAE=-5.055 
TRAIL=OFF residual=+0.000bps B100=+0.000
MICRO POSITION LINK_USDT mark=+1.055bps MFE=+1.055 MAE=-1.055 
DemoNetMark=-2.943531USDT DemoNet=-2.945bps DemoMFE=+0.000 DemoMAE=-5.055 
TRAIL=OFF residual=+0.000bps B100=+0.000
MICRO POSITION LINK_USDT mark=+1.055bps MFE=+1.055 MAE=-1.055 
DemoNetMark=-2.943531USDT DemoNet=-2.945bps DemoMFE=+0.000 DemoMAE=-5.055 
TRAIL=OFF residual=+0.000bps B100=+0.000
MICRO POSITION LINK_USDT mark=-1.055bps MFE=+1.055 MAE=-1.055 
DemoNetMark=-5.052109USDT DemoNet=-5.055bps DemoMFE=+0.000 DemoMAE=-5.055 
TRAIL=OFF residual=+0.000bps B100=+0.000
MICRO POSITION LINK_USDT mark=-1.055bps MFE=+1.055 MAE=-1.055 
DemoNetMark=-5.052109USDT DemoNet=-5.055bps DemoMFE=+0.000 DemoMAE=-5.055 
TRAIL=OFF residual=+0.000bps B100=+0.000
MICRO POSITION LINK_USDT mark=-1.055bps MFE=+1.055 MAE=-1.055 
DemoNetMark=-5.052109USDT DemoNet=-5.055bps DemoMFE=+0.000 DemoMAE=-5.055 
TRAIL=OFF residual=+0.000bps B100=+0.000
MICRO POSITION LINK_USDT mark=-1.055bps MFE=+1.055 MAE=-1.055 
DemoNetMark=-5.052109USDT DemoNet=-5.055bps DemoMFE=+0.000 DemoMAE=-5.055 
TRAIL=OFF residual=+0.000bps B100=+0.000
MICRO POSITION LINK_USDT mark=-1.055bps MFE=+1.055 MAE=-1.055 
DemoNetMark=-5.052109USDT DemoNet=-5.055bps DemoMFE=+0.000 DemoMAE=-5.055 
TRAIL=OFF residual=+0.000bps B100=+0.000
MICRO POSITION LINK_USDT mark=-1.055bps MFE=+1.055 MAE=-1.055 
DemoNetMark=-5.052109USDT DemoNet=-5.055bps DemoMFE=+0.000 DemoMAE=-5.055 
TRAIL=OFF residual=+0.000bps B100=+0.000
MICRO POSITION LINK_USDT mark=+0.000bps MFE=+1.055 MAE=-1.055 
DemoNetMark=-3.997820USDT DemoNet=-4.000bps DemoMFE=+0.000 DemoMAE=-5.055 
TRAIL=OFF residual=+0.000bps B100=+0.000
MICRO POSITION LINK_USDT mark=+0.000bps MFE=+1.055 MAE=-1.055 
DemoNetMark=-3.997820USDT DemoNet=-4.000bps DemoMFE=+0.000 DemoMAE=-5.055 
TRAIL=OFF residual=+0.000bps B100=+0.000
MICRO POSITION LINK_USDT mark=+0.000bps MFE=+1.055 MAE=-1.055 
DemoNetMark=-3.997820USDT DemoNet=-4.000bps DemoMFE=+0.000 DemoMAE=-5.055 
TRAIL=OFF residual=+0.000bps B100=+0.000
MICRO POSITION LINK_USDT mark=+1.055bps MFE=+1.055 MAE=-1.055 
DemoNetMark=-2.943531USDT DemoNet=-2.945bps DemoMFE=+0.000 DemoMAE=-5.055 
TRAIL=OFF residual=+0.000bps B100=+0.000
MICRO POSITION LINK_USDT mark=+1.055bps MFE=+1.055 MAE=-1.055 
DemoNetMark=-2.943531USDT DemoNet=-2.945bps DemoMFE=+0.000 DemoMAE=-5.055 
TRAIL=OFF residual=+0.000bps B100=+0.000
MICRO POSITION LINK_USDT mark=+1.055bps MFE=+1.055 MAE=-1.055 
DemoNetMark=-2.943531USDT DemoNet=-2.945bps DemoMFE=+0.000 DemoMAE=-5.055 
TRAIL=OFF residual=+0.000bps B100=+0.000
MICRO POSITION LINK_USDT mark=+1.055bps MFE=+1.055 MAE=-1.055 
DemoNetMark=-2.943531USDT DemoNet=-2.945bps DemoMFE=+0.000 DemoMAE=-5.055 
TRAIL=OFF residual=+0.000bps B100=+0.000
MICRO EXIT LINK_USDT reason=binance_target_caught LIVEpnl=+3.163500USDT 
move=+3.165bps MFE=+3.165 MAE=-1.055 hold=46683ms DemoExit=9.481 
DemoGross=+3.163500 DemoNet=-0.834900 DemoFee=1.99949
MICRO HEARTBEAT state=watching symbols=3 signal_source=demo books=3 
demo_books=3 Bquotes=310094 Mdepth=0 Ddepth=27432 above_floor=0 
max_residual=0.000bps candidates=0 fee_age=1344ms
MICRO HEARTBEAT state=watching symbols=3 signal_source=demo books=3 
demo_books=3 Bquotes=310208 Mdepth=0 Ddepth=27432 above_floor=0 
max_residual=0.000bps candidates=0 fee_age=3346ms
MICRO HEARTBEAT state=watching symbols=3 signal_source=demo books=3 
demo_books=3 Bquotes=310307 Mdepth=0 Ddepth=27436 above_floor=0 
max_residual=0.000bps candidates=0 fee_age=335ms
MICRO HEARTBEAT state=watching symbols=3 signal_source=demo books=3 
demo_books=3 Bquotes=310417 Mdepth=0 Ddepth=27451 above_floor=0 
max_residual=0.000bps candidates=0 fee_age=2377ms
MICRO HEARTBEAT state=watching symbols=3 signal_source=demo books=3 
demo_books=3 Bquotes=310576 Mdepth=0 Ddepth=27451 above_floor=0 
max_residual=0.000bps candidates=0 fee_age=0ms
MICRO HEARTBEAT state=watching symbols=3 signal_source=demo books=3 
demo_books=3 Bquotes=310641 Mdepth=0 Ddepth=27451 above_floor=0 
max_residual=0.000bps candidates=0 fee_age=1254ms
MICRO HEARTBEAT state=watching symbols=3 signal_source=demo books=3 
demo_books=3 Bquotes=310729 Mdepth=0 Ddepth=27479 above_floor=0 
max_residual=0.000bps candidates=0 fee_age=3274ms
MICRO HEARTBEAT state=watching symbols=3 signal_source=demo books=3 
demo_books=3 Bquotes=310833 Mdepth=0 Ddepth=27497 above_floor=0 
max_residual=0.000bps candidates=0 fee_age=390ms
MICRO HEARTBEAT state=watching symbols=3 signal_source=demo books=3 
demo_books=3 Bquotes=311054 Mdepth=0 Ddepth=27500 above_floor=1 
max_residual=1.055bps candidates=0 fee_age=2399ms
MICRO HEARTBEAT state=watching symbols=3 signal_source=demo books=3 
demo_books=3 Bquotes=311197 Mdepth=0 Ddepth=27518 above_floor=0 
max_residual=0.000bps candidates=0 fee_age=0ms
MICRO HEARTBEAT state=watching symbols=3 signal_source=demo books=3 
demo_books=3 Bquotes=311332 Mdepth=0 Ddepth=27518 above_floor=0 
max_residual=0.000bps candidates=0 fee_age=2034ms
MICRO HEARTBEAT state=watching symbols=3 signal_source=demo books=3 
demo_books=3 Bquotes=311526 Mdepth=0 Ddepth=27518 above_floor=0 
max_residual=0.000bps candidates=0 fee_age=4039ms
MICRO HEARTBEAT state=watching symbols=3 signal_source=demo books=3 
demo_books=3 Bquotes=311606 Mdepth=0 Ddepth=27533 above_floor=0 
max_residual=0.000bps candidates=0 fee_age=1005ms
MICRO HEARTBEAT state=watching symbols=3 signal_source=demo books=3 
demo_books=3 Bquotes=311723 Mdepth=0 Ddepth=27547 above_floor=0 
max_residual=0.000bps candidates=0 fee_age=3019ms
MICRO HEARTBEAT state=watching symbols=3 signal_source=demo books=3 
demo_books=3 Bquotes=311862 Mdepth=0 Ddepth=27547 above_floor=0 
max_residual=0.000bps candidates=0 fee_age=67ms
MICRO HEARTBEAT state=watching symbols=3 signal_source=demo books=3 
demo_books=3 Bquotes=311961 Mdepth=0 Ddepth=27557 above_floor=0 
max_residual=0.000bps candidates=0 fee_age=2073ms
MICRO HEARTBEAT state=watching symbols=3 signal_source=demo books=3 
demo_books=3 Bquotes=312323 Mdepth=0 Ddepth=27564 above_floor=0 
max_residual=0.000bps candidates=0 fee_age=4079ms
MICRO HEARTBEAT state=watching symbols=3 signal_source=demo books=3 
demo_books=3 Bquotes=312437 Mdepth=0 Ddepth=27564 above_floor=0 
max_residual=0.000bps candidates=0 fee_age=1072ms
MICRO HEARTBEAT state=watching symbols=3 signal_source=demo books=3 
demo_books=3 Bquotes=312546 Mdepth=0 Ddepth=27564 above_floor=0 
max_residual=0.000bps candidates=0 fee_age=3104ms
MICRO HEARTBEAT state=watching symbols=3 signal_source=demo books=3 
demo_books=3 Bquotes=312653 Mdepth=0 Ddepth=27592 above_floor=0 
max_residual=0.000bps candidates=0 fee_age=89ms
MICRO HEARTBEAT state=watching symbols=3 signal_source=demo books=3 
demo_books=3 Bquotes=312745 Mdepth=0 Ddepth=27592 above_floor=0 
max_residual=0.000bps candidates=0 fee_age=2114ms
MICRO HEARTBEAT state=watching symbols=3 signal_source=demo books=3 
demo_books=3 Bquotes=312930 Mdepth=0 Ddepth=27592 above_floor=0 
max_residual=0.000bps candidates=0 fee_age=4126ms
MICRO HEARTBEAT state=watching symbols=3 signal_source=demo books=3 
demo_books=3 Bquotes=313060 Mdepth=0 Ddepth=27614 above_floor=0 
max_residual=0.000bps candidates=0 fee_age=1145ms
MICRO HEARTBEAT state=watching symbols=3 signal_source=demo books=3 
demo_books=3 Bquotes=313217 Mdepth=0 Ddepth=27615 above_floor=0 
max_residual=0.000bps candidates=0 fee_age=3163ms
MICRO HEARTBEAT state=watching symbols=3 signal_source=demo books=3 
demo_books=3 Bquotes=313339 Mdepth=0 Ddepth=27615 above_floor=0 
max_residual=0.000bps candidates=0 fee_age=185ms
MICRO HEARTBEAT state=watching symbols=3 signal_source=demo books=3 
demo_books=3 Bquotes=313510 Mdepth=0 Ddepth=27628 above_floor=0 
max_residual=0.000bps candidates=0 fee_age=2186ms
MICRO HEARTBEAT state=watching symbols=3 signal_source=demo books=3 
demo_books=3 Bquotes=313635 Mdepth=0 Ddepth=27654 above_floor=0 
max_residual=0.000bps candidates=0 fee_age=4206ms
MICRO HEARTBEAT state=watching symbols=3 signal_source=demo books=3 
demo_books=3 Bquotes=313768 Mdepth=0 Ddepth=27670 above_floor=0 
max_residual=0.000bps candidates=0 fee_age=1239ms
MICRO HEARTBEAT state=watching symbols=3 signal_source=demo books=3 
demo_books=3 Bquotes=313983 Mdepth=0 Ddepth=27672 above_floor=0 
max_residual=0.000bps candidates=0 fee_age=3256ms
MICRO HEARTBEAT state=watching symbols=3 signal_source=demo books=3 
demo_books=3 Bquotes=314080 Mdepth=0 Ddepth=27693 above_floor=0 
max_residual=0.000bps candidates=0 fee_age=213ms
MICRO HEARTBEAT state=watching symbols=3 signal_source=demo books=3 
demo_books=3 Bquotes=314207 Mdepth=0 Ddepth=27711 above_floor=0 
max_residual=0.000bps candidates=0 fee_age=2219ms
MICRO HEARTBEAT state=watching symbols=3 signal_source=demo books=3 
demo_books=3 Bquotes=314417 Mdepth=0 Ddepth=27720 above_floor=0 
max_residual=0.000bps candidates=0 fee_age=4269ms
MICRO HEARTBEAT state=watching symbols=3 signal_source=demo books=3 
demo_books=3 Bquotes=314509 Mdepth=0 Ddepth=27733 above_floor=0 
max_residual=0.000bps candidates=0 fee_age=1226ms
MICRO HEARTBEAT state=watching symbols=3 signal_source=demo books=3 
demo_books=3 Bquotes=314596 Mdepth=0 Ddepth=27752 above_floor=0 
max_residual=0.000bps candidates=0 fee_age=3277ms
MICRO HEARTBEAT state=watching symbols=3 signal_source=demo books=3 
demo_books=3 Bquotes=314679 Mdepth=0 Ddepth=27771 above_floor=0 
max_residual=0.000bps candidates=0 fee_age=297ms
MICRO HEARTBEAT state=watching symbols=3 signal_source=demo books=3 
demo_books=3 Bquotes=314777 Mdepth=0 Ddepth=27788 above_floor=0 
max_residual=0.000bps candidates=0 fee_age=2313ms
MICRO HEARTBEAT state=watching symbols=3 signal_source=demo books=3 
demo_books=3 Bquotes=314908 Mdepth=0 Ddepth=27815 above_floor=0 
max_residual=0.000bps candidates=0 fee_age=0ms
MICRO HEARTBEAT state=watching symbols=3 signal_source=demo books=3 
demo_books=3 Bquotes=314970 Mdepth=0 Ddepth=27825 above_floor=0 
max_residual=0.000bps candidates=0 fee_age=1337ms
MICRO HEARTBEAT state=watching symbols=3 signal_source=demo books=3 
demo_books=3 Bquotes=315083 Mdepth=0 Ddepth=27842 above_floor=0 
max_residual=0.000bps candidates=0 fee_age=3372ms
MICRO HEARTBEAT state=watching symbols=3 signal_source=demo books=3 
demo_books=3 Bquotes=315197 Mdepth=0 Ddepth=27862 above_floor=0 
max_residual=0.000bps candidates=0 fee_age=378ms
MICRO HEARTBEAT state=watching symbols=3 signal_source=demo books=3 
demo_books=3 Bquotes=315378 Mdepth=0 Ddepth=27874 above_floor=0 
max_residual=0.000bps candidates=0 fee_age=2379ms
MICRO HEARTBEAT state=watching symbols=3 signal_source=demo books=3 
demo_books=3 Bquotes=315559 Mdepth=0 Ddepth=27900 above_floor=0 
max_residual=0.000bps candidates=0 fee_age=0ms
MICRO HEARTBEAT state=watching symbols=3 signal_source=demo books=3 
demo_books=3 Bquotes=315670 Mdepth=0 Ddepth=27918 above_floor=0 
max_residual=0.000bps candidates=0 fee_age=2006ms
MICRO HEARTBEAT state=watching symbols=3 signal_source=demo books=3 
demo_books=3 Bquotes=315783 Mdepth=0 Ddepth=27934 above_floor=0 
max_residual=0.000bps candidates=0 fee_age=4013ms
MICRO SIGNAL LINK_USDT SHORT residual=-2.111bps threshold=1.256 spread=1.056 
net=+0.856 B100=-2.111 M100=+0.000 Bage=1ms Mage=1189ms DemoCross=5.0bps
MICRO HEARTBEAT state=watching symbols=3 signal_source=demo books=3 
demo_books=3 Bquotes=317045 Mdepth=0 Ddepth=28043 above_floor=0 
max_residual=0.000bps candidates=0 fee_age=0ms
MICRO HEARTBEAT state=watching symbols=3 signal_source=demo books=3 
demo_books=3 Bquotes=317142 Mdepth=0 Ddepth=28055 above_floor=0 
max_residual=0.000bps candidates=0 fee_age=1306ms
MICRO HEARTBEAT state=watching symbols=3 signal_source=demo books=3 
demo_books=3 Bquotes=317247 Mdepth=0 Ddepth=28070 above_floor=0 
max_residual=0.000bps candidates=0 fee_age=3325ms
MICRO HEARTBEAT state=watching symbols=3 signal_source=demo books=3 
demo_books=3 Bquotes=317326 Mdepth=0 Ddepth=28093 above_floor=0 
max_residual=0.000bps candidates=0 fee_age=0ms
MICRO HEARTBEAT state=watching symbols=3 signal_source=demo books=3 
demo_books=3 Bquotes=317413 Mdepth=0 Ddepth=28106 above_floor=0 
max_residual=0.000bps candidates=0 fee_age=2005ms
MICRO HEARTBEAT state=watching symbols=3 signal_source=demo books=3 
demo_books=3 Bquotes=317552 Mdepth=0 Ddepth=28129 above_floor=0 
max_residual=0.000bps candidates=0 fee_age=1ms
MICRO SIGNAL LINK_USDT LONG residual=+1.584bps threshold=1.256 spread=1.056 
net=+0.328 B100=+1.584 M100=+0.000 Bage=2ms Mage=1655ms DemoCross=5.0bps
MICRO HEARTBEAT state=watching symbols=3 signal_source=demo books=3 
demo_books=3 Bquotes=318460 Mdepth=0 Ddepth=28230 above_floor=0 
max_residual=0.000bps candidates=0 fee_age=0ms
MICRO HEARTBEAT state=watching symbols=3 signal_source=demo books=3 
demo_books=3 Bquotes=318535 Mdepth=0 Ddepth=28239 above_floor=0 
max_residual=0.000bps candidates=0 fee_age=1310ms
MICRO HEARTBEAT state=watching symbols=3 signal_source=demo books=3 
demo_books=3 Bquotes=318649 Mdepth=0 Ddepth=28253 above_floor=0 
max_residual=0.000bps candidates=0 fee_age=3328ms
MICRO HEARTBEAT state=watching symbols=3 signal_source=demo books=3 
demo_books=3 Bquotes=318742 Mdepth=0 Ddepth=28276 above_floor=0 
max_residual=0.000bps candidates=0 fee_age=358ms
MICRO HEARTBEAT state=watching symbols=3 signal_source=demo books=3 
demo_books=3 Bquotes=318868 Mdepth=0 Ddepth=28291 above_floor=0 
max_residual=0.000bps candidates=0 fee_age=2387ms
MICRO HEARTBEAT state=watching symbols=3 signal_source=demo books=3 
demo_books=3 Bquotes=318987 Mdepth=0 Ddepth=28311 above_floor=0 
max_residual=0.000bps candidates=0 fee_age=0ms
MICRO HEARTBEAT state=watching symbols=3 signal_source=demo books=3 
demo_books=3 Bquotes=319095 Mdepth=0 Ddepth=28332 above_floor=0 
max_residual=0.000bps candidates=0 fee_age=2000ms
MICRO HEARTBEAT state=watching symbols=3 signal_source=demo books=3 
demo_books=3 Bquotes=319195 Mdepth=0 Ddepth=28345 above_floor=0 
max_residual=0.000bps candidates=0 fee_age=4018ms
MICRO HEARTBEAT state=watching symbols=3 signal_source=demo books=3 
demo_books=3 Bquotes=319311 Mdepth=0 Ddepth=28370 above_floor=0 
max_residual=0.000bps candidates=0 fee_age=1066ms
MICRO HEARTBEAT state=watching symbols=3 signal_source=demo books=3 
demo_books=3 Bquotes=319375 Mdepth=0 Ddepth=28386 above_floor=0 
max_residual=0.000bps candidates=0 fee_age=3099ms
MICRO HEARTBEAT state=watching symbols=3 signal_source=demo books=3 
demo_books=3 Bquotes=319572 Mdepth=0 Ddepth=28406 above_floor=0 
max_residual=0.000bps candidates=0 fee_age=103ms
MICRO SIGNAL LINK_USDT SHORT residual=-2.112bps threshold=1.256 spread=1.056 
net=+0.856 B100=-2.112 M100=+0.000 Bage=1ms Mage=442ms DemoCross=5.0bps
DEMO ENTRY LINK_USDT SHORT qty=1056.3 LIVEEntry=9.472 residual=-2.112 
notional=10005.3USDT leverage=200x requested_margin=50.0000USDT 
strategy_equity=0.0100USDT sizing=TARGET_NOTIONAL spread=1.056 
DemoFeeReported=2.00105 signal_to_visible=PENDING IOCconfirm=609.7ms 
reconcile=ASYNC
DEMO POSITION VISIBLE LINK_USDT signal_to_visible=926.8ms
MICRO POSITION LINK_USDT mark=-1.056bps MFE=+0.000 MAE=-1.056 
DemoNetMark=-5.058621USDT DemoNet=-5.056bps DemoMFE=+0.000 DemoMAE=-5.056 
TRAIL=OFF residual=+0.000bps B100=+0.000
MICRO POSITION LINK_USDT mark=-1.056bps MFE=+0.000 MAE=-1.056 
DemoNetMark=-5.058621USDT DemoNet=-5.056bps DemoMFE=+0.000 DemoMAE=-5.056 
TRAIL=OFF residual=+0.000bps B100=+0.000
MICRO POSITION LINK_USDT mark=+1.056bps MFE=+1.056 MAE=-1.056 
DemoNetMark=-2.945598USDT DemoNet=-2.944bps DemoMFE=+0.000 DemoMAE=-5.056 
TRAIL=OFF residual=+0.000bps B100=+0.000
MICRO POSITION LINK_USDT mark=+1.056bps MFE=+1.056 MAE=-1.056 
DemoNetMark=-2.945598USDT DemoNet=-2.944bps DemoMFE=+0.000 DemoMAE=-5.056 
TRAIL=OFF residual=+0.000bps B100=+0.000
MICRO POSITION LINK_USDT mark=+1.056bps MFE=+1.056 MAE=-1.056 
DemoNetMark=-2.945598USDT DemoNet=-2.944bps DemoMFE=+0.000 DemoMAE=-5.056 
TRAIL=OFF residual=+0.000bps B100=+0.000
MICRO POSITION LINK_USDT mark=+1.056bps MFE=+1.056 MAE=-1.056 
DemoNetMark=-2.945598USDT DemoNet=-2.944bps DemoMFE=+0.000 DemoMAE=-5.056 
TRAIL=OFF residual=+0.000bps B100=+0.000
MICRO POSITION LINK_USDT mark=+1.056bps MFE=+1.056 MAE=-1.056 
DemoNetMark=-2.945598USDT DemoNet=-2.944bps DemoMFE=+0.000 DemoMAE=-5.056 
TRAIL=OFF residual=+0.000bps B100=+0.000
MICRO POSITION LINK_USDT mark=+1.056bps MFE=+1.056 MAE=-1.056 
DemoNetMark=-2.945598USDT DemoNet=-2.944bps DemoMFE=+0.000 DemoMAE=-5.056 
TRAIL=OFF residual=+0.000bps B100=+0.000
MICRO POSITION LINK_USDT mark=+1.056bps MFE=+1.056 MAE=-1.056 
DemoNetMark=-2.945598USDT DemoNet=-2.944bps DemoMFE=+0.000 DemoMAE=-5.056 
TRAIL=OFF residual=+0.000bps B100=+0.000
MICRO POSITION LINK_USDT mark=+1.056bps MFE=+1.056 MAE=-1.056 
DemoNetMark=-2.945598USDT DemoNet=-2.944bps DemoMFE=+0.000 DemoMAE=-5.056 
TRAIL=OFF residual=+0.000bps B100=+0.000
MICRO POSITION LINK_USDT mark=+1.056bps MFE=+1.056 MAE=-1.056 
DemoNetMark=-2.945598USDT DemoNet=-2.944bps DemoMFE=+0.000 DemoMAE=-5.056 
TRAIL=OFF residual=+0.000bps B100=+0.000
MICRO POSITION LINK_USDT mark=+1.056bps MFE=+1.056 MAE=-1.056 
DemoNetMark=-2.945598USDT DemoNet=-2.944bps DemoMFE=+0.000 DemoMAE=-5.056 
TRAIL=OFF residual=+0.000bps B100=+0.000
MICRO POSITION LINK_USDT mark=-0.000bps MFE=+1.056 MAE=-1.056 
DemoNetMark=-4.002109USDT DemoNet=-4.000bps DemoMFE=+0.000 DemoMAE=-5.056 
TRAIL=OFF residual=+0.000bps B100=+0.000
MICRO POSITION LINK_USDT mark=-0.000bps MFE=+1.056 MAE=-1.056 
DemoNetMark=-4.002109USDT DemoNet=-4.000bps DemoMFE=+0.000 DemoMAE=-5.056 
TRAIL=OFF residual=+0.000bps B100=+0.000
MICRO POSITION LINK_USDT mark=-0.000bps MFE=+1.056 MAE=-1.056 
DemoNetMark=-4.002109USDT DemoNet=-4.000bps DemoMFE=+0.000 DemoMAE=-5.056 
TRAIL=OFF residual=+0.000bps B100=+0.000
MICRO POSITION LINK_USDT mark=-0.000bps MFE=+1.056 MAE=-1.056 
DemoNetMark=-4.002109USDT DemoNet=-4.000bps DemoMFE=+0.000 DemoMAE=-5.056 
TRAIL=OFF residual=+0.000bps B100=+0.000
MICRO POSITION LINK_USDT mark=-0.000bps MFE=+1.056 MAE=-1.056 
DemoNetMark=-4.002109USDT DemoNet=-4.000bps DemoMFE=+0.000 DemoMAE=-5.056 
TRAIL=OFF residual=+1.586bps B100=+1.586
MICRO POSITION LINK_USDT mark=-0.000bps MFE=+1.056 MAE=-1.056 
DemoNetMark=-4.002109USDT DemoNet=-4.000bps DemoMFE=+0.000 DemoMAE=-5.056 
TRAIL=OFF residual=+0.000bps B100=+0.000
MICRO EXIT LINK_USDT reason=binance_target_caught LIVEpnl=+12.675600USDT 
move=+12.669bps MFE=+12.669 MAE=-1.056 hold=36277ms DemoExit=9.46 
DemoGross=+12.675600 DemoNet=+8.676100 DemoFee=1.99845
MICRO HEARTBEAT state=watching symbols=3 signal_source=demo books=3 
demo_books=3 Bquotes=322426 Mdepth=0 Ddepth=28776 above_floor=0 
max_residual=0.000bps candidates=0 fee_age=3213ms
MICRO HEARTBEAT state=watching symbols=3 signal_source=demo books=3 
demo_books=3 Bquotes=322530 Mdepth=0 Ddepth=28793 above_floor=0 
max_residual=0.000bps candidates=0 fee_age=205ms
MICRO HEARTBEAT state=watching symbols=3 signal_source=demo books=3 
demo_books=3 Bquotes=322681 Mdepth=0 Ddepth=28813 above_floor=0 
max_residual=0.000bps candidates=0 fee_age=2247ms
MICRO HEARTBEAT state=watching symbols=3 signal_source=demo books=3 
demo_books=3 Bquotes=322796 Mdepth=0 Ddepth=28832 above_floor=0 
max_residual=0.000bps candidates=0 fee_age=4272ms
MICRO HEARTBEAT state=watching symbols=3 signal_source=demo books=3 
demo_books=3 Bquotes=322932 Mdepth=0 Ddepth=28848 above_floor=0 
max_residual=0.000bps candidates=0 fee_age=1286ms
MICRO SIGNAL LINK_USDT LONG residual=+2.114bps threshold=1.257 spread=1.057 
net=+0.857 B100=+2.114 M100=+0.000 Bage=1ms Mage=381ms DemoCross=5.0bps
DEMO ENTRY LINK_USDT LONG qty=1056.5 LIVEEntry=9.46 residual=+2.114 
notional=9994.49USDT leverage=200x requested_margin=50.0000USDT 
strategy_equity=8.6861USDT sizing=TARGET_NOTIONAL spread=1.057 
DemoFeeReported=1.9989 signal_to_visible=PENDING IOCconfirm=692.9ms 
reconcile=ASYNC
MICRO POSITION LINK_USDT mark=-1.057bps MFE=+0.000 MAE=-1.057 
DemoNetMark=-5.054085USDT DemoNet=-5.057bps DemoMFE=+0.000 DemoMAE=-5.057 
TRAIL=OFF residual=+0.000bps B100=+0.000
DEMO POSITION VISIBLE LINK_USDT signal_to_visible=1020.7ms
MICRO POSITION LINK_USDT mark=-1.057bps MFE=+0.000 MAE=-1.057 
DemoNetMark=-5.054085USDT DemoNet=-5.057bps DemoMFE=+0.000 DemoMAE=-5.057 
TRAIL=OFF residual=+0.000bps B100=+0.000
MICRO POSITION LINK_USDT mark=-1.057bps MFE=+0.000 MAE=-1.057 
DemoNetMark=-5.054085USDT DemoNet=-5.057bps DemoMFE=+0.000 DemoMAE=-5.057 
TRAIL=OFF residual=+0.000bps B100=+0.000
MICRO EXIT LINK_USDT reason=demo_adverse_cut LIVEpnl=-2.113000USDT 
move=-2.114bps MFE=+0.000 MAE=-2.114 hold=4874ms DemoExit=9.458 
DemoGross=-2.113000 DemoNet=-6.110300 DemoFee=1.9984
MICRO HEARTBEAT state=watching symbols=3 signal_source=demo books=3 
demo_books=3 Bquotes=323705 Mdepth=0 Ddepth=28936 above_floor=0 
max_residual=0.000bps candidates=0 fee_age=0ms
MICRO HEARTBEAT state=watching symbols=3 signal_source=demo books=3 
demo_books=3 Bquotes=323862 Mdepth=0 Ddepth=28952 above_floor=0 
max_residual=0.000bps candidates=0 fee_age=2046ms
MICRO HEARTBEAT state=watching symbols=3 signal_source=demo books=3 
demo_books=3 Bquotes=323995 Mdepth=0 Ddepth=28972 above_floor=0 
max_residual=0.000bps candidates=0 fee_age=4073ms
MICRO HEARTBEAT state=watching symbols=3 signal_source=demo books=3 
demo_books=3 Bquotes=324152 Mdepth=0 Ddepth=28989 above_floor=0 
max_residual=0.000bps candidates=0 fee_age=1062ms
MICRO HEARTBEAT state=watching symbols=3 signal_source=demo books=3 
demo_books=3 Bquotes=324267 Mdepth=0 Ddepth=29009 above_floor=0 
max_residual=0.000bps candidates=0 fee_age=3076ms
MICRO HEARTBEAT state=watching symbols=3 signal_source=demo books=3 
demo_books=3 Bquotes=324396 Mdepth=0 Ddepth=29028 above_floor=0 
max_residual=0.000bps candidates=0 fee_age=0ms
MICRO HEARTBEAT state=watching symbols=3 signal_source=demo books=3 
demo_books=3 Bquotes=324535 Mdepth=0 Ddepth=29042 above_floor=0 
max_residual=0.000bps candidates=0 fee_age=2013ms
MICRO HEARTBEAT state=watching symbols=3 signal_source=demo books=3 
demo_books=3 Bquotes=324681 Mdepth=0 Ddepth=29061 above_floor=0 
max_residual=0.000bps candidates=0 fee_age=4064ms
MICRO HEARTBEAT state=watching symbols=3 signal_source=demo books=3 
demo_books=3 Bquotes=324880 Mdepth=0 Ddepth=29083 above_floor=0 
max_residual=0.000bps candidates=0 fee_age=1150ms
MICRO HEARTBEAT state=watching symbols=3 signal_source=demo books=3 
demo_books=3 Bquotes=325041 Mdepth=0 Ddepth=29097 above_floor=0 
max_residual=0.000bps candidates=0 fee_age=3192ms
MICRO HEARTBEAT state=watching symbols=3 signal_source=demo books=3 
demo_books=3 Bquotes=325167 Mdepth=0 Ddepth=29120 above_floor=0 
max_residual=0.000bps candidates=0 fee_age=130ms
MICRO HEARTBEAT state=watching symbols=3 signal_source=demo books=3 
demo_books=3 Bquotes=325286 Mdepth=0 Ddepth=29139 above_floor=0 
max_residual=0.000bps candidates=0 fee_age=2160ms
MICRO HEARTBEAT state=watching symbols=3 signal_source=demo books=3 
demo_books=3 Bquotes=325364 Mdepth=0 Ddepth=29156 above_floor=0 
max_residual=0.000bps candidates=0 fee_age=4163ms
MICRO HEARTBEAT state=watching symbols=3 signal_source=demo books=3 
demo_books=3 Bquotes=325478 Mdepth=0 Ddepth=29178 above_floor=0 
max_residual=0.000bps candidates=0 fee_age=1143ms
MICRO HEARTBEAT state=watching symbols=3 signal_source=demo books=3 
demo_books=3 Bquotes=325598 Mdepth=0 Ddepth=29196 above_floor=0 
max_residual=0.000bps candidates=0 fee_age=3170ms
MICRO HEARTBEAT state=watching symbols=3 signal_source=demo books=3 
demo_books=3 Bquotes=325674 Mdepth=0 Ddepth=29215 above_floor=0 
max_residual=0.000bps candidates=0 fee_age=194ms
MICRO HEARTBEAT state=watching symbols=3 signal_source=demo books=3 
demo_books=3 Bquotes=325815 Mdepth=0 Ddepth=29233 above_floor=0 
max_residual=0.000bps candidates=0 fee_age=2223ms
MICRO HEARTBEAT state=watching symbols=3 signal_source=demo books=3 
demo_books=3 Bquotes=325946 Mdepth=0 Ddepth=29250 above_floor=0 
max_residual=0.000bps candidates=0 fee_age=4238ms
MICRO HEARTBEAT state=watching symbols=3 signal_source=demo books=3 
demo_books=3 Bquotes=326054 Mdepth=0 Ddepth=29272 above_floor=0 
max_residual=0.000bps candidates=0 fee_age=1191ms
MICRO HEARTBEAT state=watching symbols=3 signal_source=demo books=3 
demo_books=3 Bquotes=326148 Mdepth=0 Ddepth=29288 above_floor=0 
max_residual=0.000bps candidates=0 fee_age=3204ms
MICRO HEARTBEAT state=watching symbols=3 signal_source=demo books=3 
demo_books=3 Bquotes=326344 Mdepth=0 Ddepth=29307 above_floor=0 
max_residual=0.000bps candidates=0 fee_age=204ms
MICRO HEARTBEAT state=watching symbols=3 signal_source=demo books=3 
demo_books=3 Bquotes=326648 Mdepth=0 Ddepth=29326 above_floor=0 
max_residual=0.000bps candidates=0 fee_age=2210ms
MICRO HEARTBEAT state=watching symbols=3 signal_source=demo books=3 
demo_books=3 Bquotes=326754 Mdepth=0 Ddepth=29342 above_floor=0 
max_residual=0.000bps candidates=0 fee_age=4230ms
MICRO HEARTBEAT state=watching symbols=3 signal_source=demo books=3 
demo_books=3 Bquotes=326840 Mdepth=0 Ddepth=29363 above_floor=0 
max_residual=0.000bps candidates=0 fee_age=1248ms
MICRO HEARTBEAT state=watching symbols=3 signal_source=demo books=3 
demo_books=3 Bquotes=327109 Mdepth=0 Ddepth=29379 above_floor=0 
max_residual=0.000bps candidates=0 fee_age=3255ms
MICRO HEARTBEAT state=watching symbols=3 signal_source=demo books=3 
demo_books=3 Bquotes=327224 Mdepth=0 Ddepth=29395 above_floor=0 
max_residual=0.000bps candidates=0 fee_age=181ms
MICRO HEARTBEAT state=watching symbols=3 signal_source=demo books=3 
demo_books=3 Bquotes=327319 Mdepth=0 Ddepth=29419 above_floor=0 
max_residual=0.000bps candidates=0 fee_age=2192ms
MICRO HEARTBEAT state=watching symbols=3 signal_source=demo books=3 
demo_books=3 Bquotes=327430 Mdepth=0 Ddepth=29435 above_floor=0 
max_residual=0.000bps candidates=0 fee_age=4199ms
MICRO HEARTBEAT state=watching symbols=3 signal_source=demo books=3 
demo_books=3 Bquotes=327626 Mdepth=0 Ddepth=29454 above_floor=0 
max_residual=0.000bps candidates=0 fee_age=1216ms
MICRO HEARTBEAT state=watching symbols=3 signal_source=demo books=3 
demo_books=3 Bquotes=327755 Mdepth=0 Ddepth=29472 above_floor=0 
max_residual=0.000bps candidates=0 fee_age=3225ms
MICRO HEARTBEAT state=watching symbols=3 signal_source=demo books=3 
demo_books=3 Bquotes=327848 Mdepth=0 Ddepth=29486 above_floor=0 
max_residual=0.000bps candidates=0 fee_age=286ms
MICRO HEARTBEAT state=watching symbols=3 signal_source=demo books=3 
demo_books=3 Bquotes=327967 Mdepth=0 Ddepth=29507 above_floor=0 
max_residual=0.000bps candidates=0 fee_age=2292ms
MICRO HEARTBEAT state=watching symbols=3 signal_source=demo books=3 
demo_books=3 Bquotes=328116 Mdepth=0 Ddepth=29525 above_floor=0 
max_residual=0.000bps candidates=0 fee_age=4294ms
MICRO HEARTBEAT state=watching symbols=3 signal_source=demo books=3 
demo_books=3 Bquotes=328326 Mdepth=0 Ddepth=29538 above_floor=0 
max_residual=0.000bps candidates=0 fee_age=1256ms
MICRO HEARTBEAT state=watching symbols=3 signal_source=demo books=3 
demo_books=3 Bquotes=328526 Mdepth=0 Ddepth=29559 above_floor=0 
max_residual=0.000bps candidates=0 fee_age=3272ms
MICRO HEARTBEAT state=watching symbols=3 signal_source=demo books=3 
demo_books=3 Bquotes=328646 Mdepth=0 Ddepth=29575 above_floor=0 
max_residual=0.000bps candidates=0 fee_age=263ms
MICRO HEARTBEAT state=watching symbols=3 signal_source=demo books=3 
demo_books=3 Bquotes=328800 Mdepth=0 Ddepth=29591 above_floor=0 
max_residual=0.000bps candidates=0 fee_age=2296ms
MICRO HEARTBEAT state=watching symbols=3 signal_source=demo books=3 
demo_books=3 Bquotes=329019 Mdepth=0 Ddepth=29615 above_floor=0 
max_residual=0.000bps candidates=0 fee_age=0ms
MICRO HEARTBEAT state=watching symbols=3 signal_source=demo books=3 
demo_books=3 Bquotes=329217 Mdepth=0 Ddepth=29632 above_floor=0 
max_residual=0.000bps candidates=0 fee_age=2003ms
MICRO HEARTBEAT state=watching symbols=3 signal_source=demo books=3 
demo_books=3 Bquotes=329327 Mdepth=0 Ddepth=29651 above_floor=0 
max_residual=0.000bps candidates=0 fee_age=4006ms
MICRO HEARTBEAT state=watching symbols=3 signal_source=demo books=3 
demo_books=3 Bquotes=329405 Mdepth=0 Ddepth=29665 above_floor=0 
max_residual=0.000bps candidates=0 fee_age=969ms
MICRO HEARTBEAT state=watching symbols=3 signal_source=demo books=3 
demo_books=3 Bquotes=329484 Mdepth=0 Ddepth=29683 above_floor=0 
max_residual=0.000bps candidates=0 fee_age=2983ms
MICRO HEARTBEAT state=watching symbols=3 signal_source=demo books=3 
demo_books=3 Bquotes=329603 Mdepth=0 Ddepth=29700 above_floor=0 
max_residual=0.000bps candidates=0 fee_age=43ms
MICRO HEARTBEAT state=watching symbols=3 signal_source=demo books=3 
demo_books=3 Bquotes=329687 Mdepth=0 Ddepth=29715 above_floor=0 
max_residual=0.000bps candidates=0 fee_age=2044ms
MICRO HEARTBEAT state=watching symbols=3 signal_source=demo books=3 
demo_books=3 Bquotes=329837 Mdepth=0 Ddepth=29737 above_floor=0 
max_residual=0.000bps candidates=0 fee_age=4085ms
MICRO HEARTBEAT state=watching symbols=3 signal_source=demo books=3 
demo_books=3 Bquotes=330070 Mdepth=0 Ddepth=29754 above_floor=0 
max_residual=0.000bps candidates=0 fee_age=1072ms
MICRO HEARTBEAT state=watching symbols=3 signal_source=demo books=3 
demo_books=3 Bquotes=330164 Mdepth=0 Ddepth=29771 above_floor=0 
max_residual=0.000bps candidates=0 fee_age=3117ms
MICRO HEARTBEAT state=watching symbols=3 signal_source=demo books=3 
demo_books=3 Bquotes=330367 Mdepth=0 Ddepth=29788 above_floor=0 
max_residual=0.000bps candidates=0 fee_age=110ms
MICRO HEARTBEAT state=watching symbols=3 signal_source=demo books=3 
demo_books=3 Bquotes=330561 Mdepth=0 Ddepth=29804 above_floor=0 
max_residual=0.000bps candidates=0 fee_age=2113ms
MICRO HEARTBEAT state=watching symbols=3 signal_source=demo books=3 
demo_books=3 Bquotes=330858 Mdepth=0 Ddepth=29823 above_floor=0 
max_residual=0.000bps candidates=0 fee_age=4124ms
MICRO HEARTBEAT state=watching symbols=3 signal_source=demo books=3 
demo_books=3 Bquotes=331019 Mdepth=0 Ddepth=29841 above_floor=0 
max_residual=0.000bps candidates=0 fee_age=1080ms
MICRO HEARTBEAT state=watching symbols=3 signal_source=demo books=3 
demo_books=3 Bquotes=331115 Mdepth=0 Ddepth=29857 above_floor=0 
max_residual=0.000bps candidates=0 fee_age=3083ms
MICRO HEARTBEAT state=watching symbols=3 signal_source=demo books=3 
demo_books=3 Bquotes=331267 Mdepth=0 Ddepth=29877 above_floor=0 
max_residual=0.000bps candidates=0 fee_age=78ms
MICRO HEARTBEAT state=watching symbols=3 signal_source=demo books=3 
demo_books=3 Bquotes=331352 Mdepth=0 Ddepth=29890 above_floor=0 
max_residual=0.000bps candidates=0 fee_age=2078ms
MICRO HEARTBEAT state=watching symbols=3 signal_source=demo books=3 
demo_books=3 Bquotes=331478 Mdepth=0 Ddepth=29909 above_floor=0 
max_residual=0.000bps candidates=0 fee_age=4129ms
MICRO HEARTBEAT state=watching symbols=3 signal_source=demo books=3 
demo_books=3 Bquotes=331773 Mdepth=0 Ddepth=29929 above_floor=0 
max_residual=0.000bps candidates=0 fee_age=1185ms
MICRO HEARTBEAT state=watching symbols=3 signal_source=demo books=3 
demo_books=3 Bquotes=331953 Mdepth=0 Ddepth=29945 above_floor=0 
max_residual=0.000bps candidates=0 fee_age=3195ms
MICRO HEARTBEAT state=watching symbols=3 signal_source=demo books=3 
demo_books=3 Bquotes=332062 Mdepth=0 Ddepth=29967 above_floor=0 
max_residual=0.000bps candidates=0 fee_age=1ms
MICRO HEARTBEAT state=watching symbols=3 signal_source=demo books=3 
demo_books=3 Bquotes=332177 Mdepth=0 Ddepth=29984 above_floor=0 
max_residual=0.000bps candidates=0 fee_age=2008ms
MICRO HEARTBEAT state=watching symbols=3 signal_source=demo books=3 
demo_books=3 Bquotes=332259 Mdepth=0 Ddepth=30002 above_floor=0 
max_residual=0.000bps candidates=0 fee_age=4012ms
MICRO HEARTBEAT state=watching symbols=3 signal_source=demo books=3 
demo_books=3 Bquotes=332392 Mdepth=0 Ddepth=30020 above_floor=0 
max_residual=0.000bps candidates=0 fee_age=1264ms
MICRO HEARTBEAT state=watching symbols=3 signal_source=demo books=3 
demo_books=3 Bquotes=332500 Mdepth=0 Ddepth=30037 above_floor=0 
max_residual=0.000bps candidates=0 fee_age=3309ms
MICRO HEARTBEAT state=watching symbols=3 signal_source=demo books=3 
demo_books=3 Bquotes=332644 Mdepth=0 Ddepth=30055 above_floor=0 
max_residual=0.000bps candidates=0 fee_age=0ms
MICRO HEARTBEAT state=watching symbols=3 signal_source=demo books=3 
demo_books=3 Bquotes=332854 Mdepth=0 Ddepth=30065 above_floor=0 
max_residual=0.000bps candidates=0 fee_age=2009ms
MICRO HEARTBEAT state=watching symbols=3 signal_source=demo books=3 
demo_books=3 Bquotes=333050 Mdepth=0 Ddepth=30072 above_floor=0 
max_residual=0.000bps candidates=0 fee_age=0ms
MICRO SIGNAL LINK_USDT SHORT residual=-2.114bps threshold=1.257 spread=1.057 
net=+0.857 B100=-2.114 M100=+0.000 Bage=3ms Mage=22ms DemoCross=5.0bps
MICRO HEARTBEAT state=watching symbols=3 signal_source=demo books=3 
demo_books=3 Bquotes=333856 Mdepth=0 Ddepth=30121 above_floor=0 
max_residual=0.000bps candidates=0 fee_age=0ms
MICRO HEARTBEAT state=watching symbols=3 signal_source=demo books=3 
demo_books=3 Bquotes=333898 Mdepth=0 Ddepth=30121 above_floor=0 
max_residual=0.000bps candidates=0 fee_age=1375ms
MICRO HEARTBEAT state=watching symbols=3 signal_source=demo books=3 
demo_books=3 Bquotes=333983 Mdepth=0 Ddepth=30135 above_floor=0 
max_residual=0.000bps candidates=0 fee_age=3376ms
MICRO HEARTBEAT state=watching symbols=3 signal_source=demo books=3 
demo_books=3 Bquotes=334101 Mdepth=0 Ddepth=30135 above_floor=0 
max_residual=0.000bps candidates=0 fee_age=285ms
MICRO HEARTBEAT state=watching symbols=3 signal_source=demo books=3 
demo_books=3 Bquotes=334188 Mdepth=0 Ddepth=30135 above_floor=0 
max_residual=0.000bps candidates=0 fee_age=2315ms
MICRO HEARTBEAT state=watching symbols=3 signal_source=demo books=3 
demo_books=3 Bquotes=334310 Mdepth=0 Ddepth=30151 above_floor=0 
max_residual=0.000bps candidates=0 fee_age=1ms
MICRO HEARTBEAT state=watching symbols=3 signal_source=demo books=3 
demo_books=3 Bquotes=334393 Mdepth=0 Ddepth=30163 above_floor=0 
max_residual=0.000bps candidates=0 fee_age=2049ms
MICRO HEARTBEAT state=watching symbols=3 signal_source=demo books=3 
demo_books=3 Bquotes=334471 Mdepth=0 Ddepth=30163 above_floor=0 
max_residual=0.000bps candidates=0 fee_age=4101ms
MICRO HEARTBEAT state=watching symbols=3 signal_source=demo books=3 
demo_books=3 Bquotes=334611 Mdepth=0 Ddepth=30172 above_floor=0 
max_residual=0.000bps candidates=0 fee_age=747ms
MICRO HEARTBEAT state=watching symbols=3 signal_source=demo books=3 
demo_books=3 Bquotes=334721 Mdepth=0 Ddepth=30178 above_floor=0 
max_residual=0.000bps candidates=0 fee_age=2763ms
MICRO HEARTBEAT state=watching symbols=3 signal_source=demo books=3 
demo_books=3 Bquotes=334835 Mdepth=0 Ddepth=30178 above_floor=0 
max_residual=0.000bps candidates=0 fee_age=0ms
MICRO HEARTBEAT state=watching symbols=3 signal_source=demo books=3 
demo_books=3 Bquotes=334934 Mdepth=0 Ddepth=30181 above_floor=0 
max_residual=0.000bps candidates=0 fee_age=2004ms
MICRO HEARTBEAT state=watching symbols=3 signal_source=demo books=3 
demo_books=3 Bquotes=335055 Mdepth=0 Ddepth=30207 above_floor=0 
max_residual=0.000bps candidates=0 fee_age=4004ms
MICRO HEARTBEAT state=watching symbols=3 signal_source=demo books=3 
demo_books=3 Bquotes=335145 Mdepth=0 Ddepth=30209 above_floor=0 
max_residual=0.000bps candidates=0 fee_age=654ms
MICRO HEARTBEAT state=watching symbols=3 signal_source=demo books=3 
demo_books=3 Bquotes=335234 Mdepth=0 Ddepth=30209 above_floor=0 
max_residual=0.000bps candidates=0 fee_age=2672ms
MICRO HEARTBEAT state=watching symbols=3 signal_source=demo books=3 
demo_books=3 Bquotes=335384 Mdepth=0 Ddepth=30223 above_floor=0 
max_residual=0.000bps candidates=0 fee_age=243ms
MICRO HEARTBEAT state=watching symbols=3 signal_source=demo books=3 
demo_books=3 Bquotes=335524 Mdepth=0 Ddepth=30223 above_floor=0 
max_residual=0.000bps candidates=0 fee_age=2245ms
MICRO HEARTBEAT state=watching symbols=3 signal_source=demo books=3 
demo_books=3 Bquotes=335617 Mdepth=0 Ddepth=30223 above_floor=0 
max_residual=0.000bps candidates=0 fee_age=4280ms
MICRO HEARTBEAT state=watching symbols=3 signal_source=demo books=3 
demo_books=3 Bquotes=335691 Mdepth=0 Ddepth=30237 above_floor=0 
max_residual=0.000bps candidates=0 fee_age=1230ms
MICRO HEARTBEAT state=watching symbols=3 signal_source=demo books=3 
demo_books=3 Bquotes=335783 Mdepth=0 Ddepth=30248 above_floor=0 
max_residual=0.000bps candidates=0 fee_age=3259ms
MICRO HEARTBEAT state=watching symbols=3 signal_source=demo books=3 
demo_books=3 Bquotes=335838 Mdepth=0 Ddepth=30248 above_floor=0 
max_residual=0.000bps candidates=0 fee_age=215ms
MICRO HEARTBEAT state=watching symbols=3 signal_source=demo books=3 
demo_books=3 Bquotes=335985 Mdepth=0 Ddepth=30254 above_floor=0 
max_residual=0.000bps candidates=0 fee_age=2232ms
MICRO HEARTBEAT state=watching symbols=3 signal_source=demo books=3 
demo_books=3 Bquotes=336316 Mdepth=0 Ddepth=30264 above_floor=0 
max_residual=0.000bps candidates=0 fee_age=0ms
MICRO HEARTBEAT state=watching symbols=3 signal_source=demo books=3 
demo_books=3 Bquotes=336327 Mdepth=0 Ddepth=30264 above_floor=0 
max_residual=0.000bps candidates=0 fee_age=211ms
MICRO HEARTBEAT state=watching symbols=3 signal_source=demo books=3 
demo_books=3 Bquotes=336426 Mdepth=0 Ddepth=30264 above_floor=0 
max_residual=0.000bps candidates=0 fee_age=2213ms
MICRO HEARTBEAT state=watching symbols=3 signal_source=demo books=3 
demo_books=3 Bquotes=336615 Mdepth=0 Ddepth=30292 above_floor=0 
max_residual=0.000bps candidates=0 fee_age=383ms
MICRO HEARTBEAT state=watching symbols=3 signal_source=demo books=3 
demo_books=3 Bquotes=336748 Mdepth=0 Ddepth=30294 above_floor=0 
max_residual=0.000bps candidates=0 fee_age=2404ms
MICRO HEARTBEAT state=watching symbols=3 signal_source=demo books=3 
demo_books=3 Bquotes=336928 Mdepth=0 Ddepth=30294 above_floor=0 
max_residual=0.000bps candidates=0 fee_age=0ms
MICRO HEARTBEAT state=watching symbols=3 signal_source=demo books=3 
demo_books=3 Bquotes=337025 Mdepth=0 Ddepth=30309 above_floor=0 
max_residual=0.000bps candidates=0 fee_age=2039ms
MICRO HEARTBEAT state=watching symbols=3 signal_source=demo books=3 
demo_books=3 Bquotes=337091 Mdepth=0 Ddepth=30309 above_floor=0 
max_residual=0.000bps candidates=0 fee_age=4058ms
MICRO HEARTBEAT state=watching symbols=3 signal_source=demo books=3 
demo_books=3 Bquotes=337152 Mdepth=0 Ddepth=30309 above_floor=0 
max_residual=0.000bps candidates=0 fee_age=922ms
MICRO HEARTBEAT state=watching symbols=3 signal_source=demo books=3 
demo_books=3 Bquotes=337275 Mdepth=0 Ddepth=30327 above_floor=0 
max_residual=0.000bps candidates=0 fee_age=2922ms
MICRO HEARTBEAT state=watching symbols=3 signal_source=demo books=3 
demo_books=3 Bquotes=337345 Mdepth=0 Ddepth=30333 above_floor=0 
max_residual=0.000bps candidates=0 fee_age=0ms
MICRO HEARTBEAT state=watching symbols=3 signal_source=demo books=3 
demo_books=3 Bquotes=337511 Mdepth=0 Ddepth=30333 above_floor=0 
max_residual=0.000bps candidates=0 fee_age=2002ms
MICRO HEARTBEAT state=watching symbols=3 signal_source=demo books=3 
demo_books=3 Bquotes=337599 Mdepth=0 Ddepth=30349 above_floor=0 
max_residual=0.000bps candidates=0 fee_age=4028ms
MICRO HEARTBEAT state=watching symbols=3 signal_source=demo books=3 
demo_books=3 Bquotes=337721 Mdepth=0 Ddepth=30375 above_floor=0 
max_residual=0.000bps candidates=0 fee_age=977ms
MICRO HEARTBEAT state=watching symbols=3 signal_source=demo books=3 
demo_books=3 Bquotes=337876 Mdepth=0 Ddepth=30378 above_floor=0 
max_residual=0.000bps candidates=0 fee_age=2984ms
MICRO HEARTBEAT state=watching symbols=3 signal_source=demo books=3 
demo_books=3 Bquotes=337986 Mdepth=0 Ddepth=30382 above_floor=0 
max_residual=0.000bps candidates=0 fee_age=86ms
MICRO HEARTBEAT state=watching symbols=3 signal_source=demo books=3 
demo_books=3 Bquotes=338107 Mdepth=0 Ddepth=30403 above_floor=0 
max_residual=0.000bps candidates=0 fee_age=2130ms
MICRO HEARTBEAT state=watching symbols=3 signal_source=demo books=3 
demo_books=3 Bquotes=338238 Mdepth=0 Ddepth=30419 above_floor=0 
max_residual=0.000bps candidates=0 fee_age=4158ms
MICRO HEARTBEAT state=watching symbols=3 signal_source=demo books=3 
demo_books=3 Bquotes=338294 Mdepth=0 Ddepth=30423 above_floor=0 
max_residual=0.000bps candidates=0 fee_age=1165ms
MICRO HEARTBEAT state=watching symbols=3 signal_source=demo books=3 
demo_books=3 Bquotes=338427 Mdepth=0 Ddepth=30442 above_floor=0 
max_residual=0.000bps candidates=0 fee_age=3174ms
MICRO HEARTBEAT state=watching symbols=3 signal_source=demo books=3 
demo_books=3 Bquotes=338568 Mdepth=0 Ddepth=30463 above_floor=0 
max_residual=0.000bps candidates=0 fee_age=0ms
MICRO HEARTBEAT state=watching symbols=3 signal_source=demo books=3 
demo_books=3 Bquotes=338707 Mdepth=0 Ddepth=30485 above_floor=0 
max_residual=0.000bps candidates=0 fee_age=2001ms
MICRO HEARTBEAT state=watching symbols=3 signal_source=demo books=3 
demo_books=3 Bquotes=338864 Mdepth=0 Ddepth=30498 above_floor=0 
max_residual=0.000bps candidates=0 fee_age=4004ms
MICRO HEARTBEAT state=watching symbols=3 signal_source=demo books=3 
demo_books=3 Bquotes=339275 Mdepth=0 Ddepth=30522 above_floor=0 
max_residual=0.000bps candidates=0 fee_age=1119ms
MICRO HEARTBEAT state=watching symbols=3 signal_source=demo books=3 
demo_books=3 Bquotes=339539 Mdepth=0 Ddepth=30539 above_floor=0 
max_residual=0.000bps candidates=0 fee_age=3124ms
MICRO HEARTBEAT state=watching symbols=3 signal_source=demo books=3 
demo_books=3 Bquotes=339666 Mdepth=0 Ddepth=30558 above_floor=0 
max_residual=0.000bps candidates=0 fee_age=0ms
MICRO HEARTBEAT state=watching symbols=3 signal_source=demo books=3 
demo_books=3 Bquotes=339709 Mdepth=0 Ddepth=30581 above_floor=0 
max_residual=0.000bps candidates=0 fee_age=2012ms
MICRO SIGNAL LINK_USDT LONG residual=+2.119bps threshold=1.260 spread=1.060 
net=+0.859 B100=+2.119 M100=+0.000 Bage=2ms Mage=1793ms DemoCross=5.0bps
DEMO ENTRY LINK_USDT LONG qty=1058.9 LIVEEntry=9.438 residual=+2.119 
notional=9993.9USDT leverage=200x requested_margin=50.0000USDT 
strategy_equity=2.5758USDT sizing=TARGET_NOTIONAL spread=1.060 
DemoFeeReported=1.99878 signal_to_visible=PENDING IOCconfirm=638.5ms 
reconcile=ASYNC
DEMO POSITION VISIBLE LINK_USDT signal_to_visible=998.2ms
MICRO POSITION LINK_USDT mark=-1.060bps MFE=+0.000 MAE=-1.060 
DemoNetMark=-5.056248USDT DemoNet=-5.059bps DemoMFE=+0.000 DemoMAE=-5.059 
TRAIL=OFF residual=+0.000bps B100=+0.000
MICRO EXIT LINK_USDT reason=binance_target_caught LIVEpnl=+2.117800USDT 
move=+2.119bps MFE=+2.119 MAE=-1.060 hold=3452ms DemoExit=9.44 
DemoGross=+2.117800 DemoNet=-1.880100 DemoFee=1.99912
MICRO HEARTBEAT state=watching symbols=3 signal_source=demo books=3 
demo_books=3 Bquotes=340028 Mdepth=0 Ddepth=30629 above_floor=0 
max_residual=0.000bps candidates=0 fee_age=2041ms
MICRO HEARTBEAT state=watching symbols=3 signal_source=demo books=3 
demo_books=3 Bquotes=340195 Mdepth=0 Ddepth=30646 above_floor=0 
max_residual=0.000bps candidates=0 fee_age=4084ms
MICRO HEARTBEAT state=watching symbols=3 signal_source=demo books=3 
demo_books=3 Bquotes=340759 Mdepth=0 Ddepth=30665 above_floor=0 
max_residual=0.000bps candidates=0 fee_age=1149ms
MICRO SIGNAL LINK_USDT SHORT residual=-2.119bps threshold=1.260 spread=1.060 
net=+0.859 B100=-2.119 M100=+0.000 Bage=23ms Mage=177ms DemoCross=5.0bps
MICRO HEARTBEAT state=watching symbols=3 signal_source=demo books=3 
demo_books=3 Bquotes=341664 Mdepth=0 Ddepth=30769 above_floor=0 
max_residual=0.000bps candidates=0 fee_age=0ms
MICRO HEARTBEAT state=watching symbols=3 signal_source=demo books=3 
demo_books=3 Bquotes=341962 Mdepth=0 Ddepth=30788 above_floor=0 
max_residual=0.000bps candidates=0 fee_age=1266ms
MICRO HEARTBEAT state=watching symbols=3 signal_source=demo books=3 
demo_books=3 Bquotes=342034 Mdepth=0 Ddepth=30803 above_floor=0 
max_residual=0.000bps candidates=0 fee_age=3271ms
MICRO HEARTBEAT state=watching symbols=3 signal_source=demo books=3 
demo_books=3 Bquotes=342370 Mdepth=0 Ddepth=30821 above_floor=0 
max_residual=0.000bps candidates=0 fee_age=348ms
MICRO HEARTBEAT state=watching symbols=3 signal_source=demo books=3 
demo_books=3 Bquotes=342446 Mdepth=0 Ddepth=30846 above_floor=0 
max_residual=0.000bps candidates=0 fee_age=2402ms
MICRO HEARTBEAT state=watching symbols=3 signal_source=demo books=3 
demo_books=3 Bquotes=342653 Mdepth=0 Ddepth=30868 above_floor=0 
max_residual=0.000bps candidates=0 fee_age=0ms
MICRO HEARTBEAT state=watching symbols=3 signal_source=demo books=3 
demo_books=3 Bquotes=342703 Mdepth=0 Ddepth=30894 above_floor=0 
max_residual=0.000bps candidates=0 fee_age=2008ms
MICRO SIGNAL LINK_USDT LONG residual=+2.117bps threshold=1.258 spread=1.058 
net=+0.858 B100=+2.117 M100=+0.000 Bage=0ms Mage=1350ms DemoCross=5.0bps
DEMO ENTRY LINK_USDT LONG qty=1057.8 LIVEEntry=9.448 residual=+2.117 
notional=9994.09USDT leverage=200x requested_margin=50.0000USDT 
strategy_equity=0.6957USDT sizing=TARGET_NOTIONAL spread=1.058 
DemoFeeReported=1.99882 signal_to_visible=PENDING IOCconfirm=653.5ms 
reconcile=ASYNC
DEMO POSITION VISIBLE LINK_USDT signal_to_visible=999.5ms
MICRO POSITION LINK_USDT mark=-1.058bps MFE=+0.000 MAE=-1.058 
DemoNetMark=-5.055226USDT DemoNet=-5.058bps DemoMFE=+0.000 DemoMAE=-5.058 
TRAIL=OFF residual=+0.000bps B100=+0.000
MICRO EXIT LINK_USDT reason=binance_target_caught LIVEpnl=+2.115600USDT 
move=+2.117bps MFE=+2.117 MAE=-1.058 hold=2859ms DemoExit=9.45 
DemoGross=+2.115600 DemoNet=-1.882400 DemoFee=1.99918
MICRO HEARTBEAT state=watching symbols=3 signal_source=demo books=3 
demo_books=3 Bquotes=343080 Mdepth=0 Ddepth=30941 above_floor=0 
max_residual=0.000bps candidates=0 fee_age=2032ms
MICRO HEARTBEAT state=watching symbols=3 signal_source=demo books=3 
demo_books=3 Bquotes=343209 Mdepth=0 Ddepth=30958 above_floor=0 
max_residual=0.000bps candidates=0 fee_age=4034ms
MICRO HEARTBEAT state=watching symbols=3 signal_source=demo books=3 
demo_books=3 Bquotes=343307 Mdepth=0 Ddepth=30977 above_floor=0 
max_residual=0.000bps candidates=0 fee_age=1100ms
MICRO HEARTBEAT state=watching symbols=3 signal_source=demo books=3 
demo_books=3 Bquotes=343392 Mdepth=0 Ddepth=31001 above_floor=0 
max_residual=0.000bps candidates=0 fee_age=3109ms
MICRO HEARTBEAT state=watching symbols=3 signal_source=demo books=3 
demo_books=3 Bquotes=343628 Mdepth=0 Ddepth=31017 above_floor=0 
max_residual=0.000bps candidates=0 fee_age=196ms
MICRO HEARTBEAT state=watching symbols=3 signal_source=demo books=3 
demo_books=3 Bquotes=343790 Mdepth=0 Ddepth=31035 above_floor=0 
max_residual=0.000bps candidates=0 fee_age=2202ms
MICRO HEARTBEAT state=watching symbols=3 signal_source=demo books=3 
demo_books=3 Bquotes=343851 Mdepth=0 Ddepth=31054 above_floor=0 
max_residual=0.000bps candidates=0 fee_age=4207ms
MICRO HEARTBEAT state=watching symbols=3 signal_source=demo books=3 
demo_books=3 Bquotes=344038 Mdepth=0 Ddepth=31069 above_floor=0 
max_residual=0.000bps candidates=0 fee_age=1199ms
MICRO HEARTBEAT state=watching symbols=3 signal_source=demo books=3 
demo_books=3 Bquotes=344088 Mdepth=0 Ddepth=31093 above_floor=0 
max_residual=0.000bps candidates=0 fee_age=3203ms
MICRO HEARTBEAT state=watching symbols=3 signal_source=demo books=3 
demo_books=3 Bquotes=344185 Mdepth=0 Ddepth=31111 above_floor=0 
max_residual=0.000bps candidates=0 fee_age=1ms
MICRO HEARTBEAT state=watching symbols=3 signal_source=demo books=3 
demo_books=3 Bquotes=344282 Mdepth=0 Ddepth=31130 above_floor=0 
max_residual=0.000bps candidates=0 fee_age=2053ms
MICRO HEARTBEAT state=watching symbols=3 signal_source=demo books=3 
demo_books=3 Bquotes=344345 Mdepth=0 Ddepth=31157 above_floor=0 
max_residual=0.000bps candidates=0 fee_age=0ms
MICRO HEARTBEAT state=watching symbols=3 signal_source=demo books=3 
demo_books=3 Bquotes=344437 Mdepth=0 Ddepth=31171 above_floor=0 
max_residual=0.000bps candidates=0 fee_age=2001ms
MICRO HEARTBEAT state=watching symbols=3 signal_source=demo books=3 
demo_books=3 Bquotes=344510 Mdepth=0 Ddepth=31198 above_floor=0 
max_residual=0.000bps candidates=0 fee_age=4015ms
MICRO SIGNAL XRP_USDT LONG residual=+1.997bps threshold=1.198 spread=0.998 
net=+0.798 B100=+1.997 M100=+0.000 Bage=10ms Mage=163ms DemoCross=5.0bps
DEMO ENTRY XRP_USDT LONG qty=9978 LIVEEntry=1.0016 residual=+1.997 
notional=9993.96USDT leverage=200x requested_margin=50.0000USDT 
strategy_equity=0.0100USDT sizing=TARGET_NOTIONAL spread=0.998 
DemoFeeReported=1.99879 signal_to_visible=PENDING IOCconfirm=624.6ms 
reconcile=ASYNC
DEMO POSITION VISIBLE XRP_USDT signal_to_visible=991.7ms
MICRO POSITION XRP_USDT mark=-0.998bps MFE=+0.000 MAE=-0.998 
DemoNetMark=-4.995186USDT DemoNet=-4.998bps DemoMFE=+0.000 DemoMAE=-4.998 
TRAIL=OFF residual=+0.000bps B100=+0.000
MICRO POSITION XRP_USDT mark=-0.998bps MFE=+0.000 MAE=-0.998 
DemoNetMark=-4.995186USDT DemoNet=-4.998bps DemoMFE=+0.000 DemoMAE=-4.998 
TRAIL=OFF residual=+0.000bps B100=+0.000
MICRO POSITION XRP_USDT mark=+0.998bps MFE=+0.998 MAE=-0.998 
DemoNetMark=-2.999985USDT DemoNet=-3.002bps DemoMFE=+0.000 DemoMAE=-4.998 
TRAIL=OFF residual=+0.000bps B100=+0.000
MICRO POSITION XRP_USDT mark=+0.998bps MFE=+0.998 MAE=-0.998 
DemoNetMark=-2.999985USDT DemoNet=-3.002bps DemoMFE=+0.000 DemoMAE=-4.998 
TRAIL=OFF residual=+0.000bps B100=+0.000
MICRO POSITION XRP_USDT mark=+0.000bps MFE=+0.998 MAE=-0.998 
DemoNetMark=-3.997586USDT DemoNet=-4.000bps DemoMFE=+0.000 DemoMAE=-4.998 
TRAIL=OFF residual=+0.000bps B100=+0.000
MICRO POSITION XRP_USDT mark=+0.000bps MFE=+0.998 MAE=-0.998 
DemoNetMark=-3.997586USDT DemoNet=-4.000bps DemoMFE=+0.000 DemoMAE=-4.998 
TRAIL=OFF residual=+0.000bps B100=+0.000
MICRO POSITION XRP_USDT mark=+0.000bps MFE=+0.998 MAE=-0.998 
DemoNetMark=-3.997586USDT DemoNet=-4.000bps DemoMFE=+0.000 DemoMAE=-4.998 
TRAIL=OFF residual=+0.000bps B100=+0.000
MICRO POSITION XRP_USDT mark=-0.998bps MFE=+0.998 MAE=-0.998 
DemoNetMark=-4.995186USDT DemoNet=-4.998bps DemoMFE=+0.000 DemoMAE=-4.998 
TRAIL=OFF residual=+0.000bps B100=+0.000
MICRO POSITION XRP_USDT mark=-0.998bps MFE=+0.998 MAE=-0.998 
DemoNetMark=-4.995186USDT DemoNet=-4.998bps DemoMFE=+0.000 DemoMAE=-4.998 
TRAIL=OFF residual=+0.000bps B100=+0.000
MICRO POSITION XRP_USDT mark=-0.998bps MFE=+0.998 MAE=-0.998 
DemoNetMark=-4.995186USDT DemoNet=-4.998bps DemoMFE=+0.000 DemoMAE=-4.998 
TRAIL=OFF residual=+0.000bps B100=+0.000
MICRO POSITION XRP_USDT mark=-0.998bps MFE=+0.998 MAE=-0.998 
DemoNetMark=-4.995186USDT DemoNet=-4.998bps DemoMFE=+0.000 DemoMAE=-4.998 
TRAIL=OFF residual=+0.000bps B100=+0.000
MICRO POSITION XRP_USDT mark=-0.998bps MFE=+0.998 MAE=-0.998 
DemoNetMark=-4.995186USDT DemoNet=-4.998bps DemoMFE=+0.000 DemoMAE=-4.998 
TRAIL=OFF residual=+0.000bps B100=+0.000
MICRO POSITION XRP_USDT mark=-0.998bps MFE=+0.998 MAE=-0.998 
DemoNetMark=-4.995186USDT DemoNet=-4.998bps DemoMFE=+0.000 DemoMAE=-4.998 
TRAIL=OFF residual=+0.000bps B100=+0.000
MICRO POSITION XRP_USDT mark=-0.998bps MFE=+0.998 MAE=-0.998 
DemoNetMark=-4.995186USDT DemoNet=-4.998bps DemoMFE=+0.000 DemoMAE=-4.998 
TRAIL=OFF residual=+0.000bps B100=+0.000
MICRO POSITION XRP_USDT mark=-0.998bps MFE=+0.998 MAE=-0.998 
DemoNetMark=-4.995186USDT DemoNet=-4.998bps DemoMFE=+0.000 DemoMAE=-4.998 
TRAIL=OFF residual=+0.000bps B100=+0.000
MICRO POSITION XRP_USDT mark=-0.998bps MFE=+0.998 MAE=-0.998 
DemoNetMark=-4.995186USDT DemoNet=-4.998bps DemoMFE=+0.000 DemoMAE=-4.998 
TRAIL=OFF residual=+0.000bps B100=+0.000
MICRO POSITION XRP_USDT mark=-0.998bps MFE=+0.998 MAE=-0.998 
DemoNetMark=-4.995186USDT DemoNet=-4.998bps DemoMFE=+0.000 DemoMAE=-4.998 
TRAIL=OFF residual=+0.000bps B100=+0.000
MICRO POSITION XRP_USDT mark=-0.998bps MFE=+0.998 MAE=-0.998 
DemoNetMark=-4.995186USDT DemoNet=-4.998bps DemoMFE=+0.000 DemoMAE=-4.998 
TRAIL=OFF residual=+0.000bps B100=+0.000
MICRO POSITION XRP_USDT mark=-0.998bps MFE=+0.998 MAE=-0.998 
DemoNetMark=-4.995186USDT DemoNet=-4.998bps DemoMFE=+0.000 DemoMAE=-4.998 
TRAIL=OFF residual=+0.000bps B100=+0.000
MICRO POSITION XRP_USDT mark=-0.998bps MFE=+0.998 MAE=-0.998 
DemoNetMark=-4.995186USDT DemoNet=-4.998bps DemoMFE=+0.000 DemoMAE=-4.998 
TRAIL=OFF residual=+0.000bps B100=+0.000
MICRO POSITION XRP_USDT mark=-0.998bps MFE=+0.998 MAE=-0.998 
DemoNetMark=-4.995186USDT DemoNet=-4.998bps DemoMFE=+0.000 DemoMAE=-4.998 
TRAIL=OFF residual=+0.000bps B100=+0.000
MICRO POSITION XRP_USDT mark=-0.998bps MFE=+0.998 MAE=-0.998 
DemoNetMark=-4.995186USDT DemoNet=-4.998bps DemoMFE=+0.000 DemoMAE=-4.998 
TRAIL=OFF residual=+0.000bps B100=+0.000
MICRO POSITION XRP_USDT mark=-0.998bps MFE=+0.998 MAE=-0.998 
DemoNetMark=-4.995186USDT DemoNet=-4.998bps DemoMFE=+0.000 DemoMAE=-4.998 
TRAIL=OFF residual=+0.000bps B100=+0.000
MICRO POSITION XRP_USDT mark=-0.998bps MFE=+0.998 MAE=-0.998 
DemoNetMark=-4.995186USDT DemoNet=-4.998bps DemoMFE=+0.000 DemoMAE=-4.998 
TRAIL=OFF residual=+0.000bps B100=+0.000
MICRO POSITION XRP_USDT mark=-0.998bps MFE=+0.998 MAE=-0.998 
DemoNetMark=-4.995186USDT DemoNet=-4.998bps DemoMFE=+0.000 DemoMAE=-4.998 
TRAIL=OFF residual=+0.000bps B100=+0.000
MICRO POSITION XRP_USDT mark=-0.998bps MFE=+0.998 MAE=-0.998 
DemoNetMark=-4.995186USDT DemoNet=-4.998bps DemoMFE=+0.000 DemoMAE=-4.998 
TRAIL=OFF residual=+0.000bps B100=+0.000
MICRO POSITION XRP_USDT mark=-0.998bps MFE=+0.998 MAE=-0.998 
DemoNetMark=-4.995186USDT DemoNet=-4.998bps DemoMFE=+0.000 DemoMAE=-4.998 
TRAIL=OFF residual=+0.000bps B100=+0.000
MICRO POSITION XRP_USDT mark=-0.998bps MFE=+0.998 MAE=-0.998 
DemoNetMark=-4.995186USDT DemoNet=-4.998bps DemoMFE=+0.000 DemoMAE=-4.998 
TRAIL=OFF residual=+0.000bps B100=+0.000
MICRO POSITION XRP_USDT mark=-0.998bps MFE=+0.998 MAE=-0.998 
DemoNetMark=-4.995186USDT DemoNet=-4.998bps DemoMFE=+0.000 DemoMAE=-4.998 
TRAIL=OFF residual=+0.000bps B100=+0.000
MICRO POSITION XRP_USDT mark=-0.998bps MFE=+0.998 MAE=-0.998 
DemoNetMark=-4.995186USDT DemoNet=-4.998bps DemoMFE=+0.000 DemoMAE=-4.998 
TRAIL=OFF residual=+0.000bps B100=+0.000
MICRO EXIT XRP_USDT reason=microspread_timeout LIVEpnl=-0.997800USDT 
move=-0.998bps MFE=+0.998 MAE=-0.998 hold=60224ms DemoExit=1.0015 
DemoGross=-0.997800 DemoNet=-4.995100 DemoFee=1.99851
MICRO HEARTBEAT state=watching symbols=3 signal_source=demo books=3 
demo_books=3 Bquotes=348854 Mdepth=0 Ddepth=31795 above_floor=0 
max_residual=0.000bps candidates=0 fee_age=1259ms
MICRO HEARTBEAT state=watching symbols=3 signal_source=demo books=3 
demo_books=3 Bquotes=348974 Mdepth=0 Ddepth=31817 above_floor=0 
max_residual=0.000bps candidates=0 fee_age=3267ms
MICRO HEARTBEAT state=watching symbols=3 signal_source=demo books=3 
demo_books=3 Bquotes=349074 Mdepth=0 Ddepth=31832 above_floor=0 
max_residual=0.000bps candidates=0 fee_age=273ms
MICRO HEARTBEAT state=watching symbols=3 signal_source=demo books=3 
demo_books=3 Bquotes=349162 Mdepth=0 Ddepth=31856 above_floor=0 
max_residual=0.000bps candidates=0 fee_age=2296ms
MICRO HEARTBEAT state=watching symbols=3 signal_source=demo books=3 
demo_books=3 Bquotes=349421 Mdepth=0 Ddepth=31872 above_floor=0 
max_residual=0.000bps candidates=0 fee_age=4301ms
MICRO HEARTBEAT state=watching symbols=3 signal_source=demo books=3 
demo_books=3 Bquotes=349520 Mdepth=0 Ddepth=31890 above_floor=0 
max_residual=0.000bps candidates=0 fee_age=1331ms
MICRO HEARTBEAT state=watching symbols=3 signal_source=demo books=3 
demo_books=3 Bquotes=349628 Mdepth=0 Ddepth=31912 above_floor=0 
max_residual=0.000bps candidates=0 fee_age=3361ms
MICRO HEARTBEAT state=watching symbols=3 signal_source=demo books=3 
demo_books=3 Bquotes=349715 Mdepth=0 Ddepth=31929 above_floor=0 
max_residual=0.000bps candidates=0 fee_age=404ms
MICRO HEARTBEAT state=watching symbols=3 signal_source=demo books=3 
demo_books=3 Bquotes=349859 Mdepth=0 Ddepth=31949 above_floor=0 
max_residual=0.000bps candidates=0 fee_age=2440ms
MICRO HEARTBEAT state=watching symbols=3 signal_source=demo books=3 
demo_books=3 Bquotes=349999 Mdepth=0 Ddepth=31974 above_floor=0 
max_residual=0.000bps candidates=0 fee_age=0ms
MICRO HEARTBEAT state=watching symbols=3 signal_source=demo books=3 
demo_books=3 Bquotes=350076 Mdepth=0 Ddepth=31993 above_floor=0 
max_residual=0.000bps candidates=0 fee_age=2015ms
MICRO HEARTBEAT state=watching symbols=3 signal_source=demo books=3 
demo_books=3 Bquotes=350152 Mdepth=0 Ddepth=32015 above_floor=0 
max_residual=0.000bps candidates=0 fee_age=4026ms
MICRO HEARTBEAT state=watching symbols=3 signal_source=demo books=3 
demo_books=3 Bquotes=350223 Mdepth=0 Ddepth=32033 above_floor=0 
max_residual=0.000bps candidates=0 fee_age=941ms
MICRO HEARTBEAT state=watching symbols=3 signal_source=demo books=3 
demo_books=3 Bquotes=350392 Mdepth=0 Ddepth=32052 above_floor=0 
max_residual=0.000bps candidates=0 fee_age=2977ms
MICRO HEARTBEAT state=watching symbols=3 signal_source=demo books=3 
demo_books=3 Bquotes=350483 Mdepth=0 Ddepth=32072 above_floor=0 
max_residual=0.000bps candidates=0 fee_age=0ms
MICRO HEARTBEAT state=watching symbols=3 signal_source=demo books=3 
demo_books=3 Bquotes=350594 Mdepth=0 Ddepth=32092 above_floor=0 
max_residual=0.000bps candidates=0 fee_age=2047ms
MICRO HEARTBEAT state=watching symbols=3 signal_source=demo books=3 
demo_books=3 Bquotes=350701 Mdepth=0 Ddepth=32117 above_floor=0 
max_residual=0.000bps candidates=0 fee_age=4055ms
MICRO HEARTBEAT state=watching symbols=3 signal_source=demo books=3 
demo_books=3 Bquotes=350839 Mdepth=0 Ddepth=32133 above_floor=0 
max_residual=0.000bps candidates=0 fee_age=1088ms
MICRO HEARTBEAT state=watching symbols=3 signal_source=demo books=3 
demo_books=3 Bquotes=350943 Mdepth=0 Ddepth=32154 above_floor=0 
max_residual=0.000bps candidates=0 fee_age=3114ms
MICRO HEARTBEAT state=watching symbols=3 signal_source=demo books=3 
demo_books=3 Bquotes=351180 Mdepth=0 Ddepth=32176 above_floor=0 
max_residual=0.000bps candidates=0 fee_age=99ms
MICRO HEARTBEAT state=watching symbols=3 signal_source=demo books=3 
demo_books=3 Bquotes=351274 Mdepth=0 Ddepth=32192 above_floor=0 
max_residual=0.000bps candidates=0 fee_age=2117ms
MICRO HEARTBEAT state=watching symbols=3 signal_source=demo books=3 
demo_books=3 Bquotes=351339 Mdepth=0 Ddepth=32215 above_floor=0 
max_residual=0.000bps candidates=0 fee_age=4176ms
MICRO HEARTBEAT state=watching symbols=3 signal_source=demo books=3 
demo_books=3 Bquotes=351471 Mdepth=0 Ddepth=32236 above_floor=0 
max_residual=0.000bps candidates=0 fee_age=1202ms
MICRO HEARTBEAT state=watching symbols=3 signal_source=demo books=3 
demo_books=3 Bquotes=351828 Mdepth=0 Ddepth=32251 above_floor=0 
max_residual=0.000bps candidates=0 fee_age=3207ms
MICRO HEARTBEAT state=watching symbols=3 signal_source=demo books=3 
demo_books=3 Bquotes=351944 Mdepth=0 Ddepth=32278 above_floor=0 
max_residual=0.000bps candidates=0 fee_age=248ms
MICRO HEARTBEAT state=watching symbols=3 signal_source=demo books=3 
demo_books=3 Bquotes=352194 Mdepth=0 Ddepth=32293 above_floor=0 
max_residual=0.000bps candidates=0 fee_age=2260ms
MICRO HEARTBEAT state=watching symbols=3 signal_source=demo books=3 
demo_books=3 Bquotes=352318 Mdepth=0 Ddepth=32314 above_floor=0 
max_residual=0.000bps candidates=0 fee_age=4281ms
MICRO HEARTBEAT state=watching symbols=3 signal_source=demo books=3 
demo_books=3 Bquotes=352531 Mdepth=0 Ddepth=32333 above_floor=0 
max_residual=0.000bps candidates=0 fee_age=1211ms
MICRO HEARTBEAT state=watching symbols=3 signal_source=demo books=3 
demo_books=3 Bquotes=352696 Mdepth=0 Ddepth=32348 above_floor=0 
max_residual=0.000bps candidates=0 fee_age=3212ms
MICRO HEARTBEAT state=watching symbols=3 signal_source=demo books=3 
demo_books=3 Bquotes=352780 Mdepth=0 Ddepth=32367 above_floor=0 
max_residual=0.000bps candidates=0 fee_age=254ms
MICRO HEARTBEAT state=watching symbols=3 signal_source=demo books=3 
demo_books=3 Bquotes=352998 Mdepth=0 Ddepth=32390 above_floor=0 
max_residual=0.000bps candidates=0 fee_age=2289ms
MICRO HEARTBEAT state=watching symbols=3 signal_source=demo books=3 
demo_books=3 Bquotes=353308 Mdepth=0 Ddepth=32393 above_floor=0 
max_residual=0.000bps candidates=0 fee_age=4298ms
MICRO SIGNAL LINK_USDT SHORT residual=-7.944bps threshold=1.259 spread=1.059 
net=+6.686 B100=-7.944 M100=+0.000 Bage=2ms Mage=180ms DemoCross=5.0bps
DEMO ENTRY LINK_USDT SHORT qty=1059.2 LIVEEntry=9.446 residual=-7.944 
notional=10005.2USDT leverage=200x requested_margin=50.0000USDT 
strategy_equity=0.0100USDT sizing=TARGET_NOTIONAL spread=1.059 
DemoFeeReported=2.00104 signal_to_visible=PENDING IOCconfirm=641.4ms 
reconcile=ASYNC
MICRO POSITION LINK_USDT mark=-1.059bps MFE=+0.000 MAE=-1.059 
DemoNetMark=-5.061493USDT DemoNet=-5.059bps DemoMFE=+0.000 DemoMAE=-5.059 
TRAIL=OFF residual=+0.000bps B100=+0.000
DEMO POSITION VISIBLE LINK_USDT signal_to_visible=979.1ms
MICRO POSITION LINK_USDT mark=-1.059bps MFE=+0.000 MAE=-1.059 
DemoNetMark=-5.061493USDT DemoNet=-5.059bps DemoMFE=+0.000 DemoMAE=-5.059 
TRAIL=OFF residual=+0.000bps B100=+0.000
MICRO POSITION LINK_USDT mark=-1.059bps MFE=+0.000 MAE=-1.059 
DemoNetMark=-5.061493USDT DemoNet=-5.059bps DemoMFE=+0.000 DemoMAE=-5.059 
TRAIL=OFF residual=+0.000bps B100=+0.000
MICRO EXIT LINK_USDT reason=binance_target_caught LIVEpnl=+13.769600USDT 
move=+13.762bps MFE=+13.762 MAE=-1.059 hold=6482ms DemoExit=9.433 
DemoGross=+13.769600 DemoNet=+9.770300 DemoFee=1.99826
MICRO HEARTBEAT state=watching symbols=3 signal_source=demo books=3 
demo_books=3 Bquotes=354970 Mdepth=0 Ddepth=32446 above_floor=0 
max_residual=0.000bps candidates=0 fee_age=3344ms
MICRO HEARTBEAT state=watching symbols=3 signal_source=demo books=3 
demo_books=3 Bquotes=355105 Mdepth=0 Ddepth=32455 above_floor=0 
max_residual=0.000bps candidates=0 fee_age=400ms
MICRO HEARTBEAT state=watching symbols=3 signal_source=demo books=3 
demo_books=3 Bquotes=355198 Mdepth=0 Ddepth=32455 above_floor=0 
max_residual=0.000bps candidates=0 fee_age=2405ms
MICRO HEARTBEAT state=watching symbols=3 signal_source=demo books=3 
demo_books=3 Bquotes=355304 Mdepth=0 Ddepth=32473 above_floor=0 
max_residual=0.000bps candidates=0 fee_age=2ms
MICRO HEARTBEAT state=watching symbols=3 signal_source=demo books=3 
demo_books=3 Bquotes=355420 Mdepth=0 Ddepth=32473 above_floor=0 
max_residual=0.000bps candidates=0 fee_age=2008ms
MICRO HEARTBEAT state=watching symbols=3 signal_source=demo books=3 
demo_books=3 Bquotes=355510 Mdepth=0 Ddepth=32473 above_floor=0 
max_residual=0.000bps candidates=0 fee_age=4058ms
MICRO HEARTBEAT state=watching symbols=3 signal_source=demo books=3 
demo_books=3 Bquotes=355701 Mdepth=0 Ddepth=32493 above_floor=0 
max_residual=0.000bps candidates=0 fee_age=978ms
MICRO HEARTBEAT state=watching symbols=3 signal_source=demo books=3 
demo_books=3 Bquotes=355820 Mdepth=0 Ddepth=32509 above_floor=0 
max_residual=0.000bps candidates=0 fee_age=2988ms
MICRO HEARTBEAT state=watching symbols=3 signal_source=demo books=3 
demo_books=3 Bquotes=355901 Mdepth=0 Ddepth=32509 above_floor=0 
max_residual=0.000bps candidates=0 fee_age=65ms
MICRO HEARTBEAT state=watching symbols=3 signal_source=demo books=3 
demo_books=3 Bquotes=356081 Mdepth=0 Ddepth=32522 above_floor=0 
max_residual=0.000bps candidates=0 fee_age=2066ms
MICRO HEARTBEAT state=watching symbols=3 signal_source=demo books=3 
demo_books=3 Bquotes=356269 Mdepth=0 Ddepth=32527 above_floor=0 
max_residual=0.000bps candidates=0 fee_age=4077ms
MICRO HEARTBEAT state=watching symbols=3 signal_source=demo books=3 
demo_books=3 Bquotes=356374 Mdepth=0 Ddepth=32527 above_floor=0 
max_residual=0.000bps candidates=0 fee_age=1141ms
MICRO HEARTBEAT state=watching symbols=3 signal_source=demo books=3 
demo_books=3 Bquotes=356493 Mdepth=0 Ddepth=32530 above_floor=0 
max_residual=0.000bps candidates=0 fee_age=3145ms
MICRO SIGNAL LINK_USDT LONG residual=+2.120bps threshold=1.260 spread=1.060 
net=+0.860 B100=+2.120 M100=+0.000 Bage=1ms Mage=1059ms DemoCross=5.0bps
DEMO ENTRY LINK_USDT LONG qty=1059.7 LIVEEntry=9.431 residual=+2.120 
notional=9994.03USDT leverage=200x requested_margin=50.0000USDT 
strategy_equity=9.7803USDT sizing=TARGET_NOTIONAL spread=1.060 
DemoFeeReported=0 signal_to_visible=5065.1ms IOCconfirm=1736.0ms 
reconcile=3315.1ms
MICRO POSITION LINK_USDT mark=+4.241bps MFE=+4.241 MAE=+0.000 
DemoNetMark=+2.239146USDT DemoNet=+2.240bps DemoMFE=+2.240 DemoMAE=+0.000 
TRAIL=+0.500bps residual=+0.000bps B100=+0.000
MICRO EXIT LINK_USDT reason=binance_target_caught LIVEpnl=+4.238800USDT 
move=+4.241bps MFE=+4.241 MAE=+0.000 hold=5083ms DemoExit=9.435 
DemoGross=+4.238800 DemoNet=+0.240400 DemoFee=3.9984
MICRO HEARTBEAT state=watching symbols=3 signal_source=demo books=3 
demo_books=3 Bquotes=357749 Mdepth=0 Ddepth=32606 above_floor=0 
max_residual=0.000bps candidates=0 fee_age=0ms
MICRO HEARTBEAT state=watching symbols=3 signal_source=demo books=3 
demo_books=3 Bquotes=357883 Mdepth=0 Ddepth=32606 above_floor=0 
max_residual=0.000bps candidates=0 fee_age=1410ms
MICRO HEARTBEAT state=watching symbols=3 signal_source=demo books=3 
demo_books=3 Bquotes=357950 Mdepth=0 Ddepth=32606 above_floor=0 
max_residual=0.000bps candidates=0 fee_age=3450ms
MICRO HEARTBEAT state=watching symbols=3 signal_source=demo books=3 
demo_books=3 Bquotes=358029 Mdepth=0 Ddepth=32612 above_floor=0 
max_residual=0.000bps candidates=0 fee_age=374ms
MICRO HEARTBEAT state=watching symbols=3 signal_source=demo books=3 
demo_books=3 Bquotes=358292 Mdepth=0 Ddepth=32625 above_floor=0 
max_residual=0.000bps candidates=0 fee_age=2393ms
MICRO HEARTBEAT state=watching symbols=3 signal_source=demo books=3 
demo_books=3 Bquotes=358501 Mdepth=0 Ddepth=32625 above_floor=0 
max_residual=0.000bps candidates=0 fee_age=0ms
MICRO HEARTBEAT state=watching symbols=3 signal_source=demo books=3 
demo_books=3 Bquotes=358615 Mdepth=0 Ddepth=32630 above_floor=0 
max_residual=0.000bps candidates=0 fee_age=2058ms
MICRO HEARTBEAT state=watching symbols=3 signal_source=demo books=3 
demo_books=3 Bquotes=358695 Mdepth=0 Ddepth=32652 above_floor=0 
max_residual=0.000bps candidates=0 fee_age=4100ms
MICRO HEARTBEAT state=watching symbols=3 signal_source=demo books=3 
demo_books=3 Bquotes=359257 Mdepth=0 Ddepth=32652 above_floor=0 
max_residual=0.000bps candidates=0 fee_age=1115ms
MICRO HEARTBEAT state=watching symbols=3 signal_source=demo books=3 
demo_books=3 Bquotes=359424 Mdepth=0 Ddepth=32652 above_floor=0 
max_residual=0.000bps candidates=0 fee_age=3150ms
MICRO HEARTBEAT state=watching symbols=3 signal_source=demo books=3 
demo_books=3 Bquotes=359542 Mdepth=0 Ddepth=32669 above_floor=0 
max_residual=0.000bps candidates=0 fee_age=178ms
MICRO HEARTBEAT state=watching symbols=3 signal_source=demo books=3 
demo_books=3 Bquotes=359654 Mdepth=0 Ddepth=32669 above_floor=0 
max_residual=0.000bps candidates=0 fee_age=2178ms
MICRO HEARTBEAT state=watching symbols=3 signal_source=demo books=3 
demo_books=3 Bquotes=359997 Mdepth=0 Ddepth=32669 above_floor=0 
max_residual=0.000bps candidates=0 fee_age=4200ms
MICRO HEARTBEAT state=watching symbols=3 signal_source=demo books=3 
demo_books=3 Bquotes=360166 Mdepth=0 Ddepth=32692 above_floor=0 
max_residual=0.000bps candidates=0 fee_age=1194ms
MICRO HEARTBEAT state=watching symbols=3 signal_source=demo books=3 
demo_books=3 Bquotes=360448 Mdepth=0 Ddepth=32704 above_floor=0 
max_residual=0.000bps candidates=0 fee_age=3243ms
MICRO HEARTBEAT state=watching symbols=3 signal_source=demo books=3 
demo_books=3 Bquotes=360528 Mdepth=0 Ddepth=32704 above_floor=0 
max_residual=0.000bps candidates=0 fee_age=162ms
MICRO HEARTBEAT state=watching symbols=3 signal_source=demo books=3 
demo_books=3 Bquotes=360585 Mdepth=0 Ddepth=32718 above_floor=0 
max_residual=0.000bps candidates=0 fee_age=2178ms
MICRO HEARTBEAT state=watching symbols=3 signal_source=demo books=3 
demo_books=3 Bquotes=360649 Mdepth=0 Ddepth=32721 above_floor=0 
max_residual=0.000bps candidates=0 fee_age=4208ms
MICRO HEARTBEAT state=watching symbols=3 signal_source=demo books=3 
demo_books=3 Bquotes=360741 Mdepth=0 Ddepth=32721 above_floor=0 
max_residual=0.000bps candidates=0 fee_age=1207ms
MICRO HEARTBEAT state=watching symbols=3 signal_source=demo books=3 
demo_books=3 Bquotes=360891 Mdepth=0 Ddepth=32727 above_floor=0 
max_residual=0.000bps candidates=0 fee_age=3207ms
MICRO HEARTBEAT state=watching symbols=3 signal_source=demo books=3 
demo_books=3 Bquotes=360953 Mdepth=0 Ddepth=32757 above_floor=0 
max_residual=0.000bps candidates=0 fee_age=203ms
MICRO SIGNAL LINK_USDT SHORT residual=-1.591bps threshold=1.261 spread=1.061 
net=+0.330 B100=-1.591 M100=+0.000 Bage=1ms Mage=79ms DemoCross=5.0bps
MICRO HEARTBEAT state=watching symbols=3 signal_source=demo books=3 
demo_books=3 Bquotes=362088 Mdepth=0 Ddepth=32822 above_floor=0 
max_residual=0.000bps candidates=0 fee_age=0ms
MICRO HEARTBEAT state=watching symbols=3 signal_source=demo books=3 
demo_books=3 Bquotes=362204 Mdepth=0 Ddepth=32837 above_floor=0 
max_residual=0.000bps candidates=0 fee_age=1337ms
MICRO HEARTBEAT state=watching symbols=3 signal_source=demo books=3 
demo_books=3 Bquotes=362335 Mdepth=0 Ddepth=32857 above_floor=0 
max_residual=0.000bps candidates=0 fee_age=3337ms
MICRO HEARTBEAT state=watching symbols=3 signal_source=demo books=3 
demo_books=3 Bquotes=362407 Mdepth=0 Ddepth=32872 above_floor=0 
max_residual=0.000bps candidates=0 fee_age=353ms
MICRO HEARTBEAT state=watching symbols=3 signal_source=demo books=3 
demo_books=3 Bquotes=362494 Mdepth=0 Ddepth=32894 above_floor=0 
max_residual=0.000bps candidates=0 fee_age=2356ms
MICRO HEARTBEAT state=watching symbols=3 signal_source=demo books=3 
demo_books=3 Bquotes=362594 Mdepth=0 Ddepth=32911 above_floor=0 
max_residual=0.000bps candidates=0 fee_age=4364ms
MICRO HEARTBEAT state=watching symbols=3 signal_source=demo books=3 
demo_books=3 Bquotes=362688 Mdepth=0 Ddepth=32928 above_floor=0 
max_residual=0.000bps candidates=0 fee_age=1393ms
MICRO HEARTBEAT state=watching symbols=3 signal_source=demo books=3 
demo_books=3 Bquotes=362753 Mdepth=0 Ddepth=32947 above_floor=0 
max_residual=0.000bps candidates=0 fee_age=3402ms
MICRO HEARTBEAT state=watching symbols=3 signal_source=demo books=3 
demo_books=3 Bquotes=362820 Mdepth=0 Ddepth=32962 above_floor=0 
max_residual=0.000bps candidates=0 fee_age=319ms
MICRO HEARTBEAT state=watching symbols=3 signal_source=demo books=3 
demo_books=3 Bquotes=362912 Mdepth=0 Ddepth=32982 above_floor=0 
max_residual=0.000bps candidates=0 fee_age=2335ms
MICRO HEARTBEAT state=watching symbols=3 signal_source=demo books=3 
demo_books=3 Bquotes=362991 Mdepth=0 Ddepth=33009 above_floor=0 
max_residual=0.000bps candidates=0 fee_age=0ms
MICRO HEARTBEAT state=watching symbols=3 signal_source=demo books=3 
demo_books=3 Bquotes=363079 Mdepth=0 Ddepth=33028 above_floor=0 
max_residual=0.000bps candidates=0 fee_age=2017ms
MICRO HEARTBEAT state=watching symbols=3 signal_source=demo books=3 
demo_books=3 Bquotes=363421 Mdepth=0 Ddepth=33052 above_floor=0 
max_residual=0.000bps candidates=0 fee_age=0ms
MICRO HEARTBEAT state=watching symbols=3 signal_source=demo books=3 
demo_books=3 Bquotes=363495 Mdepth=0 Ddepth=33071 above_floor=0 
max_residual=0.000bps candidates=0 fee_age=2023ms
MICRO HEARTBEAT state=watching symbols=3 signal_source=demo books=3 
demo_books=3 Bquotes=363595 Mdepth=0 Ddepth=33094 above_floor=0 
max_residual=0.000bps candidates=0 fee_age=4048ms
MICRO HEARTBEAT state=watching symbols=3 signal_source=demo books=3 
demo_books=3 Bquotes=363768 Mdepth=0 Ddepth=33109 above_floor=0 
max_residual=0.000bps candidates=0 fee_age=1086ms
MICRO HEARTBEAT state=watching symbols=3 signal_source=demo books=3 
demo_books=3 Bquotes=364088 Mdepth=0 Ddepth=33128 above_floor=0 
max_residual=0.000bps candidates=0 fee_age=3134ms
MICRO HEARTBEAT state=watching symbols=3 signal_source=demo books=3 
demo_books=3 Bquotes=364183 Mdepth=0 Ddepth=33148 above_floor=0 
max_residual=0.000bps candidates=0 fee_age=72ms
MICRO HEARTBEAT state=watching symbols=3 signal_source=demo books=3 
demo_books=3 Bquotes=364248 Mdepth=0 Ddepth=33166 above_floor=0 
max_residual=0.000bps candidates=0 fee_age=2116ms
MICRO SIGNAL LINK_USDT LONG residual=+2.120bps threshold=1.260 spread=1.060 
net=+0.860 B100=+2.120 M100=+0.000 Bage=2ms Mage=733ms DemoCross=5.0bps
MICRO HEARTBEAT state=watching symbols=3 signal_source=demo books=3 
demo_books=3 Bquotes=365165 Mdepth=0 Ddepth=33277 above_floor=0 
max_residual=0.000bps candidates=0 fee_age=0ms
MICRO SIGNAL LINK_USDT SHORT residual=-1.589bps threshold=1.260 spread=1.060 
net=+0.330 B100=-1.589 M100=+0.000 Bage=1ms Mage=1744ms DemoCross=5.0bps
MICRO HEARTBEAT state=watching symbols=3 signal_source=demo books=3 
demo_books=3 Bquotes=366410 Mdepth=0 Ddepth=33389 above_floor=0 
max_residual=0.000bps candidates=0 fee_age=0ms
MICRO HEARTBEAT state=watching symbols=3 signal_source=demo books=3 
demo_books=3 Bquotes=366475 Mdepth=0 Ddepth=33401 above_floor=0 
max_residual=0.000bps candidates=0 fee_age=1356ms
MICRO HEARTBEAT state=watching symbols=3 signal_source=demo books=3 
demo_books=3 Bquotes=366974 Mdepth=0 Ddepth=33420 above_floor=0 
max_residual=0.000bps candidates=0 fee_age=3390ms
MICRO HEARTBEAT state=watching symbols=3 signal_source=demo books=3 
demo_books=3 Bquotes=367112 Mdepth=0 Ddepth=33445 above_floor=0 
max_residual=0.000bps candidates=0 fee_age=372ms
MICRO HEARTBEAT state=watching symbols=3 signal_source=demo books=3 
demo_books=3 Bquotes=367234 Mdepth=0 Ddepth=33458 above_floor=0 
max_residual=0.000bps candidates=0 fee_age=2411ms
MICRO HEARTBEAT state=watching symbols=3 signal_source=demo books=3 
demo_books=3 Bquotes=367325 Mdepth=0 Ddepth=33483 above_floor=0 
max_residual=0.000bps candidates=0 fee_age=0ms
MICRO HEARTBEAT state=watching symbols=3 signal_source=demo books=3 
demo_books=3 Bquotes=367419 Mdepth=0 Ddepth=33502 above_floor=0 
max_residual=0.000bps candidates=0 fee_age=2013ms
MICRO HEARTBEAT state=watching symbols=3 signal_source=demo books=3 
demo_books=3 Bquotes=367553 Mdepth=0 Ddepth=33520 above_floor=0 
max_residual=0.000bps candidates=0 fee_age=4019ms
MICRO HEARTBEAT state=watching symbols=3 signal_source=demo books=3 
demo_books=3 Bquotes=367682 Mdepth=0 Ddepth=33541 above_floor=0 
max_residual=0.000bps candidates=0 fee_age=1002ms
MICRO HEARTBEAT state=watching symbols=3 signal_source=demo books=3 
demo_books=3 Bquotes=367776 Mdepth=0 Ddepth=33554 above_floor=0 
max_residual=0.000bps candidates=0 fee_age=3018ms
MICRO HEARTBEAT state=watching symbols=3 signal_source=demo books=3 
demo_books=3 Bquotes=367890 Mdepth=0 Ddepth=33577 above_floor=0 
max_residual=0.000bps candidates=0 fee_age=42ms
MICRO HEARTBEAT state=watching symbols=3 signal_source=demo books=3 
demo_books=3 Bquotes=368101 Mdepth=0 Ddepth=33595 above_floor=0 
max_residual=0.000bps candidates=0 fee_age=2047ms
MICRO HEARTBEAT state=watching symbols=3 signal_source=demo books=3 
demo_books=3 Bquotes=368303 Mdepth=0 Ddepth=33609 above_floor=0 
max_residual=0.000bps candidates=0 fee_age=4048ms
MICRO HEARTBEAT state=watching symbols=3 signal_source=demo books=3 
demo_books=3 Bquotes=368378 Mdepth=0 Ddepth=33632 above_floor=0 
max_residual=0.000bps candidates=0 fee_age=999ms
MICRO HEARTBEAT state=watching symbols=3 signal_source=demo books=3 
demo_books=3 Bquotes=368566 Mdepth=0 Ddepth=33653 above_floor=0 
max_residual=0.000bps candidates=0 fee_age=3025ms
MICRO HEARTBEAT state=watching symbols=3 signal_source=demo books=3 
demo_books=3 Bquotes=368740 Mdepth=0 Ddepth=33676 above_floor=0 
max_residual=0.000bps candidates=0 fee_age=0ms
MICRO HEARTBEAT state=watching symbols=3 signal_source=demo books=3 
demo_books=3 Bquotes=368817 Mdepth=0 Ddepth=33695 above_floor=0 
max_residual=0.000bps candidates=0 fee_age=2029ms
MICRO HEARTBEAT state=watching symbols=3 signal_source=demo books=3 
demo_books=3 Bquotes=369024 Mdepth=0 Ddepth=33716 above_floor=0 
max_residual=0.000bps candidates=0 fee_age=0ms
MICRO HEARTBEAT state=watching symbols=3 signal_source=demo books=3 
demo_books=3 Bquotes=369348 Mdepth=0 Ddepth=33738 above_floor=0 
max_residual=0.000bps candidates=0 fee_age=2002ms
MICRO HEARTBEAT state=watching symbols=3 signal_source=demo books=3 
demo_books=3 Bquotes=369980 Mdepth=0 Ddepth=33754 above_floor=0 
max_residual=0.000bps candidates=0 fee_age=4002ms
MICRO HEARTBEAT state=watching symbols=3 signal_source=demo books=3 
demo_books=3 Bquotes=370107 Mdepth=0 Ddepth=33774 above_floor=0 
max_residual=0.000bps candidates=0 fee_age=970ms
MICRO SIGNAL LINK_USDT LONG residual=+2.117bps threshold=1.259 spread=1.059 
net=+0.858 B100=+2.117 M100=+0.000 Bage=1ms Mage=1595ms DemoCross=5.0bps
DEMO ENTRY LINK_USDT LONG qty=1058 LIVEEntry=9.446 residual=+2.117 
notional=9993.87USDT leverage=200x requested_margin=50.0000USDT 
strategy_equity=10.0207USDT sizing=TARGET_NOTIONAL spread=1.059 
DemoFeeReported=1.99877 signal_to_visible=PENDING IOCconfirm=646.4ms 
reconcile=ASYNC
MICRO POSITION LINK_USDT mark=-1.059bps MFE=+0.000 MAE=-1.059 
DemoNetMark=-5.055336USDT DemoNet=-5.058bps DemoMFE=+0.000 DemoMAE=-5.058 
TRAIL=OFF residual=+0.000bps B100=+0.000
DEMO POSITION VISIBLE LINK_USDT signal_to_visible=1011.8ms
MICRO POSITION LINK_USDT mark=-1.059bps MFE=+0.000 MAE=-1.059 
DemoNetMark=-5.055336USDT DemoNet=-5.058bps DemoMFE=+0.000 DemoMAE=-5.058 
TRAIL=OFF residual=+0.000bps B100=+0.000
MICRO POSITION LINK_USDT mark=+1.059bps MFE=+1.059 MAE=-1.059 
DemoNetMark=-2.939759USDT DemoNet=-2.942bps DemoMFE=+0.000 DemoMAE=-5.058 
TRAIL=OFF residual=+0.000bps B100=+0.000
MICRO POSITION LINK_USDT mark=+1.059bps MFE=+1.059 MAE=-1.059 
DemoNetMark=-2.939759USDT DemoNet=-2.942bps DemoMFE=+0.000 DemoMAE=-5.058 
TRAIL=OFF residual=+0.000bps B100=+0.000
MICRO POSITION LINK_USDT mark=+1.059bps MFE=+1.059 MAE=-1.059 
DemoNetMark=-2.939759USDT DemoNet=-2.942bps DemoMFE=+0.000 DemoMAE=-5.058 
TRAIL=OFF residual=+0.000bps B100=+0.000
MICRO POSITION LINK_USDT mark=+1.059bps MFE=+1.059 MAE=-1.059 
DemoNetMark=-2.939759USDT DemoNet=-2.942bps DemoMFE=+0.000 DemoMAE=-5.058 
TRAIL=OFF residual=+0.000bps B100=+0.000
MICRO POSITION LINK_USDT mark=+1.059bps MFE=+1.059 MAE=-1.059 
DemoNetMark=-2.939759USDT DemoNet=-2.942bps DemoMFE=+0.000 DemoMAE=-5.058 
TRAIL=OFF residual=+0.000bps B100=+0.000
MICRO POSITION LINK_USDT mark=+1.059bps MFE=+1.059 MAE=-1.059 
DemoNetMark=-2.939759USDT DemoNet=-2.942bps DemoMFE=+0.000 DemoMAE=-5.058 
TRAIL=OFF residual=+0.000bps B100=+0.000
MICRO POSITION LINK_USDT mark=+1.059bps MFE=+1.059 MAE=-1.059 
DemoNetMark=-2.939759USDT DemoNet=-2.942bps DemoMFE=+0.000 DemoMAE=-5.058 
TRAIL=OFF residual=+0.000bps B100=+0.000
MICRO POSITION LINK_USDT mark=+1.059bps MFE=+1.059 MAE=-1.059 
DemoNetMark=-2.939759USDT DemoNet=-2.942bps DemoMFE=+0.000 DemoMAE=-5.058 
TRAIL=OFF residual=+0.000bps B100=+0.000
MICRO POSITION LINK_USDT mark=-1.059bps MFE=+1.059 MAE=-1.059 
DemoNetMark=-5.055336USDT DemoNet=-5.058bps DemoMFE=+0.000 DemoMAE=-5.058 
TRAIL=OFF residual=+0.000bps B100=+0.000
MICRO POSITION LINK_USDT mark=-1.059bps MFE=+1.059 MAE=-1.059 
DemoNetMark=-5.055336USDT DemoNet=-5.058bps DemoMFE=+0.000 DemoMAE=-5.058 
TRAIL=OFF residual=+0.000bps B100=+0.000
MICRO POSITION LINK_USDT mark=-1.059bps MFE=+1.059 MAE=-1.059 
DemoNetMark=-5.055336USDT DemoNet=-5.058bps DemoMFE=+0.000 DemoMAE=-5.058 
TRAIL=OFF residual=+0.000bps B100=+0.000
MICRO POSITION LINK_USDT mark=-1.059bps MFE=+1.059 MAE=-1.059 
DemoNetMark=-5.055336USDT DemoNet=-5.058bps DemoMFE=+0.000 DemoMAE=-5.058 
TRAIL=OFF residual=+0.000bps B100=+0.000
MICRO POSITION LINK_USDT mark=-1.059bps MFE=+1.059 MAE=-1.059 
DemoNetMark=-5.055336USDT DemoNet=-5.058bps DemoMFE=+0.000 DemoMAE=-5.058 
TRAIL=OFF residual=+0.000bps B100=+0.000
MICRO EXIT LINK_USDT reason=demo_adverse_cut LIVEpnl=-2.116000USDT 
move=-2.117bps MFE=+1.059 MAE=-2.117 hold=29998ms DemoExit=9.444 
DemoGross=-2.116000 DemoNet=-6.113100 DemoFee=1.99833
MICRO HEARTBEAT state=watching symbols=3 signal_source=demo books=3 
demo_books=3 Bquotes=372503 Mdepth=0 Ddepth=34068 above_floor=0 
max_residual=0.000bps candidates=0 fee_age=2771ms
MICRO HEARTBEAT state=watching symbols=3 signal_source=demo books=3 
demo_books=3 Bquotes=372608 Mdepth=0 Ddepth=34088 above_floor=0 
max_residual=0.000bps candidates=0 fee_age=60ms
MICRO HEARTBEAT state=watching symbols=3 signal_source=demo books=3 
demo_books=3 Bquotes=372675 Mdepth=0 Ddepth=34104 above_floor=0 
max_residual=0.000bps candidates=0 fee_age=2066ms
MICRO HEARTBEAT state=watching symbols=3 signal_source=demo books=3 
demo_books=3 Bquotes=372781 Mdepth=0 Ddepth=34124 above_floor=0 
max_residual=0.000bps candidates=0 fee_age=4072ms
MICRO HEARTBEAT state=watching symbols=3 signal_source=demo books=3 
demo_books=3 Bquotes=372912 Mdepth=0 Ddepth=34140 above_floor=0 
max_residual=0.000bps candidates=0 fee_age=1148ms
MICRO HEARTBEAT state=watching symbols=3 signal_source=demo books=3 
demo_books=3 Bquotes=373010 Mdepth=0 Ddepth=34160 above_floor=0 
max_residual=0.000bps candidates=0 fee_age=3196ms
MICRO HEARTBEAT state=watching symbols=3 signal_source=demo books=3 
demo_books=3 Bquotes=373066 Mdepth=0 Ddepth=34181 above_floor=0 
max_residual=0.000bps candidates=0 fee_age=312ms
MICRO HEARTBEAT state=watching symbols=3 signal_source=demo books=3 
demo_books=3 Bquotes=373154 Mdepth=0 Ddepth=34195 above_floor=0 
max_residual=0.000bps candidates=0 fee_age=2318ms
MICRO HEARTBEAT state=watching symbols=3 signal_source=demo books=3 
demo_books=3 Bquotes=373270 Mdepth=0 Ddepth=34227 above_floor=0 
max_residual=0.000bps candidates=0 fee_age=0ms
MICRO HEARTBEAT state=watching symbols=3 signal_source=demo books=3 
demo_books=3 Bquotes=373327 Mdepth=0 Ddepth=34237 above_floor=0 
max_residual=0.000bps candidates=0 fee_age=1419ms
MICRO HEARTBEAT state=watching symbols=3 signal_source=demo books=3 
demo_books=3 Bquotes=373493 Mdepth=0 Ddepth=34254 above_floor=0 
max_residual=0.000bps candidates=0 fee_age=3446ms
MICRO HEARTBEAT state=watching symbols=3 signal_source=demo books=3 
demo_books=3 Bquotes=373617 Mdepth=0 Ddepth=34275 above_floor=0 
max_residual=0.000bps candidates=0 fee_age=295ms
MICRO HEARTBEAT state=watching symbols=3 signal_source=demo books=3 
demo_books=3 Bquotes=373724 Mdepth=0 Ddepth=34289 above_floor=0 
max_residual=0.000bps candidates=0 fee_age=2309ms
MICRO HEARTBEAT state=watching symbols=3 signal_source=demo books=3 
demo_books=3 Bquotes=373947 Mdepth=0 Ddepth=34313 above_floor=0 
max_residual=0.000bps candidates=0 fee_age=0ms
MICRO HEARTBEAT state=watching symbols=3 signal_source=demo books=3 
demo_books=3 Bquotes=374183 Mdepth=0 Ddepth=34332 above_floor=0 
max_residual=0.000bps candidates=0 fee_age=2001ms
MICRO HEARTBEAT state=watching symbols=3 signal_source=demo books=3 
demo_books=3 Bquotes=374324 Mdepth=0 Ddepth=34354 above_floor=0 
max_residual=0.000bps candidates=0 fee_age=4004ms
MICRO HEARTBEAT state=watching symbols=3 signal_source=demo books=3 
demo_books=3 Bquotes=374457 Mdepth=0 Ddepth=34374 above_floor=0 
max_residual=0.000bps candidates=0 fee_age=929ms
MICRO HEARTBEAT state=watching symbols=3 signal_source=demo books=3 
demo_books=3 Bquotes=374598 Mdepth=0 Ddepth=34389 above_floor=0 
max_residual=0.000bps candidates=0 fee_age=2951ms
MICRO HEARTBEAT state=watching symbols=3 signal_source=demo books=3 
demo_books=3 Bquotes=374770 Mdepth=0 Ddepth=34409 above_floor=0 
max_residual=0.000bps candidates=0 fee_age=0ms
MICRO HEARTBEAT state=watching symbols=3 signal_source=demo books=3 
demo_books=3 Bquotes=374902 Mdepth=0 Ddepth=34431 above_floor=0 
max_residual=0.000bps candidates=0 fee_age=2007ms
MICRO HEARTBEAT state=watching symbols=3 signal_source=demo books=3 
demo_books=3 Bquotes=374970 Mdepth=0 Ddepth=34448 above_floor=0 
max_residual=0.000bps candidates=0 fee_age=4007ms
MICRO HEARTBEAT state=watching symbols=3 signal_source=demo books=3 
demo_books=3 Bquotes=375069 Mdepth=0 Ddepth=34466 above_floor=0 
max_residual=0.000bps candidates=0 fee_age=989ms
MICRO HEARTBEAT state=watching symbols=3 signal_source=demo books=3 
demo_books=3 Bquotes=375190 Mdepth=0 Ddepth=34487 above_floor=0 
max_residual=0.000bps candidates=0 fee_age=3007ms
MICRO HEARTBEAT state=watching symbols=3 signal_source=demo books=3 
demo_books=3 Bquotes=375315 Mdepth=0 Ddepth=34509 above_floor=0 
max_residual=0.000bps candidates=0 fee_age=0ms
MICRO HEARTBEAT state=watching symbols=3 signal_source=demo books=3 
demo_books=3 Bquotes=375413 Mdepth=0 Ddepth=34530 above_floor=0 
max_residual=0.000bps candidates=0 fee_age=2017ms
MICRO HEARTBEAT state=watching symbols=3 signal_source=demo books=3 
demo_books=3 Bquotes=375539 Mdepth=0 Ddepth=34549 above_floor=0 
max_residual=0.000bps candidates=0 fee_age=4044ms
MICRO HEARTBEAT state=watching symbols=3 signal_source=demo books=3 
demo_books=3 Bquotes=375639 Mdepth=0 Ddepth=34571 above_floor=0 
max_residual=0.000bps candidates=0 fee_age=1131ms
MICRO HEARTBEAT state=watching symbols=3 signal_source=demo books=3 
demo_books=3 Bquotes=375772 Mdepth=0 Ddepth=34591 above_floor=0 
max_residual=0.000bps candidates=0 fee_age=3131ms
MICRO HEARTBEAT state=watching symbols=3 signal_source=demo books=3 
demo_books=3 Bquotes=375935 Mdepth=0 Ddepth=34610 above_floor=0 
max_residual=0.000bps candidates=0 fee_age=106ms
MICRO HEARTBEAT state=watching symbols=3 signal_source=demo books=3 
demo_books=3 Bquotes=376020 Mdepth=0 Ddepth=34632 above_floor=0 
max_residual=0.000bps candidates=0 fee_age=2107ms
MICRO HEARTBEAT state=watching symbols=3 signal_source=demo books=3 
demo_books=3 Bquotes=376164 Mdepth=0 Ddepth=34650 above_floor=0 
max_residual=0.000bps candidates=0 fee_age=4154ms
MICRO HEARTBEAT state=watching symbols=3 signal_source=demo books=3 
demo_books=3 Bquotes=376334 Mdepth=0 Ddepth=34670 above_floor=0 
max_residual=0.000bps candidates=0 fee_age=1105ms
MICRO HEARTBEAT state=watching symbols=3 signal_source=demo books=3 
demo_books=3 Bquotes=376441 Mdepth=0 Ddepth=34691 above_floor=0 
max_residual=0.000bps candidates=0 fee_age=3121ms
MICRO HEARTBEAT state=watching symbols=3 signal_source=demo books=3 
demo_books=3 Bquotes=376672 Mdepth=0 Ddepth=34693 above_floor=0 
max_residual=0.000bps candidates=0 fee_age=220ms
MICRO HEARTBEAT state=watching symbols=3 signal_source=demo books=3 
demo_books=3 Bquotes=376779 Mdepth=0 Ddepth=34693 above_floor=0 
max_residual=0.000bps candidates=0 fee_age=2223ms
MICRO HEARTBEAT state=watching symbols=3 signal_source=demo books=3 
demo_books=3 Bquotes=376867 Mdepth=0 Ddepth=34709 above_floor=0 
max_residual=0.000bps candidates=0 fee_age=4231ms
MICRO HEARTBEAT state=watching symbols=3 signal_source=demo books=3 
demo_books=3 Bquotes=376957 Mdepth=0 Ddepth=34720 above_floor=0 
max_residual=0.000bps candidates=0 fee_age=1192ms
MICRO HEARTBEAT state=watching symbols=3 signal_source=demo books=3 
demo_books=3 Bquotes=377076 Mdepth=0 Ddepth=34720 above_floor=0 
max_residual=0.000bps candidates=0 fee_age=3234ms
MICRO HEARTBEAT state=watching symbols=3 signal_source=demo books=3 
demo_books=3 Bquotes=377221 Mdepth=0 Ddepth=34734 above_floor=0 
max_residual=0.000bps candidates=0 fee_age=297ms
MICRO SIGNAL LINK_USDT SHORT residual=-2.117bps threshold=1.259 spread=1.059 
net=+0.858 B100=-2.117 M100=+0.000 Bage=58ms Mage=624ms DemoCross=5.0bps
MICRO HEARTBEAT state=watching symbols=3 signal_source=demo books=3 
demo_books=3 Bquotes=378280 Mdepth=0 Ddepth=34765 above_floor=0 
max_residual=0.000bps candidates=0 fee_age=0ms
MICRO HEARTBEAT state=watching symbols=3 signal_source=demo books=3 
demo_books=3 Bquotes=378379 Mdepth=0 Ddepth=34785 above_floor=0 
max_residual=0.000bps candidates=0 fee_age=1369ms
MICRO HEARTBEAT state=watching symbols=3 signal_source=demo books=3 
demo_books=3 Bquotes=378480 Mdepth=0 Ddepth=34787 above_floor=0 
max_residual=0.000bps candidates=0 fee_age=3407ms
MICRO HEARTBEAT state=watching symbols=3 signal_source=demo books=3 
demo_books=3 Bquotes=378757 Mdepth=0 Ddepth=34787 above_floor=0 
max_residual=0.000bps candidates=0 fee_age=447ms
MICRO HEARTBEAT state=watching symbols=3 signal_source=demo books=3 
demo_books=3 Bquotes=378859 Mdepth=0 Ddepth=34799 above_floor=0 
max_residual=0.000bps candidates=0 fee_age=2453ms
MICRO HEARTBEAT state=watching symbols=3 signal_source=demo books=3 
demo_books=3 Bquotes=379017 Mdepth=0 Ddepth=34810 above_floor=0 
max_residual=0.000bps candidates=0 fee_age=4ms
MICRO HEARTBEAT state=watching symbols=3 signal_source=demo books=3 
demo_books=3 Bquotes=379114 Mdepth=0 Ddepth=34810 above_floor=0 
max_residual=0.000bps candidates=0 fee_age=2055ms
MICRO HEARTBEAT state=watching symbols=3 signal_source=demo books=3 
demo_books=3 Bquotes=379200 Mdepth=0 Ddepth=34824 above_floor=0 
max_residual=0.000bps candidates=0 fee_age=4073ms
MICRO HEARTBEAT state=watching symbols=3 signal_source=demo books=3 
demo_books=3 Bquotes=379308 Mdepth=0 Ddepth=34830 above_floor=0 
max_residual=0.000bps candidates=0 fee_age=1020ms
MICRO HEARTBEAT state=watching symbols=3 signal_source=demo books=3 
demo_books=3 Bquotes=379422 Mdepth=0 Ddepth=34830 above_floor=0 
max_residual=0.000bps candidates=0 fee_age=3020ms
MICRO HEARTBEAT state=watching symbols=3 signal_source=demo books=3 
demo_books=3 Bquotes=379518 Mdepth=0 Ddepth=34832 above_floor=0 
max_residual=0.000bps candidates=0 fee_age=115ms
MICRO HEARTBEAT state=watching symbols=3 signal_source=demo books=3 
demo_books=3 Bquotes=379715 Mdepth=0 Ddepth=34858 above_floor=0 
max_residual=0.000bps candidates=0 fee_age=2131ms
MICRO HEARTBEAT state=watching symbols=3 signal_source=demo books=3 
demo_books=3 Bquotes=379870 Mdepth=0 Ddepth=34858 above_floor=0 
max_residual=0.000bps candidates=0 fee_age=4153ms
MICRO HEARTBEAT state=watching symbols=3 signal_source=demo books=3 
demo_books=3 Bquotes=379999 Mdepth=0 Ddepth=34858 above_floor=0 
max_residual=0.000bps candidates=0 fee_age=1020ms
MICRO HEARTBEAT state=watching symbols=3 signal_source=demo books=3 
demo_books=3 Bquotes=380142 Mdepth=0 Ddepth=34869 above_floor=0 
max_residual=0.000bps candidates=0 fee_age=3073ms
MICRO HEARTBEAT state=watching symbols=3 signal_source=demo books=3 
demo_books=3 Bquotes=380249 Mdepth=0 Ddepth=34869 above_floor=0 
max_residual=0.000bps candidates=0 fee_age=82ms
MICRO HEARTBEAT state=watching symbols=3 signal_source=demo books=3 
demo_books=3 Bquotes=380375 Mdepth=0 Ddepth=34869 above_floor=0 
max_residual=0.000bps candidates=0 fee_age=2095ms
MICRO HEARTBEAT state=watching symbols=3 signal_source=demo books=3 
demo_books=3 Bquotes=380507 Mdepth=0 Ddepth=34885 above_floor=0 
max_residual=0.000bps candidates=0 fee_age=4113ms
MICRO HEARTBEAT state=watching symbols=3 signal_source=demo books=3 
demo_books=3 Bquotes=380595 Mdepth=0 Ddepth=34897 above_floor=0 
max_residual=0.000bps candidates=0 fee_age=1064ms
MICRO HEARTBEAT state=watching symbols=3 signal_source=demo books=3 
demo_books=3 Bquotes=380792 Mdepth=0 Ddepth=34897 above_floor=0 
max_residual=0.000bps candidates=0 fee_age=3113ms
MICRO HEARTBEAT state=watching symbols=3 signal_source=demo books=3 
demo_books=3 Bquotes=380883 Mdepth=0 Ddepth=34902 above_floor=0 
max_residual=0.000bps candidates=0 fee_age=0ms
MICRO SIGNAL LINK_USDT LONG residual=+2.117bps threshold=1.258 spread=1.058 
net=+0.859 B100=+2.117 M100=+0.000 Bage=1ms Mage=480ms DemoCross=5.0bps
MICRO HEARTBEAT state=watching symbols=3 signal_source=demo books=3 
demo_books=3 Bquotes=381802 Mdepth=0 Ddepth=34942 above_floor=0 
max_residual=0.000bps candidates=0 fee_age=0ms
MICRO HEARTBEAT state=watching symbols=3 signal_source=demo books=3 
demo_books=3 Bquotes=381917 Mdepth=0 Ddepth=34957 above_floor=0 
max_residual=0.000bps candidates=0 fee_age=1368ms
MICRO HEARTBEAT state=watching symbols=3 signal_source=demo books=3 
demo_books=3 Bquotes=382025 Mdepth=0 Ddepth=34970 above_floor=0 
max_residual=0.000bps candidates=0 fee_age=3408ms
MICRO HEARTBEAT state=watching symbols=3 signal_source=demo books=3 
demo_books=3 Bquotes=382100 Mdepth=0 Ddepth=34970 above_floor=0 
max_residual=0.000bps candidates=0 fee_age=423ms
MICRO HEARTBEAT state=watching symbols=3 signal_source=demo books=3 
demo_books=3 Bquotes=382199 Mdepth=0 Ddepth=34976 above_floor=0 
max_residual=0.000bps candidates=0 fee_age=2456ms
MICRO HEARTBEAT state=watching symbols=3 signal_source=demo books=3 
demo_books=3 Bquotes=382314 Mdepth=0 Ddepth=35002 above_floor=0 
max_residual=0.000bps candidates=0 fee_age=0ms
MICRO SIGNAL LINK_USDT SHORT residual=-1.587bps threshold=1.258 spread=1.058 
net=+0.329 B100=-1.587 M100=+0.000 Bage=1ms Mage=777ms DemoCross=5.0bps
DEMO ENTRY LINK_USDT SHORT qty=1058.5 LIVEEntry=9.452 residual=-1.587 
notional=10004.9USDT leverage=200x requested_margin=50.0000USDT 
strategy_equity=3.9076USDT sizing=TARGET_NOTIONAL spread=1.058 
DemoFeeReported=0 signal_to_visible=2331.9ms IOCconfirm=1720.8ms 
reconcile=595.2ms
MICRO POSITION LINK_USDT mark=-1.058bps MFE=+0.000 MAE=-1.058 
DemoNetMark=-3.059700USDT DemoNet=-3.058bps DemoMFE=+0.000 DemoMAE=-3.058 
TRAIL=OFF residual=+0.000bps B100=+0.000
MICRO EXIT LINK_USDT reason=binance_target_caught LIVEpnl=+1.058500USDT 
move=+1.058bps MFE=+1.058 MAE=-1.058 hold=3821ms DemoExit=9.451 
DemoGross=+1.058500 DemoNet=-2.943200 DemoFee=4.0017
MICRO HEARTBEAT state=watching symbols=3 signal_source=demo books=3 
demo_books=3 Bquotes=383065 Mdepth=0 Ddepth=35052 above_floor=0 
max_residual=0.000bps candidates=0 fee_age=1872ms
MICRO HEARTBEAT state=watching symbols=3 signal_source=demo books=3 
demo_books=3 Bquotes=383124 Mdepth=0 Ddepth=35070 above_floor=0 
max_residual=0.000bps candidates=0 fee_age=3897ms
MICRO HEARTBEAT state=watching symbols=3 signal_source=demo books=3 
demo_books=3 Bquotes=383294 Mdepth=0 Ddepth=35075 above_floor=0 
max_residual=0.000bps candidates=0 fee_age=963ms
MICRO HEARTBEAT state=watching symbols=3 signal_source=demo books=3 
demo_books=3 Bquotes=383380 Mdepth=0 Ddepth=35094 above_floor=0 
max_residual=0.000bps candidates=0 fee_age=2965ms
MICRO HEARTBEAT state=watching symbols=3 signal_source=demo books=3 
demo_books=3 Bquotes=383479 Mdepth=0 Ddepth=35113 above_floor=0 
max_residual=0.000bps candidates=0 fee_age=0ms
MICRO HEARTBEAT state=watching symbols=3 signal_source=demo books=3 
demo_books=3 Bquotes=383539 Mdepth=0 Ddepth=35130 above_floor=0 
max_residual=0.000bps candidates=0 fee_age=2000ms
MICRO HEARTBEAT state=watching symbols=3 signal_source=demo books=3 
demo_books=3 Bquotes=383678 Mdepth=0 Ddepth=35154 above_floor=0 
max_residual=0.000bps candidates=0 fee_age=4020ms
MICRO HEARTBEAT state=watching symbols=3 signal_source=demo books=3 
demo_books=3 Bquotes=383806 Mdepth=0 Ddepth=35166 above_floor=0 
max_residual=0.000bps candidates=0 fee_age=987ms
MICRO HEARTBEAT state=watching symbols=3 signal_source=demo books=3 
demo_books=3 Bquotes=383897 Mdepth=0 Ddepth=35184 above_floor=0 
max_residual=0.000bps candidates=0 fee_age=3012ms
MICRO HEARTBEAT state=watching symbols=3 signal_source=demo books=3 
demo_books=3 Bquotes=383988 Mdepth=0 Ddepth=35207 above_floor=0 
max_residual=0.000bps candidates=0 fee_age=42ms
MICRO HEARTBEAT state=watching symbols=3 signal_source=demo books=3 
demo_books=3 Bquotes=384067 Mdepth=0 Ddepth=35224 above_floor=0 
max_residual=0.000bps candidates=0 fee_age=2064ms
MICRO HEARTBEAT state=watching symbols=3 signal_source=demo books=3 
demo_books=3 Bquotes=384132 Mdepth=0 Ddepth=35240 above_floor=0 
max_residual=0.000bps candidates=0 fee_age=4113ms
MICRO HEARTBEAT state=watching symbols=3 signal_source=demo books=3 
demo_books=3 Bquotes=384235 Mdepth=0 Ddepth=35262 above_floor=0 
max_residual=0.000bps candidates=0 fee_age=1093ms
MICRO HEARTBEAT state=watching symbols=3 signal_source=demo books=3 
demo_books=3 Bquotes=384298 Mdepth=0 Ddepth=35281 above_floor=0 
max_residual=0.000bps candidates=0 fee_age=3130ms
MICRO HEARTBEAT state=watching symbols=3 signal_source=demo books=3 
demo_books=3 Bquotes=384446 Mdepth=0 Ddepth=35302 above_floor=0 
max_residual=0.000bps candidates=0 fee_age=31ms
MICRO HEARTBEAT state=watching symbols=3 signal_source=demo books=3 
demo_books=3 Bquotes=384694 Mdepth=0 Ddepth=35320 above_floor=0 
max_residual=0.000bps candidates=0 fee_age=2047ms
MICRO HEARTBEAT state=watching symbols=3 signal_source=demo books=3 
demo_books=3 Bquotes=384851 Mdepth=0 Ddepth=35338 above_floor=0 
max_residual=0.000bps candidates=0 fee_age=4063ms
MICRO HEARTBEAT state=watching symbols=3 signal_source=demo books=3 
demo_books=3 Bquotes=384945 Mdepth=0 Ddepth=35361 above_floor=0 
max_residual=0.000bps candidates=0 fee_age=1115ms
MICRO HEARTBEAT state=watching symbols=3 signal_source=demo books=3 
demo_books=3 Bquotes=385180 Mdepth=0 Ddepth=35381 above_floor=0 
max_residual=0.000bps candidates=0 fee_age=3116ms
MICRO HEARTBEAT state=watching symbols=3 signal_source=demo books=3 
demo_books=3 Bquotes=385294 Mdepth=0 Ddepth=35398 above_floor=0 
max_residual=0.000bps candidates=0 fee_age=45ms
MICRO HEARTBEAT state=watching symbols=3 signal_source=demo books=3 
demo_books=3 Bquotes=385369 Mdepth=0 Ddepth=35415 above_floor=0 
max_residual=0.000bps candidates=0 fee_age=2075ms
MICRO SIGNAL LINK_USDT LONG residual=+2.115bps threshold=1.258 spread=1.058 
net=+0.857 B100=+2.115 M100=+0.000 Bage=1ms Mage=53ms DemoCross=5.0bps
MICRO HEARTBEAT state=watching symbols=3 signal_source=demo books=3 
demo_books=3 Bquotes=386494 Mdepth=0 Ddepth=35516 above_floor=0 
max_residual=0.000bps candidates=0 fee_age=0ms
MICRO HEARTBEAT state=watching symbols=3 signal_source=demo books=3 
demo_books=3 Bquotes=386579 Mdepth=0 Ddepth=35530 above_floor=0 
max_residual=0.000bps candidates=0 fee_age=1393ms
MICRO HEARTBEAT state=watching symbols=3 signal_source=demo books=3 
demo_books=3 Bquotes=386788 Mdepth=0 Ddepth=35551 above_floor=0 
max_residual=0.000bps candidates=0 fee_age=3394ms
MICRO HEARTBEAT state=watching symbols=3 signal_source=demo books=3 
demo_books=3 Bquotes=386946 Mdepth=0 Ddepth=35566 above_floor=0 
max_residual=0.000bps candidates=0 fee_age=264ms
MICRO HEARTBEAT state=watching symbols=3 signal_source=demo books=3 
demo_books=3 Bquotes=387019 Mdepth=0 Ddepth=35585 above_floor=0 
max_residual=0.000bps candidates=0 fee_age=2272ms
MICRO HEARTBEAT state=watching symbols=3 signal_source=demo books=3 
demo_books=3 Bquotes=387080 Mdepth=0 Ddepth=35610 above_floor=0 
max_residual=0.000bps candidates=0 fee_age=0ms
MICRO HEARTBEAT state=watching symbols=3 signal_source=demo books=3 
demo_books=3 Bquotes=387150 Mdepth=0 Ddepth=35625 above_floor=0 
max_residual=0.000bps candidates=0 fee_age=1374ms
MICRO HEARTBEAT state=watching symbols=3 signal_source=demo books=3 
demo_books=3 Bquotes=387386 Mdepth=0 Ddepth=35642 above_floor=0 
max_residual=0.000bps candidates=0 fee_age=3386ms
MICRO HEARTBEAT state=watching symbols=3 signal_source=demo books=3 
demo_books=3 Bquotes=387567 Mdepth=0 Ddepth=35660 above_floor=0 
max_residual=0.000bps candidates=0 fee_age=330ms
MICRO HEARTBEAT state=watching symbols=3 signal_source=demo books=3 
demo_books=3 Bquotes=387641 Mdepth=0 Ddepth=35679 above_floor=0 
max_residual=0.000bps candidates=0 fee_age=2348ms
MICRO HEARTBEAT state=watching symbols=3 signal_source=demo books=3 
demo_books=3 Bquotes=387816 Mdepth=0 Ddepth=35709 above_floor=0 
max_residual=0.000bps candidates=0 fee_age=1ms
MICRO HEARTBEAT state=watching symbols=3 signal_source=demo books=3 
demo_books=3 Bquotes=387875 Mdepth=0 Ddepth=35728 above_floor=0 
max_residual=0.000bps candidates=0 fee_age=2005ms
MICRO HEARTBEAT state=watching symbols=3 signal_source=demo books=3 
demo_books=3 Bquotes=388005 Mdepth=0 Ddepth=35753 above_floor=0 
max_residual=0.000bps candidates=0 fee_age=0ms
MICRO HEARTBEAT state=watching symbols=3 signal_source=demo books=3 
demo_books=3 Bquotes=388112 Mdepth=0 Ddepth=35773 above_floor=0 
max_residual=0.000bps candidates=0 fee_age=2013ms
MICRO HEARTBEAT state=watching symbols=3 signal_source=demo books=3 
demo_books=3 Bquotes=388186 Mdepth=0 Ddepth=35788 above_floor=0 
max_residual=0.000bps candidates=0 fee_age=4024ms
MICRO HEARTBEAT state=watching symbols=3 signal_source=demo books=3 
demo_books=3 Bquotes=388344 Mdepth=0 Ddepth=35809 above_floor=0 
max_residual=0.000bps candidates=0 fee_age=908ms
MICRO HEARTBEAT state=watching symbols=3 signal_source=demo books=3 
demo_books=3 Bquotes=388512 Mdepth=0 Ddepth=35828 above_floor=0 
max_residual=0.000bps candidates=0 fee_age=2942ms
MICRO HEARTBEAT state=watching symbols=3 signal_source=demo books=3 
demo_books=3 Bquotes=388986 Mdepth=0 Ddepth=35847 above_floor=0 
max_residual=0.000bps candidates=0 fee_age=0ms
MICRO HEARTBEAT state=watching symbols=3 signal_source=demo books=3 
demo_books=3 Bquotes=389108 Mdepth=0 Ddepth=35863 above_floor=0 
max_residual=0.000bps candidates=0 fee_age=2000ms
MICRO HEARTBEAT state=watching symbols=3 signal_source=demo books=3 
demo_books=3 Bquotes=389213 Mdepth=0 Ddepth=35885 above_floor=0 
max_residual=0.000bps candidates=0 fee_age=4031ms
MICRO HEARTBEAT state=watching symbols=3 signal_source=demo books=3 
demo_books=3 Bquotes=389288 Mdepth=0 Ddepth=35902 above_floor=0 
max_residual=0.000bps candidates=0 fee_age=990ms
MICRO HEARTBEAT state=watching symbols=3 signal_source=demo books=3 
demo_books=3 Bquotes=389391 Mdepth=0 Ddepth=35923 above_floor=0 
max_residual=0.000bps candidates=0 fee_age=3012ms
MICRO HEARTBEAT state=watching symbols=3 signal_source=demo books=3 
demo_books=3 Bquotes=389491 Mdepth=0 Ddepth=35943 above_floor=0 
max_residual=0.000bps candidates=0 fee_age=70ms
MICRO HEARTBEAT state=watching symbols=3 signal_source=demo books=3 
demo_books=3 Bquotes=389566 Mdepth=0 Ddepth=35962 above_floor=0 
max_residual=0.000bps candidates=0 fee_age=2073ms
MICRO HEARTBEAT state=watching symbols=3 signal_source=demo books=3 
demo_books=3 Bquotes=389649 Mdepth=0 Ddepth=35982 above_floor=0 
max_residual=0.000bps candidates=0 fee_age=4132ms
MICRO HEARTBEAT state=watching symbols=3 signal_source=demo books=3 
demo_books=3 Bquotes=389716 Mdepth=0 Ddepth=36005 above_floor=0 
max_residual=0.000bps candidates=0 fee_age=1095ms
MICRO HEARTBEAT state=watching symbols=3 signal_source=demo books=3 
demo_books=3 Bquotes=389939 Mdepth=0 Ddepth=36022 above_floor=0 
max_residual=0.000bps candidates=0 fee_age=3126ms
MICRO HEARTBEAT state=watching symbols=3 signal_source=demo books=3 
demo_books=3 Bquotes=390051 Mdepth=0 Ddepth=36038 above_floor=0 
max_residual=0.000bps candidates=0 fee_age=112ms
MICRO HEARTBEAT state=watching symbols=3 signal_source=demo books=3 
demo_books=3 Bquotes=390136 Mdepth=0 Ddepth=36058 above_floor=0 
max_residual=0.000bps candidates=0 fee_age=2117ms
MICRO HEARTBEAT state=watching symbols=3 signal_source=demo books=3 
demo_books=3 Bquotes=390269 Mdepth=0 Ddepth=36079 above_floor=0 
max_residual=0.000bps candidates=0 fee_age=4128ms
MICRO HEARTBEAT state=watching symbols=3 signal_source=demo books=3 
demo_books=3 Bquotes=390364 Mdepth=0 Ddepth=36098 above_floor=0 
max_residual=0.000bps candidates=0 fee_age=1192ms
MICRO HEARTBEAT state=watching symbols=3 signal_source=demo books=3 
demo_books=3 Bquotes=390544 Mdepth=0 Ddepth=36117 above_floor=0 
max_residual=0.998bps candidates=0 fee_age=3195ms
MICRO HEARTBEAT state=watching symbols=3 signal_source=demo books=3 
demo_books=3 Bquotes=390773 Mdepth=0 Ddepth=36138 above_floor=0 
max_residual=0.000bps candidates=0 fee_age=143ms
MICRO HEARTBEAT state=watching symbols=3 signal_source=demo books=3 
demo_books=3 Bquotes=390861 Mdepth=0 Ddepth=36154 above_floor=0 
max_residual=0.000bps candidates=0 fee_age=2145ms
MICRO HEARTBEAT state=watching symbols=3 signal_source=demo books=3 
demo_books=3 Bquotes=391538 Mdepth=0 Ddepth=36174 above_floor=0 
max_residual=0.000bps candidates=0 fee_age=4146ms
MICRO HEARTBEAT state=watching symbols=3 signal_source=demo books=3 
demo_books=3 Bquotes=391603 Mdepth=0 Ddepth=36192 above_floor=0 
max_residual=0.000bps candidates=0 fee_age=1143ms
MICRO HEARTBEAT state=watching symbols=3 signal_source=demo books=3 
demo_books=3 Bquotes=391666 Mdepth=0 Ddepth=36212 above_floor=0 
max_residual=0.000bps candidates=0 fee_age=3176ms
MICRO HEARTBEAT state=watching symbols=3 signal_source=demo books=3 
demo_books=3 Bquotes=391738 Mdepth=0 Ddepth=36231 above_floor=0 
max_residual=0.000bps candidates=0 fee_age=275ms
MICRO HEARTBEAT state=watching symbols=3 signal_source=demo books=3 
demo_books=3 Bquotes=391799 Mdepth=0 Ddepth=36254 above_floor=0 
max_residual=0.000bps candidates=0 fee_age=2278ms
MICRO HEARTBEAT state=watching symbols=3 signal_source=demo books=3 
demo_books=3 Bquotes=391860 Mdepth=0 Ddepth=36270 above_floor=0 
max_residual=0.000bps candidates=0 fee_age=4298ms
MICRO HEARTBEAT state=watching symbols=3 signal_source=demo books=3 
demo_books=3 Bquotes=391939 Mdepth=0 Ddepth=36291 above_floor=0 
max_residual=0.000bps candidates=0 fee_age=1246ms
MICRO HEARTBEAT state=watching symbols=3 signal_source=demo books=3 
demo_books=3 Bquotes=391991 Mdepth=0 Ddepth=36312 above_floor=0 
max_residual=0.000bps candidates=0 fee_age=3287ms
MICRO HEARTBEAT state=watching symbols=3 signal_source=demo books=3 
demo_books=3 Bquotes=392197 Mdepth=0 Ddepth=36331 above_floor=0 
max_residual=0.998bps candidates=0 fee_age=326ms
MICRO SIGNAL LINK_USDT SHORT residual=-3.167bps threshold=1.257 spread=1.057 
net=+1.910 B100=-3.167 M100=+0.000 Bage=60ms Mage=1209ms DemoCross=5.0bps
MICRO HEARTBEAT state=watching symbols=3 signal_source=demo books=3 
demo_books=3 Bquotes=393058 Mdepth=0 Ddepth=36418 above_floor=0 
max_residual=0.000bps candidates=0 fee_age=0ms
MICRO HEARTBEAT state=watching symbols=3 signal_source=demo books=3 
demo_books=3 Bquotes=393110 Mdepth=0 Ddepth=36435 above_floor=0 
max_residual=0.000bps candidates=0 fee_age=1337ms
MICRO HEARTBEAT state=watching symbols=3 signal_source=demo books=3 
demo_books=3 Bquotes=393272 Mdepth=0 Ddepth=36451 above_floor=0 
max_residual=0.000bps candidates=0 fee_age=3359ms
MICRO HEARTBEAT state=watching symbols=3 signal_source=demo books=3 
demo_books=3 Bquotes=393349 Mdepth=0 Ddepth=36452 above_floor=0 
max_residual=0.000bps candidates=0 fee_age=356ms
MICRO HEARTBEAT state=watching symbols=3 signal_source=demo books=3 
demo_books=3 Bquotes=393450 Mdepth=0 Ddepth=36457 above_floor=0 
max_residual=0.000bps candidates=0 fee_age=2399ms
MICRO HEARTBEAT state=watching symbols=3 signal_source=demo books=3 
demo_books=3 Bquotes=393553 Mdepth=0 Ddepth=36484 above_floor=0 
max_residual=0.000bps candidates=0 fee_age=0ms
MICRO HEARTBEAT state=watching symbols=3 signal_source=demo books=3 
demo_books=3 Bquotes=393620 Mdepth=0 Ddepth=36484 above_floor=0 
max_residual=0.000bps candidates=0 fee_age=2052ms
MICRO HEARTBEAT state=watching symbols=3 signal_source=demo books=3 
demo_books=3 Bquotes=393699 Mdepth=0 Ddepth=36486 above_floor=0 
max_residual=0.000bps candidates=0 fee_age=4066ms
MICRO HEARTBEAT state=watching symbols=3 signal_source=demo books=3 
demo_books=3 Bquotes=393865 Mdepth=0 Ddepth=36501 above_floor=0 
max_residual=0.000bps candidates=0 fee_age=1074ms
MICRO HEARTBEAT state=watching symbols=3 signal_source=demo books=3 
demo_books=3 Bquotes=394033 Mdepth=0 Ddepth=36501 above_floor=0 
max_residual=0.000bps candidates=0 fee_age=3124ms
MICRO HEARTBEAT state=watching symbols=3 signal_source=demo books=3 
demo_books=3 Bquotes=394121 Mdepth=0 Ddepth=36501 above_floor=0 
max_residual=0.000bps candidates=0 fee_age=0ms
MICRO HEARTBEAT state=watching symbols=3 signal_source=demo books=3 
demo_books=3 Bquotes=394226 Mdepth=0 Ddepth=36529 above_floor=0 
max_residual=0.000bps candidates=0 fee_age=2008ms
MICRO HEARTBEAT state=watching symbols=3 signal_source=demo books=3 
demo_books=3 Bquotes=394463 Mdepth=0 Ddepth=36529 above_floor=0 
max_residual=0.000bps candidates=0 fee_age=0ms
MICRO HEARTBEAT state=watching symbols=3 signal_source=demo books=3 
demo_books=3 Bquotes=394656 Mdepth=0 Ddepth=36533 above_floor=0 
max_residual=0.000bps candidates=0 fee_age=2012ms
MICRO HEARTBEAT state=watching symbols=3 signal_source=demo books=3 
demo_books=3 Bquotes=394813 Mdepth=0 Ddepth=36551 above_floor=0 
max_residual=0.000bps candidates=0 fee_age=1ms
MICRO HEARTBEAT state=watching symbols=3 signal_source=demo books=3 
demo_books=3 Bquotes=394975 Mdepth=0 Ddepth=36551 above_floor=0 
max_residual=0.000bps candidates=0 fee_age=2041ms
MICRO HEARTBEAT state=watching symbols=3 signal_source=demo books=3 
demo_books=3 Bquotes=395089 Mdepth=0 Ddepth=36572 above_floor=0 
max_residual=0.000bps candidates=0 fee_age=0ms
MICRO HEARTBEAT state=watching symbols=3 signal_source=demo books=3 
demo_books=3 Bquotes=395177 Mdepth=0 Ddepth=36576 above_floor=0 
max_residual=0.000bps candidates=0 fee_age=2013ms
MICRO HEARTBEAT state=watching symbols=3 signal_source=demo books=3 
demo_books=3 Bquotes=395334 Mdepth=0 Ddepth=36576 above_floor=0 
max_residual=0.000bps candidates=0 fee_age=4052ms
MICRO HEARTBEAT state=watching symbols=3 signal_source=demo books=3 
demo_books=3 Bquotes=395527 Mdepth=0 Ddepth=36592 above_floor=0 
max_residual=0.000bps candidates=0 fee_age=963ms
MICRO HEARTBEAT state=watching symbols=3 signal_source=demo books=3 
demo_books=3 Bquotes=395641 Mdepth=0 Ddepth=36595 above_floor=0 
max_residual=0.000bps candidates=0 fee_age=2981ms
MICRO HEARTBEAT state=watching symbols=3 signal_source=demo books=3 
demo_books=3 Bquotes=395825 Mdepth=0 Ddepth=36595 above_floor=0 
max_residual=0.000bps candidates=0 fee_age=40ms
MICRO HEARTBEAT state=watching symbols=3 signal_source=demo books=3 
demo_books=3 Bquotes=395979 Mdepth=0 Ddepth=36601 above_floor=0 
max_residual=0.000bps candidates=0 fee_age=2057ms
MICRO HEARTBEAT state=watching symbols=3 signal_source=demo books=3 
demo_books=3 Bquotes=396089 Mdepth=0 Ddepth=36619 above_floor=0 
max_residual=0.000bps candidates=0 fee_age=4062ms
MICRO HEARTBEAT state=watching symbols=3 signal_source=demo books=3 
demo_books=3 Bquotes=396186 Mdepth=0 Ddepth=36619 above_floor=0 
max_residual=0.000bps candidates=0 fee_age=1231ms
MICRO HEARTBEAT state=watching symbols=3 signal_source=demo books=3 
demo_books=3 Bquotes=396276 Mdepth=0 Ddepth=36619 above_floor=0 
max_residual=0.000bps candidates=0 fee_age=3240ms
MICRO HEARTBEAT state=watching symbols=3 signal_source=demo books=3 
demo_books=3 Bquotes=396402 Mdepth=0 Ddepth=36638 above_floor=0 
max_residual=0.000bps candidates=0 fee_age=122ms
MICRO HEARTBEAT state=watching symbols=3 signal_source=demo books=3 
demo_books=3 Bquotes=396488 Mdepth=0 Ddepth=36638 above_floor=0 
max_residual=0.000bps candidates=0 fee_age=2170ms
MICRO HEARTBEAT state=watching symbols=3 signal_source=demo books=3 
demo_books=3 Bquotes=396626 Mdepth=0 Ddepth=36638 above_floor=0 
max_residual=0.000bps candidates=0 fee_age=4174ms
MICRO SIGNAL LINK_USDT LONG residual=+2.111bps threshold=1.256 spread=1.056 
net=+0.855 B100=+2.111 M100=+0.000 Bage=1ms Mage=191ms DemoCross=5.0bps
MICRO HEARTBEAT state=watching symbols=3 signal_source=demo books=3 
demo_books=3 Bquotes=397807 Mdepth=0 Ddepth=36685 above_floor=0 
max_residual=0.000bps candidates=0 fee_age=0ms
MICRO HEARTBEAT state=watching symbols=3 signal_source=demo books=3 
demo_books=3 Bquotes=397861 Mdepth=0 Ddepth=36685 above_floor=0 
max_residual=0.000bps candidates=0 fee_age=1337ms
MICRO HEARTBEAT state=watching symbols=3 signal_source=demo books=3 
demo_books=3 Bquotes=397949 Mdepth=0 Ddepth=36712 above_floor=0 
max_residual=0.000bps candidates=0 fee_age=3359ms
MICRO HEARTBEAT state=watching symbols=3 signal_source=demo books=3 
demo_books=3 Bquotes=398059 Mdepth=0 Ddepth=36713 above_floor=0 
max_residual=0.000bps candidates=0 fee_age=434ms
MICRO HEARTBEAT state=watching symbols=3 signal_source=demo books=3 
demo_books=3 Bquotes=398151 Mdepth=0 Ddepth=36713 above_floor=0 
max_residual=0.000bps candidates=0 fee_age=2434ms
MICRO HEARTBEAT state=watching symbols=3 signal_source=demo books=3 
demo_books=3 Bquotes=398321 Mdepth=0 Ddepth=36731 above_floor=0 
max_residual=0.000bps candidates=0 fee_age=0ms
MICRO HEARTBEAT state=watching symbols=3 signal_source=demo books=3 
demo_books=3 Bquotes=398401 Mdepth=0 Ddepth=36735 above_floor=0 
max_residual=0.000bps candidates=0 fee_age=2020ms
MICRO HEARTBEAT state=watching symbols=3 signal_source=demo books=3 
demo_books=3 Bquotes=398481 Mdepth=0 Ddepth=36735 above_floor=0 
max_residual=0.000bps candidates=0 fee_age=4037ms
MICRO HEARTBEAT state=watching symbols=3 signal_source=demo books=3 
demo_books=3 Bquotes=398596 Mdepth=0 Ddepth=36755 above_floor=0 
max_residual=0.000bps candidates=0 fee_age=1109ms
MICRO HEARTBEAT state=watching symbols=3 signal_source=demo books=3 
demo_books=3 Bquotes=398701 Mdepth=0 Ddepth=36775 above_floor=0 
max_residual=0.000bps candidates=0 fee_age=3135ms
MICRO HEARTBEAT state=watching symbols=3 signal_source=demo books=3 
demo_books=3 Bquotes=399111 Mdepth=0 Ddepth=36783 above_floor=0 
max_residual=0.000bps candidates=0 fee_age=106ms
MICRO HEARTBEAT state=watching symbols=3 signal_source=demo books=3 
demo_books=3 Bquotes=399269 Mdepth=0 Ddepth=36789 above_floor=0 
max_residual=0.000bps candidates=0 fee_age=2108ms
MICRO HEARTBEAT state=watching symbols=3 signal_source=demo books=3 
demo_books=3 Bquotes=399459 Mdepth=0 Ddepth=36807 above_floor=0 
max_residual=0.000bps candidates=0 fee_age=4109ms
MICRO HEARTBEAT state=watching symbols=3 signal_source=demo books=3 
demo_books=3 Bquotes=400076 Mdepth=0 Ddepth=36827 above_floor=0 
max_residual=0.000bps candidates=0 fee_age=780ms
MICRO HEARTBEAT state=watching symbols=3 signal_source=demo books=3 
demo_books=3 Bquotes=400343 Mdepth=0 Ddepth=36830 above_floor=0 
max_residual=0.000bps candidates=0 fee_age=2781ms
MICRO HEARTBEAT state=watching symbols=3 signal_source=demo books=3 
demo_books=3 Bquotes=400540 Mdepth=0 Ddepth=36851 above_floor=0 
max_residual=0.000bps candidates=0 fee_age=98ms
MICRO HEARTBEAT state=watching symbols=3 signal_source=demo books=3 
demo_books=3 Bquotes=400673 Mdepth=0 Ddepth=36873 above_floor=0 
max_residual=0.000bps candidates=0 fee_age=2108ms
MICRO SIGNAL LINK_USDT SHORT residual=-2.110bps threshold=1.255 spread=1.055 
net=+0.855 B100=-2.110 M100=+0.000 Bage=1ms Mage=76ms DemoCross=5.0bps
DEMO ENTRY LINK_USDT SHORT qty=1055.7 LIVEEntry=9.477 residual=-2.110 
notional=10004.9USDT leverage=200x requested_margin=50.0000USDT 
strategy_equity=0.9644USDT sizing=TARGET_NOTIONAL spread=1.055 
DemoFeeReported=2.00097 signal_to_visible=PENDING IOCconfirm=624.5ms 
reconcile=ASYNC
DEMO POSITION VISIBLE LINK_USDT signal_to_visible=1746.2ms
MICRO POSITION LINK_USDT mark=-1.055bps MFE=+0.000 MAE=-1.055 
DemoNetMark=-5.057859USDT DemoNet=-5.055bps DemoMFE=+0.000 DemoMAE=-5.055 
TRAIL=OFF residual=+0.000bps B100=+0.000
MICRO POSITION LINK_USDT mark=-1.055bps MFE=+0.000 MAE=-1.055 
DemoNetMark=-5.057859USDT DemoNet=-5.055bps DemoMFE=+0.000 DemoMAE=-5.055 
TRAIL=OFF residual=+0.000bps B100=+0.000
MICRO POSITION LINK_USDT mark=-1.055bps MFE=+0.000 MAE=-1.055 
DemoNetMark=-5.057859USDT DemoNet=-5.055bps DemoMFE=+0.000 DemoMAE=-5.055 
TRAIL=OFF residual=+0.000bps B100=+0.000
MICRO EXIT LINK_USDT reason=binance_target_caught LIVEpnl=+6.334200USDT 
move=+6.331bps MFE=+6.331 MAE=-1.055 hold=5078ms DemoExit=9.471 
DemoGross=+6.334200 DemoNet=+2.333600 DemoFee=1.99963
MICRO HEARTBEAT state=watching symbols=3 signal_source=demo books=3 
demo_books=3 Bquotes=401511 Mdepth=0 Ddepth=36958 above_floor=0 
max_residual=0.000bps candidates=0 fee_age=1ms
MICRO HEARTBEAT state=watching symbols=3 signal_source=demo books=3 
demo_books=3 Bquotes=401609 Mdepth=0 Ddepth=36978 above_floor=0 
max_residual=0.000bps candidates=0 fee_age=2002ms
MICRO HEARTBEAT state=watching symbols=3 signal_source=demo books=3 
demo_books=3 Bquotes=401806 Mdepth=0 Ddepth=36994 above_floor=0 
max_residual=0.000bps candidates=0 fee_age=4008ms
MICRO HEARTBEAT state=watching symbols=3 signal_source=demo books=3 
demo_books=3 Bquotes=401978 Mdepth=0 Ddepth=37013 above_floor=0 
max_residual=0.000bps candidates=0 fee_age=909ms
MICRO HEARTBEAT state=watching symbols=3 signal_source=demo books=3 
demo_books=3 Bquotes=402174 Mdepth=0 Ddepth=37033 above_floor=0 
max_residual=0.000bps candidates=0 fee_age=2928ms
MICRO HEARTBEAT state=watching symbols=3 signal_source=demo books=3 
demo_books=3 Bquotes=402246 Mdepth=0 Ddepth=37057 above_floor=0 
max_residual=0.000bps candidates=0 fee_age=1ms
MICRO HEARTBEAT state=watching symbols=3 signal_source=demo books=3 
demo_books=3 Bquotes=402349 Mdepth=0 Ddepth=37078 above_floor=0 
max_residual=0.000bps candidates=0 fee_age=2030ms
MICRO HEARTBEAT state=watching symbols=3 signal_source=demo books=3 
demo_books=3 Bquotes=402485 Mdepth=0 Ddepth=37098 above_floor=0 
max_residual=0.000bps candidates=0 fee_age=4049ms
MICRO HEARTBEAT state=watching symbols=3 signal_source=demo books=3 
demo_books=3 Bquotes=402671 Mdepth=0 Ddepth=37114 above_floor=0 
max_residual=0.000bps candidates=0 fee_age=1076ms
MICRO HEARTBEAT state=watching symbols=3 signal_source=demo books=3 
demo_books=3 Bquotes=402923 Mdepth=0 Ddepth=37135 above_floor=0 
max_residual=0.000bps candidates=0 fee_age=3099ms
MICRO HEARTBEAT state=watching symbols=3 signal_source=demo books=3 
demo_books=3 Bquotes=402998 Mdepth=0 Ddepth=37156 above_floor=0 
max_residual=0.000bps candidates=0 fee_age=108ms
MICRO HEARTBEAT state=watching symbols=3 signal_source=demo books=3 
demo_books=3 Bquotes=403081 Mdepth=0 Ddepth=37172 above_floor=0 
max_residual=0.000bps candidates=0 fee_age=2111ms
MICRO HEARTBEAT state=watching symbols=3 signal_source=demo books=3 
demo_books=3 Bquotes=403162 Mdepth=0 Ddepth=37190 above_floor=0 
max_residual=0.000bps candidates=0 fee_age=4111ms
MICRO HEARTBEAT state=watching symbols=3 signal_source=demo books=3 
demo_books=3 Bquotes=403323 Mdepth=0 Ddepth=37211 above_floor=0 
max_residual=0.000bps candidates=0 fee_age=1001ms
MICRO HEARTBEAT state=watching symbols=3 signal_source=demo books=3 
demo_books=3 Bquotes=403470 Mdepth=0 Ddepth=37233 above_floor=0 
max_residual=0.000bps candidates=0 fee_age=3035ms
MICRO HEARTBEAT state=watching symbols=3 signal_source=demo books=3 
demo_books=3 Bquotes=403800 Mdepth=0 Ddepth=37253 above_floor=1 
max_residual=1.057bps candidates=0 fee_age=147ms
MICRO HEARTBEAT state=watching symbols=3 signal_source=demo books=3 
demo_books=3 Bquotes=403882 Mdepth=0 Ddepth=37271 above_floor=0 
max_residual=0.000bps candidates=0 fee_age=2157ms
MICRO HEARTBEAT state=watching symbols=3 signal_source=demo books=3 
demo_books=3 Bquotes=403979 Mdepth=0 Ddepth=37289 above_floor=0 
max_residual=0.000bps candidates=0 fee_age=4169ms
MICRO HEARTBEAT state=watching symbols=3 signal_source=demo books=3 
demo_books=3 Bquotes=404125 Mdepth=0 Ddepth=37308 above_floor=0 
max_residual=0.000bps candidates=0 fee_age=1088ms
MICRO HEARTBEAT state=watching symbols=3 signal_source=demo books=3 
demo_books=3 Bquotes=404192 Mdepth=0 Ddepth=37327 above_floor=0 
max_residual=0.000bps candidates=0 fee_age=3102ms
MICRO HEARTBEAT state=watching symbols=3 signal_source=demo books=3 
demo_books=3 Bquotes=404356 Mdepth=0 Ddepth=37341 above_floor=0 
max_residual=0.000bps candidates=0 fee_age=224ms
MICRO HEARTBEAT state=watching symbols=3 signal_source=demo books=3 
demo_books=3 Bquotes=404472 Mdepth=0 Ddepth=37362 above_floor=0 
max_residual=0.000bps candidates=0 fee_age=2231ms
MICRO HEARTBEAT state=watching symbols=3 signal_source=demo books=3 
demo_books=3 Bquotes=404530 Mdepth=0 Ddepth=37383 above_floor=0 
max_residual=0.000bps candidates=0 fee_age=4253ms
MICRO HEARTBEAT state=watching symbols=3 signal_source=demo books=3 
demo_books=3 Bquotes=404739 Mdepth=0 Ddepth=37407 above_floor=0 
max_residual=0.000bps candidates=0 fee_age=1188ms
MICRO SIGNAL LINK_USDT LONG residual=+1.586bps threshold=1.257 spread=1.057 
net=+0.329 B100=+1.586 M100=+0.000 Bage=2ms Mage=1388ms DemoCross=5.0bps
DEMO ENTRY LINK_USDT LONG qty=1056.8 LIVEEntry=9.457 residual=+1.586 
notional=9994.16USDT leverage=200x requested_margin=50.0000USDT 
strategy_equity=3.2980USDT sizing=TARGET_NOTIONAL spread=1.057 
DemoFeeReported=1.99883 signal_to_visible=PENDING IOCconfirm=601.0ms 
reconcile=ASYNC
DEMO POSITION VISIBLE LINK_USDT signal_to_visible=968.2ms
MICRO POSITION LINK_USDT mark=-1.057bps MFE=+0.000 MAE=-1.057 
DemoNetMark=-5.054252USDT DemoNet=-5.057bps DemoMFE=+0.000 DemoMAE=-5.057 
TRAIL=OFF residual=+0.000bps B100=+0.000
MICRO POSITION LINK_USDT mark=-1.057bps MFE=+0.000 MAE=-1.057 
DemoNetMark=-5.054252USDT DemoNet=-5.057bps DemoMFE=+0.000 DemoMAE=-5.057 
TRAIL=OFF residual=+0.000bps B100=+0.000
MICRO EXIT LINK_USDT reason=binance_target_caught LIVEpnl=+2.113600USDT 
move=+2.115bps MFE=+2.115 MAE=-1.057 hold=3774ms DemoExit=9.459 
DemoGross=+2.113600 DemoNet=-1.884400 DemoFee=1.99917
MICRO HEARTBEAT state=watching symbols=3 signal_source=demo books=3 
demo_books=3 Bquotes=405471 Mdepth=0 Ddepth=37467 above_floor=0 
max_residual=0.000bps candidates=0 fee_age=2260ms
MICRO HEARTBEAT state=watching symbols=3 signal_source=demo books=3 
demo_books=3 Bquotes=405814 Mdepth=0 Ddepth=37485 above_floor=0 
max_residual=0.000bps candidates=0 fee_age=4276ms
MICRO HEARTBEAT state=watching symbols=3 signal_source=demo books=3 
demo_books=3 Bquotes=406009 Mdepth=0 Ddepth=37502 above_floor=0 
max_residual=0.000bps candidates=0 fee_age=870ms
MICRO SIGNAL LINK_USDT SHORT residual=-2.115bps threshold=1.257 spread=1.057 
net=+0.857 B100=-2.115 M100=+0.000 Bage=1ms Mage=286ms DemoCross=5.0bps
DEMO ENTRY LINK_USDT SHORT qty=1057.6 LIVEEntry=9.46 residual=-2.115 
notional=10004.9USDT leverage=200x requested_margin=50.0000USDT 
strategy_equity=1.4136USDT sizing=TARGET_NOTIONAL spread=1.057 
DemoFeeReported=2.00098 signal_to_visible=PENDING IOCconfirm=606.6ms 
reconcile=ASYNC
DEMO POSITION VISIBLE LINK_USDT signal_to_visible=996.1ms
MICRO POSITION LINK_USDT mark=-1.057bps MFE=+0.000 MAE=-1.057 
DemoNetMark=-5.059770USDT DemoNet=-5.057bps DemoMFE=+0.000 DemoMAE=-5.057 
TRAIL=OFF residual=+0.000bps B100=+0.000
MICRO POSITION LINK_USDT mark=-1.057bps MFE=+0.000 MAE=-1.057 
DemoNetMark=-5.059770USDT DemoNet=-5.057bps DemoMFE=+0.000 DemoMAE=-5.057 
TRAIL=OFF residual=+0.000bps B100=+0.000
MICRO POSITION LINK_USDT mark=-1.057bps MFE=+0.000 MAE=-1.057 
DemoNetMark=-5.059770USDT DemoNet=-5.057bps DemoMFE=+0.000 DemoMAE=-5.057 
TRAIL=OFF residual=+0.000bps B100=+0.000
MICRO POSITION LINK_USDT mark=-1.057bps MFE=+0.000 MAE=-1.057 
DemoNetMark=-5.059770USDT DemoNet=-5.057bps DemoMFE=+0.000 DemoMAE=-5.057 
TRAIL=OFF residual=+0.000bps B100=+0.000
MICRO POSITION LINK_USDT mark=-1.057bps MFE=+0.000 MAE=-1.057 
DemoNetMark=-5.059770USDT DemoNet=-5.057bps DemoMFE=+0.000 DemoMAE=-5.057 
TRAIL=OFF residual=+0.000bps B100=+0.000
MICRO EXIT LINK_USDT reason=demo_adverse_cut LIVEpnl=-2.115200USDT 
move=-2.114bps MFE=+0.000 MAE=-2.114 hold=10275ms DemoExit=9.462 
DemoGross=-2.115200 DemoNet=-6.117500 DemoFee=2.00132
MICRO HEARTBEAT state=watching symbols=3 signal_source=demo books=3 
demo_books=3 Bquotes=406891 Mdepth=0 Ddepth=37611 above_floor=0 
max_residual=0.000bps candidates=0 fee_age=3330ms
MICRO HEARTBEAT state=watching symbols=3 signal_source=demo books=3 
demo_books=3 Bquotes=407141 Mdepth=0 Ddepth=37631 above_floor=0 
max_residual=0.000bps candidates=0 fee_age=289ms
MICRO HEARTBEAT state=watching symbols=3 signal_source=demo books=3 
demo_books=3 Bquotes=407304 Mdepth=0 Ddepth=37652 above_floor=0 
max_residual=0.000bps candidates=0 fee_age=2292ms
MICRO HEARTBEAT state=watching symbols=3 signal_source=demo books=3 
demo_books=3 Bquotes=407431 Mdepth=0 Ddepth=37678 above_floor=0 
max_residual=0.000bps candidates=0 fee_age=0ms
MICRO HEARTBEAT state=watching symbols=3 signal_source=demo books=3 
demo_books=3 Bquotes=407534 Mdepth=0 Ddepth=37694 above_floor=0 
max_residual=0.000bps candidates=0 fee_age=2045ms
MICRO HEARTBEAT state=watching symbols=3 signal_source=demo books=3 
demo_books=3 Bquotes=407625 Mdepth=0 Ddepth=37713 above_floor=0 
max_residual=0.000bps candidates=0 fee_age=4052ms
MICRO HEARTBEAT state=watching symbols=3 signal_source=demo books=3 
demo_books=3 Bquotes=407727 Mdepth=0 Ddepth=37735 above_floor=0 
max_residual=0.000bps candidates=0 fee_age=1069ms
MICRO HEARTBEAT state=watching symbols=3 signal_source=demo books=3 
demo_books=3 Bquotes=407798 Mdepth=0 Ddepth=37751 above_floor=0 
max_residual=0.000bps candidates=0 fee_age=3105ms
MICRO HEARTBEAT state=watching symbols=3 signal_source=demo books=3 
demo_books=3 Bquotes=407881 Mdepth=0 Ddepth=37767 above_floor=0 
max_residual=0.000bps candidates=0 fee_age=132ms
MICRO HEARTBEAT state=watching symbols=3 signal_source=demo books=3 
demo_books=3 Bquotes=408100 Mdepth=0 Ddepth=37788 above_floor=0 
max_residual=0.000bps candidates=0 fee_age=2140ms
MICRO HEARTBEAT state=watching symbols=3 signal_source=demo books=3 
demo_books=3 Bquotes=408223 Mdepth=0 Ddepth=37809 above_floor=0 
max_residual=0.000bps candidates=0 fee_age=4160ms
MICRO HEARTBEAT state=watching symbols=3 signal_source=demo books=3 
demo_books=3 Bquotes=408286 Mdepth=0 Ddepth=37828 above_floor=0 
max_residual=0.000bps candidates=0 fee_age=1091ms
MICRO HEARTBEAT state=watching symbols=3 signal_source=demo books=3 
demo_books=3 Bquotes=408426 Mdepth=0 Ddepth=37846 above_floor=0 
max_residual=0.000bps candidates=0 fee_age=3122ms
MICRO HEARTBEAT state=watching symbols=3 signal_source=demo books=3 
demo_books=3 Bquotes=408641 Mdepth=0 Ddepth=37864 above_floor=0 
max_residual=0.000bps candidates=0 fee_age=178ms
MICRO HEARTBEAT state=watching symbols=3 signal_source=demo books=3 
demo_books=3 Bquotes=408731 Mdepth=0 Ddepth=37883 above_floor=0 
max_residual=0.000bps candidates=0 fee_age=2206ms
MICRO HEARTBEAT state=watching symbols=3 signal_source=demo books=3 
demo_books=3 Bquotes=408832 Mdepth=0 Ddepth=37902 above_floor=0 
max_residual=0.000bps candidates=0 fee_age=4223ms
MICRO HEARTBEAT state=watching symbols=3 signal_source=demo books=3 
demo_books=3 Bquotes=408942 Mdepth=0 Ddepth=37921 above_floor=0 
max_residual=0.000bps candidates=0 fee_age=1240ms
MICRO HEARTBEAT state=watching symbols=3 signal_source=demo books=3 
demo_books=3 Bquotes=409030 Mdepth=0 Ddepth=37941 above_floor=0 
max_residual=0.000bps candidates=0 fee_age=3247ms
MICRO HEARTBEAT state=watching symbols=3 signal_source=demo books=3 
demo_books=3 Bquotes=409103 Mdepth=0 Ddepth=37964 above_floor=0 
max_residual=0.000bps candidates=0 fee_age=0ms
MICRO HEARTBEAT state=watching symbols=3 signal_source=demo books=3 
demo_books=3 Bquotes=409176 Mdepth=0 Ddepth=37985 above_floor=0 
max_residual=0.000bps candidates=0 fee_age=2015ms
MICRO HEARTBEAT state=watching symbols=3 signal_source=demo books=3 
demo_books=3 Bquotes=409415 Mdepth=0 Ddepth=38009 above_floor=0 
max_residual=0.000bps candidates=0 fee_age=0ms
MICRO HEARTBEAT state=watching symbols=3 signal_source=demo books=3 
demo_books=3 Bquotes=409484 Mdepth=0 Ddepth=38028 above_floor=0 
max_residual=0.000bps candidates=0 fee_age=2037ms
MICRO HEARTBEAT state=watching symbols=3 signal_source=demo books=3 
demo_books=3 Bquotes=409530 Mdepth=0 Ddepth=38048 above_floor=0 
max_residual=0.000bps candidates=0 fee_age=4067ms
MICRO HEARTBEAT state=watching symbols=3 signal_source=demo books=3 
demo_books=3 Bquotes=409606 Mdepth=0 Ddepth=38065 above_floor=0 
max_residual=0.000bps candidates=0 fee_age=1186ms
MICRO HEARTBEAT state=watching symbols=3 signal_source=demo books=3 
demo_books=3 Bquotes=409783 Mdepth=0 Ddepth=38088 above_floor=0 
max_residual=0.000bps candidates=0 fee_age=3190ms
MICRO HEARTBEAT state=watching symbols=3 signal_source=demo books=3 
demo_books=3 Bquotes=409912 Mdepth=0 Ddepth=38107 above_floor=0 
max_residual=0.000bps candidates=0 fee_age=102ms
MICRO SIGNAL LINK_USDT LONG residual=+2.112bps threshold=1.256 spread=1.056 
net=+0.856 B100=+2.112 M100=+0.000 Bage=1ms Mage=1055ms DemoCross=5.0bps
DEMO ENTRY LINK_USDT LONG qty=1055.8 LIVEEntry=9.466 residual=+2.112 
notional=9994.2USDT leverage=200x requested_margin=50.0000USDT 
strategy_equity=0.0100USDT sizing=TARGET_NOTIONAL spread=1.056 
DemoFeeReported=1.99884 signal_to_visible=PENDING IOCconfirm=641.1ms 
reconcile=ASYNC
MICRO POSITION LINK_USDT mark=-1.056bps MFE=+0.000 MAE=-1.056 
DemoNetMark=-5.053270USDT DemoNet=-5.056bps DemoMFE=+0.000 DemoMAE=-5.056 
TRAIL=OFF residual=+0.000bps B100=+0.000
DEMO POSITION VISIBLE LINK_USDT signal_to_visible=1006.0ms
MICRO POSITION LINK_USDT mark=+5.282bps MFE=+5.282 MAE=-1.056 
DemoNetMark=+1.280263USDT DemoNet=+1.281bps DemoMFE=+1.281 DemoMAE=-5.056 
TRAIL=+2.000bps residual=+0.000bps B100=+0.000
MICRO EXIT LINK_USDT reason=binance_target_caught LIVEpnl=+5.279000USDT 
move=+5.282bps MFE=+5.282 MAE=-1.056 hold=2690ms DemoExit=9.471 
DemoGross=+5.279000 DemoNet=+1.280300 DemoFee=1.99986
MICRO HEARTBEAT state=watching symbols=3 signal_source=demo books=3 
demo_books=3 Bquotes=410945 Mdepth=0 Ddepth=38169 above_floor=0 
max_residual=0.000bps candidates=0 fee_age=1362ms
MICRO HEARTBEAT state=watching symbols=3 signal_source=demo books=3 
demo_books=3 Bquotes=411201 Mdepth=0 Ddepth=38189 above_floor=0 
max_residual=0.000bps candidates=0 fee_age=3373ms
MICRO HEARTBEAT state=watching symbols=3 signal_source=demo books=3 
demo_books=3 Bquotes=411299 Mdepth=0 Ddepth=38210 above_floor=0 
max_residual=0.000bps candidates=0 fee_age=312ms
MICRO HEARTBEAT state=watching symbols=3 signal_source=demo books=3 
demo_books=3 Bquotes=411580 Mdepth=0 Ddepth=38226 above_floor=0 
max_residual=0.000bps candidates=0 fee_age=2338ms
MICRO HEARTBEAT state=watching symbols=3 signal_source=demo books=3 
demo_books=3 Bquotes=411973 Mdepth=0 Ddepth=38250 above_floor=0 
max_residual=0.000bps candidates=0 fee_age=0ms
MICRO HEARTBEAT state=watching symbols=3 signal_source=demo books=3 
demo_books=3 Bquotes=412066 Mdepth=0 Ddepth=38270 above_floor=0 
max_residual=0.000bps candidates=0 fee_age=2040ms
MICRO HEARTBEAT state=watching symbols=3 signal_source=demo books=3 
demo_books=3 Bquotes=412151 Mdepth=0 Ddepth=38291 above_floor=0 
max_residual=0.000bps candidates=0 fee_age=4042ms
MICRO HEARTBEAT state=watching symbols=3 signal_source=demo books=3 
demo_books=3 Bquotes=412239 Mdepth=0 Ddepth=38309 above_floor=0 
max_residual=0.000bps candidates=0 fee_age=1052ms
MICRO HEARTBEAT state=watching symbols=3 signal_source=demo books=3 
demo_books=3 Bquotes=412494 Mdepth=0 Ddepth=38327 above_floor=0 
max_residual=0.000bps candidates=0 fee_age=3060ms
MICRO HEARTBEAT state=watching symbols=3 signal_source=demo books=3 
demo_books=3 Bquotes=412552 Mdepth=0 Ddepth=38347 above_floor=0 
max_residual=0.000bps candidates=0 fee_age=122ms
MICRO HEARTBEAT state=watching symbols=3 signal_source=demo books=3 
demo_books=3 Bquotes=412641 Mdepth=0 Ddepth=38369 above_floor=0 
max_residual=0.000bps candidates=0 fee_age=2164ms
MICRO HEARTBEAT state=watching symbols=3 signal_source=demo books=3 
demo_books=3 Bquotes=412886 Mdepth=0 Ddepth=38387 above_floor=0 
max_residual=0.000bps candidates=0 fee_age=4186ms
MICRO HEARTBEAT state=watching symbols=3 signal_source=demo books=3 
demo_books=3 Bquotes=412945 Mdepth=0 Ddepth=38405 above_floor=0 
max_residual=0.000bps candidates=0 fee_age=1132ms
MICRO HEARTBEAT state=watching symbols=3 signal_source=demo books=3 
demo_books=3 Bquotes=413039 Mdepth=0 Ddepth=38424 above_floor=0 
max_residual=0.000bps candidates=0 fee_age=3133ms
MICRO HEARTBEAT state=watching symbols=3 signal_source=demo books=3 
demo_books=3 Bquotes=413659 Mdepth=0 Ddepth=38445 above_floor=0 
max_residual=0.000bps candidates=0 fee_age=202ms
MICRO HEARTBEAT state=watching symbols=3 signal_source=demo books=3 
demo_books=3 Bquotes=414177 Mdepth=0 Ddepth=38466 above_floor=0 
max_residual=0.000bps candidates=0 fee_age=2210ms
MICRO SIGNAL LINK_USDT SHORT residual=-1.584bps threshold=1.256 spread=1.056 
net=+0.328 B100=-1.584 M100=+0.000 Bage=1ms Mage=248ms DemoCross=5.0bps
MICRO HEARTBEAT state=watching symbols=3 signal_source=demo books=3 
demo_books=3 Bquotes=414907 Mdepth=0 Ddepth=38565 above_floor=0 
max_residual=0.000bps candidates=0 fee_age=0ms
MICRO HEARTBEAT state=watching symbols=3 signal_source=demo books=3 
demo_books=3 Bquotes=414994 Mdepth=0 Ddepth=38576 above_floor=0 
max_residual=0.000bps candidates=0 fee_age=1322ms
MICRO HEARTBEAT state=watching symbols=3 signal_source=demo books=3 
demo_books=3 Bquotes=415105 Mdepth=0 Ddepth=38598 above_floor=0 
max_residual=0.000bps candidates=0 fee_age=3380ms
MICRO HEARTBEAT state=watching symbols=3 signal_source=demo books=3 
demo_books=3 Bquotes=415297 Mdepth=0 Ddepth=38618 above_floor=0 
max_residual=0.000bps candidates=0 fee_age=306ms
MICRO HEARTBEAT state=watching symbols=3 signal_source=demo books=3 
demo_books=3 Bquotes=415394 Mdepth=0 Ddepth=38636 above_floor=0 
max_residual=0.000bps candidates=0 fee_age=2347ms
MICRO HEARTBEAT state=watching symbols=3 signal_source=demo books=3 
demo_books=3 Bquotes=415507 Mdepth=0 Ddepth=38660 above_floor=0 
max_residual=0.000bps candidates=0 fee_age=0ms
MICRO HEARTBEAT state=watching symbols=3 signal_source=demo books=3 
demo_books=3 Bquotes=415607 Mdepth=0 Ddepth=38679 above_floor=0 
max_residual=0.000bps candidates=0 fee_age=2034ms
MICRO HEARTBEAT state=watching symbols=3 signal_source=demo books=3 
demo_books=3 Bquotes=415747 Mdepth=0 Ddepth=38699 above_floor=0 
max_residual=0.000bps candidates=0 fee_age=4095ms
MICRO HEARTBEAT state=watching symbols=3 signal_source=demo books=3 
demo_books=3 Bquotes=415862 Mdepth=0 Ddepth=38717 above_floor=0 
max_residual=0.000bps candidates=0 fee_age=1174ms
MICRO HEARTBEAT state=watching symbols=3 signal_source=demo books=3 
demo_books=3 Bquotes=415947 Mdepth=0 Ddepth=38736 above_floor=0 
max_residual=0.000bps candidates=0 fee_age=3227ms
MICRO HEARTBEAT state=watching symbols=3 signal_source=demo books=3 
demo_books=3 Bquotes=416181 Mdepth=0 Ddepth=38753 above_floor=0 
max_residual=0.000bps candidates=0 fee_age=159ms
MICRO HEARTBEAT state=watching symbols=3 signal_source=demo books=3 
demo_books=3 Bquotes=416283 Mdepth=0 Ddepth=38772 above_floor=0 
max_residual=0.000bps candidates=0 fee_age=2176ms
MICRO HEARTBEAT state=watching symbols=3 signal_source=demo books=3 
demo_books=3 Bquotes=416579 Mdepth=0 Ddepth=38791 above_floor=0 
max_residual=0.000bps candidates=0 fee_age=4183ms
MICRO HEARTBEAT state=watching symbols=3 signal_source=demo books=3 
demo_books=3 Bquotes=416700 Mdepth=0 Ddepth=38808 above_floor=0 
max_residual=0.000bps candidates=0 fee_age=1202ms
MICRO HEARTBEAT state=watching symbols=3 signal_source=demo books=3 
demo_books=3 Bquotes=416803 Mdepth=0 Ddepth=38827 above_floor=0 
max_residual=0.000bps candidates=0 fee_age=3225ms
MICRO HEARTBEAT state=watching symbols=3 signal_source=demo books=3 
demo_books=3 Bquotes=416874 Mdepth=0 Ddepth=38847 above_floor=0 
max_residual=0.000bps candidates=0 fee_age=229ms
MICRO HEARTBEAT state=watching symbols=3 signal_source=demo books=3 
demo_books=3 Bquotes=416952 Mdepth=0 Ddepth=38866 above_floor=0 
max_residual=0.000bps candidates=0 fee_age=2260ms
MICRO HEARTBEAT state=watching symbols=3 signal_source=demo books=3 
demo_books=3 Bquotes=417064 Mdepth=0 Ddepth=38883 above_floor=0 
max_residual=0.000bps candidates=0 fee_age=4279ms
MICRO HEARTBEAT state=watching symbols=3 signal_source=demo books=3 
demo_books=3 Bquotes=417125 Mdepth=0 Ddepth=38899 above_floor=0 
max_residual=0.000bps candidates=0 fee_age=1146ms
MICRO HEARTBEAT state=watching symbols=3 signal_source=demo books=3 
demo_books=3 Bquotes=417200 Mdepth=0 Ddepth=38919 above_floor=0 
max_residual=0.000bps candidates=0 fee_age=3165ms
MICRO HEARTBEAT state=watching symbols=3 signal_source=demo books=3 
demo_books=3 Bquotes=417262 Mdepth=0 Ddepth=38942 above_floor=0 
max_residual=0.000bps candidates=0 fee_age=330ms
MICRO HEARTBEAT state=watching symbols=3 signal_source=demo books=3 
demo_books=3 Bquotes=417413 Mdepth=0 Ddepth=38960 above_floor=0 
max_residual=0.000bps candidates=0 fee_age=2357ms
MICRO HEARTBEAT state=watching symbols=3 signal_source=demo books=3 
demo_books=3 Bquotes=417531 Mdepth=0 Ddepth=38988 above_floor=0 
max_residual=0.000bps candidates=0 fee_age=0ms
MICRO HEARTBEAT state=watching symbols=3 signal_source=demo books=3 
demo_books=3 Bquotes=417586 Mdepth=0 Ddepth=39000 above_floor=0 
max_residual=0.000bps candidates=0 fee_age=1285ms
MICRO HEARTBEAT state=watching symbols=3 signal_source=demo books=3 
demo_books=3 Bquotes=417670 Mdepth=0 Ddepth=39019 above_floor=0 
max_residual=0.000bps candidates=0 fee_age=3303ms
MICRO HEARTBEAT state=watching symbols=3 signal_source=demo books=3 
demo_books=3 Bquotes=417781 Mdepth=0 Ddepth=39036 above_floor=0 
max_residual=0.000bps candidates=0 fee_age=339ms
MICRO HEARTBEAT state=watching symbols=3 signal_source=demo books=3 
demo_books=3 Bquotes=417928 Mdepth=0 Ddepth=39055 above_floor=0 
max_residual=0.000bps candidates=0 fee_age=2375ms
MICRO HEARTBEAT state=watching symbols=3 signal_source=demo books=3 
demo_books=3 Bquotes=418070 Mdepth=0 Ddepth=39079 above_floor=0 
max_residual=0.000bps candidates=0 fee_age=2ms
MICRO HEARTBEAT state=watching symbols=3 signal_source=demo books=3 
demo_books=3 Bquotes=418182 Mdepth=0 Ddepth=39096 above_floor=0 
max_residual=0.000bps candidates=0 fee_age=2012ms
MICRO HEARTBEAT state=watching symbols=3 signal_source=demo books=3 
demo_books=3 Bquotes=418254 Mdepth=0 Ddepth=39113 above_floor=0 
max_residual=0.000bps candidates=0 fee_age=4021ms
MICRO HEARTBEAT state=watching symbols=3 signal_source=demo books=3 
demo_books=3 Bquotes=418342 Mdepth=0 Ddepth=39132 above_floor=0 
max_residual=0.000bps candidates=0 fee_age=1174ms
MICRO HEARTBEAT state=watching symbols=3 signal_source=demo books=3 
demo_books=3 Bquotes=418460 Mdepth=0 Ddepth=39147 above_floor=0 
max_residual=0.000bps candidates=0 fee_age=3223ms
MICRO HEARTBEAT state=watching symbols=3 signal_source=demo books=3 
demo_books=3 Bquotes=418561 Mdepth=0 Ddepth=39166 above_floor=0 
max_residual=0.000bps candidates=0 fee_age=153ms
MICRO HEARTBEAT state=watching symbols=3 signal_source=demo books=3 
demo_books=3 Bquotes=418675 Mdepth=0 Ddepth=39185 above_floor=0 
max_residual=0.000bps candidates=0 fee_age=2154ms
MICRO HEARTBEAT state=watching symbols=3 signal_source=demo books=3 
demo_books=3 Bquotes=418749 Mdepth=0 Ddepth=39204 above_floor=0 
max_residual=0.000bps candidates=0 fee_age=4158ms
MICRO HEARTBEAT state=watching symbols=3 signal_source=demo books=3 
demo_books=3 Bquotes=418857 Mdepth=0 Ddepth=39220 above_floor=0 
max_residual=0.000bps candidates=0 fee_age=1261ms
MICRO HEARTBEAT state=watching symbols=3 signal_source=demo books=3 
demo_books=3 Bquotes=419105 Mdepth=0 Ddepth=39233 above_floor=0 
max_residual=0.000bps candidates=0 fee_age=3307ms
MICRO HEARTBEAT state=watching symbols=3 signal_source=demo books=3 
demo_books=3 Bquotes=419434 Mdepth=0 Ddepth=39249 above_floor=0 
max_residual=0.000bps candidates=0 fee_age=260ms
MICRO HEARTBEAT state=watching symbols=3 signal_source=demo books=3 
demo_books=3 Bquotes=419930 Mdepth=0 Ddepth=39263 above_floor=0 
max_residual=0.000bps candidates=0 fee_age=2262ms
MICRO HEARTBEAT state=watching symbols=3 signal_source=demo books=3 
demo_books=3 Bquotes=420034 Mdepth=0 Ddepth=39269 above_floor=0 
max_residual=0.000bps candidates=0 fee_age=4265ms
MICRO HEARTBEAT state=watching symbols=3 signal_source=demo books=3 
demo_books=3 Bquotes=420297 Mdepth=0 Ddepth=39269 above_floor=0 
max_residual=0.000bps candidates=0 fee_age=1268ms
MICRO HEARTBEAT state=watching symbols=3 signal_source=demo books=3 
demo_books=3 Bquotes=420621 Mdepth=0 Ddepth=39273 above_floor=0 
max_residual=0.000bps candidates=0 fee_age=3323ms
MICRO HEARTBEAT state=watching symbols=3 signal_source=demo books=3 
demo_books=3 Bquotes=420727 Mdepth=0 Ddepth=39297 above_floor=0 
max_residual=0.000bps candidates=0 fee_age=259ms
MICRO HEARTBEAT state=watching symbols=3 signal_source=demo books=3 
demo_books=3 Bquotes=420865 Mdepth=0 Ddepth=39316 above_floor=0 
max_residual=0.000bps candidates=0 fee_age=2282ms
MICRO HEARTBEAT state=watching symbols=3 signal_source=demo books=3 
demo_books=3 Bquotes=421077 Mdepth=0 Ddepth=39330 above_floor=0 
max_residual=0.000bps candidates=0 fee_age=0ms
MICRO HEARTBEAT state=watching symbols=3 signal_source=demo books=3 
demo_books=3 Bquotes=421144 Mdepth=0 Ddepth=39338 above_floor=0 
max_residual=0.000bps candidates=0 fee_age=1297ms
MICRO HEARTBEAT state=watching symbols=3 signal_source=demo books=3 
demo_books=3 Bquotes=421227 Mdepth=0 Ddepth=39338 above_floor=0 
max_residual=0.000bps candidates=0 fee_age=3353ms
MICRO HEARTBEAT state=watching symbols=3 signal_source=demo books=3 
demo_books=3 Bquotes=421326 Mdepth=0 Ddepth=39338 above_floor=0 
max_residual=0.000bps candidates=0 fee_age=320ms
MICRO HEARTBEAT state=watching symbols=3 signal_source=demo books=3 
demo_books=3 Bquotes=421452 Mdepth=0 Ddepth=39356 above_floor=0 
max_residual=0.000bps candidates=0 fee_age=2336ms
MICRO HEARTBEAT state=watching symbols=3 signal_source=demo books=3 
demo_books=3 Bquotes=421659 Mdepth=0 Ddepth=39373 above_floor=0 
max_residual=0.000bps candidates=0 fee_age=0ms
MICRO HEARTBEAT state=watching symbols=3 signal_source=demo books=3 
demo_books=3 Bquotes=422397 Mdepth=0 Ddepth=39373 above_floor=0 
max_residual=0.000bps candidates=0 fee_age=2002ms
MICRO HEARTBEAT state=watching symbols=3 signal_source=demo books=3 
demo_books=3 Bquotes=422610 Mdepth=0 Ddepth=39387 above_floor=0 
max_residual=0.000bps candidates=0 fee_age=4045ms
MICRO HEARTBEAT state=watching symbols=3 signal_source=demo books=3 
demo_books=3 Bquotes=422653 Mdepth=0 Ddepth=39387 above_floor=0 
max_residual=0.000bps candidates=0 fee_age=1098ms
MICRO HEARTBEAT state=watching symbols=3 signal_source=demo books=3 
demo_books=3 Bquotes=422712 Mdepth=0 Ddepth=39387 above_floor=0 
max_residual=0.000bps candidates=0 fee_age=3104ms
MICRO HEARTBEAT state=watching symbols=3 signal_source=demo books=3 
demo_books=3 Bquotes=422803 Mdepth=0 Ddepth=39400 above_floor=0 
max_residual=0.000bps candidates=0 fee_age=163ms
MICRO HEARTBEAT state=watching symbols=3 signal_source=demo books=3 
demo_books=3 Bquotes=422862 Mdepth=0 Ddepth=39418 above_floor=0 
max_residual=0.000bps candidates=0 fee_age=2216ms
MICRO HEARTBEAT state=watching symbols=3 signal_source=demo books=3 
demo_books=3 Bquotes=423017 Mdepth=0 Ddepth=39418 above_floor=0 
max_residual=0.000bps candidates=0 fee_age=4252ms
MICRO HEARTBEAT state=watching symbols=3 signal_source=demo books=3 
demo_books=3 Bquotes=423095 Mdepth=0 Ddepth=39422 above_floor=0 
max_residual=0.000bps candidates=0 fee_age=1238ms
MICRO HEARTBEAT state=watching symbols=3 signal_source=demo books=3 
demo_books=3 Bquotes=423183 Mdepth=0 Ddepth=39431 above_floor=0 
max_residual=0.000bps candidates=0 fee_age=3240ms
MICRO HEARTBEAT state=watching symbols=3 signal_source=demo books=3 
demo_books=3 Bquotes=423370 Mdepth=0 Ddepth=39431 above_floor=0 
max_residual=0.000bps candidates=0 fee_age=154ms
MICRO HEARTBEAT state=watching symbols=3 signal_source=demo books=3 
demo_books=3 Bquotes=423457 Mdepth=0 Ddepth=39431 above_floor=0 
max_residual=0.000bps candidates=0 fee_age=2208ms
MICRO HEARTBEAT state=watching symbols=3 signal_source=demo books=3 
demo_books=3 Bquotes=423567 Mdepth=0 Ddepth=39465 above_floor=0 
max_residual=0.000bps candidates=0 fee_age=4238ms
MICRO SIGNAL LINK_USDT LONG residual=+2.111bps threshold=1.256 spread=1.056 
net=+0.856 B100=+2.111 M100=+0.000 Bage=1ms Mage=1108ms DemoCross=5.0bps
DEMO ENTRY LINK_USDT LONG qty=1055.1 LIVEEntry=9.472 residual=+2.111 
notional=9993.91USDT leverage=200x requested_margin=50.0000USDT 
strategy_equity=1.2903USDT sizing=TARGET_NOTIONAL spread=1.056 
DemoFeeReported=0 signal_to_visible=4605.2ms IOCconfirm=1727.7ms 
reconcile=2859.4ms
MICRO POSITION LINK_USDT mark=+1.056bps MFE=+1.056 MAE=+0.000 
DemoNetMark=-0.943892USDT DemoNet=-0.944bps DemoMFE=+0.000 DemoMAE=-0.944 
TRAIL=OFF residual=+0.000bps B100=+0.000
MICRO POSITION LINK_USDT mark=+1.056bps MFE=+1.056 MAE=+0.000 
DemoNetMark=-0.943892USDT DemoNet=-0.944bps DemoMFE=+0.000 DemoMAE=-0.944 
TRAIL=OFF residual=+0.000bps B100=+0.000
MICRO POSITION LINK_USDT mark=+1.056bps MFE=+1.056 MAE=+0.000 
DemoNetMark=-0.943892USDT DemoNet=-0.944bps DemoMFE=+0.000 DemoMAE=-0.944 
TRAIL=OFF residual=+0.000bps B100=+0.000
MICRO POSITION LINK_USDT mark=+1.056bps MFE=+1.056 MAE=+0.000 
DemoNetMark=-0.943892USDT DemoNet=-0.944bps DemoMFE=+0.000 DemoMAE=-0.944 
TRAIL=OFF residual=+0.000bps B100=+0.000
MICRO EXIT LINK_USDT reason=binance_target_caught LIVEpnl=+3.165300USDT 
move=+3.167bps MFE=+3.167 MAE=+0.000 hold=12411ms DemoExit=9.475 
DemoGross=+3.165300 DemoNet=-0.832800 DemoFee=3.9981
MICRO HEARTBEAT state=watching symbols=3 signal_source=demo books=3 
demo_books=3 Bquotes=424245 Mdepth=0 Ddepth=39525 above_floor=0 
max_residual=0.000bps candidates=0 fee_age=3321ms
MICRO HEARTBEAT state=watching symbols=3 signal_source=demo books=3 
demo_books=3 Bquotes=424306 Mdepth=0 Ddepth=39525 above_floor=0 
max_residual=0.000bps candidates=0 fee_age=295ms
MICRO HEARTBEAT state=watching symbols=3 signal_source=demo books=3 
demo_books=3 Bquotes=424368 Mdepth=0 Ddepth=39530 above_floor=0 
max_residual=0.000bps candidates=0 fee_age=2306ms
MICRO HEARTBEAT state=watching symbols=3 signal_source=demo books=3 
demo_books=3 Bquotes=424551 Mdepth=0 Ddepth=39539 above_floor=0 
max_residual=0.000bps candidates=0 fee_age=0ms
MICRO HEARTBEAT state=watching symbols=3 signal_source=demo books=3 
demo_books=3 Bquotes=424640 Mdepth=0 Ddepth=39539 above_floor=0 
max_residual=0.000bps candidates=0 fee_age=2038ms
MICRO HEARTBEAT state=watching symbols=3 signal_source=demo books=3 
demo_books=3 Bquotes=424787 Mdepth=0 Ddepth=39548 above_floor=0 
max_residual=0.000bps candidates=0 fee_age=4071ms
MICRO HEARTBEAT state=watching symbols=3 signal_source=demo books=3 
demo_books=3 Bquotes=424904 Mdepth=0 Ddepth=39568 above_floor=0 
max_residual=0.000bps candidates=0 fee_age=964ms
MICRO HEARTBEAT state=watching symbols=3 signal_source=demo books=3 
demo_books=3 Bquotes=424983 Mdepth=0 Ddepth=39568 above_floor=0 
max_residual=0.000bps candidates=0 fee_age=2999ms
MICRO HEARTBEAT state=watching symbols=3 signal_source=demo books=3 
demo_books=3 Bquotes=425033 Mdepth=0 Ddepth=39568 above_floor=0 
max_residual=0.000bps candidates=0 fee_age=111ms
MICRO HEARTBEAT state=watching symbols=3 signal_source=demo books=3 
demo_books=3 Bquotes=425124 Mdepth=0 Ddepth=39582 above_floor=0 
max_residual=0.000bps candidates=0 fee_age=2125ms
MICRO HEARTBEAT state=watching symbols=3 signal_source=demo books=3 
demo_books=3 Bquotes=425223 Mdepth=0 Ddepth=39582 above_floor=0 
max_residual=0.000bps candidates=0 fee_age=4174ms
MICRO HEARTBEAT state=watching symbols=3 signal_source=demo books=3 
demo_books=3 Bquotes=425336 Mdepth=0 Ddepth=39582 above_floor=0 
max_residual=0.000bps candidates=0 fee_age=1093ms
MICRO HEARTBEAT state=watching symbols=3 signal_source=demo books=3 
demo_books=3 Bquotes=425396 Mdepth=0 Ddepth=39605 above_floor=0 
max_residual=0.000bps candidates=0 fee_age=3142ms
MICRO HEARTBEAT state=watching symbols=3 signal_source=demo books=3 
demo_books=3 Bquotes=425447 Mdepth=0 Ddepth=39631 above_floor=0 
max_residual=0.000bps candidates=0 fee_age=181ms
MICRO HEARTBEAT state=watching symbols=3 signal_source=demo books=3 
demo_books=3 Bquotes=425540 Mdepth=0 Ddepth=39640 above_floor=0 
max_residual=0.000bps candidates=0 fee_age=2200ms
MICRO HEARTBEAT state=watching symbols=3 signal_source=demo books=3 
demo_books=3 Bquotes=425735 Mdepth=0 Ddepth=39648 above_floor=0 
max_residual=0.000bps candidates=0 fee_age=4212ms
MICRO HEARTBEAT state=watching symbols=3 signal_source=demo books=3 
demo_books=3 Bquotes=425830 Mdepth=0 Ddepth=39672 above_floor=0 
max_residual=0.000bps candidates=0 fee_age=1188ms
MICRO HEARTBEAT state=watching symbols=3 signal_source=demo books=3 
demo_books=3 Bquotes=425906 Mdepth=0 Ddepth=39680 above_floor=0 
max_residual=0.000bps candidates=0 fee_age=3194ms
MICRO HEARTBEAT state=watching symbols=3 signal_source=demo books=3 
demo_books=3 Bquotes=425974 Mdepth=0 Ddepth=39680 above_floor=0 
max_residual=0.000bps candidates=0 fee_age=158ms
MICRO HEARTBEAT state=watching symbols=3 signal_source=demo books=3 
demo_books=3 Bquotes=426065 Mdepth=0 Ddepth=39710 above_floor=0 
max_residual=0.000bps candidates=0 fee_age=2188ms
MICRO HEARTBEAT state=watching symbols=3 signal_source=demo books=3 
demo_books=3 Bquotes=426130 Mdepth=0 Ddepth=39723 above_floor=0 
max_residual=0.000bps candidates=0 fee_age=4198ms
MICRO HEARTBEAT state=watching symbols=3 signal_source=demo books=3 
demo_books=3 Bquotes=426281 Mdepth=0 Ddepth=39742 above_floor=0 
max_residual=0.000bps candidates=0 fee_age=1287ms
MICRO HEARTBEAT state=watching symbols=3 signal_source=demo books=3 
demo_books=3 Bquotes=426360 Mdepth=0 Ddepth=39762 above_floor=0 
max_residual=0.000bps candidates=0 fee_age=3305ms
MICRO HEARTBEAT state=watching symbols=3 signal_source=demo books=3 
demo_books=3 Bquotes=426449 Mdepth=0 Ddepth=39777 above_floor=0 
max_residual=0.000bps candidates=0 fee_age=260ms
MICRO HEARTBEAT state=watching symbols=3 signal_source=demo books=3 
demo_books=3 Bquotes=426503 Mdepth=0 Ddepth=39795 above_floor=0 
max_residual=0.000bps candidates=0 fee_age=2279ms
MICRO HEARTBEAT state=watching symbols=3 signal_source=demo books=3 
demo_books=3 Bquotes=426607 Mdepth=0 Ddepth=39813 above_floor=0 
max_residual=0.000bps candidates=0 fee_age=4324ms
MICRO HEARTBEAT state=watching symbols=3 signal_source=demo books=3 
demo_books=3 Bquotes=426734 Mdepth=0 Ddepth=39830 above_floor=0 
max_residual=0.000bps candidates=0 fee_age=1373ms
MICRO HEARTBEAT state=watching symbols=3 signal_source=demo books=3 
demo_books=3 Bquotes=426899 Mdepth=0 Ddepth=39847 above_floor=0 
max_residual=0.000bps candidates=0 fee_age=3387ms
MICRO HEARTBEAT state=watching symbols=3 signal_source=demo books=3 
demo_books=3 Bquotes=426997 Mdepth=0 Ddepth=39866 above_floor=0 
max_residual=0.000bps candidates=0 fee_age=357ms
MICRO HEARTBEAT state=watching symbols=3 signal_source=demo books=3 
demo_books=3 Bquotes=427118 Mdepth=0 Ddepth=39882 above_floor=0 
max_residual=0.000bps candidates=0 fee_age=2358ms
MICRO HEARTBEAT state=watching symbols=3 signal_source=demo books=3 
demo_books=3 Bquotes=427212 Mdepth=0 Ddepth=39907 above_floor=0 
max_residual=0.000bps candidates=0 fee_age=0ms
MICRO HEARTBEAT state=watching symbols=3 signal_source=demo books=3 
demo_books=3 Bquotes=427298 Mdepth=0 Ddepth=39919 above_floor=0 
max_residual=0.000bps candidates=0 fee_age=1319ms
MICRO HEARTBEAT state=watching symbols=3 signal_source=demo books=3 
demo_books=3 Bquotes=427390 Mdepth=0 Ddepth=39937 above_floor=0 
max_residual=0.000bps candidates=0 fee_age=3368ms
MICRO HEARTBEAT state=watching symbols=3 signal_source=demo books=3 
demo_books=3 Bquotes=427495 Mdepth=0 Ddepth=39952 above_floor=0 
max_residual=0.000bps candidates=0 fee_age=458ms
MICRO HEARTBEAT state=watching symbols=3 signal_source=demo books=3 
demo_books=3 Bquotes=427577 Mdepth=0 Ddepth=39973 above_floor=0 
max_residual=0.000bps candidates=0 fee_age=2462ms
MICRO HEARTBEAT state=watching symbols=3 signal_source=demo books=3 
demo_books=3 Bquotes=427750 Mdepth=0 Ddepth=39995 above_floor=0 
max_residual=0.000bps candidates=0 fee_age=0ms
MICRO HEARTBEAT state=watching symbols=3 signal_source=demo books=3 
demo_books=3 Bquotes=427892 Mdepth=0 Ddepth=40015 above_floor=0 
max_residual=0.000bps candidates=0 fee_age=2018ms
MICRO HEARTBEAT state=watching symbols=3 signal_source=demo books=3 
demo_books=3 Bquotes=427942 Mdepth=0 Ddepth=40027 above_floor=0 
max_residual=0.000bps candidates=0 fee_age=4063ms
MICRO HEARTBEAT state=watching symbols=3 signal_source=demo books=3 
demo_books=3 Bquotes=428068 Mdepth=0 Ddepth=40043 above_floor=0 
max_residual=0.000bps candidates=0 fee_age=1134ms
MICRO HEARTBEAT state=watching symbols=3 signal_source=demo books=3 
demo_books=3 Bquotes=428185 Mdepth=0 Ddepth=40062 above_floor=0 
max_residual=0.000bps candidates=0 fee_age=3142ms
MICRO HEARTBEAT state=watching symbols=3 signal_source=demo books=3 
demo_books=3 Bquotes=428256 Mdepth=0 Ddepth=40079 above_floor=0 
max_residual=0.000bps candidates=0 fee_age=81ms
MICRO HEARTBEAT state=watching symbols=3 signal_source=demo books=3 
demo_books=3 Bquotes=428315 Mdepth=0 Ddepth=40095 above_floor=0 
max_residual=0.000bps candidates=0 fee_age=2083ms
MICRO HEARTBEAT state=watching symbols=3 signal_source=demo books=3 
demo_books=3 Bquotes=428387 Mdepth=0 Ddepth=40111 above_floor=0 
max_residual=0.000bps candidates=0 fee_age=4134ms
MICRO HEARTBEAT state=watching symbols=3 signal_source=demo books=3 
demo_books=3 Bquotes=428460 Mdepth=0 Ddepth=40128 above_floor=0 
max_residual=0.000bps candidates=0 fee_age=1107ms
MICRO HEARTBEAT state=watching symbols=3 signal_source=demo books=3 
demo_books=3 Bquotes=428692 Mdepth=0 Ddepth=40144 above_floor=0 
max_residual=0.000bps candidates=0 fee_age=3108ms
MICRO HEARTBEAT state=watching symbols=3 signal_source=demo books=3 
demo_books=3 Bquotes=428810 Mdepth=0 Ddepth=40168 above_floor=0 
max_residual=0.000bps candidates=0 fee_age=0ms
MICRO HEARTBEAT state=watching symbols=3 signal_source=demo books=3 
demo_books=3 Bquotes=428896 Mdepth=0 Ddepth=40185 above_floor=0 
max_residual=0.000bps candidates=0 fee_age=2012ms
MICRO HEARTBEAT state=watching symbols=3 signal_source=demo books=3 
demo_books=3 Bquotes=428978 Mdepth=0 Ddepth=40204 above_floor=0 
max_residual=0.000bps candidates=0 fee_age=0ms
MICRO HEARTBEAT state=watching symbols=3 signal_source=demo books=3 
demo_books=3 Bquotes=429055 Mdepth=0 Ddepth=40222 above_floor=0 
max_residual=0.000bps candidates=0 fee_age=2020ms
MICRO HEARTBEAT state=watching symbols=3 signal_source=demo books=3 
demo_books=3 Bquotes=429133 Mdepth=0 Ddepth=40239 above_floor=0 
max_residual=0.000bps candidates=0 fee_age=4024ms
MICRO HEARTBEAT state=watching symbols=3 signal_source=demo books=3 
demo_books=3 Bquotes=429222 Mdepth=0 Ddepth=40257 above_floor=0 
max_residual=0.000bps candidates=0 fee_age=656ms
MICRO HEARTBEAT state=watching symbols=3 signal_source=demo books=3 
demo_books=3 Bquotes=429305 Mdepth=0 Ddepth=40275 above_floor=0 
max_residual=0.000bps candidates=0 fee_age=2668ms
MICRO HEARTBEAT state=watching symbols=3 signal_source=demo books=3 
demo_books=3 Bquotes=429449 Mdepth=0 Ddepth=40292 above_floor=0 
max_residual=0.000bps candidates=0 fee_age=96ms
MICRO HEARTBEAT state=watching symbols=3 signal_source=demo books=3 
demo_books=3 Bquotes=429559 Mdepth=0 Ddepth=40309 above_floor=0 
max_residual=0.000bps candidates=0 fee_age=2108ms
MICRO HEARTBEAT state=watching symbols=3 signal_source=demo books=3 
demo_books=3 Bquotes=429631 Mdepth=0 Ddepth=40329 above_floor=0 
max_residual=0.000bps candidates=0 fee_age=4115ms
MICRO HEARTBEAT state=watching symbols=3 signal_source=demo books=3 
demo_books=3 Bquotes=429734 Mdepth=0 Ddepth=40345 above_floor=0 
max_residual=0.000bps candidates=0 fee_age=1091ms
MICRO HEARTBEAT state=watching symbols=3 signal_source=demo books=3 
demo_books=3 Bquotes=429908 Mdepth=0 Ddepth=40362 above_floor=0 
max_residual=0.000bps candidates=0 fee_age=3116ms
MICRO HEARTBEAT state=watching symbols=3 signal_source=demo books=3 
demo_books=3 Bquotes=430001 Mdepth=0 Ddepth=40382 above_floor=0 
max_residual=0.000bps candidates=0 fee_age=57ms
MICRO HEARTBEAT state=watching symbols=3 signal_source=demo books=3 
demo_books=3 Bquotes=430097 Mdepth=0 Ddepth=40400 above_floor=0 
max_residual=0.000bps candidates=0 fee_age=2086ms
MICRO HEARTBEAT state=watching symbols=3 signal_source=demo books=3 
demo_books=3 Bquotes=430143 Mdepth=0 Ddepth=40418 above_floor=0 
max_residual=0.000bps candidates=0 fee_age=4094ms
MICRO HEARTBEAT state=watching symbols=3 signal_source=demo books=3 
demo_books=3 Bquotes=430186 Mdepth=0 Ddepth=40437 above_floor=0 
max_residual=0.000bps candidates=0 fee_age=679ms
MICRO HEARTBEAT state=watching symbols=3 signal_source=demo books=3 
demo_books=3 Bquotes=430264 Mdepth=0 Ddepth=40453 above_floor=0 
max_residual=0.000bps candidates=0 fee_age=2681ms
MICRO HEARTBEAT state=watching symbols=3 signal_source=demo books=3 
demo_books=3 Bquotes=430508 Mdepth=0 Ddepth=40472 above_floor=0 
max_residual=0.000bps candidates=0 fee_age=66ms
MICRO HEARTBEAT state=watching symbols=3 signal_source=demo books=3 
demo_books=3 Bquotes=430564 Mdepth=0 Ddepth=40490 above_floor=0 
max_residual=0.000bps candidates=0 fee_age=2082ms
MICRO HEARTBEAT state=watching symbols=3 signal_source=demo books=3 
demo_books=3 Bquotes=430639 Mdepth=0 Ddepth=40509 above_floor=0 
max_residual=0.000bps candidates=0 fee_age=4082ms
MICRO HEARTBEAT state=watching symbols=3 signal_source=demo books=3 
demo_books=3 Bquotes=430784 Mdepth=0 Ddepth=40524 above_floor=0 
max_residual=0.000bps candidates=0 fee_age=1116ms
MICRO HEARTBEAT state=watching symbols=3 signal_source=demo books=3 
demo_books=3 Bquotes=430857 Mdepth=0 Ddepth=40542 above_floor=0 
max_residual=0.000bps candidates=0 fee_age=3158ms
MICRO HEARTBEAT state=watching symbols=3 signal_source=demo books=3 
demo_books=3 Bquotes=430960 Mdepth=0 Ddepth=40559 above_floor=0 
max_residual=0.000bps candidates=0 fee_age=127ms
MICRO SIGNAL DOGE_USDT SHORT residual=-2.854bps threshold=1.627 spread=1.427 
net=+1.227 B100=-2.854 M100=+0.000 Bage=0ms Mage=82ms DemoCross=5.0bps
DEMO ENTRY DOGE_USDT SHORT qty=142700 LIVEEntry=0.07009 residual=-2.854 
notional=10001.8USDT leverage=200x requested_margin=50.0000USDT 
strategy_equity=0.4575USDT sizing=TARGET_NOTIONAL spread=1.427 
DemoFeeReported=2.00037 signal_to_visible=PENDING IOCconfirm=577.7ms 
reconcile=ASYNC
DEMO POSITION VISIBLE DOGE_USDT signal_to_visible=913.4ms
MICRO POSITION DOGE_USDT mark=+1.427bps MFE=+1.427 MAE=-1.427 
DemoNetMark=-2.573452USDT DemoNet=-2.573bps DemoMFE=+0.000 DemoMAE=-5.427 
TRAIL=OFF residual=+0.000bps B100=+0.000
MICRO POSITION DOGE_USDT mark=+1.427bps MFE=+1.427 MAE=-1.427 
DemoNetMark=-2.573452USDT DemoNet=-2.573bps DemoMFE=+0.000 DemoMAE=-5.427 
TRAIL=OFF residual=+0.000bps B100=+0.000
MICRO POSITION DOGE_USDT mark=+1.427bps MFE=+1.427 MAE=-1.427 
DemoNetMark=-2.573452USDT DemoNet=-2.573bps DemoMFE=+0.000 DemoMAE=-5.427 
TRAIL=OFF residual=+0.000bps B100=+0.000
MICRO POSITION DOGE_USDT mark=+1.427bps MFE=+1.427 MAE=-1.427 
DemoNetMark=-2.573452USDT DemoNet=-2.573bps DemoMFE=+0.000 DemoMAE=-5.427 
TRAIL=OFF residual=+0.000bps B100=+0.000
MICRO POSITION DOGE_USDT mark=+1.427bps MFE=+1.427 MAE=-1.427 
DemoNetMark=-2.573452USDT DemoNet=-2.573bps DemoMFE=+0.000 DemoMAE=-5.427 
TRAIL=OFF residual=+0.000bps B100=+0.000
MICRO POSITION DOGE_USDT mark=+1.427bps MFE=+1.427 MAE=-1.427 
DemoNetMark=-2.573452USDT DemoNet=-2.573bps DemoMFE=+0.000 DemoMAE=-5.427 
TRAIL=OFF residual=+0.000bps B100=+0.000
MICRO POSITION DOGE_USDT mark=+1.427bps MFE=+1.427 MAE=-1.427 
DemoNetMark=-2.573452USDT DemoNet=-2.573bps DemoMFE=+0.000 DemoMAE=-5.427 
TRAIL=OFF residual=+0.000bps B100=+0.000
MICRO POSITION DOGE_USDT mark=+1.427bps MFE=+1.427 MAE=-1.427 
DemoNetMark=-2.573452USDT DemoNet=-2.573bps DemoMFE=+0.000 DemoMAE=-5.427 
TRAIL=OFF residual=+0.000bps B100=+0.000
MICRO POSITION DOGE_USDT mark=+1.427bps MFE=+1.427 MAE=-1.427 
DemoNetMark=-2.573452USDT DemoNet=-2.573bps DemoMFE=+0.000 DemoMAE=-5.427 
TRAIL=OFF residual=+0.000bps B100=+0.000
MICRO POSITION DOGE_USDT mark=+1.427bps MFE=+1.427 MAE=-1.427 
DemoNetMark=-2.573452USDT DemoNet=-2.573bps DemoMFE=+0.000 DemoMAE=-5.427 
TRAIL=OFF residual=+0.000bps B100=+0.000
MICRO POSITION DOGE_USDT mark=+1.427bps MFE=+1.427 MAE=-1.427 
DemoNetMark=-2.573452USDT DemoNet=-2.573bps DemoMFE=+0.000 DemoMAE=-5.427 
TRAIL=OFF residual=+0.000bps B100=+0.000
MICRO POSITION DOGE_USDT mark=+1.427bps MFE=+1.427 MAE=-1.427 
DemoNetMark=-2.573452USDT DemoNet=-2.573bps DemoMFE=+0.000 DemoMAE=-5.427 
TRAIL=OFF residual=+0.000bps B100=+0.000
MICRO POSITION DOGE_USDT mark=+1.427bps MFE=+1.427 MAE=-1.427 
DemoNetMark=-2.573452USDT DemoNet=-2.573bps DemoMFE=+0.000 DemoMAE=-5.427 
TRAIL=OFF residual=+0.000bps B100=+0.000
MICRO POSITION DOGE_USDT mark=+1.427bps MFE=+1.427 MAE=-1.427 
DemoNetMark=-2.573452USDT DemoNet=-2.573bps DemoMFE=+0.000 DemoMAE=-5.427 
TRAIL=OFF residual=+0.000bps B100=+0.000
MICRO POSITION DOGE_USDT mark=+1.427bps MFE=+1.427 MAE=-1.427 
DemoNetMark=-2.573452USDT DemoNet=-2.573bps DemoMFE=+0.000 DemoMAE=-5.427 
TRAIL=OFF residual=+0.000bps B100=+0.000
MICRO POSITION DOGE_USDT mark=+1.427bps MFE=+1.427 MAE=-1.427 
DemoNetMark=-2.573452USDT DemoNet=-2.573bps DemoMFE=+0.000 DemoMAE=-5.427 
TRAIL=OFF residual=+0.000bps B100=+0.000
MICRO POSITION DOGE_USDT mark=+1.427bps MFE=+1.427 MAE=-1.427 
DemoNetMark=-2.573452USDT DemoNet=-2.573bps DemoMFE=+0.000 DemoMAE=-5.427 
TRAIL=OFF residual=+0.000bps B100=+0.000
MICRO POSITION DOGE_USDT mark=+1.427bps MFE=+1.427 MAE=-1.427 
DemoNetMark=-2.573452USDT DemoNet=-2.573bps DemoMFE=+0.000 DemoMAE=-5.427 
TRAIL=OFF residual=+0.000bps B100=+0.000
MICRO POSITION DOGE_USDT mark=+1.427bps MFE=+1.427 MAE=-1.427 
DemoNetMark=-2.573452USDT DemoNet=-2.573bps DemoMFE=+0.000 DemoMAE=-5.427 
TRAIL=OFF residual=+0.000bps B100=+0.000
MICRO POSITION DOGE_USDT mark=+1.427bps MFE=+1.427 MAE=-1.427 
DemoNetMark=-2.573452USDT DemoNet=-2.573bps DemoMFE=+0.000 DemoMAE=-5.427 
TRAIL=OFF residual=+0.000bps B100=+0.000
MICRO POSITION DOGE_USDT mark=+1.427bps MFE=+1.427 MAE=-1.427 
DemoNetMark=-2.573452USDT DemoNet=-2.573bps DemoMFE=+0.000 DemoMAE=-5.427 
TRAIL=OFF residual=+0.000bps B100=+0.000
MICRO POSITION DOGE_USDT mark=+1.427bps MFE=+1.427 MAE=-1.427 
DemoNetMark=-2.573452USDT DemoNet=-2.573bps DemoMFE=+0.000 DemoMAE=-5.427 
TRAIL=OFF residual=+0.000bps B100=+0.000
MICRO POSITION DOGE_USDT mark=+1.427bps MFE=+1.427 MAE=-1.427 
DemoNetMark=-2.573452USDT DemoNet=-2.573bps DemoMFE=+0.000 DemoMAE=-5.427 
TRAIL=OFF residual=+0.000bps B100=+0.000
MICRO POSITION DOGE_USDT mark=+1.427bps MFE=+1.427 MAE=-1.427 
DemoNetMark=-2.573452USDT DemoNet=-2.573bps DemoMFE=+0.000 DemoMAE=-5.427 
TRAIL=OFF residual=+0.000bps B100=+0.000
MICRO POSITION DOGE_USDT mark=+1.427bps MFE=+1.427 MAE=-1.427 
DemoNetMark=-2.573452USDT DemoNet=-2.573bps DemoMFE=+0.000 DemoMAE=-5.427 
TRAIL=OFF residual=+0.000bps B100=+0.000
MICRO POSITION DOGE_USDT mark=+1.427bps MFE=+1.427 MAE=-1.427 
DemoNetMark=-2.573452USDT DemoNet=-2.573bps DemoMFE=+0.000 DemoMAE=-5.427 
TRAIL=OFF residual=+0.000bps B100=+0.000
MICRO POSITION DOGE_USDT mark=+1.427bps MFE=+1.427 MAE=-1.427 
DemoNetMark=-2.573452USDT DemoNet=-2.573bps DemoMFE=+0.000 DemoMAE=-5.427 
TRAIL=OFF residual=+0.000bps B100=+0.000
MICRO POSITION DOGE_USDT mark=+1.427bps MFE=+1.427 MAE=-1.427 
DemoNetMark=-2.573452USDT DemoNet=-2.573bps DemoMFE=+0.000 DemoMAE=-5.427 
TRAIL=OFF residual=+0.000bps B100=+0.000
MICRO POSITION DOGE_USDT mark=+1.427bps MFE=+1.427 MAE=-1.427 
DemoNetMark=-2.573452USDT DemoNet=-2.573bps DemoMFE=+0.000 DemoMAE=-5.427 
TRAIL=OFF residual=+0.000bps B100=+0.000
MICRO EXIT DOGE_USDT reason=microspread_timeout LIVEpnl=+1.427000USDT 
move=+1.427bps MFE=+1.427 MAE=-1.427 hold=60020ms DemoExit=0.07008 
DemoGross=+1.427000 DemoNet=-2.573400 DemoFee=2.00003
MICRO HEARTBEAT state=watching symbols=3 signal_source=demo books=3 
demo_books=3 Bquotes=434137 Mdepth=0 Ddepth=41128 above_floor=0 
max_residual=0.000bps candidates=0 fee_age=1383ms
MICRO HEARTBEAT state=watching symbols=3 signal_source=demo books=3 
demo_books=3 Bquotes=434256 Mdepth=0 Ddepth=41149 above_floor=0 
max_residual=0.000bps candidates=0 fee_age=3386ms
MICRO HEARTBEAT state=watching symbols=3 signal_source=demo books=3 
demo_books=3 Bquotes=434314 Mdepth=0 Ddepth=41168 above_floor=0 
max_residual=0.000bps candidates=0 fee_age=474ms
MICRO HEARTBEAT state=watching symbols=3 signal_source=demo books=3 
demo_books=3 Bquotes=434415 Mdepth=0 Ddepth=41186 above_floor=0 
max_residual=0.000bps candidates=0 fee_age=2516ms
MICRO HEARTBEAT state=watching symbols=3 signal_source=demo books=3 
demo_books=3 Bquotes=434535 Mdepth=0 Ddepth=41211 above_floor=0 
max_residual=0.000bps candidates=0 fee_age=0ms
MICRO SIGNAL LINK_USDT SHORT residual=-1.583bps threshold=1.255 spread=1.055 
net=+0.328 B100=-1.583 M100=+0.000 Bage=0ms Mage=1831ms DemoCross=5.0bps
DEMO ENTRY LINK_USDT SHORT qty=1055.6 LIVEEntry=9.478 residual=-1.583 
notional=10005USDT leverage=200x requested_margin=50.0000USDT 
strategy_equity=0.0100USDT sizing=TARGET_NOTIONAL spread=1.055 
DemoFeeReported=2.001 signal_to_visible=PENDING IOCconfirm=631.9ms 
reconcile=ASYNC
DEMO POSITION VISIBLE LINK_USDT signal_to_visible=1002.8ms
MICRO POSITION LINK_USDT mark=-1.055bps MFE=+0.000 MAE=-1.055 
DemoNetMark=-5.057802USDT DemoNet=-5.055bps DemoMFE=+0.000 DemoMAE=-5.055 
TRAIL=OFF residual=+0.000bps B100=+0.000
MICRO EXIT LINK_USDT reason=binance_target_caught LIVEpnl=+3.166800USDT 
move=+3.165bps MFE=+3.165 MAE=-1.055 hold=2297ms DemoExit=9.475 
DemoGross=+3.166800 DemoNet=-0.834500 DemoFee=2.0003
MICRO HEARTBEAT state=watching symbols=3 signal_source=demo books=3 
demo_books=3 Bquotes=434882 Mdepth=0 Ddepth=41259 above_floor=0 
max_residual=0.000bps candidates=0 fee_age=0ms
MICRO HEARTBEAT state=watching symbols=3 signal_source=demo books=3 
demo_books=3 Bquotes=434993 Mdepth=0 Ddepth=41276 above_floor=0 
max_residual=0.000bps candidates=0 fee_age=1418ms
MICRO HEARTBEAT state=watching symbols=3 signal_source=demo books=3 
demo_books=3 Bquotes=435147 Mdepth=0 Ddepth=41295 above_floor=0 
max_residual=0.000bps candidates=0 fee_age=3454ms
MICRO HEARTBEAT state=watching symbols=3 signal_source=demo books=3 
demo_books=3 Bquotes=435210 Mdepth=0 Ddepth=41316 above_floor=0 
max_residual=0.000bps candidates=0 fee_age=438ms
MICRO HEARTBEAT state=watching symbols=3 signal_source=demo books=3 
demo_books=3 Bquotes=435298 Mdepth=0 Ddepth=41335 above_floor=0 
max_residual=0.000bps candidates=0 fee_age=2457ms
MICRO HEARTBEAT state=watching symbols=3 signal_source=demo books=3 
demo_books=3 Bquotes=435446 Mdepth=0 Ddepth=41360 above_floor=0 
max_residual=0.000bps candidates=0 fee_age=0ms
MICRO HEARTBEAT state=watching symbols=3 signal_source=demo books=3 
demo_books=3 Bquotes=435496 Mdepth=0 Ddepth=41379 above_floor=0 
max_residual=0.000bps candidates=0 fee_age=2030ms
MICRO HEARTBEAT state=watching symbols=3 signal_source=demo books=3 
demo_books=3 Bquotes=435632 Mdepth=0 Ddepth=41401 above_floor=0 
max_residual=0.000bps candidates=0 fee_age=4035ms
MICRO HEARTBEAT state=watching symbols=3 signal_source=demo books=3 
demo_books=3 Bquotes=435730 Mdepth=0 Ddepth=41419 above_floor=0 
max_residual=0.000bps candidates=0 fee_age=1049ms
MICRO HEARTBEAT state=watching symbols=3 signal_source=demo books=3 
demo_books=3 Bquotes=435785 Mdepth=0 Ddepth=41440 above_floor=0 
max_residual=0.000bps candidates=0 fee_age=3057ms
MICRO HEARTBEAT state=watching symbols=3 signal_source=demo books=3 
demo_books=3 Bquotes=435863 Mdepth=0 Ddepth=41461 above_floor=0 
max_residual=0.000bps candidates=0 fee_age=6ms
MICRO HEARTBEAT state=watching symbols=3 signal_source=demo books=3 
demo_books=3 Bquotes=435961 Mdepth=0 Ddepth=41479 above_floor=0 
max_residual=0.000bps candidates=0 fee_age=2044ms
MICRO HEARTBEAT state=watching symbols=3 signal_source=demo books=3 
demo_books=3 Bquotes=436027 Mdepth=0 Ddepth=41497 above_floor=0 
max_residual=0.000bps candidates=0 fee_age=4099ms
MICRO HEARTBEAT state=watching symbols=3 signal_source=demo books=3 
demo_books=3 Bquotes=436195 Mdepth=0 Ddepth=41511 above_floor=0 
max_residual=0.000bps candidates=0 fee_age=691ms
MICRO HEARTBEAT state=watching symbols=3 signal_source=demo books=3 
demo_books=3 Bquotes=436372 Mdepth=0 Ddepth=41511 above_floor=0 
max_residual=0.000bps candidates=0 fee_age=2712ms
MICRO HEARTBEAT state=watching symbols=3 signal_source=demo books=3 
demo_books=3 Bquotes=436474 Mdepth=0 Ddepth=41513 above_floor=0 
max_residual=0.000bps candidates=0 fee_age=105ms
MICRO HEARTBEAT state=watching symbols=3 signal_source=demo books=3 
demo_books=3 Bquotes=436629 Mdepth=0 Ddepth=41537 above_floor=0 
max_residual=0.000bps candidates=0 fee_age=2113ms
MICRO SIGNAL LINK_USDT LONG residual=+2.112bps threshold=1.256 spread=1.056 
net=+0.856 B100=+2.112 M100=+0.000 Bage=2ms Mage=1674ms DemoCross=5.0bps
DEMO ENTRY LINK_USDT LONG qty=1055.5 LIVEEntry=9.469 residual=+2.112 
notional=9994.53USDT leverage=200x requested_margin=50.0000USDT 
strategy_equity=0.0100USDT sizing=TARGET_NOTIONAL spread=1.056 
DemoFeeReported=1.99891 signal_to_visible=PENDING IOCconfirm=627.0ms 
reconcile=ASYNC
DEMO POSITION VISIBLE LINK_USDT signal_to_visible=969.6ms
MICRO POSITION LINK_USDT mark=-1.056bps MFE=+0.000 MAE=-1.056 
DemoNetMark=-5.053101USDT DemoNet=-5.056bps DemoMFE=+0.000 DemoMAE=-5.056 
TRAIL=OFF residual=+0.000bps B100=+0.000
MICRO POSITION LINK_USDT mark=-1.056bps MFE=+0.000 MAE=-1.056 
DemoNetMark=-5.053101USDT DemoNet=-5.056bps DemoMFE=+0.000 DemoMAE=-5.056 
TRAIL=OFF residual=+0.000bps B100=+0.000
MICRO POSITION LINK_USDT mark=+1.056bps MFE=+1.056 MAE=-1.056 
DemoNetMark=-2.942523USDT DemoNet=-2.944bps DemoMFE=+0.000 DemoMAE=-5.056 
TRAIL=OFF residual=+0.000bps B100=+0.000
MICRO POSITION LINK_USDT mark=+1.056bps MFE=+1.056 MAE=-1.056 
DemoNetMark=-2.942523USDT DemoNet=-2.944bps DemoMFE=+0.000 DemoMAE=-5.056 
TRAIL=OFF residual=+0.000bps B100=+0.000
MICRO POSITION LINK_USDT mark=+1.056bps MFE=+1.056 MAE=-1.056 
DemoNetMark=-2.942523USDT DemoNet=-2.944bps DemoMFE=+0.000 DemoMAE=-5.056 
TRAIL=OFF residual=+0.000bps B100=+0.000
MICRO POSITION LINK_USDT mark=+0.000bps MFE=+1.056 MAE=-1.056 
DemoNetMark=-3.997812USDT DemoNet=-4.000bps DemoMFE=+0.000 DemoMAE=-5.056 
TRAIL=OFF residual=+0.000bps B100=+0.000
MICRO POSITION LINK_USDT mark=+0.000bps MFE=+1.056 MAE=-1.056 
DemoNetMark=-3.997812USDT DemoNet=-4.000bps DemoMFE=+0.000 DemoMAE=-5.056 
TRAIL=OFF residual=+0.000bps B100=+0.000
MICRO POSITION LINK_USDT mark=+0.000bps MFE=+1.056 MAE=-1.056 
DemoNetMark=-3.997812USDT DemoNet=-4.000bps DemoMFE=+0.000 DemoMAE=-5.056 
TRAIL=OFF residual=+0.000bps B100=+0.000
MICRO POSITION LINK_USDT mark=+0.000bps MFE=+1.056 MAE=-1.056 
DemoNetMark=-3.997812USDT DemoNet=-4.000bps DemoMFE=+0.000 DemoMAE=-5.056 
TRAIL=OFF residual=+0.000bps B100=+0.000
MICRO POSITION LINK_USDT mark=+0.000bps MFE=+1.056 MAE=-1.056 
DemoNetMark=-3.997812USDT DemoNet=-4.000bps DemoMFE=+0.000 DemoMAE=-5.056 
TRAIL=OFF residual=+0.000bps B100=+0.000
MICRO POSITION LINK_USDT mark=+0.000bps MFE=+1.056 MAE=-1.056 
DemoNetMark=-3.997812USDT DemoNet=-4.000bps DemoMFE=+0.000 DemoMAE=-5.056 
TRAIL=OFF residual=+0.000bps B100=+0.000
MICRO EXIT LINK_USDT reason=binance_target_caught LIVEpnl=+3.166500USDT 
move=+3.168bps MFE=+3.168 MAE=-1.056 hold=23565ms DemoExit=9.475 
DemoGross=+6.333000 DemoNet=+2.334000 DemoFee=2.00009
MICRO HEARTBEAT state=watching symbols=3 signal_source=demo books=3 
demo_books=3 Bquotes=438330 Mdepth=0 Ddepth=41631 above_floor=0 
max_residual=0.000bps candidates=0 fee_age=2618ms
MICRO HEARTBEAT state=watching symbols=3 signal_source=demo books=3 
demo_books=3 Bquotes=438462 Mdepth=0 Ddepth=41632 above_floor=0 
max_residual=0.000bps candidates=0 fee_age=5ms
MICRO HEARTBEAT state=watching symbols=3 signal_source=demo books=3 
demo_books=3 Bquotes=438617 Mdepth=0 Ddepth=41632 above_floor=0 
max_residual=0.000bps candidates=0 fee_age=2020ms
MICRO HEARTBEAT state=watching symbols=3 signal_source=demo books=3 
demo_books=3 Bquotes=438743 Mdepth=0 Ddepth=41648 above_floor=0 
max_residual=0.000bps candidates=0 fee_age=4062ms
MICRO HEARTBEAT state=watching symbols=3 signal_source=demo books=3 
demo_books=3 Bquotes=438857 Mdepth=0 Ddepth=41650 above_floor=0 
max_residual=0.000bps candidates=0 fee_age=1132ms
MICRO HEARTBEAT state=watching symbols=3 signal_source=demo books=3 
demo_books=3 Bquotes=438929 Mdepth=0 Ddepth=41650 above_floor=0 
max_residual=0.000bps candidates=0 fee_age=3134ms
MICRO HEARTBEAT state=watching symbols=3 signal_source=demo books=3 
demo_books=3 Bquotes=439004 Mdepth=0 Ddepth=41667 above_floor=0 
max_residual=0.000bps candidates=0 fee_age=138ms
MICRO HEARTBEAT state=watching symbols=3 signal_source=demo books=3 
demo_books=3 Bquotes=439154 Mdepth=0 Ddepth=41678 above_floor=0 
max_residual=0.000bps candidates=0 fee_age=2164ms
MICRO HEARTBEAT state=watching symbols=3 signal_source=demo books=3 
demo_books=3 Bquotes=439232 Mdepth=0 Ddepth=41678 above_floor=0 
max_residual=0.000bps candidates=0 fee_age=4190ms
MICRO HEARTBEAT state=watching symbols=3 signal_source=demo books=3 
demo_books=3 Bquotes=439289 Mdepth=0 Ddepth=41686 above_floor=0 
max_residual=0.000bps candidates=0 fee_age=1107ms
MICRO HEARTBEAT state=watching symbols=3 signal_source=demo books=3 
demo_books=3 Bquotes=439405 Mdepth=0 Ddepth=41695 above_floor=0 
max_residual=0.000bps candidates=0 fee_age=3118ms
MICRO HEARTBEAT state=watching symbols=3 signal_source=demo books=3 
demo_books=3 Bquotes=439490 Mdepth=0 Ddepth=41695 above_floor=0 
max_residual=0.000bps candidates=0 fee_age=156ms
MICRO HEARTBEAT state=watching symbols=3 signal_source=demo books=3 
demo_books=3 Bquotes=439782 Mdepth=0 Ddepth=41695 above_floor=0 
max_residual=0.000bps candidates=0 fee_age=2157ms
MICRO HEARTBEAT state=watching symbols=3 signal_source=demo books=3 
demo_books=3 Bquotes=439851 Mdepth=0 Ddepth=41719 above_floor=0 
max_residual=0.000bps candidates=0 fee_age=4158ms
MICRO HEARTBEAT state=watching symbols=3 signal_source=demo books=3 
demo_books=3 Bquotes=439931 Mdepth=0 Ddepth=41719 above_floor=0 
max_residual=0.000bps candidates=0 fee_age=1247ms
MICRO HEARTBEAT state=watching symbols=3 signal_source=demo books=3 
demo_books=3 Bquotes=440035 Mdepth=0 Ddepth=41719 above_floor=0 
max_residual=0.000bps candidates=0 fee_age=3257ms
MICRO HEARTBEAT state=watching symbols=3 signal_source=demo books=3 
demo_books=3 Bquotes=440106 Mdepth=0 Ddepth=41738 above_floor=0 
max_residual=0.000bps candidates=0 fee_age=166ms
MICRO HEARTBEAT state=watching symbols=3 signal_source=demo books=3 
demo_books=3 Bquotes=440178 Mdepth=0 Ddepth=41738 above_floor=0 
max_residual=0.000bps candidates=0 fee_age=2189ms
MICRO HEARTBEAT state=watching symbols=3 signal_source=demo books=3 
demo_books=3 Bquotes=440415 Mdepth=0 Ddepth=41738 above_floor=0 
max_residual=0.000bps candidates=0 fee_age=4189ms
MICRO HEARTBEAT state=watching symbols=3 signal_source=demo books=3 
demo_books=3 Bquotes=440523 Mdepth=0 Ddepth=41749 above_floor=0 
max_residual=0.000bps candidates=0 fee_age=1142ms
MICRO HEARTBEAT state=watching symbols=3 signal_source=demo books=3 
demo_books=3 Bquotes=440601 Mdepth=0 Ddepth=41766 above_floor=0 
max_residual=0.000bps candidates=0 fee_age=3173ms
MICRO HEARTBEAT state=watching symbols=3 signal_source=demo books=3 
demo_books=3 Bquotes=440706 Mdepth=0 Ddepth=41766 above_floor=0 
max_residual=0.000bps candidates=0 fee_age=208ms
MICRO HEARTBEAT state=watching symbols=3 signal_source=demo books=3 
demo_books=3 Bquotes=440846 Mdepth=0 Ddepth=41768 above_floor=0 
max_residual=0.000bps candidates=0 fee_age=2226ms
MICRO HEARTBEAT state=watching symbols=3 signal_source=demo books=3 
demo_books=3 Bquotes=440970 Mdepth=0 Ddepth=41786 above_floor=0 
max_residual=0.000bps candidates=0 fee_age=4261ms
MICRO HEARTBEAT state=watching symbols=3 signal_source=demo books=3 
demo_books=3 Bquotes=441022 Mdepth=0 Ddepth=41786 above_floor=0 
max_residual=0.000bps candidates=0 fee_age=1302ms
MICRO HEARTBEAT state=watching symbols=3 signal_source=demo books=3 
demo_books=3 Bquotes=441216 Mdepth=0 Ddepth=41786 above_floor=0 
max_residual=0.000bps candidates=0 fee_age=3303ms
MICRO HEARTBEAT state=watching symbols=3 signal_source=demo books=3 
demo_books=3 Bquotes=441407 Mdepth=0 Ddepth=41810 above_floor=0 
max_residual=0.000bps candidates=0 fee_age=223ms
MICRO HEARTBEAT state=watching symbols=3 signal_source=demo books=3 
demo_books=3 Bquotes=441488 Mdepth=0 Ddepth=41825 above_floor=0 
max_residual=0.000bps candidates=0 fee_age=2247ms
MICRO HEARTBEAT state=watching symbols=3 signal_source=demo books=3 
demo_books=3 Bquotes=441680 Mdepth=0 Ddepth=41826 above_floor=0 
max_residual=0.000bps candidates=0 fee_age=4278ms
MICRO HEARTBEAT state=watching symbols=3 signal_source=demo books=3 
demo_books=3 Bquotes=441810 Mdepth=0 Ddepth=41839 above_floor=0 
max_residual=0.000bps candidates=0 fee_age=1298ms
MICRO HEARTBEAT state=watching symbols=3 signal_source=demo books=3 
demo_books=3 Bquotes=441951 Mdepth=0 Ddepth=41858 above_floor=0 
max_residual=0.000bps candidates=0 fee_age=3319ms
MICRO HEARTBEAT state=watching symbols=3 signal_source=demo books=3 
demo_books=3 Bquotes=442070 Mdepth=0 Ddepth=41866 above_floor=0 
max_residual=0.000bps candidates=0 fee_age=330ms
MICRO HEARTBEAT state=watching symbols=3 signal_source=demo books=3 
demo_books=3 Bquotes=442122 Mdepth=0 Ddepth=41869 above_floor=0 
max_residual=0.000bps candidates=0 fee_age=2341ms
MICRO HEARTBEAT state=watching symbols=3 signal_source=demo books=3 
demo_books=3 Bquotes=442337 Mdepth=0 Ddepth=41898 above_floor=0 
max_residual=0.000bps candidates=0 fee_age=0ms
MICRO HEARTBEAT state=watching symbols=3 signal_source=demo books=3 
demo_books=3 Bquotes=442746 Mdepth=0 Ddepth=41906 above_floor=0 
max_residual=0.000bps candidates=0 fee_age=1339ms
MICRO HEARTBEAT state=watching symbols=3 signal_source=demo books=3 
demo_books=3 Bquotes=442824 Mdepth=0 Ddepth=41923 above_floor=0 
max_residual=0.000bps candidates=0 fee_age=3373ms
MICRO HEARTBEAT state=watching symbols=3 signal_source=demo books=3 
demo_books=3 Bquotes=443040 Mdepth=0 Ddepth=41941 above_floor=0 
max_residual=0.000bps candidates=0 fee_age=361ms
MICRO HEARTBEAT state=watching symbols=3 signal_source=demo books=3 
demo_books=3 Bquotes=443103 Mdepth=0 Ddepth=41953 above_floor=0 
max_residual=0.000bps candidates=0 fee_age=2373ms
MICRO HEARTBEAT state=watching symbols=3 signal_source=demo books=3 
demo_books=3 Bquotes=443177 Mdepth=0 Ddepth=41974 above_floor=0 
max_residual=0.000bps candidates=0 fee_age=0ms
MICRO HEARTBEAT state=watching symbols=3 signal_source=demo books=3 
demo_books=3 Bquotes=443227 Mdepth=0 Ddepth=41991 above_floor=0 
max_residual=0.000bps candidates=0 fee_age=2007ms
MICRO HEARTBEAT state=watching symbols=3 signal_source=demo books=3 
demo_books=3 Bquotes=443287 Mdepth=0 Ddepth=42007 above_floor=0 
max_residual=0.000bps candidates=0 fee_age=4039ms
MICRO HEARTBEAT state=watching symbols=3 signal_source=demo books=3 
demo_books=3 Bquotes=443361 Mdepth=0 Ddepth=42022 above_floor=0 
max_residual=0.000bps candidates=0 fee_age=937ms
MICRO HEARTBEAT state=watching symbols=3 signal_source=demo books=3 
demo_books=3 Bquotes=443453 Mdepth=0 Ddepth=42038 above_floor=0 
max_residual=0.000bps candidates=0 fee_age=2992ms
MICRO HEARTBEAT state=watching symbols=3 signal_source=demo books=3 
demo_books=3 Bquotes=443540 Mdepth=0 Ddepth=42057 above_floor=0 
max_residual=0.000bps candidates=0 fee_age=1ms
MICRO HEARTBEAT state=watching symbols=3 signal_source=demo books=3 
demo_books=3 Bquotes=443688 Mdepth=0 Ddepth=42072 above_floor=0 
max_residual=0.000bps candidates=0 fee_age=2035ms
MICRO HEARTBEAT state=watching symbols=3 signal_source=demo books=3 
demo_books=3 Bquotes=443778 Mdepth=0 Ddepth=42090 above_floor=0 
max_residual=0.000bps candidates=0 fee_age=4053ms
MICRO HEARTBEAT state=watching symbols=3 signal_source=demo books=3 
demo_books=3 Bquotes=443868 Mdepth=0 Ddepth=42107 above_floor=0 
max_residual=0.000bps candidates=0 fee_age=1070ms
MICRO SIGNAL LINK_USDT SHORT residual=-2.110bps threshold=1.255 spread=1.055 
net=+0.855 B100=-2.110 M100=+0.000 Bage=1ms Mage=655ms DemoCross=5.0bps
MICRO HEARTBEAT state=watching symbols=3 signal_source=demo books=3 
demo_books=3 Bquotes=445350 Mdepth=0 Ddepth=42223 above_floor=0 
max_residual=0.000bps candidates=0 fee_age=0ms
MICRO HEARTBEAT state=watching symbols=3 signal_source=demo books=3 
demo_books=3 Bquotes=445419 Mdepth=0 Ddepth=42234 above_floor=0 
max_residual=0.000bps candidates=0 fee_age=1340ms
MICRO HEARTBEAT state=watching symbols=3 signal_source=demo books=3 
demo_books=3 Bquotes=445476 Mdepth=0 Ddepth=42255 above_floor=0 
max_residual=0.000bps candidates=0 fee_age=3358ms
MICRO HEARTBEAT state=watching symbols=3 signal_source=demo books=3 
demo_books=3 Bquotes=445563 Mdepth=0 Ddepth=42276 above_floor=0 
max_residual=0.000bps candidates=0 fee_age=409ms
MICRO HEARTBEAT state=watching symbols=3 signal_source=demo books=3 
demo_books=3 Bquotes=445683 Mdepth=0 Ddepth=42290 above_floor=0 
max_residual=0.000bps candidates=0 fee_age=2411ms
MICRO HEARTBEAT state=watching symbols=3 signal_source=demo books=3 
demo_books=3 Bquotes=445766 Mdepth=0 Ddepth=42316 above_floor=0 
max_residual=0.000bps candidates=0 fee_age=0ms
MICRO HEARTBEAT state=watching symbols=3 signal_source=demo books=3 
demo_books=3 Bquotes=445835 Mdepth=0 Ddepth=42333 above_floor=0 
max_residual=0.000bps candidates=0 fee_age=2037ms
MICRO HEARTBEAT state=watching symbols=3 signal_source=demo books=3 
demo_books=3 Bquotes=446014 Mdepth=0 Ddepth=42352 above_floor=0 
max_residual=0.000bps candidates=0 fee_age=4056ms
MICRO HEARTBEAT state=watching symbols=3 signal_source=demo books=3 
demo_books=3 Bquotes=446080 Mdepth=0 Ddepth=42372 above_floor=0 
max_residual=0.000bps candidates=0 fee_age=1007ms
MICRO HEARTBEAT state=watching symbols=3 signal_source=demo books=3 
demo_books=3 Bquotes=446267 Mdepth=0 Ddepth=42389 above_floor=1 
max_residual=1.056bps candidates=0 fee_age=3007ms
MICRO HEARTBEAT state=watching symbols=3 signal_source=demo books=3 
demo_books=3 Bquotes=446364 Mdepth=0 Ddepth=42415 above_floor=0 
max_residual=0.000bps candidates=0 fee_age=0ms
MICRO HEARTBEAT state=watching symbols=3 signal_source=demo books=3 
demo_books=3 Bquotes=446489 Mdepth=0 Ddepth=42431 above_floor=0 
max_residual=0.000bps candidates=0 fee_age=2033ms
MICRO HEARTBEAT state=watching symbols=3 signal_source=demo books=3 
demo_books=3 Bquotes=446580 Mdepth=0 Ddepth=42457 above_floor=0 
max_residual=0.000bps candidates=0 fee_age=0ms
MICRO HEARTBEAT state=watching symbols=3 signal_source=demo books=3 
demo_books=3 Bquotes=446663 Mdepth=0 Ddepth=42478 above_floor=0 
max_residual=0.000bps candidates=0 fee_age=2010ms
MICRO HEARTBEAT state=watching symbols=3 signal_source=demo books=3 
demo_books=3 Bquotes=446760 Mdepth=0 Ddepth=42498 above_floor=0 
max_residual=0.000bps candidates=0 fee_age=4043ms
MICRO HEARTBEAT state=watching symbols=3 signal_source=demo books=3 
demo_books=3 Bquotes=446884 Mdepth=0 Ddepth=42518 above_floor=0 
max_residual=0.000bps candidates=0 fee_age=1025ms
MICRO HEARTBEAT state=watching symbols=3 signal_source=demo books=3 
demo_books=3 Bquotes=447026 Mdepth=0 Ddepth=42537 above_floor=0 
max_residual=0.000bps candidates=0 fee_age=3049ms
MICRO HEARTBEAT state=watching symbols=3 signal_source=demo books=3 
demo_books=3 Bquotes=447105 Mdepth=0 Ddepth=42558 above_floor=0 
max_residual=0.000bps candidates=0 fee_age=60ms
MICRO HEARTBEAT state=watching symbols=3 signal_source=demo books=3 
demo_books=3 Bquotes=447202 Mdepth=0 Ddepth=42579 above_floor=0 
max_residual=0.000bps candidates=0 fee_age=2063ms
MICRO HEARTBEAT state=watching symbols=3 signal_source=demo books=3 
demo_books=3 Bquotes=447360 Mdepth=0 Ddepth=42595 above_floor=0 
max_residual=0.000bps candidates=0 fee_age=4081ms
MICRO HEARTBEAT state=watching symbols=3 signal_source=demo books=3 
demo_books=3 Bquotes=447544 Mdepth=0 Ddepth=42614 above_floor=0 
max_residual=0.000bps candidates=0 fee_age=1099ms
MICRO HEARTBEAT state=watching symbols=3 signal_source=demo books=3 
demo_books=3 Bquotes=447949 Mdepth=0 Ddepth=42636 above_floor=0 
max_residual=0.000bps candidates=0 fee_age=3103ms
MICRO HEARTBEAT state=watching symbols=3 signal_source=demo books=3 
demo_books=3 Bquotes=448007 Mdepth=0 Ddepth=42655 above_floor=0 
max_residual=0.000bps candidates=0 fee_age=59ms
MICRO SIGNAL LINK_USDT LONG residual=+3.171bps threshold=1.256 spread=1.056 
net=+1.915 B100=+3.171 M100=+0.000 Bage=18ms Mage=3ms DemoCross=5.0bps
DEMO ENTRY LINK_USDT LONG qty=1055.4 LIVEEntry=9.47 residual=+3.171 
notional=9994.64USDT leverage=200x requested_margin=50.0000USDT 
strategy_equity=2.3440USDT sizing=TARGET_NOTIONAL spread=1.056 
DemoFeeReported=1.99766 signal_to_visible=PENDING IOCconfirm=634.8ms 
reconcile=ASYNC
MICRO POSITION LINK_USDT mark=-7.392bps MFE=+0.000 MAE=-7.392 
DemoNetMark=-5.050511USDT DemoNet=-5.056bps DemoMFE=+0.000 DemoMAE=-5.056 
TRAIL=OFF residual=+0.000bps B100=+0.000
DEMO POSITION VISIBLE LINK_USDT signal_to_visible=1010.6ms
MICRO POSITION LINK_USDT mark=-7.392bps MFE=+0.000 MAE=-7.392 
DemoNetMark=-5.050511USDT DemoNet=-5.056bps DemoMFE=+0.000 DemoMAE=-5.056 
TRAIL=OFF residual=+0.000bps B100=+0.000
MICRO POSITION LINK_USDT mark=-7.392bps MFE=+0.000 MAE=-7.392 
DemoNetMark=-5.050511USDT DemoNet=-5.056bps DemoMFE=+0.000 DemoMAE=-5.056 
TRAIL=OFF residual=+1.056bps B100=+1.056
MICRO POSITION LINK_USDT mark=+1.056bps MFE=+1.056 MAE=-7.392 
DemoNetMark=+3.391000USDT DemoNet=+3.395bps DemoMFE=+3.395 DemoMAE=-5.056 
TRAIL=+6.340bps residual=+0.000bps B100=+0.000
MICRO POSITION LINK_USDT mark=+1.056bps MFE=+1.056 MAE=-7.392 
DemoNetMark=+3.391000USDT DemoNet=+3.395bps DemoMFE=+3.395 DemoMAE=-5.056 
TRAIL=+6.340bps residual=+0.000bps B100=+0.000
MICRO POSITION LINK_USDT mark=+1.056bps MFE=+1.056 MAE=-7.392 
DemoNetMark=+3.391000USDT DemoNet=+3.395bps DemoMFE=+3.395 DemoMAE=-5.056 
TRAIL=+6.340bps residual=+0.000bps B100=+0.000
MICRO POSITION LINK_USDT mark=+1.056bps MFE=+1.056 MAE=-7.392 
DemoNetMark=+3.391000USDT DemoNet=+3.395bps DemoMFE=+3.395 DemoMAE=-5.056 
TRAIL=+6.340bps residual=+0.000bps B100=+0.000
MICRO POSITION LINK_USDT mark=+1.056bps MFE=+1.056 MAE=-7.392 
DemoNetMark=+3.391000USDT DemoNet=+3.395bps DemoMFE=+3.395 DemoMAE=-5.056 
TRAIL=+6.340bps residual=+0.000bps B100=+0.000
MICRO POSITION LINK_USDT mark=+2.112bps MFE=+2.112 MAE=-7.392 
DemoNetMark=+4.446189USDT DemoNet=+4.451bps DemoMFE=+4.451 DemoMAE=-5.056 
TRAIL=+7.397bps residual=+0.000bps B100=+0.000
MICRO POSITION LINK_USDT mark=+2.112bps MFE=+2.112 MAE=-7.392 
DemoNetMark=+4.446189USDT DemoNet=+4.451bps DemoMFE=+4.451 DemoMAE=-5.056 
TRAIL=+7.397bps residual=+0.000bps B100=+0.000
MICRO POSITION LINK_USDT mark=+2.112bps MFE=+2.112 MAE=-7.392 
DemoNetMark=+4.446189USDT DemoNet=+4.451bps DemoMFE=+4.451 DemoMAE=-5.056 
TRAIL=+7.397bps residual=+0.000bps B100=+0.000
MICRO POSITION LINK_USDT mark=+2.112bps MFE=+2.112 MAE=-7.392 
DemoNetMark=+4.446189USDT DemoNet=+4.451bps DemoMFE=+4.451 DemoMAE=-5.056 
TRAIL=+7.397bps residual=+0.000bps B100=+0.000
MICRO POSITION LINK_USDT mark=+2.112bps MFE=+2.112 MAE=-7.392 
DemoNetMark=+4.446189USDT DemoNet=+4.451bps DemoMFE=+4.451 DemoMAE=-5.056 
TRAIL=+7.397bps residual=+0.000bps B100=+0.000
MICRO POSITION LINK_USDT mark=+2.112bps MFE=+2.112 MAE=-7.392 
DemoNetMark=+4.446189USDT DemoNet=+4.451bps DemoMFE=+4.451 DemoMAE=-5.056 
TRAIL=+7.397bps residual=+0.000bps B100=+0.000
MICRO POSITION LINK_USDT mark=+2.112bps MFE=+2.112 MAE=-7.392 
DemoNetMark=+4.446189USDT DemoNet=+4.451bps DemoMFE=+4.451 DemoMAE=-5.056 
TRAIL=+7.397bps residual=+0.000bps B100=+0.000
MICRO POSITION LINK_USDT mark=+2.112bps MFE=+2.112 MAE=-7.392 
DemoNetMark=+4.446189USDT DemoNet=+4.451bps DemoMFE=+4.451 DemoMAE=-5.056 
TRAIL=+7.397bps residual=+0.000bps B100=+0.000
MICRO EXIT LINK_USDT reason=positive_trailing_stop LIVEpnl=-3.166200USDT 
move=-3.168bps MFE=+2.112 MAE=-7.392 hold=32037ms DemoExit=9.467 
DemoGross=+3.166200 DemoNet=-0.829700 DemoFee=1.99824
MICRO HEARTBEAT state=watching symbols=3 signal_source=demo books=3 
demo_books=3 Bquotes=450637 Mdepth=0 Ddepth=42999 above_floor=1 
max_residual=3.168bps candidates=1 fee_age=0ms
MICRO HEARTBEAT state=watching symbols=3 signal_source=demo books=3 
demo_books=3 Bquotes=450754 Mdepth=0 Ddepth=43020 above_floor=0 
max_residual=0.000bps candidates=0 fee_age=2017ms
MICRO HEARTBEAT state=watching symbols=3 signal_source=demo books=3 
demo_books=3 Bquotes=450835 Mdepth=0 Ddepth=43038 above_floor=0 
max_residual=0.000bps candidates=0 fee_age=4047ms
MICRO HEARTBEAT state=watching symbols=3 signal_source=demo books=3 
demo_books=3 Bquotes=450931 Mdepth=0 Ddepth=43057 above_floor=0 
max_residual=0.000bps candidates=0 fee_age=1035ms
MICRO HEARTBEAT state=watching symbols=3 signal_source=demo books=3 
demo_books=3 Bquotes=451161 Mdepth=0 Ddepth=43078 above_floor=0 
max_residual=0.000bps candidates=0 fee_age=3098ms
MICRO HEARTBEAT state=watching symbols=3 signal_source=demo books=3 
demo_books=3 Bquotes=451418 Mdepth=0 Ddepth=43100 above_floor=0 
max_residual=0.000bps candidates=0 fee_age=104ms
MICRO HEARTBEAT state=watching symbols=3 signal_source=demo books=3 
demo_books=3 Bquotes=451491 Mdepth=0 Ddepth=43119 above_floor=0 
max_residual=0.000bps candidates=0 fee_age=2119ms
MICRO HEARTBEAT state=watching symbols=3 signal_source=demo books=3 
demo_books=3 Bquotes=451566 Mdepth=0 Ddepth=43137 above_floor=0 
max_residual=0.000bps candidates=0 fee_age=4149ms
MICRO HEARTBEAT state=watching symbols=3 signal_source=demo books=3 
demo_books=3 Bquotes=451833 Mdepth=0 Ddepth=43155 above_floor=0 
max_residual=0.000bps candidates=0 fee_age=1093ms
MICRO HEARTBEAT state=watching symbols=3 signal_source=demo books=3 
demo_books=3 Bquotes=452032 Mdepth=0 Ddepth=43178 above_floor=0 
max_residual=0.000bps candidates=0 fee_age=3098ms
MICRO HEARTBEAT state=watching symbols=3 signal_source=demo books=3 
demo_books=3 Bquotes=452200 Mdepth=0 Ddepth=43198 above_floor=0 
max_residual=0.000bps candidates=0 fee_age=157ms
MICRO HEARTBEAT state=watching symbols=3 signal_source=demo books=3 
demo_books=3 Bquotes=452432 Mdepth=0 Ddepth=43215 above_floor=0 
max_residual=0.000bps candidates=0 fee_age=2173ms
MICRO HEARTBEAT state=watching symbols=3 signal_source=demo books=3 
demo_books=3 Bquotes=452504 Mdepth=0 Ddepth=43234 above_floor=0 
max_residual=0.000bps candidates=0 fee_age=4229ms
MICRO HEARTBEAT state=watching symbols=3 signal_source=demo books=3 
demo_books=3 Bquotes=452665 Mdepth=0 Ddepth=43257 above_floor=0 
max_residual=0.000bps candidates=0 fee_age=1260ms
MICRO HEARTBEAT state=watching symbols=3 signal_source=demo books=3 
demo_books=3 Bquotes=452775 Mdepth=0 Ddepth=43275 above_floor=0 
max_residual=0.000bps candidates=0 fee_age=3284ms
MICRO HEARTBEAT state=watching symbols=3 signal_source=demo books=3 
demo_books=3 Bquotes=453031 Mdepth=0 Ddepth=43294 above_floor=0 
max_residual=0.000bps candidates=0 fee_age=273ms
MICRO HEARTBEAT state=watching symbols=3 signal_source=demo books=3 
demo_books=3 Bquotes=453138 Mdepth=0 Ddepth=43308 above_floor=0 
max_residual=0.000bps candidates=0 fee_age=2298ms
MICRO HEARTBEAT state=watching symbols=3 signal_source=demo books=3 
demo_books=3 Bquotes=453493 Mdepth=0 Ddepth=43327 above_floor=0 
max_residual=0.000bps candidates=0 fee_age=4306ms
MICRO HEARTBEAT state=watching symbols=3 signal_source=demo books=3 
demo_books=3 Bquotes=453598 Mdepth=0 Ddepth=43344 above_floor=0 
max_residual=0.000bps candidates=0 fee_age=1275ms
MICRO HEARTBEAT state=watching symbols=3 signal_source=demo books=3 
demo_books=3 Bquotes=453694 Mdepth=0 Ddepth=43360 above_floor=0 
max_residual=0.000bps candidates=0 fee_age=3282ms
MICRO HEARTBEAT state=watching symbols=3 signal_source=demo books=3 
demo_books=3 Bquotes=453748 Mdepth=0 Ddepth=43373 above_floor=0 
max_residual=0.000bps candidates=0 fee_age=384ms
MICRO HEARTBEAT state=watching symbols=3 signal_source=demo books=3 
demo_books=3 Bquotes=453906 Mdepth=0 Ddepth=43391 above_floor=0 
max_residual=0.000bps candidates=0 fee_age=2418ms
MICRO HEARTBEAT state=watching symbols=3 signal_source=demo books=3 
demo_books=3 Bquotes=454114 Mdepth=0 Ddepth=43412 above_floor=0 
max_residual=0.000bps candidates=0 fee_age=0ms
MICRO HEARTBEAT state=watching symbols=3 signal_source=demo books=3 
demo_books=3 Bquotes=454262 Mdepth=0 Ddepth=43433 above_floor=0 
max_residual=0.000bps candidates=0 fee_age=2003ms
MICRO HEARTBEAT state=watching symbols=3 signal_source=demo books=3 
demo_books=3 Bquotes=454394 Mdepth=0 Ddepth=43448 above_floor=0 
max_residual=0.000bps candidates=0 fee_age=4005ms
MICRO HEARTBEAT state=watching symbols=3 signal_source=demo books=3 
demo_books=3 Bquotes=454596 Mdepth=0 Ddepth=43462 above_floor=0 
max_residual=0.000bps candidates=0 fee_age=484ms
MICRO HEARTBEAT state=watching symbols=3 signal_source=demo books=3 
demo_books=3 Bquotes=454672 Mdepth=0 Ddepth=43480 above_floor=0 
max_residual=0.000bps candidates=0 fee_age=2489ms
MICRO HEARTBEAT state=watching symbols=3 signal_source=demo books=3 
demo_books=3 Bquotes=454782 Mdepth=0 Ddepth=43498 above_floor=0 
max_residual=0.000bps candidates=0 fee_age=0ms
MICRO HEARTBEAT state=watching symbols=3 signal_source=demo books=3 
demo_books=3 Bquotes=454852 Mdepth=0 Ddepth=43515 above_floor=0 
max_residual=0.000bps candidates=0 fee_age=2029ms
MICRO HEARTBEAT state=watching symbols=3 signal_source=demo books=3 
demo_books=3 Bquotes=455053 Mdepth=0 Ddepth=43530 above_floor=0 
max_residual=0.000bps candidates=0 fee_age=4060ms
MICRO HEARTBEAT state=watching symbols=3 signal_source=demo books=3 
demo_books=3 Bquotes=455119 Mdepth=0 Ddepth=43548 above_floor=0 
max_residual=0.000bps candidates=0 fee_age=1174ms
MICRO HEARTBEAT state=watching symbols=3 signal_source=demo books=3 
demo_books=3 Bquotes=455188 Mdepth=0 Ddepth=43565 above_floor=0 
max_residual=0.000bps candidates=0 fee_age=3177ms
MICRO HEARTBEAT state=watching symbols=3 signal_source=demo books=3 
demo_books=3 Bquotes=455303 Mdepth=0 Ddepth=43581 above_floor=0 
max_residual=0.000bps candidates=0 fee_age=165ms
MICRO HEARTBEAT state=watching symbols=3 signal_source=demo books=3 
demo_books=3 Bquotes=455503 Mdepth=0 Ddepth=43598 above_floor=0 
max_residual=0.000bps candidates=0 fee_age=2166ms
MICRO HEARTBEAT state=watching symbols=3 signal_source=demo books=3 
demo_books=3 Bquotes=455638 Mdepth=0 Ddepth=43612 above_floor=0 
max_residual=0.000bps candidates=0 fee_age=4167ms
MICRO HEARTBEAT state=watching symbols=3 signal_source=demo books=3 
demo_books=3 Bquotes=455794 Mdepth=0 Ddepth=43631 above_floor=0 
max_residual=0.000bps candidates=0 fee_age=1088ms
MICRO HEARTBEAT state=watching symbols=3 signal_source=demo books=3 
demo_books=3 Bquotes=455920 Mdepth=0 Ddepth=43647 above_floor=0 
max_residual=0.000bps candidates=0 fee_age=3125ms
MICRO HEARTBEAT state=watching symbols=3 signal_source=demo books=3 
demo_books=3 Bquotes=456031 Mdepth=0 Ddepth=43662 above_floor=0 
max_residual=0.000bps candidates=0 fee_age=156ms
MICRO HEARTBEAT state=watching symbols=3 signal_source=demo books=3 
demo_books=3 Bquotes=456124 Mdepth=0 Ddepth=43681 above_floor=0 
max_residual=0.000bps candidates=0 fee_age=2158ms
MICRO HEARTBEAT state=watching symbols=3 signal_source=demo books=3 
demo_books=3 Bquotes=456332 Mdepth=0 Ddepth=43697 above_floor=0 
max_residual=0.000bps candidates=0 fee_age=4162ms
MICRO HEARTBEAT state=watching symbols=3 signal_source=demo books=3 
demo_books=3 Bquotes=456499 Mdepth=0 Ddepth=43703 above_floor=0 
max_residual=0.000bps candidates=0 fee_age=1201ms
MICRO HEARTBEAT state=watching symbols=3 signal_source=demo books=3 
demo_books=3 Bquotes=456703 Mdepth=0 Ddepth=43705 above_floor=0 
max_residual=0.000bps candidates=0 fee_age=3217ms
MICRO HEARTBEAT state=watching symbols=3 signal_source=demo books=3 
demo_books=3 Bquotes=456791 Mdepth=0 Ddepth=43726 above_floor=0 
max_residual=0.000bps candidates=0 fee_age=246ms
MICRO HEARTBEAT state=watching symbols=3 signal_source=demo books=3 
demo_books=3 Bquotes=456964 Mdepth=0 Ddepth=43726 above_floor=0 
max_residual=0.000bps candidates=0 fee_age=2247ms
MICRO HEARTBEAT state=watching symbols=3 signal_source=demo books=3 
demo_books=3 Bquotes=457082 Mdepth=0 Ddepth=43726 above_floor=0 
max_residual=0.000bps candidates=0 fee_age=4253ms
MICRO SIGNAL LINK_USDT SHORT residual=-2.111bps threshold=1.255 spread=1.055 
net=+0.855 B100=-2.111 M100=+0.000 Bage=75ms Mage=2ms DemoCross=5.0bps
DEMO ENTRY LINK_USDT SHORT qty=1055.8 LIVEEntry=9.476 residual=-2.111 
notional=10004.8USDT leverage=200x requested_margin=50.0000USDT 
strategy_equity=1.5143USDT sizing=TARGET_NOTIONAL spread=1.055 
DemoFeeReported=2.00095 signal_to_visible=PENDING IOCconfirm=616.7ms 
reconcile=ASYNC
DEMO POSITION VISIBLE LINK_USDT signal_to_visible=970.9ms
MICRO POSITION LINK_USDT mark=-1.055bps MFE=+0.000 MAE=-1.055 
DemoNetMark=-5.057915USDT DemoNet=-5.056bps DemoMFE=+0.000 DemoMAE=-5.056 
TRAIL=OFF residual=+0.000bps B100=+0.000
MICRO POSITION LINK_USDT mark=-1.055bps MFE=+0.000 MAE=-1.055 
DemoNetMark=-5.057915USDT DemoNet=-5.056bps DemoMFE=+0.000 DemoMAE=-5.056 
TRAIL=OFF residual=+0.000bps B100=+0.000
MICRO POSITION LINK_USDT mark=-1.055bps MFE=+0.000 MAE=-1.055 
DemoNetMark=-5.057915USDT DemoNet=-5.056bps DemoMFE=+0.000 DemoMAE=-5.056 
TRAIL=OFF residual=+0.000bps B100=+0.000
MICRO POSITION LINK_USDT mark=+1.055bps MFE=+1.055 MAE=-1.055 
DemoNetMark=-2.945893USDT DemoNet=-2.944bps DemoMFE=+0.000 DemoMAE=-5.056 
TRAIL=OFF residual=+0.000bps B100=+0.000
MICRO POSITION LINK_USDT mark=+1.055bps MFE=+1.055 MAE=-1.055 
DemoNetMark=-2.945893USDT DemoNet=-2.944bps DemoMFE=+0.000 DemoMAE=-5.056 
TRAIL=OFF residual=+0.000bps B100=+0.000
MICRO POSITION LINK_USDT mark=+1.055bps MFE=+1.055 MAE=-1.055 
DemoNetMark=-2.945893USDT DemoNet=-2.944bps DemoMFE=+0.000 DemoMAE=-5.056 
TRAIL=OFF residual=+0.000bps B100=+0.000
MICRO EXIT LINK_USDT reason=demo_adverse_cut LIVEpnl=-2.111600USDT 
move=-2.111bps MFE=+1.055 MAE=-2.111 hold=13747ms DemoExit=9.478 
DemoGross=-2.111600 DemoNet=-6.113900 DemoFee=2.00135
MICRO HEARTBEAT state=watching symbols=3 signal_source=demo books=3 
demo_books=3 Bquotes=458270 Mdepth=0 Ddepth=43815 above_floor=0 
max_residual=0.000bps candidates=0 fee_age=0ms
MICRO HEARTBEAT state=watching symbols=3 signal_source=demo books=3 
demo_books=3 Bquotes=458321 Mdepth=0 Ddepth=43815 above_floor=0 
max_residual=0.000bps candidates=0 fee_age=1303ms
MICRO HEARTBEAT state=watching symbols=3 signal_source=demo books=3 
demo_books=3 Bquotes=458446 Mdepth=0 Ddepth=43815 above_floor=0 
max_residual=0.000bps candidates=0 fee_age=3328ms
MICRO HEARTBEAT state=watching symbols=3 signal_source=demo books=3 
demo_books=3 Bquotes=458550 Mdepth=0 Ddepth=43818 above_floor=0 
max_residual=0.000bps candidates=0 fee_age=349ms
MICRO HEARTBEAT state=watching symbols=3 signal_source=demo books=3 
demo_books=3 Bquotes=458631 Mdepth=0 Ddepth=43839 above_floor=0 
max_residual=0.000bps candidates=0 fee_age=2387ms
MICRO HEARTBEAT state=watching symbols=3 signal_source=demo books=3 
demo_books=3 Bquotes=458775 Mdepth=0 Ddepth=43841 above_floor=0 
max_residual=0.000bps candidates=0 fee_age=3ms
MICRO HEARTBEAT state=watching symbols=3 signal_source=demo books=3 
demo_books=3 Bquotes=458860 Mdepth=0 Ddepth=43847 above_floor=0 
max_residual=0.000bps candidates=0 fee_age=2031ms
MICRO HEARTBEAT state=watching symbols=3 signal_source=demo books=3 
demo_books=3 Bquotes=459024 Mdepth=0 Ddepth=43858 above_floor=0 
max_residual=0.000bps candidates=0 fee_age=4046ms
MICRO HEARTBEAT state=watching symbols=3 signal_source=demo books=3 
demo_books=3 Bquotes=459097 Mdepth=0 Ddepth=43858 above_floor=0 
max_residual=0.000bps candidates=0 fee_age=1051ms
MICRO HEARTBEAT state=watching symbols=3 signal_source=demo books=3 
demo_books=3 Bquotes=459185 Mdepth=0 Ddepth=43858 above_floor=0 
max_residual=0.000bps candidates=0 fee_age=3059ms
MICRO HEARTBEAT state=watching symbols=3 signal_source=demo books=3 
demo_books=3 Bquotes=459590 Mdepth=0 Ddepth=43885 above_floor=0 
max_residual=0.000bps candidates=0 fee_age=0ms
MICRO SIGNAL LINK_USDT LONG residual=+1.584bps threshold=1.255 spread=1.055 
net=+0.329 B100=+1.584 M100=+0.000 Bage=1ms Mage=1794ms DemoCross=5.0bps
DEMO ENTRY LINK_USDT LONG qty=1054.5 LIVEEntry=9.478 residual=+1.584 
notional=9994.55USDT leverage=200x requested_margin=50.0000USDT 
strategy_equity=0.0100USDT sizing=TARGET_NOTIONAL spread=1.055 
DemoFeeReported=0 signal_to_visible=4685.8ms IOCconfirm=1707.7ms 
reconcile=2965.8ms
MICRO POSITION LINK_USDT mark=-8.441bps MFE=+0.000 MAE=-8.441 
DemoNetMark=-3.051723USDT DemoNet=-3.056bps DemoMFE=+0.000 DemoMAE=-3.056 
TRAIL=OFF residual=+0.000bps B100=+0.000
MICRO POSITION LINK_USDT mark=-8.441bps MFE=+0.000 MAE=-8.441 
DemoNetMark=-3.051723USDT DemoNet=-3.056bps DemoMFE=+0.000 DemoMAE=-3.056 
TRAIL=OFF residual=+0.000bps B100=+0.000
MICRO POSITION LINK_USDT mark=-8.441bps MFE=+0.000 MAE=-8.441 
DemoNetMark=-3.051723USDT DemoNet=-3.056bps DemoMFE=+0.000 DemoMAE=-3.056 
TRAIL=OFF residual=+0.000bps B100=+0.000
Fee refresh unavailable (TimeoutError); new entries blocked, retrying.
MICRO POSITION LINK_USDT mark=-4.220bps MFE=+0.000 MAE=-8.441 
DemoNetMark=+1.165433USDT DemoNet=+1.167bps DemoMFE=+1.167 DemoMAE=-3.056 
TRAIL=+0.500bps residual=+0.000bps B100=+0.000
MICRO POSITION LINK_USDT mark=+0.000bps MFE=+0.000 MAE=-8.441 
DemoNetMark=+5.382590USDT DemoNet=+5.390bps DemoMFE=+5.390 DemoMAE=-3.056 
TRAIL=+6.336bps residual=+0.000bps B100=+0.000
MICRO POSITION LINK_USDT mark=+0.000bps MFE=+0.000 MAE=-8.441 
DemoNetMark=+5.382590USDT DemoNet=+5.390bps DemoMFE=+5.390 DemoMAE=-3.056 
TRAIL=+6.336bps residual=+0.000bps B100=+0.000
MICRO POSITION LINK_USDT mark=+0.000bps MFE=+0.000 MAE=-8.441 
DemoNetMark=+5.382590USDT DemoNet=+5.390bps DemoMFE=+5.390 DemoMAE=-3.056 
TRAIL=+6.336bps residual=+0.000bps B100=+0.000
MICRO POSITION LINK_USDT mark=+0.000bps MFE=+0.000 MAE=-8.441 
DemoNetMark=+5.382590USDT DemoNet=+5.390bps DemoMFE=+5.390 DemoMAE=-3.056 
TRAIL=+6.336bps residual=+0.000bps B100=+0.000
MICRO POSITION LINK_USDT mark=+1.055bps MFE=+1.055 MAE=-8.441 
DemoNetMark=+6.436879USDT DemoNet=+6.445bps DemoMFE=+6.445 DemoMAE=-3.056 
TRAIL=+7.392bps residual=+0.000bps B100=+0.000
MICRO POSITION LINK_USDT mark=+1.055bps MFE=+1.055 MAE=-8.441 
DemoNetMark=+6.436879USDT DemoNet=+6.445bps DemoMFE=+6.445 DemoMAE=-3.056 
TRAIL=+7.392bps residual=+0.000bps B100=+0.000
MICRO POSITION LINK_USDT mark=+1.055bps MFE=+1.055 MAE=-8.441 
DemoNetMark=+6.436879USDT DemoNet=+6.445bps DemoMFE=+6.445 DemoMAE=-3.056 
TRAIL=+7.392bps residual=+0.000bps B100=+0.000
MICRO EXIT LINK_USDT reason=binance_target_caught LIVEpnl=+3.163500USDT 
move=+3.165bps MFE=+3.165 MAE=-8.441 hold=30681ms DemoExit=9.484 
DemoGross=+13.708500 DemoNet=+9.710900 DemoFee=3.9976
MICRO HEARTBEAT state=watching symbols=3 signal_source=demo books=3 
demo_books=3 Bquotes=462394 Mdepth=0 Ddepth=44001 above_floor=1 
max_residual=1.055bps candidates=0 fee_age=1272ms
MICRO HEARTBEAT state=watching symbols=3 signal_source=demo books=3 
demo_books=3 Bquotes=462578 Mdepth=0 Ddepth=44005 above_floor=0 
max_residual=0.000bps candidates=0 fee_age=3302ms
MICRO HEARTBEAT state=watching symbols=3 signal_source=demo books=3 
demo_books=3 Bquotes=462767 Mdepth=0 Ddepth=44005 above_floor=0 
max_residual=0.000bps candidates=0 fee_age=0ms
MICRO HEARTBEAT state=watching symbols=3 signal_source=demo books=3 
demo_books=3 Bquotes=462851 Mdepth=0 Ddepth=44028 above_floor=0 
max_residual=0.000bps candidates=0 fee_age=2051ms
MICRO HEARTBEAT state=watching symbols=3 signal_source=demo books=3 
demo_books=3 Bquotes=463014 Mdepth=0 Ddepth=44049 above_floor=0 
max_residual=0.000bps candidates=0 fee_age=0ms
MICRO HEARTBEAT state=watching symbols=3 signal_source=demo books=3 
demo_books=3 Bquotes=463132 Mdepth=0 Ddepth=44051 above_floor=0 
max_residual=0.000bps candidates=0 fee_age=2016ms
MICRO HEARTBEAT state=watching symbols=3 signal_source=demo books=3 
demo_books=3 Bquotes=463384 Mdepth=0 Ddepth=44071 above_floor=0 
max_residual=0.000bps candidates=0 fee_age=4017ms
MICRO HEARTBEAT state=watching symbols=3 signal_source=demo books=3 
demo_books=3 Bquotes=463464 Mdepth=0 Ddepth=44092 above_floor=0 
max_residual=0.000bps candidates=0 fee_age=1035ms
MICRO HEARTBEAT state=watching symbols=3 signal_source=demo books=3 
demo_books=3 Bquotes=463590 Mdepth=0 Ddepth=44113 above_floor=0 
max_residual=0.000bps candidates=0 fee_age=3065ms
MICRO HEARTBEAT state=watching symbols=3 signal_source=demo books=3 
demo_books=3 Bquotes=463738 Mdepth=0 Ddepth=44119 above_floor=0 
max_residual=0.000bps candidates=0 fee_age=48ms
MICRO HEARTBEAT state=watching symbols=3 signal_source=demo books=3 
demo_books=3 Bquotes=463865 Mdepth=0 Ddepth=44140 above_floor=0 
max_residual=0.000bps candidates=0 fee_age=2059ms
MICRO HEARTBEAT state=watching symbols=3 signal_source=demo books=3 
demo_books=3 Bquotes=463964 Mdepth=0 Ddepth=44157 above_floor=0 
max_residual=0.000bps candidates=0 fee_age=4065ms
MICRO HEARTBEAT state=watching symbols=3 signal_source=demo books=3 
demo_books=3 Bquotes=464081 Mdepth=0 Ddepth=44173 above_floor=0 
max_residual=0.000bps candidates=0 fee_age=1056ms
MICRO SIGNAL LINK_USDT SHORT residual=-2.110bps threshold=1.255 spread=1.055 
net=+0.855 B100=-2.110 M100=+0.000 Bage=1ms Mage=59ms DemoCross=5.0bps
DEMO ENTRY LINK_USDT SHORT qty=1055.5 LIVEEntry=9.479 residual=-2.110 
notional=10005.1USDT leverage=200x requested_margin=50.0000USDT 
strategy_equity=9.7209USDT sizing=TARGET_NOTIONAL spread=1.055 
DemoFeeReported=2.00102 signal_to_visible=PENDING IOCconfirm=642.1ms 
reconcile=ASYNC
DEMO POSITION VISIBLE LINK_USDT signal_to_visible=1008.0ms
MICRO POSITION LINK_USDT mark=-1.055bps MFE=+0.000 MAE=-1.055 
DemoNetMark=-5.057745USDT DemoNet=-5.055bps DemoMFE=+0.000 DemoMAE=-5.055 
TRAIL=OFF residual=+0.000bps B100=+0.000
MICRO POSITION LINK_USDT mark=-1.055bps MFE=+0.000 MAE=-1.055 
DemoNetMark=-5.057745USDT DemoNet=-5.055bps DemoMFE=+0.000 DemoMAE=-5.055 
TRAIL=OFF residual=+0.000bps B100=+0.000
MICRO EXIT LINK_USDT reason=binance_target_caught LIVEpnl=+2.111000USDT 
move=+2.110bps MFE=+2.110 MAE=-1.055 hold=5094ms DemoExit=9.477 
DemoGross=+2.111000 DemoNet=-1.890600 DemoFee=2.00058
MICRO HEARTBEAT state=watching symbols=3 signal_source=demo books=3 
demo_books=3 Bquotes=464471 Mdepth=0 Ddepth=44241 above_floor=0 
max_residual=0.000bps candidates=0 fee_age=2732ms
MICRO HEARTBEAT state=watching symbols=3 signal_source=demo books=3 
demo_books=3 Bquotes=464599 Mdepth=0 Ddepth=44262 above_floor=0 
max_residual=0.000bps candidates=0 fee_age=0ms
MICRO HEARTBEAT state=watching symbols=3 signal_source=demo books=3 
demo_books=3 Bquotes=464686 Mdepth=0 Ddepth=44283 above_floor=0 
max_residual=0.000bps candidates=0 fee_age=2016ms
MICRO HEARTBEAT state=watching symbols=3 signal_source=demo books=3 
demo_books=3 Bquotes=464875 Mdepth=0 Ddepth=44303 above_floor=0 
max_residual=0.000bps candidates=0 fee_age=4065ms
MICRO SIGNAL XRP_USDT SHORT residual=-1.998bps threshold=1.199 spread=0.999 
net=+0.799 B100=-1.998 M100=+0.000 Bage=1ms Mage=325ms DemoCross=5.0bps
DEMO ENTRY XRP_USDT SHORT qty=9995 LIVEEntry=1.0011 residual=-1.998 
notional=10006USDT leverage=200x requested_margin=50.0000USDT 
strategy_equity=7.8303USDT sizing=TARGET_NOTIONAL spread=0.999 
DemoFeeReported=2.0012 signal_to_visible=PENDING IOCconfirm=639.1ms 
reconcile=ASYNC
MICRO POSITION XRP_USDT mark=-0.999bps MFE=+0.000 MAE=-0.999 
DemoNetMark=-5.002098USDT DemoNet=-4.999bps DemoMFE=+0.000 DemoMAE=-4.999 
TRAIL=OFF residual=+0.000bps B100=+0.000
DEMO POSITION VISIBLE XRP_USDT signal_to_visible=1011.5ms
MICRO POSITION XRP_USDT mark=-0.999bps MFE=+0.000 MAE=-0.999 
DemoNetMark=-5.002098USDT DemoNet=-4.999bps DemoMFE=+0.000 DemoMAE=-4.999 
TRAIL=OFF residual=+0.000bps B100=+0.000
MICRO POSITION XRP_USDT mark=-0.999bps MFE=+0.000 MAE=-0.999 
DemoNetMark=-5.002098USDT DemoNet=-4.999bps DemoMFE=+0.000 DemoMAE=-4.999 
TRAIL=OFF residual=+0.000bps B100=+0.000
MICRO EXIT XRP_USDT reason=binance_target_caught LIVEpnl=+2.998500USDT 
move=+2.997bps MFE=+2.997 MAE=-0.999 hold=5511ms DemoExit=1.0008 
DemoGross=+2.998500 DemoNet=-1.003200 DemoFee=2.0005
MICRO HEARTBEAT state=watching symbols=3 signal_source=demo books=3 
demo_books=3 Bquotes=466702 Mdepth=0 Ddepth=44383 above_floor=0 
max_residual=0.000bps candidates=0 fee_age=2268ms
MICRO HEARTBEAT state=watching symbols=3 signal_source=demo books=3 
demo_books=3 Bquotes=466795 Mdepth=0 Ddepth=44402 above_floor=0 
max_residual=0.000bps candidates=0 fee_age=4275ms
MICRO HEARTBEAT state=watching symbols=3 signal_source=demo books=3 
demo_books=3 Bquotes=466849 Mdepth=0 Ddepth=44421 above_floor=0 
max_residual=0.000bps candidates=0 fee_age=675ms
MICRO HEARTBEAT state=watching symbols=3 signal_source=demo books=3 
demo_books=3 Bquotes=466928 Mdepth=0 Ddepth=44444 above_floor=0 
max_residual=0.000bps candidates=0 fee_age=2703ms
MICRO HEARTBEAT state=watching symbols=3 signal_source=demo books=3 
demo_books=3 Bquotes=467026 Mdepth=0 Ddepth=44460 above_floor=0 
max_residual=0.000bps candidates=0 fee_age=255ms
MICRO HEARTBEAT state=watching symbols=3 signal_source=demo books=3 
demo_books=3 Bquotes=467102 Mdepth=0 Ddepth=44482 above_floor=0 
max_residual=0.000bps candidates=0 fee_age=2259ms
MICRO HEARTBEAT state=watching symbols=3 signal_source=demo books=3 
demo_books=3 Bquotes=467278 Mdepth=0 Ddepth=44514 above_floor=0 
max_residual=0.000bps candidates=0 fee_age=0ms
MICRO HEARTBEAT state=watching symbols=3 signal_source=demo books=3 
demo_books=3 Bquotes=467297 Mdepth=0 Ddepth=44521 above_floor=0 
max_residual=0.000bps candidates=0 fee_age=726ms
MICRO HEARTBEAT state=watching symbols=3 signal_source=demo books=3 
demo_books=3 Bquotes=467842 Mdepth=0 Ddepth=44545 above_floor=0 
max_residual=0.000bps candidates=0 fee_age=2730ms
MICRO HEARTBEAT state=watching symbols=3 signal_source=demo books=3 
demo_books=3 Bquotes=467975 Mdepth=0 Ddepth=44559 above_floor=0 
max_residual=0.000bps candidates=0 fee_age=319ms
MICRO HEARTBEAT state=watching symbols=3 signal_source=demo books=3 
demo_books=3 Bquotes=468056 Mdepth=0 Ddepth=44577 above_floor=0 
max_residual=0.000bps candidates=0 fee_age=2342ms
MICRO HEARTBEAT state=watching symbols=3 signal_source=demo books=3 
demo_books=3 Bquotes=468439 Mdepth=0 Ddepth=44608 above_floor=0 
max_residual=0.000bps candidates=0 fee_age=0ms
MICRO HEARTBEAT state=watching symbols=3 signal_source=demo books=3 
demo_books=3 Bquotes=468477 Mdepth=0 Ddepth=44613 above_floor=0 
max_residual=0.000bps candidates=0 fee_age=778ms
MICRO HEARTBEAT state=watching symbols=3 signal_source=demo books=3 
demo_books=3 Bquotes=468542 Mdepth=0 Ddepth=44633 above_floor=0 
max_residual=0.000bps candidates=0 fee_age=2797ms
MICRO HEARTBEAT state=watching symbols=3 signal_source=demo books=3 
demo_books=3 Bquotes=468666 Mdepth=0 Ddepth=44653 above_floor=0 
max_residual=0.000bps candidates=0 fee_age=351ms
MICRO HEARTBEAT state=watching symbols=3 signal_source=demo books=3 
demo_books=3 Bquotes=468861 Mdepth=0 Ddepth=44675 above_floor=0 
max_residual=0.000bps candidates=0 fee_age=2362ms
MICRO HEARTBEAT state=watching symbols=3 signal_source=demo books=3 
demo_books=3 Bquotes=469115 Mdepth=0 Ddepth=44697 above_floor=0 
max_residual=0.529bps candidates=0 fee_age=1ms
MICRO HEARTBEAT state=watching symbols=3 signal_source=demo books=3 
demo_books=3 Bquotes=469253 Mdepth=0 Ddepth=44713 above_floor=0 
max_residual=0.000bps candidates=0 fee_age=2006ms
MICRO HEARTBEAT state=watching symbols=3 signal_source=demo books=3 
demo_books=3 Bquotes=469418 Mdepth=0 Ddepth=44731 above_floor=0 
max_residual=0.000bps candidates=0 fee_age=4034ms
MICRO SIGNAL LINK_USDT LONG residual=+2.116bps threshold=1.258 spread=1.058 
net=+0.858 B100=+2.116 M100=+0.000 Bage=1ms Mage=16ms DemoCross=5.0bps
DEMO ENTRY LINK_USDT LONG qty=1057.3 LIVEEntry=9.453 residual=+2.116 
notional=9994.66USDT leverage=200x requested_margin=50.0000USDT 
strategy_equity=6.8271USDT sizing=TARGET_NOTIONAL spread=1.058 
DemoFeeReported=1.99893 signal_to_visible=PENDING IOCconfirm=683.3ms 
reconcile=ASYNC
DEMO POSITION VISIBLE LINK_USDT signal_to_visible=1411.9ms
MICRO POSITION LINK_USDT mark=-1.058bps MFE=+0.000 MAE=-1.058 
DemoNetMark=-5.054951USDT DemoNet=-5.058bps DemoMFE=+0.000 DemoMAE=-5.058 
TRAIL=OFF residual=+0.000bps B100=+0.000
MICRO POSITION LINK_USDT mark=-1.058bps MFE=+0.000 MAE=-1.058 
DemoNetMark=-5.054951USDT DemoNet=-5.058bps DemoMFE=+0.000 DemoMAE=-5.058 
TRAIL=OFF residual=+0.000bps B100=+0.000
MICRO EXIT LINK_USDT reason=demo_adverse_cut LIVEpnl=-3.171900USDT 
move=-3.174bps MFE=+0.000 MAE=-3.174 hold=5298ms DemoExit=9.45 
DemoGross=-3.171900 DemoNet=-7.169100 DemoFee=1.99827
MICRO HEARTBEAT state=watching symbols=3 signal_source=demo books=3 
demo_books=3 Bquotes=470029 Mdepth=0 Ddepth=44802 above_floor=0 
max_residual=0.000bps candidates=0 fee_age=0ms
MICRO HEARTBEAT state=watching symbols=3 signal_source=demo books=3 
demo_books=3 Bquotes=470090 Mdepth=0 Ddepth=44814 above_floor=0 
max_residual=0.000bps candidates=0 fee_age=1284ms
MICRO HEARTBEAT state=watching symbols=3 signal_source=demo books=3 
demo_books=3 Bquotes=470266 Mdepth=0 Ddepth=44836 above_floor=1 
max_residual=1.058bps candidates=0 fee_age=3287ms
MICRO HEARTBEAT state=watching symbols=3 signal_source=demo books=3 
demo_books=3 Bquotes=470361 Mdepth=0 Ddepth=44851 above_floor=0 
max_residual=0.000bps candidates=0 fee_age=309ms
MICRO HEARTBEAT state=watching symbols=3 signal_source=demo books=3 
demo_books=3 Bquotes=470583 Mdepth=0 Ddepth=44870 above_floor=0 
max_residual=0.000bps candidates=0 fee_age=2336ms
MICRO HEARTBEAT state=watching symbols=3 signal_source=demo books=3 
demo_books=3 Bquotes=470711 Mdepth=0 Ddepth=44898 above_floor=0 
max_residual=0.000bps candidates=0 fee_age=0ms
MICRO HEARTBEAT state=watching symbols=3 signal_source=demo books=3 
demo_books=3 Bquotes=470854 Mdepth=0 Ddepth=44918 above_floor=0 
max_residual=0.000bps candidates=0 fee_age=2009ms
MICRO HEARTBEAT state=watching symbols=3 signal_source=demo books=3 
demo_books=3 Bquotes=470925 Mdepth=0 Ddepth=44939 above_floor=0 
max_residual=0.000bps candidates=0 fee_age=4050ms
MICRO HEARTBEAT state=watching symbols=3 signal_source=demo books=3 
demo_books=3 Bquotes=471032 Mdepth=0 Ddepth=44956 above_floor=0 
max_residual=0.000bps candidates=0 fee_age=1013ms
MICRO HEARTBEAT state=watching symbols=3 signal_source=demo books=3 
demo_books=3 Bquotes=471276 Mdepth=0 Ddepth=44980 above_floor=0 
max_residual=0.000bps candidates=0 fee_age=3032ms
MICRO HEARTBEAT state=watching symbols=3 signal_source=demo books=3 
demo_books=3 Bquotes=471497 Mdepth=0 Ddepth=45002 above_floor=0 
max_residual=0.000bps candidates=0 fee_age=62ms
MICRO SIGNAL LINK_USDT SHORT residual=-2.117bps threshold=1.258 spread=1.058 
net=+0.859 B100=-2.117 M100=+0.000 Bage=1ms Mage=1703ms DemoCross=5.0bps
DEMO ENTRY LINK_USDT SHORT qty=1058.7 LIVEEntry=9.45 residual=-2.117 
notional=10004.7USDT leverage=200x requested_margin=50.0000USDT 
strategy_equity=0.0100USDT sizing=TARGET_NOTIONAL spread=1.058 
DemoFeeReported=2.00094 signal_to_visible=PENDING IOCconfirm=645.3ms 
reconcile=ASYNC
MICRO POSITION LINK_USDT mark=-1.058bps MFE=+0.000 MAE=-1.058 
DemoNetMark=-5.060798USDT DemoNet=-5.058bps DemoMFE=+0.000 DemoMAE=-5.058 
TRAIL=OFF residual=+0.000bps B100=+0.000
DEMO POSITION VISIBLE LINK_USDT signal_to_visible=1028.2ms
MICRO POSITION LINK_USDT mark=-1.058bps MFE=+0.000 MAE=-1.058 
DemoNetMark=-5.060798USDT DemoNet=-5.058bps DemoMFE=+0.000 DemoMAE=-5.058 
TRAIL=OFF residual=+0.529bps B100=+0.529
MICRO POSITION LINK_USDT mark=+1.058bps MFE=+1.058 MAE=-1.058 
DemoNetMark=-2.942974USDT DemoNet=-2.942bps DemoMFE=+0.000 DemoMAE=-5.058 
TRAIL=OFF residual=-1.058bps B100=-1.058
MICRO POSITION LINK_USDT mark=+1.058bps MFE=+1.058 MAE=-1.058 
DemoNetMark=-2.942974USDT DemoNet=-2.942bps DemoMFE=+0.000 DemoMAE=-5.058 
TRAIL=OFF residual=+0.000bps B100=+0.000
MICRO EXIT LINK_USDT reason=binance_target_caught LIVEpnl=+3.176100USDT 
move=+3.175bps MFE=+3.175 MAE=-1.058 hold=8118ms DemoExit=9.447 
DemoGross=+3.176100 DemoNet=-0.825100 DemoFee=2.00026
MICRO HEARTBEAT state=watching symbols=3 signal_source=demo books=3 
demo_books=3 Bquotes=472618 Mdepth=0 Ddepth=45111 above_floor=0 
max_residual=0.000bps candidates=0 fee_age=1137ms
MICRO HEARTBEAT state=watching symbols=3 signal_source=demo books=3 
demo_books=3 Bquotes=472757 Mdepth=0 Ddepth=45127 above_floor=0 
max_residual=0.000bps candidates=0 fee_age=3156ms
MICRO HEARTBEAT state=watching symbols=3 signal_source=demo books=3 
demo_books=3 Bquotes=472894 Mdepth=0 Ddepth=45147 above_floor=0 
max_residual=0.000bps candidates=0 fee_age=730ms
MICRO HEARTBEAT state=watching symbols=3 signal_source=demo books=3 
demo_books=3 Bquotes=473079 Mdepth=0 Ddepth=45161 above_floor=0 
max_residual=0.000bps candidates=0 fee_age=2758ms
MICRO HEARTBEAT state=watching symbols=3 signal_source=demo books=3 
demo_books=3 Bquotes=473243 Mdepth=0 Ddepth=45182 above_floor=0 
max_residual=0.000bps candidates=0 fee_age=0ms
MICRO HEARTBEAT state=watching symbols=3 signal_source=demo books=3 
demo_books=3 Bquotes=473362 Mdepth=0 Ddepth=45200 above_floor=0 
max_residual=0.000bps candidates=0 fee_age=2052ms
MICRO HEARTBEAT state=watching symbols=3 signal_source=demo books=3 
demo_books=3 Bquotes=473679 Mdepth=0 Ddepth=45222 above_floor=0 
max_residual=0.000bps candidates=0 fee_age=4062ms
MICRO HEARTBEAT state=watching symbols=3 signal_source=demo books=3 
demo_books=3 Bquotes=473803 Mdepth=0 Ddepth=45241 above_floor=0 
max_residual=0.000bps candidates=0 fee_age=1094ms
MICRO HEARTBEAT state=watching symbols=3 signal_source=demo books=3 
demo_books=3 Bquotes=473945 Mdepth=0 Ddepth=45259 above_floor=0 
max_residual=0.000bps candidates=0 fee_age=3121ms
MICRO HEARTBEAT state=watching symbols=3 signal_source=demo books=3 
demo_books=3 Bquotes=474086 Mdepth=0 Ddepth=45280 above_floor=0 
max_residual=0.000bps candidates=0 fee_age=58ms
MICRO HEARTBEAT state=watching symbols=3 signal_source=demo books=3 
demo_books=3 Bquotes=474238 Mdepth=0 Ddepth=45300 above_floor=0 
max_residual=0.000bps candidates=0 fee_age=2087ms
MICRO SIGNAL LINK_USDT LONG residual=+2.117bps threshold=1.259 spread=1.059 
net=+0.858 B100=+2.117 M100=+0.000 Bage=2ms Mage=1859ms DemoCross=5.0bps
MICRO HEARTBEAT state=watching symbols=3 signal_source=demo books=3 
demo_books=3 Bquotes=474960 Mdepth=0 Ddepth=45404 above_floor=0 
max_residual=0.000bps candidates=0 fee_age=0ms
MICRO HEARTBEAT state=watching symbols=3 signal_source=demo books=3 
demo_books=3 Bquotes=475025 Mdepth=0 Ddepth=45417 above_floor=0 
max_residual=0.000bps candidates=0 fee_age=1295ms
MICRO HEARTBEAT state=watching symbols=3 signal_source=demo books=3 
demo_books=3 Bquotes=475224 Mdepth=0 Ddepth=45438 above_floor=0 
max_residual=0.000bps candidates=0 fee_age=3332ms
MICRO HEARTBEAT state=watching symbols=3 signal_source=demo books=3 
demo_books=3 Bquotes=475316 Mdepth=0 Ddepth=45456 above_floor=0 
max_residual=0.000bps candidates=0 fee_age=399ms
MICRO HEARTBEAT state=watching symbols=3 signal_source=demo books=3 
demo_books=3 Bquotes=475417 Mdepth=0 Ddepth=45477 above_floor=0 
max_residual=0.000bps candidates=0 fee_age=2408ms
MICRO HEARTBEAT state=watching symbols=3 signal_source=demo books=3 
demo_books=3 Bquotes=475600 Mdepth=0 Ddepth=45507 above_floor=0 
max_residual=0.000bps candidates=0 fee_age=0ms
MICRO HEARTBEAT state=watching symbols=3 signal_source=demo books=3 
demo_books=3 Bquotes=475661 Mdepth=0 Ddepth=45524 above_floor=0 
max_residual=0.000bps candidates=0 fee_age=2046ms
MICRO HEARTBEAT state=watching symbols=3 signal_source=demo books=3 
demo_books=3 Bquotes=475755 Mdepth=0 Ddepth=45549 above_floor=0 
max_residual=0.000bps candidates=0 fee_age=0ms
MICRO HEARTBEAT state=watching symbols=3 signal_source=demo books=3 
demo_books=3 Bquotes=475821 Mdepth=0 Ddepth=45568 above_floor=0 
max_residual=0.000bps candidates=0 fee_age=2048ms
MICRO HEARTBEAT state=watching symbols=3 signal_source=demo books=3 
demo_books=3 Bquotes=476040 Mdepth=0 Ddepth=45591 above_floor=0 
max_residual=0.000bps candidates=0 fee_age=4063ms
MICRO HEARTBEAT state=watching symbols=3 signal_source=demo books=3 
demo_books=3 Bquotes=476128 Mdepth=0 Ddepth=45609 above_floor=0 
max_residual=0.000bps candidates=0 fee_age=1028ms
MICRO HEARTBEAT state=watching symbols=3 signal_source=demo books=3 
demo_books=3 Bquotes=476252 Mdepth=0 Ddepth=45628 above_floor=0 
max_residual=0.000bps candidates=0 fee_age=3028ms
MICRO HEARTBEAT state=watching symbols=3 signal_source=demo books=3 
demo_books=3 Bquotes=476328 Mdepth=0 Ddepth=45649 above_floor=0 
max_residual=0.000bps candidates=0 fee_age=53ms
MICRO HEARTBEAT state=watching symbols=3 signal_source=demo books=3 
demo_books=3 Bquotes=476483 Mdepth=0 Ddepth=45663 above_floor=0 
max_residual=0.000bps candidates=0 fee_age=2097ms
MICRO HEARTBEAT state=watching symbols=3 signal_source=demo books=3 
demo_books=3 Bquotes=476603 Mdepth=0 Ddepth=45682 above_floor=0 
max_residual=0.000bps candidates=0 fee_age=4124ms
MICRO HEARTBEAT state=watching symbols=3 signal_source=demo books=3 
demo_books=3 Bquotes=476731 Mdepth=0 Ddepth=45704 above_floor=0 
max_residual=0.000bps candidates=0 fee_age=1113ms
MICRO HEARTBEAT state=watching symbols=3 signal_source=demo books=3 
demo_books=3 Bquotes=476850 Mdepth=0 Ddepth=45719 above_floor=0 
max_residual=0.000bps candidates=0 fee_age=3124ms
MICRO HEARTBEAT state=watching symbols=3 signal_source=demo books=3 
demo_books=3 Bquotes=476963 Mdepth=0 Ddepth=45740 above_floor=0 
max_residual=0.000bps candidates=0 fee_age=127ms
MICRO HEARTBEAT state=watching symbols=3 signal_source=demo books=3 
demo_books=3 Bquotes=477079 Mdepth=0 Ddepth=45758 above_floor=0 
max_residual=0.000bps candidates=0 fee_age=2161ms
MICRO HEARTBEAT state=watching symbols=3 signal_source=demo books=3 
demo_books=3 Bquotes=477208 Mdepth=0 Ddepth=45782 above_floor=0 
max_residual=0.000bps candidates=0 fee_age=4197ms
MICRO HEARTBEAT state=watching symbols=3 signal_source=demo books=3 
demo_books=3 Bquotes=477296 Mdepth=0 Ddepth=45802 above_floor=0 
max_residual=0.000bps candidates=0 fee_age=1253ms
MICRO HEARTBEAT state=watching symbols=3 signal_source=demo books=3 
demo_books=3 Bquotes=477456 Mdepth=0 Ddepth=45815 above_floor=0 
max_residual=0.000bps candidates=0 fee_age=3259ms
MICRO HEARTBEAT state=watching symbols=3 signal_source=demo books=3 
demo_books=3 Bquotes=477645 Mdepth=0 Ddepth=45833 above_floor=0 
max_residual=0.000bps candidates=0 fee_age=202ms
MICRO HEARTBEAT state=watching symbols=3 signal_source=demo books=3 
demo_books=3 Bquotes=477790 Mdepth=0 Ddepth=45853 above_floor=0 
max_residual=0.000bps candidates=0 fee_age=2224ms
MICRO HEARTBEAT state=watching symbols=3 signal_source=demo books=3 
demo_books=3 Bquotes=477950 Mdepth=0 Ddepth=45868 above_floor=0 
max_residual=0.000bps candidates=0 fee_age=4239ms
MICRO HEARTBEAT state=watching symbols=3 signal_source=demo books=3 
demo_books=3 Bquotes=478114 Mdepth=0 Ddepth=45890 above_floor=0 
max_residual=0.000bps candidates=0 fee_age=1302ms
MICRO HEARTBEAT state=watching symbols=3 signal_source=demo books=3 
demo_books=3 Bquotes=478289 Mdepth=0 Ddepth=45906 above_floor=0 
max_residual=0.000bps candidates=0 fee_age=3338ms
MICRO HEARTBEAT state=watching symbols=3 signal_source=demo books=3 
demo_books=3 Bquotes=478477 Mdepth=0 Ddepth=45928 above_floor=0 
max_residual=0.000bps candidates=0 fee_age=301ms
MICRO HEARTBEAT state=watching symbols=3 signal_source=demo books=3 
demo_books=3 Bquotes=478704 Mdepth=0 Ddepth=45950 above_floor=0 
max_residual=0.000bps candidates=0 fee_age=2335ms
MICRO HEARTBEAT state=watching symbols=3 signal_source=demo books=3 
demo_books=3 Bquotes=479007 Mdepth=0 Ddepth=45973 above_floor=0 
max_residual=0.000bps candidates=0 fee_age=0ms
MICRO SIGNAL LINK_USDT SHORT residual=-1.587bps threshold=1.258 spread=1.058 
net=+0.329 B100=-1.587 M100=+0.000 Bage=1ms Mage=62ms DemoCross=5.0bps
DEMO ENTRY LINK_USDT SHORT qty=1058.7 LIVEEntry=9.45 residual=-1.587 
notional=10004.7USDT leverage=200x requested_margin=50.0000USDT 
strategy_equity=0.0100USDT sizing=TARGET_NOTIONAL spread=1.058 
DemoFeeReported=2.00158 signal_to_visible=PENDING IOCconfirm=571.5ms 
reconcile=ASYNC
MICRO POSITION LINK_USDT mark=-4.233bps MFE=+0.000 MAE=-4.233 
DemoNetMark=-5.062068USDT DemoNet=-5.058bps DemoMFE=+0.000 DemoMAE=-5.058 
TRAIL=OFF residual=+0.000bps B100=+0.000
DEMO POSITION VISIBLE LINK_USDT signal_to_visible=927.2ms
MICRO POSITION LINK_USDT mark=-4.233bps MFE=+0.000 MAE=-4.233 
DemoNetMark=-5.062068USDT DemoNet=-5.058bps DemoMFE=+0.000 DemoMAE=-5.058 
TRAIL=OFF residual=+0.000bps B100=+0.000
MICRO POSITION LINK_USDT mark=-4.233bps MFE=+0.000 MAE=-4.233 
DemoNetMark=-5.062068USDT DemoNet=-5.058bps DemoMFE=+0.000 DemoMAE=-5.058 
TRAIL=OFF residual=+0.000bps B100=+0.000
MICRO POSITION LINK_USDT mark=-4.233bps MFE=+0.000 MAE=-4.233 
DemoNetMark=-5.062068USDT DemoNet=-5.058bps DemoMFE=+0.000 DemoMAE=-5.058 
TRAIL=OFF residual=+0.000bps B100=+0.000
MICRO POSITION LINK_USDT mark=-4.233bps MFE=+0.000 MAE=-4.233 
DemoNetMark=-5.062068USDT DemoNet=-5.058bps DemoMFE=+0.000 DemoMAE=-5.058 
TRAIL=OFF residual=+0.000bps B100=+0.000
MICRO POSITION LINK_USDT mark=-4.233bps MFE=+0.000 MAE=-4.233 
DemoNetMark=-5.062068USDT DemoNet=-5.058bps DemoMFE=+0.000 DemoMAE=-5.058 
TRAIL=OFF residual=+0.000bps B100=+0.000
MICRO POSITION LINK_USDT mark=-4.233bps MFE=+0.000 MAE=-4.233 
DemoNetMark=-5.062068USDT DemoNet=-5.058bps DemoMFE=+0.000 DemoMAE=-5.058 
TRAIL=OFF residual=+0.000bps B100=+0.000
MICRO EXIT LINK_USDT reason=demo_adverse_cut LIVEpnl=-5.293500USDT 
move=-5.291bps MFE=+0.000 MAE=-5.291 hold=13118ms DemoExit=9.455 
DemoGross=-2.117400 DemoNet=-6.120900 DemoFee=2.00192
MICRO HEARTBEAT state=watching symbols=3 signal_source=demo books=3 
demo_books=3 Bquotes=481136 Mdepth=0 Ddepth=46068 above_floor=0 
max_residual=0.000bps candidates=0 fee_age=0ms
MICRO HEARTBEAT state=watching symbols=3 signal_source=demo books=3 
demo_books=3 Bquotes=481235 Mdepth=0 Ddepth=46072 above_floor=0 
max_residual=0.000bps candidates=0 fee_age=1317ms
MICRO HEARTBEAT state=watching symbols=3 signal_source=demo books=3 
demo_books=3 Bquotes=481333 Mdepth=0 Ddepth=46072 above_floor=0 
max_residual=0.000bps candidates=0 fee_age=3367ms
MICRO HEARTBEAT state=watching symbols=3 signal_source=demo books=3 
demo_books=3 Bquotes=481406 Mdepth=0 Ddepth=46081 above_floor=0 
max_residual=0.000bps candidates=0 fee_age=0ms
MICRO HEARTBEAT state=watching symbols=3 signal_source=demo books=3 
demo_books=3 Bquotes=481493 Mdepth=0 Ddepth=46089 above_floor=0 
max_residual=0.000bps candidates=0 fee_age=2038ms
MICRO HEARTBEAT state=watching symbols=3 signal_source=demo books=3 
demo_books=3 Bquotes=481633 Mdepth=0 Ddepth=46089 above_floor=0 
max_residual=0.000bps candidates=0 fee_age=0ms
MICRO SIGNAL LINK_USDT LONG residual=+2.116bps threshold=1.258 spread=1.058 
net=+0.858 B100=+2.116 M100=+0.000 Bage=2ms Mage=132ms DemoCross=5.0bps
DEMO ENTRY LINK_USDT LONG qty=1057.3 LIVEEntry=9.453 residual=+2.116 
notional=9994.66USDT leverage=200x requested_margin=50.0000USDT 
strategy_equity=0.0100USDT sizing=TARGET_NOTIONAL spread=1.058 
DemoFeeReported=1.99851 signal_to_visible=PENDING IOCconfirm=1370.0ms 
reconcile=ASYNC
MICRO POSITION LINK_USDT mark=-3.174bps MFE=+0.000 MAE=-3.174 
DemoNetMark=-5.054105USDT DemoNet=-5.058bps DemoMFE=+0.000 DemoMAE=-5.058 
TRAIL=OFF residual=+0.000bps B100=+0.000
DEMO POSITION VISIBLE LINK_USDT signal_to_visible=1724.6ms
MICRO POSITION LINK_USDT mark=-3.174bps MFE=+0.000 MAE=-3.174 
DemoNetMark=-5.054105USDT DemoNet=-5.058bps DemoMFE=+0.000 DemoMAE=-5.058 
TRAIL=OFF residual=+0.000bps B100=+0.000
MICRO POSITION LINK_USDT mark=-3.174bps MFE=+0.000 MAE=-3.174 
DemoNetMark=-5.054105USDT DemoNet=-5.058bps DemoMFE=+0.000 DemoMAE=-5.058 
TRAIL=OFF residual=+0.000bps B100=+0.000
MICRO EXIT LINK_USDT reason=binance_target_caught LIVEpnl=+3.171900USDT 
move=+3.174bps MFE=+3.174 MAE=-3.174 hold=7037ms DemoExit=9.456 
DemoGross=+5.286500 DemoNet=+1.288500 DemoFee=1.99949
MICRO HEARTBEAT state=watching symbols=3 signal_source=demo books=3 
demo_books=3 Bquotes=482510 Mdepth=0 Ddepth=46167 above_floor=0 
max_residual=0.000bps candidates=0 fee_age=0ms
MICRO HEARTBEAT state=watching symbols=3 signal_source=demo books=3 
demo_books=3 Bquotes=482555 Mdepth=0 Ddepth=46169 above_floor=0 
max_residual=0.000bps candidates=0 fee_age=833ms
MICRO HEARTBEAT state=watching symbols=3 signal_source=demo books=3 
demo_books=3 Bquotes=482671 Mdepth=0 Ddepth=46169 above_floor=0 
max_residual=0.000bps candidates=0 fee_age=2839ms
MICRO HEARTBEAT state=watching symbols=3 signal_source=demo books=3 
demo_books=3 Bquotes=482778 Mdepth=0 Ddepth=46174 above_floor=0 
max_residual=0.000bps candidates=0 fee_age=374ms
MICRO HEARTBEAT state=watching symbols=3 signal_source=demo books=3 
demo_books=3 Bquotes=482848 Mdepth=0 Ddepth=46184 above_floor=0 
max_residual=0.000bps candidates=0 fee_age=2383ms
MICRO HEARTBEAT state=watching symbols=3 signal_source=demo books=3 
demo_books=3 Bquotes=482912 Mdepth=0 Ddepth=46184 above_floor=0 
max_residual=0.000bps candidates=0 fee_age=1ms
MICRO HEARTBEAT state=watching symbols=3 signal_source=demo books=3 
demo_books=3 Bquotes=482996 Mdepth=0 Ddepth=46192 above_floor=0 
max_residual=0.000bps candidates=0 fee_age=2021ms
MICRO HEARTBEAT state=watching symbols=3 signal_source=demo books=3 
demo_books=3 Bquotes=483073 Mdepth=0 Ddepth=46214 above_floor=0 
max_residual=0.000bps candidates=0 fee_age=4032ms
MICRO HEARTBEAT state=watching symbols=3 signal_source=demo books=3 
demo_books=3 Bquotes=483125 Mdepth=0 Ddepth=46215 above_floor=0 
max_residual=0.000bps candidates=0 fee_age=1020ms
MICRO HEARTBEAT state=watching symbols=3 signal_source=demo books=3 
demo_books=3 Bquotes=483271 Mdepth=0 Ddepth=46215 above_floor=0 
max_residual=0.000bps candidates=0 fee_age=3021ms
MICRO HEARTBEAT state=watching symbols=3 signal_source=demo books=3 
demo_books=3 Bquotes=483462 Mdepth=0 Ddepth=46232 above_floor=0 
max_residual=0.000bps candidates=0 fee_age=0ms
MICRO HEARTBEAT state=watching symbols=3 signal_source=demo books=3 
demo_books=3 Bquotes=483619 Mdepth=0 Ddepth=46232 above_floor=0 
max_residual=0.000bps candidates=0 fee_age=2004ms
MICRO HEARTBEAT state=watching symbols=3 signal_source=demo books=3 
demo_books=3 Bquotes=483702 Mdepth=0 Ddepth=46234 above_floor=0 
max_residual=0.000bps candidates=0 fee_age=0ms
MICRO HEARTBEAT state=watching symbols=3 signal_source=demo books=3 
demo_books=3 Bquotes=483830 Mdepth=0 Ddepth=46260 above_floor=1 
max_residual=3.172bps candidates=1 fee_age=2011ms
MICRO HEARTBEAT state=watching symbols=3 signal_source=demo books=3 
demo_books=3 Bquotes=484037 Mdepth=0 Ddepth=46260 above_floor=0 
max_residual=0.000bps candidates=0 fee_age=4023ms
MICRO HEARTBEAT state=watching symbols=3 signal_source=demo books=3 
demo_books=3 Bquotes=484101 Mdepth=0 Ddepth=46260 above_floor=0 
max_residual=0.000bps candidates=0 fee_age=1039ms
MICRO HEARTBEAT state=watching symbols=3 signal_source=demo books=3 
demo_books=3 Bquotes=484162 Mdepth=0 Ddepth=46280 above_floor=0 
max_residual=0.000bps candidates=0 fee_age=3089ms
MICRO HEARTBEAT state=watching symbols=3 signal_source=demo books=3 
demo_books=3 Bquotes=484266 Mdepth=0 Ddepth=46280 above_floor=0 
max_residual=0.000bps candidates=0 fee_age=83ms
MICRO HEARTBEAT state=watching symbols=3 signal_source=demo books=3 
demo_books=3 Bquotes=484332 Mdepth=0 Ddepth=46280 above_floor=0 
max_residual=0.000bps candidates=0 fee_age=2094ms
MICRO HEARTBEAT state=watching symbols=3 signal_source=demo books=3 
demo_books=3 Bquotes=484409 Mdepth=0 Ddepth=46300 above_floor=0 
max_residual=0.000bps candidates=0 fee_age=4127ms
MICRO HEARTBEAT state=watching symbols=3 signal_source=demo books=3 
demo_books=3 Bquotes=484527 Mdepth=0 Ddepth=46322 above_floor=0 
max_residual=0.000bps candidates=0 fee_age=1176ms
MICRO HEARTBEAT state=watching symbols=3 signal_source=demo books=3 
demo_books=3 Bquotes=484605 Mdepth=0 Ddepth=46322 above_floor=0 
max_residual=0.000bps candidates=0 fee_age=3182ms
MICRO HEARTBEAT state=watching symbols=3 signal_source=demo books=3 
demo_books=3 Bquotes=484718 Mdepth=0 Ddepth=46330 above_floor=0 
max_residual=0.000bps candidates=0 fee_age=184ms
MICRO HEARTBEAT state=watching symbols=3 signal_source=demo books=3 
demo_books=3 Bquotes=484781 Mdepth=0 Ddepth=46354 above_floor=0 
max_residual=0.000bps candidates=0 fee_age=2221ms
MICRO HEARTBEAT state=watching symbols=3 signal_source=demo books=3 
demo_books=3 Bquotes=484821 Mdepth=0 Ddepth=46369 above_floor=0 
max_residual=0.000bps candidates=0 fee_age=4243ms
MICRO HEARTBEAT state=watching symbols=3 signal_source=demo books=3 
demo_books=3 Bquotes=484987 Mdepth=0 Ddepth=46369 above_floor=0 
max_residual=0.000bps candidates=0 fee_age=1269ms
MICRO HEARTBEAT state=watching symbols=3 signal_source=demo books=3 
demo_books=3 Bquotes=485040 Mdepth=0 Ddepth=46390 above_floor=0 
max_residual=0.000bps candidates=0 fee_age=3324ms
MICRO HEARTBEAT state=watching symbols=3 signal_source=demo books=3 
demo_books=3 Bquotes=485080 Mdepth=0 Ddepth=46411 above_floor=0 
max_residual=0.000bps candidates=0 fee_age=307ms
MICRO HEARTBEAT state=watching symbols=3 signal_source=demo books=3 
demo_books=3 Bquotes=485172 Mdepth=0 Ddepth=46428 above_floor=0 
max_residual=0.000bps candidates=0 fee_age=2311ms
MICRO SIGNAL LINK_USDT SHORT residual=-2.643bps threshold=1.257 spread=1.057 
net=+1.386 B100=-2.643 M100=+0.000 Bage=2ms Mage=23ms DemoCross=5.0bps
MICRO HEARTBEAT state=watching symbols=3 signal_source=demo books=3 
demo_books=3 Bquotes=485838 Mdepth=0 Ddepth=46542 above_floor=0 
max_residual=0.000bps candidates=0 fee_age=0ms
MICRO HEARTBEAT state=watching symbols=3 signal_source=demo books=3 
demo_books=3 Bquotes=485905 Mdepth=0 Ddepth=46558 above_floor=0 
max_residual=0.000bps candidates=0 fee_age=1310ms
MICRO HEARTBEAT state=watching symbols=3 signal_source=demo books=3 
demo_books=3 Bquotes=485980 Mdepth=0 Ddepth=46577 above_floor=0 
max_residual=0.000bps candidates=0 fee_age=3356ms
MICRO HEARTBEAT state=watching symbols=3 signal_source=demo books=3 
demo_books=3 Bquotes=486051 Mdepth=0 Ddepth=46597 above_floor=0 
max_residual=0.000bps candidates=0 fee_age=349ms
MICRO HEARTBEAT state=watching symbols=3 signal_source=demo books=3 
demo_books=3 Bquotes=486093 Mdepth=0 Ddepth=46619 above_floor=0 
max_residual=0.000bps candidates=0 fee_age=2379ms
MICRO HEARTBEAT state=watching symbols=3 signal_source=demo books=3 
demo_books=3 Bquotes=486312 Mdepth=0 Ddepth=46649 above_floor=0 
max_residual=0.000bps candidates=0 fee_age=0ms
MICRO HEARTBEAT state=watching symbols=3 signal_source=demo books=3 
demo_books=3 Bquotes=486525 Mdepth=0 Ddepth=46669 above_floor=0 
max_residual=0.000bps candidates=0 fee_age=2059ms
MICRO HEARTBEAT state=watching symbols=3 signal_source=demo books=3 
demo_books=3 Bquotes=486750 Mdepth=0 Ddepth=46693 above_floor=0 
max_residual=0.000bps candidates=0 fee_age=0ms
MICRO HEARTBEAT state=watching symbols=3 signal_source=demo books=3 
demo_books=3 Bquotes=486835 Mdepth=0 Ddepth=46713 above_floor=0 
max_residual=0.000bps candidates=0 fee_age=2019ms
MICRO HEARTBEAT state=watching symbols=3 signal_source=demo books=3 
demo_books=3 Bquotes=486922 Mdepth=0 Ddepth=46735 above_floor=0 
max_residual=0.000bps candidates=0 fee_age=0ms
MICRO HEARTBEAT state=watching symbols=3 signal_source=demo books=3 
demo_books=3 Bquotes=487200 Mdepth=0 Ddepth=46756 above_floor=0 
max_residual=0.000bps candidates=0 fee_age=2009ms
MICRO HEARTBEAT state=watching symbols=3 signal_source=demo books=3 
demo_books=3 Bquotes=487952 Mdepth=0 Ddepth=46772 above_floor=0 
max_residual=0.000bps candidates=0 fee_age=4035ms
MICRO HEARTBEAT state=watching symbols=3 signal_source=demo books=3 
demo_books=3 Bquotes=488071 Mdepth=0 Ddepth=46792 above_floor=0 
max_residual=0.000bps candidates=0 fee_age=1003ms
MICRO HEARTBEAT state=watching symbols=3 signal_source=demo books=3 
demo_books=3 Bquotes=488172 Mdepth=0 Ddepth=46812 above_floor=0 
max_residual=0.000bps candidates=0 fee_age=3013ms
MICRO HEARTBEAT state=watching symbols=3 signal_source=demo books=3 
demo_books=3 Bquotes=488308 Mdepth=0 Ddepth=46828 above_floor=0 
max_residual=0.000bps candidates=0 fee_age=0ms
MICRO HEARTBEAT state=watching symbols=3 signal_source=demo books=3 
demo_books=3 Bquotes=488438 Mdepth=0 Ddepth=46848 above_floor=0 
max_residual=0.000bps candidates=0 fee_age=2019ms
MICRO HEARTBEAT state=watching symbols=3 signal_source=demo books=3 
demo_books=3 Bquotes=488527 Mdepth=0 Ddepth=46867 above_floor=0 
max_residual=0.000bps candidates=0 fee_age=4039ms
MICRO HEARTBEAT state=watching symbols=3 signal_source=demo books=3 
demo_books=3 Bquotes=488598 Mdepth=0 Ddepth=46883 above_floor=0 
max_residual=0.000bps candidates=0 fee_age=1057ms
MICRO SIGNAL LINK_USDT SHORT residual=-3.176bps threshold=1.258 spread=1.058 
net=+1.917 B100=-3.176 M100=+0.000 Bage=4ms Mage=183ms DemoCross=5.0bps
MICRO HEARTBEAT state=watching symbols=3 signal_source=demo books=3 
demo_books=3 Bquotes=490061 Mdepth=0 Ddepth=47010 above_floor=0 
max_residual=0.000bps candidates=0 fee_age=0ms
MICRO HEARTBEAT state=watching symbols=3 signal_source=demo books=3 
demo_books=3 Bquotes=490122 Mdepth=0 Ddepth=47020 above_floor=0 
max_residual=0.000bps candidates=0 fee_age=1350ms
MICRO HEARTBEAT state=watching symbols=3 signal_source=demo books=3 
demo_books=3 Bquotes=490310 Mdepth=0 Ddepth=47041 above_floor=0 
max_residual=0.000bps candidates=0 fee_age=3389ms
MICRO HEARTBEAT state=watching symbols=3 signal_source=demo books=3 
demo_books=3 Bquotes=490498 Mdepth=0 Ddepth=47064 above_floor=0 
max_residual=0.000bps candidates=0 fee_age=398ms
MICRO HEARTBEAT state=watching symbols=3 signal_source=demo books=3 
demo_books=3 Bquotes=490558 Mdepth=0 Ddepth=47084 above_floor=0 
max_residual=0.000bps candidates=0 fee_age=2429ms
MICRO HEARTBEAT state=watching symbols=3 signal_source=demo books=3 
demo_books=3 Bquotes=490672 Mdepth=0 Ddepth=47103 above_floor=0 
max_residual=0.000bps candidates=0 fee_age=0ms
MICRO HEARTBEAT state=watching symbols=3 signal_source=demo books=3 
demo_books=3 Bquotes=490746 Mdepth=0 Ddepth=47126 above_floor=0 
max_residual=0.000bps candidates=0 fee_age=2023ms
MICRO HEARTBEAT state=watching symbols=3 signal_source=demo books=3 
demo_books=3 Bquotes=490908 Mdepth=0 Ddepth=47144 above_floor=0 
max_residual=0.000bps candidates=0 fee_age=4041ms
MICRO HEARTBEAT state=watching symbols=3 signal_source=demo books=3 
demo_books=3 Bquotes=490963 Mdepth=0 Ddepth=47167 above_floor=0 
max_residual=0.000bps candidates=0 fee_age=994ms
MICRO HEARTBEAT state=watching symbols=3 signal_source=demo books=3 
demo_books=3 Bquotes=491026 Mdepth=0 Ddepth=47184 above_floor=0 
max_residual=0.000bps candidates=0 fee_age=2997ms
MICRO HEARTBEAT state=watching symbols=3 signal_source=demo books=3 
demo_books=3 Bquotes=491082 Mdepth=0 Ddepth=47207 above_floor=0 
max_residual=0.000bps candidates=0 fee_age=0ms
MICRO SIGNAL LINK_USDT LONG residual=+2.114bps threshold=1.257 spread=1.057 
net=+0.857 B100=+2.114 M100=+0.000 Bage=26ms Mage=2ms DemoCross=5.0bps
DEMO ENTRY LINK_USDT LONG qty=1056.4 LIVEEntry=9.461 residual=+2.114 
notional=9994.6USDT leverage=200x requested_margin=50.0000USDT 
strategy_equity=1.2985USDT sizing=TARGET_NOTIONAL spread=1.057 
DemoFeeReported=1.99892 signal_to_visible=PENDING IOCconfirm=651.9ms 
reconcile=ASYNC
DEMO POSITION VISIBLE LINK_USDT signal_to_visible=1043.6ms
MICRO POSITION LINK_USDT mark=-1.057bps MFE=+0.000 MAE=-1.057 
DemoNetMark=-5.054029USDT DemoNet=-5.057bps DemoMFE=+0.000 DemoMAE=-5.057 
TRAIL=OFF residual=+0.000bps B100=+0.000
MICRO POSITION LINK_USDT mark=-1.057bps MFE=+0.000 MAE=-1.057 
DemoNetMark=-5.054029USDT DemoNet=-5.057bps DemoMFE=+0.000 DemoMAE=-5.057 
TRAIL=OFF residual=+0.000bps B100=+0.000
MICRO POSITION LINK_USDT mark=-1.057bps MFE=+0.000 MAE=-1.057 
DemoNetMark=-5.054029USDT DemoNet=-5.057bps DemoMFE=+0.000 DemoMAE=-5.057 
TRAIL=OFF residual=+0.000bps B100=+0.000
MICRO EXIT LINK_USDT reason=binance_target_caught LIVEpnl=+4.225600USDT 
move=+4.228bps MFE=+4.228 MAE=-1.057 hold=5506ms DemoExit=9.465 
DemoGross=+4.225600 DemoNet=+0.227000 DemoFee=1.99968
MICRO HEARTBEAT state=watching symbols=3 signal_source=demo books=3 
demo_books=3 Bquotes=491792 Mdepth=0 Ddepth=47286 above_floor=0 
max_residual=0.000bps candidates=0 fee_age=3111ms
MICRO HEARTBEAT state=watching symbols=3 signal_source=demo books=3 
demo_books=3 Bquotes=492058 Mdepth=0 Ddepth=47306 above_floor=0 
max_residual=0.000bps candidates=0 fee_age=76ms
MICRO HEARTBEAT state=watching symbols=3 signal_source=demo books=3 
demo_books=3 Bquotes=492230 Mdepth=0 Ddepth=47330 above_floor=0 
max_residual=0.000bps candidates=0 fee_age=2084ms
MICRO HEARTBEAT state=watching symbols=3 signal_source=demo books=3 
demo_books=3 Bquotes=492359 Mdepth=0 Ddepth=47347 above_floor=1 
max_residual=1.056bps candidates=0 fee_age=4087ms
MICRO HEARTBEAT state=watching symbols=3 signal_source=demo books=3 
demo_books=3 Bquotes=492567 Mdepth=0 Ddepth=47370 above_floor=0 
max_residual=0.000bps candidates=0 fee_age=1156ms
MICRO SIGNAL LINK_USDT SHORT residual=-2.111bps threshold=1.256 spread=1.056 
net=+0.855 B100=-2.111 M100=+0.000 Bage=1ms Mage=285ms DemoCross=5.0bps
MICRO HEARTBEAT state=watching symbols=3 signal_source=demo books=3 
demo_books=3 Bquotes=493576 Mdepth=0 Ddepth=47488 above_floor=0 
max_residual=0.000bps candidates=0 fee_age=0ms
MICRO HEARTBEAT state=watching symbols=3 signal_source=demo books=3 
demo_books=3 Bquotes=493675 Mdepth=0 Ddepth=47499 above_floor=0 
max_residual=0.000bps candidates=0 fee_age=1303ms
MICRO HEARTBEAT state=watching symbols=3 signal_source=demo books=3 
demo_books=3 Bquotes=493737 Mdepth=0 Ddepth=47522 above_floor=0 
max_residual=0.000bps candidates=0 fee_age=3343ms
MICRO HEARTBEAT state=watching symbols=3 signal_source=demo books=3 
demo_books=3 Bquotes=493794 Mdepth=0 Ddepth=47547 above_floor=0 
max_residual=0.000bps candidates=0 fee_age=407ms
MICRO HEARTBEAT state=watching symbols=3 signal_source=demo books=3 
demo_books=3 Bquotes=493870 Mdepth=0 Ddepth=47565 above_floor=0 
max_residual=0.000bps candidates=0 fee_age=2415ms
MICRO HEARTBEAT state=watching symbols=3 signal_source=demo books=3 
demo_books=3 Bquotes=494102 Mdepth=0 Ddepth=47589 above_floor=0 
max_residual=0.000bps candidates=0 fee_age=0ms
MICRO HEARTBEAT state=watching symbols=3 signal_source=demo books=3 
demo_books=3 Bquotes=494155 Mdepth=0 Ddepth=47609 above_floor=0 
max_residual=0.000bps candidates=0 fee_age=2036ms
MICRO HEARTBEAT state=watching symbols=3 signal_source=demo books=3 
demo_books=3 Bquotes=494221 Mdepth=0 Ddepth=47630 above_floor=0 
max_residual=0.000bps candidates=0 fee_age=4062ms
MICRO HEARTBEAT state=watching symbols=3 signal_source=demo books=3 
demo_books=3 Bquotes=494371 Mdepth=0 Ddepth=47648 above_floor=0 
max_residual=0.000bps candidates=0 fee_age=739ms
MICRO HEARTBEAT state=watching symbols=3 signal_source=demo books=3 
demo_books=3 Bquotes=494550 Mdepth=0 Ddepth=47666 above_floor=0 
max_residual=0.000bps candidates=0 fee_age=2743ms
MICRO HEARTBEAT state=watching symbols=3 signal_source=demo books=3 
demo_books=3 Bquotes=494617 Mdepth=0 Ddepth=47685 above_floor=0 
max_residual=0.000bps candidates=0 fee_age=109ms
MICRO HEARTBEAT state=watching symbols=3 signal_source=demo books=3 
demo_books=3 Bquotes=494699 Mdepth=0 Ddepth=47703 above_floor=0 
max_residual=0.000bps candidates=0 fee_age=2160ms
MICRO HEARTBEAT state=watching symbols=3 signal_source=demo books=3 
demo_books=3 Bquotes=494805 Mdepth=0 Ddepth=47723 above_floor=0 
max_residual=0.000bps candidates=0 fee_age=4171ms
MICRO HEARTBEAT state=watching symbols=3 signal_source=demo books=3 
demo_books=3 Bquotes=494933 Mdepth=0 Ddepth=47744 above_floor=0 
max_residual=0.000bps candidates=0 fee_age=1140ms
MICRO SIGNAL LINK_USDT LONG residual=+2.111bps threshold=1.256 spread=1.056 
net=+0.855 B100=+2.111 M100=+0.000 Bage=4ms Mage=557ms DemoCross=5.0bps
DEMO ENTRY LINK_USDT LONG qty=1055 LIVEEntry=9.473 residual=+2.111 
notional=9994.02USDT leverage=200x requested_margin=50.0000USDT 
strategy_equity=1.5255USDT sizing=TARGET_NOTIONAL spread=1.056 
DemoFeeReported=1.9988 signal_to_visible=PENDING IOCconfirm=572.7ms 
reconcile=ASYNC
DEMO POSITION VISIBLE LINK_USDT signal_to_visible=952.4ms
MICRO POSITION LINK_USDT mark=-1.056bps MFE=+0.000 MAE=-1.056 
DemoNetMark=-5.052395USDT DemoNet=-5.055bps DemoMFE=+0.000 DemoMAE=-5.055 
TRAIL=OFF residual=+0.000bps B100=+0.000
MICRO POSITION LINK_USDT mark=-1.056bps MFE=+0.000 MAE=-1.056 
DemoNetMark=-5.052395USDT DemoNet=-5.055bps DemoMFE=+0.000 DemoMAE=-5.055 
TRAIL=OFF residual=+0.000bps B100=+0.000
MICRO EXIT LINK_USDT reason=binance_target_caught LIVEpnl=+3.165000USDT 
move=+3.167bps MFE=+3.167 MAE=-1.056 hold=4342ms DemoExit=9.476 
DemoGross=+3.165000 DemoNet=-0.833200 DemoFee=1.9994
MICRO HEARTBEAT state=watching symbols=3 signal_source=demo books=3 
demo_books=3 Bquotes=495418 Mdepth=0 Ddepth=47807 above_floor=0 
max_residual=0.000bps candidates=0 fee_age=2336ms
MICRO HEARTBEAT state=watching symbols=3 signal_source=demo books=3 
demo_books=3 Bquotes=495563 Mdepth=0 Ddepth=47830 above_floor=0 
max_residual=0.000bps candidates=0 fee_age=0ms
MICRO HEARTBEAT state=watching symbols=3 signal_source=demo books=3 
demo_books=3 Bquotes=495651 Mdepth=0 Ddepth=47843 above_floor=0 
max_residual=0.000bps candidates=0 fee_age=1395ms
MICRO HEARTBEAT state=watching symbols=3 signal_source=demo books=3 
demo_books=3 Bquotes=495734 Mdepth=0 Ddepth=47862 above_floor=0 
max_residual=0.000bps candidates=0 fee_age=3425ms
MICRO HEARTBEAT state=watching symbols=3 signal_source=demo books=3 
demo_books=3 Bquotes=495917 Mdepth=0 Ddepth=47883 above_floor=0 
max_residual=0.000bps candidates=0 fee_age=443ms
MICRO HEARTBEAT state=watching symbols=3 signal_source=demo books=3 
demo_books=3 Bquotes=495979 Mdepth=0 Ddepth=47904 above_floor=0 
max_residual=0.000bps candidates=0 fee_age=2455ms
MICRO HEARTBEAT state=watching symbols=3 signal_source=demo books=3 
demo_books=3 Bquotes=496079 Mdepth=0 Ddepth=47923 above_floor=0 
max_residual=0.000bps candidates=0 fee_age=0ms
MICRO HEARTBEAT state=watching symbols=3 signal_source=demo books=3 
demo_books=3 Bquotes=496125 Mdepth=0 Ddepth=47941 above_floor=0 
max_residual=0.000bps candidates=0 fee_age=2026ms
MICRO HEARTBEAT state=watching symbols=3 signal_source=demo books=3 
demo_books=3 Bquotes=496205 Mdepth=0 Ddepth=47959 above_floor=0 
max_residual=0.000bps candidates=0 fee_age=4035ms
MICRO HEARTBEAT state=watching symbols=3 signal_source=demo books=3 
demo_books=3 Bquotes=496368 Mdepth=0 Ddepth=47978 above_floor=0 
max_residual=0.000bps candidates=0 fee_age=962ms
MICRO HEARTBEAT state=watching symbols=3 signal_source=demo books=3 
demo_books=3 Bquotes=496419 Mdepth=0 Ddepth=47998 above_floor=0 
max_residual=0.000bps candidates=0 fee_age=2974ms
MICRO HEARTBEAT state=watching symbols=3 signal_source=demo books=3 
demo_books=3 Bquotes=496482 Mdepth=0 Ddepth=48014 above_floor=0 
max_residual=0.000bps candidates=0 fee_age=56ms
MICRO HEARTBEAT state=watching symbols=3 signal_source=demo books=3 
demo_books=3 Bquotes=496652 Mdepth=0 Ddepth=48035 above_floor=0 
max_residual=0.000bps candidates=0 fee_age=2064ms
MICRO HEARTBEAT state=watching symbols=3 signal_source=demo books=3 
demo_books=3 Bquotes=496831 Mdepth=0 Ddepth=48056 above_floor=0 
max_residual=0.000bps candidates=0 fee_age=4098ms
MICRO HEARTBEAT state=watching symbols=3 signal_source=demo books=3 
demo_books=3 Bquotes=496929 Mdepth=0 Ddepth=48079 above_floor=0 
max_residual=0.000bps candidates=0 fee_age=1084ms
MICRO HEARTBEAT state=watching symbols=3 signal_source=demo books=3 
demo_books=3 Bquotes=496963 Mdepth=0 Ddepth=48099 above_floor=0 
max_residual=0.000bps candidates=0 fee_age=3117ms
MICRO HEARTBEAT state=watching symbols=3 signal_source=demo books=3 
demo_books=3 Bquotes=497039 Mdepth=0 Ddepth=48117 above_floor=0 
max_residual=0.000bps candidates=0 fee_age=87ms
MICRO HEARTBEAT state=watching symbols=3 signal_source=demo books=3 
demo_books=3 Bquotes=497103 Mdepth=0 Ddepth=48137 above_floor=0 
max_residual=0.000bps candidates=0 fee_age=2131ms
MICRO HEARTBEAT state=watching symbols=3 signal_source=demo books=3 
demo_books=3 Bquotes=497184 Mdepth=0 Ddepth=48154 above_floor=0 
max_residual=0.000bps candidates=0 fee_age=4138ms
MICRO HEARTBEAT state=watching symbols=3 signal_source=demo books=3 
demo_books=3 Bquotes=497248 Mdepth=0 Ddepth=48171 above_floor=0 
max_residual=0.000bps candidates=0 fee_age=1032ms
MICRO HEARTBEAT state=watching symbols=3 signal_source=demo books=3 
demo_books=3 Bquotes=497343 Mdepth=0 Ddepth=48191 above_floor=0 
max_residual=0.000bps candidates=0 fee_age=3057ms
MICRO HEARTBEAT state=watching symbols=3 signal_source=demo books=3 
demo_books=3 Bquotes=497570 Mdepth=0 Ddepth=48211 above_floor=0 
max_residual=0.000bps candidates=0 fee_age=208ms
MICRO HEARTBEAT state=watching symbols=3 signal_source=demo books=3 
demo_books=3 Bquotes=497658 Mdepth=0 Ddepth=48230 above_floor=0 
max_residual=0.000bps candidates=0 fee_age=2228ms
MICRO HEARTBEAT state=watching symbols=3 signal_source=demo books=3 
demo_books=3 Bquotes=497770 Mdepth=0 Ddepth=48254 above_floor=0 
max_residual=0.000bps candidates=0 fee_age=4247ms
MICRO HEARTBEAT state=watching symbols=3 signal_source=demo books=3 
demo_books=3 Bquotes=497901 Mdepth=0 Ddepth=48269 above_floor=0 
max_residual=0.000bps candidates=0 fee_age=1139ms
MICRO HEARTBEAT state=watching symbols=3 signal_source=demo books=3 
demo_books=3 Bquotes=497980 Mdepth=0 Ddepth=48287 above_floor=0 
max_residual=0.000bps candidates=0 fee_age=3154ms
MICRO HEARTBEAT state=watching symbols=3 signal_source=demo books=3 
demo_books=3 Bquotes=498070 Mdepth=0 Ddepth=48308 above_floor=0 
max_residual=0.000bps candidates=0 fee_age=161ms
MICRO SIGNAL LINK_USDT SHORT residual=-2.636bps threshold=1.255 spread=1.055 
net=+1.381 B100=-2.636 M100=+0.000 Bage=1ms Mage=611ms DemoCross=5.0bps
MICRO HEARTBEAT state=watching symbols=3 signal_source=demo books=3 
demo_books=3 Bquotes=499357 Mdepth=0 Ddepth=48343 above_floor=0 
max_residual=0.000bps candidates=0 fee_age=0ms
MICRO HEARTBEAT state=watching symbols=3 signal_source=demo books=3 
demo_books=3 Bquotes=499420 Mdepth=0 Ddepth=48359 above_floor=0 
max_residual=0.000bps candidates=0 fee_age=1353ms
MICRO HEARTBEAT state=watching symbols=3 signal_source=demo books=3 
demo_books=3 Bquotes=499576 Mdepth=0 Ddepth=48376 above_floor=0 
max_residual=0.000bps candidates=0 fee_age=3358ms
MICRO HEARTBEAT state=watching symbols=3 signal_source=demo books=3 
demo_books=3 Bquotes=499684 Mdepth=0 Ddepth=48376 above_floor=0 
max_residual=0.000bps candidates=0 fee_age=376ms
MICRO HEARTBEAT state=watching symbols=3 signal_source=demo books=3 
demo_books=3 Bquotes=499757 Mdepth=0 Ddepth=48384 above_floor=0 
max_residual=0.000bps candidates=0 fee_age=2407ms
MICRO HEARTBEAT state=watching symbols=3 signal_source=demo books=3 
demo_books=3 Bquotes=499883 Mdepth=0 Ddepth=48390 above_floor=0 
max_residual=0.000bps candidates=0 fee_age=0ms
MICRO HEARTBEAT state=watching symbols=3 signal_source=demo books=3 
demo_books=3 Bquotes=500008 Mdepth=0 Ddepth=48390 above_floor=0 
max_residual=0.000bps candidates=0 fee_age=2011ms
MICRO HEARTBEAT state=watching symbols=3 signal_source=demo books=3 
demo_books=3 Bquotes=500139 Mdepth=0 Ddepth=48413 above_floor=0 
max_residual=0.000bps candidates=0 fee_age=0ms
MICRO HEARTBEAT state=watching symbols=3 signal_source=demo books=3 
demo_books=3 Bquotes=500353 Mdepth=0 Ddepth=48419 above_floor=0 
max_residual=0.000bps candidates=0 fee_age=2000ms
MICRO SIGNAL LINK_USDT LONG residual=+2.107bps threshold=1.254 spread=1.054 
net=+0.854 B100=+2.107 M100=+0.000 Bage=1ms Mage=1935ms DemoCross=5.0bps
MICRO HEARTBEAT state=watching symbols=3 signal_source=demo books=3 
demo_books=3 Bquotes=501188 Mdepth=0 Ddepth=48462 above_floor=0 
max_residual=0.000bps candidates=0 fee_age=0ms
MICRO HEARTBEAT state=watching symbols=3 signal_source=demo books=3 
demo_books=3 Bquotes=501248 Mdepth=0 Ddepth=48464 above_floor=0 
max_residual=0.000bps candidates=0 fee_age=1301ms
MICRO HEARTBEAT state=watching symbols=3 signal_source=demo books=3 
demo_books=3 Bquotes=501302 Mdepth=0 Ddepth=48464 above_floor=0 
max_residual=0.000bps candidates=0 fee_age=3332ms
MICRO HEARTBEAT state=watching symbols=3 signal_source=demo books=3 
demo_books=3 Bquotes=501398 Mdepth=0 Ddepth=48475 above_floor=0 
max_residual=0.000bps candidates=0 fee_age=302ms
MICRO HEARTBEAT state=watching symbols=3 signal_source=demo books=3 
demo_books=3 Bquotes=501460 Mdepth=0 Ddepth=48475 above_floor=0 
max_residual=0.000bps candidates=0 fee_age=2341ms
MICRO HEARTBEAT state=watching symbols=3 signal_source=demo books=3 
demo_books=3 Bquotes=501823 Mdepth=0 Ddepth=48475 above_floor=0 
max_residual=0.000bps candidates=0 fee_age=0ms
MICRO HEARTBEAT state=watching symbols=3 signal_source=demo books=3 
demo_books=3 Bquotes=501910 Mdepth=0 Ddepth=48489 above_floor=0 
max_residual=0.000bps candidates=0 fee_age=2027ms
MICRO HEARTBEAT state=watching symbols=3 signal_source=demo books=3 
demo_books=3 Bquotes=502092 Mdepth=0 Ddepth=48505 above_floor=0 
max_residual=0.000bps candidates=0 fee_age=0ms
MICRO HEARTBEAT state=watching symbols=3 signal_source=demo books=3 
demo_books=3 Bquotes=502213 Mdepth=0 Ddepth=48505 above_floor=0 
max_residual=0.000bps candidates=0 fee_age=2031ms
MICRO HEARTBEAT state=watching symbols=3 signal_source=demo books=3 
demo_books=3 Bquotes=502533 Mdepth=0 Ddepth=48519 above_floor=0 
max_residual=0.000bps candidates=0 fee_age=2ms
MICRO HEARTBEAT state=watching symbols=3 signal_source=demo books=3 
demo_books=3 Bquotes=502851 Mdepth=0 Ddepth=48519 above_floor=0 
max_residual=0.000bps candidates=0 fee_age=2041ms
MICRO HEARTBEAT state=watching symbols=3 signal_source=demo books=3 
demo_books=3 Bquotes=503113 Mdepth=0 Ddepth=48525 above_floor=0 
max_residual=0.000bps candidates=0 fee_age=0ms
MICRO HEARTBEAT state=watching symbols=3 signal_source=demo books=3 
demo_books=3 Bquotes=503373 Mdepth=0 Ddepth=48550 above_floor=0 
max_residual=0.000bps candidates=0 fee_age=2036ms
MICRO HEARTBEAT state=watching symbols=3 signal_source=demo books=3 
demo_books=3 Bquotes=503541 Mdepth=0 Ddepth=48550 above_floor=0 
max_residual=0.000bps candidates=0 fee_age=4056ms
MICRO HEARTBEAT state=watching symbols=3 signal_source=demo books=3 
demo_books=3 Bquotes=503645 Mdepth=0 Ddepth=48550 above_floor=0 
max_residual=0.000bps candidates=0 fee_age=1079ms
MICRO HEARTBEAT state=watching symbols=3 signal_source=demo books=3 
demo_books=3 Bquotes=503847 Mdepth=0 Ddepth=48567 above_floor=0 
max_residual=0.000bps candidates=0 fee_age=3101ms
MICRO HEARTBEAT state=watching symbols=3 signal_source=demo books=3 
demo_books=3 Bquotes=503935 Mdepth=0 Ddepth=48567 above_floor=0 
max_residual=0.000bps candidates=0 fee_age=0ms
MICRO HEARTBEAT state=watching symbols=3 signal_source=demo books=3 
demo_books=3 Bquotes=504287 Mdepth=0 Ddepth=48567 above_floor=0 
max_residual=0.000bps candidates=0 fee_age=2053ms
MICRO HEARTBEAT state=watching symbols=3 signal_source=demo books=3 
demo_books=3 Bquotes=504360 Mdepth=0 Ddepth=48595 above_floor=0 
max_residual=0.000bps candidates=0 fee_age=4055ms
MICRO HEARTBEAT state=watching symbols=3 signal_source=demo books=3 
demo_books=3 Bquotes=504550 Mdepth=0 Ddepth=48602 above_floor=0 
max_residual=0.000bps candidates=0 fee_age=1092ms
MICRO HEARTBEAT state=watching symbols=3 signal_source=demo books=3 
demo_books=3 Bquotes=504655 Mdepth=0 Ddepth=48602 above_floor=0 
max_residual=0.000bps candidates=0 fee_age=3117ms
MICRO HEARTBEAT state=watching symbols=3 signal_source=demo books=3 
demo_books=3 Bquotes=504777 Mdepth=0 Ddepth=48619 above_floor=0 
max_residual=0.000bps candidates=0 fee_age=67ms
MICRO HEARTBEAT state=watching symbols=3 signal_source=demo books=3 
demo_books=3 Bquotes=504909 Mdepth=0 Ddepth=48630 above_floor=0 
max_residual=0.000bps candidates=0 fee_age=2092ms
MICRO HEARTBEAT state=watching symbols=3 signal_source=demo books=3 
demo_books=3 Bquotes=505009 Mdepth=0 Ddepth=48630 above_floor=0 
max_residual=0.000bps candidates=0 fee_age=4105ms
MICRO HEARTBEAT state=watching symbols=3 signal_source=demo books=3 
demo_books=3 Bquotes=505190 Mdepth=0 Ddepth=48634 above_floor=0 
max_residual=0.000bps candidates=0 fee_age=1152ms
MICRO HEARTBEAT state=watching symbols=3 signal_source=demo books=3 
demo_books=3 Bquotes=505527 Mdepth=0 Ddepth=48659 above_floor=0 
max_residual=0.000bps candidates=0 fee_age=3199ms
MICRO HEARTBEAT state=watching symbols=3 signal_source=demo books=3 
demo_books=3 Bquotes=505612 Mdepth=0 Ddepth=48681 above_floor=0 
max_residual=0.000bps candidates=0 fee_age=224ms
MICRO HEARTBEAT state=watching symbols=3 signal_source=demo books=3 
demo_books=3 Bquotes=505678 Mdepth=0 Ddepth=48690 above_floor=0 
max_residual=0.000bps candidates=0 fee_age=2227ms
MICRO HEARTBEAT state=watching symbols=3 signal_source=demo books=3 
demo_books=3 Bquotes=505832 Mdepth=0 Ddepth=48711 above_floor=0 
max_residual=0.000bps candidates=0 fee_age=4271ms
MICRO HEARTBEAT state=watching symbols=3 signal_source=demo books=3 
demo_books=3 Bquotes=505920 Mdepth=0 Ddepth=48735 above_floor=0 
max_residual=0.000bps candidates=0 fee_age=800ms
MICRO HEARTBEAT state=watching symbols=3 signal_source=demo books=3 
demo_books=3 Bquotes=505988 Mdepth=0 Ddepth=48747 above_floor=0 
max_residual=0.000bps candidates=0 fee_age=2811ms
MICRO HEARTBEAT state=watching symbols=3 signal_source=demo books=3 
demo_books=3 Bquotes=506068 Mdepth=0 Ddepth=48767 above_floor=0 
max_residual=0.000bps candidates=0 fee_age=0ms
MICRO HEARTBEAT state=watching symbols=3 signal_source=demo books=3 
demo_books=3 Bquotes=506137 Mdepth=0 Ddepth=48785 above_floor=0 
max_residual=0.000bps candidates=0 fee_age=2010ms
MICRO HEARTBEAT state=watching symbols=3 signal_source=demo books=3 
demo_books=3 Bquotes=506220 Mdepth=0 Ddepth=48807 above_floor=0 
max_residual=0.000bps candidates=0 fee_age=0ms
MICRO HEARTBEAT state=watching symbols=3 signal_source=demo books=3 
demo_books=3 Bquotes=506461 Mdepth=0 Ddepth=48824 above_floor=0 
max_residual=0.000bps candidates=0 fee_age=2012ms
MICRO HEARTBEAT state=watching symbols=3 signal_source=demo books=3 
demo_books=3 Bquotes=506534 Mdepth=0 Ddepth=48843 above_floor=0 
max_residual=0.000bps candidates=0 fee_age=4039ms
MICRO HEARTBEAT state=watching symbols=3 signal_source=demo books=3 
demo_books=3 Bquotes=506624 Mdepth=0 Ddepth=48867 above_floor=0 
max_residual=0.000bps candidates=0 fee_age=1057ms
MICRO HEARTBEAT state=watching symbols=3 signal_source=demo books=3 
demo_books=3 Bquotes=506792 Mdepth=0 Ddepth=48884 above_floor=0 
max_residual=0.000bps candidates=0 fee_age=3072ms
MICRO HEARTBEAT state=watching symbols=3 signal_source=demo books=3 
demo_books=3 Bquotes=507004 Mdepth=0 Ddepth=48907 above_floor=0 
max_residual=0.000bps candidates=0 fee_age=0ms
MICRO SIGNAL LINK_USDT SHORT residual=-2.108bps threshold=1.254 spread=1.054 
net=+0.854 B100=-2.108 M100=+0.000 Bage=1ms Mage=446ms DemoCross=5.0bps
DEMO ENTRY LINK_USDT SHORT qty=1054.5 LIVEEntry=9.488 residual=-2.108 
notional=10005.1USDT leverage=200x requested_margin=50.0000USDT 
strategy_equity=0.6923USDT sizing=TARGET_NOTIONAL spread=1.054 
DemoFeeReported=2.00102 signal_to_visible=PENDING IOCconfirm=575.6ms 
reconcile=ASYNC
MICRO POSITION LINK_USDT mark=-1.054bps MFE=+0.000 MAE=-1.054 
DemoNetMark=-5.056749USDT DemoNet=-5.054bps DemoMFE=+0.000 DemoMAE=-5.054 
TRAIL=OFF residual=+0.000bps B100=+0.000
DEMO POSITION VISIBLE LINK_USDT signal_to_visible=941.1ms
MICRO POSITION LINK_USDT mark=-1.054bps MFE=+0.000 MAE=-1.054 
DemoNetMark=-5.056749USDT DemoNet=-5.054bps DemoMFE=+0.000 DemoMAE=-5.054 
TRAIL=OFF residual=+0.000bps B100=+0.000
MICRO EXIT LINK_USDT reason=binance_target_caught LIVEpnl=+4.218000USDT 
move=+4.216bps MFE=+4.216 MAE=-1.054 hold=4445ms DemoExit=9.484 
DemoGross=+4.218000 DemoNet=+0.216900 DemoFee=2.00008
MICRO HEARTBEAT state=watching symbols=3 signal_source=demo books=3 
demo_books=3 Bquotes=507803 Mdepth=0 Ddepth=48976 above_floor=0 
max_residual=0.000bps candidates=0 fee_age=2122ms
MICRO HEARTBEAT state=watching symbols=3 signal_source=demo books=3 
demo_books=3 Bquotes=507997 Mdepth=0 Ddepth=49001 above_floor=0 
max_residual=0.000bps candidates=0 fee_age=1ms
MICRO SIGNAL LINK_USDT LONG residual=+2.108bps threshold=1.254 spread=1.054 
net=+0.854 B100=+2.108 M100=+0.000 Bage=0ms Mage=438ms DemoCross=5.0bps
DEMO ENTRY LINK_USDT LONG qty=1053.7 LIVEEntry=9.485 residual=+2.108 
notional=9994.34USDT leverage=200x requested_margin=50.0000USDT 
strategy_equity=0.9092USDT sizing=TARGET_NOTIONAL spread=1.054 
DemoFeeReported=1.99887 signal_to_visible=PENDING IOCconfirm=571.5ms 
reconcile=ASYNC
MICRO POSITION LINK_USDT mark=-1.054bps MFE=+0.000 MAE=-1.054 
DemoNetMark=-5.051227USDT DemoNet=-5.054bps DemoMFE=+0.000 DemoMAE=-5.054 
TRAIL=OFF residual=+0.000bps B100=+0.000
DEMO POSITION VISIBLE LINK_USDT signal_to_visible=889.7ms
MICRO POSITION LINK_USDT mark=-1.054bps MFE=+0.000 MAE=-1.054 
DemoNetMark=-5.051227USDT DemoNet=-5.054bps DemoMFE=+0.000 DemoMAE=-5.054 
TRAIL=OFF residual=+0.000bps B100=+0.000
MICRO EXIT LINK_USDT reason=binance_target_caught LIVEpnl=+2.107400USDT 
move=+2.109bps MFE=+2.109 MAE=-1.054 hold=4788ms DemoExit=9.487 
DemoGross=+2.107400 DemoNet=-1.890700 DemoFee=1.99923
MICRO HEARTBEAT state=watching symbols=3 signal_source=demo books=3 
demo_books=3 Bquotes=508438 Mdepth=0 Ddepth=49078 above_floor=0 
max_residual=0.000bps candidates=0 fee_age=3173ms
MICRO HEARTBEAT state=watching symbols=3 signal_source=demo books=3 
demo_books=3 Bquotes=508525 Mdepth=0 Ddepth=49093 above_floor=0 
max_residual=0.000bps candidates=0 fee_age=212ms
MICRO HEARTBEAT state=watching symbols=3 signal_source=demo books=3 
demo_books=3 Bquotes=508601 Mdepth=0 Ddepth=49117 above_floor=0 
max_residual=0.000bps candidates=0 fee_age=2234ms
MICRO HEARTBEAT state=watching symbols=3 signal_source=demo books=3 
demo_books=3 Bquotes=508701 Mdepth=0 Ddepth=49134 above_floor=0 
max_residual=0.000bps candidates=0 fee_age=4252ms
MICRO HEARTBEAT state=watching symbols=3 signal_source=demo books=3 
demo_books=3 Bquotes=508751 Mdepth=0 Ddepth=49151 above_floor=0 
max_residual=0.000bps candidates=0 fee_age=1234ms
MICRO HEARTBEAT state=watching symbols=3 signal_source=demo books=3 
demo_books=3 Bquotes=508813 Mdepth=0 Ddepth=49173 above_floor=0 
max_residual=0.000bps candidates=0 fee_age=3268ms
MICRO HEARTBEAT state=watching symbols=3 signal_source=demo books=3 
demo_books=3 Bquotes=508911 Mdepth=0 Ddepth=49190 above_floor=0 
max_residual=0.000bps candidates=0 fee_age=316ms
MICRO HEARTBEAT state=watching symbols=3 signal_source=demo books=3 
demo_books=3 Bquotes=509023 Mdepth=0 Ddepth=49209 above_floor=0 
max_residual=0.000bps candidates=0 fee_age=2335ms
MICRO HEARTBEAT state=watching symbols=3 signal_source=demo books=3 
demo_books=3 Bquotes=509098 Mdepth=0 Ddepth=49232 above_floor=0 
max_residual=0.000bps candidates=0 fee_age=4339ms
MICRO HEARTBEAT state=watching symbols=3 signal_source=demo books=3 
demo_books=3 Bquotes=509194 Mdepth=0 Ddepth=49251 above_floor=0 
max_residual=0.000bps candidates=0 fee_age=1176ms
MICRO HEARTBEAT state=watching symbols=3 signal_source=demo books=3 
demo_books=3 Bquotes=509277 Mdepth=0 Ddepth=49271 above_floor=0 
max_residual=0.000bps candidates=0 fee_age=3199ms
MICRO HEARTBEAT state=watching symbols=3 signal_source=demo books=3 
demo_books=3 Bquotes=509593 Mdepth=0 Ddepth=49288 above_floor=0 
max_residual=0.000bps candidates=0 fee_age=218ms
MICRO HEARTBEAT state=watching symbols=3 signal_source=demo books=3 
demo_books=3 Bquotes=509649 Mdepth=0 Ddepth=49308 above_floor=0 
max_residual=0.000bps candidates=0 fee_age=2260ms
MICRO HEARTBEAT state=watching symbols=3 signal_source=demo books=3 
demo_books=3 Bquotes=509925 Mdepth=0 Ddepth=49332 above_floor=0 
max_residual=0.000bps candidates=0 fee_age=0ms
MICRO HEARTBEAT state=watching symbols=3 signal_source=demo books=3 
demo_books=3 Bquotes=509986 Mdepth=0 Ddepth=49344 above_floor=0 
max_residual=0.000bps candidates=0 fee_age=1341ms
MICRO HEARTBEAT state=watching symbols=3 signal_source=demo books=3 
demo_books=3 Bquotes=510073 Mdepth=0 Ddepth=49362 above_floor=0 
max_residual=0.000bps candidates=0 fee_age=3347ms
MICRO HEARTBEAT state=watching symbols=3 signal_source=demo books=3 
demo_books=3 Bquotes=510239 Mdepth=0 Ddepth=49382 above_floor=0 
max_residual=0.000bps candidates=0 fee_age=284ms
MICRO HEARTBEAT state=watching symbols=3 signal_source=demo books=3 
demo_books=3 Bquotes=510404 Mdepth=0 Ddepth=49403 above_floor=0 
max_residual=0.000bps candidates=0 fee_age=2321ms
MICRO HEARTBEAT state=watching symbols=3 signal_source=demo books=3 
demo_books=3 Bquotes=510513 Mdepth=0 Ddepth=49428 above_floor=0 
max_residual=0.000bps candidates=0 fee_age=0ms
MICRO HEARTBEAT state=watching symbols=3 signal_source=demo books=3 
demo_books=3 Bquotes=510589 Mdepth=0 Ddepth=49446 above_floor=0 
max_residual=0.000bps candidates=0 fee_age=2029ms
MICRO HEARTBEAT state=watching symbols=3 signal_source=demo books=3 
demo_books=3 Bquotes=510687 Mdepth=0 Ddepth=49467 above_floor=0 
max_residual=0.000bps candidates=0 fee_age=4062ms
MICRO HEARTBEAT state=watching symbols=3 signal_source=demo books=3 
demo_books=3 Bquotes=510805 Mdepth=0 Ddepth=49486 above_floor=0 
max_residual=0.000bps candidates=0 fee_age=1046ms
MICRO HEARTBEAT state=watching symbols=3 signal_source=demo books=3 
demo_books=3 Bquotes=510860 Mdepth=0 Ddepth=49506 above_floor=0 
max_residual=0.000bps candidates=0 fee_age=3081ms
MICRO HEARTBEAT state=watching symbols=3 signal_source=demo books=3 
demo_books=3 Bquotes=510912 Mdepth=0 Ddepth=49526 above_floor=0 
max_residual=0.000bps candidates=0 fee_age=127ms
MICRO HEARTBEAT state=watching symbols=3 signal_source=demo books=3 
demo_books=3 Bquotes=510996 Mdepth=0 Ddepth=49542 above_floor=0 
max_residual=0.000bps candidates=0 fee_age=2159ms
MICRO HEARTBEAT state=watching symbols=3 signal_source=demo books=3 
demo_books=3 Bquotes=511108 Mdepth=0 Ddepth=49561 above_floor=0 
max_residual=0.000bps candidates=0 fee_age=4163ms
MICRO HEARTBEAT state=watching symbols=3 signal_source=demo books=3 
demo_books=3 Bquotes=511181 Mdepth=0 Ddepth=49586 above_floor=0 
max_residual=0.000bps candidates=0 fee_age=1228ms
MICRO HEARTBEAT state=watching symbols=3 signal_source=demo books=3 
demo_books=3 Bquotes=511273 Mdepth=0 Ddepth=49602 above_floor=0 
max_residual=0.000bps candidates=0 fee_age=3246ms
MICRO HEARTBEAT state=watching symbols=3 signal_source=demo books=3 
demo_books=3 Bquotes=511371 Mdepth=0 Ddepth=49629 above_floor=0 
max_residual=0.000bps candidates=0 fee_age=0ms
MICRO HEARTBEAT state=watching symbols=3 signal_source=demo books=3 
demo_books=3 Bquotes=511476 Mdepth=0 Ddepth=49643 above_floor=0 
max_residual=0.000bps candidates=0 fee_age=2026ms
MICRO HEARTBEAT state=watching symbols=3 signal_source=demo books=3 
demo_books=3 Bquotes=511594 Mdepth=0 Ddepth=49665 above_floor=0 
max_residual=0.000bps candidates=0 fee_age=0ms
MICRO HEARTBEAT state=watching symbols=3 signal_source=demo books=3 
demo_books=3 Bquotes=511951 Mdepth=0 Ddepth=49687 above_floor=0 
max_residual=0.000bps candidates=0 fee_age=2016ms
MICRO HEARTBEAT state=watching symbols=3 signal_source=demo books=3 
demo_books=3 Bquotes=512102 Mdepth=0 Ddepth=49704 above_floor=0 
max_residual=0.000bps candidates=0 fee_age=4058ms
MICRO HEARTBEAT state=watching symbols=3 signal_source=demo books=3 
demo_books=3 Bquotes=512287 Mdepth=0 Ddepth=49729 above_floor=0 
max_residual=0.000bps candidates=0 fee_age=993ms
MICRO HEARTBEAT state=watching symbols=3 signal_source=demo books=3 
demo_books=3 Bquotes=512344 Mdepth=0 Ddepth=49745 above_floor=0 
max_residual=0.000bps candidates=0 fee_age=3014ms
MICRO HEARTBEAT state=watching symbols=3 signal_source=demo books=3 
demo_books=3 Bquotes=512514 Mdepth=0 Ddepth=49766 above_floor=0 
max_residual=0.000bps candidates=0 fee_age=58ms
MICRO HEARTBEAT state=watching symbols=3 signal_source=demo books=3 
demo_books=3 Bquotes=512597 Mdepth=0 Ddepth=49785 above_floor=0 
max_residual=0.000bps candidates=0 fee_age=2084ms
MICRO HEARTBEAT state=watching symbols=3 signal_source=demo books=3 
demo_books=3 Bquotes=512703 Mdepth=0 Ddepth=49803 above_floor=0 
max_residual=0.000bps candidates=0 fee_age=4089ms
MICRO HEARTBEAT state=watching symbols=3 signal_source=demo books=3 
demo_books=3 Bquotes=512896 Mdepth=0 Ddepth=49822 above_floor=0 
max_residual=0.000bps candidates=0 fee_age=1164ms
MICRO HEARTBEAT state=watching symbols=3 signal_source=demo books=3 
demo_books=3 Bquotes=512941 Mdepth=0 Ddepth=49842 above_floor=0 
max_residual=0.000bps candidates=0 fee_age=3190ms
MICRO HEARTBEAT state=watching symbols=3 signal_source=demo books=3 
demo_books=3 Bquotes=513011 Mdepth=0 Ddepth=49864 above_floor=0 
max_residual=0.000bps candidates=0 fee_age=48ms
MICRO HEARTBEAT state=watching symbols=3 signal_source=demo books=3 
demo_books=3 Bquotes=513130 Mdepth=0 Ddepth=49889 above_floor=0 
max_residual=0.000bps candidates=0 fee_age=2090ms
MICRO HEARTBEAT state=watching symbols=3 signal_source=demo books=3 
demo_books=3 Bquotes=513177 Mdepth=0 Ddepth=49906 above_floor=0 
max_residual=0.000bps candidates=0 fee_age=4139ms
MICRO HEARTBEAT state=watching symbols=3 signal_source=demo books=3 
demo_books=3 Bquotes=513270 Mdepth=0 Ddepth=49926 above_floor=0 
max_residual=0.000bps candidates=0 fee_age=1214ms
MICRO HEARTBEAT state=watching symbols=3 signal_source=demo books=3 
demo_books=3 Bquotes=513337 Mdepth=0 Ddepth=49947 above_floor=0 
max_residual=0.000bps candidates=0 fee_age=3248ms
MICRO HEARTBEAT state=watching symbols=3 signal_source=demo books=3 
demo_books=3 Bquotes=513393 Mdepth=0 Ddepth=49966 above_floor=0 
max_residual=0.000bps candidates=0 fee_age=198ms
MICRO HEARTBEAT state=watching symbols=3 signal_source=demo books=3 
demo_books=3 Bquotes=513480 Mdepth=0 Ddepth=49989 above_floor=0 
max_residual=0.000bps candidates=0 fee_age=2210ms
MICRO HEARTBEAT state=watching symbols=3 signal_source=demo books=3 
demo_books=3 Bquotes=513618 Mdepth=0 Ddepth=50005 above_floor=0 
max_residual=0.000bps candidates=0 fee_age=4244ms
MICRO HEARTBEAT state=watching symbols=3 signal_source=demo books=3 
demo_books=3 Bquotes=513788 Mdepth=0 Ddepth=50024 above_floor=0 
max_residual=0.000bps candidates=0 fee_age=1275ms
MICRO HEARTBEAT state=watching symbols=3 signal_source=demo books=3 
demo_books=3 Bquotes=513859 Mdepth=0 Ddepth=50050 above_floor=0 
max_residual=0.000bps candidates=0 fee_age=3279ms
MICRO HEARTBEAT state=watching symbols=3 signal_source=demo books=3 
demo_books=3 Bquotes=513964 Mdepth=0 Ddepth=50064 above_floor=0 
max_residual=0.000bps candidates=0 fee_age=222ms
MICRO HEARTBEAT state=watching symbols=3 signal_source=demo books=3 
demo_books=3 Bquotes=514039 Mdepth=0 Ddepth=50085 above_floor=0 
max_residual=0.000bps candidates=0 fee_age=2234ms
MICRO HEARTBEAT state=watching symbols=3 signal_source=demo books=3 
demo_books=3 Bquotes=514130 Mdepth=0 Ddepth=50108 above_floor=0 
max_residual=0.000bps candidates=0 fee_age=4234ms
MICRO HEARTBEAT state=watching symbols=3 signal_source=demo books=3 
demo_books=3 Bquotes=514186 Mdepth=0 Ddepth=50128 above_floor=0 
max_residual=0.000bps candidates=0 fee_age=1234ms
MICRO HEARTBEAT state=watching symbols=3 signal_source=demo books=3 
demo_books=3 Bquotes=514272 Mdepth=0 Ddepth=50149 above_floor=0 
max_residual=0.000bps candidates=0 fee_age=3262ms
MICRO HEARTBEAT state=watching symbols=3 signal_source=demo books=3 
demo_books=3 Bquotes=514400 Mdepth=0 Ddepth=50167 above_floor=0 
max_residual=0.000bps candidates=0 fee_age=274ms
MICRO HEARTBEAT state=watching symbols=3 signal_source=demo books=3 
demo_books=3 Bquotes=514481 Mdepth=0 Ddepth=50183 above_floor=0 
max_residual=0.000bps candidates=0 fee_age=2278ms
MICRO HEARTBEAT state=watching symbols=3 signal_source=demo books=3 
demo_books=3 Bquotes=514585 Mdepth=0 Ddepth=50202 above_floor=0 
max_residual=0.000bps candidates=0 fee_age=4309ms
MICRO HEARTBEAT state=watching symbols=3 signal_source=demo books=3 
demo_books=3 Bquotes=514676 Mdepth=0 Ddepth=50218 above_floor=0 
max_residual=0.000bps candidates=0 fee_age=783ms
MICRO HEARTBEAT state=watching symbols=3 signal_source=demo books=3 
demo_books=3 Bquotes=514848 Mdepth=0 Ddepth=50239 above_floor=0 
max_residual=0.000bps candidates=0 fee_age=2799ms
MICRO HEARTBEAT state=watching symbols=3 signal_source=demo books=3 
demo_books=3 Bquotes=514933 Mdepth=0 Ddepth=50259 above_floor=0 
max_residual=0.000bps candidates=0 fee_age=244ms
MICRO HEARTBEAT state=watching symbols=3 signal_source=demo books=3 
demo_books=3 Bquotes=515289 Mdepth=0 Ddepth=50275 above_floor=0 
max_residual=0.000bps candidates=0 fee_age=2256ms
MICRO HEARTBEAT state=watching symbols=3 signal_source=demo books=3 
demo_books=3 Bquotes=515571 Mdepth=0 Ddepth=50295 above_floor=0 
max_residual=0.000bps candidates=0 fee_age=4296ms
MICRO HEARTBEAT state=watching symbols=3 signal_source=demo books=3 
demo_books=3 Bquotes=515638 Mdepth=0 Ddepth=50312 above_floor=0 
max_residual=0.000bps candidates=0 fee_age=843ms
MICRO HEARTBEAT state=watching symbols=3 signal_source=demo books=3 
demo_books=3 Bquotes=515665 Mdepth=0 Ddepth=50331 above_floor=0 
max_residual=0.000bps candidates=0 fee_age=2870ms
MICRO HEARTBEAT state=watching symbols=3 signal_source=demo books=3 
demo_books=3 Bquotes=515770 Mdepth=0 Ddepth=50352 above_floor=0 
max_residual=0.000bps candidates=0 fee_age=329ms
MICRO HEARTBEAT state=watching symbols=3 signal_source=demo books=3 
demo_books=3 Bquotes=515878 Mdepth=0 Ddepth=50369 above_floor=0 
max_residual=0.000bps candidates=0 fee_age=2364ms
MICRO HEARTBEAT state=watching symbols=3 signal_source=demo books=3 
demo_books=3 Bquotes=516074 Mdepth=0 Ddepth=50399 above_floor=0 
max_residual=0.000bps candidates=0 fee_age=0ms
MICRO HEARTBEAT state=watching symbols=3 signal_source=demo books=3 
demo_books=3 Bquotes=516337 Mdepth=0 Ddepth=50414 above_floor=0 
max_residual=0.000bps candidates=0 fee_age=2005ms
MICRO HEARTBEAT state=watching symbols=3 signal_source=demo books=3 
demo_books=3 Bquotes=516448 Mdepth=0 Ddepth=50433 above_floor=0 
max_residual=0.000bps candidates=0 fee_age=4024ms
MICRO HEARTBEAT state=watching symbols=3 signal_source=demo books=3 
demo_books=3 Bquotes=516491 Mdepth=0 Ddepth=50456 above_floor=0 
max_residual=0.000bps candidates=0 fee_age=996ms
MICRO HEARTBEAT state=watching symbols=3 signal_source=demo books=3 
demo_books=3 Bquotes=516572 Mdepth=0 Ddepth=50471 above_floor=0 
max_residual=0.000bps candidates=0 fee_age=2996ms
MICRO HEARTBEAT state=watching symbols=3 signal_source=demo books=3 
demo_books=3 Bquotes=516649 Mdepth=0 Ddepth=50492 above_floor=0 
max_residual=0.000bps candidates=0 fee_age=95ms
MICRO HEARTBEAT state=watching symbols=3 signal_source=demo books=3 
demo_books=3 Bquotes=516776 Mdepth=0 Ddepth=50508 above_floor=0 
max_residual=0.000bps candidates=0 fee_age=2120ms
MICRO HEARTBEAT state=watching symbols=3 signal_source=demo books=3 
demo_books=3 Bquotes=516926 Mdepth=0 Ddepth=50527 above_floor=0 
max_residual=0.000bps candidates=0 fee_age=4172ms
MICRO HEARTBEAT state=watching symbols=3 signal_source=demo books=3 
demo_books=3 Bquotes=517063 Mdepth=0 Ddepth=50546 above_floor=0 
max_residual=0.000bps candidates=0 fee_age=1095ms
MICRO HEARTBEAT state=watching symbols=3 signal_source=demo books=3 
demo_books=3 Bquotes=517150 Mdepth=0 Ddepth=50559 above_floor=0 
max_residual=0.000bps candidates=0 fee_age=3096ms
MICRO HEARTBEAT state=watching symbols=3 signal_source=demo books=3 
demo_books=3 Bquotes=517221 Mdepth=0 Ddepth=50583 above_floor=0 
max_residual=0.000bps candidates=0 fee_age=86ms
MICRO HEARTBEAT state=watching symbols=3 signal_source=demo books=3 
demo_books=3 Bquotes=517470 Mdepth=0 Ddepth=50603 above_floor=0 
max_residual=0.000bps candidates=0 fee_age=2089ms
MICRO HEARTBEAT state=watching symbols=3 signal_source=demo books=3 
demo_books=3 Bquotes=517564 Mdepth=0 Ddepth=50618 above_floor=0 
max_residual=0.000bps candidates=0 fee_age=4124ms
MICRO HEARTBEAT state=watching symbols=3 signal_source=demo books=3 
demo_books=3 Bquotes=517701 Mdepth=0 Ddepth=50636 above_floor=0 
max_residual=0.000bps candidates=0 fee_age=1096ms
MICRO HEARTBEAT state=watching symbols=3 signal_source=demo books=3 
demo_books=3 Bquotes=517795 Mdepth=0 Ddepth=50642 above_floor=0 
max_residual=0.000bps candidates=0 fee_age=3102ms
MICRO HEARTBEAT state=watching symbols=3 signal_source=demo books=3 
demo_books=3 Bquotes=517871 Mdepth=0 Ddepth=50642 above_floor=0 
max_residual=0.000bps candidates=0 fee_age=89ms
MICRO HEARTBEAT state=watching symbols=3 signal_source=demo books=3 
demo_books=3 Bquotes=518027 Mdepth=0 Ddepth=50651 above_floor=0 
max_residual=0.000bps candidates=0 fee_age=2114ms
MICRO HEARTBEAT state=watching symbols=3 signal_source=demo books=3 
demo_books=3 Bquotes=518112 Mdepth=0 Ddepth=50674 above_floor=0 
max_residual=0.000bps candidates=0 fee_age=4159ms
MICRO HEARTBEAT state=watching symbols=3 signal_source=demo books=3 
demo_books=3 Bquotes=518203 Mdepth=0 Ddepth=50676 above_floor=0 
max_residual=0.000bps candidates=0 fee_age=1142ms
MICRO HEARTBEAT state=watching symbols=3 signal_source=demo books=3 
demo_books=3 Bquotes=518286 Mdepth=0 Ddepth=50679 above_floor=0 
max_residual=0.000bps candidates=0 fee_age=3183ms
MICRO SIGNAL LINK_USDT SHORT residual=-2.105bps threshold=1.253 spread=1.053 
net=+0.852 B100=-2.105 M100=+0.000 Bage=1ms Mage=1449ms DemoCross=5.0bps
MICRO HEARTBEAT state=watching symbols=3 signal_source=demo books=3 
demo_books=3 Bquotes=519342 Mdepth=0 Ddepth=50729 above_floor=0 
max_residual=0.000bps candidates=0 fee_age=0ms
MICRO HEARTBEAT state=watching symbols=3 signal_source=demo books=3 
demo_books=3 Bquotes=519406 Mdepth=0 Ddepth=50742 above_floor=0 
max_residual=0.000bps candidates=0 fee_age=1312ms
MICRO HEARTBEAT state=watching symbols=3 signal_source=demo books=3 
demo_books=3 Bquotes=519467 Mdepth=0 Ddepth=50742 above_floor=0 
max_residual=0.000bps candidates=0 fee_age=3356ms
MICRO HEARTBEAT state=watching symbols=3 signal_source=demo books=3 
demo_books=3 Bquotes=519634 Mdepth=0 Ddepth=50742 above_floor=0 
max_residual=0.000bps candidates=0 fee_age=327ms
MICRO HEARTBEAT state=watching symbols=3 signal_source=demo books=3 
demo_books=3 Bquotes=519723 Mdepth=0 Ddepth=50761 above_floor=0 
max_residual=0.000bps candidates=0 fee_age=2339ms
MICRO HEARTBEAT state=watching symbols=3 signal_source=demo books=3 
demo_books=3 Bquotes=519884 Mdepth=0 Ddepth=50768 above_floor=0 
max_residual=0.000bps candidates=0 fee_age=0ms
MICRO HEARTBEAT state=watching symbols=3 signal_source=demo books=3 
demo_books=3 Bquotes=519946 Mdepth=0 Ddepth=50768 above_floor=0 
max_residual=0.000bps candidates=0 fee_age=2007ms
MICRO HEARTBEAT state=watching symbols=3 signal_source=demo books=3 
demo_books=3 Bquotes=520146 Mdepth=0 Ddepth=50787 above_floor=0 
max_residual=0.000bps candidates=0 fee_age=0ms
MICRO HEARTBEAT state=watching symbols=3 signal_source=demo books=3 
demo_books=3 Bquotes=520474 Mdepth=0 Ddepth=50787 above_floor=0 
max_residual=0.000bps candidates=0 fee_age=2038ms
MICRO HEARTBEAT state=watching symbols=3 signal_source=demo books=3 
demo_books=3 Bquotes=520584 Mdepth=0 Ddepth=50787 above_floor=0 
max_residual=0.000bps candidates=0 fee_age=4056ms
MICRO HEARTBEAT state=watching symbols=3 signal_source=demo books=3 
demo_books=3 Bquotes=520776 Mdepth=0 Ddepth=50809 above_floor=0 
max_residual=0.000bps candidates=0 fee_age=1103ms
MICRO SIGNAL LINK_USDT LONG residual=+4.733bps threshold=1.253 spread=1.053 
net=+3.481 B100=+4.733 M100=+0.000 Bage=2ms Mage=937ms DemoCross=5.0bps
DEMO ENTRY LINK_USDT LONG qty=1051.9 LIVEEntry=9.501 residual=+4.733 
notional=9994.1USDT leverage=200x requested_margin=50.0000USDT 
strategy_equity=0.0100USDT sizing=TARGET_NOTIONAL spread=1.053 
DemoFeeReported=0 signal_to_visible=4802.0ms IOCconfirm=1660.7ms 
reconcile=3128.5ms
MICRO POSITION LINK_USDT mark=+6.315bps MFE=+6.315 MAE=+0.000 
DemoNetMark=+0.103717USDT DemoNet=+0.104bps DemoMFE=+0.104 DemoMAE=+0.000 
TRAIL=OFF residual=+0.000bps B100=+0.000
MICRO EXIT LINK_USDT reason=binance_target_caught LIVEpnl=+6.311400USDT 
move=+6.315bps MFE=+6.315 MAE=+0.000 hold=4833ms DemoExit=9.507 
DemoGross=+2.103800 DemoNet=-1.895900 DemoFee=3.9997
MICRO HEARTBEAT state=watching symbols=3 signal_source=demo books=3 
demo_books=3 Bquotes=521487 Mdepth=0 Ddepth=50848 above_floor=0 
max_residual=0.000bps candidates=0 fee_age=1368ms
MICRO HEARTBEAT state=watching symbols=3 signal_source=demo books=3 
demo_books=3 Bquotes=521595 Mdepth=0 Ddepth=50850 above_floor=0 
max_residual=0.000bps candidates=0 fee_age=3383ms
MICRO HEARTBEAT state=watching symbols=3 signal_source=demo books=3 
demo_books=3 Bquotes=521714 Mdepth=0 Ddepth=50850 above_floor=0 
max_residual=0.000bps candidates=0 fee_age=408ms
MICRO HEARTBEAT state=watching symbols=3 signal_source=demo books=3 
demo_books=3 Bquotes=521788 Mdepth=0 Ddepth=50873 above_floor=0 
max_residual=0.000bps candidates=0 fee_age=2453ms
MICRO HEARTBEAT state=watching symbols=3 signal_source=demo books=3 
demo_books=3 Bquotes=521979 Mdepth=0 Ddepth=50875 above_floor=0 
max_residual=0.000bps candidates=0 fee_age=0ms
MICRO HEARTBEAT state=watching symbols=3 signal_source=demo books=3 
demo_books=3 Bquotes=522073 Mdepth=0 Ddepth=50877 above_floor=0 
max_residual=0.000bps candidates=0 fee_age=2030ms
MICRO HEARTBEAT state=watching symbols=3 signal_source=demo books=3 
demo_books=3 Bquotes=522228 Mdepth=0 Ddepth=50893 above_floor=0 
max_residual=0.000bps candidates=0 fee_age=0ms
MICRO HEARTBEAT state=watching symbols=3 signal_source=demo books=3 
demo_books=3 Bquotes=522515 Mdepth=0 Ddepth=50893 above_floor=0 
max_residual=0.000bps candidates=0 fee_age=2034ms
MICRO HEARTBEAT state=watching symbols=3 signal_source=demo books=3 
demo_books=3 Bquotes=522647 Mdepth=0 Ddepth=50893 above_floor=0 
max_residual=0.000bps candidates=0 fee_age=4060ms
MICRO HEARTBEAT state=watching symbols=3 signal_source=demo books=3 
demo_books=3 Bquotes=522785 Mdepth=0 Ddepth=50919 above_floor=0 
max_residual=0.000bps candidates=0 fee_age=705ms
MICRO HEARTBEAT state=watching symbols=3 signal_source=demo books=3 
demo_books=3 Bquotes=522989 Mdepth=0 Ddepth=50919 above_floor=0 
max_residual=0.000bps candidates=0 fee_age=2734ms
MICRO HEARTBEAT state=watching symbols=3 signal_source=demo books=3 
demo_books=3 Bquotes=523181 Mdepth=0 Ddepth=50919 above_floor=0 
max_residual=0.000bps candidates=0 fee_age=138ms
MICRO HEARTBEAT state=watching symbols=3 signal_source=demo books=3 
demo_books=3 Bquotes=523382 Mdepth=0 Ddepth=50936 above_floor=0 
max_residual=0.000bps candidates=0 fee_age=2169ms
MICRO HEARTBEAT state=watching symbols=3 signal_source=demo books=3 
demo_books=3 Bquotes=523534 Mdepth=0 Ddepth=50938 above_floor=0 
max_residual=0.000bps candidates=0 fee_age=4192ms
MICRO HEARTBEAT state=watching symbols=3 signal_source=demo books=3 
demo_books=3 Bquotes=523639 Mdepth=0 Ddepth=50938 above_floor=0 
max_residual=0.000bps candidates=0 fee_age=1155ms
MICRO HEARTBEAT state=watching symbols=3 signal_source=demo books=3 
demo_books=3 Bquotes=523745 Mdepth=0 Ddepth=50951 above_floor=0 
max_residual=0.000bps candidates=0 fee_age=3158ms
MICRO HEARTBEAT state=watching symbols=3 signal_source=demo books=3 
demo_books=3 Bquotes=523818 Mdepth=0 Ddepth=50973 above_floor=0 
max_residual=0.000bps candidates=0 fee_age=186ms
MICRO HEARTBEAT state=watching symbols=3 signal_source=demo books=3 
demo_books=3 Bquotes=523924 Mdepth=0 Ddepth=50978 above_floor=0 
max_residual=0.000bps candidates=0 fee_age=2201ms
MICRO SIGNAL LINK_USDT SHORT residual=-2.103bps threshold=1.251 spread=1.051 
net=+0.852 B100=-2.103 M100=+0.000 Bage=1ms Mage=129ms DemoCross=5.0bps
MICRO HEARTBEAT state=watching symbols=3 signal_source=demo books=3 
demo_books=3 Bquotes=525227 Mdepth=0 Ddepth=51058 above_floor=0 
max_residual=0.000bps candidates=0 fee_age=0ms
MICRO SIGNAL LINK_USDT LONG residual=+2.102bps threshold=1.251 spread=1.051 
net=+0.851 B100=+2.102 M100=+0.000 Bage=31ms Mage=1770ms DemoCross=5.0bps
MICRO HEARTBEAT state=watching symbols=3 signal_source=demo books=3 
demo_books=3 Bquotes=526512 Mdepth=0 Ddepth=51157 above_floor=0 
max_residual=0.000bps candidates=0 fee_age=0ms
MICRO HEARTBEAT state=watching symbols=3 signal_source=demo books=3 
demo_books=3 Bquotes=526546 Mdepth=0 Ddepth=51169 above_floor=0 
max_residual=0.000bps candidates=0 fee_age=1317ms
MICRO HEARTBEAT state=watching symbols=3 signal_source=demo books=3 
demo_books=3 Bquotes=526638 Mdepth=0 Ddepth=51190 above_floor=0 
max_residual=0.000bps candidates=0 fee_age=3339ms
MICRO SIGNAL LINK_USDT SHORT residual=-1.575bps threshold=1.250 spread=1.050 
net=+0.325 B100=-1.575 M100=+0.000 Bage=1ms Mage=337ms DemoCross=5.0bps
MICRO HEARTBEAT state=watching symbols=3 signal_source=demo books=3 
demo_books=3 Bquotes=528095 Mdepth=0 Ddepth=51298 above_floor=0 
max_residual=0.000bps candidates=0 fee_age=0ms
MICRO SIGNAL LINK_USDT LONG residual=+2.103bps threshold=1.251 spread=1.051 
net=+0.852 B100=+2.103 M100=+0.000 Bage=1ms Mage=107ms DemoCross=5.0bps
DEMO ENTRY LINK_USDT LONG qty=1050.5 LIVEEntry=9.514 residual=+2.103 
notional=9994.46USDT leverage=200x requested_margin=50.0000USDT 
strategy_equity=0.0100USDT sizing=TARGET_NOTIONAL spread=1.051 
DemoFeeReported=1.99889 signal_to_visible=PENDING IOCconfirm=590.1ms 
reconcile=ASYNC
DEMO POSITION VISIBLE LINK_USDT signal_to_visible=931.6ms
MICRO POSITION LINK_USDT mark=-1.051bps MFE=+0.000 MAE=-1.051 
DemoNetMark=-5.048073USDT DemoNet=-5.051bps DemoMFE=+0.000 DemoMAE=-5.051 
TRAIL=OFF residual=+0.000bps B100=+0.000
MICRO POSITION LINK_USDT mark=-1.051bps MFE=+0.000 MAE=-1.051 
DemoNetMark=-5.048073USDT DemoNet=-5.051bps DemoMFE=+0.000 DemoMAE=-5.051 
TRAIL=OFF residual=+0.000bps B100=+0.000
MICRO EXIT LINK_USDT reason=demo_adverse_cut LIVEpnl=-2.101000USDT 
move=-2.102bps MFE=+0.000 MAE=-2.102 hold=4109ms DemoExit=9.512 
DemoGross=-2.101000 DemoNet=-6.098300 DemoFee=1.99841
MICRO HEARTBEAT state=watching symbols=3 signal_source=demo books=3 
demo_books=3 Bquotes=529147 Mdepth=0 Ddepth=51362 above_floor=0 
max_residual=0.000bps candidates=0 fee_age=1195ms
MICRO HEARTBEAT state=watching symbols=3 signal_source=demo books=3 
demo_books=3 Bquotes=529210 Mdepth=0 Ddepth=51378 above_floor=0 
max_residual=0.000bps candidates=0 fee_age=3221ms
MICRO HEARTBEAT state=watching symbols=3 signal_source=demo books=3 
demo_books=3 Bquotes=529443 Mdepth=0 Ddepth=51403 above_floor=0 
max_residual=0.000bps candidates=0 fee_age=291ms
MICRO HEARTBEAT state=watching symbols=3 signal_source=demo books=3 
demo_books=3 Bquotes=529625 Mdepth=0 Ddepth=51419 above_floor=0 
max_residual=0.000bps candidates=0 fee_age=2297ms
MICRO HEARTBEAT state=watching symbols=3 signal_source=demo books=3 
demo_books=3 Bquotes=529787 Mdepth=0 Ddepth=51435 above_floor=0 
max_residual=0.000bps candidates=0 fee_age=4325ms
MICRO HEARTBEAT state=watching symbols=3 signal_source=demo books=3 
demo_books=3 Bquotes=529920 Mdepth=0 Ddepth=51457 above_floor=0 
max_residual=0.000bps candidates=0 fee_age=1335ms
MICRO SIGNAL XRP_USDT LONG residual=+1.999bps threshold=1.199 spread=0.999 
net=+0.799 B100=+1.999 M100=+0.000 Bage=2ms Mage=12ms DemoCross=5.0bps
DEMO ENTRY XRP_USDT LONG qty=9986 LIVEEntry=1.0008 residual=+1.999 
notional=9993.99USDT leverage=200x requested_margin=50.0000USDT 
strategy_equity=0.0100USDT sizing=TARGET_NOTIONAL spread=0.999 
DemoFeeReported=1.9988 signal_to_visible=PENDING IOCconfirm=621.2ms 
reconcile=ASYNC
MICRO POSITION XRP_USDT mark=-0.999bps MFE=+0.000 MAE=-0.999 
DemoNetMark=-4.995996USDT DemoNet=-4.999bps DemoMFE=+0.000 DemoMAE=-4.999 
TRAIL=OFF residual=+0.000bps B100=+0.000
DEMO POSITION VISIBLE XRP_USDT signal_to_visible=948.2ms
MICRO POSITION XRP_USDT mark=+0.999bps MFE=+0.999 MAE=-0.999 
DemoNetMark=-2.999195USDT DemoNet=-3.001bps DemoMFE=+0.000 DemoMAE=-4.999 
TRAIL=OFF residual=+0.000bps B100=+0.000
MICRO POSITION XRP_USDT mark=+0.999bps MFE=+0.999 MAE=-0.999 
DemoNetMark=-2.999195USDT DemoNet=-3.001bps DemoMFE=+0.000 DemoMAE=-4.999 
TRAIL=OFF residual=+0.000bps B100=+0.000
MICRO POSITION XRP_USDT mark=+0.999bps MFE=+0.999 MAE=-0.999 
DemoNetMark=-2.999195USDT DemoNet=-3.001bps DemoMFE=+0.000 DemoMAE=-4.999 
TRAIL=OFF residual=+0.000bps B100=+0.000
MICRO POSITION XRP_USDT mark=+0.999bps MFE=+0.999 MAE=-0.999 
DemoNetMark=-2.999195USDT DemoNet=-3.001bps DemoMFE=+0.000 DemoMAE=-4.999 
TRAIL=OFF residual=+0.000bps B100=+0.000
MICRO POSITION XRP_USDT mark=+0.999bps MFE=+0.999 MAE=-0.999 
DemoNetMark=-2.999195USDT DemoNet=-3.001bps DemoMFE=+0.000 DemoMAE=-4.999 
TRAIL=OFF residual=+0.000bps B100=+0.000
MICRO EXIT XRP_USDT reason=demo_adverse_cut LIVEpnl=-1.997200USDT 
move=-1.998bps MFE=+0.999 MAE=-1.998 hold=11303ms DemoExit=1.0006 
DemoGross=-1.997200 DemoNet=-5.994300 DemoFee=1.9983
MICRO HEARTBEAT state=watching symbols=3 signal_source=demo books=3 
demo_books=3 Bquotes=531992 Mdepth=0 Ddepth=51597 above_floor=0 
max_residual=0.000bps candidates=0 fee_age=1221ms
MICRO HEARTBEAT state=watching symbols=3 signal_source=demo books=3 
demo_books=3 Bquotes=532039 Mdepth=0 Ddepth=51615 above_floor=0 
max_residual=0.000bps candidates=0 fee_age=3247ms
MICRO HEARTBEAT state=watching symbols=3 signal_source=demo books=3 
demo_books=3 Bquotes=532175 Mdepth=0 Ddepth=51634 above_floor=0 
max_residual=0.000bps candidates=0 fee_age=184ms
MICRO HEARTBEAT state=watching symbols=3 signal_source=demo books=3 
demo_books=3 Bquotes=532445 Mdepth=0 Ddepth=51652 above_floor=0 
max_residual=0.000bps candidates=0 fee_age=2196ms
MICRO HEARTBEAT state=watching symbols=3 signal_source=demo books=3 
demo_books=3 Bquotes=532606 Mdepth=0 Ddepth=51668 above_floor=1 
max_residual=1.429bps candidates=0 fee_age=4201ms
MICRO HEARTBEAT state=watching symbols=3 signal_source=demo books=3 
demo_books=3 Bquotes=532772 Mdepth=0 Ddepth=51687 above_floor=0 
max_residual=0.000bps candidates=0 fee_age=1210ms
MICRO HEARTBEAT state=watching symbols=3 signal_source=demo books=3 
demo_books=3 Bquotes=533039 Mdepth=0 Ddepth=51706 above_floor=0 
max_residual=0.000bps candidates=0 fee_age=3237ms
MICRO HEARTBEAT state=watching symbols=3 signal_source=demo books=3 
demo_books=3 Bquotes=533250 Mdepth=0 Ddepth=51725 above_floor=0 
max_residual=0.000bps candidates=0 fee_age=245ms
MICRO HEARTBEAT state=watching symbols=3 signal_source=demo books=3 
demo_books=3 Bquotes=533479 Mdepth=0 Ddepth=51747 above_floor=0 
max_residual=0.000bps candidates=0 fee_age=2276ms
MICRO HEARTBEAT state=watching symbols=3 signal_source=demo books=3 
demo_books=3 Bquotes=533737 Mdepth=0 Ddepth=51779 above_floor=0 
max_residual=0.000bps candidates=0 fee_age=0ms
MICRO HEARTBEAT state=watching symbols=3 signal_source=demo books=3 
demo_books=3 Bquotes=533812 Mdepth=0 Ddepth=51789 above_floor=0 
max_residual=0.000bps candidates=0 fee_age=849ms
MICRO HEARTBEAT state=watching symbols=3 signal_source=demo books=3 
demo_books=3 Bquotes=533918 Mdepth=0 Ddepth=51807 above_floor=0 
max_residual=0.000bps candidates=0 fee_age=2896ms
MICRO HEARTBEAT state=watching symbols=3 signal_source=demo books=3 
demo_books=3 Bquotes=533995 Mdepth=0 Ddepth=51824 above_floor=0 
max_residual=0.000bps candidates=0 fee_age=0ms
MICRO HEARTBEAT state=watching symbols=3 signal_source=demo books=3 
demo_books=3 Bquotes=534150 Mdepth=0 Ddepth=51845 above_floor=0 
max_residual=0.000bps candidates=0 fee_age=2021ms
MICRO HEARTBEAT state=watching symbols=3 signal_source=demo books=3 
demo_books=3 Bquotes=534545 Mdepth=0 Ddepth=51868 above_floor=0 
max_residual=0.000bps candidates=0 fee_age=1ms
MICRO HEARTBEAT state=watching symbols=3 signal_source=demo books=3 
demo_books=3 Bquotes=534781 Mdepth=0 Ddepth=51890 above_floor=0 
max_residual=0.000bps candidates=0 fee_age=2001ms
MICRO SIGNAL LINK_USDT SHORT residual=-3.157bps threshold=1.252 spread=1.052 
net=+1.906 B100=-3.157 M100=+0.000 Bage=2ms Mage=2ms DemoCross=5.0bps
MICRO HEARTBEAT state=watching symbols=3 signal_source=demo books=3 
demo_books=3 Bquotes=535481 Mdepth=0 Ddepth=51995 above_floor=0 
max_residual=0.000bps candidates=0 fee_age=0ms
MICRO HEARTBEAT state=watching symbols=3 signal_source=demo books=3 
demo_books=3 Bquotes=535532 Mdepth=0 Ddepth=52009 above_floor=0 
max_residual=0.000bps candidates=0 fee_age=1332ms
MICRO HEARTBEAT state=watching symbols=3 signal_source=demo books=3 
demo_books=3 Bquotes=535642 Mdepth=0 Ddepth=52027 above_floor=0 
max_residual=0.000bps candidates=0 fee_age=3341ms
MICRO HEARTBEAT state=watching symbols=3 signal_source=demo books=3 
demo_books=3 Bquotes=535726 Mdepth=0 Ddepth=52042 above_floor=0 
max_residual=0.000bps candidates=0 fee_age=367ms
MICRO HEARTBEAT state=watching symbols=3 signal_source=demo books=3 
demo_books=3 Bquotes=535840 Mdepth=0 Ddepth=52060 above_floor=0 
max_residual=0.000bps candidates=0 fee_age=2382ms
MICRO HEARTBEAT state=watching symbols=3 signal_source=demo books=3 
demo_books=3 Bquotes=535976 Mdepth=0 Ddepth=52084 above_floor=0 
max_residual=0.000bps candidates=0 fee_age=0ms
MICRO HEARTBEAT state=watching symbols=3 signal_source=demo books=3 
demo_books=3 Bquotes=536037 Mdepth=0 Ddepth=52097 above_floor=0 
max_residual=0.000bps candidates=0 fee_age=1322ms
MICRO HEARTBEAT state=watching symbols=3 signal_source=demo books=3 
demo_books=3 Bquotes=536201 Mdepth=0 Ddepth=52112 above_floor=0 
max_residual=0.000bps candidates=0 fee_age=3327ms
MICRO HEARTBEAT state=watching symbols=3 signal_source=demo books=3 
demo_books=3 Bquotes=536339 Mdepth=0 Ddepth=52134 above_floor=0 
max_residual=0.000bps candidates=0 fee_age=372ms
MICRO HEARTBEAT state=watching symbols=3 signal_source=demo books=3 
demo_books=3 Bquotes=536445 Mdepth=0 Ddepth=52151 above_floor=0 
max_residual=0.000bps candidates=0 fee_age=2377ms
MICRO HEARTBEAT state=watching symbols=3 signal_source=demo books=3 
demo_books=3 Bquotes=536612 Mdepth=0 Ddepth=52173 above_floor=0 
max_residual=0.000bps candidates=0 fee_age=0ms
MICRO HEARTBEAT state=watching symbols=3 signal_source=demo books=3 
demo_books=3 Bquotes=536772 Mdepth=0 Ddepth=52192 above_floor=0 
max_residual=0.000bps candidates=0 fee_age=2001ms
MICRO HEARTBEAT state=watching symbols=3 signal_source=demo books=3 
demo_books=3 Bquotes=536881 Mdepth=0 Ddepth=52207 above_floor=0 
max_residual=0.000bps candidates=0 fee_age=4007ms
MICRO HEARTBEAT state=watching symbols=3 signal_source=demo books=3 
demo_books=3 Bquotes=537062 Mdepth=0 Ddepth=52227 above_floor=0 
max_residual=0.000bps candidates=0 fee_age=542ms
MICRO HEARTBEAT state=watching symbols=3 signal_source=demo books=3 
demo_books=3 Bquotes=537131 Mdepth=0 Ddepth=52247 above_floor=0 
max_residual=0.000bps candidates=0 fee_age=2591ms
MICRO HEARTBEAT state=watching symbols=3 signal_source=demo books=3 
demo_books=3 Bquotes=537212 Mdepth=0 Ddepth=52261 above_floor=0 
max_residual=0.000bps candidates=0 fee_age=0ms
MICRO HEARTBEAT state=watching symbols=3 signal_source=demo books=3 
demo_books=3 Bquotes=537348 Mdepth=0 Ddepth=52285 above_floor=0 
max_residual=0.000bps candidates=0 fee_age=2007ms
MICRO HEARTBEAT state=watching symbols=3 signal_source=demo books=3 
demo_books=3 Bquotes=537478 Mdepth=0 Ddepth=52302 above_floor=0 
max_residual=0.000bps candidates=0 fee_age=4031ms
MICRO HEARTBEAT state=watching symbols=3 signal_source=demo books=3 
demo_books=3 Bquotes=537589 Mdepth=0 Ddepth=52320 above_floor=0 
max_residual=0.000bps candidates=0 fee_age=1058ms
MICRO HEARTBEAT state=watching symbols=3 signal_source=demo books=3 
demo_books=3 Bquotes=537678 Mdepth=0 Ddepth=52340 above_floor=0 
max_residual=0.000bps candidates=0 fee_age=3086ms
MICRO HEARTBEAT state=watching symbols=3 signal_source=demo books=3 
demo_books=3 Bquotes=537757 Mdepth=0 Ddepth=52354 above_floor=0 
max_residual=0.000bps candidates=0 fee_age=122ms
MICRO HEARTBEAT state=watching symbols=3 signal_source=demo books=3 
demo_books=3 Bquotes=538217 Mdepth=0 Ddepth=52373 above_floor=0 
max_residual=0.000bps candidates=0 fee_age=2144ms
MICRO SIGNAL LINK_USDT LONG residual=+2.105bps threshold=1.253 spread=1.053 
net=+0.853 B100=+2.105 M100=+0.000 Bage=2ms Mage=33ms DemoCross=5.0bps
DEMO ENTRY LINK_USDT LONG qty=1052.1 LIVEEntry=9.499 residual=+2.105 
notional=9993.9USDT leverage=200x requested_margin=50.0000USDT 
strategy_equity=0.0100USDT sizing=TARGET_NOTIONAL spread=1.053 
DemoFeeReported=1.99878 signal_to_visible=PENDING IOCconfirm=651.7ms 
reconcile=ASYNC
DEMO POSITION VISIBLE LINK_USDT signal_to_visible=996.3ms
MICRO POSITION LINK_USDT mark=-1.053bps MFE=+0.000 MAE=-1.053 
DemoNetMark=-5.049449USDT DemoNet=-5.053bps DemoMFE=+0.000 DemoMAE=-5.053 
TRAIL=OFF residual=+0.000bps B100=+0.000
MICRO POSITION LINK_USDT mark=-1.053bps MFE=+0.000 MAE=-1.053 
DemoNetMark=-5.049449USDT DemoNet=-5.053bps DemoMFE=+0.000 DemoMAE=-5.053 
TRAIL=OFF residual=+0.000bps B100=+0.000
MICRO POSITION LINK_USDT mark=+1.053bps MFE=+1.053 MAE=-1.053 
DemoNetMark=-2.945670USDT DemoNet=-2.947bps DemoMFE=+0.000 DemoMAE=-5.053 
TRAIL=OFF residual=+0.000bps B100=+0.000
MICRO POSITION LINK_USDT mark=+1.053bps MFE=+1.053 MAE=-1.053 
DemoNetMark=-2.945670USDT DemoNet=-2.947bps DemoMFE=+0.000 DemoMAE=-5.053 
TRAIL=OFF residual=+0.000bps B100=+0.000
MICRO POSITION LINK_USDT mark=+1.053bps MFE=+1.053 MAE=-1.053 
DemoNetMark=-2.945670USDT DemoNet=-2.947bps DemoMFE=+0.000 DemoMAE=-5.053 
TRAIL=OFF residual=+0.000bps B100=+0.000
MICRO POSITION LINK_USDT mark=+1.053bps MFE=+1.053 MAE=-1.053 
DemoNetMark=-2.945670USDT DemoNet=-2.947bps DemoMFE=+0.000 DemoMAE=-5.053 
TRAIL=OFF residual=+0.000bps B100=+0.000
MICRO POSITION LINK_USDT mark=+1.053bps MFE=+1.053 MAE=-1.053 
DemoNetMark=-2.945670USDT DemoNet=-2.947bps DemoMFE=+0.000 DemoMAE=-5.053 
TRAIL=OFF residual=+0.000bps B100=+0.000
MICRO POSITION LINK_USDT mark=+1.053bps MFE=+1.053 MAE=-1.053 
DemoNetMark=-2.945670USDT DemoNet=-2.947bps DemoMFE=+0.000 DemoMAE=-5.053 
TRAIL=OFF residual=+0.000bps B100=+0.000
MICRO POSITION LINK_USDT mark=+1.053bps MFE=+1.053 MAE=-1.053 
DemoNetMark=-2.945670USDT DemoNet=-2.947bps DemoMFE=+0.000 DemoMAE=-5.053 
TRAIL=OFF residual=+0.000bps B100=+0.000
MICRO POSITION LINK_USDT mark=+1.053bps MFE=+1.053 MAE=-1.053 
DemoNetMark=-2.945670USDT DemoNet=-2.947bps DemoMFE=+0.000 DemoMAE=-5.053 
TRAIL=OFF residual=+0.000bps B100=+0.000
MICRO EXIT LINK_USDT reason=demo_adverse_cut LIVEpnl=-3.156300USDT 
move=-3.158bps MFE=+1.053 MAE=-3.158 hold=21194ms DemoExit=9.496 
DemoGross=-3.156300 DemoNet=-7.153200 DemoFee=1.99812
MICRO HEARTBEAT state=watching symbols=3 signal_source=demo books=3 
demo_books=3 Bquotes=541039 Mdepth=0 Ddepth=52598 above_floor=0 
max_residual=0.000bps candidates=0 fee_age=0ms
MICRO SIGNAL LINK_USDT SHORT residual=-2.106bps threshold=1.253 spread=1.053 
net=+0.853 B100=-2.106 M100=+0.000 Bage=1ms Mage=1151ms DemoCross=5.0bps
MICRO HEARTBEAT state=watching symbols=3 signal_source=demo books=3 
demo_books=3 Bquotes=542201 Mdepth=0 Ddepth=52695 above_floor=0 
max_residual=0.000bps candidates=0 fee_age=0ms
MICRO HEARTBEAT state=watching symbols=3 signal_source=demo books=3 
demo_books=3 Bquotes=542229 Mdepth=0 Ddepth=52701 above_floor=0 
max_residual=0.000bps candidates=0 fee_age=806ms
MICRO HEARTBEAT state=watching symbols=3 signal_source=demo books=3 
demo_books=3 Bquotes=542297 Mdepth=0 Ddepth=52720 above_floor=0 
max_residual=0.000bps candidates=0 fee_age=2828ms
MICRO HEARTBEAT state=watching symbols=3 signal_source=demo books=3 
demo_books=3 Bquotes=542355 Mdepth=0 Ddepth=52739 above_floor=0 
max_residual=0.000bps candidates=0 fee_age=332ms
MICRO HEARTBEAT state=watching symbols=3 signal_source=demo books=3 
demo_books=3 Bquotes=542409 Mdepth=0 Ddepth=52756 above_floor=0 
max_residual=0.000bps candidates=0 fee_age=2378ms
MICRO HEARTBEAT state=watching symbols=3 signal_source=demo books=3 
demo_books=3 Bquotes=542513 Mdepth=0 Ddepth=52783 above_floor=0 
max_residual=0.000bps candidates=0 fee_age=0ms
MICRO HEARTBEAT state=watching symbols=3 signal_source=demo books=3 
demo_books=3 Bquotes=542580 Mdepth=0 Ddepth=52796 above_floor=0 
max_residual=0.000bps candidates=0 fee_age=2000ms
MICRO HEARTBEAT state=watching symbols=3 signal_source=demo books=3 
demo_books=3 Bquotes=542683 Mdepth=0 Ddepth=52815 above_floor=0 
max_residual=0.000bps candidates=0 fee_age=4001ms
MICRO HEARTBEAT state=watching symbols=3 signal_source=demo books=3 
demo_books=3 Bquotes=542791 Mdepth=0 Ddepth=52838 above_floor=0 
max_residual=0.000bps candidates=0 fee_age=1071ms
MICRO HEARTBEAT state=watching symbols=3 signal_source=demo books=3 
demo_books=3 Bquotes=543057 Mdepth=0 Ddepth=52855 above_floor=0 
max_residual=0.000bps candidates=0 fee_age=3074ms
MICRO HEARTBEAT state=watching symbols=3 signal_source=demo books=3 
demo_books=3 Bquotes=543164 Mdepth=0 Ddepth=52873 above_floor=0 
max_residual=0.000bps candidates=0 fee_age=37ms
MICRO HEARTBEAT state=watching symbols=3 signal_source=demo books=3 
demo_books=3 Bquotes=543257 Mdepth=0 Ddepth=52889 above_floor=0 
max_residual=0.000bps candidates=0 fee_age=2075ms
MICRO HEARTBEAT state=watching symbols=3 signal_source=demo books=3 
demo_books=3 Bquotes=543343 Mdepth=0 Ddepth=52893 above_floor=0 
max_residual=0.000bps candidates=0 fee_age=4124ms
MICRO HEARTBEAT state=watching symbols=3 signal_source=demo books=3 
demo_books=3 Bquotes=543531 Mdepth=0 Ddepth=52895 above_floor=0 
max_residual=0.000bps candidates=0 fee_age=1185ms
MICRO HEARTBEAT state=watching symbols=3 signal_source=demo books=3 
demo_books=3 Bquotes=543627 Mdepth=0 Ddepth=52919 above_floor=0 
max_residual=0.000bps candidates=0 fee_age=3203ms
MICRO HEARTBEAT state=watching symbols=3 signal_source=demo books=3 
demo_books=3 Bquotes=543712 Mdepth=0 Ddepth=52920 above_floor=0 
max_residual=0.000bps candidates=0 fee_age=195ms
MICRO HEARTBEAT state=watching symbols=3 signal_source=demo books=3 
demo_books=3 Bquotes=543792 Mdepth=0 Ddepth=52920 above_floor=0 
max_residual=0.000bps candidates=0 fee_age=2195ms
MICRO HEARTBEAT state=watching symbols=3 signal_source=demo books=3 
demo_books=3 Bquotes=543929 Mdepth=0 Ddepth=52947 above_floor=0 
max_residual=0.000bps candidates=0 fee_age=4198ms
MICRO HEARTBEAT state=watching symbols=3 signal_source=demo books=3 
demo_books=3 Bquotes=544066 Mdepth=0 Ddepth=52952 above_floor=0 
max_residual=0.000bps candidates=0 fee_age=1275ms
MICRO HEARTBEAT state=watching symbols=3 signal_source=demo books=3 
demo_books=3 Bquotes=544122 Mdepth=0 Ddepth=52952 above_floor=0 
max_residual=0.000bps candidates=0 fee_age=3280ms
MICRO HEARTBEAT state=watching symbols=3 signal_source=demo books=3 
demo_books=3 Bquotes=544354 Mdepth=0 Ddepth=52966 above_floor=0 
max_residual=0.000bps candidates=0 fee_age=193ms
MICRO HEARTBEAT state=watching symbols=3 signal_source=demo books=3 
demo_books=3 Bquotes=544457 Mdepth=0 Ddepth=52966 above_floor=0 
max_residual=0.000bps candidates=0 fee_age=2201ms
MICRO HEARTBEAT state=watching symbols=3 signal_source=demo books=3 
demo_books=3 Bquotes=544546 Mdepth=0 Ddepth=52966 above_floor=0 
max_residual=0.000bps candidates=0 fee_age=4244ms
MICRO HEARTBEAT state=watching symbols=3 signal_source=demo books=3 
demo_books=3 Bquotes=545009 Mdepth=0 Ddepth=52979 above_floor=0 
max_residual=0.000bps candidates=0 fee_age=1248ms
MICRO HEARTBEAT state=watching symbols=3 signal_source=demo books=3 
demo_books=3 Bquotes=545365 Mdepth=0 Ddepth=53000 above_floor=0 
max_residual=0.000bps candidates=0 fee_age=3300ms
MICRO SIGNAL LINK_USDT LONG residual=+1.582bps threshold=1.254 spread=1.054 
net=+0.327 B100=+1.582 M100=+0.000 Bage=3ms Mage=1287ms DemoCross=5.0bps
DEMO ENTRY LINK_USDT LONG qty=1053.8 LIVEEntry=9.484 residual=+1.582 
notional=9994.24USDT leverage=200x requested_margin=50.0000USDT 
strategy_equity=0.0100USDT sizing=TARGET_NOTIONAL spread=1.054 
DemoFeeReported=0 signal_to_visible=4284.1ms IOCconfirm=1693.2ms 
reconcile=2567.7ms
MICRO POSITION LINK_USDT mark=+3.163bps MFE=+3.163 MAE=+0.000 
DemoNetMark=+1.161920USDT DemoNet=+1.163bps DemoMFE=+1.163 DemoMAE=+0.000 
TRAIL=+0.500bps residual=+0.000bps B100=+0.000
MICRO EXIT LINK_USDT reason=binance_target_caught LIVEpnl=+3.161400USDT 
move=+3.163bps MFE=+3.163 MAE=+0.000 hold=4302ms DemoExit=9.487 
DemoGross=+3.161400 DemoNet=-0.836900 DemoFee=3.9983
MICRO HEARTBEAT state=watching symbols=3 signal_source=demo books=3 
demo_books=3 Bquotes=546714 Mdepth=0 Ddepth=53048 above_floor=0 
max_residual=0.000bps candidates=0 fee_age=0ms
MICRO HEARTBEAT state=watching symbols=3 signal_source=demo books=3 
demo_books=3 Bquotes=546800 Mdepth=0 Ddepth=53048 above_floor=0 
max_residual=0.000bps candidates=0 fee_age=1320ms
MICRO HEARTBEAT state=watching symbols=3 signal_source=demo books=3 
demo_books=3 Bquotes=546890 Mdepth=0 Ddepth=53048 above_floor=0 
max_residual=0.000bps candidates=0 fee_age=3338ms
MICRO HEARTBEAT state=watching symbols=3 signal_source=demo books=3 
demo_books=3 Bquotes=547082 Mdepth=0 Ddepth=53053 above_floor=0 
max_residual=0.000bps candidates=0 fee_age=302ms
MICRO HEARTBEAT state=watching symbols=3 signal_source=demo books=3 
demo_books=3 Bquotes=547233 Mdepth=0 Ddepth=53069 above_floor=0 
max_residual=0.000bps candidates=0 fee_age=2322ms
MICRO HEARTBEAT state=watching symbols=3 signal_source=demo books=3 
demo_books=3 Bquotes=547409 Mdepth=0 Ddepth=53069 above_floor=0 
max_residual=0.000bps candidates=0 fee_age=0ms
MICRO HEARTBEAT state=watching symbols=3 signal_source=demo books=3 
demo_books=3 Bquotes=547572 Mdepth=0 Ddepth=53069 above_floor=0 
max_residual=0.000bps candidates=0 fee_age=1190ms
MICRO HEARTBEAT state=watching symbols=3 signal_source=demo books=3 
demo_books=3 Bquotes=547742 Mdepth=0 Ddepth=53097 above_floor=0 
max_residual=0.000bps candidates=0 fee_age=3204ms
MICRO HEARTBEAT state=watching symbols=3 signal_source=demo books=3 
demo_books=3 Bquotes=548016 Mdepth=0 Ddepth=53098 above_floor=0 
max_residual=0.000bps candidates=0 fee_age=272ms
MICRO HEARTBEAT state=watching symbols=3 signal_source=demo books=3 
demo_books=3 Bquotes=548089 Mdepth=0 Ddepth=53098 above_floor=0 
max_residual=0.000bps candidates=0 fee_age=2296ms
MICRO HEARTBEAT state=watching symbols=3 signal_source=demo books=3 
demo_books=3 Bquotes=548243 Mdepth=0 Ddepth=53114 above_floor=0 
max_residual=0.000bps candidates=0 fee_age=0ms
MICRO HEARTBEAT state=watching symbols=3 signal_source=demo books=3 
demo_books=3 Bquotes=548335 Mdepth=0 Ddepth=53114 above_floor=0 
max_residual=0.000bps candidates=0 fee_age=2037ms
MICRO HEARTBEAT state=watching symbols=3 signal_source=demo books=3 
demo_books=3 Bquotes=548506 Mdepth=0 Ddepth=53114 above_floor=0 
max_residual=0.000bps candidates=0 fee_age=4060ms
MICRO HEARTBEAT state=watching symbols=3 signal_source=demo books=3 
demo_books=3 Bquotes=548637 Mdepth=0 Ddepth=53127 above_floor=0 
max_residual=0.000bps candidates=0 fee_age=615ms
MICRO HEARTBEAT state=watching symbols=3 signal_source=demo books=3 
demo_books=3 Bquotes=548992 Mdepth=0 Ddepth=53139 above_floor=0 
max_residual=0.000bps candidates=0 fee_age=2615ms
MICRO HEARTBEAT state=watching symbols=3 signal_source=demo books=3 
demo_books=3 Bquotes=549124 Mdepth=0 Ddepth=53139 above_floor=0 
max_residual=0.000bps candidates=0 fee_age=0ms
MICRO HEARTBEAT state=watching symbols=3 signal_source=demo books=3 
demo_books=3 Bquotes=549233 Mdepth=0 Ddepth=53144 above_floor=0 
max_residual=0.000bps candidates=0 fee_age=2000ms
MICRO SIGNAL XRP_USDT SHORT residual=-2.000bps threshold=1.200 spread=1.000 
net=+0.800 B100=-2.000 M100=+0.000 Bage=1ms Mage=143ms DemoCross=5.0bps
DEMO ENTRY XRP_USDT SHORT qty=10005 LIVEEntry=1 residual=-2.000 
notional=10005USDT leverage=200x requested_margin=50.0000USDT 
strategy_equity=0.0100USDT sizing=TARGET_NOTIONAL spread=1.000 
DemoFeeReported=2.001 signal_to_visible=PENDING IOCconfirm=628.0ms 
reconcile=ASYNC
MICRO POSITION XRP_USDT mark=-1.000bps MFE=+0.000 MAE=-1.000 
DemoNetMark=-5.002700USDT DemoNet=-5.000bps DemoMFE=+0.000 DemoMAE=-5.000 
TRAIL=OFF residual=+0.000bps B100=+0.000
MICRO POSITION XRP_USDT mark=-1.000bps MFE=+0.000 MAE=-1.000 
DemoNetMark=-5.002700USDT DemoNet=-5.000bps DemoMFE=+0.000 DemoMAE=-5.000 
TRAIL=OFF residual=+0.000bps B100=+0.000
DEMO CLEANUP (microspread-failure) pass=1: closing 1 open position(s)
  closing XRP_USDT SHORT qty=10005 entry=1 liquidation=1.0027
DEMO FLAT CONFIRMED (microspread-failure)
MICROSPREAD DEMO FAILED: confirmed IOC position never became visible for 
XRP_USDT; new entries remain blocked
