timestamp_ms,excursion_id,event,symbol,direction,residual_bps,threshold_bps,net_margin_bps,spread_bps,binance_move_bps,mexc_move_bps,binance_age_ms,mexc_age_ms,reject_reason,signal_to_order_latency_ms,live_pnl_usdt,move_bps,mfe_bps,mae_bps,exit_reason,hold_ms,filled_qty,effective_leverage,live_notional_usdt,demo_entry_fee_usdt,demo_exit_fee_usdt,demo_gross_pnl_usdt,demo_net_pnl_usdt,exit_residual_bps,decision_demo_net_bps,signal_detected_ms,demo_book_lookup_start_ms,demo_book_lookup_end_ms,ioc_call_start_ms,ioc_post_start_ms,ioc_post_response_ms,ioc_confirmed_ms,reconciliation_start_ms,provisional_started_ms,position_visible_ms,signal_to_ioc_post_ms,ioc_post_roundtrip_ms,ioc_confirmation_ms,reconciliation_ms,signal_to_provisional_ms,signal_to_position_visible_ms
1786796703306,6c8e3457f1294cbab9f6ce91a7e5209e,crossing,LINK_USDT,1,2.130038881,1.264792632,0.865246250,1.064792632,2.130038881,0.000000000,0.000,22.000,,,,,,,,,,,,,,,,,,1786796703306.132,,,,,,,,,,,,,,,
1786796703307,6c8e3457f1294cbab9f6ce91a7e5209e,demo_ioc_request,LINK_USDT,1,2.130038881,1.264792632,0.865246250,1.064792632,2.130038881,0.000000000,2.000,24.000,,1.265,,,,,,,,,,,,,,,,1786796703306.132,1786796703307.186,1786796703307.190,1786796703307.397,,,,,,,,,,,,
1786796703987,6c8e3457f1294cbab9f6ce91a7e5209e,demo_ioc_response,LINK_USDT,1,2.130038881,1.264792632,0.865246250,1.064792632,2.130038881,0.000000000,2.000,24.000,,1.265,,,,,,,,,,,,,,,,1786796703306.132,1786796703307.186,1786796703307.190,1786796703307.397,1786796703321.951,1786796703685.190,1786796703987.660,,,,15.819,363.239,665.709,,,
1786796704311,6c8e3457f1294cbab9f6ce91a7e5209e,demo_position_visible,LINK_USDT,1,2.130038881,1.264792632,0.865246250,1.064792632,2.130038881,0.000000000,2.000,24.000,,,,,,,,,1064.1,200,,,,,,,,1786796703306.132,1786796703307.186,1786796703307.190,1786796703307.397,1786796703321.951,1786796703685.190,1786796703987.660,1786796703988.490,1786796703988.497,1786796704311.339,15.819,363.239,665.709,322.850,682.365,1005.207
1786796711691,6c8e3457f1294cbab9f6ce91a7e5209e,demo_exit,LINK_USDT,1,2.130038881,1.264792632,0.865246250,1.064792632,2.130038881,0.000000000,2.000,24.000,,,-2.128200000,-2.129471891,0.000000000,-2.129471891,demo_adverse_cut,7075.002,1064.1,200,9994.027200000,1.998805440,1.998294560,-2.128200000,-6.125300000,0.000000000,-6.129045997,1786796703306.132,1786796703307.186,1786796703307.190,1786796703307.397,1786796703321.951,1786796703685.190,1786796703987.660,1786796703988.490,1786796703988.497,1786796704311.339,15.819,363.239,665.709,322.850,682.365,1005.207
1786796750999,a1af5eca62b84df29a2e118ca1199c64,crossing,LINK_USDT,-1,-2.125737373,1.263660054,0.862077319,1.063660054,-2.125737373,0.000000000,0.000,702.000,,,,,,,,,,,,,,,,,,1786796750999.999,,,,,,,,,,,,,,,
1786796751000,a1af5eca62b84df29a2e118ca1199c64,demo_ioc_request,LINK_USDT,-1,-2.125737373,1.263660054,0.862077319,1.063660054,-2.125737373,0.000000000,1.000,703.000,,0.838,,,,,,,,,,,,,,,,1786796750999.999,1786796751000.741,1786796751000.746,1786796751000.836,,,,,,,,,,,,
1786796752719,a1af5eca62b84df29a2e118ca1199c64,demo_ioc_response,LINK_USDT,-1,-2.125737373,1.263660054,0.862077319,1.063660054,-2.125737373,0.000000000,1.000,703.000,,0.838,,,,,,,,,,,,,,,,1786796750999.999,1786796751000.741,1786796751000.746,1786796751000.836,1786796751014.236,1786796751327.864,1786796752719.652,,,,14.238,313.628,1705.416,,,
1786796758288,a1af5eca62b84df29a2e118ca1199c64,rejected,LINK_USDT,-1,-2.125737373,1.263660054,0.862077319,1.063660054,-2.125737373,0.000000000,1.000,703.000,demo_ioc_unfilled_or_pending,0.838,,,,,,,,,,,,,,,,1786796750999.999,1786796751000.741,1786796751000.746,1786796751000.836,1786796751014.236,1786796751327.864,1786796752719.652,1786796752721.282,,,14.238,313.628,1705.416,,,
1786796762863,c8e7841e7e6f492abba43fd685965f4d,crossing,LINK_USDT,1,3.189453567,1.262981664,1.926471904,1.062981664,3.189453567,0.000000000,0.000,6.000,,,,,,,,,,,,,,,,,,1786796762863.562,,,,,,,,,,,,,,,
1786796762864,c8e7841e7e6f492abba43fd685965f4d,demo_ioc_request,LINK_USDT,1,3.189453567,1.262981664,1.926471904,1.062981664,3.189453567,0.000000000,1.000,7.000,,0.637,,,,,,,,,,,,,,,,1786796762863.562,1786796762864.125,1786796762864.127,1786796762864.199,,,,,,,,,,,,
1786796763896,c8e7841e7e6f492abba43fd685965f4d,demo_ioc_response,LINK_USDT,1,3.189453567,1.262981664,1.926471904,1.062981664,3.189453567,0.000000000,1.000,7.000,,0.637,,,,,,,,,,,,,,,,1786796762863.562,1786796762864.125,1786796762864.127,1786796762864.199,1786796762871.506,1786796763306.797,1786796763896.237,,,,7.943,435.292,1024.732,,,
1786796769465,c8e7841e7e6f492abba43fd685965f4d,rejected,LINK_USDT,1,3.189453567,1.262981664,1.926471904,1.062981664,3.189453567,0.000000000,1.000,7.000,demo_ioc_unfilled_or_pending,0.637,,,,,,,,,,,,,,,,1786796762863.562,1786796762864.125,1786796762864.127,1786796762864.199,1786796762871.506,1786796763306.797,1786796763896.237,1786796763897.011,,,7.943,435.292,1024.732,,,
1786796775941,15394f5bb1784117acba58ac177122f4,crossing,LINK_USDT,-1,-2.126415403,1.263094669,0.863320735,1.063094669,-2.126415403,0.000000000,0.000,308.000,,,,,,,,,,,,,,,,,,1786796775941.065,,,,,,,,,,,,,,,
1786796775942,15394f5bb1784117acba58ac177122f4,demo_ioc_request,LINK_USDT,-1,-2.126415403,1.263094669,0.863320735,1.063094669,-2.126415403,0.000000000,2.000,310.000,,1.119,,,,,,,,,,,,,,,,1786796775941.065,1786796775942.050,1786796775942.053,1786796775942.184,,,,,,,,,,,,
1786796776553,15394f5bb1784117acba58ac177122f4,demo_ioc_response,LINK_USDT,-1,-2.126415403,1.263094669,0.863320735,1.063094669,-2.126415403,0.000000000,2.000,310.000,,1.119,,,,,,,,,,,,,,,,1786796775941.065,1786796775942.050,1786796775942.053,1786796775942.184,1786796775959.151,1786796776274.159,1786796776553.785,,,,18.086,315.009,594.635,,,
1786796782110,15394f5bb1784117acba58ac177122f4,rejected,LINK_USDT,-1,-2.126415403,1.263094669,0.863320735,1.063094669,-2.126415403,0.000000000,2.000,310.000,demo_ioc_unfilled_or_pending,1.119,,,,,,,,,,,,,,,,1786796775941.065,1786796775942.050,1786796775942.053,1786796775942.184,1786796775959.151,1786796776274.159,1786796776553.785,1786796776554.658,,,18.086,315.009,594.635,,,
1786796789959,6fa1b690b1e941ba9313333284c3c4c9,crossing,LINK_USDT,1,3.721325898,1.263320751,2.458005147,1.063320751,3.721325898,0.000000000,0.000,608.000,,,,,,,,,,,,,,,,,,1786796789959.013,,,,,,,,,,,,,,,
1786796789960,6fa1b690b1e941ba9313333284c3c4c9,demo_ioc_request,LINK_USDT,1,3.721325898,1.263320751,2.458005147,1.063320751,3.721325898,0.000000000,2.000,610.000,,1.490,,,,,,,,,,,,,,,,1786796789959.013,1786796789960.374,1786796789960.379,1786796789960.503,,,,,,,,,,,,
1786796790645,6fa1b690b1e941ba9313333284c3c4c9,demo_ioc_response,LINK_USDT,1,3.721325898,1.263320751,2.458005147,1.063320751,3.721325898,0.000000000,2.000,610.000,,1.490,,,,,,,,,,,,,,,,1786796789959.013,1786796789960.374,1786796789960.379,1786796789960.503,1786796789978.035,1786796790325.207,1786796790645.068,,,,19.022,347.172,667.032,,,
1786796791465,6fa1b690b1e941ba9313333284c3c4c9,demo_position_visible,LINK_USDT,1,3.721325898,1.263320751,2.458005147,1.063320751,3.721325898,0.000000000,2.000,610.000,,,,,,,,,1062.6,200,,,,,,,,1786796789959.013,1786796789960.374,1786796789960.379,1786796789960.503,1786796789978.035,1786796790325.207,1786796790645.068,1786796790646.322,1786796790646.330,1786796791465.665,19.022,347.172,667.032,819.343,687.317,1506.652
1786796796508,6fa1b690b1e941ba9313333284c3c4c9,demo_exit,LINK_USDT,1,3.721325898,1.263320751,2.458005147,1.063320751,3.721325898,0.000000000,2.000,610.000,,,4.250400000,4.253056885,4.253056885,-1.063264221,binance_target_caught,5361.656,1062.6,200,9993.753000000,1.998750600,1.999549400,4.250400000,0.252100000,0.000000000,0.252206273,1786796789959.013,1786796789960.374,1786796789960.379,1786796789960.503,1786796789978.035,1786796790325.207,1786796790645.068,1786796790646.322,1786796790646.330,1786796791465.665,19.022,347.172,667.032,819.343,687.317,1506.652
1786796821315,46be91d8b90b415ebeca8ff4cf092b8e,crossing,LINK_USDT,-1,-3.184713403,1.261289467,1.923423936,1.061289467,-3.184713403,0.000000000,0.000,1441.000,,,,,,,,,,,,,,,,,,1786796821315.923,,,,,,,,,,,,,,,
1786796821316,46be91d8b90b415ebeca8ff4cf092b8e,demo_ioc_request,LINK_USDT,-1,-3.184713403,1.261289467,1.923423936,1.061289467,-3.184713403,0.000000000,1.000,1442.000,,0.799,,,,,,,,,,,,,,,,1786796821315.923,1786796821316.660,1786796821316.662,1786796821316.723,,,,,,,,,,,,
1786796822005,46be91d8b90b415ebeca8ff4cf092b8e,demo_ioc_response,LINK_USDT,-1,-3.184713403,1.261289467,1.923423936,1.061289467,-3.184713403,0.000000000,1.000,1442.000,,0.799,,,,,,,,,,,,,,,,1786796821315.923,1786796821316.660,1786796821316.662,1786796821316.723,1786796821328.005,1786796821692.233,1786796822005.020,,,,12.082,364.228,677.014,,,
1786796822673,46be91d8b90b415ebeca8ff4cf092b8e,demo_position_visible,LINK_USDT,-1,-3.184713403,1.261289467,1.923423936,1.061289467,-3.184713403,0.000000000,1.000,1442.000,,,,,,,,,1061.9,200,,,,,,,,1786796821315.923,1786796821316.660,1786796821316.662,1786796821316.723,1786796821328.005,1786796821692.233,1786796822005.020,1786796822006.262,1786796822006.269,1786796822673.810,12.082,364.228,677.014,667.548,690.346,1357.887
1786796826374,46be91d8b90b415ebeca8ff4cf092b8e,demo_exit,LINK_USDT,-1,-3.184713403,1.261289467,1.923423936,1.061289467,-3.184713403,0.000000000,1.000,1442.000,,,7.433300000,7.429420505,7.429420505,-1.061345786,binance_target_caught,3796.887,1061.9,200,10005.221800000,2.001044360,1.999555640,7.433300000,3.432700000,0.000000000,3.430906389,1786796821315.923,1786796821316.660,1786796821316.662,1786796821316.723,1786796821328.005,1786796821692.233,1786796822005.020,1786796822006.262,1786796822006.269,1786796822673.810,12.082,364.228,677.014,667.548,690.346,1357.887
1786796826393,6bdf670093c14f358b34d0b03e56341f,crossing,LINK_USDT,1,2.124156983,1.262191301,0.861965683,1.062191301,2.124156983,0.000000000,46.000,75.000,,,,,,,,,,,,,,,,,,1786796826393.758,,,,,,,,,,,,,,,
1786796826394,6bdf670093c14f358b34d0b03e56341f,demo_ioc_request,LINK_USDT,1,2.124156983,1.262191301,0.861965683,1.062191301,2.124156983,0.000000000,49.000,78.000,,0.851,,,,,,,,,,,,,,,,1786796826393.758,1786796826394.521,1786796826394.523,1786796826394.609,,,,,,,,,,,,
1786796827043,6bdf670093c14f358b34d0b03e56341f,demo_ioc_response,LINK_USDT,1,2.124156983,1.262191301,0.861965683,1.062191301,2.124156983,0.000000000,49.000,78.000,,0.851,,,,,,,,,,,,,,,,1786796826393.758,1786796826394.521,1786796826394.523,1786796826394.609,1786796826406.380,1786796826756.331,1786796827043.495,,,,12.622,349.951,637.115,,,
1786796827708,6bdf670093c14f358b34d0b03e56341f,demo_position_visible,LINK_USDT,1,2.124156983,1.262191301,0.861965683,1.062191301,2.124156983,0.000000000,49.000,78.000,,,,,,,,,1061.5,200,,,,,,,,1786796826393.758,1786796826394.521,1786796826394.523,1786796826394.609,1786796826406.380,1786796826756.331,1786796827043.495,1786796827044.588,1786796827044.593,1786796827708.712,12.622,349.951,637.115,664.124,650.835,1314.954
1786796842228,6bdf670093c14f358b34d0b03e56341f,demo_exit,LINK_USDT,1,2.124156983,1.262191301,0.861965683,1.062191301,2.124156983,0.000000000,49.000,78.000,,,-2.123000000,-2.124269782,1.062134891,-2.124269782,demo_adverse_cut,14550.213,1061.5,200,9994.022500000,1.998804500,1.998295500,-2.123000000,-6.120100000,0.000000000,-6.123844928,1786796826393.758,1786796826394.521,1786796826394.523,1786796826394.609,1786796826406.380,1786796826756.331,1786796827043.495,1786796827044.588,1786796827044.593,1786796827708.712,12.622,349.951,637.115,664.124,650.835,1314.954
1786796890635,b245c3b51f194526b91de2c8c0e6ea95,crossing,LINK_USDT,-1,-1.590710255,1.260276732,0.330433523,1.060276732,-1.590710255,0.000000000,0.000,1274.000,,,,,,,,,,,,,,,,,,1786796890635.893,,,,,,,,,,,,,,,
1786796890636,b245c3b51f194526b91de2c8c0e6ea95,demo_ioc_request,LINK_USDT,-1,-1.590710255,1.260276732,0.330433523,1.060276732,-1.590710255,0.000000000,1.000,1275.000,,0.794,,,,,,,,,,,,,,,,1786796890635.893,1786796890636.584,1786796890636.586,1786796890636.687,,,,,,,,,,,,
1786796891268,b245c3b51f194526b91de2c8c0e6ea95,demo_ioc_response,LINK_USDT,-1,-1.590710255,1.260276732,0.330433523,1.060276732,-1.590710255,0.000000000,1.000,1275.000,,0.794,,,,,,,,,,,,,,,,1786796890635.893,1786796890636.584,1786796890636.586,1786796890636.687,1786796890647.619,1786796890972.172,1786796891268.253,,,,11.726,324.553,620.635,,,
1786796896643,b245c3b51f194526b91de2c8c0e6ea95,rejected,LINK_USDT,-1,-1.590710255,1.260276732,0.330433523,1.060276732,-1.590710255,0.000000000,1.000,1275.000,demo_ioc_unfilled_or_pending,0.794,,,,,,,,,,,,,,,,1786796890635.893,1786796890636.584,1786796890636.586,1786796890636.687,1786796890647.619,1786796890972.172,1786796891268.253,1786796891269.272,,,11.726,324.553,620.635,,,
1786796911531,b7779271d4cc4299b339b68e401751ce,crossing,LINK_USDT,1,2.122128503,1.260839124,0.861289379,1.060839124,2.122128503,0.000000000,0.000,1121.000,,,,,,,,,,,,,,,,,,1786796911531.007,,,,,,,,,,,,,,,
1786796911531,b7779271d4cc4299b339b68e401751ce,demo_ioc_request,LINK_USDT,1,2.122128503,1.260839124,0.861289379,1.060839124,2.122128503,0.000000000,1.000,1122.000,,0.911,,,,,,,,,,,,,,,,1786796911531.007,1786796911531.804,1786796911531.806,1786796911531.918,,,,,,,,,,,,
1786796912192,b7779271d4cc4299b339b68e401751ce,demo_ioc_response,LINK_USDT,1,2.122128503,1.260839124,0.861289379,1.060839124,2.122128503,0.000000000,1.000,1122.000,,0.911,,,,,,,,,,,,,,,,1786796911531.007,1786796911531.804,1786796911531.806,1786796911531.918,1786796911547.702,1786796911883.068,1786796912192.156,,,,16.695,335.366,644.454,,,
1786796917855,b7779271d4cc4299b339b68e401751ce,rejected,LINK_USDT,1,2.122128503,1.260839124,0.861289379,1.060839124,2.122128503,0.000000000,1.000,1122.000,demo_ioc_unfilled_or_pending,0.911,,,,,,,,,,,,,,,,1786796911531.007,1786796911531.804,1786796911531.806,1786796911531.918,1786796911547.702,1786796911883.068,1786796912192.156,1786796912193.349,,,16.695,335.366,644.454,,,
1786796927495,6bac9969151f45f0bd0b4ad1c695b60a,crossing,LINK_USDT,-1,-2.123705875,1.261852933,0.861852941,1.061852933,-2.123705875,0.000000000,0.000,1134.000,,,,,,,,,,,,,,,,,,1786796927495.817,,,,,,,,,,,,,,,
1786796927496,6bac9969151f45f0bd0b4ad1c695b60a,demo_ioc_request,LINK_USDT,-1,-2.123705875,1.261852933,0.861852941,1.061852933,-2.123705875,0.000000000,1.000,1135.000,,0.885,,,,,,,,,,,,,,,,1786796927495.817,1786796927496.603,1786796927496.608,1786796927496.702,,,,,,,,,,,,
1786796928116,6bac9969151f45f0bd0b4ad1c695b60a,demo_ioc_response,LINK_USDT,-1,-2.123705875,1.261852933,0.861852941,1.061852933,-2.123705875,0.000000000,1.000,1135.000,,0.885,,,,,,,,,,,,,,,,1786796927495.817,1786796927496.603,1786796927496.608,1786796927496.702,1786796927514.610,1786796927826.750,1786796928116.253,,,,18.793,312.139,601.643,,,
1786796928470,6bac9969151f45f0bd0b4ad1c695b60a,demo_position_visible,LINK_USDT,-1,-2.123705875,1.261852933,0.861852941,1.061852933,-2.123705875,0.000000000,1.000,1135.000,,,,,,,,,1062.4,200,,,,,,,,1786796927495.817,1786796927496.603,1786796927496.608,1786796927496.702,1786796927514.610,1786796927826.750,1786796928116.253,1786796928117.171,1786796928117.175,1786796928470.425,18.793,312.139,601.643,353.254,621.358,974.608
1786796932599,6bac9969151f45f0bd0b4ad1c695b60a,demo_exit,LINK_USDT,-1,-2.123705875,1.261852933,0.861852941,1.061852933,-2.123705875,0.000000000,1.000,1135.000,,,5.312000000,5.309546565,5.309546565,-1.061909313,binance_target_caught,3843.040,1062.4,200,10004.620800000,2.000924160,1.999775840,5.312000000,1.311300000,0.000000000,1.310608474,1786796927495.817,1786796927496.603,1786796927496.608,1786796927496.702,1786796927514.610,1786796927826.750,1786796928116.253,1786796928117.171,1786796928117.175,1786796928470.425,18.793,312.139,601.643,353.254,621.358,974.608
1786797002254,b1d1c8d61bdf4b15b1c0f6ba730eb52f,crossing,LINK_USDT,1,2.128452091,1.264226042,0.864226050,1.064226042,2.128452091,0.000000000,0.000,1763.000,,,,,,,,,,,,,,,,,,1786797002254.249,,,,,,,,,,,,,,,
1786797002254,b1d1c8d61bdf4b15b1c0f6ba730eb52f,demo_ioc_request,LINK_USDT,1,2.128452091,1.264226042,0.864226050,1.064226042,2.128452091,0.000000000,0.000,1763.000,,0.659,,,,,,,,,,,,,,,,1786797002254.249,1786797002254.828,1786797002254.830,1786797002254.907,,,,,,,,,,,,
1786797002917,b1d1c8d61bdf4b15b1c0f6ba730eb52f,demo_ioc_response,LINK_USDT,1,2.128452091,1.264226042,0.864226050,1.064226042,2.128452091,0.000000000,0.000,1763.000,,0.659,,,,,,,,,,,,,,,,1786797002254.249,1786797002254.828,1786797002254.830,1786797002254.907,1786797002267.800,1786797002606.279,1786797002917.526,,,,13.551,338.479,649.726,,,
1786797008353,b1d1c8d61bdf4b15b1c0f6ba730eb52f,rejected,LINK_USDT,1,2.128452091,1.264226042,0.864226050,1.064226042,2.128452091,0.000000000,0.000,1763.000,demo_ioc_unfilled_or_pending,0.659,,,,,,,,,,,,,,,,1786797002254.249,1786797002254.828,1786797002254.830,1786797002254.907,1786797002267.800,1786797002606.279,1786797002917.526,1786797002918.705,,,13.551,338.479,649.726,,,
1786797046227,298dab38247e4f97817b5479b6a22cc4,crossing,XRP_USDT,1,1.997104206,1.198651820,0.798452386,0.998651820,1.997104206,0.000000000,0.000,4.000,,,,,,,,,,,,,,,,,,1786797046227.394,,,,,,,,,,,,,,,
1786797046228,298dab38247e4f97817b5479b6a22cc4,demo_ioc_request,XRP_USDT,1,1.997104206,1.198651820,0.798452386,0.998651820,1.997104206,0.000000000,1.000,5.000,,1.163,,,,,,,,,,,,,,,,1786797046227.394,1786797046228.475,1786797046228.479,1786797046228.557,,,,,,,,,,,,
1786797046880,298dab38247e4f97817b5479b6a22cc4,demo_ioc_response,XRP_USDT,1,1.997104206,1.198651820,0.798452386,0.998651820,1.997104206,0.000000000,1.000,5.000,,1.163,,,,,,,,,,,,,,,,1786797046227.394,1786797046228.475,1786797046228.479,1786797046228.557,1786797046240.300,1786797046585.032,1786797046880.687,,,,12.906,344.732,640.386,,,
1786797047872,298dab38247e4f97817b5479b6a22cc4,demo_position_visible,XRP_USDT,1,1.997104206,1.198651820,0.798452386,0.998651820,1.997104206,0.000000000,1.000,5.000,,,,,,,,,9980,200,,,,,,,,1786797046227.394,1786797046228.475,1786797046228.479,1786797046228.557,1786797046240.300,1786797046585.032,1786797046880.687,1786797046881.719,1786797046881.728,1786797047872.541,12.906,344.732,640.386,990.822,654.334,1645.147
1786797111840,298dab38247e4f97817b5479b6a22cc4,demo_exit,XRP_USDT,1,1.997104206,1.198651820,0.798452386,0.998651820,1.997104206,0.000000000,1.000,5.000,,,0.000000000,0.000000000,0.998601957,-0.998601957,microspread_timeout,60017.067,9980,200,9993.972000000,1.998794400,1.998705600,0.000000000,-3.997500000,0.000000000,-4.000000000,1786797046227.394,1786797046228.475,1786797046228.479,1786797046228.557,1786797046240.300,1786797046585.032,1786797046880.687,1786797046881.719,1786797046881.728,1786797047872.541,12.906,344.732,640.386,990.822,654.334,1645.147
1786797119769,209855302c9b4f2fb480f0764b1f5932,crossing,LINK_USDT,-1,-2.129358539,1.264679265,0.864679273,1.064679265,-2.129358539,0.000000000,0.000,826.000,,,,,,,,,,,,,,,,,,1786797119769.807,,,,,,,,,,,,,,,
1786797119771,209855302c9b4f2fb480f0764b1f5932,demo_ioc_request,LINK_USDT,-1,-2.129358539,1.264679265,0.864679273,1.064679265,-2.129358539,0.000000000,1.000,827.000,,1.200,,,,,,,,,,,,,,,,1786797119769.807,1786797119770.886,1786797119770.892,1786797119771.007,,,,,,,,,,,,
1786797121579,209855302c9b4f2fb480f0764b1f5932,demo_ioc_response,LINK_USDT,-1,-2.129358539,1.264679265,0.864679273,1.064679265,-2.129358539,0.000000000,1.000,827.000,,1.200,,,,,,,,,,,,,,,,1786797119769.807,1786797119770.886,1786797119770.892,1786797119771.007,1786797119785.177,1786797120104.066,1786797121579.141,,,,15.370,318.889,1793.964,,,
1786797125100,209855302c9b4f2fb480f0764b1f5932,demo_position_visible,LINK_USDT,-1,-2.129358539,1.264679265,0.864679273,1.064679265,-2.129358539,0.000000000,1.000,827.000,,,,,,,,,1065.3,200,,,,,,,,1786797119769.807,1786797119770.886,1786797119770.892,1786797119771.007,1786797119785.177,1786797120104.066,1786797121579.141,1786797121579.961,,1786797125100.532,15.370,318.889,1793.964,3520.570,,5330.725
1786797131737,209855302c9b4f2fb480f0764b1f5932,demo_exit,LINK_USDT,-1,-2.129358539,1.264679265,0.864679273,1.064679265,-2.129358539,0.000000000,1.000,827.000,,,4.261200000,4.258943782,4.258943782,0.000000000,binance_target_caught,5348.133,1065.3,200,10005.297600000,0.000000000,4.001200000,4.261200000,0.260000000,0.000000000,2.259795571,1786797119769.807,1786797119770.886,1786797119770.892,1786797119771.007,1786797119785.177,1786797120104.066,1786797121579.141,1786797121579.961,,1786797125100.532,15.370,318.889,1793.964,3520.570,,5330.725
1786797133121,028c75a0c3734090ac084b8c237b31d1,crossing,LINK_USDT,1,2.130492684,1.265246338,0.865246346,1.065246338,2.130492684,0.000000000,0.000,1215.000,,,,,,,,,,,,,,,,,,1786797133121.017,,,,,,,,,,,,,,,
1786797133121,028c75a0c3734090ac084b8c237b31d1,demo_ioc_request,LINK_USDT,1,2.130492684,1.265246338,0.865246346,1.065246338,2.130492684,0.000000000,1.000,1216.000,,0.505,,,,,,,,,,,,,,,,1786797133121.017,1786797133121.453,1786797133121.454,1786797133121.522,,,,,,,,,,,,
1786797134908,028c75a0c3734090ac084b8c237b31d1,demo_ioc_response,LINK_USDT,1,2.130492684,1.265246338,0.865246346,1.065246338,2.130492684,0.000000000,1.000,1216.000,,0.505,,,,,,,,,,,,,,,,1786797133121.017,1786797133121.453,1786797133121.454,1786797133121.522,1786797133128.188,1786797133433.240,1786797134908.195,,,,7.171,305.052,1780.007,,,
1786797138212,028c75a0c3734090ac084b8c237b31d1,demo_position_visible,LINK_USDT,1,2.130492684,1.265246338,0.865246346,1.065246338,2.130492684,0.000000000,1.000,1216.000,,,,,,,,,1064.6,200,,,,,,,,1786797133121.017,1786797133121.453,1786797133121.454,1786797133121.522,1786797133128.188,1786797133433.240,1786797134908.195,1786797134909.147,,1786797138212.465,7.171,305.052,1780.007,3303.318,,5091.448
1786797194378,028c75a0c3734090ac084b8c237b31d1,demo_exit,LINK_USDT,1,2.130492684,1.265246338,0.865246346,1.065246338,2.130492684,0.000000000,1.000,1216.000,,,-1.064600000,-1.065189604,1.065189604,-2.130379207,microspread_timeout,60002.326,1064.6,200,9994.464800000,0.000000000,3.997300000,0.000000000,-3.997300000,0.000000000,-2.000000000,1786797133121.017,1786797133121.453,1786797133121.454,1786797133121.522,1786797133128.188,1786797133433.240,1786797134908.195,1786797134909.147,,1786797138212.465,7.171,305.052,1780.007,3303.318,,5091.448
1786797240744,728f258150274f11b101c893db9b57e2,crossing,LINK_USDT,-1,-2.127772762,1.263999574,0.863773188,1.063999574,-2.127772762,0.000000000,0.000,1743.000,,,,,,,,,,,,,,,,,,1786797240744.408,,,,,,,,,,,,,,,
1786797240745,728f258150274f11b101c893db9b57e2,demo_ioc_request,LINK_USDT,-1,-2.127772762,1.263999574,0.863773188,1.063999574,-2.127772762,0.000000000,4.000,1747.000,,0.983,,,,,,,,,,,,,,,,1786797240744.408,1786797240745.266,1786797240745.269,1786797240745.391,,,,,,,,,,,,
1786797241393,728f258150274f11b101c893db9b57e2,demo_ioc_response,LINK_USDT,-1,-2.127772762,1.263999574,0.863773188,1.063999574,-2.127772762,0.000000000,4.000,1747.000,,0.983,,,,,,,,,,,,,,,,1786797240744.408,1786797240745.266,1786797240745.269,1786797240745.391,1786797240758.104,1786797241082.024,1786797241393.707,,,,13.696,323.920,635.602,,,
1786797241739,728f258150274f11b101c893db9b57e2,demo_position_visible,LINK_USDT,-1,-2.127772762,1.263999574,0.863773188,1.063999574,-2.127772762,0.000000000,4.000,1747.000,,,,,,,,,1064.6,200,,,,,,,,1786797240744.408,1786797240745.266,1786797240745.269,1786797240745.391,1786797240758.104,1786797241082.024,1786797241393.707,1786797241394.740,1786797241394.745,1786797241739.996,13.696,323.920,635.602,345.256,650.336,995.587
1786797250679,728f258150274f11b101c893db9b57e2,demo_exit,LINK_USDT,-1,-2.127772762,1.263999574,0.863773188,1.063999574,-2.127772762,0.000000000,4.000,1747.000,,,-3.193800000,-3.192168546,0.000000000,-3.192168546,demo_adverse_cut,8702.211,1064.6,200,10005.110800000,2.001022160,2.001577840,-3.193800000,-7.196400000,0.000000000,-7.192806980,1786797240744.408,1786797240745.266,1786797240745.269,1786797240745.391,1786797240758.104,1786797241082.024,1786797241393.707,1786797241394.740,1786797241394.745,1786797241739.996,13.696,323.920,635.602,345.256,650.336,995.587
1786797271415,dbe54585bbcf42fcaa84a671b2ee0afd,crossing,LINK_USDT,1,2.126867664,1.263546929,0.863320735,1.063546929,2.126867664,0.000000000,24.000,591.000,,,,,,,,,,,,,,,,,,1786797271415.237,,,,,,,,,,,,,,,
1786797271415,dbe54585bbcf42fcaa84a671b2ee0afd,demo_ioc_request,LINK_USDT,1,2.126867664,1.263546929,0.863320735,1.063546929,2.126867664,0.000000000,27.000,594.000,,0.731,,,,,,,,,,,,,,,,1786797271415.237,1786797271415.868,1786797271415.871,1786797271415.968,,,,,,,,,,,,
1786797272074,dbe54585bbcf42fcaa84a671b2ee0afd,demo_ioc_response,LINK_USDT,1,2.126867664,1.263546929,0.863320735,1.063546929,2.126867664,0.000000000,27.000,594.000,,0.731,,,,,,,,,,,,,,,,1786797271415.237,1786797271415.868,1786797271415.871,1786797271415.968,1786797271431.720,1786797271760.701,1786797272074.608,,,,16.483,328.981,642.888,,,
1786797272471,dbe54585bbcf42fcaa84a671b2ee0afd,demo_position_visible,LINK_USDT,1,2.126867664,1.263546929,0.863320735,1.063546929,2.126867664,0.000000000,27.000,594.000,,,,,,,,,1062.9,200,,,,,,,,1786797271415.237,1786797271415.868,1786797271415.871,1786797271415.968,1786797271431.720,1786797271760.701,1786797272074.608,1786797272075.848,1786797272075.853,1786797272471.752,16.483,328.981,642.888,395.904,660.616,1056.515
1786797277589,dbe54585bbcf42fcaa84a671b2ee0afd,demo_exit,LINK_USDT,1,2.126867664,1.263546929,0.863320735,1.063546929,2.126867664,0.000000000,27.000,594.000,,,6.377400000,6.380942252,6.380942252,-1.063490375,binance_target_caught,4313.863,1062.9,200,9994.448700000,1.998889740,2.000110260,6.377400000,2.378400000,0.000000000,2.379666064,1786797271415.237,1786797271415.868,1786797271415.871,1786797271415.968,1786797271431.720,1786797271760.701,1786797272074.608,1786797272075.848,1786797272075.853,1786797272471.752,16.483,328.981,642.888,395.904,660.616,1056.515
1786797294520,c4a232f66b7f4f24953e07327dfe48e6,crossing,LINK_USDT,-1,-2.125059775,1.262642793,0.862416983,1.062642793,-2.125059775,0.000000000,37.000,1768.000,,,,,,,,,,,,,,,,,,1786797294520.526,,,,,,,,,,,,,,,
1786797294521,c4a232f66b7f4f24953e07327dfe48e6,demo_ioc_request,LINK_USDT,-1,-2.125059775,1.262642793,0.862416983,1.062642793,-2.125059775,0.000000000,38.000,1769.000,,1.015,,,,,,,,,,,,,,,,1786797294520.526,1786797294521.422,1786797294521.425,1786797294521.541,,,,,,,,,,,,
1786797295201,c4a232f66b7f4f24953e07327dfe48e6,demo_ioc_response,LINK_USDT,-1,-2.125059775,1.262642793,0.862416983,1.062642793,-2.125059775,0.000000000,38.000,1769.000,,1.015,,,,,,,,,,,,,,,,1786797294520.526,1786797294521.422,1786797294521.425,1786797294521.541,1786797294537.944,1786797294889.201,1786797295201.247,,,,17.418,351.257,663.303,,,
1786797295537,c4a232f66b7f4f24953e07327dfe48e6,demo_position_visible,LINK_USDT,-1,-2.125059775,1.262642793,0.862416983,1.062642793,-2.125059775,0.000000000,38.000,1769.000,,,,,,,,,1063.2,200,,,,,,,,1786797294520.526,1786797294521.422,1786797294521.425,1786797294521.541,1786797294537.944,1786797294889.201,1786797295201.247,1786797295202.326,1786797295202.331,1786797295537.502,17.418,351.257,663.303,335.176,681.805,1016.976
1786797303864,c4a232f66b7f4f24953e07327dfe48e6,demo_exit,LINK_USDT,-1,-2.125059775,1.262642793,0.862416983,1.062642793,-2.125059775,0.000000000,38.000,1769.000,,,2.126400000,2.125398512,2.125398512,-1.062699256,binance_target_caught,8088.126,1063.2,200,10004.712000000,2.000942400,2.000457600,2.126400000,-1.875000000,0.000000000,-1.874176408,1786797294520.526,1786797294521.422,1786797294521.425,1786797294521.541,1786797294537.944,1786797294889.201,1786797295201.247,1786797295202.326,1786797295202.331,1786797295537.502,17.418,351.257,663.303,335.176,681.805,1016.976
1786797389156,90954ecdfbb04ce393556e28e1b21dc6,crossing,LINK_USDT,1,1.592483481,1.261740192,0.330743289,1.061740192,1.592483481,0.000000000,0.000,925.000,,,,,,,,,,,,,,,,,,1786797389156.875,,,,,,,,,,,,,,,
1786797389157,90954ecdfbb04ce393556e28e1b21dc6,demo_ioc_request,LINK_USDT,1,1.592483481,1.261740192,0.330743289,1.061740192,1.592483481,0.000000000,1.000,926.000,,0.885,,,,,,,,,,,,,,,,1786797389156.875,1786797389157.684,1786797389157.687,1786797389157.760,,,,,,,,,,,,
1786797391010,90954ecdfbb04ce393556e28e1b21dc6,demo_ioc_response,LINK_USDT,1,1.592483481,1.261740192,0.330743289,1.061740192,1.592483481,0.000000000,1.000,926.000,,0.885,,,,,,,,,,,,,,,,1786797389156.875,1786797389157.684,1786797389157.687,1786797389157.760,1786797389175.017,1786797389521.369,1786797391010.254,,,,18.143,346.351,1835.237,,,
1786797396301,90954ecdfbb04ce393556e28e1b21dc6,rejected,LINK_USDT,1,1.592483481,1.261740192,0.330743289,1.061740192,1.592483481,0.000000000,1.000,926.000,demo_ioc_unfilled_or_pending,0.885,,,,,,,,,,,,,,,,1786797389156.875,1786797389157.684,1786797389157.687,1786797389157.760,1786797389175.017,1786797389521.369,1786797391010.254,1786797391011.386,,,18.143,346.351,1835.237,,,
1786797436585,0d65021467194e048c787a90dd7c0ab4,crossing,LINK_USDT,-1,-2.120328659,1.260501617,0.859827042,1.060501617,-2.120328659,0.000000000,0.000,1071.000,,,,,,,,,,,,,,,,,,1786797436585.655,,,,,,,,,,,,,,,
1786797436586,0d65021467194e048c787a90dd7c0ab4,demo_ioc_request,LINK_USDT,-1,-2.120328659,1.260501617,0.859827042,1.060501617,-2.120328659,0.000000000,1.000,1072.000,,0.753,,,,,,,,,,,,,,,,1786797436585.655,1786797436586.313,1786797436586.315,1786797436586.408,,,,,,,,,,,,
1786797438275,0d65021467194e048c787a90dd7c0ab4,demo_ioc_response,LINK_USDT,-1,-2.120328659,1.260501617,0.859827042,1.060501617,-2.120328659,0.000000000,1.000,1072.000,,0.753,,,,,,,,,,,,,,,,1786797436585.655,1786797436586.313,1786797436586.315,1786797436586.408,1786797436600.274,1786797436906.350,1786797438275.334,,,,14.619,306.076,1675.060,,,
1786797443613,0d65021467194e048c787a90dd7c0ab4,rejected,LINK_USDT,-1,-2.120328659,1.260501617,0.859827042,1.060501617,-2.120328659,0.000000000,1.000,1072.000,demo_ioc_unfilled_or_pending,0.753,,,,,,,,,,,,,,,,1786797436585.655,1786797436586.313,1786797436586.315,1786797436586.408,1786797436600.274,1786797436906.350,1786797438275.334,1786797438276.285,,,14.619,306.076,1675.060,,,
1786797485355,6cbd581e7a3945f19a11f1080f1a9623,crossing,LINK_USDT,1,2.121678255,1.260951674,0.860726582,1.060951674,2.121678255,0.000000000,0.000,1510.000,,,,,,,,,,,,,,,,,,1786797485355.365,,,,,,,,,,,,,,,
1786797485356,6cbd581e7a3945f19a11f1080f1a9623,demo_ioc_request,LINK_USDT,1,2.121678255,1.260951674,0.860726582,1.060951674,2.121678255,0.000000000,3.000,1513.000,,0.783,,,,,,,,,,,,,,,,1786797485355.365,1786797485356.070,1786797485356.072,1786797485356.148,,,,,,,,,,,,
1786797486091,6cbd581e7a3945f19a11f1080f1a9623,demo_ioc_response,LINK_USDT,1,2.121678255,1.260951674,0.860726582,1.060951674,2.121678255,0.000000000,3.000,1513.000,,0.783,,,,,,,,,,,,,,,,1786797485355.365,1786797485356.070,1786797485356.072,1786797485356.148,1786797485368.359,1786797485740.346,1786797486091.805,,,,12.994,371.987,723.446,,,
1786797486457,6cbd581e7a3945f19a11f1080f1a9623,demo_position_visible,LINK_USDT,1,2.121678255,1.260951674,0.860726582,1.060951674,2.121678255,0.000000000,3.000,1513.000,,,,,,,,,1060.3,200,,,,,,,,1786797485355.365,1786797485356.070,1786797485356.072,1786797485356.148,1786797485368.359,1786797485740.346,1786797486091.805,1786797486092.709,1786797486092.715,1786797486457.698,12.994,371.987,723.446,364.989,737.349,1102.333
1786797489354,6cbd581e7a3945f19a11f1080f1a9623,demo_exit,LINK_USDT,1,2.121678255,1.260951674,0.860726582,1.060951674,2.121678255,0.000000000,3.000,1513.000,,,3.180900000,3.182686187,3.182686187,-1.060895396,binance_target_caught,2750.758,1060.3,200,9994.387800000,1.998877560,1.999422440,3.180900000,-0.817400000,0.000000000,-0.817950350,1786797485355.365,1786797485356.070,1786797485356.072,1786797485356.148,1786797485368.359,1786797485740.346,1786797486091.805,1786797486092.709,1786797486092.715,1786797486457.698,12.994,371.987,723.446,364.989,737.349,1102.333
1786797490011,5e22bcea09d240b28644b01e4f9b7228,crossing,LINK_USDT,-1,-1.590710255,1.260501617,0.330208638,1.060501617,-1.590710255,0.000000000,0.000,1202.000,,,,,,,,,,,,,,,,,,1786797490011.671,,,,,,,,,,,,,,,
1786797490012,5e22bcea09d240b28644b01e4f9b7228,demo_ioc_request,LINK_USDT,-1,-1.590710255,1.260501617,0.330208638,1.060501617,-1.590710255,0.000000000,1.000,1203.000,,0.954,,,,,,,,,,,,,,,,1786797490011.671,1786797490012.526,1786797490012.529,1786797490012.625,,,,,,,,,,,,
1786797490694,5e22bcea09d240b28644b01e4f9b7228,demo_ioc_response,LINK_USDT,-1,-1.590710255,1.260501617,0.330208638,1.060501617,-1.590710255,0.000000000,1.000,1203.000,,0.954,,,,,,,,,,,,,,,,1786797490011.671,1786797490012.526,1786797490012.529,1786797490012.625,1786797490022.509,1786797490375.920,1786797490694.956,,,,10.838,353.412,672.447,,,
1786797496203,5e22bcea09d240b28644b01e4f9b7228,rejected,LINK_USDT,-1,-1.590710255,1.260501617,0.330208638,1.060501617,-1.590710255,0.000000000,1.000,1203.000,demo_ioc_unfilled_or_pending,0.954,,,,,,,,,,,,,,,,1786797490011.671,1786797490012.526,1786797490012.529,1786797490012.625,1786797490022.509,1786797490375.920,1786797490694.956,1786797490696.395,,,10.838,353.412,672.447,,,
1786797505734,8c098121ef99471883c0edb2de198d51,crossing,LINK_USDT,1,2.120103893,1.260051943,0.860051950,1.060051943,2.120103893,0.000000000,0.000,898.000,,,,,,,,,,,,,,,,,,1786797505734.128,,,,,,,,,,,,,,,
1786797505735,8c098121ef99471883c0edb2de198d51,demo_ioc_request,LINK_USDT,1,2.120103893,1.260051943,0.860051950,1.060051943,2.120103893,0.000000000,2.000,900.000,,1.113,,,,,,,,,,,,,,,,1786797505734.128,1786797505735.136,1786797505735.139,1786797505735.241,,,,,,,,,,,,
1786797506372,8c098121ef99471883c0edb2de198d51,demo_ioc_response,LINK_USDT,1,2.120103893,1.260051943,0.860051950,1.060051943,2.120103893,0.000000000,2.000,900.000,,1.113,,,,,,,,,,,,,,,,1786797505734.128,1786797505735.136,1786797505735.139,1786797505735.241,1786797505750.593,1786797506070.313,1786797506372.896,,,,16.464,319.720,622.304,,,
1786797511968,8c098121ef99471883c0edb2de198d51,rejected,LINK_USDT,1,2.120103893,1.260051943,0.860051950,1.060051943,2.120103893,0.000000000,2.000,900.000,demo_ioc_unfilled_or_pending,1.113,,,,,,,,,,,,,,,,1786797505734.128,1786797505735.136,1786797505735.139,1786797505735.241,1786797505750.593,1786797506070.313,1786797506372.896,1786797506373.708,,,16.464,319.720,622.304,,,
1786797520324,64ea4b37f6304abbb63d773c3235adb3,crossing,LINK_USDT,-1,-2.651043201,1.260164325,1.390878876,1.060164325,-2.651043201,0.000000000,1.000,284.000,,,,,,,,,,,,,,,,,,1786797520324.214,,,,,,,,,,,,,,,
1786797520327,64ea4b37f6304abbb63d773c3235adb3,demo_ioc_request,LINK_USDT,-1,-2.651043201,1.260164325,1.390878876,1.060164325,-2.651043201,0.000000000,5.000,288.000,,3.161,,,,,,,,,,,,,,,,1786797520324.214,1786797520327.062,1786797520327.071,1786797520327.375,,,,,,,,,,,,
1786797520954,64ea4b37f6304abbb63d773c3235adb3,demo_ioc_response,LINK_USDT,-1,-2.651043201,1.260164325,1.390878876,1.060164325,-2.651043201,0.000000000,5.000,288.000,,3.161,,,,,,,,,,,,,,,,1786797520324.214,1786797520327.062,1786797520327.071,1786797520327.375,1786797520345.834,1786797520645.767,1786797520954.827,,,,21.620,299.933,608.993,,,
1786797526292,64ea4b37f6304abbb63d773c3235adb3,rejected,LINK_USDT,-1,-2.651043201,1.260164325,1.390878876,1.060164325,-2.651043201,0.000000000,5.000,288.000,demo_ioc_unfilled_or_pending,3.161,,,,,,,,,,,,,,,,1786797520324.214,1786797520327.062,1786797520327.071,1786797520327.375,1786797520345.834,1786797520645.767,1786797520954.827,1786797520955.741,,,21.620,299.933,608.993,,,
1786797599109,3c30c724e96042e497f4cb83435d3e8f,crossing,XRP_USDT,-1,-1.996506121,1.198153416,0.798352705,0.998153416,-1.996506121,0.000000000,1.000,112.000,,,,,,,,,,,,,,,,,,1786797599109.302,,,,,,,,,,,,,,,
1786797599110,3c30c724e96042e497f4cb83435d3e8f,demo_ioc_request,XRP_USDT,-1,-1.996506121,1.198153416,0.798352705,0.998153416,-1.996506121,0.000000000,2.000,113.000,,1.580,,,,,,,,,,,,,,,,1786797599109.302,1786797599110.736,1786797599110.740,1786797599110.881,,,,,,,,,,,,
1786797599775,3c30c724e96042e497f4cb83435d3e8f,demo_ioc_response,XRP_USDT,-1,-1.996506121,1.198153416,0.798352705,0.998153416,-1.996506121,0.000000000,2.000,113.000,,1.580,,,,,,,,,,,,,,,,1786797599109.302,1786797599110.736,1786797599110.740,1786797599110.881,1786797599123.531,1786797599468.457,1786797599775.455,,,,14.229,344.927,651.925,,,
1786797600818,3c30c724e96042e497f4cb83435d3e8f,demo_position_visible,XRP_USDT,-1,-1.996506121,1.198153416,0.798352705,0.998153416,-1.996506121,0.000000000,2.000,113.000,,,,,,,,,9988,200,,,,,,,,1786797599109.302,1786797599110.736,1786797599110.740,1786797599110.881,1786797599123.531,1786797599468.457,1786797599775.455,1786797599776.756,1786797599776.764,1786797600818.697,14.229,344.927,651.925,1041.941,667.462,1709.395
1786797604356,3c30c724e96042e497f4cb83435d3e8f,demo_exit,XRP_USDT,-1,-1.996506121,1.198153416,0.798352705,0.998153416,-1.996506121,0.000000000,2.000,113.000,,,1.997600000,1.996406468,1.996406468,-0.998203234,binance_target_caught,3889.197,9988,200,10005.978400000,2.001195680,2.000704320,1.997600000,-2.004300000,0.000000000,-2.003194250,1786797599109.302,1786797599110.736,1786797599110.740,1786797599110.881,1786797599123.531,1786797599468.457,1786797599775.455,1786797599776.756,1786797599776.764,1786797600818.697,14.229,344.927,651.925,1041.941,667.462,1709.395
1786797625992,737f7a5557cd41e8af3c84b02d0a570b,crossing,LINK_USDT,1,5.307855751,1.261852933,4.046002818,1.061852933,5.307855751,0.000000000,0.000,29.000,,,,,,,,,,,,,,,,,,1786797625992.938,,,,,,,,,,,,,,,
1786797625993,737f7a5557cd41e8af3c84b02d0a570b,demo_ioc_request,LINK_USDT,1,5.307855751,1.261852933,4.046002818,1.061852933,5.307855751,0.000000000,1.000,30.000,,0.906,,,,,,,,,,,,,,,,1786797625992.938,1786797625993.727,1786797625993.730,1786797625993.844,,,,,,,,,,,,
1786797626678,737f7a5557cd41e8af3c84b02d0a570b,demo_ioc_response,LINK_USDT,1,5.307855751,1.261852933,4.046002818,1.061852933,5.307855751,0.000000000,1.000,30.000,,0.906,,,,,,,,,,,,,,,,1786797625992.938,1786797625993.727,1786797625993.730,1786797625993.844,1786797626009.427,1786797626342.575,1786797626678.587,,,,16.489,333.148,669.161,,,
1786797626987,737f7a5557cd41e8af3c84b02d0a570b,demo_position_visible,LINK_USDT,1,5.307855751,1.261852933,4.046002818,1.061852933,5.307855751,0.000000000,1.000,30.000,,,,,,,,,1061.2,200,,,,,,,,1786797625992.938,1786797625993.727,1786797625993.730,1786797625993.844,1786797626009.427,1786797626342.575,1786797626678.587,1786797626679.441,1786797626679.445,1786797626987.732,16.489,333.148,669.161,308.291,686.507,994.795
1786797632525,737f7a5557cd41e8af3c84b02d0a570b,demo_exit,LINK_USDT,1,5.307855751,1.261852933,4.046002818,1.061852933,5.307855751,0.000000000,1.000,30.000,,,8.489600000,8.494372478,8.494372478,-1.061796560,binance_target_caught,5291.220,1061.2,200,9994.381600000,1.998876320,2.000523680,8.489600000,4.490200000,0.000000000,4.492673604,1786797625992.938,1786797625993.727,1786797625993.730,1786797625993.844,1786797626009.427,1786797626342.575,1786797626678.587,1786797626679.441,1786797626679.445,1786797626987.732,16.489,333.148,669.161,308.291,686.507,994.795
1786797719942,e445968e115e44f2b570c53d649950a1,crossing,LINK_USDT,-1,-2.119429881,1.259602649,0.859827232,1.059602649,-2.119429881,0.000000000,0.000,462.000,,,,,,,,,,,,,,,,,,1786797719942.397,,,,,,,,,,,,,,,
1786797719943,e445968e115e44f2b570c53d649950a1,demo_ioc_request,LINK_USDT,-1,-2.119429881,1.259602649,0.859827232,1.059602649,-2.119429881,0.000000000,1.000,463.000,,1.402,,,,,,,,,,,,,,,,1786797719942.397,1786797719943.633,1786797719943.638,1786797719943.799,,,,,,,,,,,,
1786797721762,e445968e115e44f2b570c53d649950a1,demo_ioc_response,LINK_USDT,-1,-2.119429881,1.259602649,0.859827232,1.059602649,-2.119429881,0.000000000,1.000,463.000,,1.402,,,,,,,,,,,,,,,,1786797719942.397,1786797719943.633,1786797719943.638,1786797719943.799,1786797719958.683,1786797720276.765,1786797721762.589,,,,16.287,318.082,1803.906,,,
1786797727093,e445968e115e44f2b570c53d649950a1,rejected,LINK_USDT,-1,-2.119429881,1.259602649,0.859827232,1.059602649,-2.119429881,0.000000000,1.000,463.000,demo_ioc_unfilled_or_pending,1.402,,,,,,,,,,,,,,,,1786797719942.397,1786797719943.633,1786797719943.638,1786797719943.799,1786797719958.683,1786797720276.765,1786797721762.589,1786797721763.371,,,16.287,318.082,1803.906,,,
1786797731507,7df46c58c3e042c195bdf0eabf003b8a,crossing,LINK_USDT,1,2.119205306,1.260051943,0.859153363,1.060051943,2.119205306,0.000000000,2.000,0.000,,,,,,,,,,,,,,,,,,1786797731507.020,,,,,,,,,,,,,,,
1786797731507,7df46c58c3e042c195bdf0eabf003b8a,demo_ioc_request,LINK_USDT,1,2.119205306,1.260051943,0.859153363,1.060051943,2.119205306,0.000000000,3.000,1.000,,0.617,,,,,,,,,,,,,,,,1786797731507.020,1786797731507.561,1786797731507.564,1786797731507.636,,,,,,,,,,,,
1786797732543,7df46c58c3e042c195bdf0eabf003b8a,demo_ioc_response,LINK_USDT,1,2.119205306,1.260051943,0.859153363,1.060051943,2.119205306,0.000000000,3.000,1.000,,0.617,,,,,,,,,,,,,,,,1786797731507.020,1786797731507.561,1786797731507.564,1786797731507.636,1786797731515.272,1786797731855.514,1786797732543.853,,,,8.253,340.242,1028.580,,,
1786797732856,7df46c58c3e042c195bdf0eabf003b8a,demo_position_visible,LINK_USDT,1,2.119205306,1.260051943,0.859153363,1.060051943,2.119205306,0.000000000,3.000,1.000,,,,,,,,,1059.4,200,,,,,,,,1786797731507.020,1786797731507.561,1786797731507.564,1786797731507.636,1786797731515.272,1786797731855.514,1786797732543.853,1786797732544.879,1786797732544.884,1786797732856.217,8.253,340.242,1028.580,311.338,1037.865,1349.197
1786797738314,7df46c58c3e042c195bdf0eabf003b8a,demo_exit,LINK_USDT,1,2.119205306,1.260051943,0.859153363,1.060051943,2.119205306,0.000000000,3.000,1.000,,,4.237600000,4.239983040,4.239983040,0.000000000,binance_target_caught,1348.573,1059.4,200,9994.379600000,1.998875920,1.999624080,4.237600000,0.239100000,0.000000000,0.239135043,1786797731507.020,1786797731507.561,1786797731507.564,1786797731507.636,1786797731515.272,1786797731855.514,1786797732543.853,1786797732544.879,1786797732544.884,1786797732856.217,8.253,340.242,1028.580,311.338,1037.865,1349.197
1786797740699,c78eb8136d9c478f8abcbfa9db106916,crossing,LINK_USDT,-1,-2.117634610,1.258929422,0.858705188,1.058929422,-2.117634610,0.000000000,0.000,1256.000,,,,,,,,,,,,,,,,,,1786797740699.830,,,,,,,,,,,,,,,
1786797740700,c78eb8136d9c478f8abcbfa9db106916,demo_ioc_request,LINK_USDT,-1,-2.117634610,1.258929422,0.858705188,1.058929422,-2.117634610,0.000000000,1.000,1257.000,,0.812,,,,,,,,,,,,,,,,1786797740699.830,1786797740700.537,1786797740700.540,1786797740700.641,,,,,,,,,,,,
1786797742537,c78eb8136d9c478f8abcbfa9db106916,demo_ioc_response,LINK_USDT,-1,-2.117634610,1.258929422,0.858705188,1.058929422,-2.117634610,0.000000000,1.000,1257.000,,0.812,,,,,,,,,,,,,,,,1786797740699.830,1786797740700.537,1786797740700.540,1786797740700.641,1786797740713.779,1786797741090.542,1786797742537.691,,,,13.950,376.762,1823.912,,,
1786797747988,c78eb8136d9c478f8abcbfa9db106916,rejected,LINK_USDT,-1,-2.117634610,1.258929422,0.858705188,1.058929422,-2.117634610,0.000000000,1.000,1257.000,demo_ioc_unfilled_or_pending,0.812,,,,,,,,,,,,,,,,1786797740699.830,1786797740700.537,1786797740700.540,1786797740700.641,1786797740713.779,1786797741090.542,1786797742537.691,1786797742539.113,,,13.950,376.762,1823.912,,,
1786797843712,7e5722bc062d49099ba31c3e2c0baeba,crossing,LINK_USDT,1,2.120103893,1.260164325,0.859939568,1.060164325,2.120103893,0.000000000,0.000,179.000,,,,,,,,,,,,,,,,,,1786797843712.009,,,,,,,,,,,,,,,
1786797843712,7e5722bc062d49099ba31c3e2c0baeba,demo_ioc_request,LINK_USDT,1,2.120103893,1.260164325,0.859939568,1.060164325,2.120103893,0.000000000,1.000,180.000,,0.791,,,,,,,,,,,,,,,,1786797843712.009,1786797843712.711,1786797843712.713,1786797843712.799,,,,,,,,,,,,
1786797844343,7e5722bc062d49099ba31c3e2c0baeba,demo_ioc_response,LINK_USDT,1,2.120103893,1.260164325,0.859939568,1.060164325,2.120103893,0.000000000,1.000,180.000,,0.791,,,,,,,,,,,,,,,,1786797843712.009,1786797843712.711,1786797843712.713,1786797843712.799,1786797843729.296,1786797844068.248,1786797844343.487,,,,17.287,338.952,614.191,,,
1786797844707,7e5722bc062d49099ba31c3e2c0baeba,demo_position_visible,LINK_USDT,1,2.120103893,1.260164325,0.859939568,1.060164325,2.120103893,0.000000000,1.000,180.000,,,,,,,,,1059.5,200,,,,,,,,1786797843712.009,1786797843712.711,1786797843712.713,1786797843712.799,1786797843729.296,1786797844068.248,1786797844343.487,1786797844344.708,1786797844344.715,1786797844707.641,17.287,338.952,614.191,362.933,632.707,995.633
1786797849926,7e5722bc062d49099ba31c3e2c0baeba,demo_exit,LINK_USDT,1,2.120103893,1.260164325,0.859939568,1.060164325,2.120103893,0.000000000,1.000,180.000,,,4.238000000,4.240432524,4.240432524,-1.060108131,binance_target_caught,4994.053,1059.5,200,9994.263500000,1.998852700,1.999647300,4.238000000,0.239500000,0.000000000,0.239584438,1786797843712.009,1786797843712.711,1786797843712.713,1786797843712.799,1786797843729.296,1786797844068.248,1786797844343.487,1786797844344.708,1786797844344.715,1786797844707.641,17.287,338.952,614.191,362.933,632.707,995.633
1786797881173,7c762f6ca7864f2ca90a583d5d0acb32,crossing,LINK_USDT,-1,-2.119429881,1.259827248,0.859602633,1.059827248,-2.119429881,0.000000000,0.000,468.000,,,,,,,,,,,,,,,,,,1786797881173.807,,,,,,,,,,,,,,,
1786797881174,7c762f6ca7864f2ca90a583d5d0acb32,demo_ioc_request,LINK_USDT,-1,-2.119429881,1.259827248,0.859602633,1.059827248,-2.119429881,0.000000000,1.000,469.000,,0.948,,,,,,,,,,,,,,,,1786797881173.807,1786797881174.643,1786797881174.646,1786797881174.755,,,,,,,,,,,,
1786797881801,7c762f6ca7864f2ca90a583d5d0acb32,demo_ioc_response,LINK_USDT,-1,-2.119429881,1.259827248,0.859602633,1.059827248,-2.119429881,0.000000000,1.000,469.000,,0.948,,,,,,,,,,,,,,,,1786797881173.807,1786797881174.643,1786797881174.646,1786797881174.755,1786797881185.294,1786797881507.670,1786797881801.600,,,,11.487,322.376,616.306,,,
1786797887245,7c762f6ca7864f2ca90a583d5d0acb32,rejected,LINK_USDT,-1,-2.119429881,1.259827248,0.859602633,1.059827248,-2.119429881,0.000000000,1.000,469.000,demo_ioc_unfilled_or_pending,0.948,,,,,,,,,,,,,,,,1786797881173.807,1786797881174.643,1786797881174.646,1786797881174.755,1786797881185.294,1786797881507.670,1786797881801.600,1786797881802.745,,,11.487,322.376,616.306,,,
1786797975513,ec8bd7bc564a4e298e8a6639b7ef747c,crossing,LINK_USDT,1,4.239309056,1.260276732,2.979032324,1.060276732,4.239309056,0.000000000,0.000,249.000,,,,,,,,,,,,,,,,,,1786797975513.151,,,,,,,,,,,,,,,
1786797975515,ec8bd7bc564a4e298e8a6639b7ef747c,demo_ioc_request,LINK_USDT,1,4.239309056,1.260276732,2.979032324,1.060276732,4.239309056,0.000000000,3.000,252.000,,2.461,,,,,,,,,,,,,,,,1786797975513.151,1786797975515.375,1786797975515.382,1786797975515.612,,,,,,,,,,,,
1786797976561,ec8bd7bc564a4e298e8a6639b7ef747c,demo_ioc_response,LINK_USDT,1,4.239309056,1.260276732,2.979032324,1.060276732,4.239309056,0.000000000,3.000,252.000,,2.461,,,,,,,,,,,,,,,,1786797975513.151,1786797975515.375,1786797975515.382,1786797975515.612,1786797975533.880,1786797975884.839,1786797976561.860,,,,20.729,350.959,1027.980,,,
1786797977218,ec8bd7bc564a4e298e8a6639b7ef747c,demo_position_visible,LINK_USDT,1,4.239309056,1.260276732,2.979032324,1.060276732,4.239309056,0.000000000,3.000,252.000,,,,,,,,,1059.6,200,,,,,,,,1786797975513.151,1786797975515.375,1786797975515.382,1786797975515.612,1786797975533.880,1786797975884.839,1786797976561.860,1786797976562.586,1786797976562.589,1786797977218.833,20.729,350.959,1027.980,656.248,1049.438,1705.683
1786797982464,ec8bd7bc564a4e298e8a6639b7ef747c,demo_exit,LINK_USDT,1,4.239309056,1.260276732,2.979032324,1.060276732,4.239309056,0.000000000,3.000,252.000,,,7.417200000,7.421543681,7.421543681,0.000000000,binance_target_caught,1063.516,1059.6,200,9994.147200000,1.998829440,2.000270560,7.417200000,3.418100000,0.000000000,3.420059372,1786797975513.151,1786797975515.375,1786797975515.382,1786797975515.612,1786797975533.880,1786797975884.839,1786797976561.860,1786797976562.586,1786797976562.589,1786797977218.833,20.729,350.959,1027.980,656.248,1049.438,1705.683
1786797988908,423f0cce443444ecab8d99738e4af795,crossing,LINK_USDT,-1,-2.117186267,1.258929422,0.858256845,1.058929422,-2.117186267,0.000000000,0.000,13.000,,,,,,,,,,,,,,,,,,1786797988908.132,,,,,,,,,,,,,,,
1786797989776,aeca801fa68e404e88472449053d8657,crossing,LINK_USDT,1,2.117186267,1.259041567,0.858144700,1.059041567,2.117186267,0.000000000,0.000,175.000,,,,,,,,,,,,,,,,,,1786797989776.694,,,,,,,,,,,,,,,
1786797989778,aeca801fa68e404e88472449053d8657,demo_ioc_request,LINK_USDT,1,2.117186267,1.259041567,0.858144700,1.059041567,2.117186267,0.000000000,6.000,181.000,,1.563,,,,,,,,,,,,,,,,1786797989776.694,1786797989778.123,1786797989778.127,1786797989778.257,,,,,,,,,,,,
1786797990373,aeca801fa68e404e88472449053d8657,demo_ioc_response,LINK_USDT,1,2.117186267,1.259041567,0.858144700,1.059041567,2.117186267,0.000000000,6.000,181.000,,1.563,,,,,,,,,,,,,,,,1786797989776.694,1786797989778.123,1786797989778.127,1786797989778.257,1786797989794.784,1786797990094.684,1786797990373.917,,,,18.090,299.900,579.133,,,
1786797990707,aeca801fa68e404e88472449053d8657,demo_position_visible,LINK_USDT,1,2.117186267,1.259041567,0.858144700,1.059041567,2.117186267,0.000000000,6.000,181.000,,,,,,,,,1058.4,200,,,,,,,,1786797989776.694,1786797989778.123,1786797989778.127,1786797989778.257,1786797989794.784,1786797990094.684,1786797990373.917,1786797990375.418,1786797990375.425,1786797990707.973,18.090,299.900,579.133,332.555,598.731,931.279
1786797996431,aeca801fa68e404e88472449053d8657,demo_exit,LINK_USDT,1,2.117186267,1.259041567,0.858144700,1.059041567,2.117186267,0.000000000,6.000,181.000,,,3.175200000,3.176956476,3.176956476,-1.058985492,binance_target_caught,5424.542,1058.4,200,9994.471200000,1.998894240,1.999505760,3.175200000,-0.823200000,0.000000000,-0.823678916,1786797989776.694,1786797989778.123,1786797989778.127,1786797989778.257,1786797989794.784,1786797990094.684,1786797990373.917,1786797990375.418,1786797990375.425,1786797990707.973,18.090,299.900,579.133,332.555,598.731,931.279
1786797998976,eb62acff78574931bfbaf8a705cdaad7,crossing,LINK_USDT,-1,-1.588183915,1.258705204,0.329478711,1.058705204,-1.588183915,0.000000000,0.000,1420.000,,,,,,,,,,,,,,,,,,1786797998976.373,,,,,,,,,,,,,,,
1786797998977,eb62acff78574931bfbaf8a705cdaad7,demo_ioc_request,LINK_USDT,-1,-1.588183915,1.258705204,0.329478711,1.058705204,-1.588183915,0.000000000,1.000,1421.000,,1.173,,,,,,,,,,,,,,,,1786797998976.373,1786797998977.416,1786797998977.419,1786797998977.545,,,,,,,,,,,,
1786797999667,eb62acff78574931bfbaf8a705cdaad7,demo_ioc_response,LINK_USDT,-1,-1.588183915,1.258705204,0.329478711,1.058705204,-1.588183915,0.000000000,1.000,1421.000,,1.173,,,,,,,,,,,,,,,,1786797998976.373,1786797998977.416,1786797998977.419,1786797998977.545,1786797998990.689,1786797999333.583,1786797999667.212,,,,14.316,342.894,676.524,,,
1786798005349,eb62acff78574931bfbaf8a705cdaad7,rejected,LINK_USDT,-1,-1.588183915,1.258705204,0.329478711,1.058705204,-1.588183915,0.000000000,1.000,1421.000,demo_ioc_unfilled_or_pending,1.173,,,,,,,,,,,,,,,,1786797998976.373,1786797998977.416,1786797998977.419,1786797998977.545,1786797998990.689,1786797999333.583,1786797999667.212,1786797999668.265,,,14.316,342.894,676.524,,,
1786798013860,eaa3cb891612428d9c618b6909023e86,crossing,LINK_USDT,1,2.118307480,1.259265929,0.859041552,1.059265929,2.118307480,0.000000000,0.000,262.000,,,,,,,,,,,,,,,,,,1786798013860.859,,,,,,,,,,,,,,,
1786798013861,eaa3cb891612428d9c618b6909023e86,demo_ioc_request,LINK_USDT,1,2.118307480,1.259265929,0.859041552,1.059265929,2.118307480,0.000000000,4.000,266.000,,1.009,,,,,,,,,,,,,,,,1786798013860.859,1786798013861.771,1786798013861.775,1786798013861.868,,,,,,,,,,,,
1786798014516,eaa3cb891612428d9c618b6909023e86,demo_ioc_response,LINK_USDT,1,2.118307480,1.259265929,0.859041552,1.059265929,2.118307480,0.000000000,4.000,266.000,,1.009,,,,,,,,,,,,,,,,1786798013860.859,1786798013861.771,1786798013861.775,1786798013861.868,1786798013878.115,1786798014237.738,1786798014516.395,,,,17.256,359.623,638.280,,,
1786798015628,eaa3cb891612428d9c618b6909023e86,demo_position_visible,LINK_USDT,1,2.118307480,1.259265929,0.859041552,1.059265929,2.118307480,0.000000000,4.000,266.000,,,,,,,,,1058.6,200,,,,,,,,1786798013860.859,1786798013861.771,1786798013861.775,1786798013861.868,1786798013878.115,1786798014237.738,1786798014516.395,1786798014517.598,1786798014517.603,1786798015628.503,17.256,359.623,638.280,1110.906,656.744,1767.644
1786798019655,eaa3cb891612428d9c618b6909023e86,demo_exit,LINK_USDT,1,2.118307480,1.259265929,0.859041552,1.059265929,2.118307480,0.000000000,4.000,266.000,,,3.175800000,3.177629488,3.177629488,-1.059209829,binance_target_caught,4538.431,1058.6,200,9994.242600000,1.998848520,1.999451480,3.175800000,-0.822500000,0.000000000,-0.823006037,1786798013860.859,1786798013861.771,1786798013861.775,1786798013861.868,1786798013878.115,1786798014237.738,1786798014516.395,1786798014517.598,1786798014517.603,1786798015628.503,17.256,359.623,638.280,1110.906,656.744,1767.644
1786798021453,63c24a03c85d480c99f99a079de6c2e5,crossing,LINK_USDT,-1,-2.117858853,1.258817301,0.859041552,1.058817301,-2.117858853,0.000000000,0.000,1833.000,,,,,,,,,,,,,,,,,,1786798021453.996,,,,,,,,,,,,,,,
1786798021454,63c24a03c85d480c99f99a079de6c2e5,demo_ioc_request,LINK_USDT,-1,-2.117858853,1.258817301,0.859041552,1.058817301,-2.117858853,0.000000000,1.000,1834.000,,0.760,,,,,,,,,,,,,,,,1786798021453.996,1786798021454.661,1786798021454.664,1786798021454.756,,,,,,,,,,,,
1786798022093,63c24a03c85d480c99f99a079de6c2e5,demo_ioc_response,LINK_USDT,-1,-2.117858853,1.258817301,0.859041552,1.058817301,-2.117858853,0.000000000,1.000,1834.000,,0.760,,,,,,,,,,,,,,,,1786798021453.996,1786798021454.661,1786798021454.664,1786798021454.756,1786798021474.878,1786798021811.502,1786798022093.122,,,,20.882,336.624,618.244,,,
1786798022479,63c24a03c85d480c99f99a079de6c2e5,demo_position_visible,LINK_USDT,-1,-2.117858853,1.258817301,0.859041552,1.058817301,-2.117858853,0.000000000,1.000,1834.000,,,,,,,,,1059.4,200,,,,,,,,1786798021453.996,1786798021454.661,1786798021454.664,1786798021454.756,1786798021474.878,1786798021811.502,1786798022093.122,1786798022094.123,1786798022094.129,1786798022479.166,20.882,336.624,618.244,385.043,640.133,1025.170
1786798025028,63c24a03c85d480c99f99a079de6c2e5,demo_exit,LINK_USDT,-1,-2.117858853,1.258817301,0.859041552,1.058817301,-2.117858853,0.000000000,1.000,1834.000,,,7.415800000,7.412113511,7.412113511,-1.058873359,binance_target_caught,2361.655,1059.4,200,10004.973600000,2.000994720,1.999505280,7.415800000,3.415300000,0.000000000,3.413595934,1786798021453.996,1786798021454.661,1786798021454.664,1786798021454.756,1786798021474.878,1786798021811.502,1786798022093.122,1786798022094.123,1786798022094.129,1786798022479.166,20.882,336.624,618.244,385.043,640.133,1025.170
1786798030887,ece160ba42644b489ae080d293f4871f,crossing,LINK_USDT,1,2.118083143,1.259714937,0.858368206,1.059714937,2.118083143,0.000000000,0.000,1333.000,,,,,,,,,,,,,,,,,,1786798030887.886,,,,,,,,,,,,,,,
1786798030888,ece160ba42644b489ae080d293f4871f,demo_ioc_request,LINK_USDT,1,2.118083143,1.259714937,0.858368206,1.059714937,2.118083143,0.000000000,1.000,1334.000,,0.892,,,,,,,,,,,,,,,,1786798030887.886,1786798030888.668,1786798030888.670,1786798030888.778,,,,,,,,,,,,
1786798031510,ece160ba42644b489ae080d293f4871f,demo_ioc_response,LINK_USDT,1,2.118083143,1.259714937,0.858368206,1.059714937,2.118083143,0.000000000,1.000,1334.000,,0.892,,,,,,,,,,,,,,,,1786798030887.886,1786798030888.668,1786798030888.670,1786798030888.778,1786798030900.559,1786798031204.492,1786798031510.920,,,,12.673,303.933,610.361,,,
1786798031922,ece160ba42644b489ae080d293f4871f,demo_position_visible,LINK_USDT,1,2.118083143,1.259714937,0.858368206,1.059714937,2.118083143,0.000000000,1.000,1334.000,,,,,,,,,1059,200,,,,,,,,1786798030887.886,1786798030888.668,1786798030888.670,1786798030888.778,1786798030900.559,1786798031204.492,1786798031510.920,1786798031512.301,1786798031512.306,1786798031922.069,12.673,303.933,610.361,409.768,624.420,1034.183
1786798035629,ece160ba42644b489ae080d293f4871f,demo_exit,LINK_USDT,1,2.118083143,1.259714937,0.858368206,1.059714937,2.118083143,0.000000000,1.000,1334.000,,,6.354000000,6.357952739,6.357952739,-1.059658790,binance_target_caught,3485.280,1059,200,9993.783000000,1.998756600,1.999943400,6.354000000,2.355300000,0.000000000,2.356681149,1786798030887.886,1786798030888.668,1786798030888.670,1786798030888.778,1786798030900.559,1786798031204.492,1786798031510.920,1786798031512.301,1786798031512.306,1786798031922.069,12.673,303.933,610.361,409.768,624.420,1034.183
1786798088484,161afaa7e1494911b659577b44170720,crossing,LINK_USDT,-1,-2.118531865,1.259153736,0.859378129,1.059153736,-2.118531865,0.000000000,0.000,843.000,,,,,,,,,,,,,,,,,,1786798088484.105,,,,,,,,,,,,,,,
1786798088485,161afaa7e1494911b659577b44170720,demo_ioc_request,LINK_USDT,-1,-2.118531865,1.259153736,0.859378129,1.059153736,-2.118531865,0.000000000,2.000,845.000,,1.161,,,,,,,,,,,,,,,,1786798088484.105,1786798088485.150,1786798088485.154,1786798088485.266,,,,,,,,,,,,
1786798089102,161afaa7e1494911b659577b44170720,demo_ioc_response,LINK_USDT,-1,-2.118531865,1.259153736,0.859378129,1.059153736,-2.118531865,0.000000000,2.000,845.000,,1.161,,,,,,,,,,,,,,,,1786798088484.105,1786798088485.150,1786798088485.154,1786798088485.266,1786798088497.765,1786798088827.191,1786798089102.417,,,,13.659,329.427,604.652,,,
1786798089470,161afaa7e1494911b659577b44170720,demo_position_visible,LINK_USDT,-1,-2.118531865,1.259153736,0.859378129,1.059153736,-2.118531865,0.000000000,2.000,845.000,,,,,,,,,1059.7,200,,,,,,,,1786798088484.105,1786798088485.150,1786798088485.154,1786798088485.266,1786798088497.765,1786798088827.191,1786798089102.417,1786798089103.741,1786798089103.746,1786798089470.624,13.659,329.427,604.652,366.883,619.641,986.519
1786798099367,161afaa7e1494911b659577b44170720,demo_exit,LINK_USDT,-1,-2.118531865,1.259153736,0.859378129,1.059153736,-2.118531865,0.000000000,2.000,845.000,,,2.119400000,2.118419659,2.118419659,-1.059209829,binance_target_caught,9638.952,1059.7,200,10004.627700000,2.000925540,2.000474460,2.119400000,-1.882000000,0.000000000,-1.881156657,1786798088484.105,1786798088485.150,1786798088485.154,1786798088485.266,1786798088497.765,1786798088827.191,1786798089102.417,1786798089103.741,1786798089103.746,1786798089470.624,13.659,329.427,604.652,366.883,619.641,986.519
1786798147461,49d848f212dc46ce99f17cf836ef9950,crossing,LINK_USDT,1,2.118307480,1.259265929,0.859041552,1.059265929,2.118307480,0.000000000,0.000,752.000,,,,,,,,,,,,,,,,,,1786798147461.546,,,,,,,,,,,,,,,
1786798147462,49d848f212dc46ce99f17cf836ef9950,demo_ioc_request,LINK_USDT,1,2.118307480,1.259265929,0.859041552,1.059265929,2.118307480,0.000000000,1.000,753.000,,1.180,,,,,,,,,,,,,,,,1786798147461.546,1786798147462.630,1786798147462.634,1786798147462.726,,,,,,,,,,,,
1786798148191,49d848f212dc46ce99f17cf836ef9950,demo_ioc_response,LINK_USDT,1,2.118307480,1.259265929,0.859041552,1.059265929,2.118307480,0.000000000,1.000,753.000,,1.180,,,,,,,,,,,,,,,,1786798147461.546,1786798147462.630,1786798147462.634,1786798147462.726,1786798147475.271,1786798147868.237,1786798148191.138,,,,13.725,392.967,715.868,,,
1786798148553,49d848f212dc46ce99f17cf836ef9950,demo_position_visible,LINK_USDT,1,2.118307480,1.259265929,0.859041552,1.059265929,2.118307480,0.000000000,1.000,753.000,,,,,,,,,1058.6,200,,,,,,,,1786798147461.546,1786798147462.630,1786798147462.634,1786798147462.726,1786798147475.271,1786798147868.237,1786798148191.138,1786798148192.023,1786798148192.029,1786798148553.707,13.725,392.967,715.868,361.683,730.483,1092.161
1786798152248,49d848f212dc46ce99f17cf836ef9950,demo_exit,LINK_USDT,1,2.118307480,1.259265929,0.859041552,1.059265929,2.118307480,0.000000000,1.000,753.000,,,2.117200000,2.118419659,2.118419659,-1.059209829,binance_target_caught,3654.554,1058.6,200,9994.242600000,1.998848520,1.999251480,2.117200000,-1.880900000,0.000000000,-1.882004025,1786798147461.546,1786798147462.630,1786798147462.634,1786798147462.726,1786798147475.271,1786798147868.237,1786798148191.138,1786798148192.023,1786798148192.029,1786798148553.707,13.725,392.967,715.868,361.683,730.483,1092.161
1786798171796,ff80f9c243844f739bef315f43e4f3d9,crossing,DOGE_USDT,-1,-2.858980793,1.629286072,1.229694721,1.429286072,-2.858980793,0.000000000,0.000,68.000,,,,,,,,,,,,,,,,,,1786798171796.369,,,,,,,,,,,,,,,
1786798171797,ff80f9c243844f739bef315f43e4f3d9,demo_ioc_request,DOGE_USDT,-1,-2.858980793,1.629286072,1.229694721,1.429286072,-2.858980793,0.000000000,1.000,69.000,,1.172,,,,,,,,,,,,,,,,1786798171796.369,1786798171797.455,1786798171797.458,1786798171797.541,,,,,,,,,,,,
1786798172451,ff80f9c243844f739bef315f43e4f3d9,demo_ioc_response,DOGE_USDT,-1,-2.858980793,1.629286072,1.229694721,1.429286072,-2.858980793,0.000000000,1.000,69.000,,1.172,,,,,,,,,,,,,,,,1786798171796.369,1786798171797.455,1786798171797.458,1786798171797.541,1786798171807.546,1786798172143.383,1786798172451.906,,,,11.177,335.837,644.359,,,
1786798173212,ff80f9c243844f739bef315f43e4f3d9,demo_position_visible,DOGE_USDT,-1,-2.858980793,1.629286072,1.229694721,1.429286072,-2.858980793,0.000000000,1.000,69.000,,,,,,,,,143000,200,,,,,,,,1786798171796.369,1786798171797.455,1786798171797.458,1786798171797.541,1786798171807.546,1786798172143.383,1786798172451.906,1786798172453.221,1786798172453.227,1786798173212.517,11.177,335.837,644.359,759.295,656.858,1416.148
1786798178332,ff80f9c243844f739bef315f43e4f3d9,demo_exit,DOGE_USDT,-1,-2.858980793,1.629286072,1.229694721,1.429286072,-2.858980793,0.000000000,1.000,69.000,,,2.860000000,2.858776444,2.858776444,-1.429388222,binance_target_caught,5342.610,143000,200,10004.280000000,2.000856000,2.000244000,2.860000000,-1.141100000,0.000000000,-1.140651801,1786798171796.369,1786798171797.455,1786798171797.458,1786798171797.541,1786798171807.546,1786798172143.383,1786798172451.906,1786798172453.221,1786798172453.227,1786798173212.517,11.177,335.837,644.359,759.295,656.858,1416.148
1786798214738,34b2d022beba41cb9048e3593a1f5bf0,crossing,LINK_USDT,-1,-2.118531865,1.259153736,0.859378129,1.059153736,-2.118531865,0.000000000,0.000,7.000,,,,,,,,,,,,,,,,,,1786798214738.822,,,,,,,,,,,,,,,
1786798214739,34b2d022beba41cb9048e3593a1f5bf0,demo_ioc_request,LINK_USDT,-1,-2.118531865,1.259153736,0.859378129,1.059153736,-2.118531865,0.000000000,1.000,8.000,,0.903,,,,,,,,,,,,,,,,1786798214738.822,1786798214739.613,1786798214739.616,1786798214739.724,,,,,,,,,,,,
1786798215370,34b2d022beba41cb9048e3593a1f5bf0,demo_ioc_response,LINK_USDT,-1,-2.118531865,1.259153736,0.859378129,1.059153736,-2.118531865,0.000000000,1.000,8.000,,0.903,,,,,,,,,,,,,,,,1786798214738.822,1786798214739.613,1786798214739.616,1786798214739.724,1786798214751.067,1786798215085.305,1786798215370.456,,,,12.246,334.238,619.389,,,
1786798220725,34b2d022beba41cb9048e3593a1f5bf0,rejected,LINK_USDT,-1,-2.118531865,1.259153736,0.859378129,1.059153736,-2.118531865,0.000000000,1.000,8.000,demo_ioc_unfilled_or_pending,0.903,,,,,,,,,,,,,,,,1786798214738.822,1786798214739.613,1786798214739.616,1786798214739.724,1786798214751.067,1786798215085.305,1786798215370.456,1786798215371.473,,,12.246,334.238,619.389,,,
1786798279180,befa00da934644e9a56be11a6507f5cf,crossing,LINK_USDT,1,2.116626106,1.258817301,0.857808805,1.058817301,2.116626106,0.000000000,1.000,1482.000,,,,,,,,,,,,,,,,,,1786798279180.386,,,,,,,,,,,,,,,
1786798279181,befa00da934644e9a56be11a6507f5cf,demo_ioc_request,LINK_USDT,1,2.116626106,1.258817301,0.857808805,1.058817301,2.116626106,0.000000000,2.000,1483.000,,1.284,,,,,,,,,,,,,,,,1786798279180.386,1786798279181.547,1786798279181.552,1786798279181.670,,,,,,,,,,,,
1786798280956,befa00da934644e9a56be11a6507f5cf,demo_ioc_response,LINK_USDT,1,2.116626106,1.258817301,0.857808805,1.058817301,2.116626106,0.000000000,2.000,1483.000,,1.284,,,,,,,,,,,,,,,,1786798279180.386,1786798279181.547,1786798279181.552,1786798279181.670,1786798279200.388,1786798279524.535,1786798280956.168,,,,20.002,324.147,1755.780,,,
1786798284229,befa00da934644e9a56be11a6507f5cf,demo_position_visible,LINK_USDT,1,2.116626106,1.258817301,0.857808805,1.058817301,2.116626106,0.000000000,2.000,1483.000,,,,,,,,,1058.2,200,,,,,,,,1786798279180.386,1786798279181.547,1786798279181.552,1786798279181.670,1786798279200.388,1786798279524.535,1786798280956.168,1786798280957.100,,1786798284229.927,20.002,324.147,1755.780,3272.827,,5049.541
1786798290658,befa00da934644e9a56be11a6507f5cf,demo_exit,LINK_USDT,1,2.116626106,1.258817301,0.857808805,1.058817301,2.116626106,0.000000000,2.000,1483.000,,,13.756600000,13.763896241,13.763896241,0.000000000,binance_target_caught,5067.162,1058.2,200,9994.699000000,0.000000000,4.000400000,14.814800000,10.814400000,0.000000000,12.821262177,1786798279180.386,1786798279181.547,1786798279181.552,1786798279181.670,1786798279200.388,1786798279524.535,1786798280956.168,1786798280957.100,,1786798284229.927,20.002,324.147,1755.780,3272.827,,5049.541
1786798350363,e85963b69d7b488d98eead5ae857e039,crossing,LINK_USDT,-1,-2.114723772,1.257138327,0.857585446,1.057138327,-2.114723772,0.000000000,0.000,732.000,,,,,,,,,,,,,,,,,,1786798350363.216,,,,,,,,,,,,,,,
1786798350364,e85963b69d7b488d98eead5ae857e039,demo_ioc_request,LINK_USDT,-1,-2.114723772,1.257138327,0.857585446,1.057138327,-2.114723772,0.000000000,2.000,734.000,,1.038,,,,,,,,,,,,,,,,1786798350363.216,1786798350364.155,1786798350364.157,1786798350364.254,,,,,,,,,,,,
1786798351043,e85963b69d7b488d98eead5ae857e039,demo_ioc_response,LINK_USDT,-1,-2.114723772,1.257138327,0.857585446,1.057138327,-2.114723772,0.000000000,2.000,734.000,,1.038,,,,,,,,,,,,,,,,1786798350363.216,1786798350364.155,1786798350364.157,1786798350364.254,1786798350376.889,1786798350757.009,1786798351043.767,,,,13.673,380.119,666.878,,,
1786798356389,e85963b69d7b488d98eead5ae857e039,rejected,LINK_USDT,-1,-2.114723772,1.257138327,0.857585446,1.057138327,-2.114723772,0.000000000,2.000,734.000,demo_ioc_unfilled_or_pending,1.038,,,,,,,,,,,,,,,,1786798350363.216,1786798350364.155,1786798350364.157,1786798350364.254,1786798350376.889,1786798350757.009,1786798351043.767,1786798351044.497,,,13.673,380.119,666.878,,,
1786798364609,cdf627c548ff4b11822920a63de19b33,crossing,LINK_USDT,1,1.586588046,1.257809277,0.328778769,1.057809277,1.586588046,0.000000000,0.000,949.000,,,,,,,,,,,,,,,,,,1786798364609.431,,,,,,,,,,,,,,,
1786798364610,cdf627c548ff4b11822920a63de19b33,demo_ioc_request,LINK_USDT,1,1.586588046,1.257809277,0.328778769,1.057809277,1.586588046,0.000000000,4.000,953.000,,0.995,,,,,,,,,,,,,,,,1786798364609.431,1786798364610.336,1786798364610.340,1786798364610.426,,,,,,,,,,,,
1786798365211,cdf627c548ff4b11822920a63de19b33,demo_ioc_response,LINK_USDT,1,1.586588046,1.257809277,0.328778769,1.057809277,1.586588046,0.000000000,4.000,953.000,,0.995,,,,,,,,,,,,,,,,1786798364609.431,1786798364610.336,1786798364610.340,1786798364610.426,1786798364628.031,1786798364934.118,1786798365211.355,,,,18.600,306.087,583.324,,,
1786798365921,cdf627c548ff4b11822920a63de19b33,demo_position_visible,LINK_USDT,1,1.586588046,1.257809277,0.328778769,1.057809277,1.586588046,0.000000000,4.000,953.000,,,,,,,,,1057.1,200,,,,,,,,1786798364609.431,1786798364610.336,1786798364610.340,1786798364610.426,1786798364628.031,1786798364934.118,1786798365211.355,1786798365212.225,1786798365212.228,1786798365921.932,18.600,306.087,583.324,709.707,602.797,1312.500
1786798370055,cdf627c548ff4b11822920a63de19b33,demo_exit,LINK_USDT,1,1.586588046,1.257809277,0.328778769,1.057809277,1.586588046,0.000000000,4.000,953.000,,,4.228400000,4.231013328,4.231013328,-1.057753332,binance_target_caught,4208.095,1057.1,200,9993.823400000,1.998764680,1.999535320,4.228400000,0.230100000,0.000000000,0.230167125,1786798364609.431,1786798364610.336,1786798364610.340,1786798364610.426,1786798364628.031,1786798364934.118,1786798365211.355,1786798365212.225,1786798365212.228,1786798365921.932,18.600,306.087,583.324,709.707,602.797,1312.500
1786798389955,d7e7f1c4b04a46159179ab9248254199,crossing,LINK_USDT,-1,-2.115171072,1.257473695,0.857697377,1.057473695,-2.115171072,0.000000000,0.000,0.000,,,,,,,,,,,,,,,,,,1786798389955.497,,,,,,,,,,,,,,,
1786798389956,d7e7f1c4b04a46159179ab9248254199,demo_ioc_request,LINK_USDT,-1,-2.115171072,1.257473695,0.857697377,1.057473695,-2.115171072,0.000000000,2.000,2.000,,0.760,,,,,,,,,,,,,,,,1786798389955.497,1786798389956.157,1786798389956.160,1786798389956.256,,,,,,,,,,,,
1786798390553,d7e7f1c4b04a46159179ab9248254199,demo_ioc_response,LINK_USDT,-1,-2.115171072,1.257473695,0.857697377,1.057473695,-2.115171072,0.000000000,2.000,2.000,,0.760,,,,,,,,,,,,,,,,1786798389955.497,1786798389956.157,1786798389956.160,1786798389956.256,1786798389968.937,1786798390278.621,1786798390553.892,,,,13.440,309.684,584.955,,,
1786798396255,d7e7f1c4b04a46159179ab9248254199,rejected,LINK_USDT,-1,-2.115171072,1.257473695,0.857697377,1.057473695,-2.115171072,0.000000000,2.000,2.000,demo_ioc_unfilled_or_pending,0.760,,,,,,,,,,,,,,,,1786798389955.497,1786798389956.157,1786798389956.160,1786798389956.256,1786798389968.937,1786798390278.621,1786798390553.892,1786798390554.785,,,13.440,309.684,584.955,,,
1786798411681,9e46902dad1a4ae4a53c12891808c07e,crossing,LINK_USDT,1,2.115842378,1.258033116,0.857809261,1.058033116,2.115842378,0.000000000,1.000,409.000,,,,,,,,,,,,,,,,,,1786798411681.181,,,,,,,,,,,,,,,
1786798411682,9e46902dad1a4ae4a53c12891808c07e,demo_ioc_request,LINK_USDT,1,2.115842378,1.258033116,0.857809261,1.058033116,2.115842378,0.000000000,2.000,410.000,,0.912,,,,,,,,,,,,,,,,1786798411681.181,1786798411682.016,1786798411682.026,1786798411682.093,,,,,,,,,,,,
1786798412370,9e46902dad1a4ae4a53c12891808c07e,demo_ioc_response,LINK_USDT,1,2.115842378,1.258033116,0.857809261,1.058033116,2.115842378,0.000000000,2.000,410.000,,0.912,,,,,,,,,,,,,,,,1786798411681.181,1786798411682.016,1786798411682.026,1786798411682.093,1786798411694.626,1786798412058.889,1786798412370.256,,,,13.445,364.263,675.630,,,
1786798412772,9e46902dad1a4ae4a53c12891808c07e,demo_position_visible,LINK_USDT,1,2.115842378,1.258033116,0.857809261,1.058033116,2.115842378,0.000000000,2.000,410.000,,,,,,,,,1057.4,200,,,,,,,,1786798411681.181,1786798411682.016,1786798411682.026,1786798411682.093,1786798411694.626,1786798412058.889,1786798412370.256,1786798412371.445,1786798412371.450,1786798412772.548,13.445,364.263,675.630,401.103,690.269,1091.367
1786798423046,9e46902dad1a4ae4a53c12891808c07e,demo_exit,LINK_USDT,1,2.115842378,1.258033116,0.857809261,1.058033116,2.115842378,0.000000000,2.000,410.000,,,3.172200000,3.173931443,3.173931443,-1.057977148,binance_target_caught,10149.460,1057.4,200,9994.544800000,1.998908960,1.999491040,3.172200000,-0.826200000,0.000000000,-0.826703343,1786798411681.181,1786798411682.016,1786798411682.026,1786798411682.093,1786798411694.626,1786798412058.889,1786798412370.256,1786798412371.445,1786798412371.450,1786798412772.548,13.445,364.263,675.630,401.103,690.269,1091.367
1786798428341,b17800cb362b454b912c56a14937be5a,crossing,LINK_USDT,-1,-1.585330413,1.257250093,0.328080320,1.057250093,-1.585330413,0.000000000,0.000,491.000,,,,,,,,,,,,,,,,,,1786798428341.338,,,,,,,,,,,,,,,
1786798428342,b17800cb362b454b912c56a14937be5a,demo_ioc_request,LINK_USDT,-1,-1.585330413,1.257250093,0.328080320,1.057250093,-1.585330413,0.000000000,2.000,493.000,,1.468,,,,,,,,,,,,,,,,1786798428341.338,1786798428342.702,1786798428342.707,1786798428342.806,,,,,,,,,,,,
1786798429009,b17800cb362b454b912c56a14937be5a,demo_ioc_response,LINK_USDT,-1,-1.585330413,1.257250093,0.328080320,1.057250093,-1.585330413,0.000000000,2.000,493.000,,1.468,,,,,,,,,,,,,,,,1786798428341.338,1786798428342.702,1786798428342.707,1786798428342.806,1786798428361.418,1786798428690.202,1786798429009.190,,,,20.080,328.784,647.772,,,
1786798434453,b17800cb362b454b912c56a14937be5a,rejected,LINK_USDT,-1,-1.585330413,1.257250093,0.328080320,1.057250093,-1.585330413,0.000000000,2.000,493.000,demo_ioc_unfilled_or_pending,1.468,,,,,,,,,,,,,,,,1786798428341.338,1786798428342.702,1786798428342.707,1786798428342.806,1786798428361.418,1786798428690.202,1786798429009.190,1786798429010.052,,,20.080,328.784,647.772,,,
1786798443108,58fcce44cc7c4163811d104b1041a534,crossing,LINK_USDT,1,2.114500193,1.257361882,0.857138311,1.057361882,2.114500193,0.000000000,0.000,33.000,,,,,,,,,,,,,,,,,,1786798443108.197,,,,,,,,,,,,,,,
1786798443109,58fcce44cc7c4163811d104b1041a534,demo_ioc_request,LINK_USDT,1,2.114500193,1.257361882,0.857138311,1.057361882,2.114500193,0.000000000,2.000,35.000,,1.538,,,,,,,,,,,,,,,,1786798443108.197,1786798443109.628,1786798443109.632,1786798443109.734,,,,,,,,,,,,
1786798443752,58fcce44cc7c4163811d104b1041a534,demo_ioc_response,LINK_USDT,1,2.114500193,1.257361882,0.857138311,1.057361882,2.114500193,0.000000000,2.000,35.000,,1.538,,,,,,,,,,,,,,,,1786798443108.197,1786798443109.628,1786798443109.632,1786798443109.734,1786798443124.575,1786798443441.281,1786798443752.647,,,,16.378,316.707,628.072,,,
1786798444507,58fcce44cc7c4163811d104b1041a534,demo_position_visible,LINK_USDT,1,2.114500193,1.257361882,0.857138311,1.057361882,2.114500193,0.000000000,2.000,35.000,,,,,,,,,1056.7,200,,,,,,,,1786798443108.197,1786798443109.628,1786798443109.632,1786798443109.734,1786798443124.575,1786798443441.281,1786798443752.647,1786798443753.660,1786798443753.666,1786798444507.543,16.378,316.707,628.072,753.882,645.469,1399.346
1786798449677,58fcce44cc7c4163811d104b1041a534,demo_exit,LINK_USDT,1,2.114500193,1.257361882,0.857138311,1.057361882,2.114500193,0.000000000,2.000,35.000,,,3.170100000,3.171917953,3.171917953,-1.057305984,binance_target_caught,5365.357,1056.7,200,9994.268600000,1.998853720,1.999446280,3.170100000,-0.828200000,0.000000000,-0.828716431,1786798443108.197,1786798443109.628,1786798443109.632,1786798443109.734,1786798443124.575,1786798443441.281,1786798443752.647,1786798443753.660,1786798443753.666,1786798444507.543,16.378,316.707,628.072,753.882,645.469,1399.346
1786798455608,d6ab0dd7ccea4f4a8e53a860888cd225,crossing,LINK_USDT,-1,-2.114500193,1.257138327,0.857361866,1.057138327,-2.114500193,0.000000000,0.000,1724.000,,,,,,,,,,,,,,,,,,1786798455608.101,,,,,,,,,,,,,,,
1786798455608,d6ab0dd7ccea4f4a8e53a860888cd225,demo_ioc_request,LINK_USDT,-1,-2.114500193,1.257138327,0.857361866,1.057138327,-2.114500193,0.000000000,1.000,1725.000,,0.836,,,,,,,,,,,,,,,,1786798455608.101,1786798455608.860,1786798455608.862,1786798455608.937,,,,,,,,,,,,
1786798456240,d6ab0dd7ccea4f4a8e53a860888cd225,demo_ioc_response,LINK_USDT,-1,-2.114500193,1.257138327,0.857361866,1.057138327,-2.114500193,0.000000000,1.000,1725.000,,0.836,,,,,,,,,,,,,,,,1786798455608.101,1786798455608.860,1786798455608.862,1786798455608.937,1786798455621.423,1786798455962.714,1786798456240.199,,,,13.323,341.291,618.776,,,
1786798461593,d6ab0dd7ccea4f4a8e53a860888cd225,rejected,LINK_USDT,-1,-2.114500193,1.257138327,0.857361866,1.057138327,-2.114500193,0.000000000,1.000,1725.000,demo_ioc_unfilled_or_pending,0.836,,,,,,,,,,,,,,,,1786798455608.101,1786798455608.860,1786798455608.862,1786798455608.937,1786798455621.423,1786798455962.714,1786798456240.199,1786798456241.229,,,13.323,341.291,618.776,,,
1786798465968,027204a9ef74474db225cf83b32f627a,crossing,LINK_USDT,1,3.701647275,1.257697393,2.443949883,1.057697393,3.701647275,0.000000000,0.000,1072.000,,,,,,,,,,,,,,,,,,1786798465968.115,,,,,,,,,,,,,,,
1786798465969,027204a9ef74474db225cf83b32f627a,demo_ioc_request,LINK_USDT,1,3.701647275,1.257697393,2.443949883,1.057697393,3.701647275,0.000000000,1.000,1073.000,,0.891,,,,,,,,,,,,,,,,1786798465968.115,1786798465968.920,1786798465968.923,1786798465969.006,,,,,,,,,,,,
1786798466583,027204a9ef74474db225cf83b32f627a,demo_ioc_response,LINK_USDT,1,3.701647275,1.257697393,2.443949883,1.057697393,3.701647275,0.000000000,1.000,1073.000,,0.891,,,,,,,,,,,,,,,,1786798465968.115,1786798465968.920,1786798465968.923,1786798465969.006,1786798465977.848,1786798466308.301,1786798466583.644,,,,9.733,330.453,605.796,,,
1786798472258,027204a9ef74474db225cf83b32f627a,rejected,LINK_USDT,1,3.701647275,1.257697393,2.443949883,1.057697393,3.701647275,0.000000000,1.000,1073.000,demo_ioc_unfilled_or_pending,0.891,,,,,,,,,,,,,,,,1786798465968.115,1786798465968.920,1786798465968.923,1786798465969.006,1786798465977.848,1786798466308.301,1786798466583.644,1786798466584.440,,,9.733,330.453,605.796,,,
1786798485468,8c99a6da503f4c6581a9be711cd4dc90,crossing,LINK_USDT,-1,-2.114276661,1.257473695,0.856802966,1.057473695,-2.114276661,0.000000000,51.000,58.000,,,,,,,,,,,,,,,,,,1786798485468.007,,,,,,,,,,,,,,,
1786798485469,8c99a6da503f4c6581a9be711cd4dc90,demo_ioc_request,LINK_USDT,-1,-2.114276661,1.257473695,0.856802966,1.057473695,-2.114276661,0.000000000,53.000,60.000,,1.284,,,,,,,,,,,,,,,,1786798485468.007,1786798485469.139,1786798485469.145,1786798485469.291,,,,,,,,,,,,
1786798486069,8c99a6da503f4c6581a9be711cd4dc90,demo_ioc_response,LINK_USDT,-1,-2.114276661,1.257473695,0.856802966,1.057473695,-2.114276661,0.000000000,53.000,60.000,,1.284,,,,,,,,,,,,,,,,1786798485468.007,1786798485469.139,1786798485469.145,1786798485469.291,1786798485487.634,1786798485794.231,1786798486069.440,,,,19.627,306.597,581.806,,,
1786798486736,8c99a6da503f4c6581a9be711cd4dc90,demo_position_visible,LINK_USDT,-1,-2.114276661,1.257473695,0.856802966,1.057473695,-2.114276661,0.000000000,53.000,60.000,,,,,,,,,1058,200,,,,,,,,1786798485468.007,1786798485469.139,1786798485469.145,1786798485469.291,1786798485487.634,1786798485794.231,1786798486069.440,1786798486070.379,1786798486070.383,1786798486736.596,19.627,306.597,581.806,666.217,602.376,1268.589
1786798503149,8c99a6da503f4c6581a9be711cd4dc90,demo_exit,LINK_USDT,-1,-2.114276661,1.257473695,0.856802966,1.057473695,-2.114276661,0.000000000,53.000,60.000,,,-5.290000000,-5.287648054,0.000000000,-5.287648054,demo_adverse_cut,15674.833,1058,200,10004.448000000,2.001524400,2.001875600,-2.116000000,-6.119400000,0.000000000,-6.114811291,1786798485468.007,1786798485469.139,1786798485469.145,1786798485469.291,1786798485487.634,1786798485794.231,1786798486069.440,1786798486070.379,1786798486070.383,1786798486736.596,19.627,306.597,581.806,666.217,602.376,1268.589
1786798513360,b0ea642553b9455d92e71f1ba6bea229,crossing,LINK_USDT,1,1.585246641,1.256691499,0.328555142,1.056691499,1.585246641,0.000000000,0.000,467.000,,,,,,,,,,,,,,,,,,1786798513360.591,,,,,,,,,,,,,,,
1786798513361,b0ea642553b9455d92e71f1ba6bea229,demo_ioc_request,LINK_USDT,1,1.585246641,1.256691499,0.328555142,1.056691499,1.585246641,0.000000000,1.000,468.000,,0.924,,,,,,,,,,,,,,,,1786798513360.591,1786798513361.398,1786798513361.401,1786798513361.515,,,,,,,,,,,,
1786798514000,b0ea642553b9455d92e71f1ba6bea229,demo_ioc_response,LINK_USDT,1,1.585246641,1.256691499,0.328555142,1.056691499,1.585246641,0.000000000,1.000,468.000,,0.924,,,,,,,,,,,,,,,,1786798513360.591,1786798513361.398,1786798513361.401,1786798513361.515,1786798513378.602,1786798513700.852,1786798514000.389,,,,18.010,322.250,621.787,,,
1786798519406,b0ea642553b9455d92e71f1ba6bea229,rejected,LINK_USDT,1,1.585246641,1.256691499,0.328555142,1.056691499,1.585246641,0.000000000,1.000,468.000,demo_ioc_unfilled_or_pending,0.924,,,,,,,,,,,,,,,,1786798513360.591,1786798513361.398,1786798513361.401,1786798513361.515,1786798513378.602,1786798513700.852,1786798514000.389,1786798514001.282,,,18.010,322.250,621.787,,,
1786798551271,73032376767d4097ba86002578198f67,crossing,LINK_USDT,-1,-2.114276661,1.257250093,0.857026568,1.057250093,-2.114276661,0.000000000,0.000,1324.000,,,,,,,,,,,,,,,,,,1786798551271.564,,,,,,,,,,,,,,,
1786798551273,73032376767d4097ba86002578198f67,demo_ioc_request,LINK_USDT,-1,-2.114276661,1.257250093,0.857026568,1.057250093,-2.114276661,0.000000000,8.000,1332.000,,1.536,,,,,,,,,,,,,,,,1786798551271.564,1786798551272.926,1786798551272.932,1786798551273.100,,,,,,,,,,,,
1786798551945,73032376767d4097ba86002578198f67,demo_ioc_response,LINK_USDT,-1,-2.114276661,1.257250093,0.857026568,1.057250093,-2.114276661,0.000000000,8.000,1332.000,,1.536,,,,,,,,,,,,,,,,1786798551271.564,1786798551272.926,1786798551272.932,1786798551273.100,1786798551295.449,1786798551628.067,1786798551945.474,,,,23.885,332.618,650.025,,,
1786798552307,73032376767d4097ba86002578198f67,demo_position_visible,LINK_USDT,-1,-2.114276661,1.257250093,0.857026568,1.057250093,-2.114276661,0.000000000,8.000,1332.000,,,,,,,,,1057.8,200,,,,,,,,1786798551271.564,1786798551272.926,1786798551272.932,1786798551273.100,1786798551295.449,1786798551628.067,1786798551945.474,1786798551946.758,1786798551946.767,1786798552307.700,23.885,332.618,650.025,360.942,675.203,1036.136
1786798574225,73032376767d4097ba86002578198f67,demo_exit,LINK_USDT,-1,-2.114276661,1.257250093,0.857026568,1.057250093,-2.114276661,0.000000000,8.000,1332.000,,,2.115600000,2.114611969,2.114611969,-1.057305984,binance_target_caught,21689.723,1057.8,200,10004.672400000,2.000934480,2.000465520,2.115600000,-1.885800000,0.000000000,-1.884965109,1786798551271.564,1786798551272.926,1786798551272.932,1786798551273.100,1786798551295.449,1786798551628.067,1786798551945.474,1786798551946.758,1786798551946.767,1786798552307.700,23.885,332.618,650.025,360.942,675.203,1036.136
1786798621755,fd6b72e3f29743809b9e66feed059948,crossing,LINK_USDT,1,2.643893942,1.257921185,1.385972758,1.057921185,2.643893942,0.000000000,0.000,1747.000,,,,,,,,,,,,,,,,,,1786798621755.419,,,,,,,,,,,,,,,
1786798621756,fd6b72e3f29743809b9e66feed059948,demo_ioc_request,LINK_USDT,1,2.643893942,1.257921185,1.385972758,1.057921185,2.643893942,0.000000000,4.000,1751.000,,1.199,,,,,,,,,,,,,,,,1786798621755.419,1786798621756.503,1786798621756.507,1786798621756.618,,,,,,,,,,,,
1786798623521,fd6b72e3f29743809b9e66feed059948,demo_ioc_response,LINK_USDT,1,2.643893942,1.257921185,1.385972758,1.057921185,2.643893942,0.000000000,4.000,1751.000,,1.199,,,,,,,,,,,,,,,,1786798621755.419,1786798621756.503,1786798621756.507,1786798621756.618,1786798621772.700,1786798622149.374,1786798623521.530,,,,17.281,376.674,1748.830,,,
1786798626456,fd6b72e3f29743809b9e66feed059948,demo_position_visible,LINK_USDT,1,2.643893942,1.257921185,1.385972758,1.057921185,2.643893942,0.000000000,4.000,1751.000,,,,,,,,,1057.3,200,,,,,,,,1786798621755.419,1786798621756.503,1786798621756.507,1786798621756.618,1786798621772.700,1786798622149.374,1786798623521.530,1786798623522.638,,1786798626456.589,17.281,376.674,1748.830,2933.950,,4701.170
1786798633330,fd6b72e3f29743809b9e66feed059948,demo_exit,LINK_USDT,1,2.643893942,1.257921185,1.385972758,1.057921185,2.643893942,0.000000000,4.000,1751.000,,,4.229200000,4.231460912,4.231460912,0.000000000,binance_target_caught,4718.189,1057.3,200,9994.656900000,0.000000000,3.998700000,4.229200000,0.230500000,0.000000000,2.230614620,1786798621755.419,1786798621756.503,1786798621756.507,1786798621756.618,1786798621772.700,1786798622149.374,1786798623521.530,1786798623522.638,,1786798626456.589,17.281,376.674,1748.830,2933.950,,4701.170
1786798666514,db1ec6aa373040c698d7a7e529c8473c,crossing,LINK_USDT,-1,-2.114723772,1.257250093,0.857473680,1.057250093,-2.114723772,0.000000000,0.000,506.000,,,,,,,,,,,,,,,,,,1786798666514.288,,,,,,,,,,,,,,,
1786798666515,db1ec6aa373040c698d7a7e529c8473c,demo_ioc_request,LINK_USDT,-1,-2.114723772,1.257250093,0.857473680,1.057250093,-2.114723772,0.000000000,0.000,506.000,,0.767,,,,,,,,,,,,,,,,1786798666514.288,1786798666514.993,1786798666514.995,1786798666515.055,,,,,,,,,,,,
1786798667247,db1ec6aa373040c698d7a7e529c8473c,demo_ioc_response,LINK_USDT,-1,-2.114723772,1.257250093,0.857473680,1.057250093,-2.114723772,0.000000000,0.000,506.000,,0.767,,,,,,,,,,,,,,,,1786798666514.288,1786798666514.993,1786798666514.995,1786798666515.055,1786798666525.292,1786798666926.516,1786798667247.364,,,,11.004,401.224,722.072,,,
1786798667576,db1ec6aa373040c698d7a7e529c8473c,demo_position_visible,LINK_USDT,-1,-2.114723772,1.257250093,0.857473680,1.057250093,-2.114723772,0.000000000,0.000,506.000,,,,,,,,,1057.8,200,,,,,,,,1786798666514.288,1786798666514.993,1786798666514.995,1786798666515.055,1786798666525.292,1786798666926.516,1786798667247.364,1786798667248.583,1786798667248.592,1786798667576.744,11.004,401.224,722.072,328.161,734.304,1062.456
1786798677747,db1ec6aa373040c698d7a7e529c8473c,demo_exit,LINK_USDT,-1,-2.114723772,1.257250093,0.857473680,1.057250093,-2.114723772,0.000000000,0.000,506.000,,,-9.520200000,-9.515753859,0.000000000,-9.515753859,demo_adverse_cut,10002.202,1057.8,200,10004.672400000,2.000934480,2.002765520,-9.520200000,-13.523900000,0.000000000,-13.517657010,1786798666514.288,1786798666514.993,1786798666514.995,1786798666515.055,1786798666525.292,1786798666926.516,1786798667247.364,1786798667248.583,1786798667248.592,1786798667576.744,11.004,401.224,722.072,328.161,734.304,1062.456
1786798699927,7b4139442dc24934b7745c0b97035f09,crossing,XRP_USDT,1,1.997104206,1.198651820,0.798452386,0.998651820,1.997104206,0.000000000,0.000,200.000,,,,,,,,,,,,,,,,,,1786798699927.205,,,,,,,,,,,,,,,
1786798699928,7b4139442dc24934b7745c0b97035f09,demo_ioc_request,XRP_USDT,1,1.997104206,1.198651820,0.798452386,0.998651820,1.997104206,0.000000000,2.000,202.000,,1.471,,,,,,,,,,,,,,,,1786798699927.205,1786798699928.471,1786798699928.478,1786798699928.676,,,,,,,,,,,,
1786798700565,7b4139442dc24934b7745c0b97035f09,demo_ioc_response,XRP_USDT,1,1.997104206,1.198651820,0.798452386,0.998651820,1.997104206,0.000000000,2.000,202.000,,1.471,,,,,,,,,,,,,,,,1786798699927.205,1786798699928.471,1786798699928.478,1786798699928.676,1786798699945.765,1786798700280.692,1786798700565.384,,,,18.560,334.927,619.619,,,
1786798700927,7b4139442dc24934b7745c0b97035f09,demo_position_visible,XRP_USDT,1,1.997104206,1.198651820,0.798452386,0.998651820,1.997104206,0.000000000,2.000,202.000,,,,,,,,,9980,200,,,,,,,,1786798699927.205,1786798699928.471,1786798699928.478,1786798699928.676,1786798699945.765,1786798700280.692,1786798700565.384,1786798700566.409,1786798700566.413,1786798700927.873,18.560,334.927,619.619,361.465,639.208,1000.668
1786798725613,7b4139442dc24934b7745c0b97035f09,demo_exit,XRP_USDT,1,1.997104206,1.198651820,0.798452386,0.998651820,1.997104206,0.000000000,2.000,202.000,,,1.996000000,1.997203915,1.997203915,-0.998601957,binance_target_caught,23718.548,9980,200,9993.972000000,1.998794400,1.999105600,1.996000000,-2.001900000,0.000000000,-2.003195526,1786798699927.205,1786798699928.471,1786798699928.478,1786798699928.676,1786798699945.765,1786798700280.692,1786798700565.384,1786798700566.409,1786798700566.413,1786798700927.873,18.560,334.927,619.619,361.465,639.208,1000.668
1786798735091,cf356aa143f44ef9b876616250439c76,crossing,LINK_USDT,1,2.113383006,1.256803170,0.856579835,1.056803170,2.113383006,0.000000000,0.000,94.000,,,,,,,,,,,,,,,,,,1786798735091.461,,,,,,,,,,,,,,,
1786798735092,cf356aa143f44ef9b876616250439c76,demo_ioc_request,LINK_USDT,1,2.113383006,1.256803170,0.856579835,1.056803170,2.113383006,0.000000000,1.000,95.000,,1.107,,,,,,,,,,,,,,,,1786798735091.461,1786798735092.440,1786798735092.444,1786798735092.568,,,,,,,,,,,,
1786798735748,cf356aa143f44ef9b876616250439c76,demo_ioc_response,LINK_USDT,1,2.113383006,1.256803170,0.856579835,1.056803170,2.113383006,0.000000000,1.000,95.000,,1.107,,,,,,,,,,,,,,,,1786798735091.461,1786798735092.440,1786798735092.444,1786798735092.568,1786798735108.504,1786798735434.508,1786798735748.873,,,,17.043,326.004,640.369,,,
1786798741220,cf356aa143f44ef9b876616250439c76,rejected,LINK_USDT,1,2.113383006,1.256803170,0.856579835,1.056803170,2.113383006,0.000000000,1.000,95.000,demo_ioc_unfilled_or_pending,1.107,,,,,,,,,,,,,,,,1786798735091.461,1786798735092.440,1786798735092.444,1786798735092.568,1786798735108.504,1786798735434.508,1786798735748.873,1786798735749.756,,,17.043,326.004,640.369,,,
1786798745618,1181d0adebe345d8b8c9fd013095e7fe,crossing,LINK_USDT,-1,-2.643754146,1.257361882,1.386392264,1.057361882,-2.643754146,0.000000000,0.000,31.000,,,,,,,,,,,,,,,,,,1786798745618.871,,,,,,,,,,,,,,,
1786798745619,1181d0adebe345d8b8c9fd013095e7fe,demo_ioc_request,LINK_USDT,-1,-2.643754146,1.257361882,1.386392264,1.057361882,-2.643754146,0.000000000,1.000,32.000,,0.852,,,,,,,,,,,,,,,,1786798745618.871,1786798745619.640,1786798745619.642,1786798745619.723,,,,,,,,,,,,
1786798746248,1181d0adebe345d8b8c9fd013095e7fe,demo_ioc_response,LINK_USDT,-1,-2.643754146,1.257361882,1.386392264,1.057361882,-2.643754146,0.000000000,1.000,32.000,,0.852,,,,,,,,,,,,,,,,1786798745618.871,1786798745619.640,1786798745619.642,1786798745619.723,1786798745629.027,1786798745947.371,1786798746248.148,,,,10.156,318.344,619.121,,,
1786798751563,1181d0adebe345d8b8c9fd013095e7fe,rejected,LINK_USDT,-1,-2.643754146,1.257361882,1.386392264,1.057361882,-2.643754146,0.000000000,1.000,32.000,demo_ioc_unfilled_or_pending,0.852,,,,,,,,,,,,,,,,1786798745618.871,1786798745619.640,1786798745619.642,1786798745619.723,1786798745629.027,1786798745947.371,1786798746248.148,1786798746249.031,,,10.156,318.344,619.121,,,
1786798821614,8d5df1cc8958467798dc0c5d346f2f52,crossing,XRP_USDT,-1,-1.995709232,1.197755051,0.797954181,0.997755051,-1.995709232,0.000000000,0.000,131.000,,,,,,,,,,,,,,,,,,1786798821614.988,,,,,,,,,,,,,,,
1786798821615,8d5df1cc8958467798dc0c5d346f2f52,demo_ioc_request,XRP_USDT,-1,-1.995709232,1.197755051,0.797954181,0.997755051,-1.995709232,0.000000000,1.000,132.000,,0.965,,,,,,,,,,,,,,,,1786798821614.988,1786798821615.832,1786798821615.835,1786798821615.953,,,,,,,,,,,,
1786798822290,8d5df1cc8958467798dc0c5d346f2f52,demo_ioc_response,XRP_USDT,-1,-1.995709232,1.197755051,0.797954181,0.997755051,-1.995709232,0.000000000,1.000,132.000,,0.965,,,,,,,,,,,,,,,,1786798821614.988,1786798821615.832,1786798821615.835,1786798821615.953,1786798821628.589,1786798821976.078,1786798822290.754,,,,13.602,347.489,662.165,,,
1786798822656,8d5df1cc8958467798dc0c5d346f2f52,demo_position_visible,XRP_USDT,-1,-1.995709232,1.197755051,0.797954181,0.997755051,-1.995709232,0.000000000,1.000,132.000,,,,,,,,,9984,200,,,,,,,,1786798821614.988,1786798821615.832,1786798821615.835,1786798821615.953,1786798821628.589,1786798821976.078,1786798822290.754,1786798822291.691,1786798822291.696,1786798822656.631,13.602,347.489,662.165,364.940,676.708,1041.643
1786798826034,8d5df1cc8958467798dc0c5d346f2f52,demo_exit,XRP_USDT,-1,-1.995709232,1.197755051,0.797954181,0.997755051,-1.995709232,0.000000000,1.000,132.000,,,1.996800000,1.995609659,1.995609659,-0.997804829,binance_target_caught,3231.935,9984,200,10005.964800000,2.001192960,2.000707040,1.996800000,-2.005100000,0.000000000,-2.003991219,1786798821614.988,1786798821615.832,1786798821615.835,1786798821615.953,1786798821628.589,1786798821976.078,1786798822290.754,1786798822291.691,1786798822291.696,1786798822656.631,13.602,347.489,662.165,364.940,676.708,1041.643
1786798831749,fddf73d34b7b4e09898a189d71a045ce,crossing,LINK_USDT,1,5.289326263,1.258145072,4.031181191,1.058145072,5.289326263,0.000000000,20.000,466.000,,,,,,,,,,,,,,,,,,1786798831749.016,,,,,,,,,,,,,,,
1786798831749,fddf73d34b7b4e09898a189d71a045ce,demo_ioc_request,LINK_USDT,1,5.289326263,1.258145072,4.031181191,1.058145072,5.289326263,0.000000000,22.000,468.000,,0.566,,,,,,,,,,,,,,,,1786798831749.016,1786798831749.527,1786798831749.528,1786798831749.582,,,,,,,,,,,,
1786798832391,fddf73d34b7b4e09898a189d71a045ce,demo_ioc_response,LINK_USDT,1,5.289326263,1.258145072,4.031181191,1.058145072,5.289326263,0.000000000,22.000,468.000,,0.566,,,,,,,,,,,,,,,,1786798831749.016,1786798831749.527,1786798831749.528,1786798831749.582,1786798831763.891,1786798832079.535,1786798832391.613,,,,14.875,315.644,627.722,,,
1786798832745,fddf73d34b7b4e09898a189d71a045ce,demo_position_visible,LINK_USDT,1,5.289326263,1.258145072,4.031181191,1.058145072,5.289326263,0.000000000,22.000,468.000,,,,,,,,,1057.5,200,,,,,,,,1786798831749.016,1786798831749.527,1786798831749.528,1786798831749.582,1786798831763.891,1786798832079.535,1786798832391.613,1786798832392.867,1786798832392.877,1786798832745.883,14.875,315.644,627.722,353.015,643.861,996.867
1786798842250,fddf73d34b7b4e09898a189d71a045ce,demo_exit,LINK_USDT,1,5.289326263,1.258145072,4.031181191,1.058145072,5.289326263,0.000000000,22.000,468.000,,,0.000000000,0.000000000,4.232356364,-1.058089091,positive_trailing_stop,9258.427,1057.5,200,9994.432500000,1.998886500,1.998813500,0.000000000,-3.997700000,0.000000000,-4.000000000,1786798831749.016,1786798831749.527,1786798831749.528,1786798831749.582,1786798831763.891,1786798832079.535,1786798832391.613,1786798832392.867,1786798832392.877,1786798832745.883,14.875,315.644,627.722,353.015,643.861,996.867
1786798851587,82742798d70e47aa9759e0007ac52b04,crossing,LINK_USDT,-1,-4.233028266,1.257697393,2.975330873,1.057697393,-4.233028266,0.000000000,1.000,0.000,,,,,,,,,,,,,,,,,,1786798851587.627,,,,,,,,,,,,,,,
1786798851588,82742798d70e47aa9759e0007ac52b04,demo_ioc_request,LINK_USDT,-1,-4.233028266,1.257697393,2.975330873,1.057697393,-4.233028266,0.000000000,3.000,2.000,,0.834,,,,,,,,,,,,,,,,1786798851587.627,1786798851588.382,1786798851588.385,1786798851588.461,,,,,,,,,,,,
1786798852218,82742798d70e47aa9759e0007ac52b04,demo_ioc_response,LINK_USDT,-1,-4.233028266,1.257697393,2.975330873,1.057697393,-4.233028266,0.000000000,3.000,2.000,,0.834,,,,,,,,,,,,,,,,1786798851587.627,1786798851588.382,1786798851588.385,1786798851588.461,1786798851601.307,1786798851943.916,1786798852218.243,,,,13.680,342.609,616.936,,,
1786798857511,82742798d70e47aa9759e0007ac52b04,rejected,LINK_USDT,-1,-4.233028266,1.257697393,2.975330873,1.057697393,-4.233028266,0.000000000,3.000,2.000,demo_ioc_unfilled_or_pending,0.834,,,,,,,,,,,,,,,,1786798851587.627,1786798851588.382,1786798851588.385,1786798851588.461,1786798851601.307,1786798851943.916,1786798852218.243,1786798852219.721,,,13.680,342.609,616.936,,,
1786798890552,1c476527032b4e818125353125aa55d9,crossing,LINK_USDT,1,2.119429881,1.259827248,0.859602633,1.059827248,2.119429881,0.000000000,0.000,841.000,,,,,,,,,,,,,,,,,,1786798890552.034,,,,,,,,,,,,,,,
1786798890552,1c476527032b4e818125353125aa55d9,demo_ioc_request,LINK_USDT,1,2.119429881,1.259827248,0.859602633,1.059827248,2.119429881,0.000000000,1.000,842.000,,0.925,,,,,,,,,,,,,,,,1786798890552.034,1786798890552.896,1786798890552.898,1786798890552.958,,,,,,,,,,,,
1786798892329,1c476527032b4e818125353125aa55d9,demo_ioc_response,LINK_USDT,1,2.119429881,1.259827248,0.859602633,1.059827248,2.119429881,0.000000000,1.000,842.000,,0.925,,,,,,,,,,,,,,,,1786798890552.034,1786798890552.896,1786798890552.898,1786798890552.958,1786798890562.679,1786798890894.038,1786798892329.230,,,,10.645,331.359,1766.551,,,
1786798895792,1c476527032b4e818125353125aa55d9,demo_position_visible,LINK_USDT,1,2.119429881,1.259827248,0.859602633,1.059827248,2.119429881,0.000000000,1.000,842.000,,,,,,,,,1059.2,200,,,,,,,,1786798890552.034,1786798890552.896,1786798890552.898,1786798890552.958,1786798890562.679,1786798890894.038,1786798892329.230,1786798892330.215,,1786798895792.420,10.645,331.359,1766.551,3462.205,,5240.386
1786798902724,1c476527032b4e818125353125aa55d9,demo_exit,LINK_USDT,1,2.119429881,1.259827248,0.859602633,1.059827248,2.119429881,0.000000000,1.000,842.000,,,6.355200000,6.358626537,6.358626537,0.000000000,binance_target_caught,5254.442,1059.2,200,9994.611200000,0.000000000,3.999100000,6.355200000,2.356100000,0.000000000,4.357354811,1786798890552.034,1786798890552.896,1786798890552.898,1786798890552.958,1786798890562.679,1786798890894.038,1786798892329.230,1786798892330.215,,1786798895792.420,10.645,331.359,1766.551,3462.205,,5240.386
1786798936218,c993f0d90c194f88b1e481a00493893c,crossing,LINK_USDT,-1,-1.587259600,1.257921185,0.329338415,1.057921185,-1.587259600,0.000000000,0.000,1160.000,,,,,,,,,,,,,,,,,,1786798936218.806,,,,,,,,,,,,,,,
1786798936220,c993f0d90c194f88b1e481a00493893c,demo_ioc_request,LINK_USDT,-1,-1.587259600,1.257921185,0.329338415,1.057921185,-1.587259600,0.000000000,2.000,1162.000,,1.560,,,,,,,,,,,,,,,,1786798936218.806,1786798936220.186,1786798936220.191,1786798936220.366,,,,,,,,,,,,
1786798938047,c993f0d90c194f88b1e481a00493893c,demo_ioc_response,LINK_USDT,-1,-1.587259600,1.257921185,0.329338415,1.057921185,-1.587259600,0.000000000,2.000,1162.000,,1.560,,,,,,,,,,,,,,,,1786798936218.806,1786798936220.186,1786798936220.191,1786798936220.366,1786798936244.291,1786798936587.417,1786798938047.514,,,,25.485,343.126,1803.222,,,
1786798943478,c993f0d90c194f88b1e481a00493893c,rejected,LINK_USDT,-1,-1.587259600,1.257921185,0.329338415,1.057921185,-1.587259600,0.000000000,2.000,1162.000,demo_ioc_unfilled_or_pending,1.560,,,,,,,,,,,,,,,,1786798936218.806,1786798936220.186,1786798936220.191,1786798936220.366,1786798936244.291,1786798936587.417,1786798938047.514,1786798938048.515,,,25.485,343.126,1803.222,,,
1786799015992,d1d05febc8454b22abf02ae33a11bdff,crossing,LINK_USDT,1,2.116066241,1.258481080,0.857585161,1.058481080,2.116066241,0.000000000,0.000,1.000,,,,,,,,,,,,,,,,,,1786799015992.627,,,,,,,,,,,,,,,
1786799015994,d1d05febc8454b22abf02ae33a11bdff,demo_ioc_request,LINK_USDT,1,2.116066241,1.258481080,0.857585161,1.058481080,2.116066241,0.000000000,3.000,4.000,,1.595,,,,,,,,,,,,,,,,1786799015992.627,1786799015994.091,1786799015994.094,1786799015994.222,,,,,,,,,,,,
1786799016673,d1d05febc8454b22abf02ae33a11bdff,demo_ioc_response,LINK_USDT,1,2.116066241,1.258481080,0.857585161,1.058481080,2.116066241,0.000000000,3.000,4.000,,1.595,,,,,,,,,,,,,,,,1786799015992.627,1786799015994.091,1786799015994.094,1786799015994.222,1786799016008.294,1786799016364.109,1786799016673.603,,,,15.667,355.815,665.309,,,
1786799022120,d1d05febc8454b22abf02ae33a11bdff,rejected,LINK_USDT,1,2.116066241,1.258481080,0.857585161,1.058481080,2.116066241,0.000000000,3.000,4.000,demo_ioc_unfilled_or_pending,1.595,,,,,,,,,,,,,,,,1786799015992.627,1786799015994.091,1786799015994.094,1786799015994.222,1786799016008.294,1786799016364.109,1786799016673.603,1786799016674.787,,,15.667,355.815,665.309,,,
1786799080012,a67e2788df134e3d87dfe889b830b095,crossing,LINK_USDT,-1,-1.585497982,1.256914866,0.328583116,1.056914866,-1.585497982,0.000000000,0.000,86.000,,,,,,,,,,,,,,,,,,1786799080012.742,,,,,,,,,,,,,,,
1786799080013,a67e2788df134e3d87dfe889b830b095,demo_ioc_request,LINK_USDT,-1,-1.585497982,1.256914866,0.328583116,1.056914866,-1.585497982,0.000000000,2.000,88.000,,1.055,,,,,,,,,,,,,,,,1786799080012.742,1786799080013.702,1786799080013.705,1786799080013.796,,,,,,,,,,,,
1786799080661,a67e2788df134e3d87dfe889b830b095,demo_ioc_response,LINK_USDT,-1,-1.585497982,1.256914866,0.328583116,1.056914866,-1.585497982,0.000000000,2.000,88.000,,1.055,,,,,,,,,,,,,,,,1786799080012.742,1786799080013.702,1786799080013.705,1786799080013.796,1786799080028.726,1786799080381.480,1786799080660.980,,,,15.984,352.755,632.254,,,
1786799081632,a67e2788df134e3d87dfe889b830b095,demo_position_visible,LINK_USDT,-1,-1.585497982,1.256914866,0.328583116,1.056914866,-1.585497982,0.000000000,2.000,88.000,,,,,,,,,1057.5,200,,,,,,,,1786799080012.742,1786799080013.702,1786799080013.705,1786799080013.796,1786799080028.726,1786799080381.480,1786799080660.980,1786799080661.754,1786799080661.758,1786799081632.188,15.984,352.755,632.254,970.434,649.016,1619.446
1786799086278,a67e2788df134e3d87dfe889b830b095,demo_exit,LINK_USDT,-1,-1.585497982,1.256914866,0.328583116,1.056914866,-1.585497982,0.000000000,2.000,88.000,,,1.057500000,1.056970722,1.056970722,-1.056970722,binance_target_caught,5067.524,1057.5,200,10005.007500000,2.001001500,2.000698500,1.057500000,-2.944200000,-1.057305985,-2.942817884,1786799080012.742,1786799080013.702,1786799080013.705,1786799080013.796,1786799080028.726,1786799080381.480,1786799080660.980,1786799080661.754,1786799080661.758,1786799081632.188,15.984,352.755,632.254,970.434,649.016,1619.446
1786799199430,d92ac0007e1446329f3676178d11be42,crossing,LINK_USDT,1,2.115394793,1.257809277,0.857585516,1.057809277,2.115394793,0.000000000,0.000,1236.000,,,,,,,,,,,,,,,,,,1786799199430.287,,,,,,,,,,,,,,,
1786799199431,d92ac0007e1446329f3676178d11be42,demo_ioc_request,LINK_USDT,1,2.115394793,1.257809277,0.857585516,1.057809277,2.115394793,0.000000000,1.000,1237.000,,1.079,,,,,,,,,,,,,,,,1786799199430.287,1786799199431.283,1786799199431.286,1786799199431.366,,,,,,,,,,,,
1786799201167,d92ac0007e1446329f3676178d11be42,demo_ioc_response,LINK_USDT,1,2.115394793,1.257809277,0.857585516,1.057809277,2.115394793,0.000000000,1.000,1237.000,,1.079,,,,,,,,,,,,,,,,1786799199430.287,1786799199431.283,1786799199431.286,1786799199431.366,1786799199447.367,1786799199779.205,1786799201166.993,,,,17.080,331.837,1719.626,,,
1786799203669,d92ac0007e1446329f3676178d11be42,demo_position_visible,LINK_USDT,1,2.115394793,1.257809277,0.857585516,1.057809277,2.115394793,0.000000000,1.000,1237.000,,,,,,,,,1057.1,200,,,,,,,,1786799199430.287,1786799199431.283,1786799199431.286,1786799199431.366,1786799199447.367,1786799199779.205,1786799201166.993,1786799201168.381,,1786799203669.977,17.080,331.837,1719.626,2501.596,,4239.690
1786799210613,d92ac0007e1446329f3676178d11be42,demo_exit,LINK_USDT,1,2.115394793,1.257809277,0.857585516,1.057809277,2.115394793,0.000000000,1.000,1237.000,,,2.114200000,2.115506664,2.115506664,0.000000000,binance_target_caught,4253.617,1057.1,200,9993.823400000,0.000000000,3.997900000,2.114200000,-1.883700000,0.000000000,0.115083563,1786799199430.287,1786799199431.283,1786799199431.286,1786799199431.366,1786799199447.367,1786799199779.205,1786799201166.993,1786799201168.381,,1786799203669.977,17.080,331.837,1719.626,2501.596,,4239.690
1786799327044,d2ffd29dc8114de59c636104bede6630,crossing,DOGE_USDT,1,2.140334614,1.627042455,0.513292159,1.427042455,2.140334614,0.000000000,1.000,33.000,,,,,,,,,,,,,,,,,,1786799327044.154,,,,,,,,,,,,,,,
1786799327045,d2ffd29dc8114de59c636104bede6630,demo_ioc_request,DOGE_USDT,1,2.140334614,1.627042455,0.513292159,1.427042455,2.140334614,0.000000000,2.000,34.000,,1.051,,,,,,,,,,,,,,,,1786799327044.154,1786799327045.098,1786799327045.101,1786799327045.205,,,,,,,,,,,,
1786799327687,d2ffd29dc8114de59c636104bede6630,demo_ioc_response,DOGE_USDT,1,2.140334614,1.627042455,0.513292159,1.427042455,2.140334614,0.000000000,2.000,34.000,,1.051,,,,,,,,,,,,,,,,1786799327044.154,1786799327045.098,1786799327045.101,1786799327045.205,1786799327061.770,1786799327377.331,1786799327687.919,,,,17.616,315.560,626.148,,,
1786799328071,d2ffd29dc8114de59c636104bede6630,demo_position_visible,DOGE_USDT,1,2.140334614,1.627042455,0.513292159,1.427042455,2.140334614,0.000000000,2.000,34.000,,,,,,,,,142600,200,,,,,,,,1786799327044.154,1786799327045.098,1786799327045.101,1786799327045.205,1786799327061.770,1786799327377.331,1786799327687.919,1786799327688.983,1786799327688.987,1786799328071.338,17.616,315.560,626.148,382.356,644.833,1027.185
1786799335887,d2ffd29dc8114de59c636104bede6630,demo_exit,DOGE_USDT,1,2.140334614,1.627042455,0.513292159,1.427042455,2.140334614,0.000000000,2.000,34.000,,,-2.852000000,-2.853881279,0.000000000,-2.853881279,demo_adverse_cut,7571.548,142600,200,9993.408000000,1.998681600,1.998018400,-2.852000000,-6.848700000,0.000000000,-6.853310502,1786799327044.154,1786799327045.098,1786799327045.101,1786799327045.205,1786799327061.770,1786799327377.331,1786799327687.919,1786799327688.983,1786799327688.987,1786799328071.338,17.616,315.560,626.148,382.356,644.833,1027.185
1786799373749,944bd4415daa43aaac4c2f3e1feb890b,crossing,LINK_USDT,-1,-2.115842378,1.257809277,0.858033101,1.057809277,-2.115842378,0.000000000,0.000,1477.000,,,,,,,,,,,,,,,,,,1786799373749.037,,,,,,,,,,,,,,,
1786799373750,944bd4415daa43aaac4c2f3e1feb890b,demo_ioc_request,LINK_USDT,-1,-2.115842378,1.257809277,0.858033101,1.057809277,-2.115842378,0.000000000,2.000,1479.000,,1.147,,,,,,,,,,,,,,,,1786799373749.037,1786799373750.077,1786799373750.081,1786799373750.184,,,,,,,,,,,,
1786799374382,944bd4415daa43aaac4c2f3e1feb890b,demo_ioc_response,LINK_USDT,-1,-2.115842378,1.257809277,0.858033101,1.057809277,-2.115842378,0.000000000,2.000,1479.000,,1.147,,,,,,,,,,,,,,,,1786799373749.037,1786799373750.077,1786799373750.081,1786799373750.184,1786799373763.390,1786799374068.450,1786799374382.049,,,,14.354,305.060,618.659,,,
1786799379732,944bd4415daa43aaac4c2f3e1feb890b,rejected,LINK_USDT,-1,-2.115842378,1.257809277,0.858033101,1.057809277,-2.115842378,0.000000000,2.000,1479.000,demo_ioc_unfilled_or_pending,1.147,,,,,,,,,,,,,,,,1786799373749.037,1786799373750.077,1786799373750.081,1786799373750.184,1786799373763.390,1786799374068.450,1786799374382.049,1786799374383.157,,,14.354,305.060,618.659,,,
1786799399375,4153013ea1d4403da9e1be04be85c73c,crossing,LINK_USDT,1,2.118083143,1.259265929,0.858817214,1.059265929,2.118083143,0.000000000,0.000,61.000,,,,,,,,,,,,,,,,,,1786799399375.851,,,,,,,,,,,,,,,
1786799399377,4153013ea1d4403da9e1be04be85c73c,demo_ioc_request,LINK_USDT,1,2.118083143,1.259265929,0.858817214,1.059265929,2.118083143,0.000000000,2.000,63.000,,1.292,,,,,,,,,,,,,,,,1786799399375.851,1786799399377.017,1786799399377.021,1786799399377.142,,,,,,,,,,,,
1786799400030,4153013ea1d4403da9e1be04be85c73c,demo_ioc_response,LINK_USDT,1,2.118083143,1.259265929,0.858817214,1.059265929,2.118083143,0.000000000,2.000,63.000,,1.292,,,,,,,,,,,,,,,,1786799399375.851,1786799399377.017,1786799399377.021,1786799399377.142,1786799399394.577,1786799399719.545,1786799400030.794,,,,18.727,324.967,636.217,,,
1786799400352,4153013ea1d4403da9e1be04be85c73c,demo_position_visible,LINK_USDT,1,2.118083143,1.259265929,0.858817214,1.059265929,2.118083143,0.000000000,2.000,63.000,,,,,,,,,1058.6,200,,,,,,,,1786799399375.851,1786799399377.017,1786799399377.021,1786799399377.142,1786799399394.577,1786799399719.545,1786799400030.794,1786799400032.180,1786799400032.186,1786799400352.768,18.727,324.967,636.217,320.588,656.335,976.917
1786799405385,4153013ea1d4403da9e1be04be85c73c,demo_exit,LINK_USDT,1,2.118083143,1.259265929,0.858817214,1.059265929,2.118083143,0.000000000,2.000,63.000,,,5.293000000,5.296049147,5.296049147,-1.059209829,binance_target_caught,4030.203,1058.6,200,9994.242600000,1.998848520,1.999851480,5.293000000,1.294300000,0.000000000,1.294989938,1786799399375.851,1786799399377.017,1786799399377.021,1786799399377.142,1786799399394.577,1786799399719.545,1786799400030.794,1786799400032.180,1786799400032.186,1786799400352.768,18.727,324.967,636.217,320.588,656.335,976.917
1786799466892,cdbb0bd4c0c44033a164b1f888e40589,crossing,XRP_USDT,1,1.997702649,1.198951101,0.798751547,0.998951101,1.997702649,0.000000000,0.000,4.000,,,,,,,,,,,,,,,,,,1786799466892.869,,,,,,,,,,,,,,,
1786799466894,cdbb0bd4c0c44033a164b1f888e40589,demo_ioc_request,XRP_USDT,1,1.997702649,1.198951101,0.798751547,0.998951101,1.997702649,0.000000000,2.000,6.000,,1.587,,,,,,,,,,,,,,,,1786799466892.869,1786799466894.286,1786799466894.291,1786799466894.457,,,,,,,,,,,,
1786799467579,cdbb0bd4c0c44033a164b1f888e40589,demo_ioc_response,XRP_USDT,1,1.997702649,1.198951101,0.798751547,0.998951101,1.997702649,0.000000000,2.000,6.000,,1.587,,,,,,,,,,,,,,,,1786799466892.869,1786799466894.286,1786799466894.291,1786799466894.457,1786799466908.589,1786799467285.464,1786799467579.146,,,,15.720,376.875,670.556,,,
1786799467947,cdbb0bd4c0c44033a164b1f888e40589,demo_position_visible,XRP_USDT,1,1.997702649,1.198951101,0.798751547,0.998951101,1.997702649,0.000000000,2.000,6.000,,,,,,,,,9983,200,,,,,,,,1786799466892.869,1786799466894.286,1786799466894.291,1786799466894.457,1786799466908.589,1786799467285.464,1786799467579.146,1786799467580.273,1786799467580.280,1786799467947.765,15.720,376.875,670.556,367.492,687.411,1054.896
1786799487946,cdbb0bd4c0c44033a164b1f888e40589,demo_exit,XRP_USDT,1,1.997702649,1.198951101,0.798751547,0.998951101,1.997702649,0.000000000,2.000,6.000,,,1.996600000,1.997802417,1.997802417,-0.998901209,binance_target_caught,19849.834,9983,200,9993.981300000,1.998796260,1.999103740,1.996600000,-2.001300000,0.000000000,-2.002597143,1786799466892.869,1786799466894.286,1786799466894.291,1786799466894.457,1786799466908.589,1786799467285.464,1786799467579.146,1786799467580.273,1786799467580.280,1786799467947.765,15.720,376.875,670.556,367.492,687.411,1054.896
1786799529806,2ef1b22b80f946dcb42b514a144236c8,crossing,XRP_USDT,-1,-1.996904804,1.198452399,0.798452405,0.998452399,-1.996904804,0.000000000,0.000,1297.000,,,,,,,,,,,,,,,,,,1786799529806.407,,,,,,,,,,,,,,,
1786799529807,2ef1b22b80f946dcb42b514a144236c8,demo_ioc_request,XRP_USDT,-1,-1.996904804,1.198452399,0.798452405,0.998452399,-1.996904804,0.000000000,1.000,1298.000,,0.940,,,,,,,,,,,,,,,,1786799529806.407,1786799529807.258,1786799529807.260,1786799529807.347,,,,,,,,,,,,
1786799531599,2ef1b22b80f946dcb42b514a144236c8,demo_ioc_response,XRP_USDT,-1,-1.996904804,1.198452399,0.798452405,0.998452399,-1.996904804,0.000000000,1.000,1298.000,,0.940,,,,,,,,,,,,,,,,1786799529806.407,1786799529807.258,1786799529807.260,1786799529807.347,1786799529823.260,1786799530156.475,1786799531599.514,,,,16.853,333.215,1776.254,,,
1786799533291,2ef1b22b80f946dcb42b514a144236c8,demo_position_visible,XRP_USDT,-1,-1.996904804,1.198452399,0.798452405,0.998452399,-1.996904804,0.000000000,1.000,1298.000,,,,,,,,,9991,200,,,,,,,,1786799529806.407,1786799529807.258,1786799529807.260,1786799529807.347,1786799529823.260,1786799530156.475,1786799531599.514,1786799531600.948,,1786799533291.359,16.853,333.215,1776.254,1690.411,,3484.952
1786799591081,2ef1b22b80f946dcb42b514a144236c8,demo_exit,XRP_USDT,-1,-1.996904804,1.198452399,0.798452405,0.998452399,-1.996904804,0.000000000,1.000,1298.000,,,-0.000000000,-0.000000000,0.000000000,-0.998502247,microspread_timeout,60045.659,9991,200,10005.986500000,0.000000000,4.002300000,-0.000000000,-4.002300000,0.000000000,-2.000000000,1786799529806.407,1786799529807.258,1786799529807.260,1786799529807.347,1786799529823.260,1786799530156.475,1786799531599.514,1786799531600.948,,1786799533291.359,16.853,333.215,1776.254,1690.411,,3484.952
1786799631054,b46f0b1cfa33499a98191db9ff2fb080,crossing,XRP_USDT,1,1.996904804,1.198552099,0.798352705,0.998552099,1.996904804,0.000000000,0.000,174.000,,,,,,,,,,,,,,,,,,1786799631054.702,,,,,,,,,,,,,,,
1786799631056,b46f0b1cfa33499a98191db9ff2fb080,demo_ioc_request,XRP_USDT,1,1.996904804,1.198552099,0.798352705,0.998552099,1.996904804,0.000000000,2.000,176.000,,1.545,,,,,,,,,,,,,,,,1786799631054.702,1786799631056.089,1786799631056.094,1786799631056.248,,,,,,,,,,,,
1786799631727,b46f0b1cfa33499a98191db9ff2fb080,demo_ioc_response,XRP_USDT,1,1.996904804,1.198552099,0.798352705,0.998552099,1.996904804,0.000000000,2.000,176.000,,1.545,,,,,,,,,,,,,,,,1786799631054.702,1786799631056.089,1786799631056.094,1786799631056.248,1786799631073.799,1786799631417.463,1786799631727.216,,,,19.097,343.665,653.417,,,
1786799632141,b46f0b1cfa33499a98191db9ff2fb080,demo_position_visible,XRP_USDT,1,1.996904804,1.198552099,0.798352705,0.998552099,1.996904804,0.000000000,2.000,176.000,,,,,,,,,9979,200,,,,,,,,1786799631054.702,1786799631056.089,1786799631056.094,1786799631056.248,1786799631073.799,1786799631417.463,1786799631727.216,1786799631728.636,1786799631728.644,1786799632141.440,19.097,343.665,653.417,412.804,673.941,1086.738
1786799644213,b46f0b1cfa33499a98191db9ff2fb080,demo_exit,XRP_USDT,1,1.996904804,1.198552099,0.798352705,0.998552099,1.996904804,0.000000000,2.000,176.000,,,1.995800000,1.997004493,1.997004493,-0.998502247,binance_target_caught,11932.963,9979,200,9993.968500000,1.998793700,1.999106300,1.995800000,-2.002100000,0.000000000,-2.003394908,1786799631054.702,1786799631056.089,1786799631056.094,1786799631056.248,1786799631073.799,1786799631417.463,1786799631727.216,1786799631728.636,1786799631728.644,1786799632141.440,19.097,343.665,653.417,412.804,673.941,1086.738
1786799654290,dfd603ef6d264ef580cad7f00d620caa,crossing,LINK_USDT,-1,-2.109370888,1.254574216,0.854796672,1.054574216,-2.109370888,0.000000000,0.000,733.000,,,,,,,,,,,,,,,,,,1786799654290.910,,,,,,,,,,,,,,,
1786799654292,dfd603ef6d264ef580cad7f00d620caa,demo_ioc_request,LINK_USDT,-1,-2.109370888,1.254574216,0.854796672,1.054574216,-2.109370888,0.000000000,2.000,735.000,,1.510,,,,,,,,,,,,,,,,1786799654290.910,1786799654292.262,1786799654292.268,1786799654292.420,,,,,,,,,,,,
1786799654924,dfd603ef6d264ef580cad7f00d620caa,demo_ioc_response,LINK_USDT,-1,-2.109370888,1.254574216,0.854796672,1.054574216,-2.109370888,0.000000000,2.000,735.000,,1.510,,,,,,,,,,,,,,,,1786799654290.910,1786799654292.262,1786799654292.268,1786799654292.420,1786799654311.821,1786799654641.263,1786799654924.745,,,,20.911,329.442,612.924,,,
1786799660620,dfd603ef6d264ef580cad7f00d620caa,rejected,LINK_USDT,-1,-2.109370888,1.254574216,0.854796672,1.054574216,-2.109370888,0.000000000,2.000,735.000,demo_ioc_unfilled_or_pending,1.510,,,,,,,,,,,,,,,,1786799654290.910,1786799654292.262,1786799654292.268,1786799654292.420,1786799654311.821,1786799654641.263,1786799654924.745,1786799654925.997,,,20.911,329.442,612.924,,,
1786799670708,bb9e229777a943aba90f9ebfe19593c8,crossing,LINK_USDT,1,2.108703682,1.254463015,0.854240668,1.054463015,2.108703682,0.000000000,0.000,1132.000,,,,,,,,,,,,,,,,,,1786799670708.103,,,,,,,,,,,,,,,
1786799670709,bb9e229777a943aba90f9ebfe19593c8,demo_ioc_request,LINK_USDT,1,2.108703682,1.254463015,0.854240668,1.054463015,2.108703682,0.000000000,2.000,1134.000,,1.383,,,,,,,,,,,,,,,,1786799670708.103,1786799670709.347,1786799670709.352,1786799670709.486,,,,,,,,,,,,
1786799671308,bb9e229777a943aba90f9ebfe19593c8,demo_ioc_response,LINK_USDT,1,2.108703682,1.254463015,0.854240668,1.054463015,2.108703682,0.000000000,2.000,1134.000,,1.383,,,,,,,,,,,,,,,,1786799670708.103,1786799670709.347,1786799670709.352,1786799670709.486,1786799670722.662,1786799671028.299,1786799671308.494,,,,14.558,305.637,585.832,,,
1786799671667,bb9e229777a943aba90f9ebfe19593c8,demo_position_visible,LINK_USDT,1,2.108703682,1.254463015,0.854240668,1.054463015,2.108703682,0.000000000,2.000,1134.000,,,,,,,,,1053.8,200,,,,,,,,1786799670708.103,1786799670709.347,1786799670709.352,1786799670709.486,1786799670722.662,1786799671028.299,1786799671308.494,1786799671309.657,1786799671309.663,1786799671667.571,14.558,305.637,585.832,357.914,601.560,959.468
1786799686320,bb9e229777a943aba90f9ebfe19593c8,demo_exit,LINK_USDT,1,2.108703682,1.254463015,0.854240668,1.054463015,2.108703682,0.000000000,2.000,1134.000,,,-5.269000000,-5.272037115,1.054407423,-5.272037115,demo_adverse_cut,14419.141,1053.8,200,9994.239200000,1.998847840,1.997752160,-5.269000000,-9.265600000,0.000000000,-9.270982708,1786799670708.103,1786799670709.347,1786799670709.352,1786799670709.486,1786799670722.662,1786799671028.299,1786799671308.494,1786799671309.657,1786799671309.663,1786799671667.571,14.558,305.637,585.832,357.914,601.560,959.468
1786799691731,e32c55b6c7844a988ca342d0dee8a32a,crossing,LINK_USDT,-1,-2.110706567,1.255241914,0.855464653,1.055241914,-2.110706567,0.000000000,0.000,168.000,,,,,,,,,,,,,,,,,,1786799691731.189,,,,,,,,,,,,,,,
1786799691732,e32c55b6c7844a988ca342d0dee8a32a,demo_ioc_request,LINK_USDT,-1,-2.110706567,1.255241914,0.855464653,1.055241914,-2.110706567,0.000000000,2.000,170.000,,1.629,,,,,,,,,,,,,,,,1786799691731.189,1786799691732.671,1786799691732.676,1786799691732.818,,,,,,,,,,,,
1786799692371,e32c55b6c7844a988ca342d0dee8a32a,demo_ioc_response,LINK_USDT,-1,-2.110706567,1.255241914,0.855464653,1.055241914,-2.110706567,0.000000000,2.000,170.000,,1.629,,,,,,,,,,,,,,,,1786799691731.189,1786799691732.671,1786799691732.676,1786799691732.818,1786799691749.918,1786799692060.713,1786799692371.879,,,,18.729,310.795,621.961,,,
1786799697760,e32c55b6c7844a988ca342d0dee8a32a,rejected,LINK_USDT,-1,-2.110706567,1.255241914,0.855464653,1.055241914,-2.110706567,0.000000000,2.000,170.000,demo_ioc_unfilled_or_pending,1.629,,,,,,,,,,,,,,,,1786799691731.189,1786799691732.671,1786799691732.676,1786799691732.818,1786799691749.918,1786799692060.713,1786799692371.879,1786799692372.768,,,18.729,310.795,621.961,,,
1786799718331,0a401b84a438449fa47f42d21341593d,crossing,LINK_USDT,1,3.695393997,1.256133495,2.439260502,1.056133495,3.695393997,0.000000000,0.000,747.000,,,,,,,,,,,,,,,,,,1786799718331.492,,,,,,,,,,,,,,,
1786799718332,0a401b84a438449fa47f42d21341593d,demo_ioc_request,LINK_USDT,1,3.695393997,1.256133495,2.439260502,1.056133495,3.695393997,0.000000000,1.000,748.000,,0.951,,,,,,,,,,,,,,,,1786799718331.492,1786799718332.364,1786799718332.367,1786799718332.443,,,,,,,,,,,,
1786799719072,0a401b84a438449fa47f42d21341593d,demo_ioc_response,LINK_USDT,1,3.695393997,1.256133495,2.439260502,1.056133495,3.695393997,0.000000000,1.000,748.000,,0.951,,,,,,,,,,,,,,,,1786799718331.492,1786799718332.364,1786799718332.367,1786799718332.443,1786799718343.812,1786799718766.486,1786799719072.409,,,,12.320,422.673,728.597,,,
1786799719416,0a401b84a438449fa47f42d21341593d,demo_position_visible,LINK_USDT,1,3.695393997,1.256133495,2.439260502,1.056133495,3.695393997,0.000000000,1.000,748.000,,,,,,,,,1055.5,200,,,,,,,,1786799718331.492,1786799718332.364,1786799718332.367,1786799718332.443,1786799718343.812,1786799718766.486,1786799719072.409,1786799719073.699,1786799719073.706,1786799719416.267,12.320,422.673,728.597,342.568,742.214,1084.775
1786799723660,0a401b84a438449fa47f42d21341593d,demo_exit,LINK_USDT,1,3.695393997,1.256133495,2.439260502,1.056133495,3.695393997,0.000000000,1.000,748.000,,,8.444000000,8.448621819,8.448621819,-1.056077727,binance_target_caught,4076.089,1055.5,200,9994.529500000,1.998905900,2.000594100,8.444000000,4.444500000,0.000000000,4.446932094,1786799718331.492,1786799718332.364,1786799718332.367,1786799718332.443,1786799718343.812,1786799718766.486,1786799719072.409,1786799719073.699,1786799719073.706,1786799719416.267,12.320,422.673,728.597,342.568,742.214,1084.775
1786799724013,8d79c8f901954e2e8b74b11fb260d868,crossing,LINK_USDT,-1,-2.110483836,1.255130572,0.855353264,1.055130572,-2.110483836,0.000000000,0.000,1263.000,,,,,,,,,,,,,,,,,,1786799724013.656,,,,,,,,,,,,,,,
1786799724014,8d79c8f901954e2e8b74b11fb260d868,demo_ioc_request,LINK_USDT,-1,-2.110483836,1.255130572,0.855353264,1.055130572,-2.110483836,0.000000000,1.000,1264.000,,0.972,,,,,,,,,,,,,,,,1786799724013.656,1786799724014.537,1786799724014.540,1786799724014.628,,,,,,,,,,,,
1786799724639,8d79c8f901954e2e8b74b11fb260d868,demo_ioc_response,LINK_USDT,-1,-2.110483836,1.255130572,0.855353264,1.055130572,-2.110483836,0.000000000,1.000,1264.000,,0.972,,,,,,,,,,,,,,,,1786799724013.656,1786799724014.537,1786799724014.540,1786799724014.628,1786799724030.916,1786799724332.822,1786799724638.960,,,,17.260,301.906,608.044,,,
1786799724992,8d79c8f901954e2e8b74b11fb260d868,demo_position_visible,LINK_USDT,-1,-2.110483836,1.255130572,0.855353264,1.055130572,-2.110483836,0.000000000,1.000,1264.000,,,,,,,,,1055.7,200,,,,,,,,1786799724013.656,1786799724014.537,1786799724014.540,1786799724014.628,1786799724030.916,1786799724332.822,1786799724638.960,1786799724640.620,1786799724640.629,1786799724992.278,17.260,301.906,608.044,351.658,626.973,978.622
1786799734198,8d79c8f901954e2e8b74b11fb260d868,demo_exit,LINK_USDT,-1,-2.110483836,1.255130572,0.855353264,1.055130572,-2.110483836,0.000000000,1.000,1264.000,,,-2.111400000,-2.110372481,0.000000000,-2.110372481,demo_adverse_cut,8935.438,1055.7,200,10004.868900000,2.000973780,2.001326220,-2.111400000,-6.113700000,0.000000000,-6.110794555,1786799724013.656,1786799724014.537,1786799724014.540,1786799724014.628,1786799724030.916,1786799724332.822,1786799724638.960,1786799724640.620,1786799724640.629,1786799724992.278,17.260,301.906,608.044,351.658,626.973,978.622
1786799772362,4b09229ad78144cd8d002842f90a132f,crossing,LINK_USDT,1,2.111375041,1.255687516,0.855687524,1.055687516,2.111375041,0.000000000,0.000,754.000,,,,,,,,,,,,,,,,,,1786799772362.789,,,,,,,,,,,,,,,
1786799772363,4b09229ad78144cd8d002842f90a132f,demo_ioc_request,LINK_USDT,1,2.111375041,1.255687516,0.855687524,1.055687516,2.111375041,0.000000000,1.000,755.000,,1.021,,,,,,,,,,,,,,,,1786799772362.789,1786799772363.677,1786799772363.682,1786799772363.810,,,,,,,,,,,,
1786799774251,4b09229ad78144cd8d002842f90a132f,demo_ioc_response,LINK_USDT,1,2.111375041,1.255687516,0.855687524,1.055687516,2.111375041,0.000000000,1.000,755.000,,1.021,,,,,,,,,,,,,,,,1786799772362.789,1786799772363.677,1786799772363.682,1786799772363.810,1786799772380.107,1786799772717.840,1786799774251.848,,,,17.318,337.732,1871.740,,,
1786799776543,4b09229ad78144cd8d002842f90a132f,demo_position_visible,LINK_USDT,1,2.111375041,1.255687516,0.855687524,1.055687516,2.111375041,0.000000000,1.000,755.000,,,,,,,,,1055,200,,,,,,,,1786799772362.789,1786799772363.677,1786799772363.682,1786799772363.810,1786799772380.107,1786799772717.840,1786799774251.848,1786799774252.852,,1786799776543.505,17.318,337.732,1871.740,2290.652,,4180.716
1786799810082,4b09229ad78144cd8d002842f90a132f,demo_exit,LINK_USDT,1,2.111375041,1.255687516,0.855687524,1.055687516,2.111375041,0.000000000,1.000,755.000,,,4.220000000,4.222527183,4.222527183,-1.055631796,binance_target_caught,31039.666,1055,200,9994.015000000,0.000000000,3.998400000,4.220000000,0.221600000,0.000000000,2.221682677,1786799772362.789,1786799772363.677,1786799772363.682,1786799772363.810,1786799772380.107,1786799772717.840,1786799774251.848,1786799774252.852,,1786799776543.505,17.318,337.732,1871.740,2290.652,,4180.716
1786799822943,9b9bf89d6e734d0aa467cb052494704c,crossing,LINK_USDT,-1,-1.582487146,1.254796688,0.327690458,1.054796688,-1.582487146,0.000000000,0.000,194.000,,,,,,,,,,,,,,,,,,1786799822943.911,,,,,,,,,,,,,,,
1786799822944,9b9bf89d6e734d0aa467cb052494704c,demo_ioc_request,LINK_USDT,-1,-1.582487146,1.254796688,0.327690458,1.054796688,-1.582487146,0.000000000,1.000,195.000,,0.918,,,,,,,,,,,,,,,,1786799822943.911,1786799822944.753,1786799822944.755,1786799822944.829,,,,,,,,,,,,
1786799823612,9b9bf89d6e734d0aa467cb052494704c,demo_ioc_response,LINK_USDT,-1,-1.582487146,1.254796688,0.327690458,1.054796688,-1.582487146,0.000000000,1.000,195.000,,0.918,,,,,,,,,,,,,,,,1786799822943.911,1786799822944.753,1786799822944.755,1786799822944.829,1786799822954.928,1786799823303.280,1786799823612.328,,,,11.017,348.352,657.400,,,
1786799828974,9b9bf89d6e734d0aa467cb052494704c,rejected,LINK_USDT,-1,-1.582487146,1.254796688,0.327690458,1.054796688,-1.582487146,0.000000000,1.000,195.000,demo_ioc_unfilled_or_pending,0.918,,,,,,,,,,,,,,,,1786799822943.911,1786799822944.753,1786799822944.755,1786799822944.829,1786799822954.928,1786799823303.280,1786799823612.328,1786799823613.564,,,11.017,348.352,657.400,,,
1786799836342,55959bbb31bb4d0eafebd628efedd46b,crossing,LINK_USDT,1,2.110929344,1.255464668,0.855464676,1.055464668,2.110929344,0.000000000,0.000,803.000,,,,,,,,,,,,,,,,,,1786799836342.651,,,,,,,,,,,,,,,
1786799836343,55959bbb31bb4d0eafebd628efedd46b,demo_ioc_request,LINK_USDT,1,2.110929344,1.255464668,0.855464676,1.055464668,2.110929344,0.000000000,1.000,804.000,,0.917,,,,,,,,,,,,,,,,1786799836342.651,1786799836343.464,1786799836343.467,1786799836343.569,,,,,,,,,,,,
1786799837037,55959bbb31bb4d0eafebd628efedd46b,demo_ioc_response,LINK_USDT,1,2.110929344,1.255464668,0.855464676,1.055464668,2.110929344,0.000000000,1.000,804.000,,0.917,,,,,,,,,,,,,,,,1786799836342.651,1786799836343.464,1786799836343.467,1786799836343.569,1786799836353.736,1786799836729.096,1786799837037.342,,,,11.085,375.360,683.606,,,
1786799837396,55959bbb31bb4d0eafebd628efedd46b,demo_position_visible,LINK_USDT,1,2.110929344,1.255464668,0.855464676,1.055464668,2.110929344,0.000000000,1.000,804.000,,,,,,,,,1054.8,200,,,,,,,,1786799836342.651,1786799836343.464,1786799836343.467,1786799836343.569,1786799836353.736,1786799836729.096,1786799837037.342,1786799837038.118,1786799837038.122,1786799837396.881,11.085,375.360,683.606,358.764,695.471,1054.230
1786799851077,55959bbb31bb4d0eafebd628efedd46b,demo_exit,LINK_USDT,1,2.110929344,1.255464668,0.855464676,1.055464668,2.110929344,0.000000000,1.000,804.000,,,2.109600000,2.110817942,2.110817942,-2.110817942,binance_target_caught,13464.064,1054.8,200,9994.230000000,1.998635040,1.999264960,3.164400000,-0.833500000,0.000000000,-0.834072198,1786799836342.651,1786799836343.464,1786799836343.467,1786799836343.569,1786799836353.736,1786799836729.096,1786799837037.342,1786799837038.118,1786799837038.122,1786799837396.881,11.085,375.360,683.606,358.764,695.471,1054.230
1786799904621,d580a81e57c64edfbe7301861c660224,crossing,LINK_USDT,-1,-2.109815926,1.254796688,0.855019238,1.054796688,-2.109815926,0.000000000,0.000,894.000,,,,,,,,,,,,,,,,,,1786799904621.662,,,,,,,,,,,,,,,
1786799904622,d580a81e57c64edfbe7301861c660224,demo_ioc_request,LINK_USDT,-1,-2.109815926,1.254796688,0.855019238,1.054796688,-2.109815926,0.000000000,1.000,895.000,,1.266,,,,,,,,,,,,,,,,1786799904621.662,1786799904622.821,1786799904622.825,1786799904622.927,,,,,,,,,,,,
1786799905290,d580a81e57c64edfbe7301861c660224,demo_ioc_response,LINK_USDT,-1,-2.109815926,1.254796688,0.855019238,1.054796688,-2.109815926,0.000000000,1.000,895.000,,1.266,,,,,,,,,,,,,,,,1786799904621.662,1786799904622.821,1786799904622.825,1786799904622.927,1786799904637.119,1786799904952.063,1786799905290.389,,,,15.458,314.944,653.270,,,
1786799905650,d580a81e57c64edfbe7301861c660224,demo_position_visible,LINK_USDT,-1,-2.109815926,1.254796688,0.855019238,1.054796688,-2.109815926,0.000000000,1.000,895.000,,,,,,,,,1055.4,200,,,,,,,,1786799904621.662,1786799904622.821,1786799904622.825,1786799904622.927,1786799904637.119,1786799904952.063,1786799905290.389,1786799905291.640,1786799905291.645,1786799905650.020,15.458,314.944,653.270,358.380,669.984,1028.358
1786799909850,d580a81e57c64edfbe7301861c660224,demo_exit,LINK_USDT,-1,-2.109815926,1.254796688,0.855019238,1.054796688,-2.109815926,0.000000000,1.000,895.000,,,-2.110800000,-2.109704641,0.000000000,-2.109704641,demo_adverse_cut,3254.513,1055.4,200,10005.192000000,2.001038400,2.001361600,-2.110800000,-6.113200000,0.000000000,-6.110126582,1786799904621.662,1786799904622.821,1786799904622.825,1786799904622.927,1786799904637.119,1786799904952.063,1786799905290.389,1786799905291.640,1786799905291.645,1786799905650.020,15.458,314.944,653.270,358.380,669.984,1028.358
1786799956870,553c173a53a445b380534221f985294d,crossing,LINK_USDT,1,2.112043938,1.256133495,0.855910443,1.056133495,2.112043938,0.000000000,0.000,170.000,,,,,,,,,,,,,,,,,,1786799956870.677,,,,,,,,,,,,,,,
1786799956871,553c173a53a445b380534221f985294d,demo_ioc_request,LINK_USDT,1,2.112043938,1.256133495,0.855910443,1.056133495,2.112043938,0.000000000,1.000,171.000,,1.181,,,,,,,,,,,,,,,,1786799956870.677,1786799956871.725,1786799956871.729,1786799956871.857,,,,,,,,,,,,
1786799957552,553c173a53a445b380534221f985294d,demo_ioc_response,LINK_USDT,1,2.112043938,1.256133495,0.855910443,1.056133495,2.112043938,0.000000000,1.000,171.000,,1.181,,,,,,,,,,,,,,,,1786799956870.677,1786799956871.725,1786799956871.729,1786799956871.857,1786799956884.516,1786799957228.085,1786799957552.833,,,,13.839,343.570,668.317,,,
1786799957937,553c173a53a445b380534221f985294d,demo_position_visible,LINK_USDT,1,2.112043938,1.256133495,0.855910443,1.056133495,2.112043938,0.000000000,1.000,171.000,,,,,,,,,1055.5,200,,,,,,,,1786799956870.677,1786799956871.725,1786799956871.729,1786799956871.857,1786799956884.516,1786799957228.085,1786799957552.833,1786799957553.988,1786799957553.992,1786799957937.297,13.839,343.570,668.317,383.309,683.315,1066.620
1786799999203,553c173a53a445b380534221f985294d,demo_exit,LINK_USDT,1,2.112043938,1.256133495,0.855910443,1.056133495,2.112043938,0.000000000,1.000,171.000,,,-6.333000000,-6.336466364,1.056077727,-6.336466364,demo_adverse_cut,41087.137,1055.5,200,9994.529500000,1.998905900,1.997594100,-6.333000000,-10.329500000,0.000000000,-10.335199071,1786799956870.677,1786799956871.725,1786799956871.729,1786799956871.857,1786799956884.516,1786799957228.085,1786799957552.833,1786799957553.988,1786799957553.992,1786799957937.297,13.839,343.570,668.317,383.309,683.315,1066.620
1786800003204,6165ac7792e0404fb48f8dfe65284db4,crossing,LINK_USDT,-1,-2.113606349,1.256691499,0.856914850,1.056691499,-2.113606349,0.000000000,17.000,0.000,,,,,,,,,,,,,,,,,,1786800003204.840,,,,,,,,,,,,,,,
1786800003205,6165ac7792e0404fb48f8dfe65284db4,demo_ioc_request,LINK_USDT,-1,-2.113606349,1.256691499,0.856914850,1.056691499,-2.113606349,0.000000000,19.000,2.000,,0.886,,,,,,,,,,,,,,,,1786800003204.840,1786800003205.636,1786800003205.639,1786800003205.726,,,,,,,,,,,,
1786800003852,6165ac7792e0404fb48f8dfe65284db4,demo_ioc_response,LINK_USDT,-1,-2.113606349,1.256691499,0.856914850,1.056691499,-2.113606349,0.000000000,19.000,2.000,,0.886,,,,,,,,,,,,,,,,1786800003204.840,1786800003205.636,1786800003205.639,1786800003205.726,1786800003220.286,1786800003560.744,1786800003852.829,,,,15.446,340.458,632.543,,,
1786800004205,6165ac7792e0404fb48f8dfe65284db4,demo_position_visible,LINK_USDT,-1,-2.113606349,1.256691499,0.856914850,1.056691499,-2.113606349,0.000000000,19.000,2.000,,,,,,,,,1057.3,200,,,,,,,,1786800003204.840,1786800003205.636,1786800003205.639,1786800003205.726,1786800003220.286,1786800003560.744,1786800003852.829,1786800003853.832,1786800003853.836,1786800004205.819,15.446,340.458,632.543,351.986,648.996,1000.979
1786800009853,6165ac7792e0404fb48f8dfe65284db4,demo_exit,LINK_USDT,-1,-2.113606349,1.256691499,0.856914850,1.056691499,-2.113606349,0.000000000,19.000,2.000,,,3.171900000,3.170241995,3.170241995,-1.056747332,binance_target_caught,5440.559,1057.3,200,10005.229900000,2.001045980,2.000354020,3.171900000,-0.829500000,0.000000000,-0.829123956,1786800003204.840,1786800003205.636,1786800003205.639,1786800003205.726,1786800003220.286,1786800003560.744,1786800003852.829,1786800003853.832,1786800003853.836,1786800004205.819,15.446,340.458,632.543,351.986,648.996,1000.979
1786800052154,7cfc6842f9084bd4953df5bb1e5ea75f,crossing,LINK_USDT,1,2.115171072,1.257697393,0.857473680,1.057697393,2.115171072,0.000000000,0.000,416.000,,,,,,,,,,,,,,,,,,1786800052154.880,,,,,,,,,,,,,,,
1786800052156,7cfc6842f9084bd4953df5bb1e5ea75f,demo_ioc_request,LINK_USDT,1,2.115171072,1.257697393,0.857473680,1.057697393,2.115171072,0.000000000,2.000,418.000,,1.412,,,,,,,,,,,,,,,,1786800052154.880,1786800052156.171,1786800052156.176,1786800052156.292,,,,,,,,,,,,
1786800052791,7cfc6842f9084bd4953df5bb1e5ea75f,demo_ioc_response,LINK_USDT,1,2.115171072,1.257697393,0.857473680,1.057697393,2.115171072,0.000000000,2.000,418.000,,1.412,,,,,,,,,,,,,,,,1786800052154.880,1786800052156.171,1786800052156.176,1786800052156.292,1786800052170.574,1786800052483.388,1786800052791.747,,,,15.694,312.814,621.173,,,
1786800053102,7cfc6842f9084bd4953df5bb1e5ea75f,demo_position_visible,LINK_USDT,1,2.115171072,1.257697393,0.857473680,1.057697393,2.115171072,0.000000000,2.000,418.000,,,,,,,,,1057,200,,,,,,,,1786800052154.880,1786800052156.171,1786800052156.176,1786800052156.292,1786800052170.574,1786800052483.388,1786800052791.747,1786800052792.636,1786800052792.642,1786800053102.975,15.694,312.814,621.173,310.339,637.762,948.095
1786800057517,7cfc6842f9084bd4953df5bb1e5ea75f,demo_exit,LINK_USDT,1,2.115171072,1.257697393,0.857473680,1.057697393,2.115171072,0.000000000,2.000,418.000,,,3.171000000,3.172924379,3.172924379,-1.057641460,binance_target_caught,4128.293,1057,200,9993.935000000,1.998787000,1.999413000,3.171000000,-0.827200000,0.000000000,-0.827710206,1786800052154.880,1786800052156.171,1786800052156.176,1786800052156.292,1786800052170.574,1786800052483.388,1786800052791.747,1786800052792.636,1786800052792.642,1786800053102.975,15.694,312.814,621.173,310.339,637.762,948.095
1786800087407,b323649b9ff649098999b9a95f9d3011,crossing,XRP_USDT,-1,-1.997303647,1.198452399,0.798851248,0.998452399,-1.997303647,0.000000000,1.000,51.000,,,,,,,,,,,,,,,,,,1786800087407.169,,,,,,,,,,,,,,,
1786800087408,b323649b9ff649098999b9a95f9d3011,demo_ioc_request,XRP_USDT,-1,-1.997303647,1.198452399,0.798851248,0.998452399,-1.997303647,0.000000000,1.000,51.000,,0.859,,,,,,,,,,,,,,,,1786800087407.169,1786800087407.927,1786800087407.930,1786800087408.029,,,,,,,,,,,,
1786800088394,b323649b9ff649098999b9a95f9d3011,demo_ioc_response,XRP_USDT,-1,-1.997303647,1.198452399,0.798851248,0.998452399,-1.997303647,0.000000000,1.000,51.000,,0.859,,,,,,,,,,,,,,,,1786800087407.169,1786800087407.927,1786800087407.930,1786800087408.029,1786800087417.561,1786800087754.197,1786800088394.656,,,,10.391,336.636,977.096,,,
1786800088735,b323649b9ff649098999b9a95f9d3011,demo_position_visible,XRP_USDT,-1,-1.997303647,1.198452399,0.798851248,0.998452399,-1.997303647,0.000000000,1.000,51.000,,,,,,,,,9991,200,,,,,,,,1786800087407.169,1786800087407.927,1786800087407.930,1786800087408.029,1786800087417.561,1786800087754.197,1786800088394.656,1786800088395.598,1786800088395.603,1786800088735.363,10.391,336.636,977.096,339.765,988.434,1328.194
1786800095607,b323649b9ff649098999b9a95f9d3011,demo_exit,XRP_USDT,-1,-1.997303647,1.198452399,0.798851248,0.998452399,-1.997303647,0.000000000,1.000,51.000,,,1.998200000,1.997004493,1.997004493,-0.998502247,binance_target_caught,6583.327,9991,200,10005.986500000,2.001197300,2.000702700,1.998200000,-2.003700000,0.000000000,-2.002596106,1786800087407.169,1786800087407.927,1786800087407.930,1786800087408.029,1786800087417.561,1786800087754.197,1786800088394.656,1786800088395.598,1786800088395.603,1786800088735.363,10.391,336.636,977.096,339.765,988.434,1328.194
1786800102292,31002f3bc3ff452881c96f2c248a8afa,crossing,LINK_USDT,-1,-2.113606349,1.256691499,0.856914850,1.056691499,-2.113606349,0.000000000,0.000,989.000,,,,,,,,,,,,,,,,,,1786800102292.800,,,,,,,,,,,,,,,
1786800102294,31002f3bc3ff452881c96f2c248a8afa,demo_ioc_request,LINK_USDT,-1,-2.113606349,1.256691499,0.856914850,1.056691499,-2.113606349,0.000000000,2.000,991.000,,1.456,,,,,,,,,,,,,,,,1786800102292.800,1786800102294.138,1786800102294.143,1786800102294.256,,,,,,,,,,,,
1786800104052,31002f3bc3ff452881c96f2c248a8afa,demo_ioc_response,LINK_USDT,-1,-2.113606349,1.256691499,0.856914850,1.056691499,-2.113606349,0.000000000,2.000,991.000,,1.456,,,,,,,,,,,,,,,,1786800102292.800,1786800102294.138,1786800102294.143,1786800102294.256,1786800102313.059,1786800102632.966,1786800104052.183,,,,20.259,319.907,1739.124,,,
1786800109680,31002f3bc3ff452881c96f2c248a8afa,rejected,LINK_USDT,-1,-2.113606349,1.256691499,0.856914850,1.056691499,-2.113606349,0.000000000,2.000,991.000,demo_ioc_unfilled_or_pending,1.456,,,,,,,,,,,,,,,,1786800102292.800,1786800102294.138,1786800102294.143,1786800102294.256,1786800102313.059,1786800102632.966,1786800104052.183,1786800104052.973,,,20.259,319.907,1739.124,,,
1786800120757,2bcc7515b32f4be3be8ae8ede9ab140a,crossing,LINK_USDT,1,2.118531865,1.259378145,0.859153720,1.059378145,2.118531865,0.000000000,0.000,284.000,,,,,,,,,,,,,,,,,,1786800120757.900,,,,,,,,,,,,,,,
1786800120758,2bcc7515b32f4be3be8ae8ede9ab140a,demo_ioc_request,LINK_USDT,1,2.118531865,1.259378145,0.859153720,1.059378145,2.118531865,0.000000000,1.000,285.000,,0.768,,,,,,,,,,,,,,,,1786800120757.900,1786800120758.561,1786800120758.564,1786800120758.668,,,,,,,,,,,,
1786800121783,2bcc7515b32f4be3be8ae8ede9ab140a,demo_ioc_response,LINK_USDT,1,2.118531865,1.259378145,0.859153720,1.059378145,2.118531865,0.000000000,1.000,285.000,,0.768,,,,,,,,,,,,,,,,1786800120757.900,1786800120758.561,1786800120758.564,1786800120758.668,1786800120766.934,1786800121072.229,1786800121783.694,,,,9.034,305.295,1016.760,,,
1786800122099,2bcc7515b32f4be3be8ae8ede9ab140a,demo_position_visible,LINK_USDT,1,2.118531865,1.259378145,0.859153720,1.059378145,2.118531865,0.000000000,1.000,285.000,,,,,,,,,1058.7,200,,,,,,,,1786800120757.900,1786800120758.561,1786800120758.564,1786800120758.668,1786800120766.934,1786800121072.229,1786800121783.694,1786800121784.647,1786800121784.650,1786800122099.183,9.034,305.295,1016.760,314.536,1026.751,1341.283
1786800134244,2bcc7515b32f4be3be8ae8ede9ab140a,demo_exit,LINK_USDT,1,2.118531865,1.259378145,0.859153720,1.059378145,2.118531865,0.000000000,1.000,285.000,,,6.352200000,6.355932203,6.355932203,-1.059322034,binance_target_caught,6936.647,1058.7,200,9994.128000000,1.998825600,2.000074400,6.352200000,2.353300000,0.000000000,2.354661017,1786800120757.900,1786800120758.561,1786800120758.564,1786800120758.668,1786800120766.934,1786800121072.229,1786800121783.694,1786800121784.647,1786800121784.650,1786800122099.183,9.034,305.295,1016.760,314.536,1026.751,1341.283
1786800135613,8478733022904b4f9004922400a3be9e,crossing,LINK_USDT,-1,-2.114723772,1.257473695,0.857250077,1.057473695,-2.114723772,0.000000000,0.000,424.000,,,,,,,,,,,,,,,,,,1786800135613.581,,,,,,,,,,,,,,,
1786800135614,8478733022904b4f9004922400a3be9e,demo_ioc_request,LINK_USDT,-1,-2.114723772,1.257473695,0.857250077,1.057473695,-2.114723772,0.000000000,1.000,425.000,,0.693,,,,,,,,,,,,,,,,1786800135613.581,1786800135614.206,1786800135614.208,1786800135614.275,,,,,,,,,,,,
1786800137382,8478733022904b4f9004922400a3be9e,demo_ioc_response,LINK_USDT,-1,-2.114723772,1.257473695,0.857250077,1.057473695,-2.114723772,0.000000000,1.000,425.000,,0.693,,,,,,,,,,,,,,,,1786800135613.581,1786800135614.206,1786800135614.208,1786800135614.275,1786800135624.854,1786800135936.474,1786800137382.105,,,,11.272,311.620,1757.251,,,
1786800143025,8478733022904b4f9004922400a3be9e,rejected,LINK_USDT,-1,-2.114723772,1.257473695,0.857250077,1.057473695,-2.114723772,0.000000000,1.000,425.000,demo_ioc_unfilled_or_pending,0.693,,,,,,,,,,,,,,,,1786800135613.581,1786800135614.206,1786800135614.208,1786800135614.275,1786800135624.854,1786800135936.474,1786800137382.105,1786800137383.077,,,11.272,311.620,1757.251,,,
1786800178950,074ac26004ff461eba48b3ff4492d290,crossing,LINK_USDT,1,2.114276661,1.257250093,0.857026568,1.057250093,2.114276661,0.000000000,0.000,471.000,,,,,,,,,,,,,,,,,,1786800178950.490,,,,,,,,,,,,,,,
1786800178951,074ac26004ff461eba48b3ff4492d290,demo_ioc_request,LINK_USDT,1,2.114276661,1.257250093,0.857026568,1.057250093,2.114276661,0.000000000,1.000,472.000,,1.422,,,,,,,,,,,,,,,,1786800178950.490,1786800178951.768,1786800178951.772,1786800178951.912,,,,,,,,,,,,
1786800179609,074ac26004ff461eba48b3ff4492d290,demo_ioc_response,LINK_USDT,1,2.114276661,1.257250093,0.857026568,1.057250093,2.114276661,0.000000000,1.000,472.000,,1.422,,,,,,,,,,,,,,,,1786800178950.490,1786800178951.768,1786800178951.772,1786800178951.912,1786800178969.755,1786800179322.548,1786800179609.142,,,,19.265,352.793,639.388,,,
1786800179999,074ac26004ff461eba48b3ff4492d290,demo_position_visible,LINK_USDT,1,2.114276661,1.257250093,0.857026568,1.057250093,2.114276661,0.000000000,1.000,472.000,,,,,,,,,1056.6,200,,,,,,,,1786800178950.490,1786800178951.768,1786800178951.772,1786800178951.912,1786800178969.755,1786800179322.548,1786800179609.142,1786800179610.442,1786800179610.450,1786800179999.892,19.265,352.793,639.388,389.450,659.960,1049.402
1786800184962,074ac26004ff461eba48b3ff4492d290,demo_exit,LINK_USDT,1,2.114276661,1.257250093,0.857026568,1.057250093,2.114276661,0.000000000,1.000,472.000,,,2.113200000,2.114388413,2.114388413,-1.057194207,binance_target_caught,4784.519,1056.6,200,9994.379400000,1.998875880,1.999224120,2.113200000,-1.884900000,0.000000000,-1.886034465,1786800178950.490,1786800178951.768,1786800178951.772,1786800178951.912,1786800178969.755,1786800179322.548,1786800179609.142,1786800179610.442,1786800179610.450,1786800179999.892,19.265,352.793,639.388,389.450,659.960,1049.402
1786800217664,f818a47d68294f748a420c47ae9884aa,crossing,LINK_USDT,-1,-2.110929344,1.256021965,0.854907379,1.056021965,-2.110929344,0.000000000,0.000,1420.000,,,,,,,,,,,,,,,,,,1786800217664.323,,,,,,,,,,,,,,,
1786800217665,f818a47d68294f748a420c47ae9884aa,demo_ioc_request,LINK_USDT,-1,-2.110929344,1.256021965,0.854907379,1.056021965,-2.110929344,0.000000000,2.000,1422.000,,1.020,,,,,,,,,,,,,,,,1786800217664.323,1786800217665.244,1786800217665.246,1786800217665.343,,,,,,,,,,,,
1786800218287,f818a47d68294f748a420c47ae9884aa,demo_ioc_response,LINK_USDT,-1,-2.110929344,1.256021965,0.854907379,1.056021965,-2.110929344,0.000000000,2.000,1422.000,,1.020,,,,,,,,,,,,,,,,1786800217664.323,1786800217665.244,1786800217665.246,1786800217665.343,1786800217680.196,1786800218008.140,1786800218287.251,,,,15.872,327.945,607.055,,,
1786800223631,f818a47d68294f748a420c47ae9884aa,rejected,LINK_USDT,-1,-2.110929344,1.256021965,0.854907379,1.056021965,-2.110929344,0.000000000,2.000,1422.000,demo_ioc_unfilled_or_pending,1.020,,,,,,,,,,,,,,,,1786800217664.323,1786800217665.244,1786800217665.246,1786800217665.343,1786800217680.196,1786800218008.140,1786800218287.251,1786800218288.991,,,15.872,327.945,607.055,,,
1786800291768,2fbab737a17342eba1d7cee5a938e909,crossing,LINK_USDT,1,2.110483836,1.255130572,0.855353264,1.055130572,2.110483836,0.000000000,0.000,1502.000,,,,,,,,,,,,,,,,,,1786800291768.433,,,,,,,,,,,,,,,
1786800291769,2fbab737a17342eba1d7cee5a938e909,demo_ioc_request,LINK_USDT,1,2.110483836,1.255130572,0.855353264,1.055130572,2.110483836,0.000000000,1.000,1503.000,,1.103,,,,,,,,,,,,,,,,1786800291768.433,1786800291769.435,1786800291769.438,1786800291769.536,,,,,,,,,,,,
1786800292401,2fbab737a17342eba1d7cee5a938e909,demo_ioc_response,LINK_USDT,1,2.110483836,1.255130572,0.855353264,1.055130572,2.110483836,0.000000000,1.000,1503.000,,1.103,,,,,,,,,,,,,,,,1786800291768.433,1786800291769.435,1786800291769.438,1786800291769.536,1786800291785.344,1786800292113.910,1786800292401.358,,,,16.912,328.566,616.013,,,
1786800293110,2fbab737a17342eba1d7cee5a938e909,demo_position_visible,LINK_USDT,1,2.110483836,1.255130572,0.855353264,1.055130572,2.110483836,0.000000000,1.000,1503.000,,,,,,,,,1054.5,200,,,,,,,,1786800291768.433,1786800291769.435,1786800291769.438,1786800291769.536,1786800291785.344,1786800292113.910,1786800292401.358,1786800292402.487,1786800292402.495,1786800293110.048,16.912,328.566,616.013,707.560,634.062,1341.615
1786800339655,2fbab737a17342eba1d7cee5a938e909,demo_exit,LINK_USDT,1,2.110483836,1.255130572,0.855353264,1.055130572,2.110483836,0.000000000,1.000,1503.000,,,3.163500000,3.165224731,3.165224731,-1.055074910,binance_target_caught,46683.246,1054.5,200,9994.551000000,1.998910200,1.999489800,3.163500000,-0.834900000,0.000000000,-0.835408314,1786800291768.433,1786800291769.435,1786800291769.438,1786800291769.536,1786800291785.344,1786800292113.910,1786800292401.358,1786800292402.487,1786800292402.495,1786800293110.048,16.912,328.566,616.013,707.560,634.062,1341.615
1786800429279,57aeaf7cdad14fdba5b9f23a97aa0a15,crossing,LINK_USDT,-1,-2.111375041,1.255576081,0.855798960,1.055576081,-2.111375041,0.000000000,0.000,1188.000,,,,,,,,,,,,,,,,,,1786800429279.401,,,,,,,,,,,,,,,
1786800429280,57aeaf7cdad14fdba5b9f23a97aa0a15,demo_ioc_request,LINK_USDT,-1,-2.111375041,1.255576081,0.855798960,1.055576081,-2.111375041,0.000000000,1.000,1189.000,,1.243,,,,,,,,,,,,,,,,1786800429279.401,1786800429280.533,1786800429280.538,1786800429280.644,,,,,,,,,,,,
1786800429952,57aeaf7cdad14fdba5b9f23a97aa0a15,demo_ioc_response,LINK_USDT,-1,-2.111375041,1.255576081,0.855798960,1.055576081,-2.111375041,0.000000000,1.000,1189.000,,1.243,,,,,,,,,,,,,,,,1786800429279.401,1786800429280.533,1786800429280.538,1786800429280.644,1786800429291.014,1786800429635.636,1786800429952.400,,,,11.613,344.622,661.385,,,
1786800435606,57aeaf7cdad14fdba5b9f23a97aa0a15,rejected,LINK_USDT,-1,-2.111375041,1.255576081,0.855798960,1.055576081,-2.111375041,0.000000000,1.000,1189.000,demo_ioc_unfilled_or_pending,1.243,,,,,,,,,,,,,,,,1786800429279.401,1786800429280.533,1786800429280.538,1786800429280.644,1786800429291.014,1786800429635.636,1786800429952.400,1786800429953.469,,,11.613,344.622,661.385,,,
1786800450782,a75c9690f3704a5c91bb391ec99bd584,crossing,LINK_USDT,1,1.584242076,1.256245049,0.327997027,1.056245049,1.584242076,0.000000000,0.000,1653.000,,,,,,,,,,,,,,,,,,1786800450782.225,,,,,,,,,,,,,,,
1786800450783,a75c9690f3704a5c91bb391ec99bd584,demo_ioc_request,LINK_USDT,1,1.584242076,1.256245049,0.327997027,1.056245049,1.584242076,0.000000000,2.000,1655.000,,1.486,,,,,,,,,,,,,,,,1786800450782.225,1786800450783.505,1786800450783.509,1786800450783.711,,,,,,,,,,,,
1786800451433,a75c9690f3704a5c91bb391ec99bd584,demo_ioc_response,LINK_USDT,1,1.584242076,1.256245049,0.327997027,1.056245049,1.584242076,0.000000000,2.000,1655.000,,1.486,,,,,,,,,,,,,,,,1786800450782.225,1786800450783.505,1786800450783.509,1786800450783.711,1786800450803.890,1786800451126.509,1786800451433.964,,,,21.665,322.619,630.074,,,
1786800456773,a75c9690f3704a5c91bb391ec99bd584,rejected,LINK_USDT,1,1.584242076,1.256245049,0.327997027,1.056245049,1.584242076,0.000000000,2.000,1655.000,demo_ioc_unfilled_or_pending,1.486,,,,,,,,,,,,,,,,1786800450782.225,1786800450783.505,1786800450783.509,1786800450783.711,1786800450803.890,1786800451126.509,1786800451433.964,1786800451434.927,,,21.665,322.619,630.074,,,
1786800481523,09de2bc6a1a14ea3b185fb4079693163,crossing,LINK_USDT,-1,-2.111597960,1.255687516,0.855910443,1.055687516,-2.111597960,0.000000000,0.000,441.000,,,,,,,,,,,,,,,,,,1786800481523.444,,,,,,,,,,,,,,,
1786800481524,09de2bc6a1a14ea3b185fb4079693163,demo_ioc_request,LINK_USDT,-1,-2.111597960,1.255687516,0.855910443,1.055687516,-2.111597960,0.000000000,1.000,442.000,,0.781,,,,,,,,,,,,,,,,1786800481523.444,1786800481524.130,1786800481524.132,1786800481524.225,,,,,,,,,,,,
1786800482148,09de2bc6a1a14ea3b185fb4079693163,demo_ioc_response,LINK_USDT,-1,-2.111597960,1.255687516,0.855910443,1.055687516,-2.111597960,0.000000000,1.000,442.000,,0.781,,,,,,,,,,,,,,,,1786800481523.444,1786800481524.130,1786800481524.132,1786800481524.225,1786800481538.335,1786800481846.276,1786800482148.079,,,,14.891,307.941,609.744,,,
1786800482450,09de2bc6a1a14ea3b185fb4079693163,demo_position_visible,LINK_USDT,-1,-2.111597960,1.255687516,0.855910443,1.055687516,-2.111597960,0.000000000,1.000,442.000,,,,,,,,,1056.3,200,,,,,,,,1786800481523.444,1786800481524.130,1786800481524.132,1786800481524.225,1786800481538.335,1786800481846.276,1786800482148.079,1786800482148.887,1786800482148.891,1786800482450.213,14.891,307.941,609.744,301.326,625.447,926.769
1786800519012,09de2bc6a1a14ea3b185fb4079693163,demo_exit,LINK_USDT,-1,-2.111597960,1.255687516,0.855910443,1.055687516,-2.111597960,0.000000000,1.000,442.000,,,12.675600000,12.668918919,12.668918919,-1.055743243,binance_target_caught,36277.076,1056.3,200,10005.273600000,2.001054720,1.998445280,12.675600000,8.676100000,0.000000000,8.671452703,1786800481523.444,1786800481524.130,1786800481524.132,1786800481524.225,1786800481538.335,1786800481846.276,1786800482148.079,1786800482148.887,1786800482148.891,1786800482450.213,14.891,307.941,609.744,301.326,625.447,926.769
1786800528858,37f6704c2e264c7fad7b431e107b9a07,crossing,LINK_USDT,1,2.114053176,1.257138327,0.856914850,1.057138327,2.114053176,0.000000000,0.000,380.000,,,,,,,,,,,,,,,,,,1786800528858.836,,,,,,,,,,,,,,,
1786800528859,37f6704c2e264c7fad7b431e107b9a07,demo_ioc_request,LINK_USDT,1,2.114053176,1.257138327,0.856914850,1.057138327,2.114053176,0.000000000,1.000,381.000,,0.901,,,,,,,,,,,,,,,,1786800528858.836,1786800528859.653,1786800528859.656,1786800528859.737,,,,,,,,,,,,
1786800529561,37f6704c2e264c7fad7b431e107b9a07,demo_ioc_response,LINK_USDT,1,2.114053176,1.257138327,0.856914850,1.057138327,2.114053176,0.000000000,1.000,381.000,,0.901,,,,,,,,,,,,,,,,1786800528858.836,1786800528859.653,1786800528859.656,1786800528859.737,1786800528868.794,1786800529256.355,1786800529561.666,,,,9.958,387.562,692.872,,,
1786800529879,37f6704c2e264c7fad7b431e107b9a07,demo_position_visible,LINK_USDT,1,2.114053176,1.257138327,0.856914850,1.057138327,2.114053176,0.000000000,1.000,381.000,,,,,,,,,1056.5,200,,,,,,,,1786800528858.836,1786800528859.653,1786800528859.656,1786800528859.737,1786800528868.794,1786800529256.355,1786800529561.666,1786800529563.491,1786800529563.501,1786800529879.554,9.958,387.562,692.872,316.063,704.665,1020.718
1786800534917,37f6704c2e264c7fad7b431e107b9a07,demo_exit,LINK_USDT,1,2.114053176,1.257138327,0.856914850,1.057138327,2.114053176,0.000000000,1.000,381.000,,,-2.113000000,-2.114164905,0.000000000,-2.114164905,demo_adverse_cut,4874.092,1056.5,200,9994.490000000,1.998898000,1.998402000,-2.113000000,-6.110300000,0.000000000,-6.113742072,1786800528858.836,1786800528859.653,1786800528859.656,1786800528859.737,1786800528868.794,1786800529256.355,1786800529561.666,1786800529563.491,1786800529563.501,1786800529879.554,9.958,387.562,692.872,316.063,704.665,1020.718
1786800666851,cd39b5fed85a4c548f6568c881092fa4,crossing,LINK_USDT,-1,-2.113829739,1.256803170,0.857026568,1.056803170,-2.113829739,0.000000000,1.000,20.000,,,,,,,,,,,,,,,,,,1786800666851.306,,,,,,,,,,,,,,,
1786800666853,cd39b5fed85a4c548f6568c881092fa4,demo_ioc_request,LINK_USDT,-1,-2.113829739,1.256803170,0.857026568,1.056803170,-2.113829739,0.000000000,3.000,22.000,,1.966,,,,,,,,,,,,,,,,1786800666851.306,1786800666853.129,1786800666853.134,1786800666853.272,,,,,,,,,,,,
1786800667593,cd39b5fed85a4c548f6568c881092fa4,demo_ioc_response,LINK_USDT,-1,-2.113829739,1.256803170,0.857026568,1.056803170,-2.113829739,0.000000000,3.000,22.000,,1.966,,,,,,,,,,,,,,,,1786800666851.306,1786800666853.129,1786800666853.134,1786800666853.272,1786800666868.897,1786800667192.114,1786800667593.306,,,,17.591,323.217,724.409,,,
1786800672951,cd39b5fed85a4c548f6568c881092fa4,rejected,LINK_USDT,-1,-2.113829739,1.256803170,0.857026568,1.056803170,-2.113829739,0.000000000,3.000,22.000,demo_ioc_unfilled_or_pending,1.966,,,,,,,,,,,,,,,,1786800666851.306,1786800666853.129,1786800666853.134,1786800666853.272,1786800666868.897,1786800667192.114,1786800667593.306,1786800667594.126,,,17.591,323.217,724.409,,,
1786800774958,a79931371ea649d180c2eee0b75ba27f,crossing,LINK_USDT,1,2.118980778,1.259602649,0.859378129,1.059602649,2.118980778,0.000000000,0.000,1791.000,,,,,,,,,,,,,,,,,,1786800774958.137,,,,,,,,,,,,,,,
1786800774959,a79931371ea649d180c2eee0b75ba27f,demo_ioc_request,LINK_USDT,1,2.118980778,1.259602649,0.859378129,1.059602649,2.118980778,0.000000000,2.000,1793.000,,1.276,,,,,,,,,,,,,,,,1786800774958.137,1786800774959.296,1786800774959.299,1786800774959.414,,,,,,,,,,,,
1786800775611,a79931371ea649d180c2eee0b75ba27f,demo_ioc_response,LINK_USDT,1,2.118980778,1.259602649,0.859378129,1.059602649,2.118980778,0.000000000,2.000,1793.000,,1.276,,,,,,,,,,,,,,,,1786800774958.137,1786800774959.296,1786800774959.299,1786800774959.414,1786800774973.428,1786800775314.815,1786800775611.884,,,,15.291,341.387,638.455,,,
1786800775956,a79931371ea649d180c2eee0b75ba27f,demo_position_visible,LINK_USDT,1,2.118980778,1.259602649,0.859378129,1.059602649,2.118980778,0.000000000,2.000,1793.000,,,,,,,,,1058.9,200,,,,,,,,1786800774958.137,1786800774959.296,1786800774959.299,1786800774959.414,1786800774973.428,1786800775314.815,1786800775611.884,1786800775613.262,1786800775613.268,1786800775956.336,15.291,341.387,638.455,343.074,655.131,998.198
1786800779572,a79931371ea649d180c2eee0b75ba27f,demo_exit,LINK_USDT,1,2.118980778,1.259602649,0.859378129,1.059602649,2.118980778,0.000000000,2.000,1793.000,,,2.117800000,2.119093028,2.119093028,-1.059546514,binance_target_caught,3451.682,1058.9,200,9993.898200000,1.998779640,1.999120360,2.117800000,-1.880100000,0.000000000,-1.881330790,1786800774958.137,1786800774959.296,1786800774959.299,1786800774959.414,1786800774973.428,1786800775314.815,1786800775611.884,1786800775613.262,1786800775613.268,1786800775956.336,15.291,341.387,638.455,343.074,655.131,998.198
1786800784090,2297470573b645d69069e93a6e1e9934,crossing,LINK_USDT,-1,-2.119205306,1.259714937,0.859490369,1.059714937,-2.119205306,0.000000000,22.000,176.000,,,,,,,,,,,,,,,,,,1786800784090.282,,,,,,,,,,,,,,,
1786800784091,2297470573b645d69069e93a6e1e9934,demo_ioc_request,LINK_USDT,-1,-2.119205306,1.259714937,0.859490369,1.059714937,-2.119205306,0.000000000,23.000,177.000,,0.902,,,,,,,,,,,,,,,,1786800784090.282,1786800784091.041,1786800784091.044,1786800784091.185,,,,,,,,,,,,
1786800784728,2297470573b645d69069e93a6e1e9934,demo_ioc_response,LINK_USDT,-1,-2.119205306,1.259714937,0.859490369,1.059714937,-2.119205306,0.000000000,23.000,177.000,,0.902,,,,,,,,,,,,,,,,1786800784090.282,1786800784091.041,1786800784091.044,1786800784091.185,1786800784103.215,1786800784425.977,1786800784728.519,,,,12.932,322.763,625.304,,,
1786800790089,2297470573b645d69069e93a6e1e9934,rejected,LINK_USDT,-1,-2.119205306,1.259714937,0.859490369,1.059714937,-2.119205306,0.000000000,23.000,177.000,demo_ioc_unfilled_or_pending,0.902,,,,,,,,,,,,,,,,1786800784090.282,1786800784091.041,1786800784091.044,1786800784091.185,1786800784103.215,1786800784425.977,1786800784728.519,1786800784729.640,,,12.932,322.763,625.304,,,
1786800807330,175786c192a4420681747dffbbb09687,crossing,LINK_USDT,1,2.116738114,1.258481080,0.858257035,1.058481080,2.116738114,0.000000000,0.000,1350.000,,,,,,,,,,,,,,,,,,1786800807330.282,,,,,,,,,,,,,,,
1786800807331,175786c192a4420681747dffbbb09687,demo_ioc_request,LINK_USDT,1,2.116738114,1.258481080,0.858257035,1.058481080,2.116738114,0.000000000,0.000,1350.000,,0.751,,,,,,,,,,,,,,,,1786800807330.282,1786800807330.948,1786800807330.951,1786800807331.033,,,,,,,,,,,,
1786800808000,175786c192a4420681747dffbbb09687,demo_ioc_response,LINK_USDT,1,2.116738114,1.258481080,0.858257035,1.058481080,2.116738114,0.000000000,0.000,1350.000,,0.751,,,,,,,,,,,,,,,,1786800807330.282,1786800807330.948,1786800807330.951,1786800807331.033,1786800807347.006,1786800807717.478,1786800808000.536,,,,16.723,370.472,653.530,,,
1786800808329,175786c192a4420681747dffbbb09687,demo_position_visible,LINK_USDT,1,2.116738114,1.258481080,0.858257035,1.058481080,2.116738114,0.000000000,0.000,1350.000,,,,,,,,,1057.8,200,,,,,,,,1786800807330.282,1786800807330.948,1786800807330.951,1786800807331.033,1786800807347.006,1786800807717.478,1786800808000.536,1786800808001.545,1786800808001.549,1786800808329.743,16.723,370.472,653.530,328.198,671.267,999.460
1786800811424,175786c192a4420681747dffbbb09687,demo_exit,LINK_USDT,1,2.116738114,1.258481080,0.858257035,1.058481080,2.116738114,0.000000000,0.000,1350.000,,,2.115600000,2.116850127,2.116850127,-1.058425064,binance_target_caught,2859.077,1057.8,200,9994.094400000,1.998818880,1.999181120,2.115600000,-1.882400000,0.000000000,-1.883573243,1786800807330.282,1786800807330.948,1786800807330.951,1786800807331.033,1786800807347.006,1786800807717.478,1786800808000.536,1786800808001.545,1786800808001.549,1786800808329.743,16.723,370.472,653.530,328.198,671.267,999.460
1786800839404,167b2ce768964dceb9c59575c6695d79,crossing,XRP_USDT,1,1.996705443,1.198452399,0.798253044,0.998452399,1.996705443,0.000000000,7.000,160.000,,,,,,,,,,,,,,,,,,1786800839404.019,,,,,,,,,,,,,,,
1786800839405,167b2ce768964dceb9c59575c6695d79,demo_ioc_request,XRP_USDT,1,1.996705443,1.198452399,0.798253044,0.998452399,1.996705443,0.000000000,10.000,163.000,,1.060,,,,,,,,,,,,,,,,1786800839404.019,1786800839404.971,1786800839404.975,1786800839405.079,,,,,,,,,,,,
1786800840046,167b2ce768964dceb9c59575c6695d79,demo_ioc_response,XRP_USDT,1,1.996705443,1.198452399,0.798253044,0.998452399,1.996705443,0.000000000,10.000,163.000,,1.060,,,,,,,,,,,,,,,,1786800839404.019,1786800839404.971,1786800839404.975,1786800839405.079,1786800839422.383,1786800839769.629,1786800840046.950,,,,18.364,347.247,624.567,,,
1786800840395,167b2ce768964dceb9c59575c6695d79,demo_position_visible,XRP_USDT,1,1.996705443,1.198452399,0.798253044,0.998452399,1.996705443,0.000000000,10.000,163.000,,,,,,,,,9978,200,,,,,,,,1786800839404.019,1786800839404.971,1786800839404.975,1786800839405.079,1786800839422.383,1786800839769.629,1786800840046.950,1786800840047.705,1786800840047.709,1786800840395.670,18.364,347.247,624.567,347.966,643.690,991.651
1786800900875,167b2ce768964dceb9c59575c6695d79,demo_exit,XRP_USDT,1,1.996705443,1.198452399,0.798253044,0.998452399,1.996705443,0.000000000,10.000,163.000,,,-0.997800000,-0.998402556,0.998402556,-0.998402556,microspread_timeout,60224.190,9978,200,9993.964800000,1.998792960,1.998507040,-0.997800000,-4.995100000,0.000000000,-4.998202875,1786800839404.019,1786800839404.971,1786800839404.975,1786800839405.079,1786800839422.383,1786800839769.629,1786800840046.950,1786800840047.705,1786800840047.709,1786800840395.670,18.364,347.247,624.567,347.966,643.690,991.651
1786800965560,8e2a0f1c17a8458294803e926a0b22a2,crossing,LINK_USDT,-1,-7.944284505,1.258593130,6.685691376,1.058593130,-7.944284505,0.000000000,0.000,178.000,,,,,,,,,,,,,,,,,,1786800965560.840,,,,,,,,,,,,,,,
1786800965561,8e2a0f1c17a8458294803e926a0b22a2,demo_ioc_request,LINK_USDT,-1,-7.944284505,1.258593130,6.685691376,1.058593130,-7.944284505,0.000000000,2.000,180.000,,0.700,,,,,,,,,,,,,,,,1786800965560.840,1786800965561.452,1786800965561.454,1786800965561.540,,,,,,,,,,,,
1786800966218,8e2a0f1c17a8458294803e926a0b22a2,demo_ioc_response,LINK_USDT,-1,-7.944284505,1.258593130,6.685691376,1.058593130,-7.944284505,0.000000000,2.000,180.000,,0.700,,,,,,,,,,,,,,,,1786800965560.840,1786800965561.452,1786800965561.454,1786800965561.540,1786800965576.624,1786800965939.908,1786800966217.992,,,,15.784,363.284,641.368,,,
1786800966539,8e2a0f1c17a8458294803e926a0b22a2,demo_position_visible,LINK_USDT,-1,-7.944284505,1.258593130,6.685691376,1.058593130,-7.944284505,0.000000000,2.000,180.000,,,,,,,,,1059.2,200,,,,,,,,1786800965560.840,1786800965561.452,1786800965561.454,1786800965561.540,1786800965576.624,1786800965939.908,1786800966217.992,1786800966219.118,1786800966219.125,1786800966539.964,15.784,363.284,641.368,320.846,658.285,979.124
1786800973285,8e2a0f1c17a8458294803e926a0b22a2,demo_exit,LINK_USDT,-1,-7.944284505,1.258593130,6.685691376,1.058593130,-7.944284505,0.000000000,2.000,180.000,,,13.769600000,13.762439128,13.762439128,-1.058649164,binance_target_caught,6482.369,1059.2,200,10005.203200000,2.001040640,1.998259360,13.769600000,9.770300000,0.000000000,9.765191615,1786800965560.840,1786800965561.452,1786800965561.454,1786800965561.540,1786800965576.624,1786800965939.908,1786800966217.992,1786800966219.118,1786800966219.125,1786800966539.964,15.784,363.284,641.368,320.846,658.285,979.124
1786801000068,b98c66ca9b3d4025aee906334ccc7a34,crossing,LINK_USDT,1,2.120328659,1.260389163,0.859939496,1.060389163,2.120328659,0.000000000,0.000,1058.000,,,,,,,,,,,,,,,,,,1786801000068.620,,,,,,,,,,,,,,,
1786801000069,b98c66ca9b3d4025aee906334ccc7a34,demo_ioc_request,LINK_USDT,1,2.120328659,1.260389163,0.859939496,1.060389163,2.120328659,0.000000000,1.000,1059.000,,0.917,,,,,,,,,,,,,,,,1786801000068.620,1786801000069.421,1786801000069.423,1786801000069.537,,,,,,,,,,,,
1786801001817,b98c66ca9b3d4025aee906334ccc7a34,demo_ioc_response,LINK_USDT,1,2.120328659,1.260389163,0.859939496,1.060389163,2.120328659,0.000000000,1.000,1059.000,,0.917,,,,,,,,,,,,,,,,1786801000068.620,1786801000069.421,1786801000069.423,1786801000069.537,1786801000081.652,1786801000406.713,1786801001817.631,,,,13.031,325.062,1735.979,,,
1786801005133,b98c66ca9b3d4025aee906334ccc7a34,demo_position_visible,LINK_USDT,1,2.120328659,1.260389163,0.859939496,1.060389163,2.120328659,0.000000000,1.000,1059.000,,,,,,,,,1059.7,200,,,,,,,,1786801000068.620,1786801000069.421,1786801000069.423,1786801000069.537,1786801000081.652,1786801000406.713,1786801001817.631,1786801001818.677,,1786801005133.769,13.031,325.062,1735.979,3315.092,,5065.149
1786801012418,b98c66ca9b3d4025aee906334ccc7a34,demo_exit,LINK_USDT,1,2.120328659,1.260389163,0.859939496,1.060389163,2.120328659,0.000000000,1.000,1059.000,,,4.238800000,4.241331778,4.241331778,0.000000000,binance_target_caught,5082.852,1059.7,200,9994.030700000,0.000000000,3.998400000,4.238800000,0.240400000,0.000000000,2.240483512,1786801000068.620,1786801000069.421,1786801000069.423,1786801000069.537,1786801000081.652,1786801000406.713,1786801001817.631,1786801001818.677,,1786801005133.769,13.031,325.062,1735.979,3315.092,,5065.149
1786801054308,fcf146fc72a641518edf71e57d4f478e,crossing,LINK_USDT,-1,-1.590878964,1.260501617,0.330377347,1.060501617,-1.590878964,0.000000000,1.000,79.000,,,,,,,,,,,,,,,,,,1786801054308.216,,,,,,,,,,,,,,,
1786801054309,fcf146fc72a641518edf71e57d4f478e,demo_ioc_request,LINK_USDT,-1,-1.590878964,1.260501617,0.330377347,1.060501617,-1.590878964,0.000000000,1.000,79.000,,0.848,,,,,,,,,,,,,,,,1786801054308.216,1786801054308.942,1786801054308.945,1786801054309.064,,,,,,,,,,,,
1786801054956,fcf146fc72a641518edf71e57d4f478e,demo_ioc_response,LINK_USDT,-1,-1.590878964,1.260501617,0.330377347,1.060501617,-1.590878964,0.000000000,1.000,79.000,,0.848,,,,,,,,,,,,,,,,1786801054308.216,1786801054308.942,1786801054308.945,1786801054309.064,1786801054322.027,1786801054662.806,1786801054956.161,,,,13.811,340.779,634.135,,,
1786801060331,fcf146fc72a641518edf71e57d4f478e,rejected,LINK_USDT,-1,-1.590878964,1.260501617,0.330377347,1.060501617,-1.590878964,0.000000000,1.000,79.000,demo_ioc_unfilled_or_pending,0.848,,,,,,,,,,,,,,,,1786801054308.216,1786801054308.942,1786801054308.945,1786801054309.064,1786801054322.027,1786801054662.806,1786801054956.161,1786801054957.378,,,13.811,340.779,634.135,,,
1786801102782,b11fcbcc131f467180f3d68da8cbe942,crossing,LINK_USDT,1,2.119879175,1.260051943,0.859827232,1.060051943,2.119879175,0.000000000,0.000,731.000,,,,,,,,,,,,,,,,,,1786801102782.125,,,,,,,,,,,,,,,
1786801102783,b11fcbcc131f467180f3d68da8cbe942,demo_ioc_request,LINK_USDT,1,2.119879175,1.260051943,0.859827232,1.060051943,2.119879175,0.000000000,2.000,733.000,,1.323,,,,,,,,,,,,,,,,1786801102782.125,1786801102783.336,1786801102783.340,1786801102783.448,,,,,,,,,,,,
1786801103444,b11fcbcc131f467180f3d68da8cbe942,demo_ioc_response,LINK_USDT,1,2.119879175,1.260051943,0.859827232,1.060051943,2.119879175,0.000000000,2.000,733.000,,1.323,,,,,,,,,,,,,,,,1786801102782.125,1786801102783.336,1786801102783.340,1786801102783.448,1786801102799.583,1786801103137.438,1786801103443.990,,,,17.458,337.854,644.406,,,
1786801108980,b11fcbcc131f467180f3d68da8cbe942,rejected,LINK_USDT,1,2.119879175,1.260051943,0.859827232,1.060051943,2.119879175,0.000000000,2.000,733.000,demo_ioc_unfilled_or_pending,1.323,,,,,,,,,,,,,,,,1786801102782.125,1786801102783.336,1786801102783.340,1786801102783.448,1786801102799.583,1786801103137.438,1786801103443.990,1786801103444.839,,,17.458,337.854,644.406,,,
1786801114527,1bd063065a734a0394e1ad58dc504a09,crossing,LINK_USDT,-1,-1.589361875,1.259602649,0.329759226,1.059602649,-1.589361875,0.000000000,0.000,1743.000,,,,,,,,,,,,,,,,,,1786801114527.935,,,,,,,,,,,,,,,
1786801114528,1bd063065a734a0394e1ad58dc504a09,demo_ioc_request,LINK_USDT,-1,-1.589361875,1.259602649,0.329759226,1.059602649,-1.589361875,0.000000000,1.000,1744.000,,0.770,,,,,,,,,,,,,,,,1786801114527.935,1786801114528.633,1786801114528.635,1786801114528.705,,,,,,,,,,,,
1786801115190,1bd063065a734a0394e1ad58dc504a09,demo_ioc_response,LINK_USDT,-1,-1.589361875,1.259602649,0.329759226,1.059602649,-1.589361875,0.000000000,1.000,1744.000,,0.770,,,,,,,,,,,,,,,,1786801114527.935,1786801114528.633,1786801114528.635,1786801114528.705,1786801114544.002,1786801114878.685,1786801115190.049,,,,16.068,334.682,646.046,,,
1786801120645,1bd063065a734a0394e1ad58dc504a09,rejected,LINK_USDT,-1,-1.589361875,1.259602649,0.329759226,1.059602649,-1.589361875,0.000000000,1.000,1744.000,demo_ioc_unfilled_or_pending,0.770,,,,,,,,,,,,,,,,1786801114527.935,1786801114528.633,1786801114528.635,1786801114528.705,1786801114544.002,1786801114878.685,1786801115190.049,1786801115191.019,,,16.068,334.682,646.046,,,
1786801167393,153aed20866641ae961067f927e9eb5e,crossing,LINK_USDT,1,2.117186267,1.258705204,0.858481064,1.058705204,2.117186267,0.000000000,0.000,1594.000,,,,,,,,,,,,,,,,,,1786801167393.048,,,,,,,,,,,,,,,
1786801167394,153aed20866641ae961067f927e9eb5e,demo_ioc_request,LINK_USDT,1,2.117186267,1.258705204,0.858481064,1.058705204,2.117186267,0.000000000,1.000,1595.000,,1.005,,,,,,,,,,,,,,,,1786801167393.048,1786801167393.919,1786801167393.923,1786801167394.053,,,,,,,,,,,,
1786801168054,153aed20866641ae961067f927e9eb5e,demo_ioc_response,LINK_USDT,1,2.117186267,1.258705204,0.858481064,1.058705204,2.117186267,0.000000000,1.000,1595.000,,1.005,,,,,,,,,,,,,,,,1786801167393.048,1786801167393.919,1786801167393.923,1786801167394.053,1786801167408.393,1786801167750.241,1786801168054.775,,,,15.345,341.848,646.382,,,
1786801168404,153aed20866641ae961067f927e9eb5e,demo_position_visible,LINK_USDT,1,2.117186267,1.258705204,0.858481064,1.058705204,2.117186267,0.000000000,1.000,1595.000,,,,,,,,,1058,200,,,,,,,,1786801167393.048,1786801167393.919,1786801167393.923,1786801167394.053,1786801167408.393,1786801167750.241,1786801168054.775,1786801168055.524,1786801168055.529,1786801168404.854,15.345,341.848,646.382,349.329,662.481,1011.806
1786801198577,153aed20866641ae961067f927e9eb5e,demo_exit,LINK_USDT,1,2.117186267,1.258705204,0.858481064,1.058705204,2.117186267,0.000000000,1.000,1595.000,,,-2.116000000,-2.117298327,1.058649164,-2.117298327,demo_adverse_cut,29997.996,1058,200,9993.868000000,1.998773600,1.998326400,-2.116000000,-6.113100000,0.000000000,-6.116874868,1786801167393.048,1786801167393.919,1786801167393.923,1786801167394.053,1786801167408.393,1786801167750.241,1786801168054.775,1786801168055.524,1786801168055.529,1786801168404.854,15.345,341.848,646.382,349.329,662.481,1011.806
1786801276493,0c8cc8c0f7654a3bb3c3920309fd0a4c,crossing,LINK_USDT,-1,-2.117186267,1.259378145,0.857808122,1.059378145,-2.117186267,0.000000000,55.000,621.000,,,,,,,,,,,,,,,,,,1786801276493.104,,,,,,,,,,,,,,,
1786801276493,0c8cc8c0f7654a3bb3c3920309fd0a4c,demo_ioc_request,LINK_USDT,-1,-2.117186267,1.259378145,0.857808122,1.059378145,-2.117186267,0.000000000,58.000,624.000,,0.830,,,,,,,,,,,,,,,,1786801276493.104,1786801276493.815,1786801276493.818,1786801276493.934,,,,,,,,,,,,
1786801278204,0c8cc8c0f7654a3bb3c3920309fd0a4c,demo_ioc_response,LINK_USDT,-1,-2.117186267,1.259378145,0.857808122,1.059378145,-2.117186267,0.000000000,58.000,624.000,,0.830,,,,,,,,,,,,,,,,1786801276493.104,1786801276493.815,1786801276493.818,1786801276493.934,1786801276504.070,1786801276856.623,1786801278204.545,,,,10.966,352.553,1700.475,,,
1786801283705,0c8cc8c0f7654a3bb3c3920309fd0a4c,rejected,LINK_USDT,-1,-2.117186267,1.259378145,0.857808122,1.059378145,-2.117186267,0.000000000,58.000,624.000,demo_ioc_unfilled_or_pending,0.830,,,,,,,,,,,,,,,,1786801276493.104,1786801276493.815,1786801276493.818,1786801276493.934,1786801276504.070,1786801276856.623,1786801278204.545,1786801278205.256,,,10.966,352.553,1700.475,,,
1786801329406,a5d55e712f3a45bb82cbae09b1ad0d7f,crossing,LINK_USDT,1,2.116962167,1.258369053,0.858593114,1.058369053,2.116962167,0.000000000,1.000,480.000,,,,,,,,,,,,,,,,,,1786801329406.168,,,,,,,,,,,,,,,
1786801329406,a5d55e712f3a45bb82cbae09b1ad0d7f,demo_ioc_request,LINK_USDT,1,2.116962167,1.258369053,0.858593114,1.058369053,2.116962167,0.000000000,1.000,480.000,,0.819,,,,,,,,,,,,,,,,1786801329406.168,1786801329406.919,1786801329406.921,1786801329406.987,,,,,,,,,,,,
1786801331153,a5d55e712f3a45bb82cbae09b1ad0d7f,demo_ioc_response,LINK_USDT,1,2.116962167,1.258369053,0.858593114,1.058369053,2.116962167,0.000000000,1.000,480.000,,0.819,,,,,,,,,,,,,,,,1786801329406.168,1786801329406.919,1786801329406.921,1786801329406.987,1786801329420.138,1786801329735.562,1786801331153.593,,,,13.970,315.424,1733.454,,,
1786801336442,a5d55e712f3a45bb82cbae09b1ad0d7f,rejected,LINK_USDT,1,2.116962167,1.258369053,0.858593114,1.058369053,2.116962167,0.000000000,1.000,480.000,demo_ioc_unfilled_or_pending,0.819,,,,,,,,,,,,,,,,1786801329406.168,1786801329406.919,1786801329406.921,1786801329406.987,1786801329420.138,1786801329735.562,1786801331153.593,1786801331154.389,,,13.970,315.424,1733.454,,,
1786801352590,104a552d974744e58d12f85cf2e00cd5,crossing,LINK_USDT,-1,-1.587007700,1.257921185,0.329086515,1.057921185,-1.587007700,0.000000000,0.000,776.000,,,,,,,,,,,,,,,,,,1786801352590.875,,,,,,,,,,,,,,,
1786801352591,104a552d974744e58d12f85cf2e00cd5,demo_ioc_request,LINK_USDT,-1,-1.587007700,1.257921185,0.329086515,1.057921185,-1.587007700,0.000000000,1.000,777.000,,0.924,,,,,,,,,,,,,,,,1786801352590.875,1786801352591.700,1786801352591.704,1786801352591.798,,,,,,,,,,,,
1786801354326,104a552d974744e58d12f85cf2e00cd5,demo_ioc_response,LINK_USDT,-1,-1.587007700,1.257921185,0.329086515,1.057921185,-1.587007700,0.000000000,1.000,777.000,,0.924,,,,,,,,,,,,,,,,1786801352590.875,1786801352591.700,1786801352591.704,1786801352591.798,1786801352605.932,1786801352950.160,1786801354326.692,,,,15.058,344.228,1720.760,,,
1786801354922,104a552d974744e58d12f85cf2e00cd5,demo_position_visible,LINK_USDT,-1,-1.587007700,1.257921185,0.329086515,1.057921185,-1.587007700,0.000000000,1.000,777.000,,,,,,,,,1058.5,200,,,,,,,,1786801352590.875,1786801352591.700,1786801352591.704,1786801352591.798,1786801352605.932,1786801352950.160,1786801354326.692,1786801354327.608,,1786801354922.760,15.058,344.228,1720.760,595.152,,2331.886
1786801357599,104a552d974744e58d12f85cf2e00cd5,demo_exit,LINK_USDT,-1,-1.587007700,1.257921185,0.329086515,1.057921185,-1.587007700,0.000000000,1.000,777.000,,,1.058500000,1.057977148,1.057977148,-1.057977148,binance_target_caught,3821.267,1058.5,200,10004.942000000,0.000000000,4.001700000,1.058500000,-2.943200000,0.000000000,-0.941811257,1786801352590.875,1786801352591.700,1786801352591.704,1786801352591.798,1786801352605.932,1786801352950.160,1786801354326.692,1786801354327.608,,1786801354922.760,15.058,344.228,1720.760,595.152,,2331.886
1786801398784,411858189fc64b9eb859ce136b927cdd,crossing,LINK_USDT,1,2.115171072,1.258369053,0.856802019,1.058369053,2.115171072,0.000000000,0.000,52.000,,,,,,,,,,,,,,,,,,1786801398784.471,,,,,,,,,,,,,,,
1786801398785,411858189fc64b9eb859ce136b927cdd,demo_ioc_request,LINK_USDT,1,2.115171072,1.258369053,0.856802019,1.058369053,2.115171072,0.000000000,1.000,53.000,,0.833,,,,,,,,,,,,,,,,1786801398784.471,1786801398785.238,1786801398785.239,1786801398785.305,,,,,,,,,,,,
1786801399422,411858189fc64b9eb859ce136b927cdd,demo_ioc_response,LINK_USDT,1,2.115171072,1.258369053,0.856802019,1.058369053,2.115171072,0.000000000,1.000,53.000,,0.833,,,,,,,,,,,,,,,,1786801398784.471,1786801398785.238,1786801398785.239,1786801398785.305,1786801398800.200,1786801399132.422,1786801399422.699,,,,15.729,332.222,622.499,,,
1786801404747,411858189fc64b9eb859ce136b927cdd,rejected,LINK_USDT,1,2.115171072,1.258369053,0.856802019,1.058369053,2.115171072,0.000000000,1.000,53.000,demo_ioc_unfilled_or_pending,0.833,,,,,,,,,,,,,,,,1786801398784.471,1786801398785.238,1786801398785.239,1786801398785.305,1786801398800.200,1786801399132.422,1786801399422.699,1786801399423.492,,,15.729,332.222,622.499,,,
1786801495495,9fa08687e6b94950b6421163c3b749f1,crossing,LINK_USDT,-1,-3.166895413,1.256579851,1.910315562,1.056579851,-3.166895413,0.000000000,56.000,1205.000,,,,,,,,,,,,,,,,,,1786801495495.725,,,,,,,,,,,,,,,
1786801495496,9fa08687e6b94950b6421163c3b749f1,demo_ioc_request,LINK_USDT,-1,-3.166895413,1.256579851,1.910315562,1.056579851,-3.166895413,0.000000000,60.000,1209.000,,0.922,,,,,,,,,,,,,,,,1786801495495.725,1786801495496.447,1786801495496.451,1786801495496.647,,,,,,,,,,,,
1786801496137,9fa08687e6b94950b6421163c3b749f1,demo_ioc_response,LINK_USDT,-1,-3.166895413,1.256579851,1.910315562,1.056579851,-3.166895413,0.000000000,60.000,1209.000,,0.922,,,,,,,,,,,,,,,,1786801495495.725,1786801495496.447,1786801495496.451,1786801495496.647,1786801495512.315,1786801495851.838,1786801496137.425,,,,16.591,339.522,625.109,,,
1786801501831,9fa08687e6b94950b6421163c3b749f1,rejected,LINK_USDT,-1,-3.166895413,1.256579851,1.910315562,1.056579851,-3.166895413,0.000000000,60.000,1209.000,demo_ioc_unfilled_or_pending,0.922,,,,,,,,,,,,,,,,1786801495495.725,1786801495496.447,1786801495496.451,1786801495496.647,1786801495512.315,1786801495851.838,1786801496137.425,1786801496140.176,,,16.591,339.522,625.109,,,
1786801567130,13f5eeb6ebb146b88881b13c78493272,crossing,LINK_USDT,1,2.111152169,1.255687516,0.855464653,1.055687516,2.111152169,0.000000000,0.000,190.000,,,,,,,,,,,,,,,,,,1786801567130.839,,,,,,,,,,,,,,,
1786801567131,13f5eeb6ebb146b88881b13c78493272,demo_ioc_request,LINK_USDT,1,2.111152169,1.255687516,0.855464653,1.055687516,2.111152169,0.000000000,1.000,191.000,,0.977,,,,,,,,,,,,,,,,1786801567130.839,1786801567131.719,1786801567131.721,1786801567131.816,,,,,,,,,,,,
1786801567767,13f5eeb6ebb146b88881b13c78493272,demo_ioc_response,LINK_USDT,1,2.111152169,1.255687516,0.855464653,1.055687516,2.111152169,0.000000000,1.000,191.000,,0.977,,,,,,,,,,,,,,,,1786801567130.839,1786801567131.719,1786801567131.721,1786801567131.816,1786801567142.957,1786801567462.875,1786801567767.802,,,,12.118,319.918,624.845,,,
1786801573270,13f5eeb6ebb146b88881b13c78493272,rejected,LINK_USDT,1,2.111152169,1.255687516,0.855464653,1.055687516,2.111152169,0.000000000,1.000,191.000,demo_ioc_unfilled_or_pending,0.977,,,,,,,,,,,,,,,,1786801567130.839,1786801567131.719,1786801567131.721,1786801567131.816,1786801567142.957,1786801567462.875,1786801567767.802,1786801567768.546,,,12.118,319.918,624.845,,,
1786801611425,e573f3fe0df041bd83e4d3352eaf4633,crossing,LINK_USDT,-1,-2.110483836,1.255130572,0.855353264,1.055130572,-2.110483836,0.000000000,0.000,75.000,,,,,,,,,,,,,,,,,,1786801611425.362,,,,,,,,,,,,,,,
1786801611426,e573f3fe0df041bd83e4d3352eaf4633,demo_ioc_request,LINK_USDT,-1,-2.110483836,1.255130572,0.855353264,1.055130572,-2.110483836,0.000000000,1.000,76.000,,0.873,,,,,,,,,,,,,,,,1786801611425.362,1786801611426.124,1786801611426.128,1786801611426.235,,,,,,,,,,,,
1786801612066,e573f3fe0df041bd83e4d3352eaf4633,demo_ioc_response,LINK_USDT,-1,-2.110483836,1.255130572,0.855353264,1.055130572,-2.110483836,0.000000000,1.000,76.000,,0.873,,,,,,,,,,,,,,,,1786801611425.362,1786801611426.124,1786801611426.128,1786801611426.235,1786801611442.301,1786801611786.265,1786801612066.810,,,,16.940,343.964,624.508,,,
1786801613171,e573f3fe0df041bd83e4d3352eaf4633,demo_position_visible,LINK_USDT,-1,-2.110483836,1.255130572,0.855353264,1.055130572,-2.110483836,0.000000000,1.000,76.000,,,,,,,,,1055.7,200,,,,,,,,1786801611425.362,1786801611426.124,1786801611426.128,1786801611426.235,1786801611442.301,1786801611786.265,1786801612066.810,1786801612067.677,1786801612067.683,1786801613171.574,16.940,343.964,624.508,1103.897,642.322,1746.213
1786801617715,e573f3fe0df041bd83e4d3352eaf4633,demo_exit,LINK_USDT,-1,-2.110483836,1.255130572,0.855353264,1.055130572,-2.110483836,0.000000000,1.000,76.000,,,6.334200000,6.331117442,6.331117442,-1.055186240,binance_target_caught,5077.690,1055.7,200,10004.868900000,2.000973780,1.999626220,6.334200000,2.333600000,0.000000000,2.332383666,1786801611425.362,1786801611426.124,1786801611426.128,1786801611426.235,1786801611442.301,1786801611786.265,1786801612066.810,1786801612067.677,1786801612067.683,1786801613171.574,16.940,343.964,624.508,1103.897,642.322,1746.213
1786801665915,5b22a1d64d9c45cb8888ce3cde7fc9f5,crossing,LINK_USDT,1,1.586000902,1.257473695,0.328527207,1.057473695,1.586000902,0.000000000,0.000,1386.000,,,,,,,,,,,,,,,,,,1786801665915.302,,,,,,,,,,,,,,,
1786801665916,5b22a1d64d9c45cb8888ce3cde7fc9f5,demo_ioc_request,LINK_USDT,1,1.586000902,1.257473695,0.328527207,1.057473695,1.586000902,0.000000000,2.000,1388.000,,1.373,,,,,,,,,,,,,,,,1786801665915.302,1786801665916.500,1786801665916.505,1786801665916.675,,,,,,,,,,,,
1786801666544,5b22a1d64d9c45cb8888ce3cde7fc9f5,demo_ioc_response,LINK_USDT,1,1.586000902,1.257473695,0.328527207,1.057473695,1.586000902,0.000000000,2.000,1388.000,,1.373,,,,,,,,,,,,,,,,1786801665915.302,1786801665916.500,1786801665916.505,1786801665916.675,1786801665943.814,1786801666249.122,1786801666544.843,,,,28.511,305.309,601.029,,,
1786801666883,5b22a1d64d9c45cb8888ce3cde7fc9f5,demo_position_visible,LINK_USDT,1,1.586000902,1.257473695,0.328527207,1.057473695,1.586000902,0.000000000,2.000,1388.000,,,,,,,,,1056.8,200,,,,,,,,1786801665915.302,1786801665916.500,1786801665916.505,1786801665916.675,1786801665943.814,1786801666249.122,1786801666544.843,1786801666545.988,1786801666545.993,1786801666883.457,28.511,305.309,601.029,337.469,630.691,968.155
1786801670878,5b22a1d64d9c45cb8888ce3cde7fc9f5,demo_exit,LINK_USDT,1,1.586000902,1.257473695,0.328527207,1.057473695,1.586000902,0.000000000,2.000,1388.000,,,2.113600000,2.114835572,2.114835572,-1.057417786,binance_target_caught,3774.115,1056.8,200,9994.157600000,1.998831520,1.999168480,2.113600000,-1.884400000,0.000000000,-1.885587396,1786801665915.302,1786801665916.500,1786801665916.505,1786801665916.675,1786801665943.814,1786801666249.122,1786801666544.843,1786801666545.988,1786801666545.993,1786801666883.457,28.511,305.309,601.029,337.469,630.691,968.155
1786801675365,47152221d6b94fcb8138112ea56ba7de,crossing,LINK_USDT,-1,-2.114500193,1.257026584,0.857473609,1.057026584,-2.114500193,0.000000000,0.000,285.000,,,,,,,,,,,,,,,,,,1786801675365.460,,,,,,,,,,,,,,,
1786801675366,47152221d6b94fcb8138112ea56ba7de,demo_ioc_request,LINK_USDT,-1,-2.114500193,1.257026584,0.857473609,1.057026584,-2.114500193,0.000000000,1.000,286.000,,1.032,,,,,,,,,,,,,,,,1786801675365.460,1786801675366.356,1786801675366.360,1786801675366.492,,,,,,,,,,,,
1786801675991,47152221d6b94fcb8138112ea56ba7de,demo_ioc_response,LINK_USDT,-1,-2.114500193,1.257026584,0.857473609,1.057026584,-2.114500193,0.000000000,1.000,286.000,,1.032,,,,,,,,,,,,,,,,1786801675365.460,1786801675366.356,1786801675366.360,1786801675366.492,1786801675385.257,1786801675718.205,1786801675991.895,,,,19.797,332.948,606.639,,,
1786801676361,47152221d6b94fcb8138112ea56ba7de,demo_position_visible,LINK_USDT,-1,-2.114500193,1.257026584,0.857473609,1.057026584,-2.114500193,0.000000000,1.000,286.000,,,,,,,,,1057.6,200,,,,,,,,1786801675365.460,1786801675366.356,1786801675366.360,1786801675366.492,1786801675385.257,1786801675718.205,1786801675991.895,1786801675992.676,1786801675992.680,1786801676361.579,19.797,332.948,606.639,368.903,627.220,996.119
1786801686829,47152221d6b94fcb8138112ea56ba7de,demo_exit,LINK_USDT,-1,-2.114500193,1.257026584,0.857473609,1.057026584,-2.114500193,0.000000000,1.000,286.000,,,-2.115200000,-2.114164905,0.000000000,-2.114164905,demo_adverse_cut,10275.187,1057.6,200,10004.896000000,2.000979200,2.001320800,-2.115200000,-6.117500000,0.000000000,-6.114587738,1786801675365.460,1786801675366.356,1786801675366.360,1786801675366.492,1786801675385.257,1786801675718.205,1786801675991.895,1786801675992.676,1786801675992.680,1786801676361.579,19.797,332.948,606.639,368.903,627.220,996.119
1786801740659,4c4ca6fcdaa944f8a654d2a5ca77992a,crossing,LINK_USDT,1,2.112266998,1.256468227,0.855798772,1.056468227,2.112266998,0.000000000,0.000,1054.000,,,,,,,,,,,,,,,,,,1786801740659.069,,,,,,,,,,,,,,,
1786801740659,4c4ca6fcdaa944f8a654d2a5ca77992a,demo_ioc_request,LINK_USDT,1,2.112266998,1.256468227,0.855798772,1.056468227,2.112266998,0.000000000,1.000,1055.000,,0.901,,,,,,,,,,,,,,,,1786801740659.069,1786801740659.899,1786801740659.901,1786801740659.970,,,,,,,,,,,,
1786801741317,4c4ca6fcdaa944f8a654d2a5ca77992a,demo_ioc_response,LINK_USDT,1,2.112266998,1.256468227,0.855798772,1.056468227,2.112266998,0.000000000,1.000,1055.000,,0.901,,,,,,,,,,,,,,,,1786801740659.069,1786801740659.899,1786801740659.901,1786801740659.970,1786801740676.263,1786801741009.711,1786801741317.317,,,,17.194,333.448,641.054,,,
1786801741665,4c4ca6fcdaa944f8a654d2a5ca77992a,demo_position_visible,LINK_USDT,1,2.112266998,1.256468227,0.855798772,1.056468227,2.112266998,0.000000000,1.000,1055.000,,,,,,,,,1055.8,200,,,,,,,,1786801740659.069,1786801740659.899,1786801740659.901,1786801740659.970,1786801740676.263,1786801741009.711,1786801741317.317,1786801741317.921,1786801741317.924,1786801741665.092,17.194,333.448,641.054,347.171,658.855,1006.023
1786801745198,4c4ca6fcdaa944f8a654d2a5ca77992a,demo_exit,LINK_USDT,1,2.112266998,1.256468227,0.855798772,1.056468227,2.112266998,0.000000000,1.000,1055.000,,,5.279000000,5.282062117,5.282062117,-1.056412423,binance_target_caught,2690.248,1055.8,200,9994.202800000,1.998840560,1.999859440,5.279000000,1.280300000,0.000000000,1.281005705,1786801740659.069,1786801740659.899,1786801740659.901,1786801740659.970,1786801740676.263,1786801741009.711,1786801741317.317,1786801741317.921,1786801741317.924,1786801741665.092,17.194,333.448,641.054,347.171,658.855,1006.023
1786801776414,8d0a9cf2cccf424c8d9d835aa50a33ca,crossing,LINK_USDT,-1,-1.583573072,1.255576081,0.327996991,1.055576081,-1.583573072,0.000000000,0.000,247.000,,,,,,,,,,,,,,,,,,1786801776414.691,,,,,,,,,,,,,,,
1786801776415,8d0a9cf2cccf424c8d9d835aa50a33ca,demo_ioc_request,LINK_USDT,-1,-1.583573072,1.255576081,0.327996991,1.055576081,-1.583573072,0.000000000,1.000,248.000,,0.960,,,,,,,,,,,,,,,,1786801776414.691,1786801776415.573,1786801776415.575,1786801776415.651,,,,,,,,,,,,
1786801777064,8d0a9cf2cccf424c8d9d835aa50a33ca,demo_ioc_response,LINK_USDT,-1,-1.583573072,1.255576081,0.327996991,1.055576081,-1.583573072,0.000000000,1.000,248.000,,0.960,,,,,,,,,,,,,,,,1786801776414.691,1786801776415.573,1786801776415.575,1786801776415.651,1786801776428.693,1786801776759.847,1786801777063.948,,,,14.002,331.154,635.255,,,
1786801782421,8d0a9cf2cccf424c8d9d835aa50a33ca,rejected,LINK_USDT,-1,-1.583573072,1.255576081,0.327996991,1.055576081,-1.583573072,0.000000000,1.000,248.000,demo_ioc_unfilled_or_pending,0.960,,,,,,,,,,,,,,,,1786801776414.691,1786801776415.573,1786801776415.575,1786801776415.651,1786801776428.693,1786801776759.847,1786801777063.948,1786801777065.602,,,14.002,331.154,635.255,,,
1786801912445,c397807c497b45969c530d803927219d,crossing,LINK_USDT,1,2.111375041,1.255798976,0.855576065,1.055798976,2.111375041,0.000000000,0.000,1107.000,,,,,,,,,,,,,,,,,,1786801912445.625,,,,,,,,,,,,,,,
1786801912446,c397807c497b45969c530d803927219d,demo_ioc_request,LINK_USDT,1,2.111375041,1.255798976,0.855576065,1.055798976,2.111375041,0.000000000,1.000,1108.000,,0.779,,,,,,,,,,,,,,,,1786801912445.625,1786801912446.296,1786801912446.298,1786801912446.404,,,,,,,,,,,,
1786801914190,c397807c497b45969c530d803927219d,demo_ioc_response,LINK_USDT,1,2.111375041,1.255798976,0.855576065,1.055798976,2.111375041,0.000000000,1.000,1108.000,,0.779,,,,,,,,,,,,,,,,1786801912445.625,1786801912446.296,1786801912446.298,1786801912446.404,1786801912462.910,1786801912791.245,1786801914190.603,,,,17.285,328.335,1727.693,,,
1786801917050,c397807c497b45969c530d803927219d,demo_position_visible,LINK_USDT,1,2.111375041,1.255798976,0.855576065,1.055798976,2.111375041,0.000000000,1.000,1108.000,,,,,,,,,1055.1,200,,,,,,,,1786801912445.625,1786801912446.296,1786801912446.298,1786801912446.404,1786801912462.910,1786801912791.245,1786801914190.603,1786801914191.499,,1786801917050.863,17.285,328.335,1727.693,2859.365,,4605.238
1786801926064,c397807c497b45969c530d803927219d,demo_exit,LINK_USDT,1,2.111375041,1.255798976,0.855576065,1.055798976,2.111375041,0.000000000,1.000,1108.000,,,3.165300000,3.167229730,3.167229730,0.000000000,binance_target_caught,12410.530,1055.1,200,9993.907200000,0.000000000,3.998100000,3.165300000,-0.832800000,0.000000000,1.166596284,1786801912445.625,1786801912446.296,1786801912446.298,1786801912446.404,1786801912462.910,1786801912791.245,1786801914190.603,1786801914191.499,,1786801917050.863,17.285,328.335,1727.693,2859.365,,4605.238
1786802063827,8c8f371fe97d494e812e0e4a32d2b735,crossing,DOGE_USDT,-1,-2.853677696,1.626635281,1.227042416,1.426635281,-2.853677696,0.000000000,0.000,82.000,,,,,,,,,,,,,,,,,,1786802063827.143,,,,,,,,,,,,,,,
1786802063827,8c8f371fe97d494e812e0e4a32d2b735,demo_ioc_request,DOGE_USDT,-1,-2.853677696,1.626635281,1.227042416,1.426635281,-2.853677696,0.000000000,0.000,82.000,,0.790,,,,,,,,,,,,,,,,1786802063827.143,1786802063827.832,1786802063827.834,1786802063827.933,,,,,,,,,,,,
1786802064415,8c8f371fe97d494e812e0e4a32d2b735,demo_ioc_response,DOGE_USDT,-1,-2.853677696,1.626635281,1.227042416,1.426635281,-2.853677696,0.000000000,0.000,82.000,,0.790,,,,,,,,,,,,,,,,1786802063827.143,1786802063827.832,1786802063827.834,1786802063827.933,1786802063838.091,1786802064135.205,1786802064415.779,,,,10.948,297.114,577.688,,,
1786802064740,8c8f371fe97d494e812e0e4a32d2b735,demo_position_visible,DOGE_USDT,-1,-2.853677696,1.626635281,1.227042416,1.426635281,-2.853677696,0.000000000,0.000,82.000,,,,,,,,,142700,200,,,,,,,,1786802063827.143,1786802063827.832,1786802063827.834,1786802063827.933,1786802063838.091,1786802064135.205,1786802064415.779,1786802064416.810,1786802064416.815,1786802064740.531,10.948,297.114,577.688,323.721,589.672,913.387
1786802125045,8c8f371fe97d494e812e0e4a32d2b735,demo_exit,DOGE_USDT,-1,-2.853677696,1.626635281,1.227042416,1.426635281,-2.853677696,0.000000000,0.000,82.000,,,1.427000000,1.426737052,1.426737052,-1.426737052,microspread_timeout,60020.112,142700,200,10001.843000000,2.000368600,2.000031400,1.427000000,-2.573400000,0.000000000,-2.572977600,1786802063827.143,1786802063827.832,1786802063827.834,1786802063827.933,1786802063838.091,1786802064135.205,1786802064415.779,1786802064416.810,1786802064416.815,1786802064740.531,10.948,297.114,577.688,323.721,589.672,913.387
1786802134481,4a80c7a95c8c458eaecd1a9f9c2a6a9b,crossing,LINK_USDT,-1,-1.582821118,1.255019254,0.327801864,1.055019254,-1.582821118,0.000000000,0.000,1831.000,,,,,,,,,,,,,,,,,,1786802134481.167,,,,,,,,,,,,,,,
1786802134481,4a80c7a95c8c458eaecd1a9f9c2a6a9b,demo_ioc_request,LINK_USDT,-1,-1.582821118,1.255019254,0.327801864,1.055019254,-1.582821118,0.000000000,0.000,1831.000,,0.771,,,,,,,,,,,,,,,,1786802134481.167,1786802134481.858,1786802134481.860,1786802134481.938,,,,,,,,,,,,
1786802135127,4a80c7a95c8c458eaecd1a9f9c2a6a9b,demo_ioc_response,LINK_USDT,-1,-1.582821118,1.255019254,0.327801864,1.055019254,-1.582821118,0.000000000,0.000,1831.000,,0.771,,,,,,,,,,,,,,,,1786802134481.167,1786802134481.858,1786802134481.860,1786802134481.938,1786802134495.092,1786802134824.536,1786802135127.022,,,,13.925,329.444,631.930,,,
1786802135483,4a80c7a95c8c458eaecd1a9f9c2a6a9b,demo_position_visible,LINK_USDT,-1,-1.582821118,1.255019254,0.327801864,1.055019254,-1.582821118,0.000000000,0.000,1831.000,,,,,,,,,1055.6,200,,,,,,,,1786802134481.167,1786802134481.858,1786802134481.860,1786802134481.938,1786802134495.092,1786802134824.536,1786802135127.022,1786802135128.012,1786802135128.017,1786802135483.951,13.925,329.444,631.930,355.939,646.850,1002.784
1786802137987,4a80c7a95c8c458eaecd1a9f9c2a6a9b,demo_exit,LINK_USDT,-1,-1.582821118,1.255019254,0.327801864,1.055019254,-1.582821118,0.000000000,0.000,1831.000,,,3.166800000,3.165224731,3.165224731,-1.055074910,binance_target_caught,2296.953,1055.6,200,10004.976800000,2.000995360,2.000304640,3.166800000,-0.834500000,0.000000000,-0.834142224,1786802134481.167,1786802134481.858,1786802134481.860,1786802134481.938,1786802134495.092,1786802134824.536,1786802135127.022,1786802135128.012,1786802135128.017,1786802135483.951,13.925,329.444,631.930,355.939,646.850,1002.784
1786802171384,9833566fb04147eba931e535e11d724b,crossing,LINK_USDT,1,2.112043938,1.256133495,0.855910443,1.056133495,2.112043938,0.000000000,0.000,1672.000,,,,,,,,,,,,,,,,,,1786802171384.107,,,,,,,,,,,,,,,
1786802171385,9833566fb04147eba931e535e11d724b,demo_ioc_request,LINK_USDT,1,2.112043938,1.256133495,0.855910443,1.056133495,2.112043938,0.000000000,2.000,1674.000,,1.405,,,,,,,,,,,,,,,,1786802171384.107,1786802171385.263,1786802171385.269,1786802171385.512,,,,,,,,,,,,
1786802172028,9833566fb04147eba931e535e11d724b,demo_ioc_response,LINK_USDT,1,2.112043938,1.256133495,0.855910443,1.056133495,2.112043938,0.000000000,2.000,1674.000,,1.405,,,,,,,,,,,,,,,,1786802171384.107,1786802171385.263,1786802171385.269,1786802171385.512,1786802171401.876,1786802171734.679,1786802172028.889,,,,17.769,332.803,627.013,,,
1786802172353,9833566fb04147eba931e535e11d724b,demo_position_visible,LINK_USDT,1,2.112043938,1.256133495,0.855910443,1.056133495,2.112043938,0.000000000,2.000,1674.000,,,,,,,,,1055.5,200,,,,,,,,1786802171384.107,1786802171385.263,1786802171385.269,1786802171385.512,1786802171401.876,1786802171734.679,1786802172028.889,1786802172030.329,1786802172030.337,1786802172353.692,17.769,332.803,627.013,323.363,646.229,969.584
1786802196532,9833566fb04147eba931e535e11d724b,demo_exit,LINK_USDT,1,2.112043938,1.256133495,0.855910443,1.056133495,2.112043938,0.000000000,2.000,1674.000,,,3.166500000,3.168233182,3.168233182,-1.056077727,binance_target_caught,23564.875,1055.5,200,9994.529500000,1.998905900,2.000094100,6.333000000,2.334000000,0.000000000,-0.832400465,1786802171384.107,1786802171385.263,1786802171385.269,1786802171385.512,1786802171401.876,1786802171734.679,1786802172028.889,1786802172030.329,1786802172030.337,1786802172353.692,17.769,332.803,627.013,323.363,646.229,969.584
1786802291371,fd4cba4ed66e41469a58cd7720754c01,crossing,LINK_USDT,-1,-2.109593384,1.254685440,0.854907944,1.054685440,-2.109593384,0.000000000,0.000,654.000,,,,,,,,,,,,,,,,,,1786802291371.005,,,,,,,,,,,,,,,
1786802291372,fd4cba4ed66e41469a58cd7720754c01,demo_ioc_request,LINK_USDT,-1,-2.109593384,1.254685440,0.854907944,1.054685440,-2.109593384,0.000000000,1.000,655.000,,1.085,,,,,,,,,,,,,,,,1786802291371.005,1786802291371.965,1786802291371.969,1786802291372.090,,,,,,,,,,,,
1786802292032,fd4cba4ed66e41469a58cd7720754c01,demo_ioc_response,LINK_USDT,-1,-2.109593384,1.254685440,0.854907944,1.054685440,-2.109593384,0.000000000,1.000,655.000,,1.085,,,,,,,,,,,,,,,,1786802291371.005,1786802291371.965,1786802291371.969,1786802291372.090,1786802291389.026,1786802291726.784,1786802292032.301,,,,18.021,337.758,643.275,,,
1786802297630,fd4cba4ed66e41469a58cd7720754c01,rejected,LINK_USDT,-1,-2.109593384,1.254685440,0.854907944,1.054685440,-2.109593384,0.000000000,1.000,655.000,demo_ioc_unfilled_or_pending,1.085,,,,,,,,,,,,,,,,1786802291371.005,1786802291371.965,1786802291371.969,1786802291372.090,1786802291389.026,1786802291726.784,1786802292032.301,1786802292033.176,,,18.021,337.758,643.275,,,
1786802348875,281413cee3714a79b99ea646269a9897,crossing,LINK_USDT,1,3.170577072,1.256021965,1.914555106,1.056021965,3.170577072,0.000000000,16.000,1.000,,,,,,,,,,,,,,,,,,1786802348875.531,,,,,,,,,,,,,,,
1786802348876,281413cee3714a79b99ea646269a9897,demo_ioc_request,LINK_USDT,1,3.170577072,1.256021965,1.914555106,1.056021965,3.170577072,0.000000000,18.000,3.000,,0.894,,,,,,,,,,,,,,,,1786802348875.531,1786802348876.314,1786802348876.317,1786802348876.425,,,,,,,,,,,,
1786802349525,281413cee3714a79b99ea646269a9897,demo_ioc_response,LINK_USDT,1,3.170577072,1.256021965,1.914555106,1.056021965,3.170577072,0.000000000,18.000,3.000,,0.894,,,,,,,,,,,,,,,,1786802348875.531,1786802348876.314,1786802348876.317,1786802348876.425,1786802348890.363,1786802349222.514,1786802349525.119,,,,14.832,332.151,634.756,,,
1786802349886,281413cee3714a79b99ea646269a9897,demo_position_visible,LINK_USDT,1,3.170577072,1.256021965,1.914555106,1.056021965,3.170577072,0.000000000,18.000,3.000,,,,,,,,,1055.4,200,,,,,,,,1786802348875.531,1786802348876.314,1786802348876.317,1786802348876.425,1786802348890.363,1786802349222.514,1786802349525.119,1786802349526.146,1786802349526.150,1786802349886.146,14.832,332.151,634.756,360.000,650.619,1010.615
1786802382074,281413cee3714a79b99ea646269a9897,demo_exit,LINK_USDT,1,3.170577072,1.256021965,1.914555106,1.056021965,3.170577072,0.000000000,18.000,3.000,,,-3.166200000,-3.167898627,2.111932418,-7.391763464,positive_trailing_stop,32036.729,1055.4,200,9994.638000000,1.997661120,1.998238880,3.166200000,-0.829700000,0.000000000,-0.830726965,1786802348875.531,1786802348876.314,1786802348876.317,1786802348876.425,1786802348890.363,1786802349222.514,1786802349525.119,1786802349526.146,1786802349526.150,1786802349886.146,14.832,332.151,634.756,360.000,650.619,1010.615
1786802473316,b2423c9039a345739eea2d2f7f9bdf23,crossing,LINK_USDT,-1,-2.110706567,1.255241914,0.855464653,1.055241914,-2.110706567,0.000000000,74.000,1.000,,,,,,,,,,,,,,,,,,1786802473316.863,,,,,,,,,,,,,,,
1786802473318,b2423c9039a345739eea2d2f7f9bdf23,demo_ioc_request,LINK_USDT,-1,-2.110706567,1.255241914,0.855464653,1.055241914,-2.110706567,0.000000000,75.000,2.000,,1.165,,,,,,,,,,,,,,,,1786802473316.863,1786802473317.929,1786802473317.932,1786802473318.027,,,,,,,,,,,,
1786802473945,b2423c9039a345739eea2d2f7f9bdf23,demo_ioc_response,LINK_USDT,-1,-2.110706567,1.255241914,0.855464653,1.055241914,-2.110706567,0.000000000,75.000,2.000,,1.165,,,,,,,,,,,,,,,,1786802473316.863,1786802473317.929,1786802473317.932,1786802473318.027,1786802473329.086,1786802473660.632,1786802473945.796,,,,12.223,331.546,616.710,,,
1786802474287,b2423c9039a345739eea2d2f7f9bdf23,demo_position_visible,LINK_USDT,-1,-2.110706567,1.255241914,0.855464653,1.055241914,-2.110706567,0.000000000,75.000,2.000,,,,,,,,,1055.8,200,,,,,,,,1786802473316.863,1786802473317.929,1786802473317.932,1786802473318.027,1786802473329.086,1786802473660.632,1786802473945.796,1786802473946.753,1786802473946.757,1786802474287.725,12.223,331.546,616.710,340.972,629.895,970.863
1786802492790,b2423c9039a345739eea2d2f7f9bdf23,demo_exit,LINK_USDT,-1,-2.110706567,1.255241914,0.855464653,1.055241914,-2.110706567,0.000000000,75.000,2.000,,,-2.111600000,-2.110595188,1.055297594,-2.110595188,demo_adverse_cut,13747.303,1055.8,200,10004.760800000,2.000952160,2.001347840,-2.111600000,-6.113900000,0.000000000,-6.111017307,1786802473316.863,1786802473317.929,1786802473317.932,1786802473318.027,1786802473329.086,1786802473660.632,1786802473945.796,1786802473946.753,1786802473946.757,1786802474287.725,12.223,331.546,616.710,340.972,629.895,970.863
1786802514258,8d72e3405ab248f3a85b1e981aa01675,crossing,LINK_USDT,1,1.583740270,1.255130572,0.328609697,1.055130572,1.583740270,0.000000000,0.000,1793.000,,,,,,,,,,,,,,,,,,1786802514258.578,,,,,,,,,,,,,,,
1786802514259,8d72e3405ab248f3a85b1e981aa01675,demo_ioc_request,LINK_USDT,1,1.583740270,1.255130572,0.328609697,1.055130572,1.583740270,0.000000000,1.000,1794.000,,0.790,,,,,,,,,,,,,,,,1786802514258.578,1786802514259.294,1786802514259.297,1786802514259.369,,,,,,,,,,,,
1786802515977,8d72e3405ab248f3a85b1e981aa01675,demo_ioc_response,LINK_USDT,1,1.583740270,1.255130572,0.328609697,1.055130572,1.583740270,0.000000000,1.000,1794.000,,0.790,,,,,,,,,,,,,,,,1786802514258.578,1786802514259.294,1786802514259.297,1786802514259.369,1786802514269.977,1786802514562.933,1786802515977.712,,,,11.398,292.957,1707.736,,,
1786802518944,8d72e3405ab248f3a85b1e981aa01675,demo_position_visible,LINK_USDT,1,1.583740270,1.255130572,0.328609697,1.055130572,1.583740270,0.000000000,1.000,1794.000,,,,,,,,,1054.5,200,,,,,,,,1786802514258.578,1786802514259.294,1786802514259.297,1786802514259.369,1786802514269.977,1786802514562.933,1786802515977.712,1786802515978.510,,1786802518944.332,11.398,292.957,1707.736,2965.822,,4685.753
1786802546866,8d72e3405ab248f3a85b1e981aa01675,demo_exit,LINK_USDT,1,1.583740270,1.255130572,0.328609697,1.055130572,1.583740270,0.000000000,1.000,1794.000,,,3.163500000,3.165224731,3.165224731,-8.440599283,binance_target_caught,30681.451,1054.5,200,9994.551000000,0.000000000,3.997600000,13.708500000,9.710900000,0.000000000,8.556435434,1786802514258.578,1786802514259.294,1786802514259.297,1786802514259.369,1786802514269.977,1786802514562.933,1786802515977.712,1786802515978.510,,1786802518944.332,11.398,292.957,1707.736,2965.822,,4685.753
1786802572210,b2af42f3451746ad947a2ff4a7a716be,crossing,LINK_USDT,-1,-2.110038516,1.254907959,0.855130557,1.054907959,-2.110038516,0.000000000,0.000,58.000,,,,,,,,,,,,,,,,,,1786802572210.341,,,,,,,,,,,,,,,
1786802572211,b2af42f3451746ad947a2ff4a7a716be,demo_ioc_request,LINK_USDT,-1,-2.110038516,1.254907959,0.855130557,1.054907959,-2.110038516,0.000000000,1.000,59.000,,1.491,,,,,,,,,,,,,,,,1786802572210.341,1786802572211.688,1786802572211.693,1786802572211.832,,,,,,,,,,,,
1786802572867,b2af42f3451746ad947a2ff4a7a716be,demo_ioc_response,LINK_USDT,-1,-2.110038516,1.254907959,0.855130557,1.054907959,-2.110038516,0.000000000,1.000,59.000,,1.491,,,,,,,,,,,,,,,,1786802572210.341,1786802572211.688,1786802572211.693,1786802572211.832,1786802572225.298,1786802572557.984,1786802572867.430,,,,14.957,332.687,642.132,,,
1786802573218,b2af42f3451746ad947a2ff4a7a716be,demo_position_visible,LINK_USDT,-1,-2.110038516,1.254907959,0.855130557,1.054907959,-2.110038516,0.000000000,1.000,59.000,,,,,,,,,1055.5,200,,,,,,,,1786802572210.341,1786802572211.688,1786802572211.693,1786802572211.832,1786802572225.298,1786802572557.984,1786802572867.430,1786802572868.574,1786802572868.579,1786802573218.329,14.957,332.687,642.132,349.755,658.239,1007.989
1786802578500,b2af42f3451746ad947a2ff4a7a716be,demo_exit,LINK_USDT,-1,-2.110038516,1.254907959,0.855130557,1.054907959,-2.110038516,0.000000000,1.000,59.000,,,2.111000000,2.109927208,2.109927208,-1.054963604,binance_target_caught,5093.546,1055.5,200,10005.084500000,2.001016900,2.000583100,2.111000000,-1.890600000,0.000000000,-1.889650807,1786802572210.341,1786802572211.688,1786802572211.693,1786802572211.832,1786802572225.298,1786802572557.984,1786802572867.430,1786802572868.574,1786802572868.579,1786802573218.329,14.957,332.687,642.132,349.755,658.239,1007.989
1786802586337,69820402769c4a0e9bd8ea1e2b7450b6,crossing,XRP_USDT,-1,-1.997902209,1.198851321,0.799050888,0.998851321,-1.997902209,0.000000000,0.000,324.000,,,,,,,,,,,,,,,,,,1786802586337.883,,,,,,,,,,,,,,,
1786802586339,69820402769c4a0e9bd8ea1e2b7450b6,demo_ioc_request,XRP_USDT,-1,-1.997902209,1.198851321,0.799050888,0.998851321,-1.997902209,0.000000000,1.000,325.000,,1.128,,,,,,,,,,,,,,,,1786802586337.883,1786802586338.907,1786802586338.911,1786802586339.011,,,,,,,,,,,,
1786802586996,69820402769c4a0e9bd8ea1e2b7450b6,demo_ioc_response,XRP_USDT,-1,-1.997902209,1.198851321,0.799050888,0.998851321,-1.997902209,0.000000000,1.000,325.000,,1.128,,,,,,,,,,,,,,,,1786802586337.883,1786802586338.907,1786802586338.911,1786802586339.011,1786802586357.843,1786802586672.135,1786802586996.968,,,,19.960,314.292,639.125,,,
1786802587349,69820402769c4a0e9bd8ea1e2b7450b6,demo_position_visible,XRP_USDT,-1,-1.997902209,1.198851321,0.799050888,0.998851321,-1.997902209,0.000000000,1.000,325.000,,,,,,,,,9995,200,,,,,,,,1786802586337.883,1786802586338.907,1786802586338.911,1786802586339.011,1786802586357.843,1786802586672.135,1786802586996.968,1786802586997.882,1786802586997.887,1786802587349.340,19.960,314.292,639.125,351.458,660.004,1011.458
1786802593095,69820402769c4a0e9bd8ea1e2b7450b6,demo_exit,XRP_USDT,-1,-1.997902209,1.198851321,0.799050888,0.998851321,-1.997902209,0.000000000,1.000,325.000,,,2.998500000,2.996703626,2.996703626,-0.998901209,binance_target_caught,5510.718,9995,200,10005.994500000,2.001198900,2.000501100,2.998500000,-1.003200000,0.000000000,-1.002697033,1786802586337.883,1786802586338.907,1786802586338.911,1786802586339.011,1786802586357.843,1786802586672.135,1786802586996.968,1786802586997.882,1786802586997.887,1786802587349.340,19.960,314.292,639.125,351.458,660.004,1011.458
1786802630213,692ba0e0112e4392b64e5efedaf3df90,crossing,LINK_USDT,1,2.116290151,1.257921185,0.858368966,1.057921185,2.116290151,0.000000000,0.000,15.000,,,,,,,,,,,,,,,,,,1786802630213.471,,,,,,,,,,,,,,,
1786802630215,692ba0e0112e4392b64e5efedaf3df90,demo_ioc_request,LINK_USDT,1,2.116290151,1.257921185,0.858368966,1.057921185,2.116290151,0.000000000,1.000,16.000,,1.582,,,,,,,,,,,,,,,,1786802630213.471,1786802630214.883,1786802630214.888,1786802630215.053,,,,,,,,,,,,
1786802630910,692ba0e0112e4392b64e5efedaf3df90,demo_ioc_response,LINK_USDT,1,2.116290151,1.257921185,0.858368966,1.057921185,2.116290151,0.000000000,1.000,16.000,,1.582,,,,,,,,,,,,,,,,1786802630213.471,1786802630214.883,1786802630214.888,1786802630215.053,1786802630227.362,1786802630528.011,1786802630910.631,,,,13.891,300.649,683.270,,,
1786802631625,692ba0e0112e4392b64e5efedaf3df90,demo_position_visible,LINK_USDT,1,2.116290151,1.257921185,0.858368966,1.057921185,2.116290151,0.000000000,1.000,16.000,,,,,,,,,1057.3,200,,,,,,,,1786802630213.471,1786802630214.883,1786802630214.888,1786802630215.053,1786802630227.362,1786802630528.011,1786802630910.631,1786802630911.347,1786802630911.352,1786802631625.364,13.891,300.649,683.270,714.016,697.881,1411.893
1786802636718,692ba0e0112e4392b64e5efedaf3df90,demo_exit,LINK_USDT,1,2.116290151,1.257921185,0.858368966,1.057921185,2.116290151,0.000000000,1.000,16.000,,,-3.171900000,-3.173595684,0.000000000,-3.173595684,demo_adverse_cut,5298.347,1057.3,200,9994.656900000,1.998931380,1.998268620,-3.171900000,-7.169100000,0.000000000,-7.172960965,1786802630213.471,1786802630214.883,1786802630214.888,1786802630215.053,1786802630227.362,1786802630528.011,1786802630910.631,1786802630911.347,1786802630911.352,1786802631625.364,13.891,300.649,683.270,714.016,697.881,1411.893
1786802658768,0488c70157c84f4e9ffdd91805bc9ee8,crossing,LINK_USDT,-1,-2.116738114,1.258145072,0.858593043,1.058145072,-2.116738114,0.000000000,0.000,1702.000,,,,,,,,,,,,,,,,,,1786802658768.438,,,,,,,,,,,,,,,
1786802658769,0488c70157c84f4e9ffdd91805bc9ee8,demo_ioc_request,LINK_USDT,-1,-2.116738114,1.258145072,0.858593043,1.058145072,-2.116738114,0.000000000,1.000,1703.000,,1.302,,,,,,,,,,,,,,,,1786802658768.438,1786802658769.620,1786802658769.626,1786802658769.740,,,,,,,,,,,,
1786802659434,0488c70157c84f4e9ffdd91805bc9ee8,demo_ioc_response,LINK_USDT,-1,-2.116738114,1.258145072,0.858593043,1.058145072,-2.116738114,0.000000000,1.000,1703.000,,1.302,,,,,,,,,,,,,,,,1786802658768.438,1786802658769.620,1786802658769.626,1786802658769.740,1786802658788.868,1786802659126.403,1786802659434.180,,,,20.431,337.534,645.312,,,
1786802659796,0488c70157c84f4e9ffdd91805bc9ee8,demo_position_visible,LINK_USDT,-1,-2.116738114,1.258145072,0.858593043,1.058145072,-2.116738114,0.000000000,1.000,1703.000,,,,,,,,,1058.7,200,,,,,,,,1786802658768.438,1786802658769.620,1786802658769.626,1786802658769.740,1786802658788.868,1786802659126.403,1786802659434.180,1786802659435.590,1786802659435.595,1786802659796.652,20.431,337.534,645.312,361.062,667.158,1028.214
1786802669268,0488c70157c84f4e9ffdd91805bc9ee8,demo_exit,LINK_USDT,-1,-2.116738114,1.258145072,0.858593043,1.058145072,-2.116738114,0.000000000,1.000,1703.000,,,3.176100000,3.174603175,3.174603175,-1.058201058,binance_target_caught,8118.280,1058.7,200,10004.715000000,2.000943000,2.000257000,3.176100000,-0.825100000,0.000000000,-0.824761905,1786802658768.438,1786802658769.620,1786802658769.626,1786802658769.740,1786802658788.868,1786802659126.403,1786802659434.180,1786802659435.590,1786802659435.595,1786802659796.652,20.431,337.534,645.312,361.062,667.158,1028.214
1786802690956,1ed03dabaf3940298d86ad33d9c29eec,crossing,LINK_USDT,1,2.117186267,1.258705204,0.858481064,1.058705204,2.117186267,0.000000000,0.000,1857.000,,,,,,,,,,,,,,,,,,1786802690956.174,,,,,,,,,,,,,,,
1786802690957,1ed03dabaf3940298d86ad33d9c29eec,demo_ioc_request,LINK_USDT,1,2.117186267,1.258705204,0.858481064,1.058705204,2.117186267,0.000000000,2.000,1859.000,,1.467,,,,,,,,,,,,,,,,1786802690956.174,1786802690957.509,1786802690957.514,1786802690957.641,,,,,,,,,,,,
1786802691601,1ed03dabaf3940298d86ad33d9c29eec,demo_ioc_response,LINK_USDT,1,2.117186267,1.258705204,0.858481064,1.058705204,2.117186267,0.000000000,2.000,1859.000,,1.467,,,,,,,,,,,,,,,,1786802690956.174,1786802690957.509,1786802690957.514,1786802690957.641,1786802690977.219,1786802691325.231,1786802691601.717,,,,21.045,348.012,624.498,,,
1786802697092,1ed03dabaf3940298d86ad33d9c29eec,rejected,LINK_USDT,1,2.117186267,1.258705204,0.858481064,1.058705204,2.117186267,0.000000000,2.000,1859.000,demo_ioc_unfilled_or_pending,1.467,,,,,,,,,,,,,,,,1786802690956.174,1786802690957.509,1786802690957.514,1786802690957.641,1786802690977.219,1786802691325.231,1786802691601.717,1786802691603.168,,,21.045,348.012,624.498,,,
1786802762688,6f1b49317c5542c9a249dbd166edc625,crossing,LINK_USDT,-1,-1.586839812,1.258145072,0.328694740,1.058145072,-1.586839812,0.000000000,0.000,61.000,,,,,,,,,,,,,,,,,,1786802762688.069,,,,,,,,,,,,,,,
1786802762688,6f1b49317c5542c9a249dbd166edc625,demo_ioc_request,LINK_USDT,-1,-1.586839812,1.258145072,0.328694740,1.058145072,-1.586839812,0.000000000,1.000,62.000,,0.921,,,,,,,,,,,,,,,,1786802762688.069,1786802762688.903,1786802762688.906,1786802762688.989,,,,,,,,,,,,
1786802763272,6f1b49317c5542c9a249dbd166edc625,demo_ioc_response,LINK_USDT,-1,-1.586839812,1.258145072,0.328694740,1.058145072,-1.586839812,0.000000000,1.000,62.000,,0.921,,,,,,,,,,,,,,,,1786802762688.069,1786802762688.903,1786802762688.906,1786802762688.989,1786802762700.863,1786802763001.446,1786802763272.402,,,,12.794,300.583,571.540,,,
1786802763615,6f1b49317c5542c9a249dbd166edc625,demo_position_visible,LINK_USDT,-1,-1.586839812,1.258145072,0.328694740,1.058145072,-1.586839812,0.000000000,1.000,62.000,,,,,,,,,1058.7,200,,,,,,,,1786802762688.069,1786802762688.903,1786802762688.906,1786802762688.989,1786802762700.863,1786802763001.446,1786802763272.402,1786802763273.598,1786802763273.603,1786802763615.310,12.794,300.583,571.540,341.713,585.534,927.242
1786802782893,6f1b49317c5542c9a249dbd166edc625,demo_exit,LINK_USDT,-1,-1.586839812,1.258145072,0.328694740,1.058145072,-1.586839812,0.000000000,1.000,62.000,,,-5.293500000,-5.291005291,0.000000000,-5.291005291,demo_adverse_cut,13118.237,1058.7,200,10004.715000000,2.001578220,2.001921780,-2.117400000,-6.120900000,0.000000000,-6.116153602,1786802762688.069,1786802762688.903,1786802762688.906,1786802762688.989,1786802762700.863,1786802763001.446,1786802763272.402,1786802763273.598,1786802763273.603,1786802763615.310,12.794,300.583,571.540,341.713,585.534,927.242
1786802795284,67bbc84d78cf4dd4886e7c5faa87b945,crossing,LINK_USDT,1,2.116066241,1.257921185,0.858145056,1.057921185,2.116066241,0.000000000,1.000,131.000,,,,,,,,,,,,,,,,,,1786802795284.487,,,,,,,,,,,,,,,
1786802795285,67bbc84d78cf4dd4886e7c5faa87b945,demo_ioc_request,LINK_USDT,1,2.116066241,1.257921185,0.858145056,1.057921185,2.116066241,0.000000000,2.000,132.000,,1.399,,,,,,,,,,,,,,,,1786802795284.487,1786802795285.718,1786802795285.723,1786802795285.886,,,,,,,,,,,,
1786802796670,67bbc84d78cf4dd4886e7c5faa87b945,demo_ioc_response,LINK_USDT,1,2.116066241,1.257921185,0.858145056,1.057921185,2.116066241,0.000000000,2.000,132.000,,1.399,,,,,,,,,,,,,,,,1786802795284.487,1786802795285.718,1786802795285.723,1786802795285.886,1786802795300.017,1786802795651.096,1786802796670.014,,,,15.530,351.079,1369.997,,,
1786802797009,67bbc84d78cf4dd4886e7c5faa87b945,demo_position_visible,LINK_USDT,1,2.116066241,1.257921185,0.858145056,1.057921185,2.116066241,0.000000000,2.000,132.000,,,,,,,,,1057.3,200,,,,,,,,1786802795284.487,1786802795285.718,1786802795285.723,1786802795285.886,1786802795300.017,1786802795651.096,1786802796670.014,1786802796670.688,1786802796670.691,1786802797009.062,15.530,351.079,1369.997,338.375,1386.204,1724.576
1786802809302,67bbc84d78cf4dd4886e7c5faa87b945,demo_exit,LINK_USDT,1,2.116066241,1.257921185,0.858145056,1.057921185,2.116066241,0.000000000,2.000,132.000,,,3.171900000,3.173595684,3.173595684,-3.173595684,binance_target_caught,7037.248,1057.3,200,9994.656900000,1.998508460,1.999491540,5.286500000,1.288500000,0.000000000,1.289387366,1786802795284.487,1786802795285.718,1786802795285.723,1786802795285.886,1786802795300.017,1786802795651.096,1786802796670.014,1786802796670.688,1786802796670.691,1786802797009.062,15.530,351.079,1369.997,338.375,1386.204,1724.576
1786802869022,922bc3ae895f4238a4e1ce1c5350a570,crossing,LINK_USDT,-1,-2.642636309,1.256914866,1.385721444,1.056914866,-2.642636309,0.000000000,1.000,22.000,,,,,,,,,,,,,,,,,,1786802869022.317,,,,,,,,,,,,,,,
1786802869023,922bc3ae895f4238a4e1ce1c5350a570,demo_ioc_request,LINK_USDT,-1,-2.642636309,1.256914866,1.385721444,1.056914866,-2.642636309,0.000000000,2.000,23.000,,1.160,,,,,,,,,,,,,,,,1786802869022.317,1786802869023.365,1786802869023.368,1786802869023.477,,,,,,,,,,,,
1786802869649,922bc3ae895f4238a4e1ce1c5350a570,demo_ioc_response,LINK_USDT,-1,-2.642636309,1.256914866,1.385721444,1.056914866,-2.642636309,0.000000000,2.000,23.000,,1.160,,,,,,,,,,,,,,,,1786802869022.317,1786802869023.365,1786802869023.368,1786802869023.477,1786802869036.644,1786802869341.002,1786802869649.877,,,,14.327,304.358,613.233,,,
1786802875022,922bc3ae895f4238a4e1ce1c5350a570,rejected,LINK_USDT,-1,-2.642636309,1.256914866,1.385721444,1.056914866,-2.642636309,0.000000000,2.000,23.000,demo_ioc_unfilled_or_pending,1.160,,,,,,,,,,,,,,,,1786802869022.317,1786802869023.365,1786802869023.368,1786802869023.477,1786802869036.644,1786802869341.002,1786802869649.877,1786802869650.613,,,14.327,304.358,613.233,,,
1786802901333,726f6ff29d244fdbba4f08853f029d79,crossing,LINK_USDT,1,1.587511579,1.258369053,0.329142526,1.058369053,1.587511579,0.000000000,10.000,309.000,,,,,,,,,,,,,,,,,,1786802901333.938,,,,,,,,,,,,,,,
1786802917206,517ee2ad9a624295bf2d091432a43377,crossing,LINK_USDT,-1,-3.175611332,1.258369053,1.917242279,1.058369053,-3.175611332,0.000000000,0.000,179.000,,,,,,,,,,,,,,,,,,1786802917206.160,,,,,,,,,,,,,,,
1786802917207,517ee2ad9a624295bf2d091432a43377,demo_ioc_request,LINK_USDT,-1,-3.175611332,1.258369053,1.917242279,1.058369053,-3.175611332,0.000000000,4.000,183.000,,1.064,,,,,,,,,,,,,,,,1786802917206.160,1786802917207.118,1786802917207.121,1786802917207.224,,,,,,,,,,,,
1786802917872,517ee2ad9a624295bf2d091432a43377,demo_ioc_response,LINK_USDT,-1,-3.175611332,1.258369053,1.917242279,1.058369053,-3.175611332,0.000000000,4.000,183.000,,1.064,,,,,,,,,,,,,,,,1786802917206.160,1786802917207.118,1786802917207.121,1786802917207.224,1786802917220.669,1786802917596.180,1786802917872.160,,,,14.509,375.511,651.491,,,
1786802923184,517ee2ad9a624295bf2d091432a43377,rejected,LINK_USDT,-1,-3.175611332,1.258369053,1.917242279,1.058369053,-3.175611332,0.000000000,4.000,183.000,demo_ioc_unfilled_or_pending,1.064,,,,,,,,,,,,,,,,1786802917206.160,1786802917207.118,1786802917207.121,1786802917207.224,1786802917220.669,1786802917596.180,1786802917872.160,1786802917872.913,,,14.509,375.511,651.491,,,
1786802948507,5710d5be1fb44907916f67a4bcbd45ee,crossing,LINK_USDT,1,2.113829739,1.257026584,0.856803155,1.057026584,2.113829739,0.000000000,24.000,0.000,,,,,,,,,,,,,,,,,,1786802948507.573,,,,,,,,,,,,,,,
1786802948508,5710d5be1fb44907916f67a4bcbd45ee,demo_ioc_request,LINK_USDT,1,2.113829739,1.257026584,0.856803155,1.057026584,2.113829739,0.000000000,26.000,2.000,,0.648,,,,,,,,,,,,,,,,1786802948507.573,1786802948508.134,1786802948508.137,1786802948508.221,,,,,,,,,,,,
1786802949169,5710d5be1fb44907916f67a4bcbd45ee,demo_ioc_response,LINK_USDT,1,2.113829739,1.257026584,0.856803155,1.057026584,2.113829739,0.000000000,26.000,2.000,,0.648,,,,,,,,,,,,,,,,1786802948507.573,1786802948508.134,1786802948508.137,1786802948508.221,1786802948517.728,1786802948863.292,1786802949169.580,,,,10.155,345.563,651.852,,,
1786802949551,5710d5be1fb44907916f67a4bcbd45ee,demo_position_visible,LINK_USDT,1,2.113829739,1.257026584,0.856803155,1.057026584,2.113829739,0.000000000,26.000,2.000,,,,,,,,,1056.4,200,,,,,,,,1786802948507.573,1786802948508.134,1786802948508.137,1786802948508.221,1786802948517.728,1786802948863.292,1786802949169.580,1786802949170.281,1786802949170.284,1786802949551.219,10.155,345.563,651.852,380.938,662.711,1043.646
1786802955220,5710d5be1fb44907916f67a4bcbd45ee,demo_exit,LINK_USDT,1,2.113829739,1.257026584,0.856803155,1.057026584,2.113829739,0.000000000,26.000,2.000,,,4.225600000,4.227882888,4.227882888,-1.056970722,binance_target_caught,5505.665,1056.4,200,9994.600400000,1.998920080,1.999679920,4.225600000,0.227000000,1.056412424,0.227037311,1786802948507.573,1786802948508.134,1786802948508.137,1786802948508.221,1786802948517.728,1786802948863.292,1786802949169.580,1786802949170.281,1786802949170.284,1786802949551.219,10.155,345.563,651.852,380.938,662.711,1043.646
1786802965346,10781dd1620d49a995d25439c235c60a,crossing,LINK_USDT,-1,-2.110706567,1.255798976,0.854907591,1.055798976,-2.110706567,0.000000000,0.000,284.000,,,,,,,,,,,,,,,,,,1786802965346.269,,,,,,,,,,,,,,,
1786802965347,10781dd1620d49a995d25439c235c60a,demo_ioc_request,LINK_USDT,-1,-2.110706567,1.255798976,0.854907591,1.055798976,-2.110706567,0.000000000,1.000,285.000,,0.931,,,,,,,,,,,,,,,,1786802965346.269,1786802965347.060,1786802965347.063,1786802965347.200,,,,,,,,,,,,
1786802965966,10781dd1620d49a995d25439c235c60a,demo_ioc_response,LINK_USDT,-1,-2.110706567,1.255798976,0.854907591,1.055798976,-2.110706567,0.000000000,1.000,285.000,,0.931,,,,,,,,,,,,,,,,1786802965346.269,1786802965347.060,1786802965347.063,1786802965347.200,1786802965358.859,1786802965690.317,1786802965966.607,,,,12.590,331.458,607.748,,,
1786802971386,10781dd1620d49a995d25439c235c60a,rejected,LINK_USDT,-1,-2.110706567,1.255798976,0.854907591,1.055798976,-2.110706567,0.000000000,1.000,285.000,demo_ioc_unfilled_or_pending,0.931,,,,,,,,,,,,,,,,1786802965346.269,1786802965347.060,1786802965347.063,1786802965347.200,1786802965358.859,1786802965690.317,1786802965966.607,1786802965967.482,,,12.590,331.458,607.748,,,
1786803002638,7f33b26f76ae40cc86fedaef864dc202,crossing,LINK_USDT,1,2.111152169,1.255687516,0.855464653,1.055687516,2.111152169,0.000000000,0.000,553.000,,,,,,,,,,,,,,,,,,1786803002638.418,,,,,,,,,,,,,,,
1786803002639,7f33b26f76ae40cc86fedaef864dc202,demo_ioc_request,LINK_USDT,1,2.111152169,1.255687516,0.855464653,1.055687516,2.111152169,0.000000000,4.000,557.000,,1.141,,,,,,,,,,,,,,,,1786803002638.418,1786803002639.453,1786803002639.457,1786803002639.559,,,,,,,,,,,,
1786803003228,7f33b26f76ae40cc86fedaef864dc202,demo_ioc_response,LINK_USDT,1,2.111152169,1.255687516,0.855464653,1.055687516,2.111152169,0.000000000,4.000,557.000,,1.141,,,,,,,,,,,,,,,,1786803002638.418,1786803002639.453,1786803002639.457,1786803002639.559,1786803002655.986,1786803002953.362,1786803003228.659,,,,17.568,297.376,572.673,,,
1786803003590,7f33b26f76ae40cc86fedaef864dc202,demo_position_visible,LINK_USDT,1,2.111152169,1.255687516,0.855464653,1.055687516,2.111152169,0.000000000,4.000,557.000,,,,,,,,,1055,200,,,,,,,,1786803002638.418,1786803002639.453,1786803002639.457,1786803002639.559,1786803002655.986,1786803002953.362,1786803003228.659,1786803003229.827,1786803003229.833,1786803003590.830,17.568,297.376,572.673,361.003,591.415,952.412
1786803008166,7f33b26f76ae40cc86fedaef864dc202,demo_exit,LINK_USDT,1,2.111152169,1.255687516,0.855464653,1.055687516,2.111152169,0.000000000,4.000,557.000,,,3.165000000,3.166895387,3.166895387,-1.055631796,binance_target_caught,4341.770,1055,200,9994.015000000,1.998803000,1.999397000,3.165000000,-0.833200000,0.000000000,-0.833737992,1786803002638.418,1786803002639.453,1786803002639.457,1786803002639.559,1786803002655.986,1786803002953.362,1786803003228.659,1786803003229.827,1786803003229.833,1786803003590.830,17.568,297.376,572.673,361.003,591.415,952.412
1786803061732,5cfc08e06f654e148e4e71e0e8254380,crossing,LINK_USDT,-1,-2.635671189,1.254685440,1.380985749,1.054685440,-2.635671189,0.000000000,0.000,610.000,,,,,,,,,,,,,,,,,,1786803061732.708,,,,,,,,,,,,,,,
1786803061733,5cfc08e06f654e148e4e71e0e8254380,demo_ioc_request,LINK_USDT,-1,-2.635671189,1.254685440,1.380985749,1.054685440,-2.635671189,0.000000000,1.000,611.000,,0.976,,,,,,,,,,,,,,,,1786803061732.708,1786803061733.594,1786803061733.597,1786803061733.684,,,,,,,,,,,,
1786803062327,5cfc08e06f654e148e4e71e0e8254380,demo_ioc_response,LINK_USDT,-1,-2.635671189,1.254685440,1.380985749,1.054685440,-2.635671189,0.000000000,1.000,611.000,,0.976,,,,,,,,,,,,,,,,1786803061732.708,1786803061733.594,1786803061733.597,1786803061733.684,1786803061745.529,1786803062039.609,1786803062327.351,,,,12.821,294.080,581.822,,,
1786803067649,5cfc08e06f654e148e4e71e0e8254380,rejected,LINK_USDT,-1,-2.635671189,1.254685440,1.380985749,1.054685440,-2.635671189,0.000000000,1.000,611.000,demo_ioc_unfilled_or_pending,0.976,,,,,,,,,,,,,,,,1786803061732.708,1786803061733.594,1786803061733.597,1786803061733.684,1786803061745.529,1786803062039.609,1786803062327.351,1786803062328.598,,,12.821,294.080,581.822,,,
1786803089358,00c673ee6a394b7b99b1130860723547,crossing,LINK_USDT,1,2.107370536,1.253574251,0.853796286,1.053574251,2.107370536,0.000000000,0.000,1934.000,,,,,,,,,,,,,,,,,,1786803089358.465,,,,,,,,,,,,,,,
1786803089359,00c673ee6a394b7b99b1130860723547,demo_ioc_request,LINK_USDT,1,2.107370536,1.253574251,0.853796286,1.053574251,2.107370536,0.000000000,1.000,1935.000,,1.131,,,,,,,,,,,,,,,,1786803089358.465,1786803089359.504,1786803089359.509,1786803089359.595,,,,,,,,,,,,
1786803091098,00c673ee6a394b7b99b1130860723547,demo_ioc_response,LINK_USDT,1,2.107370536,1.253574251,0.853796286,1.053574251,2.107370536,0.000000000,1.000,1935.000,,1.131,,,,,,,,,,,,,,,,1786803089358.465,1786803089359.504,1786803089359.509,1786803089359.595,1786803089375.341,1786803089721.827,1786803091098.468,,,,16.877,346.486,1723.127,,,
1786803096472,00c673ee6a394b7b99b1130860723547,rejected,LINK_USDT,1,2.107370536,1.253574251,0.853796286,1.053574251,2.107370536,0.000000000,1.000,1935.000,demo_ioc_unfilled_or_pending,1.131,,,,,,,,,,,,,,,,1786803089358.465,1786803089359.504,1786803089359.509,1786803089359.595,1786803089375.341,1786803089721.827,1786803091098.468,1786803091099.775,,,16.877,346.486,1723.127,,,
1786803183050,53a62f554e434064a18763772df3d3ca,crossing,LINK_USDT,-1,-2.108036898,1.253907362,0.854129537,1.053907362,-2.108036898,0.000000000,0.000,445.000,,,,,,,,,,,,,,,,,,1786803183050.280,,,,,,,,,,,,,,,
1786803183051,53a62f554e434064a18763772df3d3ca,demo_ioc_request,LINK_USDT,-1,-2.108036898,1.253907362,0.854129537,1.053907362,-2.108036898,0.000000000,1.000,446.000,,0.937,,,,,,,,,,,,,,,,1786803183050.280,1786803183051.061,1786803183051.064,1786803183051.217,,,,,,,,,,,,
1786803183637,53a62f554e434064a18763772df3d3ca,demo_ioc_response,LINK_USDT,-1,-2.108036898,1.253907362,0.854129537,1.053907362,-2.108036898,0.000000000,1.000,446.000,,0.937,,,,,,,,,,,,,,,,1786803183050.280,1786803183051.061,1786803183051.064,1786803183051.217,1786803183062.272,1786803183370.215,1786803183637.865,,,,11.993,307.942,575.593,,,
1786803183991,53a62f554e434064a18763772df3d3ca,demo_position_visible,LINK_USDT,-1,-2.108036898,1.253907362,0.854129537,1.053907362,-2.108036898,0.000000000,1.000,446.000,,,,,,,,,1054.5,200,,,,,,,,1786803183050.280,1786803183051.061,1786803183051.064,1786803183051.217,1786803183062.272,1786803183370.215,1786803183637.865,1786803183638.815,1786803183638.819,1786803183991.413,11.993,307.942,575.593,352.598,588.539,941.134
1786803188686,53a62f554e434064a18763772df3d3ca,demo_exit,LINK_USDT,-1,-2.108036898,1.253907362,0.854129537,1.053907362,-2.108036898,0.000000000,1.000,446.000,,,4.218000000,4.215851602,4.215851602,-1.053962901,binance_target_caught,4444.779,1054.5,200,10005.096000000,2.001019200,2.000080800,4.218000000,0.216900000,0.000000000,0.216694772,1786803183050.280,1786803183051.061,1786803183051.064,1786803183051.217,1786803183062.272,1786803183370.215,1786803183637.865,1786803183638.815,1786803183638.819,1786803183991.413,11.993,307.942,575.593,352.598,588.539,941.134
1786803193350,658f5c949525439fb813691f78e8948f,crossing,LINK_USDT,1,2.108481374,1.254351837,0.854129537,1.054351837,2.108481374,0.000000000,0.000,438.000,,,,,,,,,,,,,,,,,,1786803193350.238,,,,,,,,,,,,,,,
1786803193351,658f5c949525439fb813691f78e8948f,demo_ioc_request,LINK_USDT,1,2.108481374,1.254351837,0.854129537,1.054351837,2.108481374,0.000000000,0.000,438.000,,0.775,,,,,,,,,,,,,,,,1786803193350.238,1786803193350.946,1786803193350.948,1786803193351.013,,,,,,,,,,,,
1786803193931,658f5c949525439fb813691f78e8948f,demo_ioc_response,LINK_USDT,1,2.108481374,1.254351837,0.854129537,1.054351837,2.108481374,0.000000000,0.000,438.000,,0.775,,,,,,,,,,,,,,,,1786803193350.238,1786803193350.946,1786803193350.948,1786803193351.013,1786803193359.609,1786803193652.054,1786803193931.145,,,,9.370,292.446,571.536,,,
1786803194239,658f5c949525439fb813691f78e8948f,demo_position_visible,LINK_USDT,1,2.108481374,1.254351837,0.854129537,1.054351837,2.108481374,0.000000000,0.000,438.000,,,,,,,,,1053.7,200,,,,,,,,1786803193350.238,1786803193350.946,1786803193350.948,1786803193351.013,1786803193359.609,1786803193652.054,1786803193931.145,1786803193932.251,1786803193932.257,1786803194239.933,9.370,292.446,571.536,307.682,582.019,889.695
1786803199342,658f5c949525439fb813691f78e8948f,demo_exit,LINK_USDT,1,2.108481374,1.254351837,0.854129537,1.054351837,2.108481374,0.000000000,0.000,438.000,,,2.107400000,2.108592514,2.108592514,-1.054296257,binance_target_caught,4788.404,1053.7,200,9994.344500000,1.998868900,1.999231100,2.107400000,-1.890700000,0.000000000,-1.891829204,1786803193350.238,1786803193350.946,1786803193350.948,1786803193351.013,1786803193359.609,1786803193652.054,1786803193931.145,1786803193932.251,1786803193932.257,1786803194239.933,9.370,292.446,571.536,307.682,582.019,889.695
1786803377145,913419cf53d64c768e29ee31943841ee,crossing,LINK_USDT,-1,-2.104709295,1.252686984,0.852022311,1.052686984,-2.104709295,0.000000000,0.000,1448.000,,,,,,,,,,,,,,,,,,1786803377145.791,,,,,,,,,,,,,,,
1786803377146,913419cf53d64c768e29ee31943841ee,demo_ioc_request,LINK_USDT,-1,-2.104709295,1.252686984,0.852022311,1.052686984,-2.104709295,0.000000000,1.000,1449.000,,0.946,,,,,,,,,,,,,,,,1786803377145.791,1786803377146.612,1786803377146.615,1786803377146.737,,,,,,,,,,,,
1786803378948,913419cf53d64c768e29ee31943841ee,demo_ioc_response,LINK_USDT,-1,-2.104709295,1.252686984,0.852022311,1.052686984,-2.104709295,0.000000000,1.000,1449.000,,0.946,,,,,,,,,,,,,,,,1786803377145.791,1786803377146.612,1786803377146.615,1786803377146.737,1786803377160.723,1786803377496.580,1786803378948.388,,,,14.932,335.857,1787.664,,,
1786803384271,913419cf53d64c768e29ee31943841ee,rejected,LINK_USDT,-1,-2.104709295,1.252686984,0.852022311,1.052686984,-2.104709295,0.000000000,1.000,1449.000,demo_ioc_unfilled_or_pending,0.946,,,,,,,,,,,,,,,,1786803377145.791,1786803377146.612,1786803377146.615,1786803377146.737,1786803377160.723,1786803377496.580,1786803378948.388,1786803378948.982,,,14.932,335.857,1787.664,,,
1786803410648,b24e81bdc8e34769b85cb84409161708,crossing,LINK_USDT,1,4.733478932,1.252576180,3.480902752,1.052576180,4.733478932,0.000000000,0.000,935.000,,,,,,,,,,,,,,,,,,1786803410648.327,,,,,,,,,,,,,,,
1786803410649,b24e81bdc8e34769b85cb84409161708,demo_ioc_request,LINK_USDT,1,4.733478932,1.252576180,3.480902752,1.052576180,4.733478932,0.000000000,2.000,937.000,,0.782,,,,,,,,,,,,,,,,1786803410648.327,1786803410649.013,1786803410649.017,1786803410649.109,,,,,,,,,,,,
1786803412320,b24e81bdc8e34769b85cb84409161708,demo_ioc_response,LINK_USDT,1,4.733478932,1.252576180,3.480902752,1.052576180,4.733478932,0.000000000,2.000,937.000,,0.782,,,,,,,,,,,,,,,,1786803410648.327,1786803410649.013,1786803410649.017,1786803410649.109,1786803410660.246,1786803410978.709,1786803412320.898,,,,11.919,318.463,1660.652,,,
1786803415450,b24e81bdc8e34769b85cb84409161708,demo_position_visible,LINK_USDT,1,4.733478932,1.252576180,3.480902752,1.052576180,4.733478932,0.000000000,2.000,937.000,,,,,,,,,1051.9,200,,,,,,,,1786803410648.327,1786803410649.013,1786803410649.017,1786803410649.109,1786803410660.246,1786803410978.709,1786803412320.898,1786803412321.790,,1786803415450.307,11.919,318.463,1660.652,3128.517,,4801.980
1786803417298,b24e81bdc8e34769b85cb84409161708,demo_exit,LINK_USDT,1,4.733478932,1.252576180,3.480902752,1.052576180,4.733478932,0.000000000,2.000,937.000,,,6.311400000,6.315124724,6.315124724,0.000000000,binance_target_caught,4833.044,1051.9,200,9994.101900000,0.000000000,3.999700000,2.103800000,-1.895900000,0.000000000,0.103734876,1786803410648.327,1786803410649.013,1786803410649.017,1786803410649.109,1786803410660.246,1786803410978.709,1786803412320.898,1786803412321.790,,1786803415450.307,11.919,318.463,1660.652,3128.517,,4801.980
1786803455083,ff27851f419842e2bb477e809a8ed506,crossing,LINK_USDT,-1,-2.103160006,1.251469429,0.851690577,1.051469429,-2.103160006,0.000000000,0.000,128.000,,,,,,,,,,,,,,,,,,1786803455083.955,,,,,,,,,,,,,,,
1786803455084,ff27851f419842e2bb477e809a8ed506,demo_ioc_request,LINK_USDT,-1,-2.103160006,1.251469429,0.851690577,1.051469429,-2.103160006,0.000000000,1.000,129.000,,0.655,,,,,,,,,,,,,,,,1786803455083.955,1786803455084.533,1786803455084.536,1786803455084.609,,,,,,,,,,,,
1786803455685,ff27851f419842e2bb477e809a8ed506,demo_ioc_response,LINK_USDT,-1,-2.103160006,1.251469429,0.851690577,1.051469429,-2.103160006,0.000000000,1.000,129.000,,0.655,,,,,,,,,,,,,,,,1786803455083.955,1786803455084.533,1786803455084.536,1786803455084.609,1786803455094.554,1786803455408.086,1786803455685.202,,,,10.599,313.532,590.648,,,
1786803461182,ff27851f419842e2bb477e809a8ed506,rejected,LINK_USDT,-1,-2.103160006,1.251469429,0.851690577,1.051469429,-2.103160006,0.000000000,1.000,129.000,demo_ioc_unfilled_or_pending,0.655,,,,,,,,,,,,,,,,1786803455083.955,1786803455084.533,1786803455084.536,1786803455084.609,1786803455094.554,1786803455408.086,1786803455685.202,1786803455686.094,,,10.599,313.532,590.648,,,
1786803465332,2f8cd269bc1a4f6bb36dd21b7225f979,crossing,LINK_USDT,1,2.102054766,1.251137857,0.850916910,1.051137857,2.102054766,0.000000000,26.000,1765.000,,,,,,,,,,,,,,,,,,1786803465332.224,,,,,,,,,,,,,,,
1786803465333,2f8cd269bc1a4f6bb36dd21b7225f979,demo_ioc_request,LINK_USDT,1,2.102054766,1.251137857,0.850916910,1.051137857,2.102054766,0.000000000,31.000,1770.000,,1.160,,,,,,,,,,,,,,,,1786803465332.224,1786803465333.279,1786803465333.282,1786803465333.384,,,,,,,,,,,,
1786803465954,2f8cd269bc1a4f6bb36dd21b7225f979,demo_ioc_response,LINK_USDT,1,2.102054766,1.251137857,0.850916910,1.051137857,2.102054766,0.000000000,31.000,1770.000,,1.160,,,,,,,,,,,,,,,,1786803465332.224,1786803465333.279,1786803465333.282,1786803465333.384,1786803465348.403,1786803465651.514,1786803465954.759,,,,16.179,303.110,606.355,,,
1786803471552,2f8cd269bc1a4f6bb36dd21b7225f979,rejected,LINK_USDT,1,2.102054766,1.251137857,0.850916910,1.051137857,2.102054766,0.000000000,31.000,1770.000,demo_ioc_unfilled_or_pending,1.160,,,,,,,,,,,,,,,,1786803465332.224,1786803465333.279,1786803465333.282,1786803465333.384,1786803465348.403,1786803465651.514,1786803465954.759,1786803465956.104,,,16.179,303.110,606.355,,,
1786803479945,0141b72180fa4de8bcdc99f2791e082f,crossing,LINK_USDT,-1,-1.575175242,1.250254687,0.324920555,1.050254687,-1.575175242,0.000000000,0.000,336.000,,,,,,,,,,,,,,,,,,1786803479945.912,,,,,,,,,,,,,,,
1786803479946,0141b72180fa4de8bcdc99f2791e082f,demo_ioc_request,LINK_USDT,-1,-1.575175242,1.250254687,0.324920555,1.050254687,-1.575175242,0.000000000,1.000,337.000,,0.847,,,,,,,,,,,,,,,,1786803479945.912,1786803479946.666,1786803479946.671,1786803479946.759,,,,,,,,,,,,
1786803480632,0141b72180fa4de8bcdc99f2791e082f,demo_ioc_response,LINK_USDT,-1,-1.575175242,1.250254687,0.324920555,1.050254687,-1.575175242,0.000000000,1.000,337.000,,0.847,,,,,,,,,,,,,,,,1786803479945.912,1786803479946.666,1786803479946.671,1786803479946.759,1786803479955.716,1786803480313.003,1786803480632.326,,,,9.804,357.287,676.610,,,
1786803486233,0141b72180fa4de8bcdc99f2791e082f,rejected,LINK_USDT,-1,-1.575175242,1.250254687,0.324920555,1.050254687,-1.575175242,0.000000000,1.000,337.000,demo_ioc_unfilled_or_pending,0.847,,,,,,,,,,,,,,,,1786803479945.912,1786803479946.666,1786803479946.671,1786803479946.759,1786803479955.716,1786803480313.003,1786803480632.326,1786803480633.334,,,9.804,357.287,676.610,,,
1786803490722,b914d3acebaf4d9da112ae06b6880e62,crossing,LINK_USDT,1,2.102938865,1.251137857,0.851801008,1.051137857,2.102938865,0.000000000,0.000,106.000,,,,,,,,,,,,,,,,,,1786803490722.364,,,,,,,,,,,,,,,
1786803490723,b914d3acebaf4d9da112ae06b6880e62,demo_ioc_request,LINK_USDT,1,2.102938865,1.251137857,0.851801008,1.051137857,2.102938865,0.000000000,1.000,107.000,,0.844,,,,,,,,,,,,,,,,1786803490722.364,1786803490723.051,1786803490723.053,1786803490723.208,,,,,,,,,,,,
1786803491324,b914d3acebaf4d9da112ae06b6880e62,demo_ioc_response,LINK_USDT,1,2.102938865,1.251137857,0.851801008,1.051137857,2.102938865,0.000000000,1.000,107.000,,0.844,,,,,,,,,,,,,,,,1786803490722.364,1786803490723.051,1786803490723.053,1786803490723.208,1786803490734.674,1786803491032.546,1786803491324.773,,,,12.310,297.872,590.100,,,
1786803491653,b914d3acebaf4d9da112ae06b6880e62,demo_position_visible,LINK_USDT,1,2.102938865,1.251137857,0.851801008,1.051137857,2.102938865,0.000000000,1.000,107.000,,,,,,,,,1050.5,200,,,,,,,,1786803490722.364,1786803490723.051,1786803490723.053,1786803490723.208,1786803490734.674,1786803491032.546,1786803491324.773,1786803491325.423,1786803491325.427,1786803491653.943,12.310,297.872,590.100,328.520,603.062,931.579
1786803496737,b914d3acebaf4d9da112ae06b6880e62,demo_exit,LINK_USDT,1,2.102938865,1.251137857,0.851801008,1.051137857,2.102938865,0.000000000,1.000,107.000,,,-2.101000000,-2.102165230,0.000000000,-2.102165230,demo_adverse_cut,4108.888,1050.5,200,9994.457000000,1.998891400,1.998408600,-2.101000000,-6.098300000,0.000000000,-6.101744797,1786803490722.364,1786803490723.051,1786803490723.053,1786803490723.208,1786803490734.674,1786803491032.546,1786803491324.773,1786803491325.423,1786803491325.427,1786803491653.943,12.310,297.872,590.100,328.520,603.062,931.579
1786803508657,c4b1229b991f4b17a0f6ab6cdbdf7b70,crossing,XRP_USDT,1,1.998700851,1.199250562,0.799450289,0.999250562,1.998700851,0.000000000,0.000,10.000,,,,,,,,,,,,,,,,,,1786803508657.037,,,,,,,,,,,,,,,
1786803508658,c4b1229b991f4b17a0f6ab6cdbdf7b70,demo_ioc_request,XRP_USDT,1,1.998700851,1.199250562,0.799450289,0.999250562,1.998700851,0.000000000,2.000,12.000,,1.140,,,,,,,,,,,,,,,,1786803508657.037,1786803508658.020,1786803508658.023,1786803508658.177,,,,,,,,,,,,
1786803509290,c4b1229b991f4b17a0f6ab6cdbdf7b70,demo_ioc_response,XRP_USDT,1,1.998700851,1.199250562,0.799450289,0.999250562,1.998700851,0.000000000,2.000,12.000,,1.140,,,,,,,,,,,,,,,,1786803508657.037,1786803508658.020,1786803508658.023,1786803508658.177,1786803508669.461,1786803508977.594,1786803509290.652,,,,12.424,308.133,621.191,,,
1786803509605,c4b1229b991f4b17a0f6ab6cdbdf7b70,demo_position_visible,XRP_USDT,1,1.998700851,1.199250562,0.799450289,0.999250562,1.998700851,0.000000000,2.000,12.000,,,,,,,,,9986,200,,,,,,,,1786803508657.037,1786803508658.020,1786803508658.023,1786803508658.177,1786803508669.461,1786803508977.594,1786803509290.652,1786803509291.834,1786803509291.840,1786803509605.252,12.424,308.133,621.191,313.418,634.802,948.215
1786803521819,c4b1229b991f4b17a0f6ab6cdbdf7b70,demo_exit,XRP_USDT,1,1.998700851,1.199250562,0.799450289,0.999250562,1.998700851,0.000000000,2.000,12.000,,,-1.997200000,-1.998401279,0.999200639,-1.998401279,demo_adverse_cut,11303.448,9986,200,9993.988800000,1.998797760,1.998302240,-1.997200000,-5.994300000,0.000000000,-5.998001599,1786803508657.037,1786803508658.020,1786803508658.023,1786803508658.177,1786803508669.461,1786803508977.594,1786803509290.652,1786803509291.834,1786803509291.840,1786803509605.252,12.424,308.133,621.191,313.418,634.802,948.215
1786803553384,3a20d72e17114794acfb01381925f274,crossing,LINK_USDT,-1,-3.157230083,1.251690593,1.905539490,1.051690593,-3.157230083,0.000000000,0.000,0.000,,,,,,,,,,,,,,,,,,1786803553384.680,,,,,,,,,,,,,,,
1786803553385,3a20d72e17114794acfb01381925f274,demo_ioc_request,LINK_USDT,-1,-3.157230083,1.251690593,1.905539490,1.051690593,-3.157230083,0.000000000,2.000,2.000,,1.002,,,,,,,,,,,,,,,,1786803553384.680,1786803553385.589,1786803553385.592,1786803553385.682,,,,,,,,,,,,
1786803554012,3a20d72e17114794acfb01381925f274,demo_ioc_response,LINK_USDT,-1,-3.157230083,1.251690593,1.905539490,1.051690593,-3.157230083,0.000000000,2.000,2.000,,1.002,,,,,,,,,,,,,,,,1786803553384.680,1786803553385.589,1786803553385.592,1786803553385.682,1786803553398.326,1786803553692.991,1786803554012.780,,,,13.646,294.665,614.454,,,
1786803559632,3a20d72e17114794acfb01381925f274,rejected,LINK_USDT,-1,-3.157230083,1.251690593,1.905539490,1.051690593,-3.157230083,0.000000000,2.000,2.000,demo_ioc_unfilled_or_pending,1.002,,,,,,,,,,,,,,,,1786803553384.680,1786803553385.589,1786803553385.592,1786803553385.682,1786803553398.326,1786803553692.991,1786803554012.780,1786803554013.877,,,13.646,294.665,614.454,,,
1786803606683,38c6e5a8753d4de6a745a6d19c492a75,crossing,LINK_USDT,1,2.105373975,1.252797810,0.852576165,1.052797810,2.105373975,0.000000000,0.000,31.000,,,,,,,,,,,,,,,,,,1786803606683.416,,,,,,,,,,,,,,,
1786803606684,38c6e5a8753d4de6a745a6d19c492a75,demo_ioc_request,LINK_USDT,1,2.105373975,1.252797810,0.852576165,1.052797810,2.105373975,0.000000000,2.000,33.000,,1.576,,,,,,,,,,,,,,,,1786803606683.416,1786803606684.844,1786803606684.851,1786803606684.992,,,,,,,,,,,,
1786803607351,38c6e5a8753d4de6a745a6d19c492a75,demo_ioc_response,LINK_USDT,1,2.105373975,1.252797810,0.852576165,1.052797810,2.105373975,0.000000000,2.000,33.000,,1.576,,,,,,,,,,,,,,,,1786803606683.416,1786803606684.844,1786803606684.851,1786803606684.992,1786803606699.504,1786803607065.593,1786803607351.177,,,,16.088,366.089,651.673,,,
1786803607679,38c6e5a8753d4de6a745a6d19c492a75,demo_position_visible,LINK_USDT,1,2.105373975,1.252797810,0.852576165,1.052797810,2.105373975,0.000000000,2.000,33.000,,,,,,,,,1052.1,200,,,,,,,,1786803606683.416,1786803606684.844,1786803606684.851,1786803606684.992,1786803606699.504,1786803607065.593,1786803607351.177,1786803607351.979,1786803607351.986,1786803607679.712,16.088,366.089,651.673,327.733,668.570,996.297
1786803629052,38c6e5a8753d4de6a745a6d19c492a75,demo_exit,LINK_USDT,1,2.105373975,1.252797810,0.852576165,1.052797810,2.105373975,0.000000000,2.000,33.000,,,-3.156300000,-3.158227182,1.052742394,-3.158227182,demo_adverse_cut,21194.124,1052.1,200,9993.897900000,1.998779580,1.998120420,-3.156300000,-7.153200000,0.000000000,-7.157595536,1786803606683.416,1786803606684.844,1786803606684.851,1786803606684.992,1786803606699.504,1786803607065.593,1786803607351.177,1786803607351.979,1786803607351.986,1786803607679.712,16.088,366.089,651.673,327.733,668.570,996.297
1786803629801,62d72c305a3b41a5a6e0549d642ff2d6,crossing,LINK_USDT,-1,-2.106260868,1.253019534,0.853241335,1.053019534,-2.106260868,0.000000000,0.000,1150.000,,,,,,,,,,,,,,,,,,1786803629801.616,,,,,,,,,,,,,,,
1786803629802,62d72c305a3b41a5a6e0549d642ff2d6,demo_ioc_request,LINK_USDT,-1,-2.106260868,1.253019534,0.853241335,1.053019534,-2.106260868,0.000000000,1.000,1151.000,,0.785,,,,,,,,,,,,,,,,1786803629801.616,1786803629802.316,1786803629802.318,1786803629802.401,,,,,,,,,,,,
1786803630422,62d72c305a3b41a5a6e0549d642ff2d6,demo_ioc_response,LINK_USDT,-1,-2.106260868,1.253019534,0.853241335,1.053019534,-2.106260868,0.000000000,1.000,1151.000,,0.785,,,,,,,,,,,,,,,,1786803629801.616,1786803629802.316,1786803629802.318,1786803629802.401,1786803629811.719,1786803630139.499,1786803630422.735,,,,10.103,327.780,611.016,,,
1786803635927,62d72c305a3b41a5a6e0549d642ff2d6,rejected,LINK_USDT,-1,-2.106260868,1.253019534,0.853241335,1.053019534,-2.106260868,0.000000000,1.000,1151.000,demo_ioc_unfilled_or_pending,0.785,,,,,,,,,,,,,,,,1786803629801.616,1786803629802.316,1786803629802.318,1786803629802.401,1786803629811.719,1786803630139.499,1786803630422.735,1786803630423.425,,,10.103,327.780,611.016,,,
1786803688876,118f93dd35c64439a16098aaa76fbe2a,crossing,LINK_USDT,1,1.581736222,1.254463015,0.327273208,1.054463015,1.581736222,0.000000000,0.000,1284.000,,,,,,,,,,,,,,,,,,1786803688876.404,,,,,,,,,,,,,,,
1786803688878,118f93dd35c64439a16098aaa76fbe2a,demo_ioc_request,LINK_USDT,1,1.581736222,1.254463015,0.327273208,1.054463015,1.581736222,0.000000000,3.000,1287.000,,1.898,,,,,,,,,,,,,,,,1786803688876.404,1786803688877.967,1786803688877.973,1786803688878.302,,,,,,,,,,,,
1786803690591,118f93dd35c64439a16098aaa76fbe2a,demo_ioc_response,LINK_USDT,1,1.581736222,1.254463015,0.327273208,1.054463015,1.581736222,0.000000000,3.000,1287.000,,1.898,,,,,,,,,,,,,,,,1786803688876.404,1786803688877.967,1786803688877.973,1786803688878.302,1786803688898.649,1786803689216.837,1786803690591.899,,,,22.245,318.188,1693.250,,,
1786803693160,118f93dd35c64439a16098aaa76fbe2a,demo_position_visible,LINK_USDT,1,1.581736222,1.254463015,0.327273208,1.054463015,1.581736222,0.000000000,3.000,1287.000,,,,,,,,,1053.8,200,,,,,,,,1786803688876.404,1786803688877.967,1786803688877.973,1786803688878.302,1786803688898.649,1786803689216.837,1786803690591.899,1786803690592.897,,1786803693160.549,22.245,318.188,1693.250,2567.652,,4284.145
1786803700198,118f93dd35c64439a16098aaa76fbe2a,demo_exit,LINK_USDT,1,1.581736222,1.254463015,0.327273208,1.054463015,1.581736222,0.000000000,3.000,1287.000,,,3.161400000,3.163222269,3.163222269,0.000000000,binance_target_caught,4301.525,1053.8,200,9994.239200000,0.000000000,3.998300000,3.161400000,-0.836900000,0.000000000,1.162589625,1786803688876.404,1786803688877.967,1786803688877.973,1786803688878.302,1786803688898.649,1786803689216.837,1786803690591.899,1786803690592.897,,1786803693160.549,22.245,318.188,1693.250,2567.652,,4284.145
1786803733482,bb18cf1c0c0147a18400cf6061e7dd1d,crossing,XRP_USDT,-1,-2.000100012,1.199950002,0.800150009,0.999950002,-2.000100012,0.000000000,0.000,142.000,,,,,,,,,,,,,,,,,,1786803733482.979,,,,,,,,,,,,,,,
1786803733483,bb18cf1c0c0147a18400cf6061e7dd1d,demo_ioc_request,XRP_USDT,-1,-2.000100012,1.199950002,0.800150009,0.999950002,-2.000100012,0.000000000,1.000,143.000,,0.902,,,,,,,,,,,,,,,,1786803733482.979,1786803733483.817,1786803733483.820,1786803733483.881,,,,,,,,,,,,
1786803734121,bb18cf1c0c0147a18400cf6061e7dd1d,demo_ioc_response,XRP_USDT,-1,-2.000100012,1.199950002,0.800150009,0.999950002,-2.000100012,0.000000000,1.000,143.000,,0.902,,,,,,,,,,,,,,,,1786803733482.979,1786803733483.817,1786803733483.820,1786803733483.881,1786803733493.071,1786803733845.047,1786803734121.119,,,,10.092,351.977,628.049,,,
