LIVE MICROSPREAD -> DEMO: 3 symbol(s); event-driven Binance bookTicker + MEXC 
LIVE depth; all order writes TESTNET only.
Fee gate: Demo fees measured/subtracted + LIVE exact 0/0
Excursion telemetry CSV: 
D:\Mexc_tick_scalper\MEXC-Tick-scalper\legacy_54b_threecoin_clean_100_excursion
s_20260815.csv
Residual telemetry CSV: 
D:\Mexc_tick_scalper\MEXC-Tick-scalper\legacy_54b_threecoin_clean_100_residuals
_20260815.csv
Symbols: DOGE_USDT, LINK_USDT, XRP_USDT
Micro gate: residual >= max(0.35bps, LIVE spread+0.20bps, spread*1.05); Binance
micro-move >= 0.020bps; basis baseline=8s excluding newest 1000ms.
Demo sizing: available=47044.1USDT mode=10000USDT target IOC notional
MICRO HEARTBEAT state=warming symbols=3 signal_source=live books=3 demo_books=3
Bquotes=30 Mdepth=4 Ddepth=11 above_floor=0 max_residual=0.000bps candidates=0 
fee_age=0ms
MICRO HEARTBEAT state=watching symbols=3 signal_source=live books=3 
demo_books=3 Bquotes=170 Mdepth=8 Ddepth=11 above_floor=0 max_residual=0.000bps
candidates=0 fee_age=2039ms
MICRO HEARTBEAT state=watching symbols=3 signal_source=live books=3 
demo_books=3 Bquotes=271 Mdepth=17 Ddepth=11 above_floor=0 
max_residual=0.000bps candidates=0 fee_age=4046ms
MICRO HEARTBEAT state=watching symbols=3 signal_source=live books=3 
demo_books=3 Bquotes=375 Mdepth=20 Ddepth=37 above_floor=0 
max_residual=0.000bps candidates=0 fee_age=396ms
MICRO HEARTBEAT state=watching symbols=3 signal_source=live books=3 
demo_books=3 Bquotes=548 Mdepth=28 Ddepth=39 above_floor=0 
max_residual=0.000bps candidates=0 fee_age=2414ms
MICRO HEARTBEAT state=watching symbols=3 signal_source=live books=3 
demo_books=3 Bquotes=683 Mdepth=36 Ddepth=39 above_floor=0 
max_residual=0.000bps candidates=0 fee_age=0ms
MICRO HEARTBEAT state=watching symbols=3 signal_source=live books=3 
demo_books=3 Bquotes=818 Mdepth=42 Ddepth=57 above_floor=0 
max_residual=0.000bps candidates=0 fee_age=2036ms
MICRO HEARTBEAT state=watching symbols=3 signal_source=live books=3 
demo_books=3 Bquotes=939 Mdepth=48 Ddepth=57 above_floor=0 
max_residual=0.000bps candidates=0 fee_age=4039ms
MICRO HEARTBEAT state=watching symbols=3 signal_source=live books=3 
demo_books=3 Bquotes=1083 Mdepth=58 Ddepth=57 above_floor=0 
max_residual=0.000bps candidates=0 fee_age=993ms
MICRO HEARTBEAT state=watching symbols=3 signal_source=live books=3 
demo_books=3 Bquotes=1352 Mdepth=64 Ddepth=80 above_floor=0 
max_residual=0.000bps candidates=0 fee_age=3021ms
MICRO HEARTBEAT state=watching symbols=3 signal_source=live books=3 
demo_books=3 Bquotes=1451 Mdepth=71 Ddepth=86 above_floor=0 
max_residual=0.000bps candidates=0 fee_age=0ms
MICRO HEARTBEAT state=watching symbols=3 signal_source=live books=3 
demo_books=3 Bquotes=1696 Mdepth=86 Ddepth=86 above_floor=0 
max_residual=0.000bps candidates=0 fee_age=2006ms
MICRO HEARTBEAT state=watching symbols=3 signal_source=live books=3 
demo_books=3 Bquotes=1907 Mdepth=101 Ddepth=88 above_floor=0 
max_residual=0.000bps candidates=0 fee_age=4022ms
MICRO SIGNAL LINK_USDT SHORT residual=-2.154bps threshold=1.277 spread=1.077 
net=+0.877 B100=-2.154 M100=+0.000 Bage=4ms Mage=194ms DemoCross=5.0bps
MICRO HEARTBEAT state=watching symbols=3 signal_source=live books=3 
demo_books=3 Bquotes=3058 Mdepth=216 Ddepth=168 above_floor=0 
max_residual=0.000bps candidates=0 fee_age=0ms
MICRO HEARTBEAT state=watching symbols=3 signal_source=live books=3 
demo_books=3 Bquotes=3146 Mdepth=223 Ddepth=175 above_floor=0 
max_residual=0.000bps candidates=0 fee_age=777ms
MICRO HEARTBEAT state=watching symbols=3 signal_source=live books=3 
demo_books=3 Bquotes=3369 Mdepth=240 Ddepth=198 above_floor=0 
max_residual=0.000bps candidates=0 fee_age=2791ms
MICRO HEARTBEAT state=watching symbols=3 signal_source=live books=3 
demo_books=3 Bquotes=3589 Mdepth=255 Ddepth=218 above_floor=0 
max_residual=0.000bps candidates=0 fee_age=360ms
MICRO HEARTBEAT state=watching symbols=3 signal_source=live books=3 
demo_books=3 Bquotes=3736 Mdepth=271 Ddepth=232 above_floor=0 
max_residual=0.000bps candidates=0 fee_age=2371ms
MICRO HEARTBEAT state=watching symbols=3 signal_source=live books=3 
demo_books=3 Bquotes=3887 Mdepth=279 Ddepth=254 above_floor=0 
max_residual=0.000bps candidates=0 fee_age=1ms
MICRO HEARTBEAT state=watching symbols=3 signal_source=live books=3 
demo_books=3 Bquotes=4081 Mdepth=284 Ddepth=276 above_floor=0 
max_residual=0.000bps candidates=0 fee_age=2011ms
MICRO HEARTBEAT state=watching symbols=3 signal_source=live books=3 
demo_books=3 Bquotes=4353 Mdepth=292 Ddepth=296 above_floor=0 
max_residual=0.000bps candidates=0 fee_age=4016ms
MICRO HEARTBEAT state=watching symbols=3 signal_source=live books=3 
demo_books=3 Bquotes=4600 Mdepth=300 Ddepth=315 above_floor=0 
max_residual=0.000bps candidates=0 fee_age=983ms
MICRO HEARTBEAT state=watching symbols=3 signal_source=live books=3 
demo_books=3 Bquotes=4949 Mdepth=306 Ddepth=338 above_floor=1 
max_residual=1.078bps candidates=0 fee_age=2984ms
MICRO HEARTBEAT state=watching symbols=3 signal_source=live books=3 
demo_books=3 Bquotes=5180 Mdepth=314 Ddepth=358 above_floor=0 
max_residual=0.000bps candidates=0 fee_age=1ms
MICRO HEARTBEAT state=watching symbols=3 signal_source=live books=3 
demo_books=3 Bquotes=5353 Mdepth=322 Ddepth=375 above_floor=0 
max_residual=0.000bps candidates=0 fee_age=2049ms
MICRO HEARTBEAT state=watching symbols=3 signal_source=live books=3 
demo_books=3 Bquotes=5553 Mdepth=327 Ddepth=397 above_floor=0 
max_residual=0.000bps candidates=0 fee_age=4058ms
MICRO HEARTBEAT state=watching symbols=3 signal_source=live books=3 
demo_books=3 Bquotes=5721 Mdepth=336 Ddepth=415 above_floor=0 
max_residual=0.000bps candidates=0 fee_age=1087ms
MICRO HEARTBEAT state=watching symbols=3 signal_source=live books=3 
demo_books=3 Bquotes=5781 Mdepth=341 Ddepth=437 above_floor=1 
max_residual=1.077bps candidates=0 fee_age=3094ms
MICRO HEARTBEAT state=watching symbols=3 signal_source=live books=3 
demo_books=3 Bquotes=5921 Mdepth=348 Ddepth=457 above_floor=0 
max_residual=0.000bps candidates=0 fee_age=115ms
MICRO HEARTBEAT state=watching symbols=3 signal_source=live books=3 
demo_books=3 Bquotes=6088 Mdepth=356 Ddepth=475 above_floor=0 
max_residual=0.000bps candidates=0 fee_age=2170ms
MICRO HEARTBEAT state=watching symbols=3 signal_source=live books=3 
demo_books=3 Bquotes=6257 Mdepth=363 Ddepth=496 above_floor=0 
max_residual=0.000bps candidates=0 fee_age=4174ms
MICRO HEARTBEAT state=watching symbols=3 signal_source=live books=3 
demo_books=3 Bquotes=6480 Mdepth=370 Ddepth=512 above_floor=0 
max_residual=0.000bps candidates=0 fee_age=1194ms
MICRO HEARTBEAT state=watching symbols=3 signal_source=live books=3 
demo_books=3 Bquotes=6854 Mdepth=382 Ddepth=532 above_floor=0 
max_residual=0.000bps candidates=0 fee_age=3208ms
MICRO HEARTBEAT state=watching symbols=3 signal_source=live books=3 
demo_books=3 Bquotes=7029 Mdepth=390 Ddepth=555 above_floor=1 
max_residual=1.077bps candidates=0 fee_age=174ms
MICRO HEARTBEAT state=watching symbols=3 signal_source=live books=3 
demo_books=3 Bquotes=7138 Mdepth=398 Ddepth=573 above_floor=0 
max_residual=0.000bps candidates=0 fee_age=2190ms
MICRO HEARTBEAT state=watching symbols=3 signal_source=live books=3 
demo_books=3 Bquotes=7328 Mdepth=405 Ddepth=596 above_floor=1 
max_residual=1.078bps candidates=0 fee_age=4194ms
MICRO HEARTBEAT state=watching symbols=3 signal_source=live books=3 
demo_books=3 Bquotes=7434 Mdepth=410 Ddepth=615 above_floor=0 
max_residual=0.000bps candidates=0 fee_age=1186ms
MICRO HEARTBEAT state=watching symbols=3 signal_source=live books=3 
demo_books=3 Bquotes=7568 Mdepth=418 Ddepth=636 above_floor=1 
max_residual=1.078bps candidates=0 fee_age=3210ms
MICRO HEARTBEAT state=watching symbols=3 signal_source=live books=3 
demo_books=3 Bquotes=7795 Mdepth=426 Ddepth=660 above_floor=1 
max_residual=1.078bps candidates=0 fee_age=169ms
MICRO SIGNAL LINK_USDT LONG residual=+3.234bps threshold=1.278 spread=1.078 
net=+1.956 B100=+1.078 M100=+0.000 Bage=4ms Mage=190ms DemoCross=5.0bps
DEMO ENTRY LINK_USDT LONG qty=1077.8 LIVEEntry=9.273 residual=+3.234 
notional=9994.44USDT leverage=200x requested_margin=50.0000USDT 
strategy_equity=60.0000USDT sizing=TARGET_NOTIONAL spread=1.078 
DemoFeeReported=1.99889 signal_to_visible=1292.9ms IOCconfirm=632.3ms 
reconcile=331.1ms
MICRO POSITION LINK_USDT mark=+1.078bps MFE=+1.078 MAE=+0.000 
DemoNetMark=-5.075360USDT DemoNet=-5.078bps DemoMFE=+0.000 DemoMAE=-5.078 
TRAIL=OFF residual=+1.078bps B100=+0.000
MICRO EXIT LINK_USDT reason=microspread_converged LIVEpnl=+1.077800USDT 
move=+1.078bps MFE=+1.078 MAE=+0.000 hold=1558ms DemoExit=9.272 
DemoGross=-1.077800 DemoNet=-5.075300 DemoFee=1.99861
MICRO HEARTBEAT state=watching symbols=3 signal_source=live books=3 
demo_books=3 Bquotes=8188 Mdepth=447 Ddepth=709 above_floor=0 
max_residual=0.000bps candidates=0 fee_age=0ms
MICRO HEARTBEAT state=watching symbols=3 signal_source=live books=3 
demo_books=3 Bquotes=8250 Mdepth=456 Ddepth=730 above_floor=0 
max_residual=0.000bps candidates=0 fee_age=2029ms
MICRO HEARTBEAT state=watching symbols=3 signal_source=live books=3 
demo_books=3 Bquotes=8341 Mdepth=465 Ddepth=750 above_floor=1 
max_residual=0.539bps candidates=0 fee_age=4043ms
MICRO HEARTBEAT state=watching symbols=3 signal_source=live books=3 
demo_books=3 Bquotes=8421 Mdepth=474 Ddepth=770 above_floor=0 
max_residual=0.000bps candidates=0 fee_age=1052ms
MICRO SIGNAL LINK_USDT SHORT residual=-1.618bps threshold=1.278 spread=1.078 
net=+0.339 B100=-2.157 M100=+0.000 Bage=1ms Mage=647ms DemoCross=5.0bps
DEMO ENTRY LINK_USDT SHORT qty=1078.8 LIVEEntry=9.274 residual=-1.618 
notional=10004.8USDT leverage=200x requested_margin=50.0000USDT 
strategy_equity=54.9247USDT sizing=TARGET_NOTIONAL spread=1.078 
DemoFeeReported=2.00096 signal_to_visible=1139.4ms IOCconfirm=564.8ms 
reconcile=277.3ms
MICRO EXIT LINK_USDT reason=microspread_reversed LIVEpnl=-0.000000USDT 
move=-0.000bps MFE=+0.000 MAE=+0.000 hold=1159ms DemoExit=9.275 
DemoGross=-1.078800 DemoNet=-5.080900 DemoFee=2.00114
MICRO HEARTBEAT state=watching symbols=3 signal_source=live books=3 
demo_books=3 Bquotes=8555 Mdepth=482 Ddepth=792 above_floor=0 
max_residual=0.000bps candidates=0 fee_age=3350ms
MICRO HEARTBEAT state=watching symbols=3 signal_source=live books=3 
demo_books=3 Bquotes=8643 Mdepth=490 Ddepth=817 above_floor=0 
max_residual=0.000bps candidates=0 fee_age=356ms
MICRO SIGNAL LINK_USDT LONG residual=+1.618bps threshold=1.278 spread=1.078 
net=+0.339 B100=+1.078 M100=+0.000 Bage=3ms Mage=814ms DemoCross=5.0bps
DEMO ENTRY LINK_USDT LONG qty=1077.8 LIVEEntry=9.273 residual=+1.618 
notional=9994.44USDT leverage=200x requested_margin=50.0000USDT 
strategy_equity=49.8438USDT sizing=TARGET_NOTIONAL spread=1.078 
DemoFeeReported=1.99889 signal_to_visible=1172.8ms IOCconfirm=578.0ms 
reconcile=281.8ms
MICRO POSITION LINK_USDT mark=+0.000bps MFE=+0.000 MAE=+0.000 
DemoNetMark=-5.075360USDT DemoNet=-5.078bps DemoMFE=+0.000 DemoMAE=-5.078 
TRAIL=OFF residual=+0.000bps B100=+0.000
MICRO EXIT LINK_USDT reason=microspread_converged LIVEpnl=+0.000000USDT 
move=+0.000bps MFE=+0.000 MAE=+0.000 hold=1191ms DemoExit=9.272 
DemoGross=-1.077800 DemoNet=-5.075300 DemoFee=1.99861
MICRO HEARTBEAT state=watching symbols=3 signal_source=live books=3 
demo_books=3 Bquotes=9069 Mdepth=520 Ddepth=866 above_floor=1 
max_residual=0.539bps candidates=0 fee_age=0ms
MICRO HEARTBEAT state=watching symbols=3 signal_source=live books=3 
demo_books=3 Bquotes=9323 Mdepth=532 Ddepth=885 above_floor=2 
max_residual=1.618bps candidates=1 fee_age=2010ms
MICRO HEARTBEAT state=watching symbols=3 signal_source=live books=3 
demo_books=3 Bquotes=9409 Mdepth=541 Ddepth=906 above_floor=0 
max_residual=0.000bps candidates=0 fee_age=4012ms
MICRO HEARTBEAT state=watching symbols=3 signal_source=live books=3 
demo_books=3 Bquotes=9790 Mdepth=549 Ddepth=925 above_floor=1 
max_residual=0.539bps candidates=0 fee_age=917ms
MICRO HEARTBEAT state=watching symbols=3 signal_source=live books=3 
demo_books=3 Bquotes=9875 Mdepth=556 Ddepth=942 above_floor=1 
max_residual=1.078bps candidates=0 fee_age=2963ms
MICRO HEARTBEAT state=watching symbols=3 signal_source=live books=3 
demo_books=3 Bquotes=9933 Mdepth=564 Ddepth=960 above_floor=1 
max_residual=1.078bps candidates=0 fee_age=0ms
MICRO HEARTBEAT state=watching symbols=3 signal_source=live books=3 
demo_books=3 Bquotes=10069 Mdepth=571 Ddepth=981 above_floor=1 
max_residual=0.997bps candidates=0 fee_age=2038ms
MICRO HEARTBEAT state=watching symbols=3 signal_source=live books=3 
demo_books=3 Bquotes=10253 Mdepth=581 Ddepth=1002 above_floor=0 
max_residual=0.000bps candidates=0 fee_age=4088ms
MICRO HEARTBEAT state=watching symbols=3 signal_source=live books=3 
demo_books=3 Bquotes=10483 Mdepth=591 Ddepth=1024 above_floor=0 
max_residual=0.000bps candidates=0 fee_age=1149ms
MICRO HEARTBEAT state=watching symbols=3 signal_source=live books=3 
demo_books=3 Bquotes=10564 Mdepth=597 Ddepth=1044 above_floor=0 
max_residual=0.000bps candidates=0 fee_age=3192ms
MICRO HEARTBEAT state=watching symbols=3 signal_source=live books=3 
demo_books=3 Bquotes=10703 Mdepth=607 Ddepth=1062 above_floor=0 
max_residual=0.000bps candidates=0 fee_age=1ms
MICRO HEARTBEAT state=watching symbols=3 signal_source=live books=3 
demo_books=3 Bquotes=10787 Mdepth=613 Ddepth=1085 above_floor=0 
max_residual=0.000bps candidates=0 fee_age=2042ms
MICRO HEARTBEAT state=watching symbols=3 signal_source=live books=3 
demo_books=3 Bquotes=10882 Mdepth=623 Ddepth=1105 above_floor=0 
max_residual=0.000bps candidates=0 fee_age=0ms
MICRO HEARTBEAT state=watching symbols=3 signal_source=live books=3 
demo_books=3 Bquotes=10987 Mdepth=628 Ddepth=1128 above_floor=0 
max_residual=0.000bps candidates=0 fee_age=2005ms
MICRO HEARTBEAT state=watching symbols=3 signal_source=live books=3 
demo_books=3 Bquotes=11071 Mdepth=637 Ddepth=1145 above_floor=0 
max_residual=0.000bps candidates=0 fee_age=4006ms
MICRO HEARTBEAT state=watching symbols=3 signal_source=live books=3 
demo_books=3 Bquotes=11165 Mdepth=644 Ddepth=1160 above_floor=0 
max_residual=0.000bps candidates=0 fee_age=1002ms
MICRO HEARTBEAT state=watching symbols=3 signal_source=live books=3 
demo_books=3 Bquotes=11268 Mdepth=660 Ddepth=1184 above_floor=0 
max_residual=0.000bps candidates=0 fee_age=3035ms
MICRO HEARTBEAT state=watching symbols=3 signal_source=live books=3 
demo_books=3 Bquotes=11355 Mdepth=665 Ddepth=1197 above_floor=0 
max_residual=0.000bps candidates=0 fee_age=65ms
MICRO HEARTBEAT state=watching symbols=3 signal_source=live books=3 
demo_books=3 Bquotes=11674 Mdepth=675 Ddepth=1219 above_floor=0 
max_residual=0.000bps candidates=0 fee_age=2071ms
MICRO HEARTBEAT state=watching symbols=3 signal_source=live books=3 
demo_books=3 Bquotes=11832 Mdepth=679 Ddepth=1238 above_floor=0 
max_residual=0.000bps candidates=0 fee_age=4130ms
MICRO HEARTBEAT state=watching symbols=3 signal_source=live books=3 
demo_books=3 Bquotes=11969 Mdepth=686 Ddepth=1255 above_floor=0 
max_residual=0.000bps candidates=0 fee_age=1039ms
MICRO HEARTBEAT state=watching symbols=3 signal_source=live books=3 
demo_books=3 Bquotes=12112 Mdepth=696 Ddepth=1279 above_floor=0 
max_residual=0.000bps candidates=0 fee_age=3100ms
MICRO HEARTBEAT state=watching symbols=3 signal_source=live books=3 
demo_books=3 Bquotes=12220 Mdepth=700 Ddepth=1295 above_floor=0 
max_residual=0.000bps candidates=0 fee_age=114ms
MICRO HEARTBEAT state=watching symbols=3 signal_source=live books=3 
demo_books=3 Bquotes=12332 Mdepth=708 Ddepth=1313 above_floor=0 
max_residual=0.000bps candidates=0 fee_age=2125ms
MICRO HEARTBEAT state=watching symbols=3 signal_source=live books=3 
demo_books=3 Bquotes=12428 Mdepth=715 Ddepth=1333 above_floor=0 
max_residual=0.000bps candidates=0 fee_age=4147ms
MICRO HEARTBEAT state=watching symbols=3 signal_source=live books=3 
demo_books=3 Bquotes=12616 Mdepth=721 Ddepth=1351 above_floor=0 
max_residual=0.000bps candidates=0 fee_age=1187ms
MICRO HEARTBEAT state=watching symbols=3 signal_source=live books=3 
demo_books=3 Bquotes=12751 Mdepth=727 Ddepth=1371 above_floor=0 
max_residual=0.000bps candidates=0 fee_age=3207ms
MICRO HEARTBEAT state=watching symbols=3 signal_source=live books=3 
demo_books=3 Bquotes=13194 Mdepth=737 Ddepth=1387 above_floor=0 
max_residual=0.000bps candidates=0 fee_age=174ms
MICRO HEARTBEAT state=watching symbols=3 signal_source=live books=3 
demo_books=3 Bquotes=13382 Mdepth=744 Ddepth=1405 above_floor=0 
max_residual=0.000bps candidates=0 fee_age=2202ms
MICRO HEARTBEAT state=watching symbols=3 signal_source=live books=3 
demo_books=3 Bquotes=13577 Mdepth=756 Ddepth=1424 above_floor=0 
max_residual=0.000bps candidates=0 fee_age=4210ms
MICRO HEARTBEAT state=watching symbols=3 signal_source=live books=3 
demo_books=3 Bquotes=13847 Mdepth=763 Ddepth=1437 above_floor=0 
max_residual=0.000bps candidates=0 fee_age=1137ms
MICRO HEARTBEAT state=watching symbols=3 signal_source=live books=3 
demo_books=3 Bquotes=14086 Mdepth=773 Ddepth=1456 above_floor=0 
max_residual=0.000bps candidates=0 fee_age=3171ms
MICRO HEARTBEAT state=watching symbols=3 signal_source=live books=3 
demo_books=3 Bquotes=14135 Mdepth=791 Ddepth=1477 above_floor=0 
max_residual=0.000bps candidates=0 fee_age=244ms
MICRO HEARTBEAT state=watching symbols=3 signal_source=live books=3 
demo_books=3 Bquotes=14302 Mdepth=809 Ddepth=1493 above_floor=1 
max_residual=0.714bps candidates=0 fee_age=2259ms
MICRO HEARTBEAT state=watching symbols=3 signal_source=live books=3 
demo_books=3 Bquotes=14823 Mdepth=818 Ddepth=1512 above_floor=1 
max_residual=0.714bps candidates=0 fee_age=4270ms
MICRO HEARTBEAT state=watching symbols=3 signal_source=live books=3 
demo_books=3 Bquotes=15086 Mdepth=827 Ddepth=1525 above_floor=1 
max_residual=0.714bps candidates=0 fee_age=1147ms
MICRO HEARTBEAT state=watching symbols=3 signal_source=live books=3 
demo_books=3 Bquotes=15434 Mdepth=836 Ddepth=1540 above_floor=1 
max_residual=0.714bps candidates=0 fee_age=3163ms
MICRO HEARTBEAT state=watching symbols=3 signal_source=live books=3 
demo_books=3 Bquotes=16275 Mdepth=842 Ddepth=1559 above_floor=0 
max_residual=0.000bps candidates=0 fee_age=287ms
MICRO HEARTBEAT state=watching symbols=3 signal_source=live books=3 
demo_books=3 Bquotes=16520 Mdepth=851 Ddepth=1571 above_floor=0 
max_residual=0.000bps candidates=0 fee_age=2306ms
MICRO HEARTBEAT state=watching symbols=3 signal_source=live books=3 
demo_books=3 Bquotes=16628 Mdepth=858 Ddepth=1571 above_floor=0 
max_residual=0.000bps candidates=0 fee_age=4337ms
MICRO HEARTBEAT state=watching symbols=3 signal_source=live books=3 
demo_books=3 Bquotes=16797 Mdepth=866 Ddepth=1589 above_floor=0 
max_residual=0.000bps candidates=0 fee_age=1276ms
MICRO HEARTBEAT state=watching symbols=3 signal_source=live books=3 
demo_books=3 Bquotes=17007 Mdepth=875 Ddepth=1591 above_floor=0 
max_residual=0.000bps candidates=0 fee_age=3304ms
MICRO HEARTBEAT state=watching symbols=3 signal_source=live books=3 
demo_books=3 Bquotes=17188 Mdepth=883 Ddepth=1591 above_floor=0 
max_residual=0.000bps candidates=0 fee_age=335ms
MICRO HEARTBEAT state=watching symbols=3 signal_source=live books=3 
demo_books=3 Bquotes=17288 Mdepth=891 Ddepth=1609 above_floor=0 
max_residual=0.000bps candidates=0 fee_age=2384ms
MICRO HEARTBEAT state=watching symbols=3 signal_source=live books=3 
demo_books=3 Bquotes=17494 Mdepth=904 Ddepth=1615 above_floor=0 
max_residual=0.000bps candidates=0 fee_age=0ms
MICRO HEARTBEAT state=watching symbols=3 signal_source=live books=3 
demo_books=3 Bquotes=17683 Mdepth=914 Ddepth=1615 above_floor=0 
max_residual=0.000bps candidates=0 fee_age=2047ms
MICRO HEARTBEAT state=watching symbols=3 signal_source=live books=3 
demo_books=3 Bquotes=17864 Mdepth=920 Ddepth=1634 above_floor=0 
max_residual=0.000bps candidates=0 fee_age=4049ms
MICRO HEARTBEAT state=watching symbols=3 signal_source=live books=3 
demo_books=3 Bquotes=18121 Mdepth=931 Ddepth=1634 above_floor=0 
max_residual=0.000bps candidates=0 fee_age=1043ms
MICRO HEARTBEAT state=watching symbols=3 signal_source=live books=3 
demo_books=3 Bquotes=18271 Mdepth=945 Ddepth=1634 above_floor=0 
max_residual=0.000bps candidates=0 fee_age=3063ms
MICRO HEARTBEAT state=watching symbols=3 signal_source=live books=3 
demo_books=3 Bquotes=18538 Mdepth=961 Ddepth=1647 above_floor=0 
max_residual=0.000bps candidates=0 fee_age=157ms
MICRO SIGNAL LINK_USDT SHORT residual=-1.616bps threshold=1.277 spread=1.077 
net=+0.340 B100=-0.538 M100=+0.000 Bage=4ms Mage=207ms DemoCross=5.0bps
MICRO HEARTBEAT state=watching symbols=3 signal_source=live books=3 
demo_books=3 Bquotes=19976 Mdepth=1053 Ddepth=1696 above_floor=0 
max_residual=0.000bps candidates=0 fee_age=0ms
MICRO HEARTBEAT state=watching symbols=3 signal_source=live books=3 
demo_books=3 Bquotes=20348 Mdepth=1056 Ddepth=1705 above_floor=0 
max_residual=0.000bps candidates=0 fee_age=1398ms
MICRO HEARTBEAT state=watching symbols=3 signal_source=live books=3 
demo_books=3 Bquotes=20514 Mdepth=1063 Ddepth=1705 above_floor=0 
max_residual=0.000bps candidates=0 fee_age=3446ms
MICRO HEARTBEAT state=watching symbols=3 signal_source=live books=3 
demo_books=3 Bquotes=20622 Mdepth=1070 Ddepth=1705 above_floor=0 
max_residual=0.000bps candidates=0 fee_age=435ms
MICRO HEARTBEAT state=watching symbols=3 signal_source=live books=3 
demo_books=3 Bquotes=20776 Mdepth=1079 Ddepth=1718 above_floor=0 
max_residual=0.000bps candidates=0 fee_age=2457ms
MICRO SIGNAL LINK_USDT LONG residual=+1.615bps threshold=1.277 spread=1.077 
net=+0.338 B100=+1.615 M100=+0.000 Bage=3ms Mage=203ms DemoCross=5.0bps
DEMO ENTRY LINK_USDT LONG qty=1076.3 LIVEEntry=9.285 residual=+1.615 
notional=9993.45USDT leverage=200x requested_margin=50.0000USDT 
strategy_equity=44.7685USDT sizing=TARGET_NOTIONAL spread=1.077 
DemoFeeReported=0 signal_to_visible=4998.2ms IOCconfirm=1821.3ms 
reconcile=3161.8ms
MICRO POSITION LINK_USDT mark=+6.462bps MFE=+6.462 MAE=+0.000 
DemoNetMark=+3.381519USDT DemoNet=+3.383bps DemoMFE=+3.383 DemoMAE=+0.000 
TRAIL=+5.385bps residual=+0.000bps B100=+0.000
MICRO EXIT LINK_USDT reason=microspread_converged LIVEpnl=+6.457800USDT 
move=+6.462bps MFE=+6.462 MAE=+0.000 hold=5013ms DemoExit=9.291 
DemoGross=+5.381500 DemoNet=+1.382700 DemoFee=3.9988
MICRO HEARTBEAT state=watching symbols=3 signal_source=live books=3 
demo_books=3 Bquotes=21661 Mdepth=1111 Ddepth=1753 above_floor=0 
max_residual=0.000bps candidates=0 fee_age=1267ms
MICRO HEARTBEAT state=watching symbols=3 signal_source=live books=3 
demo_books=3 Bquotes=21973 Mdepth=1115 Ddepth=1753 above_floor=0 
max_residual=0.000bps candidates=0 fee_age=3270ms
MICRO HEARTBEAT state=watching symbols=3 signal_source=live books=3 
demo_books=3 Bquotes=22249 Mdepth=1132 Ddepth=1753 above_floor=1 
max_residual=0.997bps candidates=0 fee_age=361ms
MICRO SIGNAL LINK_USDT SHORT residual=-2.152bps threshold=1.276 spread=1.076 
net=+0.876 B100=-1.076 M100=+0.000 Bage=3ms Mage=290ms DemoCross=5.0bps
DEMO ENTRY LINK_USDT SHORT qty=1076.8 LIVEEntry=9.292 residual=-2.152 
notional=10005.6USDT leverage=200x requested_margin=50.0000USDT 
strategy_equity=46.1512USDT sizing=TARGET_NOTIONAL spread=1.076 
DemoFeeReported=0 signal_to_visible=6081.7ms IOCconfirm=1873.7ms 
reconcile=4188.9ms
MICRO POSITION LINK_USDT mark=+5.381bps MFE=+5.381 MAE=+0.000 
DemoNetMark=+2.306936USDT DemoNet=+2.306bps DemoMFE=+2.306 DemoMAE=+0.000 
TRAIL=+2.000bps residual=+0.000bps B100=+0.000
MICRO EXIT LINK_USDT reason=microspread_converged LIVEpnl=+5.384000USDT 
move=+5.381bps MFE=+5.381 MAE=+0.000 hold=6100ms DemoExit=9.288 
DemoGross=+4.307200 DemoNet=+0.305900 DemoFee=4.0013
MICRO HEARTBEAT state=watching symbols=3 signal_source=live books=3 
demo_books=3 Bquotes=23703 Mdepth=1195 Ddepth=1813 above_floor=0 
max_residual=0.000bps candidates=0 fee_age=0ms
MICRO HEARTBEAT state=watching symbols=3 signal_source=live books=3 
demo_books=3 Bquotes=23814 Mdepth=1197 Ddepth=1813 above_floor=0 
max_residual=0.000bps candidates=0 fee_age=681ms
MICRO HEARTBEAT state=watching symbols=3 signal_source=live books=3 
demo_books=3 Bquotes=24089 Mdepth=1209 Ddepth=1813 above_floor=1 
max_residual=2.154bps candidates=0 fee_age=2703ms
MICRO HEARTBEAT state=watching symbols=3 signal_source=live books=3 
demo_books=3 Bquotes=24254 Mdepth=1219 Ddepth=1822 above_floor=1 
max_residual=1.077bps candidates=0 fee_age=329ms
MICRO HEARTBEAT state=watching symbols=3 signal_source=live books=3 
demo_books=3 Bquotes=24417 Mdepth=1227 Ddepth=1847 above_floor=1 
max_residual=1.616bps candidates=0 fee_age=2333ms
MICRO HEARTBEAT state=watching symbols=3 signal_source=live books=3 
demo_books=3 Bquotes=24765 Mdepth=1239 Ddepth=1847 above_floor=0 
max_residual=0.000bps candidates=0 fee_age=0ms
MICRO HEARTBEAT state=watching symbols=3 signal_source=live books=3 
demo_books=3 Bquotes=25135 Mdepth=1247 Ddepth=1847 above_floor=2 
max_residual=1.078bps candidates=0 fee_age=1358ms
MICRO HEARTBEAT state=watching symbols=3 signal_source=live books=3 
demo_books=3 Bquotes=25248 Mdepth=1251 Ddepth=1871 above_floor=2 
max_residual=1.078bps candidates=0 fee_age=3370ms
MICRO HEARTBEAT state=watching symbols=3 signal_source=live books=3 
demo_books=3 Bquotes=25335 Mdepth=1261 Ddepth=1871 above_floor=2 
max_residual=1.078bps candidates=0 fee_age=343ms
MICRO HEARTBEAT state=watching symbols=3 signal_source=live books=3 
demo_books=3 Bquotes=25576 Mdepth=1271 Ddepth=1871 above_floor=2 
max_residual=4.311bps candidates=0 fee_age=2346ms
MICRO SIGNAL LINK_USDT LONG residual=+3.231bps threshold=1.277 spread=1.077 
net=+1.954 B100=+3.231 M100=+0.000 Bage=3ms Mage=110ms DemoCross=5.0bps
MICRO HEARTBEAT state=watching symbols=3 signal_source=live books=3 
demo_books=3 Bquotes=26960 Mdepth=1352 Ddepth=1966 above_floor=0 
max_residual=0.000bps candidates=0 fee_age=0ms
MICRO HEARTBEAT state=watching symbols=3 signal_source=live books=3 
demo_books=3 Bquotes=27016 Mdepth=1363 Ddepth=1970 above_floor=1 
max_residual=2.154bps candidates=0 fee_age=1392ms
MICRO HEARTBEAT state=watching symbols=3 signal_source=live books=3 
demo_books=3 Bquotes=27054 Mdepth=1381 Ddepth=1985 above_floor=0 
max_residual=0.000bps candidates=0 fee_age=3396ms
MICRO HEARTBEAT state=watching symbols=3 signal_source=live books=3 
demo_books=3 Bquotes=27186 Mdepth=1398 Ddepth=2007 above_floor=1 
max_residual=0.539bps candidates=0 fee_age=0ms
MICRO HEARTBEAT state=watching symbols=3 signal_source=live books=3 
demo_books=3 Bquotes=27313 Mdepth=1415 Ddepth=2021 above_floor=1 
max_residual=0.538bps candidates=0 fee_age=2005ms
MICRO HEARTBEAT state=watching symbols=3 signal_source=live books=3 
demo_books=3 Bquotes=27411 Mdepth=1437 Ddepth=2043 above_floor=0 
max_residual=0.000bps candidates=0 fee_age=0ms
MICRO HEARTBEAT state=watching symbols=3 signal_source=live books=3 
demo_books=3 Bquotes=27621 Mdepth=1456 Ddepth=2061 above_floor=1 
max_residual=0.538bps candidates=0 fee_age=2026ms
MICRO HEARTBEAT state=watching symbols=3 signal_source=live books=3 
demo_books=3 Bquotes=27731 Mdepth=1472 Ddepth=2074 above_floor=1 
max_residual=0.538bps candidates=0 fee_age=4067ms
MICRO HEARTBEAT state=watching symbols=3 signal_source=live books=3 
demo_books=3 Bquotes=27862 Mdepth=1491 Ddepth=2096 above_floor=0 
max_residual=0.000bps candidates=0 fee_age=613ms
MICRO HEARTBEAT state=watching symbols=3 signal_source=live books=3 
demo_books=3 Bquotes=28085 Mdepth=1507 Ddepth=2111 above_floor=0 
max_residual=0.000bps candidates=0 fee_age=2632ms
MICRO HEARTBEAT state=watching symbols=3 signal_source=live books=3 
demo_books=3 Bquotes=28148 Mdepth=1526 Ddepth=2128 above_floor=0 
max_residual=0.000bps candidates=0 fee_age=54ms
MICRO HEARTBEAT state=watching symbols=3 signal_source=live books=3 
demo_books=3 Bquotes=28219 Mdepth=1542 Ddepth=2150 above_floor=0 
max_residual=0.000bps candidates=0 fee_age=2070ms
MICRO HEARTBEAT state=watching symbols=3 signal_source=live books=3 
demo_books=3 Bquotes=28316 Mdepth=1557 Ddepth=2167 above_floor=0 
max_residual=0.000bps candidates=0 fee_age=4085ms
MICRO HEARTBEAT state=watching symbols=3 signal_source=live books=3 
demo_books=3 Bquotes=28417 Mdepth=1575 Ddepth=2184 above_floor=0 
max_residual=0.000bps candidates=0 fee_age=1062ms
MICRO HEARTBEAT state=watching symbols=3 signal_source=live books=3 
demo_books=3 Bquotes=28559 Mdepth=1593 Ddepth=2197 above_floor=1 
max_residual=2.154bps candidates=0 fee_age=3082ms
MICRO HEARTBEAT state=watching symbols=3 signal_source=live books=3 
demo_books=3 Bquotes=28682 Mdepth=1600 Ddepth=2216 above_floor=0 
max_residual=0.000bps candidates=0 fee_age=137ms
MICRO HEARTBEAT state=watching symbols=3 signal_source=live books=3 
demo_books=3 Bquotes=28951 Mdepth=1607 Ddepth=2236 above_floor=0 
max_residual=0.000bps candidates=0 fee_age=2156ms
MICRO HEARTBEAT state=watching symbols=3 signal_source=live books=3 
demo_books=3 Bquotes=29074 Mdepth=1616 Ddepth=2251 above_floor=0 
max_residual=0.000bps candidates=0 fee_age=4190ms
MICRO HEARTBEAT state=watching symbols=3 signal_source=live books=3 
demo_books=3 Bquotes=29219 Mdepth=1625 Ddepth=2266 above_floor=0 
max_residual=0.000bps candidates=0 fee_age=1262ms
MICRO HEARTBEAT state=watching symbols=3 signal_source=live books=3 
demo_books=3 Bquotes=29367 Mdepth=1635 Ddepth=2287 above_floor=0 
max_residual=0.000bps candidates=0 fee_age=3267ms
MICRO HEARTBEAT state=watching symbols=3 signal_source=live books=3 
demo_books=3 Bquotes=29464 Mdepth=1639 Ddepth=2303 above_floor=0 
max_residual=0.000bps candidates=0 fee_age=186ms
MICRO HEARTBEAT state=watching symbols=3 signal_source=live books=3 
demo_books=3 Bquotes=29581 Mdepth=1647 Ddepth=2323 above_floor=0 
max_residual=0.000bps candidates=0 fee_age=2189ms
MICRO HEARTBEAT state=watching symbols=3 signal_source=live books=3 
demo_books=3 Bquotes=29688 Mdepth=1654 Ddepth=2337 above_floor=0 
max_residual=0.000bps candidates=0 fee_age=4208ms
MICRO HEARTBEAT state=watching symbols=3 signal_source=live books=3 
demo_books=3 Bquotes=29811 Mdepth=1661 Ddepth=2354 above_floor=0 
max_residual=0.000bps candidates=0 fee_age=1301ms
MICRO HEARTBEAT state=watching symbols=3 signal_source=live books=3 
demo_books=3 Bquotes=29914 Mdepth=1672 Ddepth=2378 above_floor=0 
max_residual=0.000bps candidates=0 fee_age=3333ms
MICRO HEARTBEAT state=watching symbols=3 signal_source=live books=3 
demo_books=3 Bquotes=30024 Mdepth=1677 Ddepth=2390 above_floor=0 
max_residual=0.000bps candidates=0 fee_age=285ms
MICRO HEARTBEAT state=watching symbols=3 signal_source=live books=3 
demo_books=3 Bquotes=30146 Mdepth=1687 Ddepth=2412 above_floor=0 
max_residual=0.000bps candidates=0 fee_age=2288ms
MICRO HEARTBEAT state=watching symbols=3 signal_source=live books=3 
demo_books=3 Bquotes=30276 Mdepth=1695 Ddepth=2435 above_floor=0 
max_residual=0.000bps candidates=0 fee_age=0ms
MICRO HEARTBEAT state=watching symbols=3 signal_source=live books=3 
demo_books=3 Bquotes=30355 Mdepth=1699 Ddepth=2448 above_floor=0 
max_residual=0.000bps candidates=0 fee_age=1357ms
MICRO HEARTBEAT state=watching symbols=3 signal_source=live books=3 
demo_books=3 Bquotes=30439 Mdepth=1709 Ddepth=2472 above_floor=0 
max_residual=0.000bps candidates=0 fee_age=3395ms
MICRO HEARTBEAT state=watching symbols=3 signal_source=live books=3 
demo_books=3 Bquotes=30570 Mdepth=1714 Ddepth=2488 above_floor=0 
max_residual=0.000bps candidates=0 fee_age=407ms
MICRO HEARTBEAT state=watching symbols=3 signal_source=live books=3 
demo_books=3 Bquotes=30656 Mdepth=1721 Ddepth=2504 above_floor=0 
max_residual=0.000bps candidates=0 fee_age=2435ms
MICRO HEARTBEAT state=watching symbols=3 signal_source=live books=3 
demo_books=3 Bquotes=30810 Mdepth=1732 Ddepth=2527 above_floor=0 
max_residual=0.000bps candidates=0 fee_age=0ms
MICRO HEARTBEAT state=watching symbols=3 signal_source=live books=3 
demo_books=3 Bquotes=31150 Mdepth=1742 Ddepth=2543 above_floor=0 
max_residual=0.000bps candidates=0 fee_age=2007ms
MICRO HEARTBEAT state=watching symbols=3 signal_source=live books=3 
demo_books=3 Bquotes=31279 Mdepth=1749 Ddepth=2562 above_floor=1 
max_residual=1.077bps candidates=0 fee_age=4009ms
MICRO HEARTBEAT state=watching symbols=3 signal_source=live books=3 
demo_books=3 Bquotes=31606 Mdepth=1757 Ddepth=2577 above_floor=1 
max_residual=3.768bps candidates=0 fee_age=674ms
MICRO HEARTBEAT state=watching symbols=3 signal_source=live books=3 
demo_books=3 Bquotes=31727 Mdepth=1766 Ddepth=2594 above_floor=0 
max_residual=0.000bps candidates=0 fee_age=2694ms
MICRO HEARTBEAT state=watching symbols=3 signal_source=live books=3 
demo_books=3 Bquotes=31818 Mdepth=1771 Ddepth=2614 above_floor=1 
max_residual=1.077bps candidates=0 fee_age=109ms
MICRO HEARTBEAT state=watching symbols=3 signal_source=live books=3 
demo_books=3 Bquotes=31912 Mdepth=1778 Ddepth=2632 above_floor=1 
max_residual=1.077bps candidates=0 fee_age=2113ms
MICRO HEARTBEAT state=watching symbols=3 signal_source=live books=3 
demo_books=3 Bquotes=31981 Mdepth=1784 Ddepth=2651 above_floor=0 
max_residual=0.000bps candidates=0 fee_age=4180ms
MICRO HEARTBEAT state=watching symbols=3 signal_source=live books=3 
demo_books=3 Bquotes=32064 Mdepth=1794 Ddepth=2665 above_floor=0 
max_residual=0.000bps candidates=0 fee_age=1091ms
MICRO HEARTBEAT state=watching symbols=3 signal_source=live books=3 
demo_books=3 Bquotes=32122 Mdepth=1800 Ddepth=2682 above_floor=0 
max_residual=0.000bps candidates=0 fee_age=3098ms
MICRO HEARTBEAT state=watching symbols=3 signal_source=live books=3 
demo_books=3 Bquotes=32159 Mdepth=1808 Ddepth=2701 above_floor=0 
max_residual=0.000bps candidates=0 fee_age=163ms
MICRO HEARTBEAT state=watching symbols=3 signal_source=live books=3 
demo_books=3 Bquotes=32212 Mdepth=1818 Ddepth=2717 above_floor=0 
max_residual=0.000bps candidates=0 fee_age=2169ms
MICRO HEARTBEAT state=watching symbols=3 signal_source=live books=3 
demo_books=3 Bquotes=32286 Mdepth=1824 Ddepth=2733 above_floor=0 
max_residual=0.000bps candidates=0 fee_age=4174ms
MICRO HEARTBEAT state=watching symbols=3 signal_source=live books=3 
demo_books=3 Bquotes=32375 Mdepth=1832 Ddepth=2751 above_floor=0 
max_residual=0.000bps candidates=0 fee_age=1091ms
MICRO HEARTBEAT state=watching symbols=3 signal_source=live books=3 
demo_books=3 Bquotes=32449 Mdepth=1841 Ddepth=2772 above_floor=0 
max_residual=0.000bps candidates=0 fee_age=3120ms
MICRO HEARTBEAT state=watching symbols=3 signal_source=live books=3 
demo_books=3 Bquotes=32517 Mdepth=1847 Ddepth=2793 above_floor=0 
max_residual=0.000bps candidates=0 fee_age=158ms
MICRO HEARTBEAT state=watching symbols=3 signal_source=live books=3 
demo_books=3 Bquotes=32576 Mdepth=1854 Ddepth=2809 above_floor=0 
max_residual=0.000bps candidates=0 fee_age=2171ms
MICRO HEARTBEAT state=watching symbols=3 signal_source=live books=3 
demo_books=3 Bquotes=32663 Mdepth=1864 Ddepth=2829 above_floor=1 
max_residual=1.076bps candidates=0 fee_age=4180ms
MICRO HEARTBEAT state=watching symbols=3 signal_source=live books=3 
demo_books=3 Bquotes=32738 Mdepth=1869 Ddepth=2851 above_floor=0 
max_residual=0.000bps candidates=0 fee_age=1137ms
MICRO HEARTBEAT state=watching symbols=3 signal_source=live books=3 
demo_books=3 Bquotes=32813 Mdepth=1876 Ddepth=2865 above_floor=0 
max_residual=0.000bps candidates=0 fee_age=3149ms
MICRO HEARTBEAT state=watching symbols=3 signal_source=live books=3 
demo_books=3 Bquotes=32904 Mdepth=1881 Ddepth=2890 above_floor=0 
max_residual=0.000bps candidates=0 fee_age=84ms
MICRO HEARTBEAT state=watching symbols=3 signal_source=live books=3 
demo_books=3 Bquotes=32970 Mdepth=1895 Ddepth=2910 above_floor=0 
max_residual=0.000bps candidates=0 fee_age=2113ms
MICRO HEARTBEAT state=watching symbols=3 signal_source=live books=3 
demo_books=3 Bquotes=33052 Mdepth=1911 Ddepth=2926 above_floor=0 
max_residual=0.000bps candidates=0 fee_age=4116ms
MICRO HEARTBEAT state=watching symbols=3 signal_source=live books=3 
demo_books=3 Bquotes=33159 Mdepth=1928 Ddepth=2949 above_floor=0 
max_residual=0.000bps candidates=0 fee_age=1109ms
MICRO HEARTBEAT state=watching symbols=3 signal_source=live books=3 
demo_books=3 Bquotes=33285 Mdepth=1943 Ddepth=2965 above_floor=0 
max_residual=0.000bps candidates=0 fee_age=3136ms
MICRO HEARTBEAT state=watching symbols=3 signal_source=live books=3 
demo_books=3 Bquotes=33384 Mdepth=1960 Ddepth=2981 above_floor=1 
max_residual=1.076bps candidates=0 fee_age=107ms
MICRO HEARTBEAT state=watching symbols=3 signal_source=live books=3 
demo_books=3 Bquotes=33630 Mdepth=1978 Ddepth=3005 above_floor=0 
max_residual=0.000bps candidates=0 fee_age=2136ms
MICRO HEARTBEAT state=watching symbols=3 signal_source=live books=3 
demo_books=3 Bquotes=33797 Mdepth=1995 Ddepth=3025 above_floor=1 
max_residual=0.998bps candidates=0 fee_age=4164ms
MICRO HEARTBEAT state=watching symbols=3 signal_source=live books=3 
demo_books=3 Bquotes=34014 Mdepth=2011 Ddepth=3047 above_floor=0 
max_residual=0.000bps candidates=0 fee_age=1247ms
MICRO HEARTBEAT state=watching symbols=3 signal_source=live books=3 
demo_books=3 Bquotes=34078 Mdepth=2029 Ddepth=3063 above_floor=0 
max_residual=0.000bps candidates=0 fee_age=3258ms
MICRO HEARTBEAT state=watching symbols=3 signal_source=live books=3 
demo_books=3 Bquotes=34211 Mdepth=2047 Ddepth=3080 above_floor=0 
max_residual=0.000bps candidates=0 fee_age=194ms
MICRO HEARTBEAT state=watching symbols=3 signal_source=live books=3 
demo_books=3 Bquotes=34385 Mdepth=2057 Ddepth=3102 above_floor=0 
max_residual=0.000bps candidates=0 fee_age=2210ms
MICRO HEARTBEAT state=watching symbols=3 signal_source=live books=3 
demo_books=3 Bquotes=34474 Mdepth=2064 Ddepth=3118 above_floor=0 
max_residual=0.000bps candidates=0 fee_age=4259ms
MICRO HEARTBEAT state=watching symbols=3 signal_source=live books=3 
demo_books=3 Bquotes=34589 Mdepth=2068 Ddepth=3137 above_floor=0 
max_residual=0.000bps candidates=0 fee_age=1230ms
MICRO HEARTBEAT state=watching symbols=3 signal_source=live books=3 
demo_books=3 Bquotes=34682 Mdepth=2077 Ddepth=3158 above_floor=1 
max_residual=1.076bps candidates=0 fee_age=3231ms
MICRO HEARTBEAT state=watching symbols=3 signal_source=live books=3 
demo_books=3 Bquotes=34800 Mdepth=2086 Ddepth=3177 above_floor=1 
max_residual=1.076bps candidates=0 fee_age=338ms
MICRO HEARTBEAT state=watching symbols=3 signal_source=live books=3 
demo_books=3 Bquotes=34917 Mdepth=2092 Ddepth=3200 above_floor=1 
max_residual=1.076bps candidates=0 fee_age=2341ms
MICRO HEARTBEAT state=watching symbols=3 signal_source=live books=3 
demo_books=3 Bquotes=35175 Mdepth=2103 Ddepth=3219 above_floor=0 
max_residual=0.000bps candidates=0 fee_age=0ms
MICRO HEARTBEAT state=watching symbols=3 signal_source=live books=3 
demo_books=3 Bquotes=35207 Mdepth=2105 Ddepth=3231 above_floor=0 
max_residual=0.000bps candidates=0 fee_age=1212ms
MICRO HEARTBEAT state=watching symbols=3 signal_source=live books=3 
demo_books=3 Bquotes=35567 Mdepth=2110 Ddepth=3254 above_floor=0 
max_residual=0.000bps candidates=0 fee_age=3252ms
MICRO HEARTBEAT state=watching symbols=3 signal_source=live books=3 
demo_books=3 Bquotes=35898 Mdepth=2118 Ddepth=3270 above_floor=0 
max_residual=0.000bps candidates=0 fee_age=365ms
MICRO HEARTBEAT state=watching symbols=3 signal_source=live books=3 
demo_books=3 Bquotes=36025 Mdepth=2124 Ddepth=3288 above_floor=0 
max_residual=0.000bps candidates=0 fee_age=2395ms
MICRO HEARTBEAT state=watching symbols=3 signal_source=live books=3 
demo_books=3 Bquotes=36207 Mdepth=2133 Ddepth=3315 above_floor=0 
max_residual=0.000bps candidates=0 fee_age=0ms
MICRO HEARTBEAT state=watching symbols=3 signal_source=live books=3 
demo_books=3 Bquotes=36318 Mdepth=2140 Ddepth=3333 above_floor=0 
max_residual=0.000bps candidates=0 fee_age=2029ms
MICRO HEARTBEAT state=watching symbols=3 signal_source=live books=3 
demo_books=3 Bquotes=36434 Mdepth=2146 Ddepth=3358 above_floor=0 
max_residual=0.000bps candidates=0 fee_age=4048ms
MICRO HEARTBEAT state=watching symbols=3 signal_source=live books=3 
demo_books=3 Bquotes=36551 Mdepth=2158 Ddepth=3373 above_floor=0 
max_residual=0.000bps candidates=0 fee_age=1072ms
MICRO HEARTBEAT state=watching symbols=3 signal_source=live books=3 
demo_books=3 Bquotes=36733 Mdepth=2166 Ddepth=3395 above_floor=0 
max_residual=0.000bps candidates=0 fee_age=3089ms
MICRO SIGNAL LINK_USDT SHORT residual=-2.152bps threshold=1.276 spread=1.076 
net=+0.876 B100=-2.152 M100=+0.000 Bage=2ms Mage=29ms DemoCross=5.0bps
MICRO HEARTBEAT state=watching symbols=3 signal_source=live books=3 
demo_books=3 Bquotes=37895 Mdepth=2219 Ddepth=3515 above_floor=0 
max_residual=0.000bps candidates=0 fee_age=0ms
MICRO HEARTBEAT state=watching symbols=3 signal_source=live books=3 
demo_books=3 Bquotes=37920 Mdepth=2221 Ddepth=3522 above_floor=2 
max_residual=1.076bps candidates=0 fee_age=869ms
MICRO HEARTBEAT state=watching symbols=3 signal_source=live books=3 
demo_books=3 Bquotes=38009 Mdepth=2225 Ddepth=3542 above_floor=0 
max_residual=0.000bps candidates=0 fee_age=2914ms
MICRO HEARTBEAT state=watching symbols=3 signal_source=live books=3 
demo_books=3 Bquotes=38106 Mdepth=2235 Ddepth=3564 above_floor=0 
max_residual=0.000bps candidates=0 fee_age=355ms
MICRO HEARTBEAT state=watching symbols=3 signal_source=live books=3 
demo_books=3 Bquotes=38156 Mdepth=2237 Ddepth=3582 above_floor=0 
max_residual=0.000bps candidates=0 fee_age=2369ms
MICRO HEARTBEAT state=watching symbols=3 signal_source=live books=3 
demo_books=3 Bquotes=38516 Mdepth=2248 Ddepth=3613 above_floor=0 
max_residual=0.000bps candidates=0 fee_age=0ms
MICRO HEARTBEAT state=watching symbols=3 signal_source=live books=3 
demo_books=3 Bquotes=38567 Mdepth=2255 Ddepth=3628 above_floor=0 
max_residual=0.000bps candidates=0 fee_age=2031ms
MICRO SIGNAL XRP_USDT LONG residual=+1.497bps threshold=1.198 spread=0.998 
net=+0.299 B100=+0.998 M100=+0.000 Bage=3ms Mage=280ms DemoCross=5.0bps
DEMO ENTRY XRP_USDT LONG qty=9975 LIVEEntry=1.0019 residual=+1.497 
notional=9993.95USDT leverage=200x requested_margin=50.0000USDT 
strategy_equity=46.4571USDT sizing=TARGET_NOTIONAL spread=0.998 
DemoFeeReported=1.99879 signal_to_visible=1257.9ms IOCconfirm=569.6ms 
reconcile=328.0ms
MICRO POSITION XRP_USDT mark=+0.000bps MFE=+0.000 MAE=+0.000 
DemoNetMark=-4.994881USDT DemoNet=-4.998bps DemoMFE=+0.000 DemoMAE=-4.998 
TRAIL=OFF residual=+0.000bps B100=+0.000
MICRO EXIT XRP_USDT reason=microspread_converged LIVEpnl=+0.000000USDT 
move=+0.000bps MFE=+0.000 MAE=+0.000 hold=1275ms DemoExit=1.0018 
DemoGross=-0.997500 DemoNet=-4.994800 DemoFee=1.99851
MICRO HEARTBEAT state=watching symbols=3 signal_source=live books=3 
demo_books=3 Bquotes=39096 Mdepth=2275 Ddepth=3675 above_floor=0 
max_residual=0.000bps candidates=0 fee_age=1359ms
MICRO HEARTBEAT state=watching symbols=3 signal_source=live books=3 
demo_books=3 Bquotes=39206 Mdepth=2285 Ddepth=3692 above_floor=0 
max_residual=0.000bps candidates=0 fee_age=3377ms
MICRO HEARTBEAT state=watching symbols=3 signal_source=live books=3 
demo_books=3 Bquotes=39365 Mdepth=2303 Ddepth=3719 above_floor=0 
max_residual=0.000bps candidates=0 fee_age=306ms
MICRO HEARTBEAT state=watching symbols=3 signal_source=live books=3 
demo_books=3 Bquotes=39444 Mdepth=2317 Ddepth=3736 above_floor=0 
max_residual=0.000bps candidates=0 fee_age=2312ms
MICRO HEARTBEAT state=watching symbols=3 signal_source=live books=3 
demo_books=3 Bquotes=39510 Mdepth=2338 Ddepth=3760 above_floor=0 
max_residual=0.000bps candidates=0 fee_age=0ms
MICRO HEARTBEAT state=watching symbols=3 signal_source=live books=3 
demo_books=3 Bquotes=39611 Mdepth=2351 Ddepth=3783 above_floor=0 
max_residual=0.000bps candidates=0 fee_age=2042ms
MICRO HEARTBEAT state=watching symbols=3 signal_source=live books=3 
demo_books=3 Bquotes=39669 Mdepth=2369 Ddepth=3802 above_floor=0 
max_residual=0.000bps candidates=0 fee_age=4087ms
MICRO HEARTBEAT state=watching symbols=3 signal_source=live books=3 
demo_books=3 Bquotes=39853 Mdepth=2383 Ddepth=3824 above_floor=0 
max_residual=0.000bps candidates=0 fee_age=1124ms
MICRO HEARTBEAT state=watching symbols=3 signal_source=live books=3 
demo_books=3 Bquotes=40103 Mdepth=2400 Ddepth=3840 above_floor=0 
max_residual=0.000bps candidates=0 fee_age=3139ms
MICRO HEARTBEAT state=watching symbols=3 signal_source=live books=3 
demo_books=3 Bquotes=40232 Mdepth=2423 Ddepth=3859 above_floor=0 
max_residual=0.000bps candidates=0 fee_age=0ms
MICRO HEARTBEAT state=watching symbols=3 signal_source=live books=3 
demo_books=3 Bquotes=40281 Mdepth=2439 Ddepth=3884 above_floor=0 
max_residual=0.000bps candidates=0 fee_age=2040ms
MICRO HEARTBEAT state=watching symbols=3 signal_source=live books=3 
demo_books=3 Bquotes=40372 Mdepth=2460 Ddepth=3906 above_floor=0 
max_residual=0.000bps candidates=0 fee_age=0ms
MICRO SIGNAL XRP_USDT SHORT residual=-1.996bps threshold=1.198 spread=0.998 
net=+0.798 B100=-1.996 M100=+0.000 Bage=3ms Mage=220ms DemoCross=5.0bps
DEMO ENTRY XRP_USDT SHORT qty=9986 LIVEEntry=1.002 residual=-1.996 
notional=10006USDT leverage=200x requested_margin=50.0000USDT 
strategy_equity=41.4623USDT sizing=TARGET_NOTIONAL spread=0.998 
DemoFeeReported=2.00119 signal_to_visible=1353.6ms IOCconfirm=665.8ms 
reconcile=322.8ms
MICRO EXIT XRP_USDT reason=microspread_reversed LIVEpnl=+0.998600USDT 
move=+0.998bps MFE=+0.998 MAE=+0.000 hold=1378ms DemoExit=1.0021 
DemoGross=-0.998600 DemoNet=-5.001100 DemoFee=2.00131
MICRO HEARTBEAT state=watching symbols=3 signal_source=live books=3 
demo_books=3 Bquotes=40698 Mdepth=2488 Ddepth=3943 above_floor=0 
max_residual=0.000bps candidates=0 fee_age=2939ms
MICRO HEARTBEAT state=watching symbols=3 signal_source=live books=3 
demo_books=3 Bquotes=40740 Mdepth=2496 Ddepth=3962 above_floor=1 
max_residual=0.998bps candidates=0 fee_age=2ms
MICRO HEARTBEAT state=watching symbols=3 signal_source=live books=3 
demo_books=3 Bquotes=40975 Mdepth=2506 Ddepth=3983 above_floor=1 
max_residual=0.998bps candidates=0 fee_age=2044ms
MICRO HEARTBEAT state=watching symbols=3 signal_source=live books=3 
demo_books=3 Bquotes=41038 Mdepth=2514 Ddepth=4001 above_floor=0 
max_residual=0.000bps candidates=0 fee_age=4046ms
MICRO HEARTBEAT state=watching symbols=3 signal_source=live books=3 
demo_books=3 Bquotes=41171 Mdepth=2522 Ddepth=4019 above_floor=0 
max_residual=0.000bps candidates=0 fee_age=1111ms
MICRO HEARTBEAT state=watching symbols=3 signal_source=live books=3 
demo_books=3 Bquotes=41363 Mdepth=2533 Ddepth=4042 above_floor=1 
max_residual=0.807bps candidates=0 fee_age=3128ms
MICRO HEARTBEAT state=watching symbols=3 signal_source=live books=3 
demo_books=3 Bquotes=41431 Mdepth=2542 Ddepth=4062 above_floor=0 
max_residual=0.000bps candidates=0 fee_age=113ms
MICRO HEARTBEAT state=watching symbols=3 signal_source=live books=3 
demo_books=3 Bquotes=41558 Mdepth=2548 Ddepth=4080 above_floor=0 
max_residual=0.000bps candidates=0 fee_age=2134ms
MICRO HEARTBEAT state=watching symbols=3 signal_source=live books=3 
demo_books=3 Bquotes=41714 Mdepth=2557 Ddepth=4102 above_floor=0 
max_residual=0.000bps candidates=0 fee_age=4141ms
MICRO HEARTBEAT state=watching symbols=3 signal_source=live books=3 
demo_books=3 Bquotes=41965 Mdepth=2564 Ddepth=4120 above_floor=0 
max_residual=0.000bps candidates=0 fee_age=1099ms
MICRO HEARTBEAT state=watching symbols=3 signal_source=live books=3 
demo_books=3 Bquotes=42091 Mdepth=2567 Ddepth=4141 above_floor=0 
max_residual=0.000bps candidates=0 fee_age=3134ms
MICRO HEARTBEAT state=watching symbols=3 signal_source=live books=3 
demo_books=3 Bquotes=42239 Mdepth=2578 Ddepth=4157 above_floor=1 
max_residual=0.538bps candidates=0 fee_age=0ms
MICRO HEARTBEAT state=watching symbols=3 signal_source=live books=3 
demo_books=3 Bquotes=42305 Mdepth=2584 Ddepth=4174 above_floor=0 
max_residual=0.000bps candidates=0 fee_age=2011ms
MICRO HEARTBEAT state=watching symbols=3 signal_source=live books=3 
demo_books=3 Bquotes=42497 Mdepth=2592 Ddepth=4196 above_floor=0 
max_residual=0.000bps candidates=0 fee_age=4063ms
MICRO HEARTBEAT state=watching symbols=3 signal_source=live books=3 
demo_books=3 Bquotes=42546 Mdepth=2602 Ddepth=4212 above_floor=0 
max_residual=0.000bps candidates=0 fee_age=1132ms
MICRO HEARTBEAT state=watching symbols=3 signal_source=live books=3 
demo_books=3 Bquotes=42601 Mdepth=2605 Ddepth=4236 above_floor=1 
max_residual=0.499bps candidates=0 fee_age=3138ms
MICRO HEARTBEAT state=watching symbols=3 signal_source=live books=3 
demo_books=3 Bquotes=42727 Mdepth=2617 Ddepth=4255 above_floor=0 
max_residual=0.000bps candidates=0 fee_age=0ms
MICRO HEARTBEAT state=watching symbols=3 signal_source=live books=3 
demo_books=3 Bquotes=42841 Mdepth=2622 Ddepth=4271 above_floor=0 
max_residual=0.000bps candidates=0 fee_age=2048ms
MICRO HEARTBEAT state=watching symbols=3 signal_source=live books=3 
demo_books=3 Bquotes=42916 Mdepth=2630 Ddepth=4294 above_floor=0 
max_residual=0.000bps candidates=0 fee_age=0ms
MICRO HEARTBEAT state=watching symbols=3 signal_source=live books=3 
demo_books=3 Bquotes=42989 Mdepth=2638 Ddepth=4313 above_floor=0 
max_residual=0.000bps candidates=0 fee_age=2032ms
MICRO HEARTBEAT state=watching symbols=3 signal_source=live books=3 
demo_books=3 Bquotes=43056 Mdepth=2642 Ddepth=4332 above_floor=0 
max_residual=0.000bps candidates=0 fee_age=4037ms
MICRO HEARTBEAT state=watching symbols=3 signal_source=live books=3 
demo_books=3 Bquotes=43141 Mdepth=2649 Ddepth=4348 above_floor=0 
max_residual=0.000bps candidates=0 fee_age=1145ms
MICRO HEARTBEAT state=watching symbols=3 signal_source=live books=3 
demo_books=3 Bquotes=43229 Mdepth=2658 Ddepth=4364 above_floor=0 
max_residual=0.000bps candidates=0 fee_age=3196ms
MICRO HEARTBEAT state=watching symbols=3 signal_source=live books=3 
demo_books=3 Bquotes=43304 Mdepth=2667 Ddepth=4374 above_floor=0 
max_residual=0.000bps candidates=0 fee_age=132ms
MICRO HEARTBEAT state=watching symbols=3 signal_source=live books=3 
demo_books=3 Bquotes=43383 Mdepth=2672 Ddepth=4386 above_floor=0 
max_residual=0.000bps candidates=0 fee_age=2186ms
MICRO HEARTBEAT state=watching symbols=3 signal_source=live books=3 
demo_books=3 Bquotes=43443 Mdepth=2692 Ddepth=4387 above_floor=0 
max_residual=0.000bps candidates=0 fee_age=4194ms
MICRO HEARTBEAT state=watching symbols=3 signal_source=live books=3 
demo_books=3 Bquotes=43529 Mdepth=2709 Ddepth=4387 above_floor=0 
max_residual=0.000bps candidates=0 fee_age=1175ms
MICRO HEARTBEAT state=watching symbols=3 signal_source=live books=3 
demo_books=3 Bquotes=43611 Mdepth=2727 Ddepth=4412 above_floor=0 
max_residual=0.000bps candidates=0 fee_age=3188ms
MICRO HEARTBEAT state=watching symbols=3 signal_source=live books=3 
demo_books=3 Bquotes=43787 Mdepth=2747 Ddepth=4415 above_floor=0 
max_residual=0.000bps candidates=0 fee_age=239ms
MICRO HEARTBEAT state=watching symbols=3 signal_source=live books=3 
demo_books=3 Bquotes=43873 Mdepth=2765 Ddepth=4415 above_floor=0 
max_residual=0.000bps candidates=0 fee_age=2292ms
MICRO HEARTBEAT state=watching symbols=3 signal_source=live books=3 
demo_books=3 Bquotes=44004 Mdepth=2784 Ddepth=4427 above_floor=0 
max_residual=0.000bps candidates=0 fee_age=0ms
MICRO HEARTBEAT state=watching symbols=3 signal_source=live books=3 
demo_books=3 Bquotes=44181 Mdepth=2799 Ddepth=4427 above_floor=0 
max_residual=0.000bps candidates=0 fee_age=1326ms
MICRO HEARTBEAT state=watching symbols=3 signal_source=live books=3 
demo_books=3 Bquotes=44272 Mdepth=2816 Ddepth=4427 above_floor=1 
max_residual=1.077bps candidates=0 fee_age=3373ms
MICRO HEARTBEAT state=watching symbols=3 signal_source=live books=3 
demo_books=3 Bquotes=44360 Mdepth=2832 Ddepth=4445 above_floor=0 
max_residual=0.000bps candidates=0 fee_age=416ms
MICRO SIGNAL LINK_USDT LONG residual=+1.616bps threshold=1.277 spread=1.077 
net=+0.338 B100=+0.539 M100=+0.000 Bage=2ms Mage=12ms DemoCross=5.0bps
DEMO ENTRY LINK_USDT LONG qty=1076.6 LIVEEntry=9.283 residual=+1.616 
notional=9994.08USDT leverage=200x requested_margin=50.0000USDT 
strategy_equity=36.4612USDT sizing=TARGET_NOTIONAL spread=1.077 
DemoFeeReported=0 signal_to_visible=5027.3ms IOCconfirm=1739.4ms 
reconcile=3276.2ms
MICRO POSITION LINK_USDT mark=+1.077bps MFE=+1.077 MAE=+0.000 
DemoNetMark=-0.922431USDT DemoNet=-0.923bps DemoMFE=+0.000 DemoMAE=-0.923 
TRAIL=OFF residual=+0.000bps B100=+0.000
MICRO EXIT LINK_USDT reason=microspread_converged LIVEpnl=+1.076600USDT 
move=+1.077bps MFE=+1.077 MAE=+0.000 hold=5046ms DemoExit=9.284 
DemoGross=+1.076600 DemoNet=-2.921200 DemoFee=3.9978
MICRO HEARTBEAT state=watching symbols=3 signal_source=live books=3 
demo_books=3 Bquotes=44936 Mdepth=2934 Ddepth=4495 above_floor=0 
max_residual=0.000bps candidates=0 fee_age=0ms
MICRO HEARTBEAT state=watching symbols=3 signal_source=live books=3 
demo_books=3 Bquotes=44969 Mdepth=2939 Ddepth=4500 above_floor=0 
max_residual=0.000bps candidates=0 fee_age=1307ms
MICRO HEARTBEAT state=watching symbols=3 signal_source=live books=3 
demo_books=3 Bquotes=45077 Mdepth=2944 Ddepth=4500 above_floor=0 
max_residual=0.000bps candidates=0 fee_age=3310ms
MICRO HEARTBEAT state=watching symbols=3 signal_source=live books=3 
demo_books=3 Bquotes=45118 Mdepth=2952 Ddepth=4504 above_floor=0 
max_residual=0.000bps candidates=0 fee_age=378ms
MICRO HEARTBEAT state=watching symbols=3 signal_source=live books=3 
demo_books=3 Bquotes=45258 Mdepth=2962 Ddepth=4512 above_floor=1 
max_residual=1.077bps candidates=0 fee_age=2386ms
MICRO HEARTBEAT state=watching symbols=3 signal_source=live books=3 
demo_books=3 Bquotes=45424 Mdepth=2974 Ddepth=4512 above_floor=0 
max_residual=0.000bps candidates=0 fee_age=0ms
MICRO HEARTBEAT state=watching symbols=3 signal_source=live books=3 
demo_books=3 Bquotes=45710 Mdepth=2983 Ddepth=4512 above_floor=1 
max_residual=1.077bps candidates=0 fee_age=1258ms
MICRO HEARTBEAT state=watching symbols=3 signal_source=live books=3 
demo_books=3 Bquotes=45784 Mdepth=2987 Ddepth=4545 above_floor=0 
max_residual=0.000bps candidates=0 fee_age=3284ms
MICRO HEARTBEAT state=watching symbols=3 signal_source=live books=3 
demo_books=3 Bquotes=45845 Mdepth=2990 Ddepth=4545 above_floor=0 
max_residual=0.000bps candidates=0 fee_age=373ms
MICRO HEARTBEAT state=watching symbols=3 signal_source=live books=3 
demo_books=3 Bquotes=45896 Mdepth=3000 Ddepth=4545 above_floor=0 
max_residual=0.000bps candidates=0 fee_age=2378ms
MICRO HEARTBEAT state=watching symbols=3 signal_source=live books=3 
demo_books=3 Bquotes=46054 Mdepth=3006 Ddepth=4561 above_floor=0 
max_residual=0.000bps candidates=0 fee_age=0ms
MICRO HEARTBEAT state=watching symbols=3 signal_source=live books=3 
demo_books=3 Bquotes=46191 Mdepth=3016 Ddepth=4561 above_floor=0 
max_residual=0.000bps candidates=0 fee_age=2028ms
MICRO HEARTBEAT state=watching symbols=3 signal_source=live books=3 
demo_books=3 Bquotes=46435 Mdepth=3020 Ddepth=4561 above_floor=0 
max_residual=0.000bps candidates=0 fee_age=4043ms
MICRO SIGNAL LINK_USDT SHORT residual=-2.154bps threshold=1.277 spread=1.077 
net=+0.877 B100=-1.077 M100=-1.077 Bage=27ms Mage=5ms DemoCross=5.0bps
DEMO ENTRY LINK_USDT SHORT qty=1077.8 LIVEEntry=9.285 residual=-2.154 
notional=10007.4USDT leverage=200x requested_margin=50.0000USDT 
strategy_equity=33.5400USDT sizing=TARGET_NOTIONAL spread=1.077 
DemoFeeReported=2.00169 signal_to_visible=1352.4ms IOCconfirm=755.1ms 
reconcile=301.4ms
MICRO POSITION LINK_USDT mark=-0.000bps MFE=+0.000 MAE=+0.000 
DemoNetMark=-5.081396USDT DemoNet=-5.077bps DemoMFE=+0.000 DemoMAE=-5.077 
TRAIL=OFF residual=+0.000bps B100=+0.000
MICRO EXIT LINK_USDT reason=microspread_converged LIVEpnl=-0.000000USDT 
move=-0.000bps MFE=+0.000 MAE=+0.000 hold=1373ms DemoExit=9.287 
DemoGross=-1.077800 DemoNet=-5.081300 DemoFee=2.00181
MICRO HEARTBEAT state=watching symbols=3 signal_source=live books=3 
demo_books=3 Bquotes=47346 Mdepth=3058 Ddepth=4605 above_floor=0 
max_residual=0.000bps candidates=0 fee_age=0ms
MICRO HEARTBEAT state=watching symbols=3 signal_source=live books=3 
demo_books=3 Bquotes=47401 Mdepth=3061 Ddepth=4605 above_floor=0 
max_residual=0.000bps candidates=0 fee_age=805ms
MICRO HEARTBEAT state=watching symbols=3 signal_source=live books=3 
demo_books=3 Bquotes=47506 Mdepth=3067 Ddepth=4605 above_floor=0 
max_residual=0.000bps candidates=0 fee_age=2814ms
MICRO HEARTBEAT state=watching symbols=3 signal_source=live books=3 
demo_books=3 Bquotes=47691 Mdepth=3076 Ddepth=4608 above_floor=0 
max_residual=0.000bps candidates=0 fee_age=340ms
MICRO HEARTBEAT state=watching symbols=3 signal_source=live books=3 
demo_books=3 Bquotes=47746 Mdepth=3087 Ddepth=4633 above_floor=0 
max_residual=0.000bps candidates=0 fee_age=2346ms
MICRO HEARTBEAT state=watching symbols=3 signal_source=live books=3 
demo_books=3 Bquotes=47804 Mdepth=3094 Ddepth=4633 above_floor=0 
max_residual=0.000bps candidates=0 fee_age=0ms
MICRO HEARTBEAT state=watching symbols=3 signal_source=live books=3 
demo_books=3 Bquotes=47827 Mdepth=3097 Ddepth=4633 above_floor=0 
max_residual=0.000bps candidates=0 fee_age=1337ms
MICRO SIGNAL LINK_USDT LONG residual=+1.884bps threshold=1.277 spread=1.077 
net=+0.607 B100=+2.153 M100=+0.000 Bage=3ms Mage=955ms DemoCross=5.0bps
DEMO ENTRY LINK_USDT LONG qty=1076.1 LIVEEntry=9.287 residual=+1.884 
notional=9993.74USDT leverage=200x requested_margin=50.0000USDT 
strategy_equity=28.4587USDT sizing=TARGET_NOTIONAL spread=1.077 
DemoFeeReported=1.99875 signal_to_visible=1309.9ms IOCconfirm=724.9ms 
reconcile=277.4ms
MICRO POSITION LINK_USDT mark=+2.154bps MFE=+2.154 MAE=+0.000 
DemoNetMark=-5.073381USDT DemoNet=-5.077bps DemoMFE=+0.000 DemoMAE=-5.077 
TRAIL=OFF residual=-2.153bps B100=+0.000
MICRO EXIT LINK_USDT reason=microspread_reversed LIVEpnl=+2.152200USDT 
move=+2.154bps MFE=+2.154 MAE=+0.000 hold=1331ms DemoExit=9.286 
DemoGross=-1.076100 DemoNet=-5.073300 DemoFee=1.99845
MICRO HEARTBEAT state=watching symbols=3 signal_source=live books=3 
demo_books=3 Bquotes=48282 Mdepth=3129 Ddepth=4676 above_floor=0 
max_residual=0.000bps candidates=0 fee_age=0ms
MICRO HEARTBEAT state=watching symbols=3 signal_source=live books=3 
demo_books=3 Bquotes=48342 Mdepth=3132 Ddepth=4691 above_floor=0 
max_residual=0.000bps candidates=0 fee_age=1314ms
MICRO HEARTBEAT state=watching symbols=3 signal_source=live books=3 
demo_books=3 Bquotes=48404 Mdepth=3138 Ddepth=4712 above_floor=0 
max_residual=0.000bps candidates=0 fee_age=3367ms
MICRO HEARTBEAT state=watching symbols=3 signal_source=live books=3 
demo_books=3 Bquotes=48492 Mdepth=3143 Ddepth=4715 above_floor=0 
max_residual=0.000bps candidates=0 fee_age=315ms
MICRO HEARTBEAT state=watching symbols=3 signal_source=live books=3 
demo_books=3 Bquotes=48778 Mdepth=3155 Ddepth=4738 above_floor=0 
max_residual=0.000bps candidates=0 fee_age=2368ms
MICRO HEARTBEAT state=watching symbols=3 signal_source=live books=3 
demo_books=3 Bquotes=49109 Mdepth=3161 Ddepth=4763 above_floor=2 
max_residual=1.076bps candidates=0 fee_age=0ms
MICRO HEARTBEAT state=watching symbols=3 signal_source=live books=3 
demo_books=3 Bquotes=49352 Mdepth=3176 Ddepth=4774 above_floor=2 
max_residual=1.076bps candidates=0 fee_age=2050ms
MICRO HEARTBEAT state=watching symbols=3 signal_source=live books=3 
demo_books=3 Bquotes=49423 Mdepth=3183 Ddepth=4800 above_floor=2 
max_residual=1.428bps candidates=0 fee_age=4056ms
MICRO HEARTBEAT state=watching symbols=3 signal_source=live books=3 
demo_books=3 Bquotes=49479 Mdepth=3189 Ddepth=4817 above_floor=2 
max_residual=1.428bps candidates=0 fee_age=994ms
MICRO HEARTBEAT state=watching symbols=3 signal_source=live books=3 
demo_books=3 Bquotes=49586 Mdepth=3206 Ddepth=4838 above_floor=0 
max_residual=0.000bps candidates=0 fee_age=3018ms
MICRO HEARTBEAT state=watching symbols=3 signal_source=live books=3 
demo_books=3 Bquotes=49666 Mdepth=3225 Ddepth=4857 above_floor=0 
max_residual=0.000bps candidates=0 fee_age=54ms
MICRO HEARTBEAT state=watching symbols=3 signal_source=live books=3 
demo_books=3 Bquotes=49944 Mdepth=3242 Ddepth=4873 above_floor=0 
max_residual=0.000bps candidates=0 fee_age=2060ms
MICRO HEARTBEAT state=watching symbols=3 signal_source=live books=3 
demo_books=3 Bquotes=50106 Mdepth=3249 Ddepth=4901 above_floor=1 
max_residual=0.998bps candidates=0 fee_age=4078ms
MICRO HEARTBEAT state=watching symbols=3 signal_source=live books=3 
demo_books=3 Bquotes=50269 Mdepth=3256 Ddepth=4916 above_floor=0 
max_residual=0.000bps candidates=0 fee_age=1161ms
MICRO HEARTBEAT state=watching symbols=3 signal_source=live books=3 
demo_books=3 Bquotes=50345 Mdepth=3264 Ddepth=4934 above_floor=0 
max_residual=0.000bps candidates=0 fee_age=3174ms
MICRO HEARTBEAT state=watching symbols=3 signal_source=live books=3 
demo_books=3 Bquotes=50532 Mdepth=3271 Ddepth=4956 above_floor=0 
max_residual=0.000bps candidates=0 fee_age=84ms
MICRO HEARTBEAT state=watching symbols=3 signal_source=live books=3 
demo_books=3 Bquotes=50769 Mdepth=3281 Ddepth=4974 above_floor=0 
max_residual=0.000bps candidates=0 fee_age=2096ms
MICRO HEARTBEAT state=watching symbols=3 signal_source=live books=3 
demo_books=3 Bquotes=50831 Mdepth=3287 Ddepth=4993 above_floor=0 
max_residual=0.000bps candidates=0 fee_age=4106ms
MICRO SIGNAL LINK_USDT SHORT residual=-3.765bps threshold=2.351 spread=2.151 
net=+1.414 B100=-3.228 M100=+0.000 Bage=2ms Mage=532ms DemoCross=5.0bps
MICRO HEARTBEAT state=watching symbols=3 signal_source=live books=3 
demo_books=3 Bquotes=51784 Mdepth=3335 Ddepth=5109 above_floor=0 
max_residual=0.000bps candidates=0 fee_age=0ms
MICRO HEARTBEAT state=watching symbols=3 signal_source=live books=3 
demo_books=3 Bquotes=51805 Mdepth=3341 Ddepth=5119 above_floor=0 
max_residual=0.000bps candidates=0 fee_age=1243ms
MICRO HEARTBEAT state=watching symbols=3 signal_source=live books=3 
demo_books=3 Bquotes=51852 Mdepth=3348 Ddepth=5138 above_floor=0 
max_residual=0.000bps candidates=0 fee_age=3292ms
MICRO HEARTBEAT state=watching symbols=3 signal_source=live books=3 
demo_books=3 Bquotes=51937 Mdepth=3354 Ddepth=5161 above_floor=0 
max_residual=0.000bps candidates=0 fee_age=410ms
MICRO HEARTBEAT state=watching symbols=3 signal_source=live books=3 
demo_books=3 Bquotes=52034 Mdepth=3363 Ddepth=5178 above_floor=0 
max_residual=0.000bps candidates=0 fee_age=2418ms
MICRO HEARTBEAT state=watching symbols=3 signal_source=live books=3 
demo_books=3 Bquotes=52144 Mdepth=3369 Ddepth=5213 above_floor=0 
max_residual=0.000bps candidates=0 fee_age=0ms
MICRO HEARTBEAT state=watching symbols=3 signal_source=live books=3 
demo_books=3 Bquotes=52275 Mdepth=3372 Ddepth=5223 above_floor=1 
max_residual=2.153bps candidates=0 fee_age=1230ms
MICRO HEARTBEAT state=watching symbols=3 signal_source=live books=3 
demo_books=3 Bquotes=52324 Mdepth=3382 Ddepth=5239 above_floor=1 
max_residual=1.076bps candidates=0 fee_age=3258ms
MICRO HEARTBEAT state=watching symbols=3 signal_source=live books=3 
demo_books=3 Bquotes=52410 Mdepth=3387 Ddepth=5267 above_floor=0 
max_residual=0.000bps candidates=0 fee_age=393ms
MICRO HEARTBEAT state=watching symbols=3 signal_source=live books=3 
demo_books=3 Bquotes=52475 Mdepth=3397 Ddepth=5284 above_floor=1 
max_residual=1.076bps candidates=0 fee_age=2421ms
MICRO HEARTBEAT state=watching symbols=3 signal_source=live books=3 
demo_books=3 Bquotes=52644 Mdepth=3419 Ddepth=5312 above_floor=1 
max_residual=2.153bps candidates=0 fee_age=0ms
MICRO HEARTBEAT state=watching symbols=3 signal_source=live books=3 
demo_books=3 Bquotes=52683 Mdepth=3435 Ddepth=5331 above_floor=0 
max_residual=0.000bps candidates=0 fee_age=2034ms
MICRO HEARTBEAT state=watching symbols=3 signal_source=live books=3 
demo_books=3 Bquotes=52722 Mdepth=3442 Ddepth=5348 above_floor=1 
max_residual=2.691bps candidates=0 fee_age=4062ms
MICRO HEARTBEAT state=watching symbols=3 signal_source=live books=3 
demo_books=3 Bquotes=52809 Mdepth=3447 Ddepth=5375 above_floor=0 
max_residual=0.000bps candidates=0 fee_age=398ms
MICRO HEARTBEAT state=watching symbols=3 signal_source=live books=3 
demo_books=3 Bquotes=52885 Mdepth=3453 Ddepth=5392 above_floor=0 
max_residual=0.000bps candidates=0 fee_age=2411ms
MICRO HEARTBEAT state=watching symbols=3 signal_source=live books=3 
demo_books=3 Bquotes=52921 Mdepth=3458 Ddepth=5410 above_floor=0 
max_residual=0.000bps candidates=0 fee_age=1ms
MICRO HEARTBEAT state=watching symbols=3 signal_source=live books=3 
demo_books=3 Bquotes=52973 Mdepth=3466 Ddepth=5435 above_floor=0 
max_residual=0.000bps candidates=0 fee_age=2041ms
MICRO HEARTBEAT state=watching symbols=3 signal_source=live books=3 
demo_books=3 Bquotes=53135 Mdepth=3475 Ddepth=5451 above_floor=0 
max_residual=0.000bps candidates=0 fee_age=4050ms
MICRO HEARTBEAT state=watching symbols=3 signal_source=live books=3 
demo_books=3 Bquotes=53187 Mdepth=3481 Ddepth=5473 above_floor=1 
max_residual=0.998bps candidates=0 fee_age=1020ms
MICRO HEARTBEAT state=watching symbols=3 signal_source=live books=3 
demo_books=3 Bquotes=53224 Mdepth=3487 Ddepth=5492 above_floor=0 
max_residual=0.000bps candidates=0 fee_age=3054ms
MICRO HEARTBEAT state=watching symbols=3 signal_source=live books=3 
demo_books=3 Bquotes=53536 Mdepth=3496 Ddepth=5511 above_floor=1 
max_residual=0.998bps candidates=0 fee_age=97ms
MICRO HEARTBEAT state=watching symbols=3 signal_source=live books=3 
demo_books=3 Bquotes=53601 Mdepth=3501 Ddepth=5533 above_floor=0 
max_residual=0.000bps candidates=0 fee_age=2151ms
MICRO HEARTBEAT state=watching symbols=3 signal_source=live books=3 
demo_books=3 Bquotes=53684 Mdepth=3510 Ddepth=5549 above_floor=0 
max_residual=0.000bps candidates=0 fee_age=4189ms
MICRO HEARTBEAT state=watching symbols=3 signal_source=live books=3 
demo_books=3 Bquotes=53763 Mdepth=3516 Ddepth=5568 above_floor=0 
max_residual=0.000bps candidates=0 fee_age=1061ms
MICRO HEARTBEAT state=watching symbols=3 signal_source=live books=3 
demo_books=3 Bquotes=53863 Mdepth=3525 Ddepth=5588 above_floor=0 
max_residual=0.000bps candidates=0 fee_age=3078ms
MICRO HEARTBEAT state=watching symbols=3 signal_source=live books=3 
demo_books=3 Bquotes=53935 Mdepth=3531 Ddepth=5605 above_floor=0 
max_residual=0.000bps candidates=0 fee_age=114ms
MICRO HEARTBEAT state=watching symbols=3 signal_source=live books=3 
demo_books=3 Bquotes=53994 Mdepth=3540 Ddepth=5631 above_floor=0 
max_residual=0.000bps candidates=0 fee_age=2155ms
MICRO HEARTBEAT state=watching symbols=3 signal_source=live books=3 
demo_books=3 Bquotes=54072 Mdepth=3546 Ddepth=5648 above_floor=0 
max_residual=0.000bps candidates=0 fee_age=4205ms
MICRO HEARTBEAT state=watching symbols=3 signal_source=live books=3 
demo_books=3 Bquotes=54130 Mdepth=3556 Ddepth=5667 above_floor=0 
max_residual=0.000bps candidates=0 fee_age=1266ms
MICRO HEARTBEAT state=watching symbols=3 signal_source=live books=3 
demo_books=3 Bquotes=54223 Mdepth=3561 Ddepth=5692 above_floor=0 
max_residual=0.000bps candidates=0 fee_age=3290ms
MICRO HEARTBEAT state=watching symbols=3 signal_source=live books=3 
demo_books=3 Bquotes=54284 Mdepth=3565 Ddepth=5708 above_floor=0 
max_residual=0.000bps candidates=0 fee_age=254ms
MICRO HEARTBEAT state=watching symbols=3 signal_source=live books=3 
demo_books=3 Bquotes=54360 Mdepth=3571 Ddepth=5731 above_floor=0 
max_residual=0.000bps candidates=0 fee_age=2254ms
MICRO HEARTBEAT state=watching symbols=3 signal_source=live books=3 
demo_books=3 Bquotes=54423 Mdepth=3576 Ddepth=5749 above_floor=0 
max_residual=0.000bps candidates=0 fee_age=4281ms
MICRO HEARTBEAT state=watching symbols=3 signal_source=live books=3 
demo_books=3 Bquotes=54470 Mdepth=3583 Ddepth=5765 above_floor=0 
max_residual=0.000bps candidates=0 fee_age=1211ms
MICRO HEARTBEAT state=watching symbols=3 signal_source=live books=3 
demo_books=3 Bquotes=54546 Mdepth=3591 Ddepth=5788 above_floor=1 
max_residual=1.076bps candidates=0 fee_age=3247ms
MICRO HEARTBEAT state=watching symbols=3 signal_source=live books=3 
demo_books=3 Bquotes=54700 Mdepth=3593 Ddepth=5809 above_floor=0 
max_residual=0.000bps candidates=0 fee_age=298ms
MICRO HEARTBEAT state=watching symbols=3 signal_source=live books=3 
demo_books=3 Bquotes=54757 Mdepth=3603 Ddepth=5827 above_floor=1 
max_residual=0.499bps candidates=0 fee_age=2341ms
MICRO HEARTBEAT state=watching symbols=3 signal_source=live books=3 
demo_books=3 Bquotes=54961 Mdepth=3623 Ddepth=5853 above_floor=0 
max_residual=0.000bps candidates=0 fee_age=0ms
MICRO HEARTBEAT state=watching symbols=3 signal_source=live books=3 
demo_books=3 Bquotes=55032 Mdepth=3631 Ddepth=5870 above_floor=0 
max_residual=0.000bps candidates=0 fee_age=2002ms
MICRO HEARTBEAT state=watching symbols=3 signal_source=live books=3 
demo_books=3 Bquotes=55138 Mdepth=3637 Ddepth=5895 above_floor=0 
max_residual=0.000bps candidates=0 fee_age=4028ms
MICRO HEARTBEAT state=watching symbols=3 signal_source=live books=3 
demo_books=3 Bquotes=55231 Mdepth=3644 Ddepth=5910 above_floor=0 
max_residual=0.000bps candidates=0 fee_age=994ms
MICRO HEARTBEAT state=watching symbols=3 signal_source=live books=3 
demo_books=3 Bquotes=55335 Mdepth=3650 Ddepth=5930 above_floor=0 
max_residual=0.000bps candidates=0 fee_age=3005ms
MICRO HEARTBEAT state=watching symbols=3 signal_source=live books=3 
demo_books=3 Bquotes=55439 Mdepth=3659 Ddepth=5952 above_floor=0 
max_residual=0.000bps candidates=0 fee_age=71ms
MICRO HEARTBEAT state=watching symbols=3 signal_source=live books=3 
demo_books=3 Bquotes=55555 Mdepth=3665 Ddepth=5967 above_floor=0 
max_residual=0.000bps candidates=0 fee_age=2101ms
MICRO HEARTBEAT state=watching symbols=3 signal_source=live books=3 
demo_books=3 Bquotes=55709 Mdepth=3677 Ddepth=5991 above_floor=0 
max_residual=0.000bps candidates=0 fee_age=4117ms
MICRO HEARTBEAT state=watching symbols=3 signal_source=live books=3 
demo_books=3 Bquotes=55792 Mdepth=3682 Ddepth=6005 above_floor=0 
max_residual=0.000bps candidates=0 fee_age=1070ms
MICRO HEARTBEAT state=watching symbols=3 signal_source=live books=3 
demo_books=3 Bquotes=55970 Mdepth=3691 Ddepth=6022 above_floor=1 
max_residual=1.076bps candidates=0 fee_age=3097ms
MICRO HEARTBEAT state=watching symbols=3 signal_source=live books=3 
demo_books=3 Bquotes=56052 Mdepth=3700 Ddepth=6042 above_floor=1 
max_residual=1.076bps candidates=0 fee_age=157ms
MICRO HEARTBEAT state=watching symbols=3 signal_source=live books=3 
demo_books=3 Bquotes=56181 Mdepth=3708 Ddepth=6054 above_floor=0 
max_residual=0.000bps candidates=0 fee_age=2165ms
MICRO HEARTBEAT state=watching symbols=3 signal_source=live books=3 
demo_books=3 Bquotes=56271 Mdepth=3713 Ddepth=6072 above_floor=0 
max_residual=0.000bps candidates=0 fee_age=4191ms
MICRO HEARTBEAT state=watching symbols=3 signal_source=live books=3 
demo_books=3 Bquotes=56453 Mdepth=3721 Ddepth=6091 above_floor=0 
max_residual=0.000bps candidates=0 fee_age=1114ms
MICRO HEARTBEAT state=watching symbols=3 signal_source=live books=3 
demo_books=3 Bquotes=56529 Mdepth=3733 Ddepth=6105 above_floor=0 
max_residual=0.000bps candidates=0 fee_age=3115ms
MICRO HEARTBEAT state=watching symbols=3 signal_source=live books=3 
demo_books=3 Bquotes=56726 Mdepth=3740 Ddepth=6129 above_floor=0 
max_residual=0.000bps candidates=0 fee_age=67ms
MICRO HEARTBEAT state=watching symbols=3 signal_source=live books=3 
demo_books=3 Bquotes=56816 Mdepth=3758 Ddepth=6146 above_floor=0 
max_residual=0.000bps candidates=0 fee_age=2109ms
MICRO HEARTBEAT state=watching symbols=3 signal_source=live books=3 
demo_books=3 Bquotes=56900 Mdepth=3776 Ddepth=6160 above_floor=0 
max_residual=0.000bps candidates=0 fee_age=4119ms
MICRO HEARTBEAT state=watching symbols=3 signal_source=live books=3 
demo_books=3 Bquotes=57217 Mdepth=3793 Ddepth=6181 above_floor=1 
max_residual=1.076bps candidates=0 fee_age=1130ms
MICRO HEARTBEAT state=watching symbols=3 signal_source=live books=3 
demo_books=3 Bquotes=57293 Mdepth=3811 Ddepth=6197 above_floor=1 
max_residual=1.076bps candidates=0 fee_age=3174ms
MICRO HEARTBEAT state=watching symbols=3 signal_source=live books=3 
demo_books=3 Bquotes=57410 Mdepth=3830 Ddepth=6221 above_floor=1 
max_residual=1.076bps candidates=0 fee_age=241ms
MICRO HEARTBEAT state=watching symbols=3 signal_source=live books=3 
demo_books=3 Bquotes=57543 Mdepth=3844 Ddepth=6235 above_floor=1 
max_residual=1.076bps candidates=0 fee_age=2255ms
MICRO HEARTBEAT state=watching symbols=3 signal_source=live books=3 
demo_books=3 Bquotes=57642 Mdepth=3853 Ddepth=6251 above_floor=0 
max_residual=0.000bps candidates=0 fee_age=4260ms
MICRO HEARTBEAT state=watching symbols=3 signal_source=live books=3 
demo_books=3 Bquotes=57758 Mdepth=3861 Ddepth=6271 above_floor=0 
max_residual=0.000bps candidates=0 fee_age=1302ms
MICRO HEARTBEAT state=watching symbols=3 signal_source=live books=3 
demo_books=3 Bquotes=57853 Mdepth=3867 Ddepth=6284 above_floor=0 
max_residual=0.000bps candidates=0 fee_age=3307ms
MICRO HEARTBEAT state=watching symbols=3 signal_source=live books=3 
demo_books=3 Bquotes=57962 Mdepth=3876 Ddepth=6304 above_floor=0 
max_residual=0.000bps candidates=0 fee_age=262ms
MICRO HEARTBEAT state=watching symbols=3 signal_source=live books=3 
demo_books=3 Bquotes=58037 Mdepth=3885 Ddepth=6322 above_floor=0 
max_residual=0.000bps candidates=0 fee_age=2287ms
MICRO HEARTBEAT state=watching symbols=3 signal_source=live books=3 
demo_books=3 Bquotes=58289 Mdepth=3891 Ddepth=6338 above_floor=0 
max_residual=0.000bps candidates=0 fee_age=4298ms
MICRO HEARTBEAT state=watching symbols=3 signal_source=live books=3 
demo_books=3 Bquotes=58369 Mdepth=3899 Ddepth=6360 above_floor=0 
max_residual=0.000bps candidates=0 fee_age=1219ms
MICRO HEARTBEAT state=watching symbols=3 signal_source=live books=3 
demo_books=3 Bquotes=58508 Mdepth=3906 Ddepth=6373 above_floor=0 
max_residual=0.000bps candidates=0 fee_age=3243ms
MICRO HEARTBEAT state=watching symbols=3 signal_source=live books=3 
demo_books=3 Bquotes=58653 Mdepth=3910 Ddepth=6392 above_floor=0 
max_residual=0.000bps candidates=0 fee_age=309ms
MICRO HEARTBEAT state=watching symbols=3 signal_source=live books=3 
demo_books=3 Bquotes=58792 Mdepth=3920 Ddepth=6413 above_floor=0 
max_residual=0.000bps candidates=0 fee_age=2366ms
MICRO HEARTBEAT state=watching symbols=3 signal_source=live books=3 
demo_books=3 Bquotes=58925 Mdepth=3931 Ddepth=6431 above_floor=0 
max_residual=0.000bps candidates=0 fee_age=0ms
MICRO HEARTBEAT state=watching symbols=3 signal_source=live books=3 
demo_books=3 Bquotes=59044 Mdepth=3934 Ddepth=6449 above_floor=0 
max_residual=0.000bps candidates=0 fee_age=1383ms
MICRO HEARTBEAT state=watching symbols=3 signal_source=live books=3 
demo_books=3 Bquotes=59166 Mdepth=3943 Ddepth=6467 above_floor=0 
max_residual=0.000bps candidates=0 fee_age=3384ms
MICRO HEARTBEAT state=watching symbols=3 signal_source=live books=3 
demo_books=3 Bquotes=59337 Mdepth=3953 Ddepth=6482 above_floor=0 
max_residual=0.000bps candidates=0 fee_age=391ms
MICRO HEARTBEAT state=watching symbols=3 signal_source=live books=3 
demo_books=3 Bquotes=59437 Mdepth=3963 Ddepth=6504 above_floor=0 
max_residual=0.000bps candidates=0 fee_age=2425ms
MICRO HEARTBEAT state=watching symbols=3 signal_source=live books=3 
demo_books=3 Bquotes=59573 Mdepth=3983 Ddepth=6522 above_floor=0 
max_residual=0.000bps candidates=0 fee_age=0ms
MICRO HEARTBEAT state=watching symbols=3 signal_source=live books=3 
demo_books=3 Bquotes=59709 Mdepth=4002 Ddepth=6545 above_floor=0 
max_residual=0.000bps candidates=0 fee_age=2004ms
MICRO HEARTBEAT state=watching symbols=3 signal_source=live books=3 
demo_books=3 Bquotes=59882 Mdepth=4019 Ddepth=6565 above_floor=0 
max_residual=0.000bps candidates=0 fee_age=4008ms
MICRO HEARTBEAT state=watching symbols=3 signal_source=live books=3 
demo_books=3 Bquotes=59987 Mdepth=4038 Ddepth=6577 above_floor=0 
max_residual=0.000bps candidates=0 fee_age=1004ms
MICRO HEARTBEAT state=watching symbols=3 signal_source=live books=3 
demo_books=3 Bquotes=60129 Mdepth=4056 Ddepth=6600 above_floor=0 
max_residual=0.000bps candidates=0 fee_age=3041ms
MICRO HEARTBEAT state=watching symbols=3 signal_source=live books=3 
demo_books=3 Bquotes=60251 Mdepth=4072 Ddepth=6617 above_floor=0 
max_residual=0.000bps candidates=0 fee_age=0ms
MICRO HEARTBEAT state=watching symbols=3 signal_source=live books=3 
demo_books=3 Bquotes=60365 Mdepth=4092 Ddepth=6632 above_floor=0 
max_residual=0.000bps candidates=0 fee_age=2001ms
MICRO HEARTBEAT state=watching symbols=3 signal_source=live books=3 
demo_books=3 Bquotes=60545 Mdepth=4108 Ddepth=6651 above_floor=0 
max_residual=0.000bps candidates=0 fee_age=4012ms
MICRO HEARTBEAT state=watching symbols=3 signal_source=live books=3 
demo_books=3 Bquotes=60655 Mdepth=4126 Ddepth=6667 above_floor=0 
max_residual=0.000bps candidates=0 fee_age=955ms
MICRO HEARTBEAT state=watching symbols=3 signal_source=live books=3 
demo_books=3 Bquotes=60835 Mdepth=4130 Ddepth=6667 above_floor=0 
max_residual=0.000bps candidates=0 fee_age=2967ms
MICRO HEARTBEAT state=watching symbols=3 signal_source=live books=3 
demo_books=3 Bquotes=60957 Mdepth=4137 Ddepth=6674 above_floor=0 
max_residual=0.000bps candidates=0 fee_age=60ms
MICRO HEARTBEAT state=watching symbols=3 signal_source=live books=3 
demo_books=3 Bquotes=61093 Mdepth=4141 Ddepth=6693 above_floor=0 
max_residual=0.000bps candidates=0 fee_age=2093ms
MICRO HEARTBEAT state=watching symbols=3 signal_source=live books=3 
demo_books=3 Bquotes=61240 Mdepth=4148 Ddepth=6694 above_floor=0 
max_residual=0.000bps candidates=0 fee_age=4095ms
MICRO HEARTBEAT state=watching symbols=3 signal_source=live books=3 
demo_books=3 Bquotes=61371 Mdepth=4154 Ddepth=6694 above_floor=0 
max_residual=0.000bps candidates=0 fee_age=1040ms
MICRO HEARTBEAT state=watching symbols=3 signal_source=live books=3 
demo_books=3 Bquotes=61468 Mdepth=4160 Ddepth=6723 above_floor=0 
max_residual=0.000bps candidates=0 fee_age=3073ms
MICRO HEARTBEAT state=watching symbols=3 signal_source=live books=3 
demo_books=3 Bquotes=61658 Mdepth=4167 Ddepth=6725 above_floor=0 
max_residual=0.000bps candidates=0 fee_age=151ms
MICRO HEARTBEAT state=watching symbols=3 signal_source=live books=3 
demo_books=3 Bquotes=61732 Mdepth=4173 Ddepth=6725 above_floor=0 
max_residual=0.000bps candidates=0 fee_age=2171ms
MICRO HEARTBEAT state=watching symbols=3 signal_source=live books=3 
demo_books=3 Bquotes=61838 Mdepth=4181 Ddepth=6748 above_floor=0 
max_residual=0.000bps candidates=0 fee_age=4229ms
MICRO HEARTBEAT state=watching symbols=3 signal_source=live books=3 
demo_books=3 Bquotes=61992 Mdepth=4190 Ddepth=6748 above_floor=0 
max_residual=0.000bps candidates=0 fee_age=1222ms
MICRO HEARTBEAT state=watching symbols=3 signal_source=live books=3 
demo_books=3 Bquotes=62092 Mdepth=4195 Ddepth=6748 above_floor=0 
max_residual=0.000bps candidates=0 fee_age=3232ms
MICRO HEARTBEAT state=watching symbols=3 signal_source=live books=3 
demo_books=3 Bquotes=62223 Mdepth=4202 Ddepth=6760 above_floor=0 
max_residual=0.000bps candidates=0 fee_age=141ms
MICRO HEARTBEAT state=watching symbols=3 signal_source=live books=3 
demo_books=3 Bquotes=62349 Mdepth=4209 Ddepth=6771 above_floor=0 
max_residual=0.000bps candidates=0 fee_age=2162ms
MICRO HEARTBEAT state=watching symbols=3 signal_source=live books=3 
demo_books=3 Bquotes=62430 Mdepth=4212 Ddepth=6771 above_floor=0 
max_residual=0.000bps candidates=0 fee_age=4164ms
MICRO HEARTBEAT state=watching symbols=3 signal_source=live books=3 
demo_books=3 Bquotes=62539 Mdepth=4217 Ddepth=6775 above_floor=0 
max_residual=0.000bps candidates=0 fee_age=1210ms
MICRO HEARTBEAT state=watching symbols=3 signal_source=live books=3 
demo_books=3 Bquotes=62665 Mdepth=4226 Ddepth=6786 above_floor=0 
max_residual=0.000bps candidates=0 fee_age=3210ms
MICRO HEARTBEAT state=watching symbols=3 signal_source=live books=3 
demo_books=3 Bquotes=62743 Mdepth=4231 Ddepth=6786 above_floor=0 
max_residual=0.000bps candidates=0 fee_age=250ms
MICRO HEARTBEAT state=watching symbols=3 signal_source=live books=3 
demo_books=3 Bquotes=62824 Mdepth=4239 Ddepth=6786 above_floor=0 
max_residual=0.000bps candidates=0 fee_age=2253ms
MICRO HEARTBEAT state=watching symbols=3 signal_source=live books=3 
demo_books=3 Bquotes=62924 Mdepth=4244 Ddepth=6815 above_floor=0 
max_residual=0.000bps candidates=0 fee_age=4258ms
MICRO HEARTBEAT state=watching symbols=3 signal_source=live books=3 
demo_books=3 Bquotes=63030 Mdepth=4255 Ddepth=6815 above_floor=0 
max_residual=0.000bps candidates=0 fee_age=1252ms
MICRO HEARTBEAT state=watching symbols=3 signal_source=live books=3 
demo_books=3 Bquotes=63096 Mdepth=4273 Ddepth=6815 above_floor=0 
max_residual=0.000bps candidates=0 fee_age=3261ms
MICRO HEARTBEAT state=watching symbols=3 signal_source=live books=3 
demo_books=3 Bquotes=63202 Mdepth=4290 Ddepth=6833 above_floor=0 
max_residual=0.000bps candidates=0 fee_age=0ms
MICRO HEARTBEAT state=watching symbols=3 signal_source=live books=3 
demo_books=3 Bquotes=63287 Mdepth=4306 Ddepth=6833 above_floor=0 
max_residual=0.000bps candidates=0 fee_age=2020ms
MICRO HEARTBEAT state=watching symbols=3 signal_source=live books=3 
demo_books=3 Bquotes=63416 Mdepth=4314 Ddepth=6833 above_floor=0 
max_residual=0.000bps candidates=0 fee_age=5ms
MICRO HEARTBEAT state=watching symbols=3 signal_source=live books=3 
demo_books=3 Bquotes=63475 Mdepth=4320 Ddepth=6866 above_floor=0 
max_residual=0.000bps candidates=0 fee_age=2011ms
MICRO HEARTBEAT state=watching symbols=3 signal_source=live books=3 
demo_books=3 Bquotes=63566 Mdepth=4323 Ddepth=6867 above_floor=0 
max_residual=0.000bps candidates=0 fee_age=4012ms
MICRO HEARTBEAT state=watching symbols=3 signal_source=live books=3 
demo_books=3 Bquotes=63660 Mdepth=4332 Ddepth=6867 above_floor=0 
max_residual=0.000bps candidates=0 fee_age=1010ms
MICRO HEARTBEAT state=watching symbols=3 signal_source=live books=3 
demo_books=3 Bquotes=63761 Mdepth=4339 Ddepth=6882 above_floor=0 
max_residual=0.000bps candidates=0 fee_age=3017ms
MICRO HEARTBEAT state=watching symbols=3 signal_source=live books=3 
demo_books=3 Bquotes=63891 Mdepth=4343 Ddepth=6882 above_floor=0 
max_residual=0.000bps candidates=0 fee_age=46ms
MICRO HEARTBEAT state=watching symbols=3 signal_source=live books=3 
demo_books=3 Bquotes=63983 Mdepth=4350 Ddepth=6882 above_floor=0 
max_residual=0.000bps candidates=0 fee_age=2080ms
MICRO HEARTBEAT state=watching symbols=3 signal_source=live books=3 
demo_books=3 Bquotes=64089 Mdepth=4354 Ddepth=6893 above_floor=0 
max_residual=0.000bps candidates=0 fee_age=4116ms
MICRO HEARTBEAT state=watching symbols=3 signal_source=live books=3 
demo_books=3 Bquotes=64203 Mdepth=4359 Ddepth=6911 above_floor=0 
max_residual=0.000bps candidates=0 fee_age=1028ms
MICRO HEARTBEAT state=watching symbols=3 signal_source=live books=3 
demo_books=3 Bquotes=64331 Mdepth=4367 Ddepth=6911 above_floor=0 
max_residual=0.000bps candidates=0 fee_age=3029ms
MICRO HEARTBEAT state=watching symbols=3 signal_source=live books=3 
demo_books=3 Bquotes=64446 Mdepth=4370 Ddepth=6913 above_floor=0 
max_residual=0.000bps candidates=0 fee_age=78ms
MICRO HEARTBEAT state=watching symbols=3 signal_source=live books=3 
demo_books=3 Bquotes=64535 Mdepth=4378 Ddepth=6927 above_floor=0 
max_residual=0.000bps candidates=0 fee_age=2085ms
MICRO HEARTBEAT state=watching symbols=3 signal_source=live books=3 
demo_books=3 Bquotes=64618 Mdepth=4387 Ddepth=6927 above_floor=0 
max_residual=0.000bps candidates=0 fee_age=4119ms
MICRO HEARTBEAT state=watching symbols=3 signal_source=live books=3 
demo_books=3 Bquotes=64712 Mdepth=4396 Ddepth=6927 above_floor=0 
max_residual=0.000bps candidates=0 fee_age=1056ms
MICRO HEARTBEAT state=watching symbols=3 signal_source=live books=3 
demo_books=3 Bquotes=64814 Mdepth=4400 Ddepth=6953 above_floor=0 
max_residual=0.000bps candidates=0 fee_age=3066ms
MICRO HEARTBEAT state=watching symbols=3 signal_source=live books=3 
demo_books=3 Bquotes=64915 Mdepth=4406 Ddepth=6956 above_floor=0 
max_residual=0.000bps candidates=0 fee_age=139ms
MICRO HEARTBEAT state=watching symbols=3 signal_source=live books=3 
demo_books=3 Bquotes=65271 Mdepth=4416 Ddepth=6956 above_floor=0 
max_residual=0.000bps candidates=0 fee_age=2140ms
MICRO HEARTBEAT state=watching symbols=3 signal_source=live books=3 
demo_books=3 Bquotes=65362 Mdepth=4427 Ddepth=6974 above_floor=0 
max_residual=0.000bps candidates=0 fee_age=4158ms
MICRO HEARTBEAT state=watching symbols=3 signal_source=live books=3 
demo_books=3 Bquotes=65444 Mdepth=4431 Ddepth=6992 above_floor=0 
max_residual=0.000bps candidates=0 fee_age=1205ms
MICRO HEARTBEAT state=watching symbols=3 signal_source=live books=3 
demo_books=3 Bquotes=65539 Mdepth=4440 Ddepth=6994 above_floor=0 
max_residual=0.000bps candidates=0 fee_age=3220ms
MICRO HEARTBEAT state=watching symbols=3 signal_source=live books=3 
demo_books=3 Bquotes=65613 Mdepth=4445 Ddepth=7002 above_floor=0 
max_residual=0.000bps candidates=0 fee_age=219ms
MICRO HEARTBEAT state=watching symbols=3 signal_source=live books=3 
demo_books=3 Bquotes=65687 Mdepth=4453 Ddepth=7027 above_floor=0 
max_residual=0.000bps candidates=0 fee_age=2235ms
MICRO HEARTBEAT state=watching symbols=3 signal_source=live books=3 
demo_books=3 Bquotes=65762 Mdepth=4467 Ddepth=7049 above_floor=0 
max_residual=0.000bps candidates=0 fee_age=4250ms
MICRO HEARTBEAT state=watching symbols=3 signal_source=live books=3 
demo_books=3 Bquotes=65816 Mdepth=4476 Ddepth=7050 above_floor=0 
max_residual=0.000bps candidates=0 fee_age=826ms
MICRO HEARTBEAT state=watching symbols=3 signal_source=live books=3 
demo_books=3 Bquotes=65867 Mdepth=4482 Ddepth=7076 above_floor=0 
max_residual=0.000bps candidates=0 fee_age=2834ms
MICRO HEARTBEAT state=watching symbols=3 signal_source=live books=3 
demo_books=3 Bquotes=65917 Mdepth=4487 Ddepth=7096 above_floor=0 
max_residual=0.000bps candidates=0 fee_age=195ms
MICRO HEARTBEAT state=watching symbols=3 signal_source=live books=3 
demo_books=3 Bquotes=65983 Mdepth=4495 Ddepth=7113 above_floor=0 
max_residual=0.000bps candidates=0 fee_age=2207ms
MICRO HEARTBEAT state=watching symbols=3 signal_source=live books=3 
demo_books=3 Bquotes=66032 Mdepth=4500 Ddepth=7135 above_floor=0 
max_residual=0.000bps candidates=0 fee_age=4220ms
MICRO HEARTBEAT state=watching symbols=3 signal_source=live books=3 
demo_books=3 Bquotes=66100 Mdepth=4504 Ddepth=7152 above_floor=0 
max_residual=0.000bps candidates=0 fee_age=1274ms
MICRO HEARTBEAT state=watching symbols=3 signal_source=live books=3 
demo_books=3 Bquotes=66186 Mdepth=4513 Ddepth=7169 above_floor=0 
max_residual=0.000bps candidates=0 fee_age=3275ms
MICRO HEARTBEAT state=watching symbols=3 signal_source=live books=3 
demo_books=3 Bquotes=66259 Mdepth=4516 Ddepth=7190 above_floor=0 
max_residual=0.000bps candidates=0 fee_age=230ms
MICRO HEARTBEAT state=watching symbols=3 signal_source=live books=3 
demo_books=3 Bquotes=66373 Mdepth=4524 Ddepth=7206 above_floor=1 
max_residual=1.075bps candidates=0 fee_age=2230ms
MICRO HEARTBEAT state=watching symbols=3 signal_source=live books=3 
demo_books=3 Bquotes=66450 Mdepth=4535 Ddepth=7225 above_floor=1 
max_residual=1.075bps candidates=0 fee_age=4282ms
MICRO HEARTBEAT state=watching symbols=3 signal_source=live books=3 
demo_books=3 Bquotes=66525 Mdepth=4539 Ddepth=7242 above_floor=0 
max_residual=0.000bps candidates=0 fee_age=1117ms
MICRO HEARTBEAT state=watching symbols=3 signal_source=live books=3 
demo_books=3 Bquotes=66613 Mdepth=4548 Ddepth=7262 above_floor=0 
max_residual=0.000bps candidates=0 fee_age=3126ms
MICRO HEARTBEAT state=watching symbols=3 signal_source=live books=3 
demo_books=3 Bquotes=66669 Mdepth=4556 Ddepth=7287 above_floor=0 
max_residual=0.000bps candidates=0 fee_age=244ms
MICRO HEARTBEAT state=watching symbols=3 signal_source=live books=3 
demo_books=3 Bquotes=66745 Mdepth=4563 Ddepth=7302 above_floor=0 
max_residual=0.000bps candidates=0 fee_age=2247ms
MICRO HEARTBEAT state=watching symbols=3 signal_source=live books=3 
demo_books=3 Bquotes=66797 Mdepth=4571 Ddepth=7322 above_floor=0 
max_residual=0.000bps candidates=0 fee_age=4261ms
MICRO HEARTBEAT state=watching symbols=3 signal_source=live books=3 
demo_books=3 Bquotes=66890 Mdepth=4584 Ddepth=7344 above_floor=0 
max_residual=0.000bps candidates=0 fee_age=660ms
MICRO HEARTBEAT state=watching symbols=3 signal_source=live books=3 
demo_books=3 Bquotes=66963 Mdepth=4603 Ddepth=7358 above_floor=0 
max_residual=0.000bps candidates=0 fee_age=2707ms
MICRO HEARTBEAT state=watching symbols=3 signal_source=live books=3 
demo_books=3 Bquotes=67093 Mdepth=4618 Ddepth=7385 above_floor=0 
max_residual=0.000bps candidates=0 fee_age=334ms
MICRO HEARTBEAT state=watching symbols=3 signal_source=live books=3 
demo_books=3 Bquotes=67162 Mdepth=4631 Ddepth=7399 above_floor=0 
max_residual=0.000bps candidates=0 fee_age=2372ms
MICRO HEARTBEAT state=watching symbols=3 signal_source=live books=3 
demo_books=3 Bquotes=67279 Mdepth=4652 Ddepth=7430 above_floor=0 
max_residual=0.000bps candidates=0 fee_age=0ms
MICRO SIGNAL LINK_USDT LONG residual=+2.150bps threshold=1.275 spread=1.075 
net=+0.875 B100=+2.150 M100=+0.000 Bage=2ms Mage=222ms DemoCross=5.0bps
DEMO ENTRY LINK_USDT LONG qty=1074.5 LIVEEntry=9.301 residual=+2.150 
notional=9993.92USDT leverage=200x requested_margin=50.0000USDT 
strategy_equity=23.3854USDT sizing=TARGET_NOTIONAL spread=1.075 
DemoFeeReported=1.99878 signal_to_visible=1198.6ms IOCconfirm=601.3ms 
reconcile=281.7ms
MICRO POSITION LINK_USDT mark=+1.075bps MFE=+1.075 MAE=+0.000 
DemoNetMark=-5.071855USDT DemoNet=-5.075bps DemoMFE=+0.000 DemoMAE=-5.075 
TRAIL=OFF residual=-1.075bps B100=+0.000
MICRO EXIT LINK_USDT reason=microspread_reversed LIVEpnl=+1.074500USDT 
move=+1.075bps MFE=+1.075 MAE=+0.000 hold=1221ms DemoExit=9.3 
DemoGross=-1.074500 DemoNet=-5.071800 DemoFee=1.99852
MICRO HEARTBEAT state=watching symbols=3 signal_source=live books=3 
demo_books=3 Bquotes=67531 Mdepth=4684 Ddepth=7481 above_floor=0 
max_residual=0.000bps candidates=0 fee_age=2ms
MICRO HEARTBEAT state=watching symbols=3 signal_source=live books=3 
demo_books=3 Bquotes=67598 Mdepth=4689 Ddepth=7502 above_floor=1 
max_residual=1.075bps candidates=0 fee_age=2011ms
MICRO HEARTBEAT state=watching symbols=3 signal_source=live books=3 
demo_books=3 Bquotes=67666 Mdepth=4696 Ddepth=7515 above_floor=0 
max_residual=0.000bps candidates=0 fee_age=4021ms
MICRO HEARTBEAT state=watching symbols=3 signal_source=live books=3 
demo_books=3 Bquotes=67754 Mdepth=4699 Ddepth=7538 above_floor=0 
max_residual=0.000bps candidates=0 fee_age=1165ms
MICRO HEARTBEAT state=watching symbols=3 signal_source=live books=3 
demo_books=3 Bquotes=67953 Mdepth=4709 Ddepth=7554 above_floor=1 
max_residual=1.075bps candidates=0 fee_age=3166ms
MICRO HEARTBEAT state=watching symbols=3 signal_source=live books=3 
demo_books=3 Bquotes=68259 Mdepth=4717 Ddepth=7571 above_floor=2 
max_residual=1.075bps candidates=0 fee_age=0ms
MICRO HEARTBEAT state=watching symbols=3 signal_source=live books=3 
demo_books=3 Bquotes=68493 Mdepth=4724 Ddepth=7589 above_floor=1 
max_residual=1.611bps candidates=0 fee_age=2025ms
MICRO HEARTBEAT state=watching symbols=3 signal_source=live books=3 
demo_books=3 Bquotes=68558 Mdepth=4735 Ddepth=7604 above_floor=2 
max_residual=1.611bps candidates=0 fee_age=4055ms
MICRO HEARTBEAT state=watching symbols=3 signal_source=live books=3 
demo_books=3 Bquotes=68613 Mdepth=4740 Ddepth=7625 above_floor=2 
max_residual=1.074bps candidates=0 fee_age=1170ms
MICRO HEARTBEAT state=watching symbols=3 signal_source=live books=3 
demo_books=3 Bquotes=68791 Mdepth=4748 Ddepth=7642 above_floor=1 
max_residual=4.297bps candidates=0 fee_age=3171ms
MICRO HEARTBEAT state=watching symbols=3 signal_source=live books=3 
demo_books=3 Bquotes=69070 Mdepth=4759 Ddepth=7659 above_floor=1 
max_residual=2.148bps candidates=0 fee_age=290ms
MICRO HEARTBEAT state=watching symbols=3 signal_source=live books=3 
demo_books=3 Bquotes=69124 Mdepth=4765 Ddepth=7679 above_floor=0 
max_residual=0.000bps candidates=0 fee_age=2342ms
MICRO HEARTBEAT state=watching symbols=3 signal_source=live books=3 
demo_books=3 Bquotes=69201 Mdepth=4775 Ddepth=7698 above_floor=1 
max_residual=2.148bps candidates=0 fee_age=0ms
MICRO HEARTBEAT state=watching symbols=3 signal_source=live books=3 
demo_books=3 Bquotes=69267 Mdepth=4784 Ddepth=7720 above_floor=0 
max_residual=0.000bps candidates=0 fee_age=2038ms
MICRO HEARTBEAT state=watching symbols=3 signal_source=live books=3 
demo_books=3 Bquotes=69318 Mdepth=4803 Ddepth=7735 above_floor=0 
max_residual=0.000bps candidates=0 fee_age=4058ms
MICRO HEARTBEAT state=watching symbols=3 signal_source=live books=3 
demo_books=3 Bquotes=69377 Mdepth=4818 Ddepth=7752 above_floor=0 
max_residual=0.000bps candidates=0 fee_age=1108ms
MICRO HEARTBEAT state=watching symbols=3 signal_source=live books=3 
demo_books=3 Bquotes=69439 Mdepth=4836 Ddepth=7771 above_floor=0 
max_residual=0.000bps candidates=0 fee_age=3131ms
MICRO HEARTBEAT state=watching symbols=3 signal_source=live books=3 
demo_books=3 Bquotes=69490 Mdepth=4845 Ddepth=7786 above_floor=0 
max_residual=0.000bps candidates=0 fee_age=114ms
MICRO HEARTBEAT state=watching symbols=3 signal_source=live books=3 
demo_books=3 Bquotes=69551 Mdepth=4853 Ddepth=7809 above_floor=0 
max_residual=0.000bps candidates=0 fee_age=2128ms
MICRO HEARTBEAT state=watching symbols=3 signal_source=live books=3 
demo_books=3 Bquotes=69627 Mdepth=4860 Ddepth=7827 above_floor=0 
max_residual=0.000bps candidates=0 fee_age=4155ms
MICRO HEARTBEAT state=watching symbols=3 signal_source=live books=3 
demo_books=3 Bquotes=69678 Mdepth=4868 Ddepth=7841 above_floor=0 
max_residual=0.000bps candidates=0 fee_age=1198ms
MICRO HEARTBEAT state=watching symbols=3 signal_source=live books=3 
demo_books=3 Bquotes=69744 Mdepth=4875 Ddepth=7871 above_floor=0 
max_residual=0.000bps candidates=0 fee_age=3204ms
MICRO SIGNAL LINK_USDT SHORT residual=-2.149bps threshold=1.275 spread=1.075 
net=+0.875 B100=-2.149 M100=+0.000 Bage=1ms Mage=331ms DemoCross=5.0bps
MICRO HEARTBEAT state=watching symbols=3 signal_source=live books=3 
demo_books=3 Bquotes=70202 Mdepth=4906 Ddepth=7957 above_floor=0 
max_residual=0.000bps candidates=0 fee_age=0ms
MICRO HEARTBEAT state=watching symbols=3 signal_source=live books=3 
demo_books=3 Bquotes=70237 Mdepth=4909 Ddepth=7971 above_floor=0 
max_residual=0.000bps candidates=0 fee_age=1373ms
MICRO HEARTBEAT state=watching symbols=3 signal_source=live books=3 
demo_books=3 Bquotes=70324 Mdepth=4915 Ddepth=7985 above_floor=0 
max_residual=0.000bps candidates=0 fee_age=3407ms
MICRO HEARTBEAT state=watching symbols=3 signal_source=live books=3 
demo_books=3 Bquotes=70369 Mdepth=4924 Ddepth=8010 above_floor=0 
max_residual=0.000bps candidates=0 fee_age=395ms
MICRO HEARTBEAT state=watching symbols=3 signal_source=live books=3 
demo_books=3 Bquotes=70449 Mdepth=4928 Ddepth=8026 above_floor=0 
max_residual=0.000bps candidates=0 fee_age=2433ms
MICRO HEARTBEAT state=watching symbols=3 signal_source=live books=3 
demo_books=3 Bquotes=70796 Mdepth=4941 Ddepth=8049 above_floor=1 
max_residual=2.150bps candidates=0 fee_age=0ms
MICRO HEARTBEAT state=watching symbols=3 signal_source=live books=3 
demo_books=3 Bquotes=70863 Mdepth=4944 Ddepth=8067 above_floor=1 
max_residual=3.225bps candidates=0 fee_age=2015ms
MICRO HEARTBEAT state=watching symbols=3 signal_source=live books=3 
demo_books=3 Bquotes=70925 Mdepth=4951 Ddepth=8084 above_floor=0 
max_residual=0.000bps candidates=0 fee_age=4016ms
MICRO HEARTBEAT state=watching symbols=3 signal_source=live books=3 
demo_books=3 Bquotes=71010 Mdepth=4958 Ddepth=8107 above_floor=0 
max_residual=0.000bps candidates=0 fee_age=885ms
MICRO HEARTBEAT state=watching symbols=3 signal_source=live books=3 
demo_books=3 Bquotes=71632 Mdepth=4967 Ddepth=8123 above_floor=0 
max_residual=0.000bps candidates=0 fee_age=2903ms
MICRO HEARTBEAT state=watching symbols=3 signal_source=live books=3 
demo_books=3 Bquotes=71759 Mdepth=4976 Ddepth=8140 above_floor=1 
max_residual=0.998bps candidates=0 fee_age=0ms
MICRO HEARTBEAT state=watching symbols=3 signal_source=live books=3 
demo_books=3 Bquotes=71827 Mdepth=4984 Ddepth=8162 above_floor=0 
max_residual=0.000bps candidates=0 fee_age=2066ms
MICRO HEARTBEAT state=watching symbols=3 signal_source=live books=3 
demo_books=3 Bquotes=71925 Mdepth=4990 Ddepth=8175 above_floor=1 
max_residual=0.998bps candidates=0 fee_age=4097ms
MICRO HEARTBEAT state=watching symbols=3 signal_source=live books=3 
demo_books=3 Bquotes=72007 Mdepth=4999 Ddepth=8196 above_floor=0 
max_residual=0.000bps candidates=0 fee_age=1033ms
MICRO HEARTBEAT state=watching symbols=3 signal_source=live books=3 
demo_books=3 Bquotes=72112 Mdepth=5016 Ddepth=8214 above_floor=1 
max_residual=1.076bps candidates=0 fee_age=3045ms
MICRO HEARTBEAT state=watching symbols=3 signal_source=live books=3 
demo_books=3 Bquotes=72380 Mdepth=5032 Ddepth=8230 above_floor=0 
max_residual=0.000bps candidates=0 fee_age=0ms
MICRO HEARTBEAT state=watching symbols=3 signal_source=live books=3 
demo_books=3 Bquotes=72431 Mdepth=5048 Ddepth=8254 above_floor=0 
max_residual=0.000bps candidates=0 fee_age=2004ms
MICRO HEARTBEAT state=watching symbols=3 signal_source=live books=3 
demo_books=3 Bquotes=72531 Mdepth=5062 Ddepth=8268 above_floor=0 
max_residual=0.000bps candidates=0 fee_age=4042ms
MICRO HEARTBEAT state=watching symbols=3 signal_source=live books=3 
demo_books=3 Bquotes=72803 Mdepth=5070 Ddepth=8290 above_floor=1 
max_residual=1.075bps candidates=0 fee_age=575ms
MICRO SIGNAL LINK_USDT LONG residual=+8.596bps threshold=1.275 spread=1.075 
net=+7.321 B100=+8.596 M100=+0.000 Bage=3ms Mage=397ms DemoCross=5.0bps
DEMO ENTRY LINK_USDT LONG qty=1074.3 LIVEEntry=9.303 residual=+8.596 
notional=9994.21USDT leverage=200x requested_margin=50.0000USDT 
strategy_equity=18.3136USDT sizing=TARGET_NOTIONAL spread=1.075 
DemoFeeReported=1.99884 signal_to_visible=1200.0ms IOCconfirm=606.4ms 
reconcile=297.5ms
MICRO POSITION LINK_USDT mark=+9.674bps MFE=+9.674 MAE=+0.000 
DemoNetMark=-5.071770USDT DemoNet=-5.075bps DemoMFE=+0.000 DemoMAE=-5.075 
TRAIL=+8.599bps residual=-6.447bps B100=+0.000
MICRO EXIT LINK_USDT reason=microspread_reversed LIVEpnl=+9.668700USDT 
move=+9.674bps MFE=+9.674 MAE=+0.000 hold=1216ms DemoExit=9.302 
DemoGross=-1.074300 DemoNet=-5.071700 DemoFee=1.99856
MICRO HEARTBEAT state=watching symbols=3 signal_source=live books=3 
demo_books=3 Bquotes=73614 Mdepth=5095 Ddepth=8335 above_floor=1 
max_residual=0.537bps candidates=0 fee_age=117ms
MICRO SIGNAL LINK_USDT SHORT residual=-2.148bps threshold=1.274 spread=1.074 
net=+0.874 B100=-1.074 M100=+0.000 Bage=6ms Mage=533ms DemoCross=5.0bps
DEMO ENTRY LINK_USDT SHORT qty=1074.8 LIVEEntry=9.309 residual=-2.148 
notional=10005.3USDT leverage=200x requested_margin=50.0000USDT 
strategy_equity=13.2419USDT sizing=TARGET_NOTIONAL spread=1.074 
DemoFeeReported=2.00106 signal_to_visible=1203.2ms IOCconfirm=598.6ms 
reconcile=295.5ms
MICRO EXIT LINK_USDT reason=microspread_converged LIVEpnl=-0.000000USDT 
move=-0.000bps MFE=+0.000 MAE=+0.000 hold=1229ms DemoExit=9.31 
DemoGross=-1.074800 DemoNet=-5.077100 DemoFee=2.00124
MICRO HEARTBEAT state=watching symbols=3 signal_source=live books=3 
demo_books=3 Bquotes=73825 Mdepth=5105 Ddepth=8373 above_floor=1 
max_residual=0.537bps candidates=0 fee_age=3222ms
MICRO HEARTBEAT state=watching symbols=3 signal_source=live books=3 
demo_books=3 Bquotes=74192 Mdepth=5114 Ddepth=8388 above_floor=0 
max_residual=0.000bps candidates=0 fee_age=153ms
MICRO SIGNAL LINK_USDT LONG residual=+1.612bps threshold=1.275 spread=1.075 
net=+0.337 B100=+0.538 M100=+0.000 Bage=4ms Mage=69ms DemoCross=5.0bps
DEMO ENTRY LINK_USDT LONG qty=1074.4 LIVEEntry=9.302 residual=+1.612 
notional=9994.07USDT leverage=200x requested_margin=50.0000USDT 
strategy_equity=8.1648USDT sizing=TARGET_NOTIONAL spread=1.075 
DemoFeeReported=1.99881 signal_to_visible=1254.6ms IOCconfirm=680.2ms 
reconcile=280.2ms
MICRO POSITION LINK_USDT mark=+6.450bps MFE=+6.450 MAE=+0.000 
DemoNetMark=-5.071813USDT DemoNet=-5.075bps DemoMFE=+0.000 DemoMAE=-5.075 
TRAIL=+5.375bps residual=+1.074bps B100=+0.000
MICRO EXIT LINK_USDT reason=microspread_converged LIVEpnl=+6.446400USDT 
move=+6.450bps MFE=+6.450 MAE=+0.000 hold=1400ms DemoExit=9.301 
DemoGross=-1.074400 DemoNet=-5.071800 DemoFee=1.99859
MICRO HEARTBEAT state=watching symbols=3 signal_source=live books=3 
demo_books=3 Bquotes=74966 Mdepth=5134 Ddepth=8440 above_floor=0 
max_residual=0.000bps candidates=0 fee_age=0ms
MICRO HEARTBEAT state=watching symbols=3 signal_source=live books=3 
demo_books=3 Bquotes=75080 Mdepth=5136 Ddepth=8468 above_floor=0 
max_residual=0.000bps candidates=0 fee_age=2039ms
MICRO SIGNAL LINK_USDT SHORT residual=-2.149bps threshold=1.275 spread=1.075 
net=+0.875 B100=-2.149 M100=+0.000 Bage=9ms Mage=1085ms DemoCross=5.0bps
DEMO ENTRY LINK_USDT SHORT qty=1075.2 LIVEEntry=9.305 residual=-2.149 
notional=10004.7USDT leverage=200x requested_margin=50.0000USDT 
strategy_equity=3.0930USDT sizing=TARGET_NOTIONAL spread=1.075 
DemoFeeReported=2.00095 signal_to_visible=1312.2ms IOCconfirm=650.2ms 
reconcile=296.4ms
MICRO POSITION LINK_USDT mark=+2.149bps MFE=+2.149 MAE=+0.000 
DemoNetMark=-5.077309USDT DemoNet=-5.075bps DemoMFE=+0.000 DemoMAE=-5.075 
TRAIL=OFF residual=+0.000bps B100=+0.000
MICRO EXIT LINK_USDT reason=microspread_converged LIVEpnl=+2.150400USDT 
move=+2.149bps MFE=+2.149 MAE=+0.000 hold=1337ms DemoExit=9.306 
DemoGross=-1.075200 DemoNet=-5.077300 DemoFee=2.00115
MICRO HEARTBEAT state=watching symbols=3 signal_source=live books=3 
demo_books=3 Bquotes=75500 Mdepth=5153 Ddepth=8506 above_floor=0 
max_residual=0.000bps candidates=0 fee_age=1321ms
MICRO HEARTBEAT state=watching symbols=3 signal_source=live books=3 
demo_books=3 Bquotes=75577 Mdepth=5163 Ddepth=8529 above_floor=0 
max_residual=0.000bps candidates=0 fee_age=3331ms
MICRO SIGNAL LINK_USDT LONG residual=+3.224bps threshold=1.275 spread=1.075 
net=+1.949 B100=+3.224 M100=+0.000 Bage=5ms Mage=73ms DemoCross=5.0bps
DEMO ENTRY LINK_USDT LONG qty=1074.3 LIVEEntry=9.303 residual=+3.224 
notional=9994.21USDT leverage=200x requested_margin=50.0000USDT 
strategy_equity=0.0100USDT sizing=TARGET_NOTIONAL spread=1.075 
DemoFeeReported=1.99884 signal_to_visible=1220.4ms IOCconfirm=572.9ms 
reconcile=316.1ms
MICRO EXIT LINK_USDT reason=microspread_converged LIVEpnl=+2.148600USDT 
move=+2.150bps MFE=+2.150 MAE=+0.000 hold=1240ms DemoExit=9.302 
DemoGross=-1.074300 DemoNet=-5.071700 DemoFee=1.99856
MICRO HEARTBEAT state=watching symbols=3 signal_source=live books=3 
demo_books=3 Bquotes=75831 Mdepth=5180 Ddepth=8569 above_floor=0 
max_residual=0.000bps candidates=0 fee_age=1133ms
MICRO HEARTBEAT state=watching symbols=3 signal_source=live books=3 
demo_books=3 Bquotes=75883 Mdepth=5194 Ddepth=8586 above_floor=0 
max_residual=0.000bps candidates=0 fee_age=3133ms
MICRO HEARTBEAT state=watching symbols=3 signal_source=live books=3 
demo_books=3 Bquotes=75950 Mdepth=5200 Ddepth=8603 above_floor=0 
max_residual=0.000bps candidates=0 fee_age=600ms
MICRO HEARTBEAT state=watching symbols=3 signal_source=live books=3 
demo_books=3 Bquotes=76107 Mdepth=5208 Ddepth=8626 above_floor=0 
max_residual=0.000bps candidates=0 fee_age=2625ms
MICRO HEARTBEAT state=watching symbols=3 signal_source=live books=3 
demo_books=3 Bquotes=76169 Mdepth=5212 Ddepth=8647 above_floor=0 
max_residual=0.000bps candidates=0 fee_age=1ms
MICRO HEARTBEAT state=watching symbols=3 signal_source=live books=3 
demo_books=3 Bquotes=76251 Mdepth=5217 Ddepth=8669 above_floor=0 
max_residual=0.000bps candidates=0 fee_age=2029ms
MICRO HEARTBEAT state=watching symbols=3 signal_source=live books=3 
demo_books=3 Bquotes=76405 Mdepth=5228 Ddepth=8690 above_floor=1 
max_residual=2.149bps candidates=0 fee_age=4031ms
MICRO HEARTBEAT state=watching symbols=3 signal_source=live books=3 
demo_books=3 Bquotes=76526 Mdepth=5232 Ddepth=8707 above_floor=0 
max_residual=0.000bps candidates=0 fee_age=1042ms
MICRO HEARTBEAT state=watching symbols=3 signal_source=live books=3 
demo_books=3 Bquotes=76685 Mdepth=5240 Ddepth=8732 above_floor=0 
max_residual=0.000bps candidates=0 fee_age=3043ms
MICRO HEARTBEAT state=watching symbols=3 signal_source=live books=3 
demo_books=3 Bquotes=76806 Mdepth=5250 Ddepth=8749 above_floor=0 
max_residual=0.000bps candidates=0 fee_age=4ms
MICRO HEARTBEAT state=watching symbols=3 signal_source=live books=3 
demo_books=3 Bquotes=76896 Mdepth=5254 Ddepth=8767 above_floor=0 
max_residual=0.000bps candidates=0 fee_age=2015ms
MICRO HEARTBEAT state=watching symbols=3 signal_source=live books=3 
demo_books=3 Bquotes=76966 Mdepth=5259 Ddepth=8786 above_floor=0 
max_residual=0.000bps candidates=0 fee_age=4058ms
MICRO HEARTBEAT state=watching symbols=3 signal_source=live books=3 
demo_books=3 Bquotes=77046 Mdepth=5266 Ddepth=8802 above_floor=0 
max_residual=0.000bps candidates=0 fee_age=1083ms
MICRO HEARTBEAT state=watching symbols=3 signal_source=live books=3 
demo_books=3 Bquotes=77260 Mdepth=5275 Ddepth=8827 above_floor=1 
max_residual=0.537bps candidates=0 fee_age=3096ms
MICRO HEARTBEAT state=watching symbols=3 signal_source=live books=3 
demo_books=3 Bquotes=77473 Mdepth=5285 Ddepth=8847 above_floor=0 
max_residual=0.000bps candidates=0 fee_age=90ms
MICRO HEARTBEAT state=watching symbols=3 signal_source=live books=3 
demo_books=3 Bquotes=77576 Mdepth=5291 Ddepth=8861 above_floor=0 
max_residual=0.000bps candidates=0 fee_age=2106ms
MICRO HEARTBEAT state=watching symbols=3 signal_source=live books=3 
demo_books=3 Bquotes=77778 Mdepth=5305 Ddepth=8887 above_floor=1 
max_residual=0.537bps candidates=0 fee_age=4126ms
MICRO HEARTBEAT state=watching symbols=3 signal_source=live books=3 
demo_books=3 Bquotes=77960 Mdepth=5314 Ddepth=8904 above_floor=0 
max_residual=0.000bps candidates=0 fee_age=1169ms
MICRO HEARTBEAT state=watching symbols=3 signal_source=live books=3 
demo_books=3 Bquotes=78035 Mdepth=5323 Ddepth=8923 above_floor=1 
max_residual=1.075bps candidates=0 fee_age=3193ms
MICRO HEARTBEAT state=watching symbols=3 signal_source=live books=3 
demo_books=3 Bquotes=78228 Mdepth=5331 Ddepth=8947 above_floor=0 
max_residual=0.000bps candidates=0 fee_age=0ms
MICRO HEARTBEAT state=watching symbols=3 signal_source=live books=3 
demo_books=3 Bquotes=78303 Mdepth=5335 Ddepth=8961 above_floor=1 
max_residual=2.149bps candidates=0 fee_age=2029ms
MICRO HEARTBEAT state=watching symbols=3 signal_source=live books=3 
demo_books=3 Bquotes=78420 Mdepth=5346 Ddepth=8981 above_floor=1 
max_residual=2.149bps candidates=0 fee_age=2ms
MICRO HEARTBEAT state=watching symbols=3 signal_source=live books=3 
demo_books=3 Bquotes=78502 Mdepth=5349 Ddepth=8991 above_floor=1 
max_residual=2.149bps candidates=0 fee_age=2017ms
MICRO HEARTBEAT state=watching symbols=3 signal_source=live books=3 
demo_books=3 Bquotes=78592 Mdepth=5359 Ddepth=8997 above_floor=0 
max_residual=0.000bps candidates=0 fee_age=4025ms
MICRO HEARTBEAT state=watching symbols=3 signal_source=live books=3 
demo_books=3 Bquotes=78670 Mdepth=5363 Ddepth=8997 above_floor=0 
max_residual=0.000bps candidates=0 fee_age=947ms
MICRO HEARTBEAT state=watching symbols=3 signal_source=live books=3 
demo_books=3 Bquotes=78803 Mdepth=5368 Ddepth=9004 above_floor=0 
max_residual=0.000bps candidates=0 fee_age=2974ms
MICRO HEARTBEAT state=watching symbols=3 signal_source=live books=3 
demo_books=3 Bquotes=78977 Mdepth=5380 Ddepth=9024 above_floor=0 
max_residual=0.000bps candidates=0 fee_age=0ms
MICRO HEARTBEAT state=watching symbols=3 signal_source=live books=3 
demo_books=3 Bquotes=79105 Mdepth=5384 Ddepth=9024 above_floor=0 
max_residual=0.000bps candidates=0 fee_age=2008ms
MICRO HEARTBEAT state=watching symbols=3 signal_source=live books=3 
demo_books=3 Bquotes=79295 Mdepth=5398 Ddepth=9044 above_floor=1 
max_residual=1.074bps candidates=0 fee_age=0ms
MICRO HEARTBEAT state=watching symbols=3 signal_source=live books=3 
demo_books=3 Bquotes=79412 Mdepth=5404 Ddepth=9047 above_floor=0 
max_residual=0.000bps candidates=0 fee_age=2038ms
MICRO HEARTBEAT state=watching symbols=3 signal_source=live books=3 
demo_books=3 Bquotes=79844 Mdepth=5415 Ddepth=9047 above_floor=0 
max_residual=0.000bps candidates=0 fee_age=0ms
MICRO HEARTBEAT state=watching symbols=3 signal_source=live books=3 
demo_books=3 Bquotes=79955 Mdepth=5425 Ddepth=9072 above_floor=1 
max_residual=1.611bps candidates=0 fee_age=2041ms
MICRO SIGNAL LINK_USDT SHORT residual=-7.514bps threshold=1.273 spread=1.073 
net=+6.241 B100=-1.073 M100=+2.683 Bage=3ms Mage=58ms DemoCross=5.0bps
MICRO HEARTBEAT state=watching symbols=3 signal_source=live books=3 
demo_books=3 Bquotes=81114 Mdepth=5476 Ddepth=9110 above_floor=0 
max_residual=0.000bps candidates=0 fee_age=0ms
MICRO HEARTBEAT state=watching symbols=3 signal_source=live books=3 
demo_books=3 Bquotes=81150 Mdepth=5476 Ddepth=9123 above_floor=0 
max_residual=0.000bps candidates=0 fee_age=1319ms
MICRO HEARTBEAT state=watching symbols=3 signal_source=live books=3 
demo_books=3 Bquotes=81236 Mdepth=5481 Ddepth=9123 above_floor=0 
max_residual=0.000bps candidates=0 fee_age=3339ms
MICRO HEARTBEAT state=watching symbols=3 signal_source=live books=3 
demo_books=3 Bquotes=81363 Mdepth=5492 Ddepth=9123 above_floor=0 
max_residual=0.000bps candidates=0 fee_age=350ms
MICRO HEARTBEAT state=watching symbols=3 signal_source=live books=3 
demo_books=3 Bquotes=81417 Mdepth=5494 Ddepth=9137 above_floor=1 
max_residual=1.074bps candidates=0 fee_age=2357ms
MICRO HEARTBEAT state=watching symbols=3 signal_source=live books=3 
demo_books=3 Bquotes=81856 Mdepth=5511 Ddepth=9137 above_floor=0 
max_residual=0.000bps candidates=0 fee_age=0ms
MICRO HEARTBEAT state=watching symbols=3 signal_source=live books=3 
demo_books=3 Bquotes=82018 Mdepth=5514 Ddepth=9137 above_floor=1 
max_residual=2.147bps candidates=0 fee_age=1362ms
MICRO HEARTBEAT state=watching symbols=3 signal_source=live books=3 
demo_books=3 Bquotes=82253 Mdepth=5519 Ddepth=9157 above_floor=1 
max_residual=0.537bps candidates=0 fee_age=3390ms
MICRO HEARTBEAT state=watching symbols=3 signal_source=live books=3 
demo_books=3 Bquotes=82329 Mdepth=5527 Ddepth=9171 above_floor=0 
max_residual=0.000bps candidates=0 fee_age=386ms
MICRO HEARTBEAT state=watching symbols=3 signal_source=live books=3 
demo_books=3 Bquotes=82426 Mdepth=5535 Ddepth=9171 above_floor=0 
max_residual=0.000bps candidates=0 fee_age=2389ms
MICRO HEARTBEAT state=watching symbols=3 signal_source=live books=3 
demo_books=3 Bquotes=82569 Mdepth=5548 Ddepth=9187 above_floor=1 
max_residual=1.073bps candidates=0 fee_age=0ms
MICRO HEARTBEAT state=watching symbols=3 signal_source=live books=3 
demo_books=3 Bquotes=82726 Mdepth=5566 Ddepth=9187 above_floor=1 
max_residual=1.073bps candidates=0 fee_age=2000ms
MICRO HEARTBEAT state=watching symbols=3 signal_source=live books=3 
demo_books=3 Bquotes=82941 Mdepth=5579 Ddepth=9187 above_floor=1 
max_residual=1.073bps candidates=0 fee_age=4006ms
MICRO HEARTBEAT state=watching symbols=3 signal_source=live books=3 
demo_books=3 Bquotes=83384 Mdepth=5597 Ddepth=9193 above_floor=2 
max_residual=4.292bps candidates=0 fee_age=983ms
MICRO HEARTBEAT state=watching symbols=3 signal_source=live books=3 
demo_books=3 Bquotes=83547 Mdepth=5612 Ddepth=9214 above_floor=1 
max_residual=0.537bps candidates=0 fee_age=3005ms
MICRO HEARTBEAT state=watching symbols=3 signal_source=live books=3 
demo_books=3 Bquotes=83618 Mdepth=5630 Ddepth=9214 above_floor=1 
max_residual=0.998bps candidates=0 fee_age=0ms
MICRO HEARTBEAT state=watching symbols=3 signal_source=live books=3 
demo_books=3 Bquotes=83703 Mdepth=5645 Ddepth=9214 above_floor=1 
max_residual=0.998bps candidates=0 fee_age=2009ms
MICRO HEARTBEAT state=watching symbols=3 signal_source=live books=3 
demo_books=3 Bquotes=83807 Mdepth=5662 Ddepth=9228 above_floor=0 
max_residual=0.000bps candidates=0 fee_age=4015ms
MICRO HEARTBEAT state=watching symbols=3 signal_source=live books=3 
demo_books=3 Bquotes=83991 Mdepth=5682 Ddepth=9228 above_floor=0 
max_residual=0.000bps candidates=0 fee_age=932ms
MICRO HEARTBEAT state=watching symbols=3 signal_source=live books=3 
demo_books=3 Bquotes=84123 Mdepth=5696 Ddepth=9228 above_floor=0 
max_residual=0.000bps candidates=0 fee_age=2953ms
MICRO HEARTBEAT state=watching symbols=3 signal_source=live books=3 
demo_books=3 Bquotes=84262 Mdepth=5709 Ddepth=9252 above_floor=0 
max_residual=0.000bps candidates=0 fee_age=52ms
MICRO HEARTBEAT state=watching symbols=3 signal_source=live books=3 
demo_books=3 Bquotes=84448 Mdepth=5717 Ddepth=9259 above_floor=0 
max_residual=0.000bps candidates=0 fee_age=2053ms
MICRO HEARTBEAT state=watching symbols=3 signal_source=live books=3 
demo_books=3 Bquotes=84544 Mdepth=5722 Ddepth=9259 above_floor=0 
max_residual=0.000bps candidates=0 fee_age=4064ms
MICRO HEARTBEAT state=watching symbols=3 signal_source=live books=3 
demo_books=3 Bquotes=84750 Mdepth=5733 Ddepth=9271 above_floor=0 
max_residual=0.000bps candidates=0 fee_age=965ms
MICRO HEARTBEAT state=watching symbols=3 signal_source=live books=3 
demo_books=3 Bquotes=85076 Mdepth=5742 Ddepth=9285 above_floor=1 
max_residual=1.073bps candidates=0 fee_age=2966ms
MICRO HEARTBEAT state=watching symbols=3 signal_source=live books=3 
demo_books=3 Bquotes=85289 Mdepth=5750 Ddepth=9285 above_floor=1 
max_residual=2.685bps candidates=0 fee_age=23ms
MICRO HEARTBEAT state=watching symbols=3 signal_source=live books=3 
demo_books=3 Bquotes=85389 Mdepth=5757 Ddepth=9289 above_floor=1 
max_residual=1.074bps candidates=0 fee_age=2023ms
MICRO HEARTBEAT state=watching symbols=3 signal_source=live books=3 
demo_books=3 Bquotes=85497 Mdepth=5764 Ddepth=9319 above_floor=0 
max_residual=0.000bps candidates=0 fee_age=4056ms
MICRO HEARTBEAT state=watching symbols=3 signal_source=live books=3 
demo_books=3 Bquotes=85569 Mdepth=5771 Ddepth=9338 above_floor=0 
max_residual=0.000bps candidates=0 fee_age=989ms
MICRO HEARTBEAT state=watching symbols=3 signal_source=live books=3 
demo_books=3 Bquotes=85640 Mdepth=5773 Ddepth=9339 above_floor=0 
max_residual=0.000bps candidates=0 fee_age=3047ms
MICRO HEARTBEAT state=watching symbols=3 signal_source=live books=3 
demo_books=3 Bquotes=85703 Mdepth=5780 Ddepth=9355 above_floor=0 
max_residual=0.000bps candidates=0 fee_age=109ms
MICRO HEARTBEAT state=watching symbols=3 signal_source=live books=3 
demo_books=3 Bquotes=85778 Mdepth=5786 Ddepth=9372 above_floor=0 
max_residual=0.000bps candidates=0 fee_age=2157ms
MICRO HEARTBEAT state=watching symbols=3 signal_source=live books=3 
demo_books=3 Bquotes=85945 Mdepth=5791 Ddepth=9385 above_floor=0 
max_residual=0.000bps candidates=0 fee_age=4168ms
MICRO HEARTBEAT state=watching symbols=3 signal_source=live books=3 
demo_books=3 Bquotes=85988 Mdepth=5802 Ddepth=9394 above_floor=0 
max_residual=0.000bps candidates=0 fee_age=1127ms
MICRO HEARTBEAT state=watching symbols=3 signal_source=live books=3 
demo_books=3 Bquotes=86047 Mdepth=5808 Ddepth=9412 above_floor=0 
max_residual=0.000bps candidates=0 fee_age=3149ms
MICRO HEARTBEAT state=watching symbols=3 signal_source=live books=3 
demo_books=3 Bquotes=86220 Mdepth=5824 Ddepth=9435 above_floor=0 
max_residual=0.000bps candidates=0 fee_age=0ms
MICRO HEARTBEAT state=watching symbols=3 signal_source=live books=3 
demo_books=3 Bquotes=86379 Mdepth=5837 Ddepth=9452 above_floor=0 
max_residual=0.000bps candidates=0 fee_age=2016ms
MICRO HEARTBEAT state=watching symbols=3 signal_source=live books=3 
demo_books=3 Bquotes=86553 Mdepth=5857 Ddepth=9477 above_floor=1 
max_residual=1.074bps candidates=0 fee_age=0ms
MICRO HEARTBEAT state=watching symbols=3 signal_source=live books=3 
demo_books=3 Bquotes=86693 Mdepth=5876 Ddepth=9495 above_floor=0 
max_residual=0.000bps candidates=0 fee_age=2019ms
MICRO HEARTBEAT state=watching symbols=3 signal_source=live books=3 
demo_books=3 Bquotes=86867 Mdepth=5890 Ddepth=9508 above_floor=0 
max_residual=0.000bps candidates=0 fee_age=4046ms
MICRO HEARTBEAT state=watching symbols=3 signal_source=live books=3 
demo_books=3 Bquotes=87027 Mdepth=5902 Ddepth=9533 above_floor=0 
max_residual=0.000bps candidates=0 fee_age=1132ms
MICRO HEARTBEAT state=watching symbols=3 signal_source=live books=3 
demo_books=3 Bquotes=87336 Mdepth=5910 Ddepth=9547 above_floor=1 
max_residual=1.074bps candidates=0 fee_age=3158ms
MICRO HEARTBEAT state=watching symbols=3 signal_source=live books=3 
demo_books=3 Bquotes=87530 Mdepth=5920 Ddepth=9572 above_floor=0 
max_residual=0.000bps candidates=0 fee_age=0ms
MICRO HEARTBEAT state=watching symbols=3 signal_source=live books=3 
demo_books=3 Bquotes=87874 Mdepth=5924 Ddepth=9589 above_floor=0 
max_residual=0.000bps candidates=0 fee_age=2014ms
MICRO HEARTBEAT state=watching symbols=3 signal_source=live books=3 
demo_books=3 Bquotes=88083 Mdepth=5936 Ddepth=9606 above_floor=0 
max_residual=0.000bps candidates=0 fee_age=0ms
MICRO HEARTBEAT state=watching symbols=3 signal_source=live books=3 
demo_books=3 Bquotes=88206 Mdepth=5943 Ddepth=9630 above_floor=0 
max_residual=0.000bps candidates=0 fee_age=2008ms
MICRO HEARTBEAT state=watching symbols=3 signal_source=live books=3 
demo_books=3 Bquotes=88305 Mdepth=5950 Ddepth=9644 above_floor=0 
max_residual=0.000bps candidates=0 fee_age=4022ms
MICRO HEARTBEAT state=watching symbols=3 signal_source=live books=3 
demo_books=3 Bquotes=88582 Mdepth=5957 Ddepth=9660 above_floor=0 
max_residual=0.000bps candidates=0 fee_age=543ms
MICRO HEARTBEAT state=watching symbols=3 signal_source=live books=3 
demo_books=3 Bquotes=88669 Mdepth=5963 Ddepth=9683 above_floor=0 
max_residual=0.000bps candidates=0 fee_age=2562ms
MICRO HEARTBEAT state=watching symbols=3 signal_source=live books=3 
demo_books=3 Bquotes=88898 Mdepth=5975 Ddepth=9700 above_floor=0 
max_residual=0.000bps candidates=0 fee_age=0ms
MICRO HEARTBEAT state=watching symbols=3 signal_source=live books=3 
demo_books=3 Bquotes=89024 Mdepth=5985 Ddepth=9721 above_floor=0 
max_residual=0.000bps candidates=0 fee_age=2002ms
MICRO HEARTBEAT state=watching symbols=3 signal_source=live books=3 
demo_books=3 Bquotes=89176 Mdepth=5992 Ddepth=9745 above_floor=0 
max_residual=0.000bps candidates=0 fee_age=0ms
MICRO HEARTBEAT state=watching symbols=3 signal_source=live books=3 
demo_books=3 Bquotes=89297 Mdepth=6000 Ddepth=9765 above_floor=0 
max_residual=0.000bps candidates=0 fee_age=2002ms
MICRO HEARTBEAT state=watching symbols=3 signal_source=live books=3 
demo_books=3 Bquotes=89386 Mdepth=6007 Ddepth=9785 above_floor=0 
max_residual=0.000bps candidates=0 fee_age=0ms
MICRO HEARTBEAT state=watching symbols=3 signal_source=live books=3 
demo_books=3 Bquotes=89469 Mdepth=6015 Ddepth=9803 above_floor=0 
max_residual=0.000bps candidates=0 fee_age=2003ms
MICRO HEARTBEAT state=watching symbols=3 signal_source=live books=3 
demo_books=3 Bquotes=89592 Mdepth=6022 Ddepth=9821 above_floor=0 
max_residual=0.000bps candidates=0 fee_age=4031ms
MICRO HEARTBEAT state=watching symbols=3 signal_source=live books=3 
demo_books=3 Bquotes=89726 Mdepth=6028 Ddepth=9834 above_floor=0 
max_residual=0.000bps candidates=0 fee_age=1001ms
MICRO HEARTBEAT state=watching symbols=3 signal_source=live books=3 
demo_books=3 Bquotes=89880 Mdepth=6036 Ddepth=9856 above_floor=0 
max_residual=0.000bps candidates=0 fee_age=3016ms
MICRO HEARTBEAT state=watching symbols=3 signal_source=live books=3 
demo_books=3 Bquotes=89941 Mdepth=6042 Ddepth=9873 above_floor=0 
max_residual=0.000bps candidates=0 fee_age=56ms
MICRO HEARTBEAT state=watching symbols=3 signal_source=live books=3 
demo_books=3 Bquotes=90028 Mdepth=6047 Ddepth=9892 above_floor=0 
max_residual=0.000bps candidates=0 fee_age=2107ms
MICRO HEARTBEAT state=watching symbols=3 signal_source=live books=3 
demo_books=3 Bquotes=90107 Mdepth=6052 Ddepth=9913 above_floor=0 
max_residual=0.000bps candidates=0 fee_age=4135ms
MICRO HEARTBEAT state=watching symbols=3 signal_source=live books=3 
demo_books=3 Bquotes=90263 Mdepth=6061 Ddepth=9926 above_floor=0 
max_residual=0.000bps candidates=0 fee_age=696ms
MICRO HEARTBEAT state=watching symbols=3 signal_source=live books=3 
demo_books=3 Bquotes=90369 Mdepth=6068 Ddepth=9949 above_floor=0 
max_residual=0.000bps candidates=0 fee_age=2704ms
MICRO HEARTBEAT state=watching symbols=3 signal_source=live books=3 
demo_books=3 Bquotes=90539 Mdepth=6073 Ddepth=9969 above_floor=0 
max_residual=0.000bps candidates=0 fee_age=0ms
MICRO HEARTBEAT state=watching symbols=3 signal_source=live books=3 
demo_books=3 Bquotes=90647 Mdepth=6083 Ddepth=9987 above_floor=0 
max_residual=0.000bps candidates=0 fee_age=2001ms
MICRO HEARTBEAT state=watching symbols=3 signal_source=live books=3 
demo_books=3 Bquotes=90783 Mdepth=6089 Ddepth=10009 above_floor=1 
max_residual=1.074bps candidates=0 fee_age=0ms
MICRO HEARTBEAT state=watching symbols=3 signal_source=live books=3 
demo_books=3 Bquotes=90876 Mdepth=6106 Ddepth=10025 above_floor=0 
max_residual=0.000bps candidates=0 fee_age=2030ms
MICRO HEARTBEAT state=watching symbols=3 signal_source=live books=3 
demo_books=3 Bquotes=90971 Mdepth=6120 Ddepth=10045 above_floor=0 
max_residual=0.000bps candidates=0 fee_age=4036ms
MICRO SIGNAL LINK_USDT LONG residual=+2.148bps threshold=1.274 spread=1.074 
net=+0.874 B100=+2.148 M100=+0.000 Bage=1ms Mage=821ms DemoCross=5.0bps
DEMO ENTRY LINK_USDT LONG qty=1073.4 LIVEEntry=9.311 residual=+2.148 
notional=9994.43USDT leverage=200x requested_margin=50.0000USDT 
strategy_equity=0.0100USDT sizing=TARGET_NOTIONAL spread=1.074 
DemoFeeReported=1.99889 signal_to_visible=1262.4ms IOCconfirm=617.0ms 
reconcile=320.9ms
MICRO POSITION LINK_USDT mark=-1.074bps MFE=+0.000 MAE=-1.074 
DemoNetMark=-5.070956USDT DemoNet=-5.074bps DemoMFE=+0.000 DemoMAE=-5.074 
TRAIL=OFF residual=+0.000bps B100=+0.000
MICRO EXIT LINK_USDT reason=microspread_converged LIVEpnl=-1.073400USDT 
move=-1.074bps MFE=+0.000 MAE=-1.074 hold=1286ms DemoExit=9.31 
DemoGross=-1.073400 DemoNet=-5.070900 DemoFee=1.99861
MICRO HEARTBEAT state=watching symbols=3 signal_source=live books=3 
demo_books=3 Bquotes=91419 Mdepth=6148 Ddepth=10098 above_floor=0 
max_residual=0.000bps candidates=0 fee_age=4179ms
MICRO HEARTBEAT state=watching symbols=3 signal_source=live books=3 
demo_books=3 Bquotes=91493 Mdepth=6154 Ddepth=10116 above_floor=0 
max_residual=0.000bps candidates=0 fee_age=1155ms
MICRO HEARTBEAT state=watching symbols=3 signal_source=live books=3 
demo_books=3 Bquotes=91574 Mdepth=6162 Ddepth=10128 above_floor=0 
max_residual=0.000bps candidates=0 fee_age=3164ms
MICRO SIGNAL LINK_USDT SHORT residual=-1.611bps threshold=1.274 spread=1.074 
net=+0.337 B100=-0.537 M100=+0.000 Bage=2ms Mage=496ms DemoCross=5.0bps
DEMO ENTRY LINK_USDT SHORT qty=1074.5 LIVEEntry=9.312 residual=-1.611 
notional=10005.7USDT leverage=200x requested_margin=50.0000USDT 
strategy_equity=0.0100USDT sizing=TARGET_NOTIONAL spread=1.074 
DemoFeeReported=2.00093 signal_to_visible=1204.5ms IOCconfirm=617.7ms 
reconcile=289.9ms
MICRO POSITION LINK_USDT mark=-0.000bps MFE=+0.000 MAE=+0.000 
DemoNetMark=-5.076583USDT DemoNet=-5.074bps DemoMFE=+0.000 DemoMAE=-5.074 
TRAIL=OFF residual=+2.684bps B100=+2.147
MICRO EXIT LINK_USDT reason=microspread_reversed LIVEpnl=-0.000000USDT 
move=-0.000bps MFE=+0.000 MAE=+0.000 hold=1232ms DemoExit=9.312 
DemoGross=-1.074500 DemoNet=-5.076500 DemoFee=2.00107
MICRO HEARTBEAT state=watching symbols=3 signal_source=live books=3 
demo_books=3 Bquotes=92143 Mdepth=6182 Ddepth=10178 above_floor=0 
max_residual=0.000bps candidates=0 fee_age=3348ms
MICRO HEARTBEAT state=watching symbols=3 signal_source=live books=3 
demo_books=3 Bquotes=92278 Mdepth=6192 Ddepth=10200 above_floor=1 
max_residual=1.074bps candidates=0 fee_age=382ms
MICRO HEARTBEAT state=watching symbols=3 signal_source=live books=3 
demo_books=3 Bquotes=92378 Mdepth=6200 Ddepth=10216 above_floor=0 
max_residual=0.000bps candidates=0 fee_age=2425ms
MICRO HEARTBEAT state=watching symbols=3 signal_source=live books=3 
demo_books=3 Bquotes=92805 Mdepth=6211 Ddepth=10240 above_floor=1 
max_residual=1.073bps candidates=0 fee_age=0ms
MICRO HEARTBEAT state=watching symbols=3 signal_source=live books=3 
demo_books=3 Bquotes=93062 Mdepth=6221 Ddepth=10262 above_floor=1 
max_residual=0.998bps candidates=0 fee_age=2002ms
MICRO HEARTBEAT state=watching symbols=3 signal_source=live books=3 
demo_books=3 Bquotes=93178 Mdepth=6227 Ddepth=10279 above_floor=1 
max_residual=0.998bps candidates=0 fee_age=4020ms
MICRO HEARTBEAT state=watching symbols=3 signal_source=live books=3 
demo_books=3 Bquotes=93322 Mdepth=6233 Ddepth=10297 above_floor=0 
max_residual=0.000bps candidates=0 fee_age=991ms
MICRO HEARTBEAT state=watching symbols=3 signal_source=live books=3 
demo_books=3 Bquotes=93396 Mdepth=6241 Ddepth=10316 above_floor=0 
max_residual=0.000bps candidates=0 fee_age=3014ms
MICRO HEARTBEAT state=watching symbols=3 signal_source=live books=3 
demo_books=3 Bquotes=93571 Mdepth=6246 Ddepth=10341 above_floor=0 
max_residual=0.000bps candidates=0 fee_age=0ms
MICRO HEARTBEAT state=watching symbols=3 signal_source=live books=3 
demo_books=3 Bquotes=93698 Mdepth=6256 Ddepth=10358 above_floor=0 
max_residual=0.000bps candidates=0 fee_age=2040ms
MICRO HEARTBEAT state=watching symbols=3 signal_source=live books=3 
demo_books=3 Bquotes=93935 Mdepth=6268 Ddepth=10378 above_floor=0 
max_residual=0.000bps candidates=0 fee_age=0ms
MICRO HEARTBEAT state=watching symbols=3 signal_source=live books=3 
demo_books=3 Bquotes=94083 Mdepth=6276 Ddepth=10396 above_floor=1 
max_residual=1.073bps candidates=0 fee_age=2036ms
MICRO HEARTBEAT state=watching symbols=3 signal_source=live books=3 
demo_books=3 Bquotes=94190 Mdepth=6284 Ddepth=10412 above_floor=1 
max_residual=1.073bps candidates=0 fee_age=4075ms
MICRO HEARTBEAT state=watching symbols=3 signal_source=live books=3 
demo_books=3 Bquotes=94310 Mdepth=6290 Ddepth=10432 above_floor=1 
max_residual=0.537bps candidates=0 fee_age=566ms
MICRO HEARTBEAT state=watching symbols=3 signal_source=live books=3 
demo_books=3 Bquotes=94427 Mdepth=6295 Ddepth=10452 above_floor=0 
max_residual=0.000bps candidates=0 fee_age=2576ms
MICRO HEARTBEAT state=watching symbols=3 signal_source=live books=3 
demo_books=3 Bquotes=94513 Mdepth=6301 Ddepth=10467 above_floor=1 
max_residual=0.537bps candidates=0 fee_age=0ms
MICRO HEARTBEAT state=watching symbols=3 signal_source=live books=3 
demo_books=3 Bquotes=94606 Mdepth=6308 Ddepth=10492 above_floor=1 
max_residual=0.537bps candidates=0 fee_age=2010ms
MICRO HEARTBEAT state=watching symbols=3 signal_source=live books=3 
demo_books=3 Bquotes=94692 Mdepth=6324 Ddepth=10511 above_floor=1 
max_residual=0.537bps candidates=0 fee_age=4019ms
MICRO HEARTBEAT state=watching symbols=3 signal_source=live books=3 
demo_books=3 Bquotes=94792 Mdepth=6341 Ddepth=10528 above_floor=0 
max_residual=0.000bps candidates=0 fee_age=1083ms
MICRO HEARTBEAT state=watching symbols=3 signal_source=live books=3 
demo_books=3 Bquotes=94979 Mdepth=6357 Ddepth=10555 above_floor=0 
max_residual=0.000bps candidates=0 fee_age=3104ms
MICRO HEARTBEAT state=watching symbols=3 signal_source=live books=3 
demo_books=3 Bquotes=95117 Mdepth=6373 Ddepth=10571 above_floor=0 
max_residual=0.000bps candidates=0 fee_age=40ms
MICRO HEARTBEAT state=watching symbols=3 signal_source=live books=3 
demo_books=3 Bquotes=95210 Mdepth=6383 Ddepth=10593 above_floor=0 
max_residual=0.000bps candidates=0 fee_age=2055ms
MICRO HEARTBEAT state=watching symbols=3 signal_source=live books=3 
demo_books=3 Bquotes=95320 Mdepth=6389 Ddepth=10613 above_floor=0 
max_residual=0.000bps candidates=0 fee_age=4055ms
MICRO HEARTBEAT state=watching symbols=3 signal_source=live books=3 
demo_books=3 Bquotes=95447 Mdepth=6392 Ddepth=10630 above_floor=0 
max_residual=0.000bps candidates=0 fee_age=1138ms
MICRO HEARTBEAT state=watching symbols=3 signal_source=live books=3 
demo_books=3 Bquotes=95655 Mdepth=6401 Ddepth=10651 above_floor=0 
max_residual=0.000bps candidates=0 fee_age=3142ms
MICRO HEARTBEAT state=watching symbols=3 signal_source=live books=3 
demo_books=3 Bquotes=95769 Mdepth=6406 Ddepth=10668 above_floor=0 
max_residual=0.000bps candidates=0 fee_age=108ms
MICRO HEARTBEAT state=watching symbols=3 signal_source=live books=3 
demo_books=3 Bquotes=95995 Mdepth=6415 Ddepth=10691 above_floor=0 
max_residual=0.000bps candidates=0 fee_age=2111ms
MICRO HEARTBEAT state=watching symbols=3 signal_source=live books=3 
demo_books=3 Bquotes=96201 Mdepth=6426 Ddepth=10710 above_floor=1 
max_residual=1.073bps candidates=0 fee_age=4116ms
MICRO HEARTBEAT state=watching symbols=3 signal_source=live books=3 
demo_books=3 Bquotes=96325 Mdepth=6435 Ddepth=10727 above_floor=0 
max_residual=0.000bps candidates=0 fee_age=762ms
MICRO HEARTBEAT state=watching symbols=3 signal_source=live books=3 
demo_books=3 Bquotes=96473 Mdepth=6442 Ddepth=10750 above_floor=0 
max_residual=0.000bps candidates=0 fee_age=2785ms
MICRO HEARTBEAT state=watching symbols=3 signal_source=live books=3 
demo_books=3 Bquotes=96572 Mdepth=6449 Ddepth=10768 above_floor=1 
max_residual=0.537bps candidates=0 fee_age=0ms
MICRO HEARTBEAT state=watching symbols=3 signal_source=live books=3 
demo_books=3 Bquotes=96690 Mdepth=6459 Ddepth=10785 above_floor=0 
max_residual=0.000bps candidates=0 fee_age=2002ms
MICRO HEARTBEAT state=watching symbols=3 signal_source=live books=3 
demo_books=3 Bquotes=96928 Mdepth=6471 Ddepth=10810 above_floor=1 
max_residual=1.073bps candidates=0 fee_age=1ms
MICRO SIGNAL LINK_USDT LONG residual=+4.292bps threshold=1.273 spread=1.073 
net=+3.019 B100=+4.292 M100=+0.000 Bage=6ms Mage=511ms DemoCross=5.0bps
DEMO ENTRY LINK_USDT LONG qty=1072.6 LIVEEntry=9.318 residual=+4.292 
notional=9994.49USDT leverage=200x requested_margin=50.0000USDT 
strategy_equity=0.0100USDT sizing=TARGET_NOTIONAL spread=1.073 
DemoFeeReported=1.9989 signal_to_visible=1187.2ms IOCconfirm=596.7ms 
reconcile=281.6ms
MICRO EXIT LINK_USDT reason=microspread_reversed LIVEpnl=+7.508200USDT 
move=+7.512bps MFE=+7.512 MAE=+0.000 hold=1204ms DemoExit=9.317 
DemoGross=-1.072600 DemoNet=-5.070100 DemoFee=1.9986
MICRO HEARTBEAT state=watching symbols=3 signal_source=live books=3 
demo_books=3 Bquotes=97883 Mdepth=6486 Ddepth=10843 above_floor=1 
max_residual=7.510bps candidates=0 fee_age=3157ms
MICRO HEARTBEAT state=watching symbols=3 signal_source=live books=3 
demo_books=3 Bquotes=98040 Mdepth=6495 Ddepth=10864 above_floor=1 
max_residual=7.510bps candidates=0 fee_age=30ms
MICRO HEARTBEAT state=watching symbols=3 signal_source=live books=3 
demo_books=3 Bquotes=98170 Mdepth=6509 Ddepth=10883 above_floor=1 
max_residual=7.510bps candidates=0 fee_age=2078ms
MICRO HEARTBEAT state=watching symbols=3 signal_source=live books=3 
demo_books=3 Bquotes=98363 Mdepth=6520 Ddepth=10908 above_floor=0 
max_residual=0.000bps candidates=0 fee_age=4116ms
MICRO HEARTBEAT state=watching symbols=3 signal_source=live books=3 
demo_books=3 Bquotes=98556 Mdepth=6528 Ddepth=10927 above_floor=1 
max_residual=0.536bps candidates=0 fee_age=1248ms
MICRO HEARTBEAT state=watching symbols=3 signal_source=live books=3 
demo_books=3 Bquotes=98767 Mdepth=6538 Ddepth=10947 above_floor=0 
max_residual=0.000bps candidates=0 fee_age=3250ms
MICRO SIGNAL LINK_USDT SHORT residual=-1.608bps threshold=1.272 spread=1.072 
net=+0.336 B100=-1.608 M100=+0.000 Bage=4ms Mage=300ms DemoCross=5.0bps
DEMO ENTRY LINK_USDT SHORT qty=1072.6 LIVEEntry=9.328 residual=-1.608 
notional=10005.2USDT leverage=200x requested_margin=50.0000USDT 
strategy_equity=0.0100USDT sizing=TARGET_NOTIONAL spread=1.072 
DemoFeeReported=2.00104 signal_to_visible=1247.0ms IOCconfirm=604.2ms 
reconcile=313.4ms
MICRO POSITION LINK_USDT mark=-0.000bps MFE=+0.000 MAE=+0.000 
DemoNetMark=-5.074900USDT DemoNet=-5.072bps DemoMFE=+0.000 DemoMAE=-5.072 
TRAIL=OFF residual=+0.000bps B100=+0.000
MICRO EXIT LINK_USDT reason=microspread_converged LIVEpnl=-0.000000USDT 
move=-0.000bps MFE=+0.000 MAE=+0.000 hold=1271ms DemoExit=9.329 
DemoGross=-1.072600 DemoNet=-5.074800 DemoFee=2.00116
MICRO HEARTBEAT state=watching symbols=3 signal_source=live books=3 
demo_books=3 Bquotes=99194 Mdepth=6556 Ddepth=11000 above_floor=0 
max_residual=0.000bps candidates=0 fee_age=3468ms
MICRO SIGNAL LINK_USDT LONG residual=+2.144bps threshold=1.272 spread=1.072 
net=+0.872 B100=+2.144 M100=+0.000 Bage=3ms Mage=823ms DemoCross=5.0bps
MICRO HEARTBEAT state=watching symbols=3 signal_source=live books=3 
demo_books=3 Bquotes=100187 Mdepth=6598 Ddepth=11111 above_floor=0 
max_residual=0.000bps candidates=0 fee_age=0ms
MICRO HEARTBEAT state=watching symbols=3 signal_source=live books=3 
demo_books=3 Bquotes=100229 Mdepth=6600 Ddepth=11121 above_floor=1 
max_residual=0.536bps candidates=0 fee_age=840ms
MICRO HEARTBEAT state=watching symbols=3 signal_source=live books=3 
demo_books=3 Bquotes=100372 Mdepth=6606 Ddepth=11138 above_floor=0 
max_residual=0.000bps candidates=0 fee_age=2840ms
MICRO HEARTBEAT state=watching symbols=3 signal_source=live books=3 
demo_books=3 Bquotes=100550 Mdepth=6614 Ddepth=11156 above_floor=0 
max_residual=0.000bps candidates=0 fee_age=331ms
MICRO HEARTBEAT state=watching symbols=3 signal_source=live books=3 
demo_books=3 Bquotes=100945 Mdepth=6621 Ddepth=11180 above_floor=0 
max_residual=0.000bps candidates=0 fee_age=2368ms
MICRO HEARTBEAT state=watching symbols=3 signal_source=live books=3 
demo_books=3 Bquotes=101060 Mdepth=6637 Ddepth=11204 above_floor=0 
max_residual=0.000bps candidates=0 fee_age=0ms
MICRO HEARTBEAT state=watching symbols=3 signal_source=live books=3 
demo_books=3 Bquotes=101212 Mdepth=6653 Ddepth=11228 above_floor=0 
max_residual=0.000bps candidates=0 fee_age=2003ms
MICRO HEARTBEAT state=watching symbols=3 signal_source=live books=3 
demo_books=3 Bquotes=101432 Mdepth=6663 Ddepth=11247 above_floor=1 
max_residual=2.144bps candidates=0 fee_age=4006ms
MICRO HEARTBEAT state=watching symbols=3 signal_source=live books=3 
demo_books=3 Bquotes=101772 Mdepth=6675 Ddepth=11259 above_floor=0 
max_residual=0.000bps candidates=0 fee_age=1045ms
MICRO HEARTBEAT state=watching symbols=3 signal_source=live books=3 
demo_books=3 Bquotes=101880 Mdepth=6681 Ddepth=11259 above_floor=1 
max_residual=1.072bps candidates=0 fee_age=3050ms
MICRO HEARTBEAT state=watching symbols=3 signal_source=live books=3 
demo_books=3 Bquotes=101957 Mdepth=6685 Ddepth=11263 above_floor=0 
max_residual=0.000bps candidates=0 fee_age=48ms
MICRO HEARTBEAT state=watching symbols=3 signal_source=live books=3 
demo_books=3 Bquotes=102102 Mdepth=6695 Ddepth=11289 above_floor=1 
max_residual=3.216bps candidates=0 fee_age=2065ms
MICRO HEARTBEAT state=watching symbols=3 signal_source=live books=3 
demo_books=3 Bquotes=102282 Mdepth=6703 Ddepth=11298 above_floor=1 
max_residual=0.536bps candidates=0 fee_age=4083ms
MICRO HEARTBEAT state=watching symbols=3 signal_source=live books=3 
demo_books=3 Bquotes=102432 Mdepth=6708 Ddepth=11298 above_floor=1 
max_residual=0.536bps candidates=0 fee_age=1056ms
MICRO HEARTBEAT state=watching symbols=3 signal_source=live books=3 
demo_books=3 Bquotes=102843 Mdepth=6720 Ddepth=11314 above_floor=0 
max_residual=0.000bps candidates=0 fee_age=3066ms
MICRO HEARTBEAT state=watching symbols=3 signal_source=live books=3 
demo_books=3 Bquotes=102987 Mdepth=6728 Ddepth=11314 above_floor=1 
max_residual=1.428bps candidates=0 fee_age=0ms
MICRO HEARTBEAT state=watching symbols=3 signal_source=live books=3 
demo_books=3 Bquotes=103198 Mdepth=6736 Ddepth=11314 above_floor=2 
max_residual=1.607bps candidates=0 fee_age=2026ms
MICRO HEARTBEAT state=watching symbols=3 signal_source=live books=3 
demo_books=3 Bquotes=103285 Mdepth=6746 Ddepth=11334 above_floor=1 
max_residual=0.536bps candidates=0 fee_age=0ms
MICRO HEARTBEAT state=watching symbols=3 signal_source=live books=3 
demo_books=3 Bquotes=103471 Mdepth=6757 Ddepth=11334 above_floor=1 
max_residual=1.607bps candidates=0 fee_age=2038ms
MICRO HEARTBEAT state=watching symbols=3 signal_source=live books=3 
demo_books=3 Bquotes=103570 Mdepth=6764 Ddepth=11334 above_floor=0 
max_residual=0.268bps candidates=0 fee_age=4049ms
MICRO HEARTBEAT state=watching symbols=3 signal_source=live books=3 
demo_books=3 Bquotes=103657 Mdepth=6769 Ddepth=11354 above_floor=0 
max_residual=0.000bps candidates=0 fee_age=1040ms
MICRO HEARTBEAT state=watching symbols=3 signal_source=live books=3 
demo_books=3 Bquotes=103772 Mdepth=6778 Ddepth=11354 above_floor=1 
max_residual=0.536bps candidates=0 fee_age=3048ms
MICRO HEARTBEAT state=watching symbols=3 signal_source=live books=3 
demo_books=3 Bquotes=104009 Mdepth=6787 Ddepth=11354 above_floor=1 
max_residual=1.607bps candidates=0 fee_age=84ms
MICRO HEARTBEAT state=watching symbols=3 signal_source=live books=3 
demo_books=3 Bquotes=104130 Mdepth=6796 Ddepth=11382 above_floor=1 
max_residual=1.071bps candidates=0 fee_age=2096ms
MICRO SIGNAL LINK_USDT SHORT residual=-1.608bps threshold=1.272 spread=1.072 
net=+0.336 B100=-2.679 M100=+0.000 Bage=1ms Mage=78ms DemoCross=5.0bps
MICRO HEARTBEAT state=watching symbols=3 signal_source=live books=3 
demo_books=3 Bquotes=105082 Mdepth=6844 Ddepth=11429 above_floor=0 
max_residual=0.000bps candidates=0 fee_age=0ms
MICRO HEARTBEAT state=watching symbols=3 signal_source=live books=3 
demo_books=3 Bquotes=105235 Mdepth=6846 Ddepth=11432 above_floor=1 
max_residual=1.072bps candidates=0 fee_age=762ms
MICRO SIGNAL LINK_USDT LONG residual=+1.607bps threshold=1.272 spread=1.072 
net=+0.336 B100=+1.607 M100=+0.000 Bage=5ms Mage=291ms DemoCross=5.0bps
DEMO ENTRY LINK_USDT LONG qty=1071.2 LIVEEntry=9.332 residual=+1.607 
notional=9996.44USDT leverage=200x requested_margin=50.0000USDT 
strategy_equity=0.0100USDT sizing=TARGET_NOTIONAL spread=1.072 
DemoFeeReported=0 signal_to_visible=4364.3ms IOCconfirm=1806.5ms 
reconcile=2537.3ms
MICRO POSITION LINK_USDT mark=+4.286bps MFE=+4.286 MAE=+0.000 
DemoNetMark=+4.427055USDT DemoNet=+4.430bps DemoMFE=+4.430 DemoMAE=+0.000 
TRAIL=+0.500bps residual=+0.000bps B100=+0.000
MICRO EXIT LINK_USDT reason=microspread_converged LIVEpnl=+4.284800USDT 
move=+4.286bps MFE=+4.286 MAE=+0.000 hold=4382ms DemoExit=9.336 
DemoGross=+6.427200 DemoNet=+2.428200 DemoFee=3.999
MICRO HEARTBEAT state=watching symbols=3 signal_source=live books=3 
demo_books=3 Bquotes=106473 Mdepth=6898 Ddepth=11478 above_floor=0 
max_residual=0.000bps candidates=0 fee_age=0ms
MICRO HEARTBEAT state=watching symbols=3 signal_source=live books=3 
demo_books=3 Bquotes=106577 Mdepth=6907 Ddepth=11480 above_floor=1 
max_residual=1.071bps candidates=0 fee_age=1338ms
MICRO HEARTBEAT state=watching symbols=3 signal_source=live books=3 
demo_books=3 Bquotes=106744 Mdepth=6923 Ddepth=11480 above_floor=1 
max_residual=0.535bps candidates=0 fee_age=3348ms
MICRO HEARTBEAT state=watching symbols=3 signal_source=live books=3 
demo_books=3 Bquotes=106861 Mdepth=6936 Ddepth=11482 above_floor=0 
max_residual=0.000bps candidates=0 fee_age=355ms
MICRO HEARTBEAT state=watching symbols=3 signal_source=live books=3 
demo_books=3 Bquotes=106972 Mdepth=6947 Ddepth=11500 above_floor=0 
max_residual=0.000bps candidates=0 fee_age=2355ms
MICRO HEARTBEAT state=watching symbols=3 signal_source=live books=3 
demo_books=3 Bquotes=107228 Mdepth=6955 Ddepth=11500 above_floor=0 
max_residual=0.000bps candidates=0 fee_age=0ms
MICRO HEARTBEAT state=watching symbols=3 signal_source=live books=3 
demo_books=3 Bquotes=107322 Mdepth=6961 Ddepth=11503 above_floor=0 
max_residual=0.000bps candidates=0 fee_age=2026ms
MICRO HEARTBEAT state=watching symbols=3 signal_source=live books=3 
demo_books=3 Bquotes=107462 Mdepth=6966 Ddepth=11528 above_floor=0 
max_residual=0.000bps candidates=0 fee_age=4037ms
MICRO HEARTBEAT state=watching symbols=3 signal_source=live books=3 
demo_books=3 Bquotes=107570 Mdepth=6977 Ddepth=11529 above_floor=0 
max_residual=0.000bps candidates=0 fee_age=984ms
MICRO HEARTBEAT state=watching symbols=3 signal_source=live books=3 
demo_books=3 Bquotes=107693 Mdepth=6982 Ddepth=11529 above_floor=0 
max_residual=0.000bps candidates=0 fee_age=3026ms
MICRO HEARTBEAT state=watching symbols=3 signal_source=live books=3 
demo_books=3 Bquotes=107852 Mdepth=6989 Ddepth=11546 above_floor=0 
max_residual=0.000bps candidates=0 fee_age=56ms
MICRO SIGNAL LINK_USDT SHORT residual=-2.142bps threshold=1.271 spread=1.071 
net=+0.871 B100=-2.142 M100=+0.000 Bage=3ms Mage=194ms DemoCross=5.0bps
MICRO HEARTBEAT state=watching symbols=3 signal_source=live books=3 
demo_books=3 Bquotes=109043 Mdepth=7034 Ddepth=11607 above_floor=0 
max_residual=0.000bps candidates=0 fee_age=0ms
MICRO HEARTBEAT state=watching symbols=3 signal_source=live books=3 
demo_books=3 Bquotes=109106 Mdepth=7038 Ddepth=11618 above_floor=0 
max_residual=0.000bps candidates=0 fee_age=796ms
MICRO HEARTBEAT state=watching symbols=3 signal_source=live books=3 
demo_books=3 Bquotes=109217 Mdepth=7041 Ddepth=11637 above_floor=0 
max_residual=0.000bps candidates=0 fee_age=2824ms
MICRO HEARTBEAT state=watching symbols=3 signal_source=live books=3 
demo_books=3 Bquotes=109323 Mdepth=7047 Ddepth=11644 above_floor=0 
max_residual=0.000bps candidates=0 fee_age=399ms
MICRO HEARTBEAT state=watching symbols=3 signal_source=live books=3 
demo_books=3 Bquotes=109475 Mdepth=7055 Ddepth=11659 above_floor=0 
max_residual=0.000bps candidates=0 fee_age=2422ms
MICRO HEARTBEAT state=watching symbols=3 signal_source=live books=3 
demo_books=3 Bquotes=109760 Mdepth=7065 Ddepth=11683 above_floor=0 
max_residual=0.000bps candidates=0 fee_age=0ms
MICRO HEARTBEAT state=watching symbols=3 signal_source=live books=3 
demo_books=3 Bquotes=109829 Mdepth=7069 Ddepth=11696 above_floor=1 
max_residual=0.998bps candidates=0 fee_age=1331ms
MICRO HEARTBEAT state=watching symbols=3 signal_source=live books=3 
demo_books=3 Bquotes=110009 Mdepth=7076 Ddepth=11718 above_floor=0 
max_residual=0.000bps candidates=0 fee_age=3374ms
MICRO HEARTBEAT state=watching symbols=3 signal_source=live books=3 
demo_books=3 Bquotes=110139 Mdepth=7086 Ddepth=11732 above_floor=0 
max_residual=0.000bps candidates=0 fee_age=359ms
MICRO HEARTBEAT state=watching symbols=3 signal_source=live books=3 
demo_books=3 Bquotes=110386 Mdepth=7093 Ddepth=11756 above_floor=0 
max_residual=0.000bps candidates=0 fee_age=2383ms
MICRO HEARTBEAT state=watching symbols=3 signal_source=live books=3 
demo_books=3 Bquotes=110588 Mdepth=7104 Ddepth=11780 above_floor=1 
max_residual=1.071bps candidates=0 fee_age=2ms
MICRO HEARTBEAT state=watching symbols=3 signal_source=live books=3 
demo_books=3 Bquotes=110680 Mdepth=7109 Ddepth=11802 above_floor=1 
max_residual=1.071bps candidates=0 fee_age=2022ms
MICRO HEARTBEAT state=watching symbols=3 signal_source=live books=3 
demo_books=3 Bquotes=110799 Mdepth=7114 Ddepth=11821 above_floor=0 
max_residual=0.000bps candidates=0 fee_age=4036ms
MICRO HEARTBEAT state=watching symbols=3 signal_source=live books=3 
demo_books=3 Bquotes=110881 Mdepth=7121 Ddepth=11837 above_floor=0 
max_residual=0.000bps candidates=0 fee_age=945ms
MICRO HEARTBEAT state=watching symbols=3 signal_source=live books=3 
demo_books=3 Bquotes=111030 Mdepth=7127 Ddepth=11862 above_floor=0 
max_residual=0.000bps candidates=0 fee_age=2946ms
MICRO HEARTBEAT state=watching symbols=3 signal_source=live books=3 
demo_books=3 Bquotes=111208 Mdepth=7134 Ddepth=11878 above_floor=1 
max_residual=1.070bps candidates=0 fee_age=0ms
MICRO SIGNAL DOGE_USDT SHORT residual=-2.856bps threshold=1.628 spread=1.428 
net=+1.228 B100=-2.856 M100=+0.000 Bage=2ms Mage=183ms DemoCross=5.0bps
DEMO ENTRY DOGE_USDT SHORT qty=142800 LIVEEntry=0.07003 residual=-2.856 
notional=10000.3USDT leverage=200x requested_margin=50.0000USDT 
strategy_equity=2.4382USDT sizing=TARGET_NOTIONAL spread=1.428 
DemoFeeReported=2.00006 signal_to_visible=1275.4ms IOCconfirm=617.8ms 
reconcile=286.2ms
MICRO POSITION DOGE_USDT mark=+2.856bps MFE=+2.856 MAE=+0.000 
DemoNetMark=-5.428399USDT DemoNet=-5.428bps DemoMFE=+0.000 DemoMAE=-5.428 
TRAIL=OFF residual=+0.000bps B100=+0.000
MICRO EXIT DOGE_USDT reason=microspread_converged LIVEpnl=+2.856000USDT 
move=+2.856bps MFE=+2.856 MAE=+0.000 hold=1298ms DemoExit=0.07004 
DemoGross=-1.428000 DemoNet=-5.428300 DemoFee=2.00024
MICRO HEARTBEAT state=watching symbols=3 signal_source=live books=3 
demo_books=3 Bquotes=111682 Mdepth=7147 Ddepth=11919 above_floor=0 
max_residual=0.000bps candidates=0 fee_age=4105ms
MICRO HEARTBEAT state=watching symbols=3 signal_source=live books=3 
demo_books=3 Bquotes=111896 Mdepth=7155 Ddepth=11937 above_floor=1 
max_residual=1.428bps candidates=0 fee_age=1191ms
MICRO HEARTBEAT state=watching symbols=3 signal_source=live books=3 
demo_books=3 Bquotes=111987 Mdepth=7163 Ddepth=11959 above_floor=2 
max_residual=1.428bps candidates=0 fee_age=3222ms
MICRO HEARTBEAT state=watching symbols=3 signal_source=live books=3 
demo_books=3 Bquotes=112108 Mdepth=7170 Ddepth=11979 above_floor=1 
max_residual=1.071bps candidates=0 fee_age=275ms
MICRO HEARTBEAT state=watching symbols=3 signal_source=live books=3 
demo_books=3 Bquotes=112193 Mdepth=7179 Ddepth=11997 above_floor=1 
max_residual=0.535bps candidates=0 fee_age=2309ms
MICRO HEARTBEAT state=watching symbols=3 signal_source=live books=3 
demo_books=3 Bquotes=112389 Mdepth=7186 Ddepth=12022 above_floor=1 
max_residual=0.535bps candidates=0 fee_age=4331ms
MICRO HEARTBEAT state=watching symbols=3 signal_source=live books=3 
demo_books=3 Bquotes=112509 Mdepth=7191 Ddepth=12036 above_floor=1 
max_residual=1.071bps candidates=0 fee_age=1302ms
MICRO HEARTBEAT state=watching symbols=3 signal_source=live books=3 
demo_books=3 Bquotes=112655 Mdepth=7207 Ddepth=12055 above_floor=0 
max_residual=0.000bps candidates=0 fee_age=3307ms
MICRO HEARTBEAT state=watching symbols=3 signal_source=live books=3 
demo_books=3 Bquotes=112753 Mdepth=7216 Ddepth=12078 above_floor=1 
max_residual=0.535bps candidates=0 fee_age=223ms
MICRO HEARTBEAT state=watching symbols=3 signal_source=live books=3 
demo_books=3 Bquotes=112961 Mdepth=7222 Ddepth=12095 above_floor=0 
max_residual=0.000bps candidates=0 fee_age=2237ms
MICRO HEARTBEAT state=watching symbols=3 signal_source=live books=3 
demo_books=3 Bquotes=113042 Mdepth=7228 Ddepth=12117 above_floor=0 
max_residual=0.000bps candidates=0 fee_age=4245ms
MICRO HEARTBEAT state=watching symbols=3 signal_source=live books=3 
demo_books=3 Bquotes=113130 Mdepth=7234 Ddepth=12134 above_floor=1 
max_residual=0.535bps candidates=0 fee_age=1230ms
MICRO HEARTBEAT state=watching symbols=3 signal_source=live books=3 
demo_books=3 Bquotes=113280 Mdepth=7241 Ddepth=12155 above_floor=1 
max_residual=0.535bps candidates=0 fee_age=3236ms
MICRO HEARTBEAT state=watching symbols=3 signal_source=live books=3 
demo_books=3 Bquotes=113354 Mdepth=7247 Ddepth=12177 above_floor=0 
max_residual=0.000bps candidates=0 fee_age=184ms
MICRO HEARTBEAT state=watching symbols=3 signal_source=live books=3 
demo_books=3 Bquotes=113475 Mdepth=7254 Ddepth=12192 above_floor=0 
max_residual=0.000bps candidates=0 fee_age=2204ms
MICRO HEARTBEAT state=watching symbols=3 signal_source=live books=3 
demo_books=3 Bquotes=113545 Mdepth=7258 Ddepth=12213 above_floor=0 
max_residual=0.000bps candidates=0 fee_age=4276ms
MICRO HEARTBEAT state=watching symbols=3 signal_source=live books=3 
demo_books=3 Bquotes=113647 Mdepth=7265 Ddepth=12232 above_floor=0 
max_residual=0.000bps candidates=0 fee_age=1283ms
MICRO HEARTBEAT state=watching symbols=3 signal_source=live books=3 
demo_books=3 Bquotes=113716 Mdepth=7272 Ddepth=12247 above_floor=0 
max_residual=0.000bps candidates=0 fee_age=3343ms
MICRO HEARTBEAT state=watching symbols=3 signal_source=live books=3 
demo_books=3 Bquotes=113785 Mdepth=7280 Ddepth=12269 above_floor=0 
max_residual=0.000bps candidates=0 fee_age=322ms
MICRO HEARTBEAT state=watching symbols=3 signal_source=live books=3 
demo_books=3 Bquotes=113874 Mdepth=7288 Ddepth=12285 above_floor=0 
max_residual=0.000bps candidates=0 fee_age=2354ms
MICRO HEARTBEAT state=watching symbols=3 signal_source=live books=3 
demo_books=3 Bquotes=114004 Mdepth=7292 Ddepth=12316 above_floor=0 
max_residual=0.000bps candidates=0 fee_age=0ms
MICRO SIGNAL LINK_USDT LONG residual=+2.141bps threshold=1.271 spread=1.071 
net=+0.870 B100=+2.141 M100=+0.000 Bage=2ms Mage=315ms DemoCross=5.0bps
DEMO ENTRY LINK_USDT LONG qty=1069.9 LIVEEntry=9.341 residual=+2.141 
notional=9993.94USDT leverage=200x requested_margin=50.0000USDT 
strategy_equity=0.0100USDT sizing=TARGET_NOTIONAL spread=1.071 
DemoFeeReported=1.99879 signal_to_visible=1284.9ms IOCconfirm=648.6ms 
reconcile=285.8ms
MICRO POSITION LINK_USDT mark=-1.071bps MFE=+0.000 MAE=-1.071 
DemoNetMark=-5.067260USDT DemoNet=-5.070bps DemoMFE=+0.000 DemoMAE=-5.070 
TRAIL=OFF residual=+0.000bps B100=+0.000
MICRO EXIT LINK_USDT reason=microspread_converged LIVEpnl=-1.069900USDT 
move=-1.071bps MFE=+0.000 MAE=-1.071 hold=1302ms DemoExit=9.34 
DemoGross=-1.069900 DemoNet=-5.067200 DemoFee=1.99851
MICRO HEARTBEAT state=watching symbols=3 signal_source=live books=3 
demo_books=3 Bquotes=114409 Mdepth=7324 Ddepth=12369 above_floor=0 
max_residual=0.000bps candidates=0 fee_age=0ms
MICRO HEARTBEAT state=watching symbols=3 signal_source=live books=3 
demo_books=3 Bquotes=114508 Mdepth=7338 Ddepth=12388 above_floor=0 
max_residual=0.000bps candidates=0 fee_age=2026ms
MICRO HEARTBEAT state=watching symbols=3 signal_source=live books=3 
demo_books=3 Bquotes=114608 Mdepth=7344 Ddepth=12404 above_floor=0 
max_residual=0.000bps candidates=0 fee_age=4030ms
MICRO HEARTBEAT state=watching symbols=3 signal_source=live books=3 
demo_books=3 Bquotes=114717 Mdepth=7351 Ddepth=12427 above_floor=1 
max_residual=0.535bps candidates=0 fee_age=1091ms
MICRO HEARTBEAT state=watching symbols=3 signal_source=live books=3 
demo_books=3 Bquotes=114837 Mdepth=7358 Ddepth=12446 above_floor=0 
max_residual=0.000bps candidates=0 fee_age=3105ms
MICRO HEARTBEAT state=watching symbols=3 signal_source=live books=3 
demo_books=3 Bquotes=115005 Mdepth=7365 Ddepth=12462 above_floor=1 
max_residual=0.535bps candidates=0 fee_age=60ms
MICRO HEARTBEAT state=watching symbols=3 signal_source=live books=3 
demo_books=3 Bquotes=115069 Mdepth=7369 Ddepth=12484 above_floor=1 
max_residual=0.535bps candidates=0 fee_age=2066ms
MICRO HEARTBEAT state=watching symbols=3 signal_source=live books=3 
demo_books=3 Bquotes=115223 Mdepth=7377 Ddepth=12500 above_floor=1 
max_residual=0.535bps candidates=0 fee_age=4066ms
MICRO HEARTBEAT state=watching symbols=3 signal_source=live books=3 
demo_books=3 Bquotes=115365 Mdepth=7384 Ddepth=12522 above_floor=1 
max_residual=0.535bps candidates=0 fee_age=566ms
MICRO HEARTBEAT state=watching symbols=3 signal_source=live books=3 
demo_books=3 Bquotes=115464 Mdepth=7391 Ddepth=12540 above_floor=0 
max_residual=0.000bps candidates=0 fee_age=2569ms
MICRO HEARTBEAT state=watching symbols=3 signal_source=live books=3 
demo_books=3 Bquotes=115615 Mdepth=7396 Ddepth=12556 above_floor=1 
max_residual=0.535bps candidates=0 fee_age=59ms
MICRO HEARTBEAT state=watching symbols=3 signal_source=live books=3 
demo_books=3 Bquotes=115770 Mdepth=7404 Ddepth=12581 above_floor=0 
max_residual=0.000bps candidates=0 fee_age=2060ms
MICRO HEARTBEAT state=watching symbols=3 signal_source=live books=3 
demo_books=3 Bquotes=116353 Mdepth=7414 Ddepth=12597 above_floor=0 
max_residual=0.000bps candidates=0 fee_age=4068ms
MICRO HEARTBEAT state=watching symbols=3 signal_source=live books=3 
demo_books=3 Bquotes=116443 Mdepth=7421 Ddepth=12613 above_floor=1 
max_residual=0.998bps candidates=0 fee_age=1160ms
MICRO SIGNAL LINK_USDT SHORT residual=-4.282bps threshold=1.270 spread=1.070 
net=+3.012 B100=-4.282 M100=+0.000 Bage=2ms Mage=232ms DemoCross=5.0bps
MICRO HEARTBEAT state=watching symbols=3 signal_source=live books=3 
demo_books=3 Bquotes=117076 Mdepth=7470 Ddepth=12716 above_floor=0 
max_residual=0.000bps candidates=0 fee_age=0ms
MICRO HEARTBEAT state=watching symbols=3 signal_source=live books=3 
demo_books=3 Bquotes=117139 Mdepth=7477 Ddepth=12734 above_floor=0 
max_residual=0.000bps candidates=0 fee_age=1276ms
MICRO SIGNAL XRP_USDT LONG residual=+1.996bps threshold=1.198 spread=0.998 
net=+0.798 B100=+1.996 M100=+0.000 Bage=1ms Mage=952ms DemoCross=5.0bps
DEMO ENTRY XRP_USDT LONG qty=9976 LIVEEntry=1.0018 residual=+1.996 
notional=9993.96USDT leverage=200x requested_margin=50.0000USDT 
strategy_equity=0.0100USDT sizing=TARGET_NOTIONAL spread=0.998 
DemoFeeReported=1.99879 signal_to_visible=1246.3ms IOCconfirm=612.9ms 
reconcile=301.4ms
MICRO POSITION XRP_USDT mark=+0.998bps MFE=+0.998 MAE=+0.000 
DemoNetMark=-3.000182USDT DemoNet=-3.002bps DemoMFE=+0.000 DemoMAE=-3.002 
TRAIL=OFF residual=+0.000bps B100=+0.000
MICRO EXIT XRP_USDT reason=microspread_converged LIVEpnl=+0.997600USDT 
move=+0.998bps MFE=+0.998 MAE=+0.000 hold=1264ms DemoExit=1.0019 
DemoGross=+0.997600 DemoNet=-3.000100 DemoFee=1.99891
MICRO HEARTBEAT state=watching symbols=3 signal_source=live books=3 
demo_books=3 Bquotes=117902 Mdepth=7499 Ddepth=12783 above_floor=2 
max_residual=1.070bps candidates=0 fee_age=1322ms
MICRO HEARTBEAT state=watching symbols=3 signal_source=live books=3 
demo_books=3 Bquotes=117995 Mdepth=7507 Ddepth=12800 above_floor=2 
max_residual=1.070bps candidates=0 fee_age=3323ms
MICRO HEARTBEAT state=watching symbols=3 signal_source=live books=3 
demo_books=3 Bquotes=118109 Mdepth=7516 Ddepth=12819 above_floor=2 
max_residual=0.998bps candidates=0 fee_age=249ms
MICRO HEARTBEAT state=watching symbols=3 signal_source=live books=3 
demo_books=3 Bquotes=118304 Mdepth=7524 Ddepth=12839 above_floor=0 
max_residual=0.000bps candidates=0 fee_age=2249ms
MICRO HEARTBEAT state=watching symbols=3 signal_source=live books=3 
demo_books=3 Bquotes=118456 Mdepth=7535 Ddepth=12863 above_floor=0 
max_residual=0.000bps candidates=0 fee_age=0ms
MICRO HEARTBEAT state=watching symbols=3 signal_source=live books=3 
demo_books=3 Bquotes=118755 Mdepth=7540 Ddepth=12878 above_floor=0 
max_residual=0.000bps candidates=0 fee_age=1354ms
MICRO SIGNAL LINK_USDT LONG residual=+2.138bps threshold=1.270 spread=1.070 
net=+0.868 B100=+5.347 M100=+0.000 Bage=4ms Mage=189ms DemoCross=5.0bps
DEMO ENTRY LINK_USDT LONG qty=1069 LIVEEntry=9.349 residual=+2.138 
notional=9994.08USDT leverage=200x requested_margin=50.0000USDT 
strategy_equity=0.0100USDT sizing=TARGET_NOTIONAL spread=1.070 
DemoFeeReported=1.99882 signal_to_visible=1284.2ms IOCconfirm=652.5ms 
reconcile=301.7ms
MICRO POSITION LINK_USDT mark=+1.070bps MFE=+1.070 MAE=+0.000 
DemoNetMark=-5.066419USDT DemoNet=-5.069bps DemoMFE=+0.000 DemoMAE=-5.069 
TRAIL=OFF residual=-1.071bps B100=+0.000
MICRO EXIT LINK_USDT reason=microspread_reversed LIVEpnl=+1.069000USDT 
move=+1.070bps MFE=+1.070 MAE=+0.000 hold=1306ms DemoExit=9.348 
DemoGross=-1.069000 DemoNet=-5.066400 DemoFee=1.99858
MICRO HEARTBEAT state=watching symbols=3 signal_source=live books=3 
demo_books=3 Bquotes=119411 Mdepth=7558 Ddepth=12925 above_floor=0 
max_residual=0.000bps candidates=0 fee_age=116ms
MICRO HEARTBEAT state=watching symbols=3 signal_source=live books=3 
demo_books=3 Bquotes=119544 Mdepth=7566 Ddepth=12949 above_floor=1 
max_residual=3.208bps candidates=0 fee_age=2126ms
MICRO SIGNAL LINK_USDT SHORT residual=-3.743bps threshold=3.407 spread=3.207 
net=+0.336 B100=-1.069 M100=+0.000 Bage=4ms Mage=45ms DemoCross=5.0bps
MICRO HEARTBEAT state=watching symbols=3 signal_source=live books=3 
demo_books=3 Bquotes=120608 Mdepth=7611 Ddepth=13051 above_floor=0 
max_residual=0.000bps candidates=0 fee_age=0ms
MICRO HEARTBEAT state=watching symbols=3 signal_source=live books=3 
demo_books=3 Bquotes=120747 Mdepth=7617 Ddepth=13062 above_floor=0 
max_residual=0.000bps candidates=0 fee_age=1266ms
MICRO HEARTBEAT state=watching symbols=3 signal_source=live books=3 
demo_books=3 Bquotes=120868 Mdepth=7625 Ddepth=13079 above_floor=0 
max_residual=0.000bps candidates=0 fee_age=3269ms
MICRO HEARTBEAT state=watching symbols=3 signal_source=live books=3 
demo_books=3 Bquotes=120963 Mdepth=7635 Ddepth=13102 above_floor=1 
max_residual=1.070bps candidates=0 fee_age=213ms
MICRO HEARTBEAT state=watching symbols=3 signal_source=live books=3 
demo_books=3 Bquotes=121072 Mdepth=7642 Ddepth=13118 above_floor=1 
max_residual=1.070bps candidates=0 fee_age=2242ms
MICRO HEARTBEAT state=watching symbols=3 signal_source=live books=3 
demo_books=3 Bquotes=121444 Mdepth=7657 Ddepth=13148 above_floor=0 
max_residual=0.000bps candidates=0 fee_age=0ms
MICRO SIGNAL LINK_USDT LONG residual=+8.561bps threshold=3.411 spread=3.211 
net=+5.149 B100=+4.816 M100=+0.000 Bage=4ms Mage=66ms DemoCross=5.0bps
DEMO ENTRY LINK_USDT LONG qty=1069.6 LIVEEntry=9.343 residual=+8.561 
notional=9993.27USDT leverage=200x requested_margin=50.0000USDT 
strategy_equity=0.0100USDT sizing=TARGET_NOTIONAL spread=3.211 
DemoFeeReported=1.99887 signal_to_visible=1282.6ms IOCconfirm=618.6ms 
reconcile=319.4ms
MICRO POSITION LINK_USDT mark=+3.211bps MFE=+3.211 MAE=+0.000 
DemoNetMark=-5.067123USDT DemoNet=-5.070bps DemoMFE=+0.000 DemoMAE=-5.070 
TRAIL=+0.500bps residual=+0.000bps B100=+0.000
MICRO EXIT LINK_USDT reason=microspread_converged LIVEpnl=+3.208800USDT 
move=+3.211bps MFE=+3.211 MAE=+0.000 hold=1304ms DemoExit=9.343 
DemoGross=-1.069600 DemoNet=-5.067100 DemoFee=1.99863
MICRO HEARTBEAT state=watching symbols=3 signal_source=live books=3 
demo_books=3 Bquotes=121788 Mdepth=7678 Ddepth=13194 above_floor=1 
max_residual=1.070bps candidates=0 fee_age=0ms
MICRO HEARTBEAT state=watching symbols=3 signal_source=live books=3 
demo_books=3 Bquotes=121927 Mdepth=7689 Ddepth=13211 above_floor=0 
max_residual=0.000bps candidates=0 fee_age=2009ms
MICRO HEARTBEAT state=watching symbols=3 signal_source=live books=3 
demo_books=3 Bquotes=122031 Mdepth=7694 Ddepth=13230 above_floor=0 
max_residual=0.000bps candidates=0 fee_age=4039ms
MICRO HEARTBEAT state=watching symbols=3 signal_source=live books=3 
demo_books=3 Bquotes=122140 Mdepth=7702 Ddepth=13251 above_floor=0 
max_residual=0.000bps candidates=0 fee_age=951ms
MICRO HEARTBEAT state=watching symbols=3 signal_source=live books=3 
demo_books=3 Bquotes=122294 Mdepth=7716 Ddepth=13267 above_floor=1 
max_residual=0.535bps candidates=0 fee_age=2964ms
MICRO HEARTBEAT state=watching symbols=3 signal_source=live books=3 
demo_books=3 Bquotes=122421 Mdepth=7723 Ddepth=13289 above_floor=0 
max_residual=0.000bps candidates=0 fee_age=61ms
MICRO HEARTBEAT state=watching symbols=3 signal_source=live books=3 
demo_books=3 Bquotes=122670 Mdepth=7728 Ddepth=13308 above_floor=0 
max_residual=0.000bps candidates=0 fee_age=2066ms
MICRO HEARTBEAT state=watching symbols=3 signal_source=live books=3 
demo_books=3 Bquotes=122752 Mdepth=7733 Ddepth=13323 above_floor=0 
max_residual=0.000bps candidates=0 fee_age=4079ms
MICRO HEARTBEAT state=watching symbols=3 signal_source=live books=3 
demo_books=3 Bquotes=122894 Mdepth=7740 Ddepth=13345 above_floor=0 
max_residual=0.000bps candidates=0 fee_age=719ms
MICRO HEARTBEAT state=watching symbols=3 signal_source=live books=3 
demo_books=3 Bquotes=123009 Mdepth=7750 Ddepth=13364 above_floor=0 
max_residual=0.000bps candidates=0 fee_age=2737ms
MICRO HEARTBEAT state=watching symbols=3 signal_source=live books=3 
demo_books=3 Bquotes=123078 Mdepth=7756 Ddepth=13383 above_floor=0 
max_residual=0.000bps candidates=0 fee_age=215ms
MICRO HEARTBEAT state=watching symbols=3 signal_source=live books=3 
demo_books=3 Bquotes=123310 Mdepth=7760 Ddepth=13401 above_floor=0 
max_residual=0.000bps candidates=0 fee_age=2225ms
MICRO HEARTBEAT state=watching symbols=3 signal_source=live books=3 
demo_books=3 Bquotes=123449 Mdepth=7770 Ddepth=13419 above_floor=1 
max_residual=1.070bps candidates=0 fee_age=4239ms
MICRO HEARTBEAT state=watching symbols=3 signal_source=live books=3 
demo_books=3 Bquotes=123650 Mdepth=7780 Ddepth=13441 above_floor=0 
max_residual=0.000bps candidates=0 fee_age=1240ms
MICRO HEARTBEAT state=watching symbols=3 signal_source=live books=3 
demo_books=3 Bquotes=123755 Mdepth=7787 Ddepth=13459 above_floor=0 
max_residual=0.000bps candidates=0 fee_age=3241ms
MICRO HEARTBEAT state=watching symbols=3 signal_source=live books=3 
demo_books=3 Bquotes=124327 Mdepth=7798 Ddepth=13477 above_floor=1 
max_residual=1.069bps candidates=0 fee_age=232ms
MICRO HEARTBEAT state=watching symbols=3 signal_source=live books=3 
demo_books=3 Bquotes=124527 Mdepth=7809 Ddepth=13499 above_floor=1 
max_residual=2.139bps candidates=0 fee_age=2238ms
MICRO HEARTBEAT state=watching symbols=3 signal_source=live books=3 
demo_books=3 Bquotes=124624 Mdepth=7813 Ddepth=13515 above_floor=0 
max_residual=0.000bps candidates=0 fee_age=4267ms
MICRO HEARTBEAT state=watching symbols=3 signal_source=live books=3 
demo_books=3 Bquotes=124750 Mdepth=7821 Ddepth=13536 above_floor=0 
max_residual=0.000bps candidates=0 fee_age=1228ms
MICRO HEARTBEAT state=watching symbols=3 signal_source=live books=3 
demo_books=3 Bquotes=124884 Mdepth=7831 Ddepth=13553 above_floor=0 
max_residual=0.000bps candidates=0 fee_age=3229ms
MICRO HEARTBEAT state=watching symbols=3 signal_source=live books=3 
demo_books=3 Bquotes=125089 Mdepth=7845 Ddepth=13571 above_floor=0 
max_residual=0.000bps candidates=0 fee_age=0ms
MICRO HEARTBEAT state=watching symbols=3 signal_source=live books=3 
demo_books=3 Bquotes=125207 Mdepth=7850 Ddepth=13590 above_floor=0 
max_residual=0.000bps candidates=0 fee_age=2005ms
MICRO HEARTBEAT state=watching symbols=3 signal_source=live books=3 
demo_books=3 Bquotes=125332 Mdepth=7859 Ddepth=13602 above_floor=0 
max_residual=0.000bps candidates=0 fee_age=0ms
MICRO HEARTBEAT state=watching symbols=3 signal_source=live books=3 
demo_books=3 Bquotes=125462 Mdepth=7865 Ddepth=13602 above_floor=0 
max_residual=0.000bps candidates=0 fee_age=2004ms
MICRO HEARTBEAT state=watching symbols=3 signal_source=live books=3 
demo_books=3 Bquotes=125567 Mdepth=7871 Ddepth=13611 above_floor=0 
max_residual=0.000bps candidates=0 fee_age=4009ms
MICRO HEARTBEAT state=watching symbols=3 signal_source=live books=3 
demo_books=3 Bquotes=125727 Mdepth=7879 Ddepth=13629 above_floor=0 
max_residual=0.000bps candidates=0 fee_age=1107ms
MICRO HEARTBEAT state=watching symbols=3 signal_source=live books=3 
demo_books=3 Bquotes=125881 Mdepth=7885 Ddepth=13630 above_floor=0 
max_residual=0.000bps candidates=0 fee_age=3159ms
MICRO HEARTBEAT state=watching symbols=3 signal_source=live books=3 
demo_books=3 Bquotes=126024 Mdepth=7892 Ddepth=13633 above_floor=0 
max_residual=0.000bps candidates=0 fee_age=88ms
MICRO HEARTBEAT state=watching symbols=3 signal_source=live books=3 
demo_books=3 Bquotes=126111 Mdepth=7898 Ddepth=13646 above_floor=0 
max_residual=0.000bps candidates=0 fee_age=2122ms
MICRO HEARTBEAT state=watching symbols=3 signal_source=live books=3 
demo_books=3 Bquotes=126206 Mdepth=7906 Ddepth=13646 above_floor=0 
max_residual=0.000bps candidates=0 fee_age=4132ms
MICRO HEARTBEAT state=watching symbols=3 signal_source=live books=3 
demo_books=3 Bquotes=126342 Mdepth=7912 Ddepth=13646 above_floor=0 
max_residual=0.000bps candidates=0 fee_age=1050ms
MICRO HEARTBEAT state=watching symbols=3 signal_source=live books=3 
demo_books=3 Bquotes=126451 Mdepth=7916 Ddepth=13677 above_floor=1 
max_residual=0.535bps candidates=0 fee_age=3057ms
MICRO HEARTBEAT state=watching symbols=3 signal_source=live books=3 
demo_books=3 Bquotes=126592 Mdepth=7924 Ddepth=13679 above_floor=0 
max_residual=0.000bps candidates=0 fee_age=0ms
MICRO HEARTBEAT state=watching symbols=3 signal_source=live books=3 
demo_books=3 Bquotes=126681 Mdepth=7929 Ddepth=13679 above_floor=0 
max_residual=0.000bps candidates=0 fee_age=2019ms
MICRO HEARTBEAT state=watching symbols=3 signal_source=live books=3 
demo_books=3 Bquotes=126817 Mdepth=7944 Ddepth=13690 above_floor=0 
max_residual=0.000bps candidates=0 fee_age=0ms
MICRO HEARTBEAT state=watching symbols=3 signal_source=live books=3 
demo_books=3 Bquotes=126951 Mdepth=7961 Ddepth=13690 above_floor=0 
max_residual=0.000bps candidates=0 fee_age=2005ms
MICRO HEARTBEAT state=watching symbols=3 signal_source=live books=3 
demo_books=3 Bquotes=127230 Mdepth=7979 Ddepth=13695 above_floor=0 
max_residual=0.000bps candidates=0 fee_age=4032ms
MICRO HEARTBEAT state=watching symbols=3 signal_source=live books=3 
demo_books=3 Bquotes=127366 Mdepth=7994 Ddepth=13717 above_floor=0 
max_residual=0.000bps candidates=0 fee_age=1121ms
MICRO HEARTBEAT state=watching symbols=3 signal_source=live books=3 
demo_books=3 Bquotes=127508 Mdepth=8009 Ddepth=13717 above_floor=0 
max_residual=0.000bps candidates=0 fee_age=3138ms
MICRO HEARTBEAT state=watching symbols=3 signal_source=live books=3 
demo_books=3 Bquotes=127611 Mdepth=8023 Ddepth=13717 above_floor=0 
max_residual=0.000bps candidates=0 fee_age=98ms
MICRO HEARTBEAT state=watching symbols=3 signal_source=live books=3 
demo_books=3 Bquotes=127674 Mdepth=8032 Ddepth=13728 above_floor=0 
max_residual=0.000bps candidates=0 fee_age=2105ms
MICRO HEARTBEAT state=watching symbols=3 signal_source=live books=3 
demo_books=3 Bquotes=127893 Mdepth=8043 Ddepth=13728 above_floor=1 
max_residual=1.070bps candidates=0 fee_age=4108ms
MICRO HEARTBEAT state=watching symbols=3 signal_source=live books=3 
demo_books=3 Bquotes=128015 Mdepth=8048 Ddepth=13728 above_floor=0 
max_residual=0.000bps candidates=0 fee_age=666ms
MICRO HEARTBEAT state=watching symbols=3 signal_source=live books=3 
demo_books=3 Bquotes=128151 Mdepth=8051 Ddepth=13746 above_floor=0 
max_residual=0.000bps candidates=0 fee_age=2687ms
MICRO HEARTBEAT state=watching symbols=3 signal_source=live books=3 
demo_books=3 Bquotes=128452 Mdepth=8064 Ddepth=13757 above_floor=0 
max_residual=0.000bps candidates=0 fee_age=44ms
MICRO HEARTBEAT state=watching symbols=3 signal_source=live books=3 
demo_books=3 Bquotes=128548 Mdepth=8070 Ddepth=13757 above_floor=1 
max_residual=1.070bps candidates=0 fee_age=2071ms
MICRO HEARTBEAT state=watching symbols=3 signal_source=live books=3 
demo_books=3 Bquotes=128734 Mdepth=8078 Ddepth=13759 above_floor=1 
max_residual=1.070bps candidates=0 fee_age=4073ms
MICRO HEARTBEAT state=watching symbols=3 signal_source=live books=3 
demo_books=3 Bquotes=128833 Mdepth=8087 Ddepth=13774 above_floor=0 
max_residual=0.000bps candidates=0 fee_age=1079ms
MICRO HEARTBEAT state=watching symbols=3 signal_source=live books=3 
demo_books=3 Bquotes=128927 Mdepth=8090 Ddepth=13774 above_floor=0 
max_residual=0.000bps candidates=0 fee_age=3085ms
MICRO HEARTBEAT state=watching symbols=3 signal_source=live books=3 
demo_books=3 Bquotes=129086 Mdepth=8099 Ddepth=13774 above_floor=0 
max_residual=0.000bps candidates=0 fee_age=132ms
MICRO HEARTBEAT state=watching symbols=3 signal_source=live books=3 
demo_books=3 Bquotes=129256 Mdepth=8106 Ddepth=13798 above_floor=0 
max_residual=0.000bps candidates=0 fee_age=2145ms
MICRO HEARTBEAT state=watching symbols=3 signal_source=live books=3 
demo_books=3 Bquotes=129380 Mdepth=8113 Ddepth=13800 above_floor=1 
max_residual=0.535bps candidates=0 fee_age=4146ms
MICRO HEARTBEAT state=watching symbols=3 signal_source=live books=3 
demo_books=3 Bquotes=129492 Mdepth=8121 Ddepth=13800 above_floor=1 
max_residual=0.535bps candidates=0 fee_age=640ms
MICRO HEARTBEAT state=watching symbols=3 signal_source=live books=3 
demo_books=3 Bquotes=129624 Mdepth=8127 Ddepth=13815 above_floor=0 
max_residual=0.000bps candidates=0 fee_age=2661ms
MICRO HEARTBEAT state=watching symbols=3 signal_source=live books=3 
demo_books=3 Bquotes=129734 Mdepth=8133 Ddepth=13815 above_floor=0 
max_residual=0.000bps candidates=0 fee_age=54ms
MICRO HEARTBEAT state=watching symbols=3 signal_source=live books=3 
demo_books=3 Bquotes=129870 Mdepth=8137 Ddepth=13815 above_floor=0 
max_residual=0.000bps candidates=0 fee_age=2109ms
MICRO HEARTBEAT state=watching symbols=3 signal_source=live books=3 
demo_books=3 Bquotes=130011 Mdepth=8143 Ddepth=13824 above_floor=0 
max_residual=0.000bps candidates=0 fee_age=4120ms
MICRO HEARTBEAT state=watching symbols=3 signal_source=live books=3 
demo_books=3 Bquotes=130160 Mdepth=8150 Ddepth=13837 above_floor=0 
max_residual=0.000bps candidates=0 fee_age=1097ms
MICRO HEARTBEAT state=watching symbols=3 signal_source=live books=3 
demo_books=3 Bquotes=130514 Mdepth=8157 Ddepth=13837 above_floor=0 
max_residual=0.000bps candidates=0 fee_age=3152ms
MICRO HEARTBEAT state=watching symbols=3 signal_source=live books=3 
demo_books=3 Bquotes=130723 Mdepth=8164 Ddepth=13837 above_floor=1 
max_residual=1.070bps candidates=0 fee_age=120ms
MICRO HEARTBEAT state=watching symbols=3 signal_source=live books=3 
demo_books=3 Bquotes=130824 Mdepth=8170 Ddepth=13860 above_floor=0 
max_residual=0.000bps candidates=0 fee_age=2171ms
MICRO HEARTBEAT state=watching symbols=3 signal_source=live books=3 
demo_books=3 Bquotes=130949 Mdepth=8174 Ddepth=13860 above_floor=1 
max_residual=1.070bps candidates=0 fee_age=4191ms
MICRO HEARTBEAT state=watching symbols=3 signal_source=live books=3 
demo_books=3 Bquotes=131045 Mdepth=8183 Ddepth=13860 above_floor=1 
max_residual=0.535bps candidates=0 fee_age=1168ms
MICRO HEARTBEAT state=watching symbols=3 signal_source=live books=3 
demo_books=3 Bquotes=131186 Mdepth=8186 Ddepth=13877 above_floor=0 
max_residual=0.000bps candidates=0 fee_age=3186ms
MICRO HEARTBEAT state=watching symbols=3 signal_source=live books=3 
demo_books=3 Bquotes=131288 Mdepth=8195 Ddepth=13889 above_floor=0 
max_residual=0.000bps candidates=0 fee_age=227ms
MICRO HEARTBEAT state=watching symbols=3 signal_source=live books=3 
demo_books=3 Bquotes=131423 Mdepth=8202 Ddepth=13889 above_floor=0 
max_residual=0.000bps candidates=0 fee_age=2266ms
MICRO HEARTBEAT state=watching symbols=3 signal_source=live books=3 
demo_books=3 Bquotes=131547 Mdepth=8208 Ddepth=13900 above_floor=0 
max_residual=0.000bps candidates=0 fee_age=4293ms
MICRO HEARTBEAT state=watching symbols=3 signal_source=live books=3 
demo_books=3 Bquotes=131632 Mdepth=8216 Ddepth=13920 above_floor=1 
max_residual=1.429bps candidates=0 fee_age=1266ms
MICRO HEARTBEAT state=watching symbols=3 signal_source=live books=3 
demo_books=3 Bquotes=131741 Mdepth=8225 Ddepth=13940 above_floor=1 
max_residual=1.429bps candidates=0 fee_age=3326ms
MICRO HEARTBEAT state=watching symbols=3 signal_source=live books=3 
demo_books=3 Bquotes=131860 Mdepth=8230 Ddepth=13946 above_floor=0 
max_residual=0.000bps candidates=0 fee_age=340ms
MICRO HEARTBEAT state=watching symbols=3 signal_source=live books=3 
demo_books=3 Bquotes=131974 Mdepth=8237 Ddepth=13966 above_floor=1 
max_residual=1.429bps candidates=0 fee_age=2349ms
MICRO HEARTBEAT state=watching symbols=3 signal_source=live books=3 
demo_books=3 Bquotes=132080 Mdepth=8246 Ddepth=13988 above_floor=1 
max_residual=1.429bps candidates=0 fee_age=1ms
MICRO HEARTBEAT state=watching symbols=3 signal_source=live books=3 
demo_books=3 Bquotes=132179 Mdepth=8252 Ddepth=14006 above_floor=0 
max_residual=0.000bps candidates=0 fee_age=2032ms
MICRO HEARTBEAT state=watching symbols=3 signal_source=live books=3 
demo_books=3 Bquotes=132288 Mdepth=8263 Ddepth=14025 above_floor=0 
max_residual=0.000bps candidates=0 fee_age=4061ms
MICRO HEARTBEAT state=watching symbols=3 signal_source=live books=3 
demo_books=3 Bquotes=132405 Mdepth=8279 Ddepth=14040 above_floor=0 
max_residual=0.000bps candidates=0 fee_age=1041ms
MICRO HEARTBEAT state=watching symbols=3 signal_source=live books=3 
demo_books=3 Bquotes=132482 Mdepth=8292 Ddepth=14060 above_floor=0 
max_residual=0.000bps candidates=0 fee_age=3042ms
MICRO HEARTBEAT state=watching symbols=3 signal_source=live books=3 
demo_books=3 Bquotes=132736 Mdepth=8307 Ddepth=14079 above_floor=0 
max_residual=0.000bps candidates=0 fee_age=59ms
MICRO HEARTBEAT state=watching symbols=3 signal_source=live books=3 
demo_books=3 Bquotes=132892 Mdepth=8320 Ddepth=14095 above_floor=0 
max_residual=0.000bps candidates=0 fee_age=2084ms
MICRO HEARTBEAT state=watching symbols=3 signal_source=live books=3 
demo_books=3 Bquotes=132987 Mdepth=8336 Ddepth=14118 above_floor=0 
max_residual=0.000bps candidates=0 fee_age=4102ms
MICRO HEARTBEAT state=watching symbols=3 signal_source=live books=3 
demo_books=3 Bquotes=133098 Mdepth=8348 Ddepth=14134 above_floor=0 
max_residual=0.000bps candidates=0 fee_age=1091ms
MICRO HEARTBEAT state=watching symbols=3 signal_source=live books=3 
demo_books=3 Bquotes=133200 Mdepth=8355 Ddepth=14153 above_floor=0 
max_residual=0.000bps candidates=0 fee_age=3108ms
MICRO HEARTBEAT state=watching symbols=3 signal_source=live books=3 
demo_books=3 Bquotes=133364 Mdepth=8363 Ddepth=14172 above_floor=0 
max_residual=0.000bps candidates=0 fee_age=0ms
MICRO HEARTBEAT state=watching symbols=3 signal_source=live books=3 
demo_books=3 Bquotes=133464 Mdepth=8370 Ddepth=14186 above_floor=0 
max_residual=0.000bps candidates=0 fee_age=2014ms
MICRO HEARTBEAT state=watching symbols=3 signal_source=live books=3 
demo_books=3 Bquotes=133614 Mdepth=8375 Ddepth=14213 above_floor=0 
max_residual=0.000bps candidates=0 fee_age=1ms
MICRO HEARTBEAT state=watching symbols=3 signal_source=live books=3 
demo_books=3 Bquotes=133726 Mdepth=8382 Ddepth=14226 above_floor=0 
max_residual=0.000bps candidates=0 fee_age=2002ms
MICRO HEARTBEAT state=watching symbols=3 signal_source=live books=3 
demo_books=3 Bquotes=133820 Mdepth=8391 Ddepth=14246 above_floor=0 
max_residual=0.000bps candidates=0 fee_age=4018ms
MICRO HEARTBEAT state=watching symbols=3 signal_source=live books=3 
demo_books=3 Bquotes=133929 Mdepth=8397 Ddepth=14265 above_floor=0 
max_residual=0.000bps candidates=0 fee_age=995ms
MICRO HEARTBEAT state=watching symbols=3 signal_source=live books=3 
demo_books=3 Bquotes=134061 Mdepth=8403 Ddepth=14278 above_floor=0 
max_residual=0.000bps candidates=0 fee_age=3001ms
MICRO HEARTBEAT state=watching symbols=3 signal_source=live books=3 
demo_books=3 Bquotes=134250 Mdepth=8409 Ddepth=14301 above_floor=1 
max_residual=3.211bps candidates=1 fee_age=3ms
MICRO SIGNAL LINK_USDT SHORT residual=-2.141bps threshold=1.270 spread=1.070 
net=+0.871 B100=-1.071 M100=+1.070 Bage=5ms Mage=12ms DemoCross=5.0bps
MICRO HEARTBEAT state=watching symbols=3 signal_source=live books=3 
demo_books=3 Bquotes=135215 Mdepth=8450 Ddepth=14395 above_floor=0 
max_residual=0.000bps candidates=0 fee_age=0ms
MICRO HEARTBEAT state=watching symbols=3 signal_source=live books=3 
demo_books=3 Bquotes=135277 Mdepth=8461 Ddepth=14406 above_floor=0 
max_residual=0.000bps candidates=0 fee_age=1299ms
MICRO HEARTBEAT state=watching symbols=3 signal_source=live books=3 
demo_books=3 Bquotes=135422 Mdepth=8478 Ddepth=14419 above_floor=0 
max_residual=0.000bps candidates=0 fee_age=3305ms
MICRO HEARTBEAT state=watching symbols=3 signal_source=live books=3 
demo_books=3 Bquotes=135582 Mdepth=8492 Ddepth=14440 above_floor=0 
max_residual=0.000bps candidates=0 fee_age=156ms
MICRO HEARTBEAT state=watching symbols=3 signal_source=live books=3 
demo_books=3 Bquotes=135675 Mdepth=8510 Ddepth=14459 above_floor=0 
max_residual=0.000bps candidates=0 fee_age=2213ms
MICRO HEARTBEAT state=watching symbols=3 signal_source=live books=3 
demo_books=3 Bquotes=135835 Mdepth=8529 Ddepth=14484 above_floor=0 
max_residual=0.000bps candidates=0 fee_age=0ms
