timestamp_ms,symbol,signal_source,ready,reason,direction,residual_bps,threshold_bps,raw_gap_bps,baseline_gap_bps,spread_bps,binance_move_bps,mexc_move_bps,binance_age_ms,mexc_age_ms,demo_book_age_ms
1786781280371,XAUT_USDT,demo,0,stale_binance,0,0.000000000,0.500000000,0.000000000,0.000000000,0.229286803,0.000000000,0.000000000,1792.000,102.000,102.000
1786781280504,XAUT_USDT,demo,0,stale_binance,0,0.000000000,0.500000000,0.000000000,0.000000000,0.229286803,0.000000000,0.000000000,1925.000,63.000,63.000
1786781280652,XAUT_USDT,demo,0,stale_binance,0,0.000000000,0.500000000,0.000000000,0.000000000,0.229286803,0.000000000,0.000000000,2073.000,128.000,128.000
1786781280768,XAUT_USDT,demo,0,stale_binance,0,0.000000000,0.500000000,0.000000000,0.000000000,0.229286803,0.000000000,0.000000000,2189.000,244.000,244.000
1786781280922,XAUT_USDT,demo,0,stale_binance,0,0.000000000,0.500000000,0.000000000,0.000000000,0.229286803,0.000000000,0.000000000,2343.000,55.000,55.000
1786781281042,XAUT_USDT,demo,0,stale_binance,0,0.000000000,0.500000000,0.000000000,0.000000000,0.229286803,0.000000000,0.000000000,2463.000,0.000,0.000
1786781281163,XAUT_USDT,demo,0,microspread_below_threshold,0,0.000000000,0.500000000,1.318312218,1.318312218,0.229286803,0.000000000,0.000000000,115.000,121.000,121.000
1786781281274,XAUT_USDT,demo,0,microspread_below_threshold,0,0.000000000,0.500000000,1.318312218,1.318312218,0.229286803,0.000000000,0.000000000,99.000,60.000,60.000
1786781281389,XAUT_USDT,demo,0,microspread_below_threshold,0,0.000000000,0.500000000,1.318312218,1.318312218,0.229286803,0.000000000,0.000000000,69.000,0.000,0.000
1786781281526,XAUT_USDT,demo,0,microspread_below_threshold,0,0.000000000,0.500000000,1.318312218,1.318312218,0.229286803,0.000000000,0.000000000,206.000,53.000,53.000
1786781281652,XAUT_USDT,demo,0,stale_binance,0,0.000000000,0.500000000,0.000000000,0.000000000,0.229286803,0.000000000,0.000000000,332.000,179.000,179.000
1786781281787,XAUT_USDT,demo,0,stale_binance,0,0.000000000,0.500000000,0.000000000,0.000000000,0.229286803,0.000000000,0.000000000,467.000,59.000,59.000
1786781281930,XAUT_USDT,demo,0,stale_binance,0,0.000000000,0.500000000,0.000000000,0.000000000,0.229286803,0.000000000,0.000000000,610.000,118.000,118.000
1786781282049,XAUT_USDT,demo,0,stale_binance,0,0.000000000,0.500000000,0.000000000,0.000000000,0.229286803,0.000000000,0.000000000,729.000,61.000,61.000
1786781282166,XAUT_USDT,demo,0,microspread_below_threshold,0,0.000000000,0.500000000,1.318312218,1.318312218,0.229286803,0.000000000,0.000000000,0.000,94.000,94.000
1786781282279,XAUT_USDT,demo,0,microspread_below_threshold,0,0.000000000,0.500000000,1.318312218,1.318312218,0.229286803,0.000000000,0.000000000,113.000,207.000,207.000
1786781282386,XAUT_USDT,demo,0,microspread_below_threshold,0,0.000000000,0.500000000,1.318312218,1.318312218,0.229286803,0.000000000,0.000000000,220.000,56.000,56.000
1786781282547,XAUT_USDT,demo,0,stale_binance,0,0.000000000,0.500000000,0.000000000,0.000000000,0.229286803,0.000000000,0.000000000,381.000,128.000,128.000
1786781282693,XAUT_USDT,demo,0,stale_binance,0,0.000000000,0.500000000,0.000000000,0.000000000,0.229286803,0.000000000,0.000000000,527.000,108.000,108.000
1786781282817,XAUT_USDT,demo,0,stale_binance,0,0.000000000,0.500000000,0.000000000,0.000000000,0.229286803,0.000000000,0.000000000,651.000,54.000,54.000
1786781282930,XAUT_USDT,demo,0,stale_binance,0,0.000000000,0.500000000,0.000000000,0.000000000,0.229286803,0.000000000,0.000000000,764.000,0.000,0.000
1786781283070,XAUT_USDT,demo,0,stale_binance,0,0.000000000,0.500000000,0.000000000,0.000000000,0.229286803,0.000000000,0.000000000,904.000,52.000,52.000
1786781283187,XAUT_USDT,demo,0,stale_binance,0,0.000000000,0.500000000,0.000000000,0.000000000,0.229286803,0.000000000,0.000000000,1021.000,169.000,169.000
1786781283335,XAUT_USDT,demo,0,stale_binance,0,0.000000000,0.500000000,0.000000000,0.000000000,0.229286803,0.000000000,0.000000000,1169.000,58.000,58.000
1786781283486,XAUT_USDT,demo,0,stale_binance,0,0.000000000,0.500000000,0.000000000,0.000000000,0.229286803,0.000000000,0.000000000,1320.000,127.000,127.000
1786781283607,XAUT_USDT,demo,0,stale_binance,0,0.000000000,0.500000000,0.000000000,0.000000000,0.229286803,0.000000000,0.000000000,1441.000,248.000,248.000
1786781284385,XAUT_USDT,demo,0,stale_binance,0,0.000000000,0.500000000,0.000000000,0.000000000,0.229286803,0.000000000,0.000000000,396.000,84.000,84.000
1786781284536,XAUT_USDT,demo,0,microspread_below_threshold,0,0.000000000,0.500000000,1.318312218,1.318312218,0.229286803,0.000000000,0.000000000,62.000,235.000,235.000
1786781284643,XAUT_USDT,demo,0,microspread_below_threshold,0,0.000000000,0.500000000,1.318312218,1.318312218,0.229286803,0.000000000,0.000000000,169.000,0.000,0.000
1786781284789,XAUT_USDT,demo,0,stale_binance,0,0.000000000,0.500000000,0.000000000,0.000000000,0.229286803,0.000000000,0.000000000,315.000,63.000,63.000
1786781284936,XAUT_USDT,demo,0,stale_binance,0,0.000000000,0.500000000,0.000000000,0.000000000,0.229286803,0.000000000,0.000000000,462.000,121.000,121.000
1786781285036,XAUT_USDT,demo,0,microspread_below_threshold,0,0.000000000,0.500000000,1.318312218,1.318312218,0.229286803,0.000000000,0.000000000,0.000,49.000,49.000
1786781285136,XAUT_USDT,demo,0,microspread_below_threshold,0,0.000000000,0.500000000,1.318312218,1.318312218,0.229286803,0.000000000,0.000000000,100.000,61.000,61.000
1786781285248,XAUT_USDT,demo,0,microspread_below_threshold,0,0.000000000,0.500000000,1.318312218,1.318312218,0.229286803,0.000000000,0.000000000,212.000,0.000,0.000
1786781285367,XAUT_USDT,demo,0,stale_binance,0,0.000000000,0.500000000,0.000000000,0.000000000,0.229286803,0.000000000,0.000000000,331.000,119.000,119.000
1786781285490,XAUT_USDT,demo,0,stale_binance,0,0.000000000,0.500000000,0.000000000,0.000000000,0.229286803,0.000000000,0.000000000,454.000,65.000,65.000
1786781285604,XAUT_USDT,demo,0,stale_binance,0,0.000000000,0.500000000,0.000000000,0.000000000,0.229286803,0.000000000,0.000000000,568.000,179.000,179.000
1786781285735,XAUT_USDT,demo,0,stale_binance,0,0.000000000,0.500000000,0.000000000,0.000000000,0.229286803,0.000000000,0.000000000,699.000,56.000,56.000
1786781285849,XAUT_USDT,demo,0,microspread_below_threshold,0,0.000000000,0.500000000,1.318312218,1.318312218,0.229286803,0.000000000,0.000000000,79.000,0.000,0.000
1786781286002,XAUT_USDT,demo,0,microspread_below_threshold,0,0.000000000,0.500000000,1.318312218,1.318312218,0.229286803,0.000000000,0.000000000,232.000,66.000,66.000
1786781286121,XAUT_USDT,demo,0,stale_binance,0,0.000000000,0.500000000,0.000000000,0.000000000,0.229286803,0.000000000,0.000000000,351.000,185.000,185.000
1786781286261,XAUT_USDT,demo,0,stale_binance,0,0.000000000,0.500000000,0.000000000,0.000000000,0.229286803,0.000000000,0.000000000,491.000,61.000,61.000
1786781286400,XAUT_USDT,demo,0,stale_binance,0,0.000000000,0.500000000,0.000000000,0.000000000,0.229286803,0.000000000,0.000000000,630.000,120.000,120.000
1786781286507,XAUT_USDT,demo,0,stale_binance,0,0.000000000,0.500000000,0.000000000,0.000000000,0.229286803,0.000000000,0.000000000,737.000,56.000,56.000
1786781286617,XAUT_USDT,demo,0,stale_binance,0,0.000000000,0.500000000,0.000000000,0.000000000,0.229286803,0.000000000,0.000000000,847.000,166.000,166.000
1786781286734,XAUT_USDT,demo,0,stale_binance,0,0.000000000,0.500000000,0.000000000,0.000000000,0.229286803,0.000000000,0.000000000,964.000,111.000,111.000
1786781286852,XAUT_USDT,demo,0,stale_binance,0,0.000000000,0.500000000,0.000000000,0.000000000,0.229286803,0.000000000,0.000000000,1082.000,53.000,53.000
1786781286972,XAUT_USDT,demo,0,stale_binance,0,0.000000000,0.500000000,0.000000000,0.000000000,0.229286803,0.000000000,0.000000000,1202.000,0.000,0.000
1786781287120,XAUT_USDT,demo,0,stale_binance,0,0.000000000,0.500000000,0.000000000,0.000000000,0.229286803,0.000000000,0.000000000,1350.000,60.000,60.000
1786781287233,XAUT_USDT,demo,0,stale_binance,0,0.000000000,0.500000000,0.000000000,0.000000000,0.229286803,0.000000000,0.000000000,1463.000,0.000,0.000
1786781287342,XAUT_USDT,demo,0,stale_binance,0,0.000000000,0.500000000,0.000000000,0.000000000,0.229286803,0.000000000,0.000000000,1572.000,109.000,109.000
1786781287450,XAUT_USDT,demo,0,stale_binance,0,0.000000000,0.500000000,0.000000000,0.000000000,0.229286803,0.000000000,0.000000000,1680.000,51.000,51.000
1786781287601,XAUT_USDT,demo,0,stale_binance,0,0.000000000,0.500000000,0.000000000,0.000000000,0.229286803,0.000000000,0.000000000,1831.000,114.000,114.000
1786781287718,XAUT_USDT,demo,0,microspread_below_threshold,0,0.000000000,0.500000000,1.318312218,1.318312218,0.229286803,0.000000000,0.000000000,55.000,231.000,231.000
1786781287828,XAUT_USDT,demo,0,microspread_below_threshold,0,0.000000000,0.500000000,1.318312218,1.318312218,0.229286803,0.000000000,0.000000000,165.000,0.000,0.000
1786781287967,XAUT_USDT,demo,0,stale_binance,0,0.000000000,0.500000000,0.000000000,0.000000000,0.229286803,0.000000000,0.000000000,304.000,54.000,54.000
1786781288125,XAUT_USDT,demo,0,stale_binance,0,0.000000000,0.500000000,0.000000000,0.000000000,0.229286803,0.000000000,0.000000000,462.000,121.000,121.000
1786781288235,XAUT_USDT,demo,0,stale_binance,0,0.000000000,0.500000000,0.000000000,0.000000000,0.229286803,0.000000000,0.000000000,572.000,64.000,64.000
1786781288335,XAUT_USDT,demo,0,microspread_below_threshold,0,0.000000000,0.500000000,1.318312218,1.318312218,0.229286803,0.000000000,0.000000000,58.000,164.000,164.000
1786781288485,XAUT_USDT,demo,0,microspread_below_threshold,0,0.000000000,0.500000000,1.318312218,1.318312218,0.229286803,0.000000000,0.000000000,208.000,57.000,57.000
1786781288598,XAUT_USDT,demo,0,stale_binance,0,0.000000000,0.500000000,0.000000000,0.000000000,0.229286803,0.000000000,0.000000000,321.000,170.000,170.000
1786781289329,XAUT_USDT,demo,0,stale_binance,0,0.000000000,0.500000000,0.000000000,0.000000000,0.229286803,0.000000000,0.000000000,1052.000,42.000,42.000
1786781289483,XAUT_USDT,demo,0,stale_binance,0,0.000000000,0.500000000,0.000000000,0.000000000,0.229286803,0.000000000,0.000000000,1206.000,112.000,112.000
1786781289599,XAUT_USDT,demo,0,stale_binance,0,0.000000000,0.500000000,0.000000000,0.000000000,0.229286803,0.000000000,0.000000000,1322.000,58.000,58.000
1786781289716,XAUT_USDT,demo,0,stale_binance,0,0.000000000,0.500000000,0.000000000,0.000000000,0.229286803,0.000000000,0.000000000,1439.000,0.000,0.000
1786781289850,XAUT_USDT,demo,0,stale_binance,0,0.000000000,0.500000000,0.000000000,0.000000000,0.229286803,0.000000000,0.000000000,1573.000,54.000,54.000
1786781289973,XAUT_USDT,demo,0,stale_binance,0,0.000000000,0.500000000,0.000000000,0.000000000,0.229286803,0.000000000,0.000000000,1696.000,0.000,0.000
1786781290106,XAUT_USDT,demo,0,stale_binance,0,0.000000000,0.500000000,0.000000000,0.000000000,0.229286803,0.000000000,0.000000000,1829.000,52.000,52.000
1786781290252,XAUT_USDT,demo,0,stale_binance,0,0.000000000,0.500000000,0.000000000,0.000000000,0.229286803,0.000000000,0.000000000,1975.000,113.000,113.000
1786781290367,XAUT_USDT,demo,0,stale_binance,0,0.000000000,0.500000000,0.000000000,0.000000000,0.229286803,0.000000000,0.000000000,2090.000,56.000,56.000
1786781290480,XAUT_USDT,demo,0,stale_binance,0,0.000000000,0.500000000,0.000000000,0.000000000,0.229286803,0.000000000,0.000000000,2203.000,0.000,0.000
1786781290624,XAUT_USDT,demo,0,stale_binance,0,0.000000000,0.500000000,0.000000000,0.000000000,0.229286803,0.000000000,0.000000000,2347.000,57.000,57.000
1786781290748,XAUT_USDT,demo,0,stale_binance,0,0.000000000,0.500000000,0.000000000,0.000000000,0.229286803,0.000000000,0.000000000,2471.000,64.000,64.000
1786781290867,XAUT_USDT,demo,0,microspread_below_threshold,0,0.000000000,0.500000000,1.318312218,1.318312218,0.229286803,0.000000000,0.000000000,0.000,43.000,43.000
1786781290974,XAUT_USDT,demo,0,microspread_below_threshold,0,0.000000000,0.500000000,1.318312218,1.318312218,0.229286803,0.000000000,0.000000000,104.000,150.000,150.000
1786781291115,XAUT_USDT,demo,0,microspread_below_threshold,0,0.000000000,0.500000000,1.318312218,1.318312218,0.229286803,0.000000000,0.000000000,245.000,116.000,116.000
1786781291229,XAUT_USDT,demo,0,stale_binance,0,0.000000000,0.500000000,0.000000000,0.000000000,0.229286803,0.000000000,0.000000000,359.000,61.000,61.000
1786781291332,XAUT_USDT,demo,0,stale_binance,0,0.000000000,0.500000000,0.000000000,0.000000000,0.229286803,0.000000000,0.000000000,462.000,164.000,164.000
1786781291484,XAUT_USDT,demo,0,stale_binance,0,0.000000000,0.500000000,0.000000000,0.000000000,0.229286803,0.000000000,0.000000000,614.000,62.000,62.000
1786781291594,XAUT_USDT,demo,0,stale_binance,0,0.000000000,0.500000000,0.000000000,0.000000000,0.229286803,0.000000000,0.000000000,724.000,172.000,172.000
1786781291739,XAUT_USDT,demo,0,microspread_below_threshold,0,0.000000000,0.500000000,1.318312218,1.318312218,0.229286803,0.000000000,0.000000000,110.000,54.000,54.000
1786781291883,XAUT_USDT,demo,0,microspread_below_threshold,0,0.000000000,0.500000000,1.318312218,1.318312218,0.229286803,0.000000000,0.000000000,254.000,114.000,114.000
1786781292000,XAUT_USDT,demo,0,stale_binance,0,0.000000000,0.500000000,0.000000000,0.000000000,0.229286803,0.000000000,0.000000000,371.000,54.000,54.000
1786781292119,XAUT_USDT,demo,0,stale_binance,0,0.000000000,0.500000000,0.000000000,0.000000000,0.229286803,0.000000000,0.000000000,490.000,0.000,0.000
1786781292233,XAUT_USDT,demo,0,microspread_below_threshold,0,0.000000000,0.500000000,1.318312218,1.318312218,0.229286803,0.000000000,0.000000000,0.000,114.000,114.000
1786781292363,XAUT_USDT,demo,0,microspread_below_threshold,0,0.000000000,0.500000000,1.318312218,1.318312218,0.229286803,0.000000000,0.000000000,129.000,66.000,66.000
1786781292497,XAUT_USDT,demo,0,microspread_below_threshold,0,0.000000000,0.500000000,1.318312218,1.318312218,0.229286803,0.000000000,0.000000000,263.000,117.000,117.000
1786781292617,XAUT_USDT,demo,0,stale_binance,0,0.000000000,0.500000000,0.000000000,0.000000000,0.229286803,0.000000000,0.000000000,383.000,67.000,67.000
1786781292720,XAUT_USDT,demo,0,microspread_below_threshold,0,0.000000000,0.500000000,1.318312218,1.318312218,0.229286803,0.000000000,0.000000000,53.000,0.000,0.000
1786781292833,XAUT_USDT,demo,0,microspread_below_threshold,0,0.000000000,0.500000000,1.318312218,1.318312218,0.229286803,0.000000000,0.000000000,166.000,113.000,113.000
1786781292955,XAUT_USDT,demo,0,microspread_below_threshold,0,0.000000000,0.500000000,1.318312218,1.318312218,0.229286803,0.000000000,0.000000000,288.000,61.000,61.000
1786781293064,XAUT_USDT,demo,0,stale_binance,0,0.000000000,0.500000000,0.000000000,0.000000000,0.229286803,0.000000000,0.000000000,397.000,1.000,1.000
1786781293169,XAUT_USDT,demo,0,stale_binance,0,0.000000000,0.500000000,0.000000000,0.000000000,0.229286803,0.000000000,0.000000000,502.000,106.000,106.000
1786781293290,XAUT_USDT,demo,0,stale_binance,0,0.000000000,0.500000000,0.000000000,0.000000000,0.229286803,0.000000000,0.000000000,623.000,53.000,53.000
1786781293399,XAUT_USDT,demo,0,microspread_below_threshold,0,0.000000000,0.500000000,1.318312218,1.318312218,0.229286803,0.000000000,0.000000000,64.000,76.000,76.000
1786781293554,XAUT_USDT,demo,0,microspread_below_threshold,0,0.000000000,0.500000000,1.318312218,1.318312218,0.229286803,0.000000000,0.000000000,219.000,58.000,58.000
1786781293677,XAUT_USDT,demo,0,microspread_below_threshold,0,0.000000000,0.500000000,1.318312218,1.318312218,0.229286803,0.000000000,0.000000000,99.000,1.000,1.000
1786781294408,XAUT_USDT,demo,0,stale_binance,0,0.000000000,0.500000000,0.000000000,0.000000000,0.229286803,0.000000000,0.000000000,830.000,136.000,136.000
1786781294554,XAUT_USDT,demo,0,stale_binance,0,0.000000000,0.500000000,0.000000000,0.000000000,0.229286803,0.000000000,0.000000000,976.000,112.000,112.000
1786781294680,XAUT_USDT,demo,0,stale_binance,0,0.000000000,0.500000000,0.000000000,0.000000000,0.229286803,0.000000000,0.000000000,1102.000,65.000,65.000
1786781294786,XAUT_USDT,demo,0,stale_binance,0,0.000000000,0.500000000,0.000000000,0.000000000,0.229286803,0.000000000,0.000000000,1208.000,0.000,0.000
1786781294932,XAUT_USDT,demo,0,stale_binance,0,0.000000000,0.500000000,0.000000000,0.000000000,0.229286803,0.000000000,0.000000000,1354.000,61.000,61.000
1786781295045,XAUT_USDT,demo,0,stale_binance,0,0.000000000,0.500000000,0.000000000,0.000000000,0.229286803,0.000000000,0.000000000,1467.000,0.000,0.000
1786781295149,XAUT_USDT,demo,0,microspread_below_threshold,0,0.000000000,0.500000000,1.318312218,1.318312218,0.229286803,0.000000000,0.000000000,59.000,104.000,104.000
1786781295281,XAUT_USDT,demo,0,microspread_below_threshold,0,0.000000000,0.500000000,1.318312218,1.318312218,0.229286803,0.000000000,0.000000000,191.000,64.000,64.000
1786781295382,XAUT_USDT,demo,0,microspread_below_threshold,1,0.114644059,0.708578864,1.432956277,1.318312218,0.458578864,0.000000000,-0.114644059,65.000,80.000,80.000
1786781295530,XAUT_USDT,demo,0,microspread_below_threshold,1,0.114644059,0.708578864,1.432956277,1.318312218,0.458578864,0.000000000,0.000000000,213.000,57.000,57.000
1786781295653,XAUT_USDT,demo,0,stale_binance,0,0.000000000,0.708578864,0.000000000,0.000000000,0.458578864,0.000000000,0.000000000,336.000,1.000,1.000
1786781295798,XAUT_USDT,demo,0,stale_binance,0,0.000000000,0.500000000,0.000000000,0.000000000,0.229302576,0.000000000,0.000000000,481.000,67.000,67.000
1786781295923,XAUT_USDT,demo,0,stale_binance,0,0.000000000,0.500000000,0.000000000,0.000000000,0.229302576,0.000000000,0.000000000,606.000,109.000,109.000
1786781296047,XAUT_USDT,demo,0,stale_binance,0,0.000000000,0.500000000,0.000000000,0.000000000,0.229302576,0.000000000,0.000000000,730.000,60.000,60.000
1786781296150,XAUT_USDT,demo,0,stale_binance,0,0.000000000,0.500000000,0.000000000,0.000000000,0.229302576,0.000000000,0.000000000,833.000,163.000,163.000
1786781296299,XAUT_USDT,demo,0,stale_binance,0,0.000000000,0.500000000,0.000000000,0.000000000,0.229302576,0.000000000,0.000000000,982.000,55.000,55.000
1786781296418,XAUT_USDT,demo,0,leader_micro_move_too_small,1,0.687884069,0.500000000,2.006196287,1.318312218,0.229302576,0.000000000,0.000000000,52.000,0.000,0.000
1786781296567,XAUT_USDT,demo,0,leader_micro_move_too_small,1,0.687884069,0.500000000,2.006196287,1.318312218,0.229302576,0.000000000,0.000000000,201.000,60.000,60.000
1786781296700,XAUT_USDT,demo,0,stale_binance,0,0.000000000,0.500000000,0.000000000,0.000000000,0.229302576,0.000000000,0.000000000,334.000,1.000,1.000
1786781296812,XAUT_USDT,demo,0,stale_binance,0,0.000000000,0.500000000,0.000000000,0.000000000,0.229302576,0.000000000,0.000000000,446.000,51.000,51.000
1786781296931,XAUT_USDT,demo,0,stale_binance,0,0.000000000,0.500000000,0.000000000,0.000000000,0.229302576,0.000000000,0.000000000,565.000,0.000,0.000
1786781297049,XAUT_USDT,demo,0,stale_binance,0,0.000000000,0.500000000,0.000000000,0.000000000,0.229302576,0.000000000,0.000000000,683.000,118.000,118.000
1786781297156,XAUT_USDT,demo,0,stale_binance,0,0.000000000,0.500000000,0.000000000,0.000000000,0.229302576,0.000000000,0.000000000,790.000,225.000,225.000
1786781297265,XAUT_USDT,demo,0,stale_binance,0,0.000000000,0.500000000,0.000000000,0.000000000,0.229302576,0.000000000,0.000000000,899.000,334.000,334.000
1786781297398,XAUT_USDT,demo,0,leader_micro_move_too_small,1,0.687884069,0.500000000,2.006196287,1.318312218,0.229302576,0.000000000,0.000000000,0.000,39.000,39.000
1786781297514,XAUT_USDT,demo,0,leader_micro_move_too_small,1,0.687884069,0.500000000,2.006196287,1.318312218,0.229302576,0.000000000,0.000000000,115.000,155.000,155.000
1786781297631,XAUT_USDT,demo,0,leader_micro_move_too_small,1,0.687884069,0.500000000,2.006196287,1.318312218,0.229302576,0.000000000,0.000000000,232.000,272.000,272.000
1786781297768,XAUT_USDT,demo,0,stale_binance,0,0.000000000,0.500000000,0.000000000,0.000000000,0.229302576,0.000000000,0.000000000,369.000,65.000,65.000
1786781297900,XAUT_USDT,demo,0,stale_binance,0,0.000000000,0.500000000,0.000000000,0.000000000,0.229302576,0.000000000,0.000000000,501.000,115.000,115.000
1786781298009,XAUT_USDT,demo,0,stale_binance,0,0.000000000,0.500000000,0.000000000,0.000000000,0.229302576,0.000000000,0.000000000,610.000,52.000,52.000
1786781298128,XAUT_USDT,demo,0,stale_binance,0,0.000000000,0.500000000,0.000000000,0.000000000,0.229302576,0.000000000,0.000000000,729.000,171.000,171.000
1786781298248,XAUT_USDT,demo,0,stale_binance,0,0.000000000,0.500000000,0.000000000,0.000000000,0.229302576,0.000000000,0.000000000,849.000,117.000,117.000
1786781298365,XAUT_USDT,demo,0,stale_binance,0,0.000000000,0.500000000,0.000000000,0.000000000,0.229302576,0.000000000,0.000000000,966.000,55.000,55.000
1786781298465,XAUT_USDT,demo,0,leader_micro_move_too_small,1,0.687884069,0.500000000,2.006196287,1.318312218,0.229302576,0.000000000,0.000000000,55.000,70.000,70.000
1786781298614,XAUT_USDT,demo,0,leader_micro_move_too_small,1,0.687884069,0.500000000,2.006196287,1.318312218,0.229302576,0.000000000,0.000000000,204.000,52.000,52.000
1786781298721,XAUT_USDT,demo,0,stale_binance,0,0.000000000,0.500000000,0.000000000,0.000000000,0.229302576,0.000000000,0.000000000,311.000,159.000,159.000
1786781299545,XAUT_USDT,demo,0,stale_binance,0,0.000000000,0.500000000,0.000000000,0.000000000,0.229302576,0.000000000,0.000000000,1135.000,32.000,32.000
1786781299655,XAUT_USDT,demo,0,leader_micro_move_too_small,1,0.687884069,0.500000000,2.006196287,1.318312218,0.229302576,0.000000000,0.000000000,51.000,142.000,142.000
1786781299803,XAUT_USDT,demo,0,leader_micro_move_too_small,1,0.687884069,0.500000000,2.006196287,1.318312218,0.229302576,0.000000000,0.000000000,199.000,119.000,119.000
1786781299928,XAUT_USDT,demo,0,stale_binance,0,0.000000000,0.500000000,0.000000000,0.000000000,0.229302576,0.000000000,0.000000000,324.000,244.000,244.000
1786781300048,XAUT_USDT,demo,0,stale_binance,0,0.000000000,0.500000000,0.000000000,0.000000000,0.229302576,0.000000000,0.000000000,444.000,103.000,103.000
1786781300175,XAUT_USDT,demo,0,stale_binance,0,0.000000000,0.500000000,0.000000000,0.000000000,0.229302576,0.000000000,0.000000000,571.000,230.000,230.000
1786781300313,XAUT_USDT,demo,0,stale_binance,0,0.000000000,0.500000000,0.000000000,0.000000000,0.229302576,0.000000000,0.000000000,709.000,107.000,107.000
1786781300430,XAUT_USDT,demo,0,leader_micro_move_too_small,1,0.573240010,0.500000000,2.006196287,1.432956277,0.229302576,0.000000000,0.000000000,52.000,55.000,55.000
1786781300580,XAUT_USDT,demo,0,leader_micro_move_too_small,1,0.573240010,0.500000000,2.006196287,1.432956277,0.229302576,0.000000000,0.000000000,202.000,118.000,118.000
1786781300696,XAUT_USDT,demo,0,stale_binance,0,0.000000000,0.500000000,0.000000000,0.000000000,0.229302576,0.000000000,0.000000000,318.000,61.000,61.000
1786781300830,XAUT_USDT,demo,0,leader_micro_move_too_small,1,0.573240010,0.500000000,2.006196287,1.432956277,0.229302576,0.000000000,0.000000000,67.000,195.000,195.000
1786781300942,XAUT_USDT,demo,0,leader_micro_move_too_small,1,0.573240010,0.500000000,2.006196287,1.432956277,0.229302576,0.000000000,0.000000000,179.000,53.000,53.000
1786781301043,XAUT_USDT,demo,0,leader_micro_move_too_small,1,0.573240010,0.500000000,2.006196287,1.432956277,0.229302576,0.000000000,0.000000000,280.000,66.000,66.000
1786781301154,XAUT_USDT,demo,0,stale_binance,0,0.000000000,0.500000000,0.000000000,0.000000000,0.229302576,0.000000000,0.000000000,391.000,0.000,0.000
1786781301263,XAUT_USDT,demo,0,stale_binance,0,0.000000000,0.500000000,0.000000000,0.000000000,0.229302576,0.000000000,0.000000000,500.000,109.000,109.000
1786781301378,XAUT_USDT,demo,0,stale_binance,0,0.000000000,0.500000000,0.000000000,0.000000000,0.229302576,0.000000000,0.000000000,615.000,224.000,224.000
1786781301494,XAUT_USDT,demo,0,stale_binance,0,0.000000000,0.500000000,0.000000000,0.000000000,0.229302576,0.000000000,0.000000000,731.000,1.000,1.000
1786781301616,XAUT_USDT,demo,0,stale_binance,0,0.000000000,0.500000000,0.000000000,0.000000000,0.229302576,0.000000000,0.000000000,853.000,123.000,123.000
1786781301764,XAUT_USDT,demo,0,stale_binance,0,0.000000000,0.500000000,0.000000000,0.000000000,0.229302576,0.000000000,0.000000000,1001.000,103.000,103.000
1786781301896,XAUT_USDT,demo,0,stale_binance,0,0.000000000,0.500000000,0.000000000,0.000000000,0.229302576,0.000000000,0.000000000,1133.000,235.000,235.000
1786781302004,XAUT_USDT,demo,0,leader_micro_move_too_small,1,0.573240010,0.500000000,2.006196287,1.432956277,0.229302576,0.000000000,0.000000000,74.000,0.000,0.000
1786781302144,XAUT_USDT,demo,0,leader_micro_move_too_small,1,0.573240010,0.500000000,2.006196287,1.432956277,0.229302576,0.000000000,0.000000000,214.000,54.000,54.000
1786781302246,XAUT_USDT,demo,0,leader_micro_move_too_small,1,0.573240010,0.500000000,2.006196287,1.432956277,0.229302576,0.000000000,0.000000000,56.000,71.000,71.000
1786781302377,XAUT_USDT,demo,0,leader_micro_move_too_small,1,0.573240010,0.500000000,2.006196287,1.432956277,0.229302576,0.000000000,0.000000000,187.000,116.000,116.000
1786781302495,XAUT_USDT,demo,0,stale_binance,0,0.000000000,0.500000000,0.000000000,0.000000000,0.229302576,0.000000000,0.000000000,305.000,62.000,62.000
1786781302604,XAUT_USDT,demo,0,stale_binance,0,0.000000000,0.500000000,0.000000000,0.000000000,0.229302576,0.000000000,0.000000000,414.000,0.000,0.000
1786781302751,XAUT_USDT,demo,0,stale_binance,0,0.000000000,0.500000000,0.000000000,0.000000000,0.229302576,0.000000000,0.000000000,561.000,61.000,61.000
1786781302872,XAUT_USDT,demo,0,stale_binance,0,0.000000000,0.500000000,0.000000000,0.000000000,0.229302576,0.000000000,0.000000000,682.000,0.000,0.000
1786781303014,XAUT_USDT,demo,0,stale_binance,0,0.000000000,0.500000000,0.000000000,0.000000000,0.229302576,0.000000000,0.000000000,824.000,64.000,64.000
1786781303120,XAUT_USDT,demo,0,stale_binance,0,0.000000000,0.500000000,0.000000000,0.000000000,0.229302576,0.000000000,0.000000000,930.000,170.000,170.000
1786781303230,XAUT_USDT,demo,0,microspread_below_threshold,0,0.000000000,0.500000000,2.006196287,2.006196287,0.229302576,0.000000000,0.000000000,0.000,20.000,20.000
1786781303336,XAUT_USDT,demo,0,microspread_below_threshold,0,0.000000000,0.500000000,2.006196287,2.006196287,0.229302576,0.000000000,0.000000000,104.000,126.000,126.000
1786781303445,XAUT_USDT,demo,0,microspread_below_threshold,0,0.000000000,0.500000000,2.006196287,2.006196287,0.229302576,0.000000000,0.000000000,213.000,55.000,55.000
1786781303559,XAUT_USDT,demo,0,microspread_below_threshold,0,0.000000000,0.500000000,2.006196287,2.006196287,0.229302576,0.000000000,0.000000000,62.000,93.000,93.000
1786781303697,XAUT_USDT,demo,0,microspread_below_threshold,0,0.000000000,0.500000000,2.006196287,2.006196287,0.229302576,0.000000000,0.000000000,200.000,52.000,52.000
1786781303814,XAUT_USDT,demo,0,stale_binance,0,0.000000000,0.500000000,0.000000000,0.000000000,0.229302576,0.000000000,0.000000000,317.000,169.000,169.000
1786781304561,XAUT_USDT,demo,0,stale_binance,0,0.000000000,0.500000000,0.000000000,0.000000000,0.229302576,0.000000000,0.000000000,1064.000,66.000,66.000
1786781304671,XAUT_USDT,demo,0,stale_binance,0,0.000000000,0.500000000,0.000000000,0.000000000,0.229302576,0.000000000,0.000000000,1174.000,176.000,176.000
1786781304784,XAUT_USDT,demo,0,stale_binance,0,0.000000000,0.500000000,0.000000000,0.000000000,0.229302576,0.000000000,0.000000000,1287.000,289.000,289.000
1786781304886,XAUT_USDT,demo,0,stale_binance,0,0.000000000,0.500000000,0.000000000,0.000000000,0.229302576,0.000000000,0.000000000,1389.000,53.000,53.000
1786781305012,XAUT_USDT,demo,0,stale_binance,0,0.000000000,0.500000000,0.000000000,0.000000000,0.229302576,0.000000000,0.000000000,1515.000,1.000,1.000
1786781305127,XAUT_USDT,demo,0,stale_binance,0,0.000000000,0.500000000,0.000000000,0.000000000,0.229302576,0.000000000,0.000000000,1630.000,116.000,116.000
1786781305242,XAUT_USDT,demo,0,stale_binance,0,0.000000000,0.500000000,0.000000000,0.000000000,0.229302576,0.000000000,0.000000000,1745.000,60.000,60.000
1786781305345,XAUT_USDT,demo,0,stale_binance,0,0.000000000,0.500000000,0.000000000,0.000000000,0.229302576,0.000000000,0.000000000,1848.000,163.000,163.000
1786781305496,XAUT_USDT,demo,0,microspread_below_threshold,0,0.000000000,0.500000000,2.006196287,2.006196287,0.229302576,0.000000000,0.000000000,106.000,55.000,55.000
1786781305612,XAUT_USDT,demo,0,microspread_below_threshold,0,0.000000000,0.500000000,2.006196287,2.006196287,0.229302576,0.000000000,0.000000000,222.000,171.000,171.000
1786781305753,XAUT_USDT,demo,0,stale_binance,0,0.000000000,0.500000000,0.000000000,0.000000000,0.229302576,0.000000000,0.000000000,363.000,56.000,56.000
1786781305859,XAUT_USDT,demo,0,microspread_below_threshold,0,0.000000000,0.500000000,2.006196287,2.006196287,0.229302576,0.000000000,0.000000000,0.000,162.000,162.000
1786781306012,XAUT_USDT,demo,0,microspread_below_threshold,0,0.000000000,0.500000000,2.006196287,2.006196287,0.229302576,0.000000000,0.000000000,151.000,58.000,58.000
1786781306120,XAUT_USDT,demo,0,microspread_below_threshold,0,0.000000000,0.500000000,2.006196287,2.006196287,0.229302576,0.000000000,0.000000000,259.000,166.000,166.000
1786781306268,XAUT_USDT,demo,0,stale_binance,0,0.000000000,0.500000000,0.000000000,0.000000000,0.229302576,0.000000000,0.000000000,407.000,50.000,50.000
1786781306386,XAUT_USDT,demo,0,stale_binance,0,0.000000000,0.500000000,0.000000000,0.000000000,0.229302576,0.000000000,0.000000000,525.000,0.000,0.000
1786781306528,XAUT_USDT,demo,0,stale_binance,0,0.000000000,0.500000000,0.000000000,0.000000000,0.229302576,0.000000000,0.000000000,667.000,58.000,58.000
1786781306639,XAUT_USDT,demo,0,stale_binance,0,0.000000000,0.500000000,0.000000000,0.000000000,0.229302576,0.000000000,0.000000000,778.000,169.000,169.000
1786781306746,XAUT_USDT,demo,0,stale_binance,0,0.000000000,0.500000000,0.000000000,0.000000000,0.229302576,0.000000000,0.000000000,885.000,102.000,102.000
1786781306873,XAUT_USDT,demo,0,stale_binance,0,0.000000000,0.500000000,0.000000000,0.000000000,0.229302576,0.000000000,0.000000000,1012.000,229.000,229.000
1786781306985,XAUT_USDT,demo,0,stale_binance,0,0.000000000,0.500000000,0.000000000,0.000000000,0.229302576,0.000000000,0.000000000,1124.000,0.000,0.000
1786781307141,XAUT_USDT,demo,0,microspread_below_threshold,0,0.000000000,0.500000000,2.006196287,2.006196287,0.229302576,0.000000000,0.000000000,103.000,65.000,65.000
1786781307290,XAUT_USDT,demo,0,microspread_below_threshold,0,0.000000000,0.500000000,2.006196287,2.006196287,0.229302576,0.000000000,0.000000000,252.000,130.000,130.000
1786781307417,XAUT_USDT,demo,0,stale_binance,0,0.000000000,0.500000000,0.000000000,0.000000000,0.229302576,0.000000000,0.000000000,379.000,0.000,0.000
1786781307561,XAUT_USDT,demo,0,stale_binance,0,0.000000000,0.500000000,0.000000000,0.000000000,0.229302576,0.000000000,0.000000000,523.000,59.000,59.000
1786781307711,XAUT_USDT,demo,0,stale_binance,0,0.000000000,0.500000000,0.000000000,0.000000000,0.229302576,0.000000000,0.000000000,673.000,120.000,120.000
1786781307833,XAUT_USDT,demo,0,stale_binance,0,0.000000000,0.500000000,0.000000000,0.000000000,0.229302576,0.000000000,0.000000000,795.000,242.000,242.000
1786781307935,XAUT_USDT,demo,0,stale_binance,0,0.000000000,0.500000000,0.000000000,0.000000000,0.229302576,0.000000000,0.000000000,897.000,0.000,0.000
1786781308046,XAUT_USDT,demo,0,stale_binance,0,0.000000000,0.500000000,0.000000000,0.000000000,0.229302576,0.000000000,0.000000000,1008.000,111.000,111.000
1786781308161,XAUT_USDT,demo,0,stale_binance,0,0.000000000,0.500000000,0.000000000,0.000000000,0.229302576,0.000000000,0.000000000,1123.000,53.000,53.000
1786781308261,XAUT_USDT,demo,0,microspread_below_threshold,0,0.000000000,0.500000000,2.006196287,2.006196287,0.229302576,0.000000000,0.000000000,69.000,66.000,66.000
1786781308377,XAUT_USDT,demo,0,microspread_below_threshold,0,0.000000000,0.500000000,2.006196287,2.006196287,0.229302576,0.000000000,0.000000000,185.000,182.000,182.000
1786781308515,XAUT_USDT,demo,0,stale_binance,0,0.000000000,0.500000000,0.000000000,0.000000000,0.229302576,0.000000000,0.000000000,323.000,66.000,66.000
1786781308621,XAUT_USDT,demo,0,stale_binance,0,0.000000000,0.500000000,0.000000000,0.000000000,0.229302576,0.000000000,0.000000000,429.000,0.000,0.000
1786781308759,XAUT_USDT,demo,0,stale_binance,0,0.000000000,0.500000000,0.000000000,0.000000000,0.229302576,0.000000000,0.000000000,567.000,54.000,54.000
1786781309512,XAUT_USDT,demo,0,stale_binance,0,0.000000000,0.500000000,0.000000000,0.000000000,0.229302576,0.000000000,0.000000000,417.000,26.000,26.000
1786781309641,XAUT_USDT,demo,0,stale_binance,0,0.000000000,0.500000000,0.000000000,0.000000000,0.229302576,0.000000000,0.000000000,546.000,155.000,155.000
1786781309776,XAUT_USDT,demo,0,stale_binance,0,0.000000000,0.500000000,0.000000000,0.000000000,0.229302576,0.000000000,0.000000000,681.000,121.000,121.000
1786781309884,XAUT_USDT,demo,0,stale_binance,0,0.000000000,0.500000000,0.000000000,0.000000000,0.229302576,0.000000000,0.000000000,789.000,229.000,229.000
1786781309996,XAUT_USDT,demo,0,stale_binance,0,0.000000000,0.500000000,0.000000000,0.000000000,0.229302576,0.000000000,0.000000000,901.000,0.000,0.000
1786781310142,XAUT_USDT,demo,0,stale_binance,0,0.000000000,0.500000000,0.000000000,0.000000000,0.229302576,0.000000000,0.000000000,1047.000,60.000,60.000
1786781310260,XAUT_USDT,demo,0,stale_binance,0,0.000000000,0.500000000,0.000000000,0.000000000,0.229302576,0.000000000,0.000000000,1165.000,178.000,178.000
1786781310397,XAUT_USDT,demo,0,stale_binance,0,0.000000000,0.500000000,0.000000000,0.000000000,0.229302576,0.000000000,0.000000000,1302.000,56.000,56.000
1786781310515,XAUT_USDT,demo,0,microspread_below_threshold,0,0.000000000,0.500000000,2.006196287,2.006196287,0.229302576,0.000000000,0.000000000,83.000,1.000,1.000
1786781310660,XAUT_USDT,demo,0,microspread_below_threshold,0,0.000000000,0.500000000,2.006196287,2.006196287,0.229302576,0.000000000,0.000000000,228.000,60.000,60.000
1786781310810,XAUT_USDT,demo,0,stale_binance,0,0.000000000,0.500000000,0.000000000,0.000000000,0.229302576,0.000000000,0.000000000,378.000,124.000,124.000
1786781310925,XAUT_USDT,demo,0,microspread_below_threshold,0,0.000000000,0.500000000,2.006196287,2.006196287,0.229302576,0.000000000,0.000000000,57.000,239.000,239.000
1786781311029,XAUT_USDT,demo,0,microspread_below_threshold,0,0.000000000,0.500000000,2.006196287,2.006196287,0.229302576,0.000000000,0.000000000,161.000,0.000,0.000
1786781311143,XAUT_USDT,demo,0,microspread_below_threshold,0,0.000000000,0.500000000,2.006196287,2.006196287,0.229302576,0.000000000,0.000000000,275.000,114.000,114.000
1786781311257,XAUT_USDT,demo,0,stale_binance,0,0.000000000,0.500000000,0.000000000,0.000000000,0.229302576,0.000000000,0.000000000,389.000,54.000,54.000
1786781311365,XAUT_USDT,demo,0,stale_binance,0,0.000000000,0.500000000,0.000000000,0.000000000,0.229302576,0.000000000,0.000000000,497.000,162.000,162.000
1786781311511,XAUT_USDT,demo,0,microspread_below_threshold,0,0.000000000,0.500000000,2.006196287,2.006196287,0.229302576,0.000000000,0.000000000,63.000,52.000,52.000
1786781311632,XAUT_USDT,demo,0,microspread_below_threshold,0,0.000000000,0.500000000,2.006196287,2.006196287,0.229302576,0.000000000,0.000000000,184.000,0.000,0.000
1786781311780,XAUT_USDT,demo,0,stale_binance,0,0.000000000,0.500000000,0.000000000,0.000000000,0.229302576,0.000000000,0.000000000,332.000,59.000,59.000
1786781311915,XAUT_USDT,demo,0,stale_binance,0,0.000000000,0.500000000,0.000000000,0.000000000,0.229302576,0.000000000,0.000000000,467.000,111.000,111.000
1786781312034,XAUT_USDT,demo,0,stale_binance,0,0.000000000,0.500000000,0.000000000,0.000000000,0.229302576,0.000000000,0.000000000,586.000,55.000,55.000
1786781312158,XAUT_USDT,demo,0,microspread_below_threshold,0,0.000000000,0.500000000,2.006196287,2.006196287,0.229302576,0.000000000,0.000000000,1.000,92.000,92.000
1786781312292,XAUT_USDT,demo,0,microspread_below_threshold,0,0.000000000,0.500000000,2.006196287,2.006196287,0.229302576,0.000000000,0.000000000,132.000,226.000,226.000
1786781312407,XAUT_USDT,demo,0,microspread_below_threshold,0,0.000000000,0.500000000,2.006196287,2.006196287,0.229302576,0.000000000,0.000000000,247.000,0.000,0.000
1786781312549,XAUT_USDT,demo,0,stale_binance,0,0.000000000,0.500000000,0.000000000,0.000000000,0.229302576,0.000000000,0.000000000,389.000,56.000,56.000
1786781312667,XAUT_USDT,demo,0,stale_binance,0,0.000000000,0.500000000,0.000000000,0.000000000,0.229302576,0.000000000,0.000000000,507.000,0.000,0.000
1786781312811,XAUT_USDT,demo,0,stale_binance,0,0.000000000,0.500000000,0.000000000,0.000000000,0.229302576,0.000000000,0.000000000,651.000,59.000,59.000
1786781312935,XAUT_USDT,demo,0,microspread_below_threshold,0,0.000000000,0.500000000,2.006196287,2.006196287,0.229302576,0.000000000,0.000000000,0.000,99.000,99.000
1786781313074,XAUT_USDT,demo,0,microspread_below_threshold,0,0.000000000,0.500000000,2.006196287,2.006196287,0.229302576,0.000000000,0.000000000,137.000,66.000,66.000
1786781313209,XAUT_USDT,demo,0,microspread_below_threshold,0,0.000000000,0.500000000,2.006196287,2.006196287,0.229302576,0.000000000,0.000000000,272.000,113.000,113.000
1786781313326,XAUT_USDT,demo,0,stale_binance,0,0.000000000,0.500000000,0.000000000,0.000000000,0.229302576,0.000000000,0.000000000,389.000,230.000,230.000
1786781313441,XAUT_USDT,demo,0,stale_binance,0,0.000000000,0.500000000,0.000000000,0.000000000,0.229302576,0.000000000,0.000000000,504.000,1.000,1.000
1786781313557,XAUT_USDT,demo,0,stale_binance,0,0.000000000,0.500000000,0.000000000,0.000000000,0.229302576,0.000000000,0.000000000,620.000,117.000,117.000
1786781891577,XAUT_USDT,demo,0,leader_micro_move_too_small,1,1.949284218,0.500000000,1.593854833,-0.355429385,0.229349908,0.000000000,0.000000000,242.000,62.000,62.000
1786781891678,XAUT_USDT,demo,0,stale_binance,0,0.000000000,0.500000000,0.000000000,0.000000000,0.229349908,0.000000000,0.000000000,343.000,0.000,0.000
1786781891822,XAUT_USDT,demo,0,stale_binance,0,0.000000000,0.500000000,0.000000000,0.000000000,0.229349908,0.000000000,0.000000000,487.000,59.000,59.000
1786781891938,XAUT_USDT,demo,0,stale_binance,0,0.000000000,0.500000000,0.000000000,0.000000000,0.229349908,0.000000000,0.000000000,603.000,0.000,0.000
1786781892088,XAUT_USDT,demo,0,leader_micro_move_too_small,1,1.949284218,0.500000000,1.593854833,-0.355429385,0.229349908,0.000000000,0.000000000,66.000,150.000,150.000
1786781892212,XAUT_USDT,demo,0,leader_micro_move_too_small,1,1.949284218,0.500000000,1.593854833,-0.355429385,0.229349908,0.000000000,0.000000000,190.000,274.000,274.000
1786781892336,XAUT_USDT,demo,0,stale_binance,0,0.000000000,0.500000000,0.000000000,0.000000000,0.229349908,0.000000000,0.000000000,314.000,59.000,59.000
1786781892495,XAUT_USDT,demo,0,stale_binance,0,0.000000000,0.500000000,0.000000000,0.000000000,0.229349908,0.000000000,0.000000000,473.000,130.000,130.000
1786781892620,XAUT_USDT,demo,0,stale_binance,0,0.000000000,0.500000000,0.000000000,0.000000000,0.229349908,0.000000000,0.000000000,598.000,255.000,255.000
1786781893462,XAUT_USDT,demo,0,stale_binance,0,0.000000000,0.500000000,0.000000000,0.000000000,0.229349908,0.000000000,0.000000000,1440.000,69.000,69.000
1786781893604,XAUT_USDT,demo,0,leader_micro_move_too_small,1,1.949284218,0.500000000,1.593854833,-0.355429385,0.229349908,0.000000000,0.000000000,63.000,126.000,126.000
1786781893712,XAUT_USDT,demo,0,leader_micro_move_too_small,1,1.949284218,0.500000000,1.593854833,-0.355429385,0.229349908,0.000000000,0.000000000,58.000,62.000,62.000
1786781893819,XAUT_USDT,demo,0,leader_micro_move_too_small,1,1.949284218,0.500000000,1.593854833,-0.355429385,0.229349908,0.000000000,0.000000000,165.000,0.000,0.000
1786781893958,XAUT_USDT,demo,0,stale_binance,0,0.000000000,0.500000000,0.000000000,0.000000000,0.229349908,0.000000000,0.000000000,304.000,54.000,54.000
1786781894084,XAUT_USDT,demo,0,stale_binance,0,0.000000000,0.500000000,0.000000000,0.000000000,0.229349908,0.000000000,0.000000000,430.000,180.000,180.000
1786781894225,XAUT_USDT,demo,0,stale_binance,0,0.000000000,0.500000000,0.000000000,0.000000000,0.229349908,0.000000000,0.000000000,571.000,64.000,64.000
1786781894336,XAUT_USDT,demo,0,stale_binance,0,0.000000000,0.500000000,0.000000000,0.000000000,0.229349908,0.000000000,0.000000000,682.000,1.000,1.000
1786781894482,XAUT_USDT,demo,0,stale_binance,0,0.000000000,0.500000000,0.000000000,0.000000000,0.229349908,0.000000000,0.000000000,828.000,56.000,56.000
1786781894585,XAUT_USDT,demo,0,stale_binance,0,0.000000000,0.500000000,0.000000000,0.000000000,0.229349908,0.000000000,0.000000000,931.000,159.000,159.000
1786781894698,XAUT_USDT,demo,0,stale_binance,0,0.000000000,0.500000000,0.000000000,0.000000000,0.229349908,0.000000000,0.000000000,1044.000,105.000,105.000
1786781894811,XAUT_USDT,demo,0,stale_binance,0,0.000000000,0.500000000,0.000000000,0.000000000,0.229349908,0.000000000,0.000000000,1157.000,218.000,218.000
1786781894922,XAUT_USDT,demo,0,stale_binance,0,0.000000000,0.500000000,0.000000000,0.000000000,0.229349908,0.000000000,0.000000000,1268.000,72.000,72.000
1786781895063,XAUT_USDT,demo,0,stale_binance,0,0.000000000,0.500000000,0.000000000,0.000000000,0.229349908,0.000000000,0.000000000,1409.000,127.000,127.000
1786781895172,XAUT_USDT,demo,0,stale_binance,0,0.000000000,0.500000000,0.000000000,0.000000000,0.229349908,0.000000000,0.000000000,1518.000,66.000,66.000
1786781895278,XAUT_USDT,demo,0,stale_binance,0,0.000000000,0.500000000,0.000000000,0.000000000,0.229349908,0.000000000,0.000000000,1624.000,1.000,1.000
1786781895388,XAUT_USDT,demo,0,leader_micro_move_too_small,1,1.949284218,0.500000000,1.593854833,-0.355429385,0.229349908,0.000000000,0.000000000,0.000,23.000,23.000
1786781895515,XAUT_USDT,demo,0,leader_micro_move_too_small,1,1.949284218,0.500000000,1.593854833,-0.355429385,0.229349908,0.000000000,0.000000000,124.000,150.000,150.000
1786781895622,XAUT_USDT,demo,0,leader_micro_move_too_small,1,1.949284218,0.500000000,1.593854833,-0.355429385,0.229349908,0.000000000,0.000000000,231.000,0.000,0.000
1786781895764,XAUT_USDT,demo,0,stale_binance,0,0.000000000,0.500000000,0.000000000,0.000000000,0.229349908,0.000000000,0.000000000,373.000,56.000,56.000
1786781895881,XAUT_USDT,demo,0,stale_binance,0,0.000000000,0.500000000,0.000000000,0.000000000,0.229349908,0.000000000,0.000000000,490.000,0.000,0.000
1786781895998,XAUT_USDT,demo,0,stale_binance,0,0.000000000,0.500000000,0.000000000,0.000000000,0.229349908,0.000000000,0.000000000,607.000,117.000,117.000
1786781896122,XAUT_USDT,demo,0,stale_binance,0,0.000000000,0.500000000,0.000000000,0.000000000,0.229349908,0.000000000,0.000000000,731.000,241.000,241.000
1786781896262,XAUT_USDT,demo,0,stale_binance,0,0.000000000,0.500000000,0.000000000,0.000000000,0.229349908,0.000000000,0.000000000,871.000,126.000,126.000
1786781896367,XAUT_USDT,demo,0,stale_binance,0,0.000000000,0.500000000,0.000000000,0.000000000,0.229349908,0.000000000,0.000000000,976.000,56.000,56.000
1786781896517,XAUT_USDT,demo,0,leader_micro_move_too_small,1,1.949284218,0.500000000,1.593854833,-0.355429385,0.229349908,0.000000000,0.000000000,61.000,120.000,120.000
1786781896625,XAUT_USDT,demo,0,leader_micro_move_too_small,1,1.949284218,0.500000000,1.593854833,-0.355429385,0.229349908,0.000000000,0.000000000,169.000,57.000,57.000
1786781896750,XAUT_USDT,demo,0,leader_micro_move_too_small,1,1.949284218,0.500000000,1.593854833,-0.355429385,0.229349908,0.000000000,0.000000000,294.000,182.000,182.000
1786781896860,XAUT_USDT,demo,0,microspread_below_threshold,0,0.000000000,0.500000000,1.593854833,1.593854833,0.229349908,0.000000000,0.000000000,0.000,33.000,33.000
1786781896971,XAUT_USDT,demo,0,microspread_below_threshold,0,0.000000000,0.500000000,1.593854833,1.593854833,0.229349908,0.000000000,0.000000000,108.000,58.000,58.000
1786781897112,XAUT_USDT,demo,0,microspread_below_threshold,0,0.000000000,0.500000000,1.593854833,1.593854833,0.229349908,0.000000000,0.000000000,249.000,114.000,114.000
1786781897235,XAUT_USDT,demo,0,stale_binance,0,0.000000000,0.500000000,0.000000000,0.000000000,0.229349908,0.000000000,0.000000000,372.000,237.000,237.000
1786781897344,XAUT_USDT,demo,0,stale_binance,0,0.000000000,0.500000000,0.000000000,0.000000000,0.229349908,0.000000000,0.000000000,481.000,0.000,0.000
1786781897486,XAUT_USDT,demo,0,stale_binance,0,0.000000000,0.500000000,0.000000000,0.000000000,0.229349908,0.000000000,0.000000000,623.000,56.000,56.000
1786781897610,XAUT_USDT,demo,0,stale_binance,0,0.000000000,0.500000000,0.000000000,0.000000000,0.229349908,0.000000000,0.000000000,747.000,180.000,180.000
1786781897751,XAUT_USDT,demo,0,stale_binance,0,0.000000000,0.500000000,0.000000000,0.000000000,0.229349908,0.000000000,0.000000000,888.000,65.000,65.000
1786781898485,XAUT_USDT,demo,0,stale_binance,0,0.000000000,0.500000000,0.000000000,0.000000000,0.229349908,0.000000000,0.000000000,569.000,110.000,110.000
1786781898608,XAUT_USDT,demo,0,stale_binance,0,0.000000000,0.500000000,0.000000000,0.000000000,0.229349908,0.000000000,0.000000000,692.000,233.000,233.000
1786781898747,XAUT_USDT,demo,0,stale_binance,0,0.000000000,0.500000000,0.000000000,0.000000000,0.229349908,0.000000000,0.000000000,831.000,114.000,114.000
1786781898852,XAUT_USDT,demo,0,microspread_below_threshold,0,0.000000000,0.500000000,1.593854833,1.593854833,0.229349908,0.000000000,0.000000000,1.000,46.000,46.000
1786781898978,XAUT_USDT,demo,0,microspread_below_threshold,0,0.000000000,0.500000000,1.593854833,1.593854833,0.229349908,0.000000000,0.000000000,80.000,0.000,0.000
1786781899107,XAUT_USDT,demo,0,microspread_below_threshold,0,0.000000000,0.500000000,1.593854833,1.593854833,0.229349908,0.000000000,0.000000000,209.000,129.000,129.000
1786781899230,XAUT_USDT,demo,0,stale_binance,0,0.000000000,0.500000000,0.000000000,0.000000000,0.229349908,0.000000000,0.000000000,332.000,252.000,252.000
1786781899385,XAUT_USDT,demo,0,stale_binance,0,0.000000000,0.500000000,0.000000000,0.000000000,0.229349908,0.000000000,0.000000000,487.000,63.000,63.000
1786781899494,XAUT_USDT,demo,0,stale_binance,0,0.000000000,0.500000000,0.000000000,0.000000000,0.229349908,0.000000000,0.000000000,596.000,1.000,1.000
1786781899620,XAUT_USDT,demo,0,stale_binance,0,0.000000000,0.500000000,0.000000000,0.000000000,0.229349908,0.000000000,0.000000000,722.000,127.000,127.000
1786781899777,XAUT_USDT,demo,0,stale_binance,0,0.000000000,0.500000000,0.000000000,0.000000000,0.229349908,0.000000000,0.000000000,879.000,114.000,114.000
1786781899887,XAUT_USDT,demo,0,stale_binance,0,0.000000000,0.500000000,0.000000000,0.000000000,0.229349908,0.000000000,0.000000000,989.000,52.000,52.000
1786781900040,XAUT_USDT,demo,0,stale_binance,0,0.000000000,0.500000000,0.000000000,0.000000000,0.229349908,0.000000000,0.000000000,1142.000,120.000,120.000
1786781900150,XAUT_USDT,demo,0,microspread_below_threshold,0,0.000000000,0.500000000,1.593854833,1.593854833,0.229349908,0.000000000,0.000000000,58.000,230.000,230.000
1786781900270,XAUT_USDT,demo,0,microspread_below_threshold,0,0.000000000,0.500000000,1.593854833,1.593854833,0.229349908,0.000000000,0.000000000,178.000,0.000,0.000
1786781900416,XAUT_USDT,demo,0,stale_binance,0,0.000000000,0.500000000,0.000000000,0.000000000,0.229349908,0.000000000,0.000000000,324.000,63.000,63.000
1786781900555,XAUT_USDT,demo,0,stale_binance,0,0.000000000,0.500000000,0.000000000,0.000000000,0.229349908,0.000000000,0.000000000,463.000,118.000,118.000
1786781900659,XAUT_USDT,demo,0,microspread_below_threshold,0,0.000000000,0.500000000,1.593854833,1.593854833,0.229349908,0.000000000,0.000000000,0.000,49.000,49.000
1786781900793,XAUT_USDT,demo,0,microspread_below_threshold,0,0.000000000,0.500000000,1.593854833,1.593854833,0.229349908,0.000000000,0.000000000,129.000,183.000,183.000
1786781900933,XAUT_USDT,demo,0,microspread_below_threshold,0,0.000000000,0.500000000,1.593854833,1.593854833,0.229349908,0.000000000,0.000000000,269.000,67.000,67.000
1786781901039,XAUT_USDT,demo,0,stale_binance,0,0.000000000,0.500000000,0.000000000,0.000000000,0.229349908,0.000000000,0.000000000,375.000,0.000,0.000
1786781901181,XAUT_USDT,demo,0,stale_binance,0,0.000000000,0.500000000,0.000000000,0.000000000,0.229349908,0.000000000,0.000000000,517.000,58.000,58.000
1786781901296,XAUT_USDT,demo,0,stale_binance,0,0.000000000,0.500000000,0.000000000,0.000000000,0.229349908,0.000000000,0.000000000,632.000,0.000,0.000
1786781901433,XAUT_USDT,demo,0,microspread_below_threshold,0,0.000000000,0.500000000,1.593854833,1.593854833,0.229349908,0.000000000,0.000000000,60.000,137.000,137.000
1786781901555,XAUT_USDT,demo,0,microspread_below_threshold,0,0.000000000,0.500000000,1.593854833,1.593854833,0.229349908,0.000000000,0.000000000,182.000,0.000,0.000
1786781901701,XAUT_USDT,demo,0,stale_binance,0,0.000000000,0.500000000,0.000000000,0.000000000,0.229349908,0.000000000,0.000000000,328.000,63.000,63.000
1786781901825,XAUT_USDT,demo,0,stale_binance,0,0.000000000,0.500000000,0.000000000,0.000000000,0.229349908,0.000000000,0.000000000,452.000,187.000,187.000
1786781901965,XAUT_USDT,demo,0,stale_binance,0,0.000000000,0.500000000,0.000000000,0.000000000,0.229349908,0.000000000,0.000000000,592.000,64.000,64.000
1786781902105,XAUT_USDT,demo,0,stale_binance,0,0.000000000,0.500000000,0.000000000,0.000000000,0.229349908,0.000000000,0.000000000,732.000,126.000,126.000
1786781902215,XAUT_USDT,demo,0,stale_binance,0,0.000000000,0.500000000,0.000000000,0.000000000,0.229349908,0.000000000,0.000000000,842.000,66.000,66.000
1786781902324,XAUT_USDT,demo,0,stale_binance,0,0.000000000,0.500000000,0.000000000,0.000000000,0.229349908,0.000000000,0.000000000,951.000,0.000,0.000
1786781902463,XAUT_USDT,demo,0,microspread_below_threshold,0,0.000000000,0.500000000,1.593854833,1.593854833,0.229349908,0.000000000,0.000000000,118.000,55.000,55.000
1786781902588,XAUT_USDT,demo,0,microspread_below_threshold,0,0.000000000,0.500000000,1.593854833,1.593854833,0.229349908,0.000000000,0.000000000,243.000,180.000,180.000
1786781902713,XAUT_USDT,demo,0,stale_binance,0,0.000000000,0.500000000,0.000000000,0.000000000,0.229349908,0.000000000,0.000000000,368.000,305.000,305.000
1786781903477,XAUT_USDT,demo,0,stale_binance,0,0.000000000,0.500000000,0.000000000,0.000000000,0.229349908,0.000000000,0.000000000,1132.000,36.000,36.000
1786781903583,XAUT_USDT,demo,0,stale_binance,0,0.000000000,0.500000000,0.000000000,0.000000000,0.229349908,0.000000000,0.000000000,1238.000,57.000,57.000
1786781903710,XAUT_USDT,demo,0,stale_binance,0,0.000000000,0.500000000,0.000000000,0.000000000,0.229349908,0.000000000,0.000000000,1365.000,184.000,184.000
1786781903834,XAUT_USDT,demo,0,stale_binance,0,0.000000000,0.500000000,0.000000000,0.000000000,0.229349908,0.000000000,0.000000000,1489.000,52.000,52.000
1786781903952,XAUT_USDT,demo,0,stale_binance,0,0.000000000,0.500000000,0.000000000,0.000000000,0.229349908,0.000000000,0.000000000,1607.000,0.000,0.000
1786781904068,XAUT_USDT,demo,0,stale_binance,0,0.000000000,0.500000000,0.000000000,0.000000000,0.229349908,0.000000000,0.000000000,1723.000,116.000,116.000
1786781904177,XAUT_USDT,demo,0,microspread_below_threshold,0,0.000000000,0.500000000,1.593854833,1.593854833,0.229349908,0.000000000,0.000000000,104.000,54.000,54.000
1786781904294,XAUT_USDT,demo,0,microspread_below_threshold,0,0.000000000,0.500000000,1.593854833,1.593854833,0.229349908,0.000000000,0.000000000,221.000,0.000,0.000
1786781904442,XAUT_USDT,demo,0,stale_binance,0,0.000000000,0.500000000,0.000000000,0.000000000,0.229349908,0.000000000,0.000000000,369.000,61.000,61.000
1786781904567,XAUT_USDT,demo,0,stale_binance,0,0.000000000,0.500000000,0.000000000,0.000000000,0.229349908,0.000000000,0.000000000,494.000,186.000,186.000
1786781904692,XAUT_USDT,demo,0,stale_binance,0,0.000000000,0.500000000,0.000000000,0.000000000,0.229349908,0.000000000,0.000000000,619.000,311.000,311.000
1786781904807,XAUT_USDT,demo,0,stale_binance,0,0.000000000,0.500000000,0.000000000,0.000000000,0.229349908,0.000000000,0.000000000,734.000,0.000,0.000
1786781904957,XAUT_USDT,demo,0,stale_binance,0,0.000000000,0.500000000,0.000000000,0.000000000,0.229349908,0.000000000,0.000000000,884.000,64.000,64.000
1786781905065,XAUT_USDT,demo,0,stale_binance,0,0.000000000,0.500000000,0.000000000,0.000000000,0.229349908,0.000000000,0.000000000,992.000,0.000,0.000
1786781905191,XAUT_USDT,demo,0,stale_binance,0,0.000000000,0.500000000,0.000000000,0.000000000,0.229349908,0.000000000,0.000000000,1118.000,126.000,126.000
1786781905301,XAUT_USDT,demo,0,microspread_below_threshold,0,0.000000000,0.500000000,1.593854833,1.593854833,0.229349908,0.000000000,0.000000000,59.000,236.000,236.000
1786781905443,XAUT_USDT,demo,0,microspread_below_threshold,0,0.000000000,0.500000000,1.593854833,1.593854833,0.229349908,0.000000000,0.000000000,201.000,120.000,120.000
1786781905566,XAUT_USDT,demo,0,microspread_below_threshold,0,0.000000000,0.500000000,1.593854833,1.593854833,0.229349908,0.000000000,0.000000000,1.000,243.000,243.000
1786781905693,XAUT_USDT,demo,0,microspread_below_threshold,0,0.000000000,0.500000000,1.593854833,1.593854833,0.229349908,0.000000000,0.000000000,128.000,114.000,114.000
1786781905802,XAUT_USDT,demo,0,microspread_below_threshold,0,0.000000000,0.500000000,1.593854833,1.593854833,0.229349908,0.000000000,0.000000000,237.000,53.000,53.000
1786781905921,XAUT_USDT,demo,0,stale_binance,0,0.000000000,0.500000000,0.000000000,0.000000000,0.229349908,0.000000000,0.000000000,356.000,0.000,0.000
1786781906037,XAUT_USDT,demo,0,stale_binance,0,0.000000000,0.500000000,0.000000000,0.000000000,0.229349908,0.000000000,0.000000000,472.000,116.000,116.000
1786781906174,XAUT_USDT,demo,0,microspread_below_threshold,0,0.000000000,0.500000000,1.593854833,1.593854833,0.229349908,0.000000000,0.000000000,98.000,0.000,0.000
1786781906315,XAUT_USDT,demo,0,microspread_below_threshold,0,0.000000000,0.500000000,1.593854833,1.593854833,0.229349908,0.000000000,0.000000000,239.000,54.000,54.000
1786781906470,XAUT_USDT,demo,0,stale_binance,0,0.000000000,0.500000000,0.000000000,0.000000000,0.229349908,0.000000000,0.000000000,394.000,124.000,124.000
1786781906595,XAUT_USDT,demo,0,stale_binance,0,0.000000000,0.500000000,0.000000000,0.000000000,0.229349908,0.000000000,0.000000000,519.000,249.000,249.000
1786781906720,XAUT_USDT,demo,0,stale_binance,0,0.000000000,0.500000000,0.000000000,0.000000000,0.229349908,0.000000000,0.000000000,644.000,118.000,118.000
1786781906831,XAUT_USDT,demo,0,microspread_below_threshold,0,0.000000000,0.500000000,1.593854833,1.593854833,0.229349908,0.000000000,0.000000000,101.000,58.000,58.000
1786781906945,XAUT_USDT,demo,0,microspread_below_threshold,0,0.000000000,0.500000000,1.593854833,1.593854833,0.229349908,0.000000000,0.000000000,215.000,0.000,0.000
1786781907067,XAUT_USDT,demo,0,stale_binance,0,0.000000000,0.500000000,0.000000000,0.000000000,0.229349908,0.000000000,0.000000000,337.000,122.000,122.000
1786781907175,XAUT_USDT,demo,0,microspread_below_threshold,0,0.000000000,0.500000000,1.593854833,1.593854833,0.229349908,0.000000000,0.000000000,0.000,61.000,61.000
1786781907288,XAUT_USDT,demo,0,microspread_below_threshold,0,0.000000000,0.500000000,1.593854833,1.593854833,0.229349908,0.000000000,0.000000000,86.000,0.000,0.000
1786781907433,XAUT_USDT,demo,0,microspread_below_threshold,0,0.000000000,0.500000000,1.593854833,1.593854833,0.229349908,0.000000000,0.000000000,231.000,53.000,53.000
1786781907552,XAUT_USDT,demo,0,stale_binance,0,0.000000000,0.500000000,0.000000000,0.000000000,0.229349908,0.000000000,0.000000000,350.000,0.000,0.000
1786781907698,XAUT_USDT,demo,0,stale_binance,0,0.000000000,0.500000000,0.000000000,0.000000000,0.229349908,0.000000000,0.000000000,496.000,59.000,59.000
1786781908561,XAUT_USDT,demo,0,microspread_below_threshold,0,0.000000000,0.500000000,1.593854833,1.593854833,0.229349908,0.000000000,0.000000000,257.000,240.000,240.000
1786781908712,XAUT_USDT,demo,0,microspread_below_threshold,0,0.000000000,0.500000000,1.593854833,1.593854833,0.229349908,0.000000000,0.000000000,118.000,131.000,131.000
1786781908868,XAUT_USDT,demo,0,microspread_below_threshold,0,0.000000000,0.500000000,1.593854833,1.593854833,0.229349908,0.000000000,0.000000000,274.000,118.000,118.000
1786781908977,XAUT_USDT,demo,0,stale_binance,0,0.000000000,0.500000000,0.000000000,0.000000000,0.229349908,0.000000000,0.000000000,383.000,54.000,54.000
1786781909101,XAUT_USDT,demo,0,stale_binance,0,0.000000000,0.500000000,0.000000000,0.000000000,0.229349908,0.000000000,0.000000000,507.000,178.000,178.000
1786781909226,XAUT_USDT,demo,0,stale_binance,0,0.000000000,0.500000000,0.000000000,0.000000000,0.229349908,0.000000000,0.000000000,632.000,303.000,303.000
1786781909353,XAUT_USDT,demo,0,stale_binance,0,0.000000000,0.500000000,0.000000000,0.000000000,0.229349908,0.000000000,0.000000000,759.000,0.000,0.000
1786781909501,XAUT_USDT,demo,0,microspread_below_threshold,0,0.000000000,0.500000000,1.593854833,1.593854833,0.229349908,0.000000000,0.000000000,127.000,60.000,60.000
1786781909647,XAUT_USDT,demo,0,microspread_below_threshold,0,0.000000000,0.500000000,1.593854833,1.593854833,0.229349908,0.000000000,0.000000000,0.000,124.000,124.000
1786781909752,XAUT_USDT,demo,0,microspread_below_threshold,0,0.000000000,0.500000000,1.593854833,1.593854833,0.229349908,0.000000000,0.000000000,81.000,59.000,59.000
1786781909871,XAUT_USDT,demo,0,microspread_below_threshold,0,0.000000000,0.500000000,1.593854833,1.593854833,0.229349908,0.000000000,0.000000000,200.000,0.000,0.000
1786781910003,XAUT_USDT,demo,0,stale_binance,0,0.000000000,0.500000000,0.000000000,0.000000000,0.229349908,0.000000000,0.000000000,332.000,132.000,132.000
1786781910146,XAUT_USDT,demo,0,microspread_below_threshold,0,0.000000000,0.500000000,1.593854833,1.593854833,0.229349908,0.000000000,0.000000000,53.000,275.000,275.000
1786781910273,XAUT_USDT,demo,0,microspread_below_threshold,0,0.000000000,0.500000000,1.593854833,1.593854833,0.229349908,0.000000000,0.000000000,79.000,55.000,55.000
1786781910388,XAUT_USDT,demo,0,microspread_below_threshold,0,0.000000000,0.500000000,1.593854833,1.593854833,0.229349908,0.000000000,0.000000000,194.000,1.000,1.000
1786781910506,XAUT_USDT,demo,0,stale_binance,0,0.000000000,0.500000000,0.000000000,0.000000000,0.229349908,0.000000000,0.000000000,312.000,119.000,119.000
1786781910632,XAUT_USDT,demo,0,stale_binance,0,0.000000000,0.500000000,0.000000000,0.000000000,0.229349908,0.000000000,0.000000000,438.000,245.000,245.000
1786781910770,XAUT_USDT,demo,0,stale_binance,0,0.000000000,0.500000000,0.000000000,0.000000000,0.229349908,0.000000000,0.000000000,576.000,125.000,125.000
1786781910904,XAUT_USDT,demo,0,microspread_below_threshold,0,0.000000000,0.500000000,1.593854833,1.593854833,0.229349908,0.000000000,0.000000000,59.000,1.000,1.000
1786781911021,XAUT_USDT,demo,0,microspread_below_threshold,0,0.000000000,0.500000000,1.593854833,1.593854833,0.229349908,0.000000000,0.000000000,176.000,118.000,118.000
1786781911129,XAUT_USDT,demo,0,microspread_below_threshold,0,0.000000000,0.500000000,1.593854833,1.593854833,0.229349908,0.000000000,0.000000000,75.000,57.000,57.000
1786781911242,XAUT_USDT,demo,0,microspread_below_threshold,0,0.000000000,0.500000000,1.593854833,1.593854833,0.229349908,0.000000000,0.000000000,31.000,0.000,0.000
1786781911393,XAUT_USDT,demo,0,microspread_below_threshold,0,0.000000000,0.500000000,1.593854833,1.593854833,0.229349908,0.000000000,0.000000000,182.000,63.000,63.000
1786781911502,XAUT_USDT,demo,0,microspread_below_threshold,0,0.000000000,0.500000000,1.593854833,1.593854833,0.229349908,0.000000000,0.000000000,291.000,0.000,0.000
1786781911641,XAUT_USDT,demo,0,stale_binance,0,0.000000000,0.500000000,0.000000000,0.000000000,0.229349908,0.000000000,0.000000000,430.000,52.000,52.000
1786781911798,XAUT_USDT,demo,0,stale_binance,0,0.000000000,0.500000000,0.000000000,0.000000000,0.229349908,0.000000000,0.000000000,587.000,115.000,115.000
1786781911907,XAUT_USDT,demo,0,microspread_below_threshold,0,0.000000000,0.500000000,1.593854833,1.593854833,0.229349908,0.000000000,0.000000000,73.000,58.000,58.000
1786781912064,XAUT_USDT,demo,0,microspread_below_threshold,0,0.000000000,0.500000000,1.593854833,1.593854833,0.229349908,0.000000000,0.000000000,230.000,128.000,128.000
1786781912187,XAUT_USDT,demo,0,stale_binance,0,0.000000000,0.500000000,0.000000000,0.000000000,0.229349908,0.000000000,0.000000000,353.000,251.000,251.000
1786781912330,XAUT_USDT,demo,0,stale_binance,0,0.000000000,0.500000000,0.000000000,0.000000000,0.229349908,0.000000000,0.000000000,496.000,52.000,52.000
1786781912485,XAUT_USDT,demo,0,stale_binance,0,0.000000000,0.500000000,0.000000000,0.000000000,0.229349908,0.000000000,0.000000000,651.000,117.000,117.000
1786781912608,XAUT_USDT,demo,0,stale_binance,0,0.000000000,0.500000000,0.000000000,0.000000000,0.229349908,0.000000000,0.000000000,774.000,240.000,240.000
1786781912708,XAUT_USDT,demo,0,stale_binance,0,0.000000000,0.500000000,0.000000000,0.000000000,0.229349908,0.000000000,0.000000000,874.000,0.000,0.000
1786781913550,XAUT_USDT,demo,0,microspread_below_threshold,0,0.000000000,0.500000000,1.593854833,1.593854833,0.229349908,0.000000000,0.000000000,250.000,157.000,157.000
1786781913671,XAUT_USDT,demo,0,stale_binance,0,0.000000000,0.500000000,0.000000000,0.000000000,0.229349908,0.000000000,0.000000000,371.000,278.000,278.000
1786781913797,XAUT_USDT,demo,0,stale_binance,0,0.000000000,0.500000000,0.000000000,0.000000000,0.229349908,0.000000000,0.000000000,497.000,63.000,63.000
1786781913907,XAUT_USDT,demo,0,stale_binance,0,0.000000000,0.500000000,0.000000000,0.000000000,0.229349908,0.000000000,0.000000000,607.000,0.000,0.000
1786781914032,XAUT_USDT,demo,0,stale_binance,0,0.000000000,0.500000000,0.000000000,0.000000000,0.229349908,0.000000000,0.000000000,732.000,125.000,125.000
1786781914157,XAUT_USDT,demo,0,stale_binance,0,0.000000000,0.500000000,0.000000000,0.000000000,0.229349908,0.000000000,0.000000000,857.000,250.000,250.000
1786781914283,XAUT_USDT,demo,0,stale_binance,0,0.000000000,0.500000000,0.000000000,0.000000000,0.229349908,0.000000000,0.000000000,983.000,119.000,119.000
1786781914390,XAUT_USDT,demo,0,microspread_below_threshold,0,0.000000000,0.500000000,1.593854833,1.593854833,0.229349908,0.000000000,0.000000000,51.000,54.000,54.000
1786781914513,XAUT_USDT,demo,0,microspread_below_threshold,0,0.000000000,0.500000000,1.593854833,1.593854833,0.229349908,0.000000000,0.000000000,174.000,177.000,177.000
1786781914616,XAUT_USDT,demo,0,microspread_below_threshold,0,0.000000000,0.500000000,1.593854833,1.593854833,0.229349908,0.000000000,0.000000000,277.000,280.000,280.000
1786781914736,XAUT_USDT,demo,0,stale_binance,0,0.000000000,0.500000000,0.000000000,0.000000000,0.229349908,0.000000000,0.000000000,397.000,58.000,58.000
1786781914851,XAUT_USDT,demo,0,stale_binance,0,0.000000000,0.500000000,0.000000000,0.000000000,0.229349908,0.000000000,0.000000000,512.000,0.000,0.000
1786781915001,XAUT_USDT,demo,0,stale_binance,0,0.000000000,0.500000000,0.000000000,0.000000000,0.229349908,0.000000000,0.000000000,662.000,65.000,65.000
1786781915126,XAUT_USDT,demo,0,stale_binance,0,0.000000000,0.500000000,0.000000000,0.000000000,0.229349908,0.000000000,0.000000000,787.000,190.000,190.000
1786781915266,XAUT_USDT,demo,0,microspread_below_threshold,0,0.000000000,0.500000000,1.593854833,1.593854833,0.229349908,0.000000000,0.000000000,53.000,330.000,330.000
1786781915368,XAUT_USDT,demo,0,microspread_below_threshold,0,0.000000000,0.500000000,1.593854833,1.593854833,0.229349908,0.000000000,0.000000000,155.000,0.000,0.000
1786781915502,XAUT_USDT,demo,0,microspread_below_threshold,0,0.000000000,0.500000000,1.593854833,1.593854833,0.229349908,0.000000000,0.000000000,289.000,52.000,52.000
1786781915658,XAUT_USDT,demo,0,stale_binance,0,0.000000000,0.500000000,0.000000000,0.000000000,0.229349908,0.000000000,0.000000000,445.000,123.000,123.000
1786781915766,XAUT_USDT,demo,0,stale_binance,0,0.000000000,0.500000000,0.000000000,0.000000000,0.229349908,0.000000000,0.000000000,553.000,63.000,63.000
1786781915881,XAUT_USDT,demo,0,stale_binance,0,0.000000000,0.500000000,0.000000000,0.000000000,0.229349908,0.000000000,0.000000000,668.000,0.000,0.000
1786781915997,XAUT_USDT,demo,0,stale_binance,0,0.000000000,0.500000000,0.000000000,0.000000000,0.229349908,0.000000000,0.000000000,784.000,116.000,116.000
1786781916123,XAUT_USDT,demo,0,stale_binance,0,0.000000000,0.500000000,0.000000000,0.000000000,0.229349908,0.000000000,0.000000000,910.000,242.000,242.000
1786781916279,XAUT_USDT,demo,0,stale_binance,0,0.000000000,0.500000000,0.000000000,0.000000000,0.229349908,0.000000000,0.000000000,1066.000,64.000,64.000
1786781916392,XAUT_USDT,demo,0,stale_binance,0,0.000000000,0.500000000,0.000000000,0.000000000,0.229349908,0.000000000,0.000000000,1179.000,0.000,0.000
1786781916515,XAUT_USDT,demo,0,stale_binance,0,0.000000000,0.500000000,0.000000000,0.000000000,0.229349908,0.000000000,0.000000000,1302.000,123.000,123.000
1786781916647,XAUT_USDT,demo,0,microspread_below_threshold,0,0.000000000,0.500000000,1.593854833,1.593854833,0.229349908,0.000000000,0.000000000,110.000,0.000,0.000
1786781916797,XAUT_USDT,demo,0,microspread_below_threshold,0,0.000000000,0.500000000,1.593854833,1.593854833,0.229349908,0.000000000,0.000000000,260.000,65.000,65.000
1786781916906,XAUT_USDT,demo,0,stale_binance,0,0.000000000,0.500000000,0.000000000,0.000000000,0.229349908,0.000000000,0.000000000,369.000,0.000,0.000
1786781917046,XAUT_USDT,demo,0,stale_binance,0,0.000000000,0.500000000,0.000000000,0.000000000,0.229349908,0.000000000,0.000000000,509.000,54.000,54.000
1786781917171,XAUT_USDT,demo,0,stale_binance,0,0.000000000,0.500000000,0.000000000,0.000000000,0.229349908,0.000000000,0.000000000,634.000,179.000,179.000
1786781917295,XAUT_USDT,demo,0,stale_binance,0,0.000000000,0.500000000,0.000000000,0.000000000,0.229349908,0.000000000,0.000000000,758.000,303.000,303.000
1786781917422,XAUT_USDT,demo,0,stale_binance,0,0.000000000,0.500000000,0.000000000,0.000000000,0.229349908,0.000000000,0.000000000,885.000,0.000,0.000
1786781917545,XAUT_USDT,demo,0,microspread_below_threshold,0,0.000000000,0.500000000,1.593854833,1.593854833,0.229349908,0.000000000,0.000000000,60.000,123.000,123.000
1786781917669,XAUT_USDT,demo,0,microspread_below_threshold,0,0.000000000,0.500000000,1.593854833,1.593854833,0.229349908,0.000000000,0.000000000,184.000,247.000,247.000
1786781917795,XAUT_USDT,demo,0,stale_binance,0,0.000000000,0.500000000,0.000000000,0.000000000,0.229349908,0.000000000,0.000000000,310.000,114.000,114.000
1786781918493,XAUT_USDT,demo,0,stale_binance,0,0.000000000,0.500000000,0.000000000,0.000000000,0.229349908,0.000000000,0.000000000,1008.000,38.000,38.000
1786781918622,XAUT_USDT,demo,0,stale_binance,0,0.000000000,0.500000000,0.000000000,0.000000000,0.229349908,0.000000000,0.000000000,1137.000,167.000,167.000
1786781918746,XAUT_USDT,demo,0,stale_binance,0,0.000000000,0.500000000,0.000000000,0.000000000,0.229349908,0.000000000,0.000000000,1261.000,291.000,291.000
1786781918872,XAUT_USDT,demo,0,stale_binance,0,0.000000000,0.500000000,0.000000000,0.000000000,0.229349908,0.000000000,0.000000000,1387.000,417.000,417.000
1786781919012,XAUT_USDT,demo,0,stale_binance,0,0.000000000,0.500000000,0.000000000,0.000000000,0.229349908,0.000000000,0.000000000,1527.000,126.000,126.000
1786781919137,XAUT_USDT,demo,0,stale_binance,0,0.000000000,0.500000000,0.000000000,0.000000000,0.229349908,0.000000000,0.000000000,1652.000,251.000,251.000
1786781919277,XAUT_USDT,demo,0,stale_binance,0,0.000000000,0.500000000,0.000000000,0.000000000,0.229349908,0.000000000,0.000000000,1792.000,51.000,51.000
1786781919402,XAUT_USDT,demo,0,stale_binance,0,0.000000000,0.500000000,0.000000000,0.000000000,0.229349908,0.000000000,0.000000000,1917.000,0.000,0.000
1786781919526,XAUT_USDT,demo,0,stale_binance,0,0.000000000,0.500000000,0.000000000,0.000000000,0.229349908,0.000000000,0.000000000,2041.000,124.000,124.000
1786781919656,XAUT_USDT,demo,0,microspread_below_threshold,0,0.000000000,0.500000000,1.593854833,1.593854833,0.229349908,0.000000000,0.000000000,34.000,0.000,0.000
1786781919775,XAUT_USDT,demo,0,microspread_below_threshold,0,0.000000000,0.500000000,1.593854833,1.593854833,0.229349908,0.000000000,0.000000000,153.000,119.000,119.000
1786781919884,XAUT_USDT,demo,0,microspread_below_threshold,0,0.000000000,0.500000000,1.593854833,1.593854833,0.229349908,0.000000000,0.000000000,262.000,55.000,55.000
1786781920011,XAUT_USDT,demo,0,stale_binance,0,0.000000000,0.500000000,0.000000000,0.000000000,0.229349908,0.000000000,0.000000000,389.000,182.000,182.000
1786781920152,XAUT_USDT,demo,0,stale_binance,0,0.000000000,0.500000000,0.000000000,0.000000000,0.229349908,0.000000000,0.000000000,530.000,65.000,65.000
1786781920258,XAUT_USDT,demo,0,stale_binance,0,0.000000000,0.500000000,0.000000000,0.000000000,0.229349908,0.000000000,0.000000000,636.000,0.000,0.000
1786781920383,XAUT_USDT,demo,0,stale_binance,0,0.000000000,0.500000000,0.000000000,0.000000000,0.229349908,0.000000000,0.000000000,761.000,125.000,125.000
1786781920491,XAUT_USDT,demo,0,stale_binance,0,0.000000000,0.500000000,0.000000000,0.000000000,0.229349908,0.000000000,0.000000000,869.000,58.000,58.000
1786781920620,XAUT_USDT,demo,0,stale_binance,0,0.000000000,0.500000000,0.000000000,0.000000000,0.229349908,0.000000000,0.000000000,998.000,104.000,104.000
1786781920733,XAUT_USDT,demo,0,stale_binance,0,0.000000000,0.500000000,0.000000000,0.000000000,0.229349908,0.000000000,0.000000000,1111.000,217.000,217.000
1786781920860,XAUT_USDT,demo,0,stale_binance,0,0.000000000,0.500000000,0.000000000,0.000000000,0.229349908,0.000000000,0.000000000,1238.000,0.000,0.000
1786781920970,XAUT_USDT,demo,0,stale_binance,0,0.000000000,0.500000000,0.000000000,0.000000000,0.229349908,0.000000000,0.000000000,1348.000,110.000,110.000
1786781921083,XAUT_USDT,demo,0,stale_binance,0,0.000000000,0.500000000,0.000000000,0.000000000,0.229349908,0.000000000,0.000000000,1461.000,56.000,56.000
1786781921205,XAUT_USDT,demo,0,stale_binance,0,0.000000000,0.500000000,0.000000000,0.000000000,0.229349908,0.000000000,0.000000000,1583.000,178.000,178.000
1786781921353,XAUT_USDT,demo,0,stale_binance,0,0.000000000,0.500000000,0.000000000,0.000000000,0.229349908,0.000000000,0.000000000,1731.000,62.000,62.000
1786781921465,XAUT_USDT,demo,0,stale_binance,0,0.000000000,0.500000000,0.000000000,0.000000000,0.229349908,0.000000000,0.000000000,1843.000,1.000,1.000
1786781921601,XAUT_USDT,demo,0,stale_binance,0,0.000000000,0.500000000,0.000000000,0.000000000,0.229349908,0.000000000,0.000000000,1979.000,51.000,51.000
1786781921721,XAUT_USDT,demo,0,stale_binance,0,0.000000000,0.500000000,0.000000000,0.000000000,0.229349908,0.000000000,0.000000000,2099.000,0.000,0.000
1786781921864,XAUT_USDT,demo,0,stale_binance,0,0.000000000,0.500000000,0.000000000,0.000000000,0.229349908,0.000000000,0.000000000,2242.000,56.000,56.000
1786781921976,XAUT_USDT,demo,0,stale_binance,0,0.000000000,0.500000000,0.000000000,0.000000000,0.229349908,0.000000000,0.000000000,2354.000,0.000,0.000
1786781922128,XAUT_USDT,demo,0,stale_binance,0,0.000000000,0.500000000,0.000000000,0.000000000,0.229349908,0.000000000,0.000000000,2506.000,64.000,64.000
1786781922232,XAUT_USDT,demo,0,stale_binance,0,0.000000000,0.500000000,0.000000000,0.000000000,0.229349908,0.000000000,0.000000000,2610.000,0.000,0.000
1786781922377,XAUT_USDT,demo,0,stale_binance,0,0.000000000,0.500000000,0.000000000,0.000000000,0.229349908,0.000000000,0.000000000,2755.000,53.000,53.000
1786781922503,XAUT_USDT,demo,0,stale_binance,0,0.000000000,0.500000000,0.000000000,0.000000000,0.229349908,0.000000000,0.000000000,2881.000,179.000,179.000
1786781922607,XAUT_USDT,demo,0,stale_binance,0,0.000000000,0.500000000,0.000000000,0.000000000,0.229349908,0.000000000,0.000000000,2985.000,283.000,283.000
1786781922720,XAUT_USDT,demo,0,stale_binance,0,0.000000000,0.500000000,0.000000000,0.000000000,0.229349908,0.000000000,0.000000000,3098.000,396.000,396.000
1786781922836,XAUT_USDT,demo,0,stale_binance,0,0.000000000,0.500000000,0.000000000,0.000000000,0.229349908,0.000000000,0.000000000,3214.000,0.000,0.000
1786781923619,XAUT_USDT,demo,0,stale_binance,0,0.000000000,0.500000000,0.000000000,0.000000000,0.229349908,0.000000000,0.000000000,3997.000,9.000,9.000
1786781923742,XAUT_USDT,demo,0,stale_binance,0,0.000000000,0.500000000,0.000000000,0.000000000,0.229349908,0.000000000,0.000000000,4120.000,132.000,132.000
1786781923866,XAUT_USDT,demo,0,stale_binance,0,0.000000000,0.500000000,0.000000000,0.000000000,0.229349908,0.000000000,0.000000000,4244.000,0.000,0.000
1786781923992,XAUT_USDT,demo,0,stale_binance,0,0.000000000,0.500000000,0.000000000,0.000000000,0.229349908,0.000000000,0.000000000,4370.000,126.000,126.000
1786781924117,XAUT_USDT,demo,0,stale_binance,0,0.000000000,0.500000000,0.000000000,0.000000000,0.229349908,0.000000000,0.000000000,4495.000,251.000,251.000
1786781924243,XAUT_USDT,demo,0,stale_binance,0,0.000000000,0.500000000,0.000000000,0.000000000,0.229349908,0.000000000,0.000000000,4621.000,377.000,377.000
1786781924353,XAUT_USDT,demo,0,stale_binance,0,0.000000000,0.500000000,0.000000000,0.000000000,0.229349908,0.000000000,0.000000000,4731.000,57.000,57.000
1786781924509,XAUT_USDT,demo,0,stale_binance,0,0.000000000,0.500000000,0.000000000,0.000000000,0.229349908,0.000000000,0.000000000,4887.000,122.000,122.000
1786781924617,XAUT_USDT,demo,0,stale_binance,0,0.000000000,0.500000000,0.000000000,0.000000000,0.229349908,0.000000000,0.000000000,4995.000,57.000,57.000
1786781924742,XAUT_USDT,demo,0,stale_binance,0,0.000000000,0.500000000,0.000000000,0.000000000,0.229349908,0.000000000,0.000000000,5120.000,182.000,182.000
1786781924866,XAUT_USDT,demo,0,stale_binance,0,0.000000000,0.500000000,0.000000000,0.000000000,0.229349908,0.000000000,0.000000000,5244.000,52.000,52.000
1786781924986,XAUT_USDT,demo,0,stale_binance,0,0.000000000,0.500000000,0.000000000,0.000000000,0.229349908,0.000000000,0.000000000,5364.000,0.000,0.000
1786781925101,XAUT_USDT,demo,0,stale_binance,0,0.000000000,0.500000000,0.000000000,0.000000000,0.229349908,0.000000000,0.000000000,5479.000,115.000,115.000
1786781925224,XAUT_USDT,demo,0,stale_binance,0,0.000000000,0.500000000,0.000000000,0.000000000,0.229349908,0.000000000,0.000000000,5602.000,238.000,238.000
1786781925329,XAUT_USDT,demo,0,stale_binance,0,0.000000000,0.500000000,0.000000000,0.000000000,0.229349908,0.000000000,0.000000000,5707.000,0.000,0.000
1786781925473,XAUT_USDT,demo,0,stale_binance,0,0.000000000,0.500000000,0.000000000,0.000000000,0.229349908,0.000000000,0.000000000,5851.000,55.000,55.000
1786781925598,XAUT_USDT,demo,0,stale_binance,0,0.000000000,0.500000000,0.000000000,0.000000000,0.229349908,0.000000000,0.000000000,5976.000,180.000,180.000
1786781925722,XAUT_USDT,demo,0,stale_binance,0,0.000000000,0.500000000,0.000000000,0.000000000,0.229349908,0.000000000,0.000000000,6100.000,52.000,52.000
1786781925842,XAUT_USDT,demo,0,stale_binance,0,0.000000000,0.500000000,0.000000000,0.000000000,0.229349908,0.000000000,0.000000000,6220.000,0.000,0.000
1786781925988,XAUT_USDT,demo,0,stale_binance,0,0.000000000,0.500000000,0.000000000,0.000000000,0.229349908,0.000000000,0.000000000,6366.000,60.000,60.000
1786781926111,XAUT_USDT,demo,0,stale_binance,0,0.000000000,0.500000000,0.000000000,0.000000000,0.229349908,0.000000000,0.000000000,6489.000,183.000,183.000
1786781926236,XAUT_USDT,demo,0,stale_binance,0,0.000000000,0.500000000,0.000000000,0.000000000,0.229349908,0.000000000,0.000000000,6614.000,53.000,53.000
1786781926392,XAUT_USDT,demo,0,stale_binance,0,0.000000000,0.500000000,0.000000000,0.000000000,0.229349908,0.000000000,0.000000000,6770.000,122.000,122.000
1786781926501,XAUT_USDT,demo,0,stale_binance,0,0.000000000,0.500000000,0.000000000,0.000000000,0.229349908,0.000000000,0.000000000,6879.000,58.000,58.000
1786781926624,XAUT_USDT,demo,0,microspread_below_threshold,0,0.000000000,0.500000000,1.593854833,1.593854833,0.229349908,0.000000000,0.000000000,1.000,96.000,96.000
1786781926750,XAUT_USDT,demo,0,microspread_below_threshold,0,0.000000000,0.500000000,1.593854833,1.593854833,0.229349908,0.000000000,0.000000000,127.000,222.000,222.000
1786781926853,XAUT_USDT,demo,0,microspread_below_threshold,0,0.000000000,0.500000000,1.593854833,1.593854833,0.229349908,0.000000000,0.000000000,0.000,63.000,63.000
1786781926986,XAUT_USDT,demo,0,microspread_below_threshold,0,0.000000000,0.500000000,1.593854833,1.593854833,0.229349908,0.000000000,0.000000000,133.000,117.000,117.000
1786781927095,XAUT_USDT,demo,0,microspread_below_threshold,0,0.000000000,0.500000000,1.593854833,1.593854833,0.229349908,0.000000000,0.000000000,242.000,53.000,53.000
1786781927220,XAUT_USDT,demo,0,stale_binance,0,0.000000000,0.500000000,0.000000000,0.000000000,0.229349908,0.000000000,0.000000000,367.000,178.000,178.000
1786781927361,XAUT_USDT,demo,0,stale_binance,0,0.000000000,0.500000000,0.000000000,0.000000000,0.229349908,0.000000000,0.000000000,508.000,62.000,62.000
1786781927475,XAUT_USDT,demo,0,stale_binance,0,0.000000000,0.500000000,0.000000000,0.000000000,0.229349908,0.000000000,0.000000000,622.000,0.000,0.000
1786781927630,XAUT_USDT,demo,0,microspread_below_threshold,0,0.000000000,0.500000000,1.593854833,1.593854833,0.229349908,0.000000000,0.000000000,58.000,68.000,68.000
1786781927733,XAUT_USDT,demo,0,microspread_below_threshold,0,0.000000000,0.500000000,1.593854833,1.593854833,0.229349908,0.000000000,0.000000000,161.000,0.000,0.000
1786781927853,XAUT_USDT,demo,0,microspread_below_threshold,0,0.000000000,0.500000000,1.593854833,1.593854833,0.229349908,0.000000000,0.000000000,0.000,36.000,36.000
1786781928611,XAUT_USDT,demo,0,stale_binance,0,0.000000000,0.500000000,0.000000000,0.000000000,0.229349908,0.000000000,0.000000000,758.000,20.000,20.000
1786781928737,XAUT_USDT,demo,0,microspread_below_threshold,0,0.000000000,0.500000000,1.593854833,1.593854833,0.229349908,0.000000000,0.000000000,84.000,61.000,61.000
1786781928847,XAUT_USDT,demo,0,microspread_below_threshold,0,0.000000000,0.500000000,1.593854833,1.593854833,0.229349908,0.000000000,0.000000000,194.000,0.000,0.000
1786781928990,XAUT_USDT,demo,0,stale_binance,0,0.000000000,0.500000000,0.000000000,0.000000000,0.229349908,0.000000000,0.000000000,337.000,59.000,59.000
1786781929117,XAUT_USDT,demo,0,stale_binance,0,0.000000000,0.500000000,0.000000000,0.000000000,0.229349908,0.000000000,0.000000000,464.000,186.000,186.000
1786781929241,XAUT_USDT,demo,0,stale_binance,0,0.000000000,0.500000000,0.000000000,0.000000000,0.229349908,0.000000000,0.000000000,588.000,310.000,310.000
1786781929365,XAUT_USDT,demo,0,stale_binance,0,0.000000000,0.500000000,0.000000000,0.000000000,0.229349908,0.000000000,0.000000000,712.000,55.000,55.000
1786781929505,XAUT_USDT,demo,0,stale_binance,0,0.000000000,0.500000000,0.000000000,0.000000000,0.229349908,0.000000000,0.000000000,852.000,59.000,59.000
1786781929642,XAUT_USDT,demo,0,stale_binance,0,0.000000000,0.500000000,0.000000000,0.000000000,0.229349908,0.000000000,0.000000000,989.000,109.000,109.000
1786781929766,XAUT_USDT,demo,0,stale_binance,0,0.000000000,0.500000000,0.000000000,0.000000000,0.229349908,0.000000000,0.000000000,1113.000,233.000,233.000
1786781929882,XAUT_USDT,demo,0,stale_binance,0,0.000000000,0.500000000,0.000000000,0.000000000,0.229349908,0.000000000,0.000000000,1229.000,0.000,0.000
1786781930001,XAUT_USDT,demo,0,stale_binance,0,0.000000000,0.500000000,0.000000000,0.000000000,0.229349908,0.000000000,0.000000000,1348.000,119.000,119.000
1786781930110,XAUT_USDT,demo,0,stale_binance,0,0.000000000,0.500000000,0.000000000,0.000000000,0.229349908,0.000000000,0.000000000,1457.000,58.000,58.000
1786781930236,XAUT_USDT,demo,0,stale_binance,0,0.000000000,0.500000000,0.000000000,0.000000000,0.229349908,0.000000000,0.000000000,1583.000,184.000,184.000
1786781930360,XAUT_USDT,demo,0,stale_binance,0,0.000000000,0.500000000,0.000000000,0.000000000,0.229349908,0.000000000,0.000000000,1707.000,52.000,52.000
1786781930478,XAUT_USDT,demo,0,stale_binance,0,0.000000000,0.500000000,0.000000000,0.000000000,0.229349908,0.000000000,0.000000000,1825.000,0.000,0.000
1786781930593,XAUT_USDT,demo,0,stale_binance,0,0.000000000,0.500000000,0.000000000,0.000000000,0.229349908,0.000000000,0.000000000,1940.000,115.000,115.000
1786781930717,XAUT_USDT,demo,0,stale_binance,0,0.000000000,0.500000000,0.000000000,0.000000000,0.229349908,0.000000000,0.000000000,2064.000,239.000,239.000
1786781930821,XAUT_USDT,demo,0,stale_binance,0,0.000000000,0.500000000,0.000000000,0.000000000,0.229349908,0.000000000,0.000000000,2168.000,0.000,0.000
1786781930937,XAUT_USDT,demo,0,stale_binance,0,0.000000000,0.500000000,0.000000000,0.000000000,0.229349908,0.000000000,0.000000000,2284.000,116.000,116.000
1786781931047,XAUT_USDT,demo,0,stale_binance,0,0.000000000,0.500000000,0.000000000,0.000000000,0.229349908,0.000000000,0.000000000,2394.000,56.000,56.000
1786781931172,XAUT_USDT,demo,0,stale_binance,0,0.000000000,0.500000000,0.000000000,0.000000000,0.229349908,0.000000000,0.000000000,2519.000,181.000,181.000
1786781931297,XAUT_USDT,demo,0,stale_binance,0,0.000000000,0.500000000,0.000000000,0.000000000,0.229349908,0.000000000,0.000000000,2644.000,53.000,53.000
1786781931417,XAUT_USDT,demo,0,stale_binance,0,0.000000000,0.500000000,0.000000000,0.000000000,0.229349908,0.000000000,0.000000000,2764.000,0.000,0.000
1786781931534,XAUT_USDT,demo,0,stale_binance,0,0.000000000,0.500000000,0.000000000,0.000000000,0.229349908,0.000000000,0.000000000,2881.000,117.000,117.000
1786781931660,XAUT_USDT,demo,0,stale_binance,0,0.000000000,0.500000000,0.000000000,0.000000000,0.229349908,0.000000000,0.000000000,3007.000,243.000,243.000
1786781931799,XAUT_USDT,demo,0,stale_binance,0,0.000000000,0.500000000,0.000000000,0.000000000,0.229349908,0.000000000,0.000000000,3146.000,125.000,125.000
1786781931909,XAUT_USDT,demo,0,stale_binance,0,0.000000000,0.500000000,0.000000000,0.000000000,0.229349908,0.000000000,0.000000000,3256.000,63.000,63.000
1786781932019,XAUT_USDT,demo,0,stale_binance,0,0.000000000,0.500000000,0.000000000,0.000000000,0.229349908,0.000000000,0.000000000,3366.000,1.000,1.000
1786781932143,XAUT_USDT,demo,0,stale_binance,0,0.000000000,0.500000000,0.000000000,0.000000000,0.229349908,0.000000000,0.000000000,3490.000,125.000,125.000
1786781932267,XAUT_USDT,demo,0,stale_binance,0,0.000000000,0.500000000,0.000000000,0.000000000,0.229349908,0.000000000,0.000000000,3614.000,249.000,249.000
1786781932423,XAUT_USDT,demo,0,stale_binance,0,0.000000000,0.500000000,0.000000000,0.000000000,0.229349908,0.000000000,0.000000000,3770.000,58.000,58.000
1786781932534,XAUT_USDT,demo,0,stale_binance,0,0.000000000,0.500000000,0.000000000,0.000000000,0.229349908,0.000000000,0.000000000,3881.000,0.000,0.000
1786781932658,XAUT_USDT,demo,0,stale_binance,0,0.000000000,0.500000000,0.000000000,0.000000000,0.229349908,0.000000000,0.000000000,4005.000,124.000,124.000
1786781932791,XAUT_USDT,demo,0,microspread_below_threshold,0,0.000000000,0.500000000,1.593854833,1.593854833,0.229349908,0.000000000,0.000000000,42.000,0.000,0.000
1786781933606,XAUT_USDT,demo,0,stale_binance,0,0.000000000,0.500000000,0.000000000,0.000000000,0.229349908,0.000000000,0.000000000,857.000,40.000,40.000
1786781933720,XAUT_USDT,demo,0,stale_binance,0,0.000000000,0.500000000,0.000000000,0.000000000,0.229349908,0.000000000,0.000000000,971.000,154.000,154.000
1786781933827,XAUT_USDT,demo,0,stale_binance,0,0.000000000,0.500000000,0.000000000,0.000000000,0.229349908,0.000000000,0.000000000,1078.000,0.000,0.000
1786781933969,XAUT_USDT,demo,0,stale_binance,0,0.000000000,0.500000000,0.000000000,0.000000000,0.229349908,0.000000000,0.000000000,1220.000,62.000,62.000
1786781934081,XAUT_USDT,demo,0,stale_binance,0,0.000000000,0.500000000,0.000000000,0.000000000,0.229349908,0.000000000,0.000000000,1332.000,1.000,1.000
1786781934219,XAUT_USDT,demo,0,stale_binance,0,0.000000000,0.500000000,0.000000000,0.000000000,0.229349908,0.000000000,0.000000000,1470.000,52.000,52.000
1786781934339,XAUT_USDT,demo,0,stale_binance,0,0.000000000,0.500000000,0.000000000,0.000000000,0.229349908,0.000000000,0.000000000,1590.000,0.000,0.000
1786781934468,XAUT_USDT,demo,0,stale_binance,0,0.000000000,0.500000000,0.000000000,0.000000000,0.229349908,0.000000000,0.000000000,1719.000,129.000,129.000
1786781934593,XAUT_USDT,demo,0,stale_binance,0,0.000000000,0.500000000,0.000000000,0.000000000,0.229349908,0.000000000,0.000000000,1844.000,54.000,54.000
1786781934716,XAUT_USDT,demo,0,stale_binance,0,0.000000000,0.500000000,0.000000000,0.000000000,0.229349908,0.000000000,0.000000000,1967.000,177.000,177.000
1786781934841,XAUT_USDT,demo,0,stale_binance,0,0.000000000,0.500000000,0.000000000,0.000000000,0.229349908,0.000000000,0.000000000,2092.000,302.000,302.000
1786781934998,XAUT_USDT,demo,0,stale_binance,0,0.000000000,0.500000000,0.000000000,0.000000000,0.229349908,0.000000000,0.000000000,2249.000,58.000,58.000
1786781935123,XAUT_USDT,demo,0,stale_binance,0,0.000000000,0.500000000,0.000000000,0.000000000,0.229349908,0.000000000,0.000000000,2374.000,183.000,183.000
1786781935246,XAUT_USDT,demo,0,stale_binance,0,0.000000000,0.500000000,0.000000000,0.000000000,0.229349908,0.000000000,0.000000000,2497.000,52.000,52.000
1786781935403,XAUT_USDT,demo,0,stale_binance,0,0.000000000,0.500000000,0.000000000,0.000000000,0.229349908,0.000000000,0.000000000,2654.000,117.000,117.000
1786781935512,XAUT_USDT,demo,0,microspread_below_threshold,0,0.000000000,0.500000000,1.593854833,1.593854833,0.229349908,0.000000000,0.000000000,55.000,55.000,55.000
1786781935667,XAUT_USDT,demo,0,microspread_below_threshold,0,0.000000000,0.500000000,1.593854833,1.593854833,0.229349908,0.000000000,0.000000000,210.000,121.000,121.000
1786781935778,XAUT_USDT,demo,0,microspread_below_threshold,0,0.000000000,0.500000000,1.593854833,1.593854833,0.229349908,0.000000000,0.000000000,0.000,232.000,232.000
1786781935885,XAUT_USDT,demo,0,microspread_below_threshold,0,0.000000000,0.500000000,1.593854833,1.593854833,0.229349908,0.000000000,0.000000000,94.000,0.000,0.000
1786781936005,XAUT_USDT,demo,0,microspread_below_threshold,0,0.000000000,0.500000000,1.593854833,1.593854833,0.229349908,0.000000000,0.000000000,58.000,120.000,120.000
1786781936107,XAUT_USDT,demo,0,microspread_below_threshold,0,0.000000000,0.500000000,1.593854833,1.593854833,0.229349908,0.000000000,0.000000000,160.000,50.000,50.000
1786781936210,XAUT_USDT,demo,0,microspread_below_threshold,0,0.000000000,0.500000000,1.593854833,1.593854833,0.229349908,0.000000000,0.000000000,263.000,153.000,153.000
1786781936316,XAUT_USDT,demo,0,stale_binance,0,0.000000000,0.500000000,0.000000000,0.000000000,0.229349908,0.000000000,0.000000000,369.000,0.000,0.000
1786781936424,XAUT_USDT,demo,0,microspread_below_threshold,0,0.000000000,0.500000000,1.593854833,1.593854833,0.229349908,0.000000000,0.000000000,0.000,21.000,21.000
1786781936557,XAUT_USDT,demo,0,microspread_below_threshold,0,0.000000000,0.500000000,1.593854833,1.593854833,0.229349908,0.000000000,0.000000000,133.000,67.000,67.000
1786781936682,XAUT_USDT,demo,0,microspread_below_threshold,0,0.000000000,0.500000000,1.593854833,1.593854833,0.229349908,0.000000000,0.000000000,258.000,192.000,192.000
1786781936805,XAUT_USDT,demo,0,stale_binance,0,0.000000000,0.500000000,0.000000000,0.000000000,0.229349908,0.000000000,0.000000000,381.000,315.000,315.000
1786781936960,XAUT_USDT,demo,0,microspread_below_threshold,0,0.000000000,0.500000000,1.593854833,1.593854833,0.229349908,0.000000000,0.000000000,118.000,130.000,130.000
1786781937116,XAUT_USDT,demo,0,microspread_below_threshold,0,0.000000000,0.500000000,1.593854833,1.593854833,0.229349908,0.000000000,0.000000000,274.000,115.000,115.000
1786781937240,XAUT_USDT,demo,0,stale_binance,0,0.000000000,0.500000000,0.000000000,0.000000000,0.229349908,0.000000000,0.000000000,398.000,65.000,65.000
1786781937346,XAUT_USDT,demo,0,stale_binance,0,0.000000000,0.500000000,0.000000000,0.000000000,0.229349908,0.000000000,0.000000000,504.000,0.000,0.000
1786781937489,XAUT_USDT,demo,0,stale_binance,0,0.000000000,0.500000000,0.000000000,0.000000000,0.229349908,0.000000000,0.000000000,647.000,53.000,53.000
1786781937615,XAUT_USDT,demo,0,stale_binance,0,0.000000000,0.500000000,0.000000000,0.000000000,0.229349908,0.000000000,0.000000000,773.000,179.000,179.000
1786781937741,XAUT_USDT,demo,0,stale_binance,0,0.000000000,0.500000000,0.000000000,0.000000000,0.229349908,0.000000000,0.000000000,899.000,53.000,53.000
1786781937859,XAUT_USDT,demo,0,stale_binance,0,0.000000000,0.500000000,0.000000000,0.000000000,0.229349908,0.000000000,0.000000000,1017.000,0.000,0.000
1786781938640,XAUT_USDT,demo,0,microspread_below_threshold,0,0.000000000,0.500000000,1.593854833,1.593854833,0.229349908,0.000000000,0.000000000,134.000,180.000,180.000
1786781938754,XAUT_USDT,demo,0,microspread_below_threshold,0,0.000000000,0.500000000,1.593854833,1.593854833,0.229349908,0.000000000,0.000000000,248.000,294.000,294.000
1786781938862,XAUT_USDT,demo,0,stale_binance,0,0.000000000,0.500000000,0.000000000,0.000000000,0.229349908,0.000000000,0.000000000,356.000,61.000,61.000
1786781938974,XAUT_USDT,demo,0,stale_binance,0,0.000000000,0.500000000,0.000000000,0.000000000,0.229349908,0.000000000,0.000000000,468.000,0.000,0.000
1786781939094,XAUT_USDT,demo,0,stale_binance,0,0.000000000,0.500000000,0.000000000,0.000000000,0.229349908,0.000000000,0.000000000,588.000,120.000,120.000
1786781939221,XAUT_USDT,demo,0,stale_binance,0,0.000000000,0.500000000,0.000000000,0.000000000,0.229349908,0.000000000,0.000000000,715.000,247.000,247.000
1786781939376,XAUT_USDT,demo,0,stale_binance,0,0.000000000,0.500000000,0.000000000,0.000000000,0.229349908,0.000000000,0.000000000,870.000,60.000,60.000
1786781939493,XAUT_USDT,demo,0,stale_binance,0,0.000000000,0.500000000,0.000000000,0.000000000,0.229349908,0.000000000,0.000000000,987.000,0.000,0.000
1786781939642,XAUT_USDT,demo,0,stale_binance,0,0.000000000,0.500000000,0.000000000,0.000000000,0.229349908,0.000000000,0.000000000,1136.000,65.000,65.000
1786781939768,XAUT_USDT,demo,0,stale_binance,0,0.000000000,0.500000000,0.000000000,0.000000000,0.229349908,0.000000000,0.000000000,1262.000,191.000,191.000
1786781939894,XAUT_USDT,demo,0,stale_binance,0,0.000000000,0.500000000,0.000000000,0.000000000,0.229349908,0.000000000,0.000000000,1388.000,317.000,317.000
1786781940003,XAUT_USDT,demo,0,microspread_below_threshold,0,0.000000000,0.500000000,1.593854833,1.593854833,0.229349908,0.000000000,0.000000000,0.000,426.000,426.000
1786781940110,XAUT_USDT,demo,0,microspread_below_threshold,0,0.000000000,0.500000000,1.593854833,1.593854833,0.229349908,0.000000000,0.000000000,107.000,1.000,1.000
1786781940249,XAUT_USDT,demo,0,microspread_below_threshold,0,0.000000000,0.500000000,1.593854833,1.593854833,0.229349908,0.000000000,0.000000000,0.000,140.000,140.000
1786781940362,XAUT_USDT,demo,0,microspread_below_threshold,0,0.000000000,0.500000000,1.593854833,1.593854833,0.229349908,0.000000000,0.000000000,52.000,97.000,97.000
1786781940503,XAUT_USDT,demo,0,microspread_below_threshold,0,0.000000000,0.500000000,1.593854833,1.593854833,0.229349908,0.000000000,0.000000000,193.000,64.000,64.000
1786781940628,XAUT_USDT,demo,0,stale_binance,0,0.000000000,0.500000000,0.000000000,0.000000000,0.229349908,0.000000000,0.000000000,318.000,189.000,189.000
1786781940761,XAUT_USDT,demo,0,stale_binance,0,0.000000000,0.500000000,0.000000000,0.000000000,0.229349908,0.000000000,0.000000000,451.000,63.000,63.000
1786781940864,XAUT_USDT,demo,0,stale_binance,0,0.000000000,0.500000000,0.000000000,0.000000000,0.229349908,0.000000000,0.000000000,554.000,166.000,166.000
1786781941007,XAUT_USDT,demo,0,stale_binance,0,0.000000000,0.500000000,0.000000000,0.000000000,0.229349908,0.000000000,0.000000000,697.000,54.000,54.000
1786781941140,XAUT_USDT,demo,0,stale_binance,0,0.000000000,0.500000000,0.000000000,0.000000000,0.229349908,0.000000000,0.000000000,830.000,101.000,101.000
1786781941252,XAUT_USDT,demo,0,stale_binance,0,0.000000000,0.500000000,0.000000000,0.000000000,0.229349908,0.000000000,0.000000000,942.000,213.000,213.000
1786781941361,XAUT_USDT,demo,0,stale_binance,0,0.000000000,0.500000000,0.000000000,0.000000000,0.229349908,0.000000000,0.000000000,1051.000,58.000,58.000
1786781941476,XAUT_USDT,demo,0,stale_binance,0,0.000000000,0.500000000,0.000000000,0.000000000,0.229349908,0.000000000,0.000000000,1166.000,1.000,1.000
1786781941628,XAUT_USDT,demo,0,stale_binance,0,0.000000000,0.500000000,0.000000000,0.000000000,0.229349908,0.000000000,0.000000000,1318.000,65.000,65.000
1786781941753,XAUT_USDT,demo,0,stale_binance,0,0.000000000,0.500000000,0.000000000,0.000000000,0.229349908,0.000000000,0.000000000,1443.000,190.000,190.000
1786781941878,XAUT_USDT,demo,0,stale_binance,0,0.000000000,0.500000000,0.000000000,0.000000000,0.229349908,0.000000000,0.000000000,1568.000,63.000,63.000
1786781941987,XAUT_USDT,demo,0,stale_binance,0,0.000000000,0.500000000,0.000000000,0.000000000,0.229349908,0.000000000,0.000000000,1677.000,0.000,0.000
1786781942112,XAUT_USDT,demo,0,stale_binance,0,0.000000000,0.500000000,0.000000000,0.000000000,0.229349908,0.000000000,0.000000000,1802.000,125.000,125.000
1786781942236,XAUT_USDT,demo,0,stale_binance,0,0.000000000,0.500000000,0.000000000,0.000000000,0.229349908,0.000000000,0.000000000,1926.000,249.000,249.000
1786781942393,XAUT_USDT,demo,0,microspread_below_threshold,0,0.000000000,0.500000000,1.593854833,1.593854833,0.229349908,0.000000000,0.000000000,75.000,63.000,63.000
1786781942504,XAUT_USDT,demo,0,microspread_below_threshold,0,0.000000000,0.500000000,1.593854833,1.593854833,0.229349908,0.000000000,0.000000000,186.000,0.000,0.000
1786781942625,XAUT_USDT,demo,0,stale_binance,0,0.000000000,0.500000000,0.000000000,0.000000000,0.229349908,0.000000000,0.000000000,307.000,121.000,121.000
1786781942751,XAUT_USDT,demo,0,stale_binance,0,0.000000000,0.500000000,0.000000000,0.000000000,0.229349908,0.000000000,0.000000000,433.000,247.000,247.000
1786781942872,XAUT_USDT,demo,0,stale_binance,0,0.000000000,0.500000000,0.000000000,0.000000000,0.229349908,0.000000000,0.000000000,554.000,111.000,111.000
1786781943738,XAUT_USDT,demo,0,stale_binance,0,0.000000000,0.500000000,0.000000000,0.000000000,0.229349908,0.000000000,0.000000000,1420.000,119.000,119.000
1786781943851,XAUT_USDT,demo,0,stale_binance,0,0.000000000,0.500000000,0.000000000,0.000000000,0.229349908,0.000000000,0.000000000,1533.000,63.000,63.000
1786781943952,XAUT_USDT,demo,0,microspread_below_threshold,0,0.000000000,0.500000000,1.593854833,1.593854833,0.229349908,0.000000000,0.000000000,0.000,164.000,164.000
1786781944088,XAUT_USDT,demo,0,microspread_below_threshold,0,0.000000000,0.500000000,1.593854833,1.593854833,0.229349908,0.000000000,0.000000000,128.000,126.000,126.000
1786781944214,XAUT_USDT,demo,0,microspread_below_threshold,0,0.000000000,0.500000000,1.593854833,1.593854833,0.229349908,0.000000000,0.000000000,59.000,252.000,252.000
1786781944327,XAUT_USDT,demo,0,microspread_below_threshold,0,0.000000000,0.500000000,1.593854833,1.593854833,0.229349908,0.000000000,0.000000000,0.000,22.000,22.000
1786781944450,XAUT_USDT,demo,0,microspread_below_threshold,0,0.000000000,0.500000000,1.593854833,1.593854833,0.229349908,0.000000000,0.000000000,121.000,58.000,58.000
1786781944575,XAUT_USDT,demo,0,microspread_below_threshold,0,0.000000000,0.500000000,1.593854833,1.593854833,0.229349908,0.000000000,0.000000000,246.000,0.000,0.000
1786781944702,XAUT_USDT,demo,0,stale_binance,0,0.000000000,0.500000000,0.000000000,0.000000000,0.229349908,0.000000000,0.000000000,373.000,52.000,52.000
1786781944819,XAUT_USDT,demo,0,stale_binance,0,0.000000000,0.500000000,0.000000000,0.000000000,0.229349908,0.000000000,0.000000000,490.000,0.000,0.000
1786781944934,XAUT_USDT,demo,0,stale_binance,0,0.000000000,0.500000000,0.000000000,0.000000000,0.229349908,0.000000000,0.000000000,605.000,115.000,115.000
1786781945059,XAUT_USDT,demo,0,stale_binance,0,0.000000000,0.500000000,0.000000000,0.000000000,0.229349908,0.000000000,0.000000000,730.000,240.000,240.000
1786781945200,XAUT_USDT,demo,0,stale_binance,0,0.000000000,0.500000000,0.000000000,0.000000000,0.229349908,0.000000000,0.000000000,871.000,122.000,122.000
1786781945324,XAUT_USDT,demo,0,stale_binance,0,0.000000000,0.500000000,0.000000000,0.000000000,0.229349908,0.000000000,0.000000000,995.000,246.000,246.000
1786781945424,XAUT_USDT,demo,0,microspread_below_threshold,0,0.000000000,0.500000000,1.593854833,1.593854833,0.229349908,0.000000000,0.000000000,49.000,0.000,0.000
1786781945573,XAUT_USDT,demo,0,microspread_below_threshold,0,0.000000000,0.500000000,1.593854833,1.593854833,0.229349908,0.000000000,0.000000000,198.000,62.000,62.000
1786781945680,XAUT_USDT,demo,0,stale_binance,0,0.000000000,0.500000000,0.000000000,0.000000000,0.229349908,0.000000000,0.000000000,305.000,0.000,0.000
1786781945808,XAUT_USDT,demo,0,stale_binance,0,0.000000000,0.500000000,0.000000000,0.000000000,0.229349908,0.000000000,0.000000000,433.000,128.000,128.000
1786781945931,XAUT_USDT,demo,0,stale_binance,0,0.000000000,0.500000000,0.000000000,0.000000000,0.229349908,0.000000000,0.000000000,556.000,251.000,251.000
1786781946087,XAUT_USDT,demo,0,stale_binance,0,0.000000000,0.500000000,0.000000000,0.000000000,0.229349908,0.000000000,0.000000000,712.000,63.000,63.000
1786781946192,XAUT_USDT,demo,0,stale_binance,0,0.000000000,0.500000000,0.000000000,0.000000000,0.229349908,0.000000000,0.000000000,817.000,0.000,0.000
1786781946336,XAUT_USDT,demo,0,stale_binance,0,0.000000000,0.500000000,0.000000000,0.000000000,0.229349908,0.000000000,0.000000000,961.000,57.000,57.000
1786781946445,XAUT_USDT,demo,0,microspread_below_threshold,0,0.000000000,0.500000000,1.593854833,1.593854833,0.229349908,0.000000000,0.000000000,59.000,75.000,75.000
1786781946569,XAUT_USDT,demo,0,microspread_below_threshold,0,0.000000000,0.500000000,1.593854833,1.593854833,0.229349908,0.000000000,0.000000000,183.000,115.000,115.000
1786781946695,XAUT_USDT,demo,0,stale_binance,0,0.000000000,0.500000000,0.000000000,0.000000000,0.229349908,0.000000000,0.000000000,309.000,66.000,66.000
1786781946820,XAUT_USDT,demo,0,stale_binance,0,0.000000000,0.500000000,0.000000000,0.000000000,0.229349908,0.000000000,0.000000000,434.000,191.000,191.000
1786781946945,XAUT_USDT,demo,0,stale_binance,0,0.000000000,0.500000000,0.000000000,0.000000000,0.229349908,0.000000000,0.000000000,559.000,65.000,65.000
1786781947085,XAUT_USDT,demo,0,microspread_below_threshold,0,0.000000000,0.500000000,1.593854833,1.593854833,0.229349908,0.000000000,0.000000000,128.000,120.000,120.000
1786781947196,XAUT_USDT,demo,0,microspread_below_threshold,0,0.000000000,0.500000000,1.593854833,1.593854833,0.229349908,0.000000000,0.000000000,239.000,57.000,57.000
1786781947311,XAUT_USDT,demo,0,stale_binance,0,0.000000000,0.500000000,0.000000000,0.000000000,0.229349908,0.000000000,0.000000000,354.000,0.000,0.000
1786781947430,XAUT_USDT,demo,0,stale_binance,0,0.000000000,0.500000000,0.000000000,0.000000000,0.229349908,0.000000000,0.000000000,473.000,119.000,119.000
1786781947538,XAUT_USDT,demo,0,stale_binance,0,0.000000000,0.500000000,0.000000000,0.000000000,0.229349908,0.000000000,0.000000000,581.000,55.000,55.000
1786781947695,XAUT_USDT,demo,0,stale_binance,0,0.000000000,0.500000000,0.000000000,0.000000000,0.229349908,0.000000000,0.000000000,738.000,126.000,126.000
1786781947819,XAUT_USDT,demo,0,stale_binance,0,0.000000000,0.500000000,0.000000000,0.000000000,0.229349908,0.000000000,0.000000000,862.000,250.000,250.000
1786781947968,XAUT_USDT,demo,0,stale_binance,0,0.000000000,0.500000000,0.000000000,0.000000000,0.229349908,0.000000000,0.000000000,1011.000,60.000,60.000
1786781948669,XAUT_USDT,demo,0,stale_binance,0,0.000000000,0.500000000,0.000000000,0.000000000,0.229349908,0.000000000,0.000000000,489.000,153.000,153.000
1786781948822,XAUT_USDT,demo,0,stale_binance,0,0.000000000,0.500000000,0.000000000,0.000000000,0.229349908,0.000000000,0.000000000,642.000,55.000,55.000
1786781948937,XAUT_USDT,demo,0,stale_binance,0,0.000000000,0.500000000,0.000000000,0.000000000,0.229349908,0.000000000,0.000000000,757.000,0.000,0.000
1786781949074,XAUT_USDT,demo,0,stale_binance,0,0.000000000,0.500000000,0.000000000,0.000000000,0.229349908,0.000000000,0.000000000,894.000,50.000,50.000
1786781949200,XAUT_USDT,demo,0,stale_binance,0,0.000000000,0.500000000,0.000000000,0.000000000,0.229349908,0.000000000,0.000000000,1020.000,176.000,176.000
1786781949302,XAUT_USDT,demo,0,microspread_below_threshold,0,0.000000000,0.500000000,1.593854833,1.593854833,0.229349908,0.000000000,0.000000000,0.000,23.000,23.000
1786781949416,XAUT_USDT,demo,0,microspread_below_threshold,0,0.000000000,0.500000000,1.593854833,1.593854833,0.229349908,0.000000000,0.000000000,114.000,137.000,137.000
1786781949538,XAUT_USDT,demo,0,microspread_below_threshold,0,0.000000000,0.500000000,1.593854833,1.593854833,0.229349908,0.000000000,0.000000000,236.000,0.000,0.000
1786781949664,XAUT_USDT,demo,0,stale_binance,0,0.000000000,0.500000000,0.000000000,0.000000000,0.229349908,0.000000000,0.000000000,362.000,126.000,126.000
1786781949787,XAUT_USDT,demo,0,stale_binance,0,0.000000000,0.500000000,0.000000000,0.000000000,0.229349908,0.000000000,0.000000000,485.000,249.000,249.000
1786781949943,XAUT_USDT,demo,0,stale_binance,0,0.000000000,0.500000000,0.000000000,0.000000000,0.229349908,0.000000000,0.000000000,641.000,63.000,63.000
1786781950053,XAUT_USDT,demo,0,stale_binance,0,0.000000000,0.500000000,0.000000000,0.000000000,0.229349908,0.000000000,0.000000000,751.000,0.000,0.000
1786781950191,XAUT_USDT,demo,0,stale_binance,0,0.000000000,0.500000000,0.000000000,0.000000000,0.229349908,0.000000000,0.000000000,889.000,52.000,52.000
1786781950311,XAUT_USDT,demo,0,stale_binance,0,0.000000000,0.500000000,0.000000000,0.000000000,0.229349908,0.000000000,0.000000000,1009.000,0.000,0.000
1786781950455,XAUT_USDT,demo,0,stale_binance,0,0.000000000,0.500000000,0.000000000,0.000000000,0.229349908,0.000000000,0.000000000,1153.000,56.000,56.000
1786781950571,XAUT_USDT,demo,0,stale_binance,0,0.000000000,0.500000000,0.000000000,0.000000000,0.229349908,0.000000000,0.000000000,1269.000,0.000,0.000
1786781950690,XAUT_USDT,demo,0,stale_binance,0,0.000000000,0.500000000,0.000000000,0.000000000,0.229349908,0.000000000,0.000000000,1388.000,119.000,119.000
1786781950814,XAUT_USDT,demo,0,stale_binance,0,0.000000000,0.500000000,0.000000000,0.000000000,0.229349908,0.000000000,0.000000000,1512.000,243.000,243.000
1786781950969,XAUT_USDT,demo,0,stale_binance,0,0.000000000,0.500000000,0.000000000,0.000000000,0.229349908,0.000000000,0.000000000,1667.000,59.000,59.000
1786781951084,XAUT_USDT,demo,0,stale_binance,0,0.000000000,0.500000000,0.000000000,0.000000000,0.229349908,0.000000000,0.000000000,1782.000,0.000,0.000
1786781951202,XAUT_USDT,demo,0,stale_binance,0,0.000000000,0.500000000,0.000000000,0.000000000,0.229349908,0.000000000,0.000000000,1900.000,118.000,118.000
1786781951326,XAUT_USDT,demo,0,microspread_below_threshold,0,0.000000000,0.500000000,1.593854833,1.593854833,0.229349908,0.000000000,0.000000000,62.000,242.000,242.000
1786781951426,XAUT_USDT,demo,0,microspread_below_threshold,0,0.000000000,0.500000000,1.593854833,1.593854833,0.229349908,0.000000000,0.000000000,162.000,0.000,0.000
1786781951574,XAUT_USDT,demo,0,stale_binance,0,0.000000000,0.500000000,0.000000000,0.000000000,0.229349908,0.000000000,0.000000000,310.000,55.000,55.000
1786781951683,XAUT_USDT,demo,0,stale_binance,0,0.000000000,0.500000000,0.000000000,0.000000000,0.229349908,0.000000000,0.000000000,419.000,0.000,0.000
1786781951809,XAUT_USDT,demo,0,stale_binance,0,0.000000000,0.500000000,0.000000000,0.000000000,0.229349908,0.000000000,0.000000000,545.000,126.000,126.000
1786781951932,XAUT_USDT,demo,0,stale_binance,0,0.000000000,0.500000000,0.000000000,0.000000000,0.229349908,0.000000000,0.000000000,668.000,249.000,249.000
1786781952088,XAUT_USDT,demo,0,stale_binance,0,0.000000000,0.500000000,0.000000000,0.000000000,0.229349908,0.000000000,0.000000000,824.000,61.000,61.000
1786781952195,XAUT_USDT,demo,0,stale_binance,0,0.000000000,0.500000000,0.000000000,0.000000000,0.229349908,0.000000000,0.000000000,931.000,0.000,0.000
1786781952339,XAUT_USDT,demo,0,stale_binance,0,0.000000000,0.500000000,0.000000000,0.000000000,0.229349908,0.000000000,0.000000000,1075.000,56.000,56.000
1786781952494,XAUT_USDT,demo,0,microspread_below_threshold,0,0.000000000,0.500000000,1.593854833,1.593854833,0.229349908,0.000000000,0.000000000,136.000,124.000,124.000
1786781952604,XAUT_USDT,demo,0,microspread_below_threshold,0,0.000000000,0.500000000,1.593854833,1.593854833,0.229349908,0.000000000,0.000000000,246.000,64.000,64.000
1786781952744,XAUT_USDT,demo,0,stale_binance,0,0.000000000,0.500000000,0.000000000,0.000000000,0.229349908,0.000000000,0.000000000,386.000,118.000,118.000
1786781952869,XAUT_USDT,demo,0,stale_binance,0,0.000000000,0.500000000,0.000000000,0.000000000,0.229349908,0.000000000,0.000000000,511.000,243.000,243.000
1786781953025,XAUT_USDT,demo,0,stale_binance,0,0.000000000,0.500000000,0.000000000,0.000000000,0.229349908,0.000000000,0.000000000,667.000,58.000,58.000
1786781953790,XAUT_USDT,demo,0,stale_binance,0,0.000000000,0.500000000,0.000000000,0.000000000,0.229349908,0.000000000,0.000000000,690.000,221.000,221.000
1786781953911,XAUT_USDT,demo,0,stale_binance,0,0.000000000,0.500000000,0.000000000,0.000000000,0.229349908,0.000000000,0.000000000,811.000,1.000,1.000
1786781954019,XAUT_USDT,demo,0,stale_binance,0,0.000000000,0.500000000,0.000000000,0.000000000,0.229349908,0.000000000,0.000000000,919.000,109.000,109.000
1786781954141,XAUT_USDT,demo,0,stale_binance,0,0.000000000,0.500000000,0.000000000,0.000000000,0.229349908,0.000000000,0.000000000,1041.000,58.000,58.000
1786781954251,XAUT_USDT,demo,0,microspread_below_threshold,0,0.000000000,0.500000000,1.593854833,1.593854833,0.229349908,0.000000000,0.000000000,71.000,0.000,0.000
1786781954396,XAUT_USDT,demo,0,microspread_below_threshold,0,0.000000000,0.500000000,1.593854833,1.593854833,0.229349908,0.000000000,0.000000000,216.000,57.000,57.000
1786781954508,XAUT_USDT,demo,0,stale_binance,0,0.000000000,0.500000000,0.000000000,0.000000000,0.229349908,0.000000000,0.000000000,328.000,169.000,169.000
1786781954653,XAUT_USDT,demo,0,stale_binance,0,0.000000000,0.500000000,0.000000000,0.000000000,0.229349908,0.000000000,0.000000000,473.000,55.000,55.000
1786781954777,XAUT_USDT,demo,0,stale_binance,0,0.000000000,0.500000000,0.000000000,0.000000000,0.229349908,0.000000000,0.000000000,597.000,179.000,179.000
1786781954877,XAUT_USDT,demo,0,microspread_below_threshold,0,0.000000000,0.500000000,1.593854833,1.593854833,0.229349908,0.000000000,0.000000000,0.000,279.000,279.000
1786781954987,XAUT_USDT,demo,0,microspread_below_threshold,0,0.000000000,0.500000000,1.593854833,1.593854833,0.229349908,0.000000000,0.000000000,0.000,48.000,48.000
1786781955088,XAUT_USDT,demo,0,microspread_below_threshold,0,0.000000000,0.500000000,1.593854833,1.593854833,0.229349908,0.000000000,0.000000000,100.000,62.000,62.000
1786781955196,XAUT_USDT,demo,0,microspread_below_threshold,0,0.000000000,0.500000000,1.593854833,1.593854833,0.229349908,0.000000000,0.000000000,43.000,0.000,0.000
1786781955352,XAUT_USDT,demo,0,microspread_below_threshold,0,0.000000000,0.500000000,1.593854833,1.593854833,0.229349908,0.000000000,0.000000000,199.000,65.000,65.000
1786781955491,XAUT_USDT,demo,0,stale_binance,0,0.000000000,0.500000000,0.000000000,0.000000000,0.229349908,0.000000000,0.000000000,338.000,122.000,122.000
1786781955604,XAUT_USDT,demo,0,microspread_below_threshold,0,0.000000000,0.500000000,1.593854833,1.593854833,0.229349908,0.000000000,0.000000000,0.000,64.000,64.000
1786781955723,XAUT_USDT,demo,0,microspread_below_threshold,0,0.000000000,0.500000000,1.593854833,1.593854833,0.229349908,0.000000000,0.000000000,117.000,183.000,183.000
1786781955849,XAUT_USDT,demo,0,microspread_below_threshold,0,0.000000000,0.500000000,1.593854833,1.593854833,0.229349908,0.000000000,0.000000000,243.000,53.000,53.000
1786781955965,XAUT_USDT,demo,0,microspread_below_threshold,0,0.000000000,0.500000000,1.593854833,1.593854833,0.229349908,0.000000000,0.000000000,60.000,169.000,169.000
1786781956115,XAUT_USDT,demo,0,microspread_below_threshold,0,0.000000000,0.500000000,1.593854833,1.593854833,0.229349908,0.000000000,0.000000000,51.000,60.000,60.000
1786781956248,XAUT_USDT,demo,0,microspread_below_threshold,0,0.000000000,0.500000000,1.593854833,1.593854833,0.229349908,0.000000000,0.000000000,184.000,108.000,108.000
1786781956373,XAUT_USDT,demo,0,stale_binance,0,0.000000000,0.500000000,0.000000000,0.000000000,0.229349908,0.000000000,0.000000000,309.000,61.000,61.000
1786781956475,XAUT_USDT,demo,0,microspread_below_threshold,0,0.000000000,0.500000000,1.593854833,1.593854833,0.229349908,0.000000000,0.000000000,0.000,163.000,163.000
1786781956575,XAUT_USDT,demo,0,microspread_below_threshold,0,0.000000000,0.500000000,1.593854833,1.593854833,0.229349908,0.000000000,0.000000000,3.000,0.000,0.000
1786781956707,XAUT_USDT,demo,0,microspread_below_threshold,0,0.000000000,0.500000000,1.593854833,1.593854833,0.229349908,0.000000000,0.000000000,0.000,47.000,47.000
1786781956830,XAUT_USDT,demo,0,microspread_below_threshold,0,0.000000000,0.500000000,1.593854833,1.593854833,0.229349908,0.000000000,0.000000000,39.000,1.000,1.000
1786781956949,XAUT_USDT,demo,0,microspread_below_threshold,0,0.000000000,0.500000000,1.593854833,1.593854833,0.229349908,0.000000000,0.000000000,158.000,120.000,120.000
1786781957073,XAUT_USDT,demo,0,microspread_below_threshold,0,0.000000000,0.500000000,1.593854833,1.593854833,0.229349908,0.000000000,0.000000000,54.000,70.000,70.000
1786781957209,XAUT_USDT,demo,0,microspread_below_threshold,0,0.000000000,0.500000000,1.593854833,1.593854833,0.229349908,0.000000000,0.000000000,0.000,121.000,121.000
1786781957337,XAUT_USDT,demo,0,microspread_below_threshold,0,0.000000000,0.500000000,1.593854833,1.593854833,0.229349908,0.000000000,0.000000000,125.000,249.000,249.000
1786781957494,XAUT_USDT,demo,0,microspread_below_threshold,0,0.000000000,0.500000000,1.593854833,1.593854833,0.229349908,0.000000000,0.000000000,91.000,59.000,59.000
1786781957605,XAUT_USDT,demo,0,microspread_below_threshold,0,0.000000000,0.500000000,1.593854833,1.593854833,0.229349908,0.000000000,0.000000000,202.000,0.000,0.000
1786781957730,XAUT_USDT,demo,0,microspread_below_threshold,0,0.000000000,0.500000000,1.593854833,1.593854833,0.229349908,0.000000000,0.000000000,0.000,38.000,38.000
1786781957852,XAUT_USDT,demo,0,microspread_below_threshold,0,0.000000000,0.500000000,1.593854833,1.593854833,0.229349908,0.000000000,0.000000000,122.000,160.000,160.000
1786781957975,XAUT_USDT,demo,0,microspread_below_threshold,0,0.000000000,0.500000000,1.593854833,1.593854833,0.229349908,0.000000000,0.000000000,245.000,283.000,283.000
1786781958804,XAUT_USDT,demo,0,microspread_below_threshold,0,0.000000000,0.500000000,1.593854833,1.593854833,0.229349908,0.000000000,0.000000000,102.000,163.000,163.000
1786781958914,XAUT_USDT,demo,0,microspread_below_threshold,0,0.000000000,0.500000000,1.593854833,1.593854833,0.229349908,0.000000000,0.000000000,63.000,273.000,273.000
1786781959027,XAUT_USDT,demo,0,microspread_below_threshold,0,0.000000000,0.500000000,1.593854833,1.593854833,0.229349908,0.000000000,0.000000000,0.000,44.000,44.000
1786781959153,XAUT_USDT,demo,0,microspread_below_threshold,0,0.000000000,0.500000000,1.593854833,1.593854833,0.229349908,0.000000000,0.000000000,30.000,0.000,0.000
1786781959259,XAUT_USDT,demo,0,microspread_below_threshold,0,0.000000000,0.500000000,1.593854833,1.593854833,0.229349908,0.000000000,0.000000000,52.000,106.000,106.000
1786781959375,XAUT_USDT,demo,0,microspread_below_threshold,0,0.000000000,0.500000000,1.593854833,1.593854833,0.229349908,0.000000000,0.000000000,0.000,45.000,45.000
1786781959477,XAUT_USDT,demo,0,microspread_below_threshold,0,0.000000000,0.500000000,1.593854833,1.593854833,0.229349908,0.000000000,0.000000000,70.000,64.000,64.000
1786781959584,XAUT_USDT,demo,0,microspread_below_threshold,0,0.000000000,0.500000000,1.593854833,1.593854833,0.229349908,0.000000000,0.000000000,69.000,0.000,0.000
1786781959727,XAUT_USDT,demo,0,microspread_below_threshold,0,0.000000000,0.500000000,1.593854833,1.593854833,0.229349908,0.000000000,0.000000000,212.000,56.000,56.000
1786781959870,XAUT_USDT,demo,0,microspread_below_threshold,0,0.000000000,0.500000000,1.593854833,1.593854833,0.229349908,0.000000000,0.000000000,62.000,199.000,199.000
1786781959980,XAUT_USDT,demo,0,microspread_below_threshold,0,0.000000000,0.500000000,1.593854833,1.593854833,0.229349908,0.000000000,0.000000000,57.000,309.000,309.000
1786781960099,XAUT_USDT,demo,0,microspread_below_threshold,0,0.000000000,0.500000000,1.593854833,1.593854833,0.229349908,0.000000000,0.000000000,176.000,0.000,0.000
1786781960242,XAUT_USDT,demo,0,stale_binance,0,0.000000000,0.500000000,0.000000000,0.000000000,0.229349908,0.000000000,0.000000000,319.000,57.000,57.000
1786781960356,XAUT_USDT,demo,0,microspread_below_threshold,0,0.000000000,0.500000000,1.593854833,1.593854833,0.229349908,0.000000000,0.000000000,18.000,0.000,0.000
1786781960506,XAUT_USDT,demo,0,microspread_below_threshold,0,0.000000000,0.500000000,1.593854833,1.593854833,0.229349908,0.000000000,0.000000000,168.000,63.000,63.000
1786781960616,XAUT_USDT,demo,0,microspread_below_threshold,0,0.000000000,0.500000000,1.593854833,1.593854833,0.229349908,0.000000000,0.000000000,278.000,0.000,0.000
1786781960757,XAUT_USDT,demo,0,stale_binance,0,0.000000000,0.500000000,0.000000000,0.000000000,0.229349908,0.000000000,0.000000000,419.000,56.000,56.000
1786781960883,XAUT_USDT,demo,0,stale_binance,0,0.000000000,0.500000000,0.000000000,0.000000000,0.229349908,0.000000000,0.000000000,545.000,182.000,182.000
1786781961000,XAUT_USDT,demo,0,stale_binance,0,0.000000000,0.500000000,0.000000000,0.000000000,0.229349908,0.000000000,0.000000000,662.000,299.000,299.000
1786781961128,XAUT_USDT,demo,0,stale_binance,0,0.000000000,0.500000000,0.000000000,0.000000000,0.229349908,0.000000000,0.000000000,790.000,0.000,0.000
1786781961238,XAUT_USDT,demo,0,stale_binance,0,0.000000000,0.500000000,0.000000000,0.000000000,0.229349908,0.000000000,0.000000000,900.000,110.000,110.000
1786781961361,XAUT_USDT,demo,0,stale_binance,0,0.000000000,0.500000000,0.000000000,0.000000000,0.229349908,0.000000000,0.000000000,1023.000,59.000,59.000
1786781961474,XAUT_USDT,demo,0,stale_binance,0,0.000000000,0.500000000,0.000000000,0.000000000,0.229349908,0.000000000,0.000000000,1136.000,0.000,0.000
1786781961621,XAUT_USDT,demo,0,stale_binance,0,0.000000000,0.500000000,0.000000000,0.000000000,0.229349908,0.000000000,0.000000000,1283.000,61.000,61.000
1786781961727,XAUT_USDT,demo,0,stale_binance,0,0.000000000,0.500000000,0.000000000,0.000000000,0.229349908,0.000000000,0.000000000,1389.000,0.000,0.000
1786781961841,XAUT_USDT,demo,0,stale_binance,0,0.000000000,0.500000000,0.000000000,0.000000000,0.229349908,0.000000000,0.000000000,1503.000,114.000,114.000
1786781961963,XAUT_USDT,demo,0,stale_binance,0,0.000000000,0.500000000,0.000000000,0.000000000,0.229349908,0.000000000,0.000000000,1625.000,236.000,236.000
1786781962070,XAUT_USDT,demo,0,stale_binance,0,0.000000000,0.500000000,0.000000000,0.000000000,0.229349908,0.000000000,0.000000000,1732.000,0.000,0.000
1786781962218,XAUT_USDT,demo,0,stale_binance,0,0.000000000,0.500000000,0.000000000,0.000000000,0.229349908,0.000000000,0.000000000,1880.000,64.000,64.000
1786781962330,XAUT_USDT,demo,0,stale_binance,0,0.000000000,0.500000000,0.000000000,0.000000000,0.229349908,0.000000000,0.000000000,1992.000,1.000,1.000
1786781962485,XAUT_USDT,demo,0,stale_binance,0,0.000000000,0.500000000,0.000000000,0.000000000,0.229349908,0.000000000,0.000000000,2147.000,59.000,59.000
1786781962589,XAUT_USDT,demo,0,stale_binance,0,0.000000000,0.500000000,0.000000000,0.000000000,0.229349908,0.000000000,0.000000000,2251.000,0.000,0.000
1786781962734,XAUT_USDT,demo,0,stale_binance,0,0.000000000,0.500000000,0.000000000,0.000000000,0.229349908,0.000000000,0.000000000,2396.000,60.000,60.000
1786781962845,XAUT_USDT,demo,0,microspread_below_threshold,0,0.000000000,0.500000000,1.593854833,1.593854833,0.229349908,0.000000000,0.000000000,107.000,0.000,0.000
1786781962967,XAUT_USDT,demo,0,microspread_below_threshold,0,0.000000000,0.500000000,1.593854833,1.593854833,0.229349908,0.000000000,0.000000000,229.000,122.000,122.000
1786781963077,XAUT_USDT,demo,0,stale_binance,0,0.000000000,0.500000000,0.000000000,0.000000000,0.229349908,0.000000000,0.000000000,339.000,62.000,62.000
1786781963729,XAUT_USDT,demo,0,stale_binance,0,0.000000000,0.500000000,0.000000000,0.000000000,0.229349908,0.000000000,0.000000000,991.000,22.000,22.000
1786781963842,XAUT_USDT,demo,0,stale_binance,0,0.000000000,0.500000000,0.000000000,0.000000000,0.229349908,0.000000000,0.000000000,1104.000,135.000,135.000
1786781963966,XAUT_USDT,demo,0,stale_binance,0,0.000000000,0.500000000,0.000000000,0.000000000,0.229349908,0.000000000,0.000000000,1228.000,0.000,0.000
1786781964106,XAUT_USDT,demo,0,stale_binance,0,0.000000000,0.500000000,0.000000000,0.000000000,0.229349908,0.000000000,0.000000000,1368.000,54.000,54.000
1786781964217,XAUT_USDT,demo,0,stale_binance,0,0.000000000,0.500000000,0.000000000,0.000000000,0.229349908,0.000000000,0.000000000,1479.000,0.000,0.000
1786781964356,XAUT_USDT,demo,0,stale_binance,0,0.000000000,0.500000000,0.000000000,0.000000000,0.229349908,0.000000000,0.000000000,1618.000,53.000,53.000
1786781964478,XAUT_USDT,demo,0,stale_binance,0,0.000000000,0.500000000,0.000000000,0.000000000,0.229349908,0.000000000,0.000000000,1740.000,0.000,0.000
1786781964623,XAUT_USDT,demo,0,stale_binance,0,0.000000000,0.500000000,0.000000000,0.000000000,0.229349908,0.000000000,0.000000000,1885.000,57.000,57.000
1786781964736,XAUT_USDT,demo,0,stale_binance,0,0.000000000,0.500000000,0.000000000,0.000000000,0.229349908,0.000000000,0.000000000,1998.000,0.000,0.000
1786781964871,XAUT_USDT,demo,0,stale_binance,0,0.000000000,0.500000000,0.000000000,0.000000000,0.229349908,0.000000000,0.000000000,2133.000,54.000,54.000
1786781964989,XAUT_USDT,demo,0,stale_binance,0,0.000000000,0.500000000,0.000000000,0.000000000,0.229349908,0.000000000,0.000000000,2251.000,0.000,0.000
1786781965137,XAUT_USDT,demo,0,microspread_below_threshold,0,0.000000000,0.500000000,1.593854833,1.593854833,0.229349908,0.000000000,0.000000000,54.000,64.000,64.000
1786781965260,XAUT_USDT,demo,0,microspread_below_threshold,0,0.000000000,0.500000000,1.593854833,1.593854833,0.229349908,0.000000000,0.000000000,177.000,187.000,187.000
1786781965386,XAUT_USDT,demo,0,stale_binance,0,0.000000000,0.500000000,0.000000000,0.000000000,0.229349908,0.000000000,0.000000000,303.000,54.000,54.000
1786781965507,XAUT_USDT,demo,0,stale_binance,0,0.000000000,0.500000000,0.000000000,0.000000000,0.229349908,0.000000000,0.000000000,424.000,1.000,1.000
1786781965657,XAUT_USDT,demo,0,stale_binance,0,0.000000000,0.500000000,0.000000000,0.000000000,0.229349908,0.000000000,0.000000000,574.000,65.000,65.000
1786781965782,XAUT_USDT,demo,0,microspread_below_threshold,0,0.000000000,0.500000000,1.593854833,1.593854833,0.229349908,0.000000000,0.000000000,60.000,105.000,105.000
1786781965907,XAUT_USDT,demo,0,microspread_below_threshold,0,0.000000000,0.500000000,1.593854833,1.593854833,0.229349908,0.000000000,0.000000000,185.000,59.000,59.000
1786781966023,XAUT_USDT,demo,0,stale_binance,0,0.000000000,0.500000000,0.000000000,0.000000000,0.229349908,0.000000000,0.000000000,301.000,0.000,0.000
1786781966171,XAUT_USDT,demo,0,stale_binance,0,0.000000000,0.500000000,0.000000000,0.000000000,0.229349908,0.000000000,0.000000000,449.000,62.000,62.000
1786781966297,XAUT_USDT,demo,0,stale_binance,0,0.000000000,0.500000000,0.000000000,0.000000000,0.229349908,0.000000000,0.000000000,575.000,188.000,188.000
1786781966423,XAUT_USDT,demo,0,stale_binance,0,0.000000000,0.500000000,0.000000000,0.000000000,0.229349908,0.000000000,0.000000000,701.000,314.000,314.000
1786781966539,XAUT_USDT,demo,0,stale_binance,0,0.000000000,0.500000000,0.000000000,0.000000000,0.229349908,0.000000000,0.000000000,817.000,0.000,0.000
1786781966688,XAUT_USDT,demo,0,microspread_below_threshold,0,0.000000000,0.500000000,1.593854833,1.593854833,0.229349908,0.000000000,0.000000000,116.000,65.000,65.000
1786781966812,XAUT_USDT,demo,0,microspread_below_threshold,0,0.000000000,0.500000000,1.593854833,1.593854833,0.229349908,0.000000000,0.000000000,240.000,189.000,189.000
1786781966936,XAUT_USDT,demo,0,stale_binance,0,0.000000000,0.500000000,0.000000000,0.000000000,0.229349908,0.000000000,0.000000000,364.000,313.000,313.000
1786781967050,XAUT_USDT,demo,0,stale_binance,0,0.000000000,0.500000000,0.000000000,0.000000000,0.229349908,0.000000000,0.000000000,478.000,0.000,0.000
1786781967174,XAUT_USDT,demo,0,stale_binance,0,0.000000000,0.500000000,0.000000000,0.000000000,0.229349908,0.000000000,0.000000000,602.000,124.000,124.000
1786781967299,XAUT_USDT,demo,0,microspread_below_threshold,0,0.000000000,0.500000000,1.593854833,1.593854833,0.229349908,0.000000000,0.000000000,51.000,78.000,78.000
1786781967441,XAUT_USDT,demo,0,microspread_below_threshold,0,0.000000000,0.500000000,1.593854833,1.593854833,0.229349908,0.000000000,0.000000000,193.000,127.000,127.000
1786781967551,XAUT_USDT,demo,0,stale_binance,0,0.000000000,0.500000000,0.000000000,0.000000000,0.229349908,0.000000000,0.000000000,303.000,66.000,66.000
1786781967660,XAUT_USDT,demo,0,stale_binance,0,0.000000000,0.500000000,0.000000000,0.000000000,0.229349908,0.000000000,0.000000000,412.000,0.000,0.000
1786781967787,XAUT_USDT,demo,0,microspread_below_threshold,0,0.000000000,0.500000000,1.593854833,1.593854833,0.229349908,0.000000000,0.000000000,57.000,127.000,127.000
1786781967912,XAUT_USDT,demo,0,microspread_below_threshold,0,0.000000000,0.500000000,1.593854833,1.593854833,0.229349908,0.000000000,0.000000000,182.000,0.000,0.000
1786781968036,XAUT_USDT,demo,0,stale_binance,0,0.000000000,0.500000000,0.000000000,0.000000000,0.229349908,0.000000000,0.000000000,306.000,124.000,124.000
1786781969221,XAUT_USDT,demo,0,microspread_below_threshold,0,0.000000000,0.500000000,1.593854833,1.593854833,0.229349908,0.000000000,0.000000000,153.000,22.000,22.000
1786781969340,XAUT_USDT,demo,0,microspread_below_threshold,0,0.000000000,0.500000000,1.593854833,1.593854833,0.229349908,0.000000000,0.000000000,272.000,51.000,51.000
1786781969450,XAUT_USDT,demo,0,microspread_below_threshold,0,0.000000000,0.500000000,1.593854833,1.593854833,0.229349908,0.000000000,0.000000000,104.000,161.000,161.000
1786781969553,XAUT_USDT,demo,0,microspread_below_threshold,0,0.000000000,0.500000000,1.593854833,1.593854833,0.229349908,0.000000000,0.000000000,207.000,0.000,0.000
1786781969686,XAUT_USDT,demo,0,stale_binance,0,0.000000000,0.500000000,0.000000000,0.000000000,0.229349908,0.000000000,0.000000000,340.000,52.000,52.000
1786781969803,XAUT_USDT,demo,0,microspread_below_threshold,0,0.000000000,0.500000000,1.593854833,1.593854833,0.229349908,0.000000000,0.000000000,101.000,0.000,0.000
1786781969926,XAUT_USDT,demo,0,microspread_below_threshold,0,0.000000000,0.500000000,1.593854833,1.593854833,0.229349908,0.000000000,0.000000000,224.000,123.000,123.000
1786781970050,XAUT_USDT,demo,0,microspread_below_threshold,0,0.000000000,0.500000000,1.593854833,1.593854833,0.229349908,0.000000000,0.000000000,113.000,74.000,74.000
1786781970207,XAUT_USDT,demo,0,microspread_below_threshold,0,0.000000000,0.500000000,1.593854833,1.593854833,0.229349908,0.000000000,0.000000000,270.000,59.000,59.000
1786781970321,XAUT_USDT,demo,0,stale_binance,0,0.000000000,0.500000000,0.000000000,0.000000000,0.229349908,0.000000000,0.000000000,384.000,0.000,0.000
1786781970442,XAUT_USDT,demo,0,stale_binance,0,0.000000000,0.500000000,0.000000000,0.000000000,0.229349908,0.000000000,0.000000000,505.000,121.000,121.000
1786781970566,XAUT_USDT,demo,0,stale_binance,0,0.000000000,0.500000000,0.000000000,0.000000000,0.229349908,0.000000000,0.000000000,629.000,245.000,245.000
1786781970691,XAUT_USDT,demo,0,stale_binance,0,0.000000000,0.500000000,0.000000000,0.000000000,0.229349908,0.000000000,0.000000000,754.000,114.000,114.000
1786781970799,XAUT_USDT,demo,0,stale_binance,0,0.000000000,0.500000000,0.000000000,0.000000000,0.229349908,0.000000000,0.000000000,862.000,51.000,51.000
1786781970957,XAUT_USDT,demo,0,microspread_below_threshold,0,0.000000000,0.500000000,1.593854833,1.593854833,0.229349908,0.000000000,0.000000000,115.000,209.000,209.000
1786781971080,XAUT_USDT,demo,0,microspread_below_threshold,0,0.000000000,0.500000000,1.593854833,1.593854833,0.229349908,0.000000000,0.000000000,57.000,77.000,77.000
1786781971236,XAUT_USDT,demo,0,microspread_below_threshold,0,0.000000000,0.500000000,1.593854833,1.593854833,0.229349908,0.000000000,0.000000000,213.000,63.000,63.000
1786781971346,XAUT_USDT,demo,0,stale_binance,0,0.000000000,0.500000000,0.000000000,0.000000000,0.229349908,0.000000000,0.000000000,323.000,0.000,0.000
1786781971486,XAUT_USDT,demo,0,stale_binance,0,0.000000000,0.500000000,0.000000000,0.000000000,0.229349908,0.000000000,0.000000000,463.000,52.000,52.000
1786781971607,XAUT_USDT,demo,0,stale_binance,0,0.000000000,0.500000000,0.000000000,0.000000000,0.229349908,0.000000000,0.000000000,584.000,0.000,0.000
1786781971735,XAUT_USDT,demo,0,stale_binance,0,0.000000000,0.500000000,0.000000000,0.000000000,0.229349908,0.000000000,0.000000000,712.000,128.000,128.000
1786781971860,XAUT_USDT,demo,0,stale_binance,0,0.000000000,0.500000000,0.000000000,0.000000000,0.229349908,0.000000000,0.000000000,837.000,253.000,253.000
1786781972018,XAUT_USDT,demo,0,stale_binance,0,0.000000000,0.500000000,0.000000000,0.000000000,0.229349908,0.000000000,0.000000000,995.000,66.000,66.000
1786781972123,XAUT_USDT,demo,0,stale_binance,0,0.000000000,0.500000000,0.000000000,0.000000000,0.229349908,0.000000000,0.000000000,1100.000,0.000,0.000
1786781972284,XAUT_USDT,demo,0,stale_binance,0,0.000000000,0.500000000,0.000000000,0.000000000,0.229349908,0.000000000,0.000000000,1261.000,65.000,65.000
1786781972424,XAUT_USDT,demo,0,stale_binance,0,0.000000000,0.500000000,0.000000000,0.000000000,0.229349908,0.000000000,0.000000000,1401.000,127.000,127.000
1786781972533,XAUT_USDT,demo,0,stale_binance,0,0.000000000,0.500000000,0.000000000,0.000000000,0.229349908,0.000000000,0.000000000,1510.000,60.000,60.000
1786781972645,XAUT_USDT,demo,0,stale_binance,0,0.000000000,0.500000000,0.000000000,0.000000000,0.229349908,0.000000000,0.000000000,1622.000,0.000,0.000
1786781972782,XAUT_USDT,demo,0,stale_binance,0,0.000000000,0.500000000,0.000000000,0.000000000,0.229349908,0.000000000,0.000000000,1759.000,52.000,52.000
1786781972906,XAUT_USDT,demo,0,stale_binance,0,0.000000000,0.500000000,0.000000000,0.000000000,0.229349908,0.000000000,0.000000000,1883.000,176.000,176.000
1786781973046,XAUT_USDT,demo,0,stale_binance,0,0.000000000,0.500000000,0.000000000,0.000000000,0.229349908,0.000000000,0.000000000,2023.000,59.000,59.000
1786781973877,XAUT_USDT,demo,0,microspread_below_threshold,0,0.000000000,0.500000000,1.593854833,1.593854833,0.229349908,0.000000000,0.000000000,72.000,35.000,35.000
1786781973984,XAUT_USDT,demo,0,microspread_below_threshold,0,0.000000000,0.500000000,1.593854833,1.593854833,0.229349908,0.000000000,0.000000000,58.000,142.000,142.000
1786781974140,XAUT_USDT,demo,0,microspread_below_threshold,0,0.000000000,0.500000000,1.593854833,1.593854833,0.229349908,0.000000000,0.000000000,214.000,124.000,124.000
1786781974270,XAUT_USDT,demo,0,stale_binance,0,0.000000000,0.500000000,0.000000000,0.000000000,0.229349908,0.000000000,0.000000000,344.000,0.000,0.000
1786781974412,XAUT_USDT,demo,0,stale_binance,0,0.000000000,0.500000000,0.000000000,0.000000000,0.229349908,0.000000000,0.000000000,486.000,54.000,54.000
1786781974516,XAUT_USDT,demo,0,microspread_below_threshold,0,0.000000000,0.500000000,1.593854833,1.593854833,0.229349908,0.000000000,0.000000000,0.000,158.000,158.000
1786781974622,XAUT_USDT,demo,0,microspread_below_threshold,0,0.000000000,0.500000000,1.593854833,1.593854833,0.229349908,0.000000000,0.000000000,106.000,0.000,0.000
1786781974725,XAUT_USDT,demo,0,microspread_below_threshold,0,0.000000000,0.500000000,1.593854833,1.593854833,0.229349908,0.000000000,0.000000000,209.000,0.000,0.000
1786781974845,XAUT_USDT,demo,0,stale_binance,0,0.000000000,0.500000000,0.000000000,0.000000000,0.229349908,0.000000000,0.000000000,329.000,120.000,120.000
1786781974968,XAUT_USDT,demo,0,stale_binance,0,0.000000000,0.500000000,0.000000000,0.000000000,0.229349908,0.000000000,0.000000000,452.000,243.000,243.000
1786781975109,XAUT_USDT,demo,0,stale_binance,0,0.000000000,0.500000000,0.000000000,0.000000000,0.229349908,0.000000000,0.000000000,593.000,63.000,63.000
1786781975219,XAUT_USDT,demo,0,microspread_below_threshold,0,0.000000000,0.500000000,1.593854833,1.593854833,0.229349908,0.000000000,0.000000000,56.000,0.000,0.000
1786781975358,XAUT_USDT,demo,0,microspread_below_threshold,0,0.000000000,0.500000000,1.593854833,1.593854833,0.229349908,0.000000000,0.000000000,195.000,51.000,51.000
1786781975468,XAUT_USDT,demo,0,microspread_below_threshold,0,0.000000000,0.500000000,1.593854833,1.593854833,0.229349908,0.000000000,0.000000000,58.000,71.000,71.000
1786781975602,XAUT_USDT,demo,0,microspread_below_threshold,0,0.000000000,0.500000000,1.593854833,1.593854833,0.229349908,0.000000000,0.000000000,1.000,36.000,36.000
1786781975717,XAUT_USDT,demo,0,microspread_below_threshold,0,0.000000000,0.500000000,1.593854833,1.593854833,0.229349908,0.000000000,0.000000000,116.000,151.000,151.000
1786781975857,XAUT_USDT,demo,0,microspread_below_threshold,0,0.000000000,0.500000000,1.593854833,1.593854833,0.229349908,0.000000000,0.000000000,256.000,120.000,120.000
1786781975983,XAUT_USDT,demo,0,stale_binance,0,0.000000000,0.500000000,0.000000000,0.000000000,0.229349908,0.000000000,0.000000000,382.000,246.000,246.000
1786781976139,XAUT_USDT,demo,0,stale_binance,0,0.000000000,0.500000000,0.000000000,0.000000000,0.229349908,0.000000000,0.000000000,538.000,58.000,58.000
1786781976272,XAUT_USDT,demo,0,stale_binance,0,0.000000000,0.500000000,0.000000000,0.000000000,0.229349908,0.000000000,0.000000000,671.000,105.000,105.000
1786781976406,XAUT_USDT,demo,0,stale_binance,0,0.000000000,0.500000000,0.000000000,0.000000000,0.229349908,0.000000000,0.000000000,805.000,64.000,64.000
1786781976516,XAUT_USDT,demo,0,stale_binance,0,0.000000000,0.500000000,0.000000000,0.000000000,0.229349908,0.000000000,0.000000000,915.000,1.000,1.000
1786781976656,XAUT_USDT,demo,0,stale_binance,0,0.000000000,0.500000000,0.000000000,0.000000000,0.229349908,0.000000000,0.000000000,1055.000,54.000,54.000
1786781976781,XAUT_USDT,demo,0,stale_binance,0,0.000000000,0.500000000,0.000000000,0.000000000,0.229349908,0.000000000,0.000000000,1180.000,179.000,179.000
1786781976934,XAUT_USDT,demo,0,microspread_below_threshold,0,0.000000000,0.500000000,1.593854833,1.593854833,0.229349908,0.000000000,0.000000000,0.000,332.000,332.000
1786781977093,XAUT_USDT,demo,0,microspread_below_threshold,0,0.000000000,0.500000000,1.593854833,1.593854833,0.229349908,0.000000000,0.000000000,157.000,64.000,64.000
1786781977217,XAUT_USDT,demo,0,microspread_below_threshold,0,0.000000000,0.500000000,1.593854833,1.593854833,0.229349908,0.000000000,0.000000000,61.000,101.000,101.000
1786781977343,XAUT_USDT,demo,0,microspread_below_threshold,0,0.000000000,0.500000000,1.593854833,1.593854833,0.229349908,0.000000000,0.000000000,187.000,55.000,55.000
1786781977460,XAUT_USDT,demo,0,stale_binance,0,0.000000000,0.500000000,0.000000000,0.000000000,0.229349908,0.000000000,0.000000000,304.000,0.000,0.000
1786781977624,XAUT_USDT,demo,0,microspread_below_threshold,0,0.000000000,0.500000000,1.593854833,1.593854833,0.229349908,0.000000000,0.000000000,67.000,75.000,75.000
1786781977777,XAUT_USDT,demo,0,microspread_below_threshold,0,0.000000000,0.500000000,1.593854833,1.593854833,0.229349908,0.000000000,0.000000000,76.000,59.000,59.000
1786781977879,XAUT_USDT,demo,0,microspread_below_threshold,0,0.000000000,0.500000000,1.593854833,1.593854833,0.229349908,0.000000000,0.000000000,0.000,74.000,74.000
1786781977996,XAUT_USDT,demo,0,microspread_below_threshold,0,0.000000000,0.500000000,1.593854833,1.593854833,0.229349908,0.000000000,0.000000000,117.000,191.000,191.000
1786781978123,XAUT_USDT,demo,0,microspread_below_threshold,0,0.000000000,0.500000000,1.593854833,1.593854833,0.229349908,0.000000000,0.000000000,244.000,60.000,60.000
1786781978922,XAUT_USDT,demo,0,stale_binance,0,0.000000000,0.500000000,0.000000000,0.000000000,0.229349908,0.000000000,0.000000000,419.000,172.000,172.000
1786781979072,XAUT_USDT,demo,0,stale_binance,0,0.000000000,0.500000000,0.000000000,0.000000000,0.229349908,0.000000000,0.000000000,569.000,62.000,62.000
1786781979212,XAUT_USDT,demo,0,stale_binance,0,0.000000000,0.500000000,0.000000000,0.000000000,0.229349908,0.000000000,0.000000000,709.000,117.000,117.000
1786781979321,XAUT_USDT,demo,0,stale_binance,0,0.000000000,0.500000000,0.000000000,0.000000000,0.229349908,0.000000000,0.000000000,818.000,54.000,54.000
1786781979438,XAUT_USDT,demo,0,stale_binance,0,0.000000000,0.500000000,0.000000000,0.000000000,0.229349908,0.000000000,0.000000000,935.000,0.000,0.000
1786781979555,XAUT_USDT,demo,0,stale_binance,0,0.000000000,0.500000000,0.000000000,0.000000000,0.229349908,0.000000000,0.000000000,1052.000,117.000,117.000
1786781979679,XAUT_USDT,demo,0,stale_binance,0,0.000000000,0.500000000,0.000000000,0.000000000,0.229349908,0.000000000,0.000000000,1176.000,241.000,241.000
1786781979789,XAUT_USDT,demo,0,microspread_below_threshold,0,0.000000000,0.500000000,1.593854833,1.593854833,0.229349908,0.000000000,0.000000000,62.000,92.000,92.000
1786781979913,XAUT_USDT,demo,0,microspread_below_threshold,0,0.000000000,0.500000000,1.593854833,1.593854833,0.229349908,0.000000000,0.000000000,186.000,216.000,216.000
1786781980036,XAUT_USDT,demo,0,stale_binance,0,0.000000000,0.500000000,0.000000000,0.000000000,0.229349908,0.000000000,0.000000000,309.000,0.000,0.000
1786781980164,XAUT_USDT,demo,0,stale_binance,0,0.000000000,0.500000000,0.000000000,0.000000000,0.229349908,0.000000000,0.000000000,437.000,128.000,128.000
1786781980272,XAUT_USDT,demo,0,stale_binance,0,0.000000000,0.500000000,0.000000000,0.000000000,0.229349908,0.000000000,0.000000000,545.000,66.000,66.000
1786781980381,XAUT_USDT,demo,0,stale_binance,0,0.000000000,0.500000000,0.000000000,0.000000000,0.229349908,0.000000000,0.000000000,654.000,0.000,0.000
1786781980505,XAUT_USDT,demo,0,stale_binance,0,0.000000000,0.500000000,0.000000000,0.000000000,0.229349908,0.000000000,0.000000000,778.000,124.000,124.000
1786781980615,XAUT_USDT,demo,0,stale_binance,0,0.000000000,0.500000000,0.000000000,0.000000000,0.229349908,0.000000000,0.000000000,888.000,63.000,63.000
1786781980728,XAUT_USDT,demo,0,stale_binance,0,0.000000000,0.500000000,0.000000000,0.000000000,0.229349908,0.000000000,0.000000000,1001.000,0.000,0.000
1786781980866,XAUT_USDT,demo,0,stale_binance,0,0.000000000,0.500000000,0.000000000,0.000000000,0.229349908,0.000000000,0.000000000,1139.000,60.000,60.000
1786781980991,XAUT_USDT,demo,0,microspread_below_threshold,0,0.000000000,0.500000000,1.593854833,1.593854833,0.229349908,0.000000000,0.000000000,56.000,99.000,99.000
1786781981132,XAUT_USDT,demo,0,microspread_below_threshold,0,0.000000000,0.500000000,1.593854833,1.593854833,0.229349908,0.000000000,0.000000000,197.000,66.000,66.000
1786781981256,XAUT_USDT,demo,0,microspread_below_threshold,0,0.000000000,0.500000000,1.593854833,1.593854833,0.229349908,0.000000000,0.000000000,58.000,190.000,190.000
1786781981380,XAUT_USDT,demo,0,microspread_below_threshold,0,0.000000000,0.500000000,1.593854833,1.593854833,0.229349908,0.000000000,0.000000000,182.000,54.000,54.000
1786781981497,XAUT_USDT,demo,0,microspread_below_threshold,0,0.000000000,0.500000000,1.593854833,1.593854833,0.229349908,0.000000000,0.000000000,299.000,0.000,0.000
1786781981630,XAUT_USDT,demo,0,stale_binance,0,0.000000000,0.500000000,0.000000000,0.000000000,0.229349908,0.000000000,0.000000000,432.000,51.000,51.000
1786781981752,XAUT_USDT,demo,0,stale_binance,0,0.000000000,0.500000000,0.000000000,0.000000000,0.229349908,0.000000000,0.000000000,554.000,0.000,0.000
1786781981894,XAUT_USDT,demo,0,stale_binance,0,0.000000000,0.500000000,0.000000000,0.000000000,0.229349908,0.000000000,0.000000000,696.000,55.000,55.000
1786781982039,XAUT_USDT,demo,0,microspread_below_threshold,0,0.000000000,0.500000000,1.593854833,1.593854833,0.229349908,0.000000000,0.000000000,1.000,114.000,114.000
1786781982174,XAUT_USDT,demo,0,microspread_below_threshold,0,0.000000000,0.500000000,1.593854833,1.593854833,0.229349908,0.000000000,0.000000000,51.000,74.000,74.000
1786781982290,XAUT_USDT,demo,0,microspread_below_threshold,0,0.000000000,0.500000000,1.593854833,1.593854833,0.229349908,0.000000000,0.000000000,0.000,190.000,190.000
1786781982407,XAUT_USDT,demo,0,microspread_below_threshold,0,0.000000000,0.500000000,1.593854833,1.593854833,0.229349908,0.000000000,0.000000000,0.000,50.000,50.000
1786781982565,XAUT_USDT,demo,0,microspread_below_threshold,0,0.000000000,0.500000000,1.593854833,1.593854833,0.229349908,0.000000000,0.000000000,128.000,119.000,119.000
1786781982674,XAUT_USDT,demo,0,microspread_below_threshold,0,0.000000000,0.500000000,1.593854833,1.593854833,0.229349908,0.000000000,0.000000000,237.000,59.000,59.000
1786781982786,XAUT_USDT,demo,0,stale_binance,0,0.000000000,0.500000000,0.000000000,0.000000000,0.229349908,0.000000000,0.000000000,349.000,0.000,0.000
1786781982908,XAUT_USDT,demo,0,stale_binance,0,0.000000000,0.500000000,0.000000000,0.000000000,0.229349908,0.000000000,0.000000000,471.000,122.000,122.000
1786781983018,XAUT_USDT,demo,0,microspread_below_threshold,0,0.000000000,0.500000000,1.593854833,1.593854833,0.229349908,0.000000000,0.000000000,92.000,60.000,60.000
1786781983129,XAUT_USDT,demo,0,microspread_below_threshold,0,0.000000000,0.500000000,1.593854833,1.593854833,0.229349908,0.000000000,0.000000000,203.000,0.000,0.000
1786781983934,XAUT_USDT,demo,0,stale_binance,0,0.000000000,0.500000000,0.000000000,0.000000000,0.229349908,0.000000000,0.000000000,1008.000,25.000,25.000
1786781984050,XAUT_USDT,demo,0,stale_binance,0,0.000000000,0.500000000,0.000000000,0.000000000,0.229349908,0.000000000,0.000000000,1124.000,141.000,141.000
1786781984165,XAUT_USDT,demo,0,stale_binance,0,0.000000000,0.500000000,0.000000000,0.000000000,0.229349908,0.000000000,0.000000000,1239.000,0.000,0.000
1786781984267,XAUT_USDT,demo,0,microspread_below_threshold,0,0.000000000,0.500000000,1.593854833,1.593854833,0.229349908,0.000000000,0.000000000,65.000,102.000,102.000
1786781984392,XAUT_USDT,demo,0,microspread_below_threshold,0,0.000000000,0.500000000,1.593854833,1.593854833,0.229349908,0.000000000,0.000000000,190.000,53.000,53.000
1786781984513,XAUT_USDT,demo,0,microspread_below_threshold,0,0.000000000,0.500000000,1.593854833,1.593854833,0.229349908,0.000000000,0.000000000,109.000,0.000,0.000
1786781984627,XAUT_USDT,demo,0,microspread_below_threshold,0,0.000000000,0.500000000,1.593854833,1.593854833,0.229349908,0.000000000,0.000000000,223.000,114.000,114.000
1786781984737,XAUT_USDT,demo,0,stale_binance,0,0.000000000,0.500000000,0.000000000,0.000000000,0.229349908,0.000000000,0.000000000,333.000,52.000,52.000
1786781984892,XAUT_USDT,demo,0,stale_binance,0,0.000000000,0.500000000,0.000000000,0.000000000,0.229349908,0.000000000,0.000000000,488.000,121.000,121.000
1786781985019,XAUT_USDT,demo,0,stale_binance,0,0.000000000,0.500000000,0.000000000,0.000000000,0.229349908,0.000000000,0.000000000,615.000,248.000,248.000
1786781985174,XAUT_USDT,demo,0,stale_binance,0,0.000000000,0.500000000,0.000000000,0.000000000,0.229349908,0.000000000,0.000000000,770.000,61.000,61.000
1786781985283,XAUT_USDT,demo,0,stale_binance,0,0.000000000,0.500000000,0.000000000,0.000000000,0.229349908,0.000000000,0.000000000,879.000,0.000,0.000
1786781985423,XAUT_USDT,demo,0,stale_binance,0,0.000000000,0.500000000,0.000000000,0.000000000,0.229349908,0.000000000,0.000000000,1019.000,52.000,52.000
1786781985579,XAUT_USDT,demo,0,stale_binance,0,0.000000000,0.500000000,0.000000000,0.000000000,0.229349908,0.000000000,0.000000000,1175.000,121.000,121.000
1786781985689,XAUT_USDT,demo,0,stale_binance,0,0.000000000,0.500000000,0.000000000,0.000000000,0.229349908,0.000000000,0.000000000,1285.000,60.000,60.000
1786781985798,XAUT_USDT,demo,0,microspread_below_threshold,0,0.000000000,0.500000000,1.593854833,1.593854833,0.229349908,0.000000000,0.000000000,54.000,85.000,85.000
1786781985939,XAUT_USDT,demo,0,microspread_below_threshold,0,0.000000000,0.500000000,1.593854833,1.593854833,0.229349908,0.000000000,0.000000000,195.000,56.000,56.000
1786781986056,XAUT_USDT,demo,0,stale_binance,0,0.000000000,0.500000000,0.000000000,0.000000000,0.229349908,0.000000000,0.000000000,312.000,0.000,0.000
1786781986204,XAUT_USDT,demo,0,stale_binance,0,0.000000000,0.500000000,0.000000000,0.000000000,0.229349908,0.000000000,0.000000000,460.000,61.000,61.000
1786781986313,XAUT_USDT,demo,0,stale_binance,0,0.000000000,0.500000000,0.000000000,0.000000000,0.229349908,0.000000000,0.000000000,569.000,0.000,0.000
1786781986439,XAUT_USDT,demo,0,stale_binance,0,0.000000000,0.500000000,0.000000000,0.000000000,0.229349908,0.000000000,0.000000000,695.000,126.000,126.000
1786781986561,XAUT_USDT,demo,0,microspread_below_threshold,0,0.000000000,0.500000000,1.593854833,1.593854833,0.229349908,0.000000000,0.000000000,64.000,248.000,248.000
1786781986669,XAUT_USDT,demo,0,microspread_below_threshold,0,0.000000000,0.500000000,1.593854833,1.593854833,0.229349908,0.000000000,0.000000000,172.000,0.000,0.000
1786781986795,XAUT_USDT,demo,0,microspread_below_threshold,0,0.000000000,0.500000000,1.593854833,1.593854833,0.229349908,0.000000000,0.000000000,298.000,126.000,126.000
1786781986914,XAUT_USDT,demo,0,stale_binance,0,0.000000000,0.500000000,0.000000000,0.000000000,0.229349908,0.000000000,0.000000000,417.000,1.000,1.000
1786781987060,XAUT_USDT,demo,0,microspread_below_threshold,0,0.000000000,0.500000000,1.593854833,1.593854833,0.229349908,0.000000000,0.000000000,145.000,62.000,62.000
1786781987170,XAUT_USDT,demo,0,microspread_below_threshold,0,0.000000000,0.500000000,1.593854833,1.593854833,0.229349908,0.000000000,0.000000000,255.000,0.000,0.000
1786781987292,XAUT_USDT,demo,0,stale_binance,0,0.000000000,0.500000000,0.000000000,0.000000000,0.229349908,0.000000000,0.000000000,377.000,122.000,122.000
1786781987401,XAUT_USDT,demo,0,stale_binance,0,0.000000000,0.500000000,0.000000000,0.000000000,0.229349908,0.000000000,0.000000000,486.000,59.000,59.000
1786781987518,XAUT_USDT,demo,0,stale_binance,0,0.000000000,0.500000000,0.000000000,0.000000000,0.229349908,0.000000000,0.000000000,603.000,0.000,0.000
1786781987658,XAUT_USDT,demo,0,stale_binance,0,0.000000000,0.500000000,0.000000000,0.000000000,0.229349908,0.000000000,0.000000000,743.000,56.000,56.000
1786781987771,XAUT_USDT,demo,0,stale_binance,0,0.000000000,0.500000000,0.000000000,0.000000000,0.229349908,0.000000000,0.000000000,856.000,169.000,169.000
1786781987872,XAUT_USDT,demo,0,stale_binance,0,0.000000000,0.500000000,0.000000000,0.000000000,0.229349908,0.000000000,0.000000000,957.000,270.000,270.000
1786781988000,XAUT_USDT,demo,0,stale_binance,0,0.000000000,0.500000000,0.000000000,0.000000000,0.229349908,0.000000000,0.000000000,1085.000,55.000,55.000
1786781988110,XAUT_USDT,demo,0,stale_binance,0,0.000000000,0.500000000,0.000000000,0.000000000,0.229349908,0.000000000,0.000000000,1195.000,60.000,60.000
1786781988210,XAUT_USDT,demo,0,microspread_below_threshold,0,0.000000000,0.500000000,1.593854833,1.593854833,0.229349908,0.000000000,0.000000000,0.000,95.000,95.000
1786781988962,XAUT_USDT,demo,0,stale_binance,0,0.000000000,0.500000000,0.000000000,0.000000000,0.229349908,0.000000000,0.000000000,614.000,147.000,147.000
1786781989064,XAUT_USDT,demo,0,stale_binance,0,0.000000000,0.500000000,0.000000000,0.000000000,0.229349908,0.000000000,0.000000000,716.000,0.000,0.000
1786781989204,XAUT_USDT,demo,0,stale_binance,0,0.000000000,0.500000000,0.000000000,0.000000000,0.229349908,0.000000000,0.000000000,856.000,56.000,56.000
1786781989321,XAUT_USDT,demo,0,stale_binance,0,0.000000000,0.500000000,0.000000000,0.000000000,0.229349908,0.000000000,0.000000000,973.000,1.000,1.000
1786781989430,XAUT_USDT,demo,0,microspread_below_threshold,0,0.000000000,0.500000000,1.593854833,1.593854833,0.229349908,0.000000000,0.000000000,56.000,110.000,110.000
1786781989575,XAUT_USDT,demo,0,microspread_below_threshold,0,0.000000000,0.500000000,1.593854833,1.593854833,0.229349908,0.000000000,0.000000000,58.000,255.000,255.000
1786781989731,XAUT_USDT,demo,0,microspread_below_threshold,0,0.000000000,0.500000000,1.593854833,1.593854833,0.229349908,0.000000000,0.000000000,71.000,63.000,63.000
1786781989855,XAUT_USDT,demo,0,microspread_below_threshold,0,0.000000000,0.500000000,1.593854833,1.593854833,0.229349908,0.000000000,0.000000000,0.000,187.000,187.000
1786781989957,XAUT_USDT,demo,0,microspread_below_threshold,0,0.000000000,0.500000000,1.593854833,1.593854833,0.229349908,0.000000000,0.000000000,0.000,35.000,35.000
1786781990059,XAUT_USDT,demo,0,microspread_below_threshold,0,0.000000000,0.500000000,1.593854833,1.593854833,0.229349908,0.000000000,0.000000000,0.000,137.000,137.000
1786781990178,XAUT_USDT,demo,0,microspread_below_threshold,0,0.000000000,0.500000000,1.593854833,1.593854833,0.229349908,0.000000000,0.000000000,106.000,0.000,0.000
1786781990303,XAUT_USDT,demo,0,microspread_below_threshold,0,0.000000000,0.500000000,1.593854833,1.593854833,0.229349908,0.000000000,0.000000000,231.000,125.000,125.000
1786781990411,XAUT_USDT,demo,0,stale_binance,0,0.000000000,0.500000000,0.000000000,0.000000000,0.229349908,0.000000000,0.000000000,339.000,60.000,60.000
1786781990566,XAUT_USDT,demo,0,microspread_below_threshold,0,0.000000000,0.500000000,1.593854833,1.593854833,0.229349908,0.000000000,0.000000000,115.000,128.000,128.000
1786781990696,XAUT_USDT,demo,0,microspread_below_threshold,0,0.000000000,0.500000000,1.593854833,1.593854833,0.229349908,0.000000000,0.000000000,245.000,0.000,0.000
1786781990816,XAUT_USDT,demo,0,stale_binance,0,0.000000000,0.500000000,0.000000000,0.000000000,0.229349908,0.000000000,0.000000000,365.000,120.000,120.000
1786781990925,XAUT_USDT,demo,0,stale_binance,0,0.000000000,0.500000000,0.000000000,0.000000000,0.229349908,0.000000000,0.000000000,474.000,59.000,59.000
1786781991030,XAUT_USDT,demo,0,microspread_below_threshold,0,0.000000000,0.500000000,1.593854833,1.593854833,0.229349908,0.000000000,0.000000000,1.000,164.000,164.000
1786781991177,XAUT_USDT,demo,0,microspread_below_threshold,0,0.000000000,0.500000000,1.593854833,1.593854833,0.229349908,0.000000000,0.000000000,146.000,53.000,53.000
1786781991297,XAUT_USDT,demo,0,microspread_below_threshold,0,0.000000000,0.500000000,1.593854833,1.593854833,0.229349908,0.000000000,0.000000000,266.000,0.000,0.000
1786781991437,XAUT_USDT,demo,0,stale_binance,0,0.000000000,0.500000000,0.000000000,0.000000000,0.229349908,0.000000000,0.000000000,406.000,54.000,54.000
1786781991561,XAUT_USDT,demo,0,stale_binance,0,0.000000000,0.500000000,0.000000000,0.000000000,0.229349908,0.000000000,0.000000000,530.000,178.000,178.000
1786781991704,XAUT_USDT,demo,0,stale_binance,0,0.000000000,0.500000000,0.000000000,0.000000000,0.229349908,0.000000000,0.000000000,673.000,63.000,63.000
1786781991845,XAUT_USDT,demo,0,stale_binance,0,0.000000000,0.500000000,0.000000000,0.000000000,0.229349908,0.000000000,0.000000000,814.000,120.000,120.000
1786781991954,XAUT_USDT,demo,0,stale_binance,0,0.000000000,0.500000000,0.000000000,0.000000000,0.229349908,0.000000000,0.000000000,923.000,56.000,56.000
1786781992078,XAUT_USDT,demo,0,stale_binance,0,0.000000000,0.500000000,0.000000000,0.000000000,0.229349908,0.000000000,0.000000000,1047.000,180.000,180.000
1786781992217,XAUT_USDT,demo,0,stale_binance,0,0.000000000,0.500000000,0.000000000,0.000000000,0.229349908,0.000000000,0.000000000,1186.000,62.000,62.000
1786781992328,XAUT_USDT,demo,0,stale_binance,0,0.000000000,0.500000000,0.000000000,0.000000000,0.229349908,0.000000000,0.000000000,1297.000,0.000,0.000
1786781992466,XAUT_USDT,demo,0,microspread_below_threshold,0,0.000000000,0.500000000,1.593854833,1.593854833,0.229349908,0.000000000,0.000000000,96.000,51.000,51.000
1786781992623,XAUT_USDT,demo,0,microspread_below_threshold,0,0.000000000,0.500000000,1.593854833,1.593854833,0.229349908,0.000000000,0.000000000,253.000,121.000,121.000
1786781992733,XAUT_USDT,demo,0,stale_binance,0,0.000000000,0.500000000,0.000000000,0.000000000,0.229349908,0.000000000,0.000000000,363.000,57.000,57.000
1786781992856,XAUT_USDT,demo,0,stale_binance,0,0.000000000,0.500000000,0.000000000,0.000000000,0.229349908,0.000000000,0.000000000,486.000,180.000,180.000
1786781992995,XAUT_USDT,demo,0,stale_binance,0,0.000000000,0.500000000,0.000000000,0.000000000,0.229349908,0.000000000,0.000000000,625.000,65.000,65.000
1786781993121,XAUT_USDT,demo,0,stale_binance,0,0.000000000,0.500000000,0.000000000,0.000000000,0.229349908,0.000000000,0.000000000,751.000,191.000,191.000
1786781993245,XAUT_USDT,demo,0,stale_binance,0,0.000000000,0.500000000,0.000000000,0.000000000,0.229349908,0.000000000,0.000000000,875.000,58.000,58.000
1786781994376,XAUT_USDT,demo,0,stale_binance,0,0.000000000,0.500000000,0.000000000,0.000000000,0.229349908,0.000000000,0.000000000,622.000,65.000,65.000
1786781994480,XAUT_USDT,demo,0,stale_binance,0,0.000000000,0.500000000,0.000000000,0.000000000,0.229349908,0.000000000,0.000000000,726.000,169.000,169.000
1786781994591,XAUT_USDT,demo,0,stale_binance,0,0.000000000,0.500000000,0.000000000,0.000000000,0.229349908,0.000000000,0.000000000,837.000,280.000,280.000
1786781994718,XAUT_USDT,demo,0,stale_binance,0,0.000000000,0.500000000,0.000000000,0.000000000,0.229349908,0.000000000,0.000000000,964.000,64.000,64.000
1786781994826,XAUT_USDT,demo,0,stale_binance,0,0.000000000,0.500000000,0.000000000,0.000000000,0.229349908,0.000000000,0.000000000,1072.000,0.000,0.000
1786781994966,XAUT_USDT,demo,0,microspread_below_threshold,0,0.000000000,0.500000000,1.593854833,1.593854833,0.229349908,0.000000000,0.000000000,120.000,140.000,140.000
1786781995082,XAUT_USDT,demo,0,microspread_below_threshold,0,0.000000000,0.500000000,1.593854833,1.593854833,0.229349908,0.000000000,0.000000000,236.000,0.000,0.000
1786781995232,XAUT_USDT,demo,0,stale_binance,0,0.000000000,0.500000000,0.000000000,0.000000000,0.229349908,0.000000000,0.000000000,386.000,65.000,65.000
1786781995340,XAUT_USDT,demo,0,stale_binance,0,0.000000000,0.500000000,0.000000000,0.000000000,0.229349908,0.000000000,0.000000000,494.000,0.000,0.000
1786781995466,XAUT_USDT,demo,0,stale_binance,0,0.000000000,0.500000000,0.000000000,0.000000000,0.229349908,0.000000000,0.000000000,620.000,126.000,126.000
1786781995576,XAUT_USDT,demo,0,stale_binance,0,0.000000000,0.500000000,0.000000000,0.000000000,0.229349908,0.000000000,0.000000000,730.000,65.000,65.000
1786781995685,XAUT_USDT,demo,0,microspread_below_threshold,0,0.000000000,0.500000000,1.593854833,1.593854833,0.229349908,0.000000000,0.000000000,12.000,0.000,0.000
1786781995826,XAUT_USDT,demo,0,microspread_below_threshold,0,0.000000000,0.500000000,1.593854833,1.593854833,0.229349908,0.000000000,0.000000000,153.000,58.000,58.000
1786781995939,XAUT_USDT,demo,0,microspread_below_threshold,0,0.000000000,0.500000000,1.593854833,1.593854833,0.229349908,0.000000000,0.000000000,266.000,0.000,0.000
1786781996058,XAUT_USDT,demo,0,stale_binance,0,0.000000000,0.500000000,0.000000000,0.000000000,0.229349908,0.000000000,0.000000000,385.000,119.000,119.000
1786781996168,XAUT_USDT,demo,0,stale_binance,0,0.000000000,0.500000000,0.000000000,0.000000000,0.229349908,0.000000000,0.000000000,495.000,56.000,56.000
1786781996324,XAUT_USDT,demo,0,stale_binance,0,0.000000000,0.500000000,0.000000000,0.000000000,0.229349908,0.000000000,0.000000000,651.000,127.000,127.000
1786781996434,XAUT_USDT,demo,0,stale_binance,0,0.000000000,0.500000000,0.000000000,0.000000000,0.229349908,0.000000000,0.000000000,761.000,66.000,66.000
1786781996540,XAUT_USDT,demo,0,stale_binance,0,0.000000000,0.500000000,0.000000000,0.000000000,0.229349908,0.000000000,0.000000000,867.000,0.000,0.000
1786781996683,XAUT_USDT,demo,0,stale_binance,0,0.000000000,0.500000000,0.000000000,0.000000000,0.229349908,0.000000000,0.000000000,1010.000,56.000,56.000
1786781996783,XAUT_USDT,demo,0,microspread_below_threshold,0,0.000000000,0.500000000,1.593854833,1.593854833,0.229349908,0.000000000,0.000000000,0.000,72.000,72.000
1786781996901,XAUT_USDT,demo,0,microspread_below_threshold,0,0.000000000,0.500000000,1.593854833,1.593854833,0.229349908,0.000000000,0.000000000,113.000,190.000,190.000
1786781997026,XAUT_USDT,demo,0,microspread_below_threshold,0,0.000000000,0.500000000,1.593854833,1.593854833,0.229349908,0.000000000,0.000000000,238.000,62.000,62.000
1786781997137,XAUT_USDT,demo,0,stale_binance,0,0.000000000,0.500000000,0.000000000,0.000000000,0.229349908,0.000000000,0.000000000,349.000,0.000,0.000
1786781997275,XAUT_USDT,demo,0,stale_binance,0,0.000000000,0.500000000,0.000000000,0.000000000,0.229349908,0.000000000,0.000000000,487.000,54.000,54.000
1786781997400,XAUT_USDT,demo,0,stale_binance,0,0.000000000,0.500000000,0.000000000,0.000000000,0.229349908,0.000000000,0.000000000,612.000,179.000,179.000
1786781997524,XAUT_USDT,demo,0,stale_binance,0,0.000000000,0.500000000,0.000000000,0.000000000,0.229349908,0.000000000,0.000000000,736.000,303.000,303.000
1786781997652,XAUT_USDT,demo,0,stale_binance,0,0.000000000,0.500000000,0.000000000,0.000000000,0.229349908,0.000000000,0.000000000,864.000,0.000,0.000
1786781997789,XAUT_USDT,demo,0,stale_binance,0,0.000000000,0.500000000,0.000000000,0.000000000,0.229349908,0.000000000,0.000000000,1001.000,51.000,51.000
1786781997944,XAUT_USDT,demo,0,stale_binance,0,0.000000000,0.500000000,0.000000000,0.000000000,0.229349908,0.000000000,0.000000000,1156.000,123.000,123.000
1786781998069,XAUT_USDT,demo,0,stale_binance,0,0.000000000,0.500000000,0.000000000,0.000000000,0.229349908,0.000000000,0.000000000,1281.000,248.000,248.000
1786781998225,XAUT_USDT,demo,0,stale_binance,0,0.000000000,0.500000000,0.000000000,0.000000000,0.229349908,0.000000000,0.000000000,1437.000,58.000,58.000
1786781998946,XAUT_USDT,demo,0,microspread_below_threshold,-1,-0.114657335,0.500000000,1.479197498,1.593854833,0.229349908,0.000000000,0.000000000,32.000,173.000,173.000
1786781999082,XAUT_USDT,demo,0,microspread_below_threshold,-1,-0.114657335,0.500000000,1.479197498,1.593854833,0.229349908,0.000000000,0.000000000,168.000,55.000,55.000
1786781999238,XAUT_USDT,demo,0,stale_binance,0,0.000000000,0.500000000,0.000000000,0.000000000,0.229349908,0.000000000,0.000000000,324.000,126.000,126.000
1786781999347,XAUT_USDT,demo,0,stale_binance,0,0.000000000,0.500000000,0.000000000,0.000000000,0.229349908,0.000000000,0.000000000,433.000,65.000,65.000
1786781999458,XAUT_USDT,demo,0,stale_binance,0,0.000000000,0.500000000,0.000000000,0.000000000,0.229349908,0.000000000,0.000000000,544.000,1.000,1.000
1786781999569,XAUT_USDT,demo,0,microspread_below_threshold,-1,-0.114657335,0.500000000,1.479197498,1.593854833,0.229349908,0.000000000,0.000000000,0.000,26.000,26.000
1786781999690,XAUT_USDT,demo,0,microspread_below_threshold,-1,-0.114657335,0.500000000,1.479197498,1.593854833,0.229349908,0.000000000,0.000000000,119.000,59.000,59.000
1786781999846,XAUT_USDT,demo,0,microspread_below_threshold,-1,-0.114657335,0.500000000,1.479197498,1.593854833,0.229349908,0.000000000,0.000000000,275.000,127.000,127.000
1786781999969,XAUT_USDT,demo,0,stale_binance,0,0.000000000,0.500000000,0.000000000,0.000000000,0.229349908,0.000000000,0.000000000,398.000,0.000,0.000
1786782000112,XAUT_USDT,demo,0,stale_binance,0,0.000000000,0.500000000,0.000000000,0.000000000,0.229349908,0.000000000,0.000000000,541.000,143.000,143.000
1786782000228,XAUT_USDT,demo,0,stale_binance,0,0.000000000,0.500000000,0.000000000,0.000000000,0.229349908,0.000000000,0.000000000,657.000,0.000,0.000
1786782000361,XAUT_USDT,demo,0,microspread_below_threshold,-1,-0.114657335,0.500000000,1.479197498,1.593854833,0.229349908,0.000000000,0.000000000,0.000,49.000,49.000
1786782000484,XAUT_USDT,demo,0,microspread_below_threshold,-1,-0.137588960,0.500000000,1.456265873,1.593854833,0.229349908,0.000000000,0.000000000,51.000,77.000,77.000
1786782000591,XAUT_USDT,demo,0,microspread_below_threshold,-1,-0.137588960,0.500000000,1.456265873,1.593854833,0.229349908,0.000000000,0.000000000,158.000,184.000,184.000
1786782000708,XAUT_USDT,demo,0,microspread_below_threshold,-1,-0.137588960,0.500000000,1.456265873,1.593854833,0.229349908,0.000000000,0.000000000,275.000,51.000,51.000
1786782000842,XAUT_USDT,demo,0,microspread_below_threshold,-1,-0.137588960,0.500000000,1.456265873,1.593854833,0.229349908,0.000000000,0.000000000,0.000,100.000,100.000
1786782000974,XAUT_USDT,demo,0,microspread_below_threshold,-1,-0.137588960,0.500000000,1.456265873,1.593854833,0.229349908,0.000000000,0.000000000,132.000,60.000,60.000
1786782001085,XAUT_USDT,demo,0,microspread_below_threshold,-1,-0.137588960,0.500000000,1.456265873,1.593854833,0.229349908,0.000000000,0.000000000,243.000,0.000,0.000
1786782001230,XAUT_USDT,demo,0,stale_binance,0,0.000000000,0.500000000,0.000000000,0.000000000,0.229349908,0.000000000,0.000000000,388.000,58.000,58.000
1786782001365,XAUT_USDT,demo,0,microspread_below_threshold,-1,-0.022931625,0.500000000,1.456265873,1.479197498,0.229349908,0.000000000,0.000000000,54.000,108.000,108.000
1786782001491,XAUT_USDT,demo,0,microspread_below_threshold,-1,-0.022931625,0.500000000,1.456265873,1.479197498,0.229349908,0.000000000,0.000000000,180.000,234.000,234.000
1786782001609,XAUT_USDT,demo,0,microspread_below_threshold,-1,-0.022931625,0.500000000,1.456265873,1.479197498,0.229349908,0.000000000,0.000000000,0.000,89.000,89.000
1786782001771,XAUT_USDT,demo,0,microspread_below_threshold,-1,-0.022931625,0.500000000,1.456265873,1.479197498,0.229349908,0.000000000,0.000000000,63.000,77.000,77.000
1786782001927,XAUT_USDT,demo,0,microspread_below_threshold,-1,-0.022931625,0.500000000,1.456265873,1.479197498,0.229349908,0.000000000,0.000000000,219.000,66.000,66.000
1786782002034,XAUT_USDT,demo,0,stale_binance,0,0.000000000,0.500000000,0.000000000,0.000000000,0.229349908,0.000000000,0.000000000,326.000,0.000,0.000
1786782002162,XAUT_USDT,demo,0,stale_binance,0,0.000000000,0.500000000,0.000000000,0.000000000,0.229349908,0.000000000,0.000000000,454.000,128.000,128.000
1786782002302,XAUT_USDT,demo,0,microspread_below_threshold,-1,-0.022931625,0.500000000,1.456265873,1.479197498,0.229349908,0.000000000,0.000000000,62.000,100.000,100.000
1786782002442,XAUT_USDT,demo,0,microspread_below_threshold,-1,-0.022931625,0.500000000,1.456265873,1.479197498,0.229349908,0.000000000,0.000000000,202.000,65.000,65.000
1786782002560,XAUT_USDT,demo,0,stale_binance,0,0.000000000,0.500000000,0.000000000,0.000000000,0.229349908,0.000000000,0.000000000,320.000,183.000,183.000
1786782002693,XAUT_USDT,demo,0,stale_binance,0,0.000000000,0.500000000,0.000000000,0.000000000,0.229349908,0.000000000,0.000000000,453.000,58.000,58.000
1786782002815,XAUT_USDT,demo,0,microspread_below_threshold,-1,-0.022931625,0.500000000,1.456265873,1.479197498,0.229349908,0.000000000,0.000000000,0.000,95.000,95.000
1786782002941,XAUT_USDT,demo,0,microspread_below_threshold,-1,-0.022931625,0.500000000,1.456265873,1.479197498,0.229349908,0.000000000,0.000000000,96.000,52.000,52.000
1786782003059,XAUT_USDT,demo,0,microspread_below_threshold,-1,-0.022931625,0.500000000,1.456265873,1.479197498,0.229349908,0.000000000,0.000000000,51.000,1.000,1.000
1786782003207,XAUT_USDT,demo,0,microspread_below_threshold,-1,-0.022931625,0.500000000,1.456265873,1.479197498,0.229349908,0.000000000,0.000000000,199.000,63.000,63.000
1786782003946,XAUT_USDT,demo,0,microspread_below_threshold,-1,-0.022931625,0.500000000,1.456265873,1.479197498,0.229349908,0.000000000,0.000000000,157.000,27.000,27.000
1786782004068,XAUT_USDT,demo,0,microspread_below_threshold,-1,-0.022931625,0.500000000,1.456265873,1.479197498,0.229349908,0.000000000,0.000000000,279.000,149.000,149.000
1786782004175,XAUT_USDT,demo,0,stale_binance,0,0.000000000,0.500000000,0.000000000,0.000000000,0.229349908,0.000000000,0.000000000,386.000,0.000,0.000
1786782004302,XAUT_USDT,demo,0,stale_binance,0,0.000000000,0.500000000,0.000000000,0.000000000,0.229349908,0.000000000,0.000000000,513.000,127.000,127.000
1786782004410,XAUT_USDT,demo,0,stale_binance,0,0.000000000,0.500000000,0.000000000,0.000000000,0.229349908,0.000000000,0.000000000,621.000,60.000,60.000
1786782004522,XAUT_USDT,demo,0,stale_binance,0,0.000000000,0.500000000,0.000000000,0.000000000,0.229349908,0.000000000,0.000000000,733.000,0.000,0.000
1786782004675,XAUT_USDT,demo,0,microspread_below_threshold,0,0.000000000,0.500000000,1.456265873,1.456265873,0.229349908,0.000000000,0.000000000,117.000,153.000,153.000
1786782004780,XAUT_USDT,demo,0,microspread_below_threshold,0,0.000000000,0.500000000,1.456265873,1.456265873,0.229349908,0.000000000,0.000000000,222.000,0.000,0.000
1786782004908,XAUT_USDT,demo,0,stale_binance,0,0.000000000,0.500000000,0.000000000,0.000000000,0.229349908,0.000000000,0.000000000,350.000,128.000,128.000
1786782005034,XAUT_USDT,demo,0,stale_binance,0,0.000000000,0.500000000,0.000000000,0.000000000,0.229349908,0.000000000,0.000000000,476.000,0.000,0.000
1786782005175,XAUT_USDT,demo,0,stale_binance,0,0.000000000,0.500000000,0.000000000,0.000000000,0.229349908,0.000000000,0.000000000,617.000,54.000,54.000
1786782005293,XAUT_USDT,demo,0,stale_binance,0,0.000000000,0.500000000,0.000000000,0.000000000,0.229349908,0.000000000,0.000000000,735.000,1.000,1.000
1786782005439,XAUT_USDT,demo,0,stale_binance,0,0.000000000,0.500000000,0.000000000,0.000000000,0.229349908,0.000000000,0.000000000,881.000,58.000,58.000
1786782005553,XAUT_USDT,demo,0,stale_binance,0,0.000000000,0.500000000,0.000000000,0.000000000,0.229349908,0.000000000,0.000000000,995.000,0.000,0.000
1786782005705,XAUT_USDT,demo,0,microspread_below_threshold,0,0.000000000,0.500000000,1.456265873,1.456265873,0.229349908,0.000000000,0.000000000,63.000,65.000,65.000
1786782005845,XAUT_USDT,demo,0,microspread_below_threshold,0,0.000000000,0.500000000,1.456265873,1.456265873,0.229349908,0.000000000,0.000000000,129.000,119.000,119.000
1786782005970,XAUT_USDT,demo,0,microspread_below_threshold,0,0.000000000,0.500000000,1.456265873,1.456265873,0.229349908,0.000000000,0.000000000,254.000,244.000,244.000
1786782006125,XAUT_USDT,demo,0,stale_binance,0,0.000000000,0.500000000,0.000000000,0.000000000,0.229349908,0.000000000,0.000000000,409.000,118.000,118.000
1786782006236,XAUT_USDT,demo,0,stale_binance,0,0.000000000,0.500000000,0.000000000,0.000000000,0.229349908,0.000000000,0.000000000,520.000,0.000,0.000
1786782006383,XAUT_USDT,demo,0,stale_binance,0,0.000000000,0.500000000,0.000000000,0.000000000,0.229349908,0.000000000,0.000000000,667.000,56.000,56.000
1786782006525,XAUT_USDT,demo,0,stale_binance,0,0.000000000,0.500000000,0.000000000,0.000000000,0.229349908,0.000000000,0.000000000,809.000,114.000,114.000
1786782006651,XAUT_USDT,demo,0,stale_binance,0,0.000000000,0.500000000,0.000000000,0.000000000,0.229349908,0.000000000,0.000000000,935.000,240.000,240.000
1786782006792,XAUT_USDT,demo,0,stale_binance,0,0.000000000,0.500000000,0.000000000,0.000000000,0.229349908,0.000000000,0.000000000,1076.000,124.000,124.000
1786782006917,XAUT_USDT,demo,0,microspread_below_threshold,0,0.000000000,0.500000000,1.456265873,1.456265873,0.229349908,0.000000000,0.000000000,65.000,249.000,249.000
1786782007073,XAUT_USDT,demo,0,microspread_below_threshold,0,0.000000000,0.500000000,1.456265873,1.456265873,0.229349908,0.000000000,0.000000000,221.000,59.000,59.000
1786782007187,XAUT_USDT,demo,0,stale_binance,0,0.000000000,0.500000000,0.000000000,0.000000000,0.229349908,0.000000000,0.000000000,335.000,1.000,1.000
1786782007338,XAUT_USDT,demo,0,stale_binance,0,0.000000000,0.500000000,0.000000000,0.000000000,0.229349908,0.000000000,0.000000000,486.000,65.000,65.000
1786782007494,XAUT_USDT,demo,0,stale_binance,0,0.000000000,0.500000000,0.000000000,0.000000000,0.229349908,0.000000000,0.000000000,642.000,127.000,127.000
1786782007653,XAUT_USDT,demo,0,stale_binance,0,0.000000000,0.500000000,0.000000000,0.000000000,0.229349908,0.000000000,0.000000000,801.000,119.000,119.000
1786782007765,XAUT_USDT,demo,0,stale_binance,0,0.000000000,0.500000000,0.000000000,0.000000000,0.229349908,0.000000000,0.000000000,913.000,55.000,55.000
1786782007869,XAUT_USDT,demo,0,stale_binance,0,0.000000000,0.500000000,0.000000000,0.000000000,0.229349908,0.000000000,0.000000000,1017.000,159.000,159.000
1786782008003,XAUT_USDT,demo,0,stale_binance,0,0.000000000,0.500000000,0.000000000,0.000000000,0.229349908,0.000000000,0.000000000,1151.000,124.000,124.000
1786782008129,XAUT_USDT,demo,0,stale_binance,0,0.000000000,0.500000000,0.000000000,0.000000000,0.229349908,0.000000000,0.000000000,1277.000,250.000,250.000
1786782008284,XAUT_USDT,demo,0,stale_binance,0,0.000000000,0.500000000,0.000000000,0.000000000,0.229349908,0.000000000,0.000000000,1432.000,60.000,60.000
1786782009058,XAUT_USDT,demo,0,stale_binance,0,0.000000000,0.500000000,0.000000000,0.000000000,0.229349908,0.000000000,0.000000000,671.000,405.000,405.000
1786782009167,XAUT_USDT,demo,0,stale_binance,0,0.000000000,0.500000000,0.000000000,0.000000000,0.229349908,0.000000000,0.000000000,780.000,0.000,0.000
1786782009281,XAUT_USDT,demo,0,stale_binance,0,0.000000000,0.500000000,0.000000000,0.000000000,0.229349908,0.000000000,0.000000000,894.000,114.000,114.000
1786782009390,XAUT_USDT,demo,0,stale_binance,0,0.000000000,0.500000000,0.000000000,0.000000000,0.229349908,0.000000000,0.000000000,1003.000,54.000,54.000
1786782009547,XAUT_USDT,demo,0,microspread_below_threshold,0,0.000000000,0.500000000,1.456265873,1.456265873,0.229349908,0.000000000,0.000000000,149.000,123.000,123.000
1786782009657,XAUT_USDT,demo,0,microspread_below_threshold,0,0.000000000,0.500000000,1.456265873,1.456265873,0.229349908,0.000000000,0.000000000,99.000,62.000,62.000
1786782009768,XAUT_USDT,demo,0,microspread_below_threshold,0,0.000000000,0.500000000,1.456265873,1.456265873,0.229349908,0.000000000,0.000000000,210.000,0.000,0.000
1786782009894,XAUT_USDT,demo,0,stale_binance,0,0.000000000,0.500000000,0.000000000,0.000000000,0.229349908,0.000000000,0.000000000,336.000,126.000,126.000
1786782010021,XAUT_USDT,demo,0,stale_binance,0,0.000000000,0.500000000,0.000000000,0.000000000,0.229349908,0.000000000,0.000000000,463.000,253.000,253.000
1786782010160,XAUT_USDT,demo,0,stale_binance,0,0.000000000,0.500000000,0.000000000,0.000000000,0.229349908,0.000000000,0.000000000,602.000,127.000,127.000
1786782010281,XAUT_USDT,demo,0,stale_binance,0,0.000000000,0.500000000,0.000000000,0.000000000,0.229349908,0.000000000,0.000000000,723.000,1.000,1.000
1786782010426,XAUT_USDT,demo,0,stale_binance,0,0.000000000,0.500000000,0.000000000,0.000000000,0.229349908,0.000000000,0.000000000,868.000,58.000,58.000
1786782010583,XAUT_USDT,demo,0,stale_binance,0,0.000000000,0.500000000,0.000000000,0.000000000,0.229349908,0.000000000,0.000000000,1025.000,128.000,128.000
1786782010739,XAUT_USDT,demo,0,stale_binance,0,0.000000000,0.500000000,0.000000000,0.000000000,0.229349908,0.000000000,0.000000000,1181.000,114.000,114.000
1786782010846,XAUT_USDT,demo,0,stale_binance,0,0.000000000,0.500000000,0.000000000,0.000000000,0.229349908,0.000000000,0.000000000,1288.000,51.000,51.000
1786782010967,XAUT_USDT,demo,0,stale_binance,0,0.000000000,0.500000000,0.000000000,0.000000000,0.229349908,0.000000000,0.000000000,1409.000,1.000,1.000
1786782011095,XAUT_USDT,demo,0,stale_binance,0,0.000000000,0.500000000,0.000000000,0.000000000,0.229349908,0.000000000,0.000000000,1537.000,129.000,129.000
1786782011205,XAUT_USDT,demo,0,stale_binance,0,0.000000000,0.500000000,0.000000000,0.000000000,0.229349908,0.000000000,0.000000000,1647.000,64.000,64.000
1786782011316,XAUT_USDT,demo,0,stale_binance,0,0.000000000,0.500000000,0.000000000,0.000000000,0.229349908,0.000000000,0.000000000,1758.000,0.000,0.000
1786782011455,XAUT_USDT,demo,0,microspread_below_threshold,0,0.000000000,0.500000000,1.456265873,1.456265873,0.229349908,0.000000000,0.000000000,77.000,57.000,57.000
1786782011580,XAUT_USDT,demo,0,microspread_below_threshold,0,0.000000000,0.500000000,1.456265873,1.456265873,0.229349908,0.000000000,0.000000000,202.000,182.000,182.000
1786782011722,XAUT_USDT,demo,0,stale_binance,0,0.000000000,0.500000000,0.000000000,0.000000000,0.229349908,0.000000000,0.000000000,344.000,65.000,65.000
1786782011862,XAUT_USDT,demo,0,stale_binance,0,0.000000000,0.500000000,0.000000000,0.000000000,0.229349908,0.000000000,0.000000000,484.000,113.000,113.000
1786782011971,XAUT_USDT,demo,0,stale_binance,0,0.000000000,0.500000000,0.000000000,0.000000000,0.229349908,0.000000000,0.000000000,593.000,57.000,57.000
1786782012086,XAUT_USDT,demo,0,stale_binance,0,0.000000000,0.500000000,0.000000000,0.000000000,0.229349908,0.000000000,0.000000000,708.000,0.000,0.000
1786782012236,XAUT_USDT,demo,0,stale_binance,0,0.000000000,0.500000000,0.000000000,0.000000000,0.229349908,0.000000000,0.000000000,858.000,56.000,56.000
1786782012344,XAUT_USDT,demo,0,stale_binance,0,0.000000000,0.500000000,0.000000000,0.000000000,0.229349908,0.000000000,0.000000000,966.000,0.000,0.000
1786782012486,XAUT_USDT,demo,0,stale_binance,0,0.000000000,0.500000000,0.000000000,0.000000000,0.229349908,0.000000000,0.000000000,1108.000,57.000,57.000
1786782012599,XAUT_USDT,demo,0,stale_binance,0,0.000000000,0.500000000,0.000000000,0.000000000,0.229349908,0.000000000,0.000000000,1221.000,0.000,0.000
1786782012735,XAUT_USDT,demo,0,stale_binance,0,0.000000000,0.500000000,0.000000000,0.000000000,0.229349908,0.000000000,0.000000000,1357.000,51.000,51.000
1786782012890,XAUT_USDT,demo,0,stale_binance,0,0.000000000,0.500000000,0.000000000,0.000000000,0.229349908,0.000000000,0.000000000,1512.000,120.000,120.000
1786782013015,XAUT_USDT,demo,0,stale_binance,0,0.000000000,0.500000000,0.000000000,0.000000000,0.229349908,0.000000000,0.000000000,1637.000,245.000,245.000
1786782013140,XAUT_USDT,demo,0,stale_binance,0,0.000000000,0.500000000,0.000000000,0.000000000,0.229349908,0.000000000,0.000000000,1762.000,116.000,116.000
1786782013251,XAUT_USDT,demo,0,stale_binance,0,0.000000000,0.500000000,0.000000000,0.000000000,0.229349908,0.000000000,0.000000000,1873.000,54.000,54.000
1786782014093,XAUT_USDT,demo,0,stale_binance,0,0.000000000,0.500000000,0.000000000,0.000000000,0.229349908,0.000000000,0.000000000,840.000,36.000,36.000
1786782014215,XAUT_USDT,demo,0,stale_binance,0,0.000000000,0.500000000,0.000000000,0.000000000,0.229349908,0.000000000,0.000000000,962.000,158.000,158.000
1786782014322,XAUT_USDT,demo,0,stale_binance,0,0.000000000,0.500000000,0.000000000,0.000000000,0.229349908,0.000000000,0.000000000,1069.000,1.000,1.000
1786782014449,XAUT_USDT,demo,0,stale_binance,0,0.000000000,0.500000000,0.000000000,0.000000000,0.229349908,0.000000000,0.000000000,1196.000,128.000,128.000
1786782014606,XAUT_USDT,demo,0,stale_binance,0,0.000000000,0.500000000,0.000000000,0.000000000,0.229349908,0.000000000,0.000000000,1353.000,114.000,114.000
1786782014731,XAUT_USDT,demo,0,stale_binance,0,0.000000000,0.500000000,0.000000000,0.000000000,0.229349908,0.000000000,0.000000000,1478.000,65.000,65.000
1786782014871,XAUT_USDT,demo,0,stale_binance,0,0.000000000,0.500000000,0.000000000,0.000000000,0.229349908,0.000000000,0.000000000,1618.000,120.000,120.000
1786782014996,XAUT_USDT,demo,0,stale_binance,0,0.000000000,0.500000000,0.000000000,0.000000000,0.229349908,0.000000000,0.000000000,1743.000,245.000,245.000
1786782015135,XAUT_USDT,demo,0,stale_binance,0,0.000000000,0.500000000,0.000000000,0.000000000,0.229349908,0.000000000,0.000000000,1882.000,130.000,130.000
1786782015265,XAUT_USDT,demo,0,stale_binance,0,0.000000000,0.500000000,0.000000000,0.000000000,0.229349908,0.000000000,0.000000000,2012.000,0.000,0.000
1786782015388,XAUT_USDT,demo,0,microspread_below_threshold,0,0.000000000,0.500000000,1.456265873,1.456265873,0.229349908,0.000000000,0.000000000,0.000,36.000,36.000
1786782015495,XAUT_USDT,demo,0,microspread_below_threshold,0,0.000000000,0.500000000,1.456265873,1.456265873,0.229349908,0.000000000,0.000000000,105.000,53.000,53.000
1786782015622,XAUT_USDT,demo,0,microspread_below_threshold,0,0.000000000,0.500000000,1.456265873,1.456265873,0.229349908,0.000000000,0.000000000,232.000,180.000,180.000
1786782015761,XAUT_USDT,demo,0,stale_binance,0,0.000000000,0.500000000,0.000000000,0.000000000,0.229349908,0.000000000,0.000000000,371.000,60.000,60.000
1786782015863,XAUT_USDT,demo,0,stale_binance,0,0.000000000,0.500000000,0.000000000,0.000000000,0.229349908,0.000000000,0.000000000,473.000,162.000,162.000
1786782015980,XAUT_USDT,demo,0,stale_binance,0,0.000000000,0.500000000,0.000000000,0.000000000,0.229349908,0.000000000,0.000000000,590.000,110.000,110.000
1786782016086,XAUT_USDT,demo,0,stale_binance,0,0.000000000,0.500000000,0.000000000,0.000000000,0.229349908,0.000000000,0.000000000,696.000,216.000,216.000
1786782016209,XAUT_USDT,demo,0,stale_binance,0,0.000000000,0.500000000,0.000000000,0.000000000,0.229349908,0.000000000,0.000000000,819.000,0.000,0.000
1786782016350,XAUT_USDT,demo,0,microspread_below_threshold,0,0.000000000,0.500000000,1.456265873,1.456265873,0.229349908,0.000000000,0.000000000,104.000,55.000,55.000
1786782016475,XAUT_USDT,demo,0,microspread_below_threshold,0,0.000000000,0.500000000,1.456265873,1.456265873,0.229349908,0.000000000,0.000000000,229.000,180.000,180.000
1786782016602,XAUT_USDT,demo,0,stale_binance,0,0.000000000,0.500000000,0.000000000,0.000000000,0.229349908,0.000000000,0.000000000,356.000,307.000,307.000
1786782016723,XAUT_USDT,demo,0,microspread_below_threshold,0,0.000000000,0.500000000,1.456265873,1.456265873,0.229349908,0.000000000,0.000000000,1.000,84.000,84.000
1786782016868,XAUT_USDT,demo,0,microspread_below_threshold,0,0.000000000,0.500000000,1.456265873,1.456265873,0.229349908,0.000000000,0.000000000,142.000,58.000,58.000
1786782016981,XAUT_USDT,demo,0,microspread_below_threshold,0,0.000000000,0.500000000,1.456265873,1.456265873,0.229349908,0.000000000,0.000000000,255.000,0.000,0.000
1786782017103,XAUT_USDT,demo,0,stale_binance,0,0.000000000,0.500000000,0.000000000,0.000000000,0.229349908,0.000000000,0.000000000,377.000,122.000,122.000
1786782017228,XAUT_USDT,demo,0,stale_binance,0,0.000000000,0.500000000,0.000000000,0.000000000,0.229349908,0.000000000,0.000000000,502.000,247.000,247.000
1786782017384,XAUT_USDT,demo,0,stale_binance,0,0.000000000,0.500000000,0.000000000,0.000000000,0.229349908,0.000000000,0.000000000,658.000,59.000,59.000
1786782017495,XAUT_USDT,demo,0,stale_binance,0,0.000000000,0.500000000,0.000000000,0.000000000,0.229349908,0.000000000,0.000000000,769.000,1.000,1.000
1786782017632,XAUT_USDT,demo,0,stale_binance,0,0.000000000,0.500000000,0.000000000,0.000000000,0.229349908,0.000000000,0.000000000,906.000,53.000,53.000
1786782017752,XAUT_USDT,demo,0,stale_binance,0,0.000000000,0.500000000,0.000000000,0.000000000,0.229349908,0.000000000,0.000000000,1026.000,1.000,1.000
1786782017898,XAUT_USDT,demo,0,stale_binance,0,0.000000000,0.500000000,0.000000000,0.000000000,0.229349908,0.000000000,0.000000000,1172.000,62.000,62.000
1786782018040,XAUT_USDT,demo,0,stale_binance,0,0.000000000,0.500000000,0.000000000,0.000000000,0.229349908,0.000000000,0.000000000,1314.000,119.000,119.000
1786782018165,XAUT_USDT,demo,0,stale_binance,0,0.000000000,0.500000000,0.000000000,0.000000000,0.229349908,0.000000000,0.000000000,1439.000,244.000,244.000
1786782018268,XAUT_USDT,demo,0,microspread_below_threshold,0,0.000000000,0.500000000,1.456265873,1.456265873,0.229349908,0.000000000,0.000000000,85.000,0.000,0.000
1786782019103,XAUT_USDT,demo,0,microspread_below_threshold,-1,-0.114658913,0.500000000,1.341606960,1.456265873,0.229349908,0.000000000,0.000000000,142.000,62.000,62.000
1786782019243,XAUT_USDT,demo,0,microspread_below_threshold,-1,-0.114658913,0.500000000,1.341606960,1.456265873,0.229349908,0.000000000,0.000000000,123.000,118.000,118.000
1786782019352,XAUT_USDT,demo,0,microspread_below_threshold,-1,-0.114658913,0.500000000,1.341606960,1.456265873,0.229349908,0.000000000,0.000000000,54.000,227.000,227.000
1786782019462,XAUT_USDT,demo,0,microspread_below_threshold,-1,-0.114658913,0.500000000,1.341606960,1.456265873,0.229349908,0.000000000,0.000000000,164.000,55.000,55.000
1786782019586,XAUT_USDT,demo,0,microspread_below_threshold,-1,-0.114658913,0.500000000,1.341606960,1.456265873,0.229349908,0.000000000,0.000000000,55.000,114.000,114.000
1786782019698,XAUT_USDT,demo,0,microspread_below_threshold,-1,-0.114658913,0.500000000,1.341606960,1.456265873,0.229349908,0.000000000,0.000000000,167.000,55.000,55.000
1786782019814,XAUT_USDT,demo,0,microspread_below_threshold,-1,-0.114658913,0.500000000,1.341606960,1.456265873,0.229349908,0.000000000,0.000000000,283.000,0.000,0.000
1786782019946,XAUT_USDT,demo,0,microspread_below_threshold,-1,-0.114658913,0.500000000,1.341606960,1.456265873,0.229349908,0.000000000,0.000000000,125.000,132.000,132.000
1786782020101,XAUT_USDT,demo,0,microspread_below_threshold,-1,-0.114658913,0.500000000,1.341606960,1.456265873,0.229349908,0.000000000,0.000000000,280.000,118.000,118.000
1786782020225,XAUT_USDT,demo,0,stale_binance,0,0.000000000,0.500000000,0.000000000,0.000000000,0.229349908,0.000000000,0.000000000,404.000,242.000,242.000
1786782020332,XAUT_USDT,demo,0,stale_binance,0,0.000000000,0.500000000,0.000000000,0.000000000,0.229349908,0.000000000,0.000000000,511.000,0.000,0.000
1786782020459,XAUT_USDT,demo,0,stale_binance,0,0.000000000,0.500000000,0.000000000,0.000000000,0.229349908,0.000000000,0.000000000,638.000,127.000,127.000
1786782020570,XAUT_USDT,demo,0,stale_binance,0,0.000000000,0.500000000,0.000000000,0.000000000,0.229349908,0.000000000,0.000000000,749.000,63.000,63.000
1786782020682,XAUT_USDT,demo,0,stale_binance,0,0.000000000,0.500000000,0.000000000,0.000000000,0.229349908,0.000000000,0.000000000,861.000,0.000,0.000
1786782020826,XAUT_USDT,demo,0,stale_binance,0,0.000000000,0.500000000,0.000000000,0.000000000,0.229349908,0.000000000,0.000000000,1005.000,57.000,57.000
1786782020938,XAUT_USDT,demo,0,stale_binance,0,0.000000000,0.500000000,0.000000000,0.000000000,0.229349908,0.000000000,0.000000000,1117.000,1.000,1.000
1786782021040,XAUT_USDT,demo,0,stale_binance,0,0.000000000,0.500000000,0.000000000,0.000000000,0.229349908,0.000000000,0.000000000,1219.000,103.000,103.000
1786782021161,XAUT_USDT,demo,0,stale_binance,0,0.000000000,0.500000000,0.000000000,0.000000000,0.229349908,0.000000000,0.000000000,1340.000,224.000,224.000
1786782021281,XAUT_USDT,demo,0,stale_binance,0,0.000000000,0.500000000,0.000000000,0.000000000,0.229349908,0.000000000,0.000000000,1460.000,0.000,0.000
1786782021421,XAUT_USDT,demo,0,stale_binance,0,0.000000000,0.500000000,0.000000000,0.000000000,0.229349908,0.000000000,0.000000000,1600.000,52.000,52.000
1786782021530,XAUT_USDT,demo,0,stale_binance,0,0.000000000,0.500000000,0.000000000,0.000000000,0.229349908,0.000000000,0.000000000,1709.000,66.000,66.000
1786782021686,XAUT_USDT,demo,0,stale_binance,0,0.000000000,0.500000000,0.000000000,0.000000000,0.229349908,0.000000000,0.000000000,1865.000,61.000,61.000
1786782021797,XAUT_USDT,demo,0,stale_binance,0,0.000000000,0.500000000,0.000000000,0.000000000,0.229349908,0.000000000,0.000000000,1976.000,0.000,0.000
1786782021918,XAUT_USDT,demo,0,stale_binance,0,0.000000000,0.500000000,0.000000000,0.000000000,0.229349908,0.000000000,0.000000000,2097.000,121.000,121.000
1786782022045,XAUT_USDT,demo,0,stale_binance,0,0.000000000,0.500000000,0.000000000,0.000000000,0.229349908,0.000000000,0.000000000,2224.000,248.000,248.000
1786782022200,XAUT_USDT,demo,0,stale_binance,0,0.000000000,0.500000000,0.000000000,0.000000000,0.229349908,0.000000000,0.000000000,2379.000,61.000,61.000
1786782022314,XAUT_USDT,demo,0,stale_binance,0,0.000000000,0.500000000,0.000000000,0.000000000,0.229349908,0.000000000,0.000000000,2493.000,0.000,0.000
1786782022434,XAUT_USDT,demo,0,stale_binance,0,0.000000000,0.500000000,0.000000000,0.000000000,0.229349908,0.000000000,0.000000000,2613.000,120.000,120.000
1786782022542,XAUT_USDT,demo,0,stale_binance,0,0.000000000,0.500000000,0.000000000,0.000000000,0.229349908,0.000000000,0.000000000,2721.000,56.000,56.000
1786782022668,XAUT_USDT,demo,0,stale_binance,0,0.000000000,0.500000000,0.000000000,0.000000000,0.229349908,0.000000000,0.000000000,2847.000,182.000,182.000
1786782022796,XAUT_USDT,demo,0,stale_binance,0,0.000000000,0.500000000,0.000000000,0.000000000,0.229349908,0.000000000,0.000000000,2975.000,52.000,52.000
1786782022905,XAUT_USDT,demo,0,stale_binance,0,0.000000000,0.500000000,0.000000000,0.000000000,0.229349908,0.000000000,0.000000000,3084.000,161.000,161.000
1786782023060,XAUT_USDT,demo,0,stale_binance,0,0.000000000,0.500000000,0.000000000,0.000000000,0.229349908,0.000000000,0.000000000,3239.000,62.000,62.000
1786782023173,XAUT_USDT,demo,0,stale_binance,0,0.000000000,0.500000000,0.000000000,0.000000000,0.229349908,0.000000000,0.000000000,3352.000,0.000,0.000
1786782023311,XAUT_USDT,demo,0,stale_binance,0,0.000000000,0.500000000,0.000000000,0.000000000,0.229349908,0.000000000,0.000000000,3490.000,53.000,53.000
1786782024512,XAUT_USDT,demo,0,microspread_below_threshold,0,0.000000000,0.500000000,1.341606960,1.341606960,0.229349908,0.000000000,0.000000000,67.000,137.000,137.000
1786782024626,XAUT_USDT,demo,0,microspread_below_threshold,0,0.000000000,0.500000000,1.341606960,1.341606960,0.229349908,0.000000000,0.000000000,181.000,251.000,251.000
1786782024751,XAUT_USDT,demo,0,stale_binance,0,0.000000000,0.500000000,0.000000000,0.000000000,0.229349908,0.000000000,0.000000000,306.000,115.000,115.000
1786782024860,XAUT_USDT,demo,0,stale_binance,0,0.000000000,0.500000000,0.000000000,0.000000000,0.229349908,0.000000000,0.000000000,415.000,55.000,55.000
1786782024985,XAUT_USDT,demo,0,stale_binance,0,0.000000000,0.500000000,0.000000000,0.000000000,0.229349908,0.000000000,0.000000000,540.000,180.000,180.000
1786782025110,XAUT_USDT,demo,0,stale_binance,0,0.000000000,0.500000000,0.000000000,0.000000000,0.229349908,0.000000000,0.000000000,665.000,305.000,305.000
1786782025221,XAUT_USDT,demo,0,microspread_below_threshold,0,0.000000000,0.500000000,1.341606960,1.341606960,0.229349908,0.000000000,0.000000000,62.000,72.000,72.000
1786782025324,XAUT_USDT,demo,0,microspread_below_threshold,0,0.000000000,0.500000000,1.341606960,1.341606960,0.229349908,0.000000000,0.000000000,28.000,0.000,0.000
1786782025441,XAUT_USDT,demo,0,microspread_below_threshold,0,0.000000000,0.500000000,1.341606960,1.341606960,0.229349908,0.000000000,0.000000000,145.000,117.000,117.000
1786782025596,XAUT_USDT,demo,0,microspread_below_threshold,0,0.000000000,0.500000000,1.341606960,1.341606960,0.229349908,0.000000000,0.000000000,124.000,272.000,272.000
1786782025737,XAUT_USDT,demo,0,microspread_below_threshold,0,0.000000000,0.500000000,1.341606960,1.341606960,0.229349908,0.000000000,0.000000000,265.000,61.000,61.000
1786782025877,XAUT_USDT,demo,0,stale_binance,0,0.000000000,0.500000000,0.000000000,0.000000000,0.229349908,0.000000000,0.000000000,405.000,121.000,121.000
1786782025999,XAUT_USDT,demo,0,stale_binance,0,0.000000000,0.500000000,0.000000000,0.000000000,0.229349908,0.000000000,0.000000000,527.000,243.000,243.000
1786782026099,XAUT_USDT,demo,0,stale_binance,0,0.000000000,0.500000000,0.000000000,0.000000000,0.229349908,0.000000000,0.000000000,627.000,0.000,0.000
1786782026215,XAUT_USDT,demo,0,microspread_below_threshold,0,0.000000000,0.500000000,1.341606960,1.341606960,0.229349908,0.000000000,0.000000000,1.000,30.000,30.000
1786782026328,XAUT_USDT,demo,0,microspread_below_threshold,0,0.000000000,0.500000000,1.341606960,1.341606960,0.229349908,0.000000000,0.000000000,114.000,56.000,56.000
1786782026484,XAUT_USDT,demo,0,microspread_below_threshold,0,0.000000000,0.500000000,1.341606960,1.341606960,0.229349908,0.000000000,0.000000000,270.000,125.000,125.000
1786782026608,XAUT_USDT,demo,0,stale_binance,0,0.000000000,0.500000000,0.000000000,0.000000000,0.229349908,0.000000000,0.000000000,394.000,249.000,249.000
1786782026764,XAUT_USDT,demo,0,stale_binance,0,0.000000000,0.500000000,0.000000000,0.000000000,0.229349908,0.000000000,0.000000000,550.000,63.000,63.000
1786782026906,XAUT_USDT,demo,0,stale_binance,0,0.000000000,0.500000000,0.000000000,0.000000000,0.229349908,0.000000000,0.000000000,692.000,117.000,117.000
1786782027017,XAUT_USDT,demo,0,stale_binance,0,0.000000000,0.500000000,0.000000000,0.000000000,0.229349908,0.000000000,0.000000000,803.000,60.000,60.000
1786782027143,XAUT_USDT,demo,0,stale_binance,0,0.000000000,0.500000000,0.000000000,0.000000000,0.229349908,0.000000000,0.000000000,929.000,186.000,186.000
1786782027267,XAUT_USDT,demo,0,stale_binance,0,0.000000000,0.500000000,0.000000000,0.000000000,0.229349908,0.000000000,0.000000000,1053.000,55.000,55.000
1786782027386,XAUT_USDT,demo,0,stale_binance,0,0.000000000,0.500000000,0.000000000,0.000000000,0.229349908,0.000000000,0.000000000,1172.000,0.000,0.000
1786782027529,XAUT_USDT,demo,0,stale_binance,0,0.000000000,0.500000000,0.000000000,0.000000000,0.229349908,0.000000000,0.000000000,1315.000,54.000,54.000
1786782027651,XAUT_USDT,demo,0,stale_binance,0,0.000000000,0.500000000,0.000000000,0.000000000,0.229349908,0.000000000,0.000000000,1437.000,1.000,1.000
1786782027784,XAUT_USDT,demo,0,stale_binance,0,0.000000000,0.500000000,0.000000000,0.000000000,0.229349908,0.000000000,0.000000000,1570.000,52.000,52.000
1786782027946,XAUT_USDT,demo,0,stale_binance,0,0.000000000,0.500000000,0.000000000,0.000000000,0.229349908,0.000000000,0.000000000,1732.000,129.000,129.000
1786782028071,XAUT_USDT,demo,0,stale_binance,0,0.000000000,0.500000000,0.000000000,0.000000000,0.229349908,0.000000000,0.000000000,1857.000,254.000,254.000
1786782028212,XAUT_USDT,demo,0,stale_binance,0,0.000000000,0.500000000,0.000000000,0.000000000,0.229349908,0.000000000,0.000000000,1998.000,56.000,56.000
1786782028330,XAUT_USDT,demo,0,microspread_below_threshold,0,0.000000000,0.500000000,1.341606960,1.341606960,0.229349908,0.000000000,0.000000000,90.000,0.000,0.000
1786782029172,XAUT_USDT,demo,0,stale_binance,0,0.000000000,0.500000000,0.000000000,0.000000000,0.229349908,0.000000000,0.000000000,932.000,155.000,155.000
1786782029273,XAUT_USDT,demo,0,stale_binance,0,0.000000000,0.500000000,0.000000000,0.000000000,0.229349908,0.000000000,0.000000000,1033.000,0.000,0.000
1786782029397,XAUT_USDT,demo,0,stale_binance,0,0.000000000,0.500000000,0.000000000,0.000000000,0.229349908,0.000000000,0.000000000,1157.000,124.000,124.000
1786782029521,XAUT_USDT,demo,0,stale_binance,0,0.000000000,0.500000000,0.000000000,0.000000000,0.229349908,0.000000000,0.000000000,1281.000,248.000,248.000
1786782029662,XAUT_USDT,demo,0,microspread_below_threshold,0,0.000000000,0.500000000,1.341606960,1.341606960,0.229349908,0.000000000,0.000000000,1.000,44.000,44.000
1786782029792,XAUT_USDT,demo,0,microspread_below_threshold,0,0.000000000,0.500000000,1.341606960,1.341606960,0.229349908,0.000000000,0.000000000,128.000,0.000,0.000
1786782029896,XAUT_USDT,demo,0,microspread_below_threshold,0,0.000000000,0.500000000,1.341606960,1.341606960,0.229349908,0.000000000,0.000000000,57.000,104.000,104.000
1786782030023,XAUT_USDT,demo,0,microspread_below_threshold,0,0.000000000,0.500000000,1.341606960,1.341606960,0.229349908,0.000000000,0.000000000,184.000,231.000,231.000
1786782030133,XAUT_USDT,demo,0,microspread_below_threshold,0,0.000000000,0.500000000,1.341606960,1.341606960,0.229349908,0.000000000,0.000000000,294.000,0.000,0.000
1786782030271,XAUT_USDT,demo,0,stale_binance,0,0.000000000,0.500000000,0.000000000,0.000000000,0.229349908,0.000000000,0.000000000,432.000,52.000,52.000
1786782030396,XAUT_USDT,demo,0,stale_binance,0,0.000000000,0.500000000,0.000000000,0.000000000,0.229349908,0.000000000,0.000000000,557.000,177.000,177.000
1786782030536,XAUT_USDT,demo,0,stale_binance,0,0.000000000,0.500000000,0.000000000,0.000000000,0.229349908,0.000000000,0.000000000,697.000,56.000,56.000
1786782030650,XAUT_USDT,demo,0,stale_binance,0,0.000000000,0.500000000,0.000000000,0.000000000,0.229349908,0.000000000,0.000000000,811.000,0.000,0.000
1786782030787,XAUT_USDT,demo,0,stale_binance,0,0.000000000,0.500000000,0.000000000,0.000000000,0.229349908,0.000000000,0.000000000,948.000,51.000,51.000
1786782030928,XAUT_USDT,demo,0,microspread_below_threshold,0,0.000000000,0.500000000,1.341606960,1.341606960,0.229349908,0.000000000,0.000000000,60.000,104.000,104.000
1786782031054,XAUT_USDT,demo,0,microspread_below_threshold,0,0.000000000,0.500000000,1.341606960,1.341606960,0.229349908,0.000000000,0.000000000,186.000,230.000,230.000
1786782031170,XAUT_USDT,demo,0,stale_binance,0,0.000000000,0.500000000,0.000000000,0.000000000,0.229349908,0.000000000,0.000000000,302.000,0.000,0.000
1786782031319,XAUT_USDT,demo,0,stale_binance,0,0.000000000,0.500000000,0.000000000,0.000000000,0.229349908,0.000000000,0.000000000,451.000,64.000,64.000
1786782031458,XAUT_USDT,demo,0,stale_binance,0,0.000000000,0.500000000,0.000000000,0.000000000,0.229349908,0.000000000,0.000000000,590.000,118.000,118.000
1786782031581,XAUT_USDT,demo,0,stale_binance,0,0.000000000,0.500000000,0.000000000,0.000000000,0.229349908,0.000000000,0.000000000,713.000,241.000,241.000
1786782031687,XAUT_USDT,demo,0,stale_binance,0,0.000000000,0.500000000,0.000000000,0.000000000,0.229349908,0.000000000,0.000000000,819.000,0.000,0.000
1786782031832,XAUT_USDT,demo,0,stale_binance,0,0.000000000,0.500000000,0.000000000,0.000000000,0.229349908,0.000000000,0.000000000,964.000,58.000,58.000
1786782031956,XAUT_USDT,demo,0,stale_binance,0,0.000000000,0.500000000,0.000000000,0.000000000,0.229349908,0.000000000,0.000000000,1088.000,182.000,182.000
1786782032081,XAUT_USDT,demo,0,stale_binance,0,0.000000000,0.500000000,0.000000000,0.000000000,0.229349908,0.000000000,0.000000000,1213.000,307.000,307.000
1786782032201,XAUT_USDT,demo,0,stale_binance,0,0.000000000,0.500000000,0.000000000,0.000000000,0.229349908,0.000000000,0.000000000,1333.000,0.000,0.000
1786782032347,XAUT_USDT,demo,0,stale_binance,0,0.000000000,0.500000000,0.000000000,0.000000000,0.229349908,0.000000000,0.000000000,1479.000,62.000,62.000
1786782032488,XAUT_USDT,demo,0,stale_binance,0,0.000000000,0.500000000,0.000000000,0.000000000,0.229349908,0.000000000,0.000000000,1620.000,115.000,115.000
1786782032598,XAUT_USDT,demo,0,stale_binance,0,0.000000000,0.500000000,0.000000000,0.000000000,0.229349908,0.000000000,0.000000000,1730.000,56.000,56.000
1786782032714,XAUT_USDT,demo,0,stale_binance,0,0.000000000,0.500000000,0.000000000,0.000000000,0.229349908,0.000000000,0.000000000,1846.000,0.000,0.000
1786782032830,XAUT_USDT,demo,0,stale_binance,0,0.000000000,0.500000000,0.000000000,0.000000000,0.229349908,0.000000000,0.000000000,1962.000,116.000,116.000
1786782032954,XAUT_USDT,demo,0,stale_binance,0,0.000000000,0.500000000,0.000000000,0.000000000,0.229349908,0.000000000,0.000000000,2086.000,240.000,240.000
1786782033097,XAUT_USDT,demo,0,stale_binance,0,0.000000000,0.500000000,0.000000000,0.000000000,0.229349908,0.000000000,0.000000000,2229.000,127.000,127.000
1786782033205,XAUT_USDT,demo,0,stale_binance,0,0.000000000,0.500000000,0.000000000,0.000000000,0.229349908,0.000000000,0.000000000,2337.000,65.000,65.000
1786782033314,XAUT_USDT,demo,0,microspread_below_threshold,0,0.000000000,0.500000000,1.341606960,1.341606960,0.229349908,0.000000000,0.000000000,59.000,88.000,88.000
1786782033438,XAUT_USDT,demo,0,microspread_below_threshold,0,0.000000000,0.500000000,1.341606960,1.341606960,0.229349908,0.000000000,0.000000000,183.000,123.000,123.000
1786782034561,XAUT_USDT,demo,0,microspread_below_threshold,0,0.000000000,0.500000000,1.341606960,1.341606960,0.229349908,0.000000000,0.000000000,72.000,43.000,43.000
1786782034679,XAUT_USDT,demo,0,microspread_below_threshold,0,0.000000000,0.500000000,1.341606960,1.341606960,0.229349908,0.000000000,0.000000000,190.000,161.000,161.000
1786782034836,XAUT_USDT,demo,0,stale_binance,0,0.000000000,0.500000000,0.000000000,0.000000000,0.229349908,0.000000000,0.000000000,347.000,58.000,58.000
1786782034946,XAUT_USDT,demo,0,stale_binance,0,0.000000000,0.500000000,0.000000000,0.000000000,0.229349908,0.000000000,0.000000000,457.000,0.000,0.000
1786782035086,XAUT_USDT,demo,0,stale_binance,0,0.000000000,0.500000000,0.000000000,0.000000000,0.229349908,0.000000000,0.000000000,597.000,56.000,56.000
1786782035209,XAUT_USDT,demo,0,stale_binance,0,0.000000000,0.500000000,0.000000000,0.000000000,0.229349908,0.000000000,0.000000000,720.000,179.000,179.000
1786782035349,XAUT_USDT,demo,0,microspread_below_threshold,0,0.000000000,0.500000000,1.341606960,1.341606960,0.229349908,0.000000000,0.000000000,54.000,62.000,62.000
1786782035472,XAUT_USDT,demo,0,microspread_below_threshold,0,0.000000000,0.500000000,1.341606960,1.341606960,0.229349908,0.000000000,0.000000000,0.000,96.000,96.000
1786782035599,XAUT_USDT,demo,0,microspread_below_threshold,0,0.000000000,0.500000000,1.341606960,1.341606960,0.229349908,0.000000000,0.000000000,127.000,223.000,223.000
1786782035717,XAUT_USDT,demo,0,microspread_below_threshold,0,0.000000000,0.500000000,1.341606960,1.341606960,0.229349908,0.000000000,0.000000000,245.000,0.000,0.000
1786782035832,XAUT_USDT,demo,0,stale_binance,0,0.000000000,0.500000000,0.000000000,0.000000000,0.229349908,0.000000000,0.000000000,360.000,115.000,115.000
1786782035936,XAUT_USDT,demo,0,stale_binance,0,0.000000000,0.500000000,0.000000000,0.000000000,0.229349908,0.000000000,0.000000000,464.000,219.000,219.000
1786782036080,XAUT_USDT,demo,0,stale_binance,0,0.000000000,0.500000000,0.000000000,0.000000000,0.229349908,0.000000000,0.000000000,608.000,104.000,104.000
1786782036198,XAUT_USDT,demo,0,stale_binance,0,0.000000000,0.500000000,0.000000000,0.000000000,0.229349908,0.000000000,0.000000000,726.000,51.000,51.000
1786782036320,XAUT_USDT,demo,0,stale_binance,0,0.000000000,0.500000000,0.000000000,0.000000000,0.229349908,0.000000000,0.000000000,848.000,0.000,0.000
1786782036463,XAUT_USDT,demo,0,stale_binance,0,0.000000000,0.500000000,0.000000000,0.000000000,0.229349908,0.000000000,0.000000000,991.000,57.000,57.000
1786782036588,XAUT_USDT,demo,0,stale_binance,0,0.000000000,0.500000000,0.000000000,0.000000000,0.229349908,0.000000000,0.000000000,1116.000,182.000,182.000
1786782036729,XAUT_USDT,demo,0,microspread_below_threshold,0,0.000000000,0.500000000,1.341606960,1.341606960,0.229349908,0.000000000,0.000000000,88.000,65.000,65.000
1786782036868,XAUT_USDT,demo,0,microspread_below_threshold,0,0.000000000,0.500000000,1.341606960,1.341606960,0.229349908,0.000000000,0.000000000,227.000,115.000,115.000
1786782036976,XAUT_USDT,demo,0,stale_binance,0,0.000000000,0.500000000,0.000000000,0.000000000,0.229349908,0.000000000,0.000000000,335.000,57.000,57.000
1786782037091,XAUT_USDT,demo,0,stale_binance,0,0.000000000,0.500000000,0.000000000,0.000000000,0.229349908,0.000000000,0.000000000,450.000,0.000,0.000
1786782037211,XAUT_USDT,demo,0,stale_binance,0,0.000000000,0.500000000,0.000000000,0.000000000,0.229349908,0.000000000,0.000000000,570.000,120.000,120.000
1786782037351,XAUT_USDT,demo,0,microspread_below_threshold,0,0.000000000,0.500000000,1.341606960,1.341606960,0.229349908,0.000000000,0.000000000,55.000,86.000,86.000
1786782037475,XAUT_USDT,demo,0,microspread_below_threshold,0,0.000000000,0.500000000,1.341606960,1.341606960,0.229349908,0.000000000,0.000000000,179.000,210.000,210.000
1786782037608,XAUT_USDT,demo,0,microspread_below_threshold,0,0.000000000,0.500000000,1.341606960,1.341606960,0.229349908,0.000000000,0.000000000,99.000,0.000,0.000
1786782037756,XAUT_USDT,demo,0,microspread_below_threshold,0,0.000000000,0.500000000,1.341606960,1.341606960,0.229349908,0.000000000,0.000000000,247.000,61.000,61.000
1786782037897,XAUT_USDT,demo,0,stale_binance,0,0.000000000,0.500000000,0.000000000,0.000000000,0.229349908,0.000000000,0.000000000,388.000,115.000,115.000
1786782038021,XAUT_USDT,demo,0,stale_binance,0,0.000000000,0.500000000,0.000000000,0.000000000,0.229349908,0.000000000,0.000000000,512.000,239.000,239.000
1786782038160,XAUT_USDT,demo,0,stale_binance,0,0.000000000,0.500000000,0.000000000,0.000000000,0.229349908,0.000000000,0.000000000,651.000,125.000,125.000
1786782038269,XAUT_USDT,demo,0,stale_binance,0,0.000000000,0.500000000,0.000000000,0.000000000,0.229349908,0.000000000,0.000000000,760.000,61.000,61.000
1786782038382,XAUT_USDT,demo,0,stale_binance,0,0.000000000,0.500000000,0.000000000,0.000000000,0.229349908,0.000000000,0.000000000,873.000,0.000,0.000
1786782038501,XAUT_USDT,demo,0,microspread_below_threshold,0,0.000000000,0.500000000,1.341606960,1.341606960,0.229349908,0.000000000,0.000000000,0.000,119.000,119.000
1786782039179,XAUT_USDT,demo,0,stale_binance,0,0.000000000,0.500000000,0.000000000,0.000000000,0.229349908,0.000000000,0.000000000,677.000,108.000,108.000
1786782039300,XAUT_USDT,demo,0,stale_binance,0,0.000000000,0.500000000,0.000000000,0.000000000,0.229349908,0.000000000,0.000000000,798.000,61.000,61.000
1786782039414,XAUT_USDT,demo,0,microspread_below_threshold,0,0.000000000,0.500000000,1.341606960,1.341606960,0.229349908,0.000000000,0.000000000,36.000,0.000,0.000
1786782039534,XAUT_USDT,demo,0,microspread_below_threshold,0,0.000000000,0.500000000,1.341606960,1.341606960,0.229349908,0.000000000,0.000000000,156.000,120.000,120.000
1786782039641,XAUT_USDT,demo,0,microspread_below_threshold,0,0.000000000,0.500000000,1.341606960,1.341606960,0.229349908,0.000000000,0.000000000,263.000,57.000,57.000
1786782039757,XAUT_USDT,demo,0,stale_binance,0,0.000000000,0.500000000,0.000000000,0.000000000,0.229349908,0.000000000,0.000000000,379.000,0.000,0.000
1786782039907,XAUT_USDT,demo,0,stale_binance,0,0.000000000,0.500000000,0.000000000,0.000000000,0.229349908,0.000000000,0.000000000,529.000,64.000,64.000
1786782040031,XAUT_USDT,demo,0,stale_binance,0,0.000000000,0.500000000,0.000000000,0.000000000,0.229349908,0.000000000,0.000000000,653.000,188.000,188.000
1786782040156,XAUT_USDT,demo,0,stale_binance,0,0.000000000,0.500000000,0.000000000,0.000000000,0.229349908,0.000000000,0.000000000,778.000,57.000,57.000
1786782040271,XAUT_USDT,demo,0,stale_binance,0,0.000000000,0.500000000,0.000000000,0.000000000,0.229349908,0.000000000,0.000000000,893.000,0.000,0.000
1786782040377,XAUT_USDT,demo,0,microspread_below_threshold,0,0.000000000,0.500000000,1.341606960,1.341606960,0.229349908,0.000000000,0.000000000,0.000,19.000,19.000
1786782040516,XAUT_USDT,demo,0,microspread_below_threshold,0,0.000000000,0.500000000,1.341606960,1.341606960,0.229349908,0.000000000,0.000000000,53.000,158.000,158.000
1786782040641,XAUT_USDT,demo,0,microspread_below_threshold,0,0.000000000,0.500000000,1.341606960,1.341606960,0.229349908,0.000000000,0.000000000,178.000,283.000,283.000
1786782040765,XAUT_USDT,demo,0,stale_binance,0,0.000000000,0.500000000,0.000000000,0.000000000,0.229349908,0.000000000,0.000000000,302.000,59.000,59.000
1786782040906,XAUT_USDT,demo,0,stale_binance,0,0.000000000,0.500000000,0.000000000,0.000000000,0.229349908,0.000000000,0.000000000,443.000,115.000,115.000
1786782041012,XAUT_USDT,demo,0,stale_binance,0,0.000000000,0.500000000,0.000000000,0.000000000,0.229349908,0.000000000,0.000000000,549.000,221.000,221.000
1786782041132,XAUT_USDT,demo,0,stale_binance,0,0.000000000,0.500000000,0.000000000,0.000000000,0.229349908,0.000000000,0.000000000,669.000,1.000,1.000
1786782041277,XAUT_USDT,demo,0,microspread_below_threshold,0,0.000000000,0.500000000,1.341606960,1.341606960,0.229349908,0.000000000,0.000000000,60.000,58.000,58.000
1786782041391,XAUT_USDT,demo,0,microspread_below_threshold,0,0.000000000,0.500000000,1.341606960,1.341606960,0.229349908,0.000000000,0.000000000,174.000,0.000,0.000
1786782041541,XAUT_USDT,demo,0,stale_binance,0,0.000000000,0.500000000,0.000000000,0.000000000,0.229349908,0.000000000,0.000000000,324.000,60.000,60.000
1786782041650,XAUT_USDT,demo,0,stale_binance,0,0.000000000,0.500000000,0.000000000,0.000000000,0.229349908,0.000000000,0.000000000,433.000,0.000,0.000
1786782041792,XAUT_USDT,demo,0,stale_binance,0,0.000000000,0.500000000,0.000000000,0.000000000,0.229349908,0.000000000,0.000000000,575.000,55.000,55.000
1786782041915,XAUT_USDT,demo,0,stale_binance,0,0.000000000,0.500000000,0.000000000,0.000000000,0.229349908,0.000000000,0.000000000,698.000,178.000,178.000
1786782042042,XAUT_USDT,demo,0,stale_binance,0,0.000000000,0.500000000,0.000000000,0.000000000,0.229349908,0.000000000,0.000000000,825.000,51.000,51.000
1786782042165,XAUT_USDT,demo,0,stale_binance,0,0.000000000,0.500000000,0.000000000,0.000000000,0.229349908,0.000000000,0.000000000,948.000,1.000,1.000
1786782042308,XAUT_USDT,demo,0,stale_binance,0,0.000000000,0.500000000,0.000000000,0.000000000,0.229349908,0.000000000,0.000000000,1091.000,59.000,59.000
1786782042422,XAUT_USDT,demo,0,stale_binance,0,0.000000000,0.500000000,0.000000000,0.000000000,0.229349908,0.000000000,0.000000000,1205.000,0.000,0.000
1786782042544,XAUT_USDT,demo,0,stale_binance,0,0.000000000,0.500000000,0.000000000,0.000000000,0.229349908,0.000000000,0.000000000,1327.000,122.000,122.000
1786782042669,XAUT_USDT,demo,0,stale_binance,0,0.000000000,0.500000000,0.000000000,0.000000000,0.229349908,0.000000000,0.000000000,1452.000,247.000,247.000
1786782042770,XAUT_USDT,demo,0,stale_binance,0,0.000000000,0.500000000,0.000000000,0.000000000,0.229349908,0.000000000,0.000000000,1553.000,1.000,1.000
1786782042903,XAUT_USDT,demo,0,stale_binance,0,0.000000000,0.500000000,0.000000000,0.000000000,0.229349908,0.000000000,0.000000000,1686.000,53.000,53.000
1786782043029,XAUT_USDT,demo,0,stale_binance,0,0.000000000,0.500000000,0.000000000,0.000000000,0.229349908,0.000000000,0.000000000,1812.000,179.000,179.000
1786782043168,XAUT_USDT,demo,0,stale_binance,0,0.000000000,0.500000000,0.000000000,0.000000000,0.229349908,0.000000000,0.000000000,1951.000,61.000,61.000
1786782043278,XAUT_USDT,demo,0,stale_binance,0,0.000000000,0.500000000,0.000000000,0.000000000,0.229349908,0.000000000,0.000000000,2061.000,0.000,0.000
1786782043403,XAUT_USDT,demo,0,stale_binance,0,0.000000000,0.500000000,0.000000000,0.000000000,0.229349908,0.000000000,0.000000000,2186.000,125.000,125.000
1786782044167,XAUT_USDT,demo,0,stale_binance,0,0.000000000,0.500000000,0.000000000,0.000000000,0.229349908,0.000000000,0.000000000,560.000,27.000,27.000
1786782044285,XAUT_USDT,demo,0,stale_binance,0,0.000000000,0.500000000,0.000000000,0.000000000,0.229349908,0.000000000,0.000000000,678.000,59.000,59.000
1786782044401,XAUT_USDT,demo,0,stale_binance,0,0.000000000,0.500000000,0.000000000,0.000000000,0.229349908,0.000000000,0.000000000,794.000,0.000,0.000
1786782044520,XAUT_USDT,demo,0,stale_binance,0,0.000000000,0.500000000,0.000000000,0.000000000,0.229349908,0.000000000,0.000000000,913.000,119.000,119.000
1786782044624,XAUT_USDT,demo,0,microspread_below_threshold,0,0.000000000,0.500000000,1.341606960,1.341606960,0.229349908,0.000000000,0.000000000,0.000,223.000,223.000
1786782044740,XAUT_USDT,demo,0,microspread_below_threshold,0,0.000000000,0.500000000,1.341606960,1.341606960,0.229349908,0.000000000,0.000000000,114.000,0.000,0.000
1786782044880,XAUT_USDT,demo,0,microspread_below_threshold,0,0.000000000,0.500000000,1.341606960,1.341606960,0.229349908,0.000000000,0.000000000,95.000,52.000,52.000
1786782045004,XAUT_USDT,demo,0,microspread_below_threshold,0,0.000000000,0.500000000,1.341606960,1.341606960,0.229349908,0.000000000,0.000000000,219.000,176.000,176.000
1786782045142,XAUT_USDT,demo,0,stale_binance,0,0.000000000,0.500000000,0.000000000,0.000000000,0.229349908,0.000000000,0.000000000,357.000,60.000,60.000
1786782045295,XAUT_USDT,demo,0,microspread_below_threshold,0,0.000000000,0.500000000,1.341606960,1.341606960,0.229349908,0.000000000,0.000000000,0.000,123.000,123.000
1786782045429,XAUT_USDT,demo,0,microspread_below_threshold,0,0.000000000,0.500000000,1.341606960,1.341606960,0.229349908,0.000000000,0.000000000,132.000,0.000,0.000
1786782045582,XAUT_USDT,demo,0,microspread_below_threshold,0,0.000000000,0.500000000,1.341606960,1.341606960,0.229349908,0.000000000,0.000000000,285.000,62.000,62.000
1786782045685,XAUT_USDT,demo,0,stale_binance,0,0.000000000,0.500000000,0.000000000,0.000000000,0.229349908,0.000000000,0.000000000,388.000,0.000,0.000
1786782045831,XAUT_USDT,demo,0,stale_binance,0,0.000000000,0.500000000,0.000000000,0.000000000,0.229349908,0.000000000,0.000000000,534.000,57.000,57.000
1786782045956,XAUT_USDT,demo,0,stale_binance,0,0.000000000,0.500000000,0.000000000,0.000000000,0.229349908,0.000000000,0.000000000,659.000,182.000,182.000
1786782046080,XAUT_USDT,demo,0,microspread_below_threshold,0,0.000000000,0.500000000,1.341606960,1.341606960,0.229349908,0.000000000,0.000000000,114.000,306.000,306.000
1786782046198,XAUT_USDT,demo,0,microspread_below_threshold,0,0.000000000,0.500000000,1.341606960,1.341606960,0.229349908,0.000000000,0.000000000,232.000,0.000,0.000
1786782046315,XAUT_USDT,demo,0,stale_binance,0,0.000000000,0.500000000,0.000000000,0.000000000,0.229349908,0.000000000,0.000000000,349.000,117.000,117.000
1786782046423,XAUT_USDT,demo,0,microspread_below_threshold,0,0.000000000,0.500000000,1.341606960,1.341606960,0.229349908,0.000000000,0.000000000,87.000,52.000,52.000
1786782046547,XAUT_USDT,demo,0,microspread_below_threshold,0,0.000000000,0.500000000,1.341606960,1.341606960,0.229349908,0.000000000,0.000000000,211.000,176.000,176.000
1786782046686,XAUT_USDT,demo,0,stale_binance,0,0.000000000,0.500000000,0.000000000,0.000000000,0.229349908,0.000000000,0.000000000,350.000,55.000,55.000
1786782046843,XAUT_USDT,demo,0,stale_binance,0,0.000000000,0.500000000,0.000000000,0.000000000,0.229349908,0.000000000,0.000000000,507.000,120.000,120.000
1786782046952,XAUT_USDT,demo,0,stale_binance,0,0.000000000,0.500000000,0.000000000,0.000000000,0.229349908,0.000000000,0.000000000,616.000,59.000,59.000
1786782047071,XAUT_USDT,demo,0,microspread_below_threshold,0,0.000000000,0.500000000,1.341606960,1.341606960,0.229349908,0.000000000,0.000000000,0.000,93.000,93.000
1786782047182,XAUT_USDT,demo,0,microspread_below_threshold,0,0.000000000,0.500000000,1.341606960,1.341606960,0.229349908,0.000000000,0.000000000,111.000,204.000,204.000
1786782047285,XAUT_USDT,demo,0,microspread_below_threshold,0,0.000000000,0.500000000,1.341606960,1.341606960,0.229349908,0.000000000,0.000000000,214.000,52.000,52.000
1786782047398,XAUT_USDT,demo,0,microspread_below_threshold,0,0.000000000,0.500000000,1.341606960,1.341606960,0.229349908,0.000000000,0.000000000,57.000,79.000,79.000
1786782047551,XAUT_USDT,demo,0,microspread_below_threshold,0,0.000000000,0.500000000,1.341606960,1.341606960,0.229349908,0.000000000,0.000000000,210.000,59.000,59.000
1786782047663,XAUT_USDT,demo,0,stale_binance,0,0.000000000,0.500000000,0.000000000,0.000000000,0.229349908,0.000000000,0.000000000,322.000,0.000,0.000
1786782047807,XAUT_USDT,demo,0,stale_binance,0,0.000000000,0.500000000,0.000000000,0.000000000,0.229349908,0.000000000,0.000000000,466.000,58.000,58.000
1786782047918,XAUT_USDT,demo,0,stale_binance,0,0.000000000,0.500000000,0.000000000,0.000000000,0.229349908,0.000000000,0.000000000,577.000,0.000,0.000
1786782048026,XAUT_USDT,demo,0,microspread_below_threshold,0,0.000000000,0.500000000,1.341606960,1.341606960,0.229349908,0.000000000,0.000000000,59.000,108.000,108.000
1786782048152,XAUT_USDT,demo,0,microspread_below_threshold,0,0.000000000,0.500000000,1.341606960,1.341606960,0.229349908,0.000000000,0.000000000,185.000,234.000,234.000
1786782048262,XAUT_USDT,demo,0,microspread_below_threshold,0,0.000000000,0.500000000,1.341606960,1.341606960,0.229349908,0.000000000,0.000000000,295.000,1.000,1.000
1786782048400,XAUT_USDT,demo,0,stale_binance,0,0.000000000,0.500000000,0.000000000,0.000000000,0.229349908,0.000000000,0.000000000,433.000,51.000,51.000
1786782049285,XAUT_USDT,demo,0,microspread_below_threshold,0,0.000000000,0.500000000,1.341606960,1.341606960,0.229349908,0.000000000,0.000000000,43.000,169.000,169.000
1786782049390,XAUT_USDT,demo,0,microspread_below_threshold,0,0.000000000,0.500000000,1.341606960,1.341606960,0.229349908,0.000000000,0.000000000,148.000,103.000,103.000
1786782049525,XAUT_USDT,demo,0,microspread_below_threshold,0,0.000000000,0.500000000,1.341606960,1.341606960,0.229349908,0.000000000,0.000000000,283.000,59.000,59.000
1786782049636,XAUT_USDT,demo,0,stale_binance,0,0.000000000,0.500000000,0.000000000,0.000000000,0.229344648,0.000000000,0.000000000,394.000,0.000,0.000
1786782049775,XAUT_USDT,demo,0,stale_binance,0,0.000000000,0.500000000,0.000000000,0.000000000,0.229344648,0.000000000,0.000000000,533.000,51.000,51.000
1786782049930,XAUT_USDT,demo,0,stale_binance,0,0.000000000,0.500000000,0.000000000,0.000000000,0.229344648,0.000000000,0.000000000,688.000,122.000,122.000
1786782050054,XAUT_USDT,demo,0,stale_binance,0,0.000000000,0.500000000,0.000000000,0.000000000,0.229344648,0.000000000,0.000000000,812.000,246.000,246.000
1786782050178,XAUT_USDT,demo,0,stale_binance,0,0.000000000,0.500000000,0.000000000,0.000000000,0.229344648,0.000000000,0.000000000,936.000,370.000,370.000
1786782050288,XAUT_USDT,demo,0,stale_binance,0,0.000000000,0.500000000,0.000000000,0.000000000,0.229344648,0.000000000,0.000000000,1046.000,53.000,53.000
1786782050429,XAUT_USDT,demo,0,microspread_below_threshold,-1,-0.229347278,0.500000000,1.112259683,1.341606960,0.229344648,0.000000000,0.000000000,54.000,107.000,107.000
1786782050554,XAUT_USDT,demo,0,microspread_below_threshold,-1,-0.229347278,0.500000000,1.112259683,1.341606960,0.229344648,0.000000000,0.000000000,179.000,232.000,232.000
1786782050709,XAUT_USDT,demo,0,stale_binance,0,0.000000000,0.500000000,0.000000000,0.000000000,0.229344648,0.000000000,0.000000000,334.000,127.000,127.000
1786782050835,XAUT_USDT,demo,0,stale_binance,0,0.000000000,0.500000000,0.000000000,0.000000000,0.229344648,0.000000000,0.000000000,460.000,253.000,253.000
1786782050960,XAUT_USDT,demo,0,stale_binance,0,0.000000000,0.500000000,0.000000000,0.000000000,0.229344648,0.000000000,0.000000000,585.000,116.000,116.000
1786782051086,XAUT_USDT,demo,0,stale_binance,0,0.000000000,0.500000000,0.000000000,0.000000000,0.229344648,0.000000000,0.000000000,711.000,242.000,242.000
1786782051209,XAUT_USDT,demo,0,stale_binance,0,0.000000000,0.500000000,0.000000000,0.000000000,0.229344648,0.000000000,0.000000000,834.000,113.000,113.000
1786782051334,XAUT_USDT,demo,0,stale_binance,0,0.000000000,0.500000000,0.000000000,0.000000000,0.229344648,0.000000000,0.000000000,959.000,63.000,63.000
1786782051458,XAUT_USDT,demo,0,microspread_below_threshold,-1,-0.229347278,0.500000000,1.112259683,1.341606960,0.229344648,0.000000000,0.000000000,62.000,97.000,97.000
1786782051584,XAUT_USDT,demo,0,microspread_below_threshold,-1,-0.229347278,0.500000000,1.112259683,1.341606960,0.229344648,0.000000000,0.000000000,81.000,58.000,58.000
1786782051708,XAUT_USDT,demo,0,microspread_below_threshold,-1,-0.229347278,0.500000000,1.112259683,1.341606960,0.229344648,0.000000000,0.000000000,205.000,182.000,182.000
1786782051832,XAUT_USDT,demo,0,stale_binance,0,0.000000000,0.500000000,0.000000000,0.000000000,0.229344648,0.000000000,0.000000000,329.000,306.000,306.000
1786782051991,XAUT_USDT,demo,0,stale_binance,0,0.000000000,0.500000000,0.000000000,0.000000000,0.229344648,0.000000000,0.000000000,488.000,121.000,121.000
1786782052100,XAUT_USDT,demo,0,stale_binance,0,0.000000000,0.500000000,0.000000000,0.000000000,0.229344648,0.000000000,0.000000000,597.000,58.000,58.000
1786782052214,XAUT_USDT,demo,0,stale_binance,0,0.000000000,0.500000000,0.000000000,0.000000000,0.229344648,0.000000000,0.000000000,711.000,1.000,1.000
1786782052336,XAUT_USDT,demo,0,stale_binance,0,0.000000000,0.500000000,0.000000000,0.000000000,0.229344648,0.000000000,0.000000000,833.000,123.000,123.000
1786782052445,XAUT_USDT,demo,0,stale_binance,0,0.000000000,0.500000000,0.000000000,0.000000000,0.229344648,0.000000000,0.000000000,942.000,59.000,59.000
1786782052574,XAUT_USDT,demo,0,microspread_below_threshold,-1,-0.229347278,0.500000000,1.112259683,1.341606960,0.229344648,0.000000000,0.000000000,0.000,102.000,102.000
1786782052694,XAUT_USDT,demo,0,microspread_below_threshold,-1,-0.229347278,0.500000000,1.112259683,1.341606960,0.229344648,0.000000000,0.000000000,115.000,222.000,222.000
1786782052812,XAUT_USDT,demo,0,microspread_below_threshold,-1,-0.229347278,0.500000000,1.112259683,1.341606960,0.229344648,0.000000000,0.000000000,233.000,0.000,0.000
1786782052929,XAUT_USDT,demo,0,stale_binance,0,0.000000000,0.500000000,0.000000000,0.000000000,0.229344648,0.000000000,0.000000000,350.000,117.000,117.000
1786782053037,XAUT_USDT,demo,0,stale_binance,0,0.000000000,0.500000000,0.000000000,0.000000000,0.229344648,0.000000000,0.000000000,458.000,55.000,55.000
1786782053150,XAUT_USDT,demo,0,stale_binance,0,0.000000000,0.500000000,0.000000000,0.000000000,0.229344648,0.000000000,0.000000000,571.000,0.000,0.000
1786782053271,XAUT_USDT,demo,0,stale_binance,0,0.000000000,0.500000000,0.000000000,0.000000000,0.229344648,0.000000000,0.000000000,692.000,121.000,121.000
1786782053379,XAUT_USDT,demo,0,stale_binance,0,0.000000000,0.500000000,0.000000000,0.000000000,0.229344648,0.000000000,0.000000000,800.000,55.000,55.000
1786782053535,XAUT_USDT,demo,0,stale_binance,0,0.000000000,0.500000000,0.000000000,0.000000000,0.229344648,0.000000000,0.000000000,956.000,122.000,122.000
1786782054231,XAUT_USDT,demo,0,stale_binance,0,0.000000000,0.500000000,0.000000000,0.000000000,0.229344648,0.000000000,0.000000000,383.000,212.000,212.000
1786782054360,XAUT_USDT,demo,0,stale_binance,0,0.000000000,0.500000000,0.000000000,0.000000000,0.229344648,0.000000000,0.000000000,512.000,0.000,0.000
1786782054484,XAUT_USDT,demo,0,stale_binance,0,0.000000000,0.500000000,0.000000000,0.000000000,0.229344648,0.000000000,0.000000000,636.000,124.000,124.000
1786782054595,XAUT_USDT,demo,0,microspread_below_threshold,-1,-0.114688365,0.500000000,1.226918595,1.341606960,0.229344648,0.114658913,0.000000000,0.000,64.000,64.000
1786782054735,XAUT_USDT,demo,0,microspread_below_threshold,-1,-0.114688365,0.500000000,1.226918595,1.341606960,0.229344648,0.000000000,0.000000000,57.000,204.000,204.000
1786782054846,XAUT_USDT,demo,0,microspread_below_threshold,-1,-0.114688365,0.500000000,1.226918595,1.341606960,0.229344648,0.000000000,0.000000000,168.000,58.000,58.000
1786782054958,XAUT_USDT,demo,0,microspread_below_threshold,-1,-0.114688365,0.500000000,1.226918595,1.341606960,0.229344648,0.000000000,0.000000000,280.000,0.000,0.000
1786782055069,XAUT_USDT,demo,0,microspread_below_threshold,-1,-0.114688365,0.500000000,1.226918595,1.341606960,0.229344648,0.000000000,0.000000000,0.000,24.000,24.000
1786782055189,XAUT_USDT,demo,0,microspread_below_threshold,-1,-0.114688365,0.500000000,1.226918595,1.341606960,0.229344648,0.000000000,0.000000000,118.000,62.000,62.000
1786782055313,XAUT_USDT,demo,0,microspread_below_threshold,-1,-0.114688365,0.500000000,1.226918595,1.341606960,0.229344648,0.000000000,0.000000000,60.000,186.000,186.000
1786782055439,XAUT_USDT,demo,0,microspread_below_threshold,-1,-0.114688365,0.500000000,1.226918595,1.341606960,0.229344648,0.000000000,0.000000000,186.000,53.000,53.000
1786782055541,XAUT_USDT,demo,0,microspread_below_threshold,-1,-0.000014726,0.500000000,1.226918595,1.226933322,0.229344648,0.000000000,0.000000000,0.000,155.000,155.000
1786782055657,XAUT_USDT,demo,0,microspread_below_threshold,0,0.000000000,0.500000000,1.226918595,1.226918595,0.229344648,0.000000000,0.000000000,114.000,271.000,271.000
1786782055782,XAUT_USDT,demo,0,microspread_below_threshold,0,0.000000000,0.500000000,1.226918595,1.226918595,0.229344648,0.000000000,0.000000000,239.000,396.000,396.000
1786782055936,XAUT_USDT,demo,0,stale_binance,0,0.000000000,0.500000000,0.000000000,0.000000000,0.229344648,0.000000000,0.000000000,393.000,120.000,120.000
1786782056046,XAUT_USDT,demo,0,stale_binance,0,0.000000000,0.500000000,0.000000000,0.000000000,0.229344648,0.000000000,0.000000000,503.000,57.000,57.000
1786782056188,XAUT_USDT,demo,0,stale_binance,0,0.000000000,0.500000000,0.000000000,0.000000000,0.229344648,0.000000000,0.000000000,645.000,114.000,114.000
1786782056313,XAUT_USDT,demo,0,stale_binance,0,0.000000000,0.500000000,0.000000000,0.000000000,0.229344648,0.000000000,0.000000000,770.000,239.000,239.000
1786782056416,XAUT_USDT,demo,0,stale_binance,0,0.000000000,0.500000000,0.000000000,0.000000000,0.229344648,0.000000000,0.000000000,873.000,0.000,0.000
1786782056532,XAUT_USDT,demo,0,stale_binance,0,0.000000000,0.500000000,0.000000000,0.000000000,0.229344648,0.000000000,0.000000000,989.000,116.000,116.000
1786782056641,XAUT_USDT,demo,0,stale_binance,0,0.000000000,0.500000000,0.000000000,0.000000000,0.229344648,0.000000000,0.000000000,1098.000,55.000,55.000
1786782056760,XAUT_USDT,demo,0,stale_binance,0,0.000000000,0.500000000,0.000000000,0.000000000,0.229344648,0.000000000,0.000000000,1217.000,0.000,0.000
1786782056876,XAUT_USDT,demo,0,stale_binance,0,0.000000000,0.500000000,0.000000000,0.000000000,0.229344648,0.000000000,0.000000000,1333.000,116.000,116.000
1786782056986,XAUT_USDT,demo,0,stale_binance,0,0.000000000,0.500000000,0.000000000,0.000000000,0.229344648,0.000000000,0.000000000,1443.000,56.000,56.000
1786782057140,XAUT_USDT,demo,0,stale_binance,0,0.000000000,0.500000000,0.000000000,0.000000000,0.229344648,0.000000000,0.000000000,1597.000,125.000,125.000
1786782057264,XAUT_USDT,demo,0,stale_binance,0,0.000000000,0.500000000,0.000000000,0.000000000,0.229344648,0.000000000,0.000000000,1721.000,249.000,249.000
1786782057420,XAUT_USDT,demo,0,stale_binance,0,0.000000000,0.500000000,0.000000000,0.000000000,0.229344648,0.000000000,0.000000000,1877.000,60.000,60.000
1786782057532,XAUT_USDT,demo,0,stale_binance,0,0.000000000,0.500000000,0.000000000,0.000000000,0.229344648,0.000000000,0.000000000,1989.000,1.000,1.000
1786782057656,XAUT_USDT,demo,0,stale_binance,0,0.000000000,0.500000000,0.000000000,0.000000000,0.229344648,0.000000000,0.000000000,2113.000,125.000,125.000
1786782057781,XAUT_USDT,demo,0,stale_binance,0,0.000000000,0.500000000,0.000000000,0.000000000,0.229344648,0.000000000,0.000000000,2238.000,250.000,250.000
1786782057937,XAUT_USDT,demo,0,stale_binance,0,0.000000000,0.500000000,0.000000000,0.000000000,0.229344648,0.000000000,0.000000000,2394.000,65.000,65.000
1786782058043,XAUT_USDT,demo,0,stale_binance,0,0.000000000,0.500000000,0.000000000,0.000000000,0.229344648,0.000000000,0.000000000,2500.000,0.000,0.000
1786782058171,XAUT_USDT,demo,0,stale_binance,0,0.000000000,0.500000000,0.000000000,0.000000000,0.229344648,0.000000000,0.000000000,2628.000,128.000,128.000
1786782058279,XAUT_USDT,demo,0,stale_binance,0,0.000000000,0.500000000,0.000000000,0.000000000,0.229344648,0.000000000,0.000000000,2736.000,64.000,64.000
1786782058388,XAUT_USDT,demo,0,stale_binance,0,0.000000000,0.500000000,0.000000000,0.000000000,0.229344648,0.000000000,0.000000000,2845.000,0.000,0.000
1786782058499,XAUT_USDT,demo,0,microspread_below_threshold,0,0.000000000,0.500000000,1.226918595,1.226918595,0.229344648,0.000000000,0.000000000,0.000,24.000,24.000
1786782059670,XAUT_USDT,demo,0,microspread_below_threshold,0,0.000000000,0.500000000,1.226918595,1.226918595,0.229344648,0.000000000,0.000000000,181.000,168.000,168.000
1786782059811,XAUT_USDT,demo,0,stale_binance,0,0.000000000,0.500000000,0.000000000,0.000000000,0.229344648,0.000000000,0.000000000,322.000,53.000,53.000
1786782059934,XAUT_USDT,demo,0,stale_binance,0,0.000000000,0.500000000,0.000000000,0.000000000,0.229344648,0.000000000,0.000000000,445.000,1.000,1.000
1786782060076,XAUT_USDT,demo,0,stale_binance,0,0.000000000,0.500000000,0.000000000,0.000000000,0.229344648,0.000000000,0.000000000,587.000,58.000,58.000
1786782060205,XAUT_USDT,demo,0,stale_binance,0,0.000000000,0.500000000,0.000000000,0.000000000,0.229344648,0.000000000,0.000000000,716.000,0.000,0.000
1786782060305,XAUT_USDT,demo,0,stale_binance,0,0.000000000,0.500000000,0.000000000,0.000000000,0.229344648,0.000000000,0.000000000,816.000,0.000,0.000
1786782060419,XAUT_USDT,demo,0,microspread_below_threshold,0,0.000000000,0.500000000,1.226918595,1.226918595,0.229344648,0.000000000,0.000000000,101.000,53.000,53.000
1786782060577,XAUT_USDT,demo,0,microspread_below_threshold,0,0.000000000,0.500000000,1.226918595,1.226918595,0.229344648,0.000000000,0.000000000,259.000,120.000,120.000
1786782060703,XAUT_USDT,demo,0,stale_binance,0,0.000000000,0.500000000,0.000000000,0.000000000,0.229344648,0.000000000,0.000000000,385.000,246.000,246.000
1786782060829,XAUT_USDT,demo,0,stale_binance,0,0.000000000,0.500000000,0.000000000,0.000000000,0.229344648,0.000000000,0.000000000,511.000,372.000,372.000
1786782060937,XAUT_USDT,demo,0,microspread_below_threshold,0,0.000000000,0.500000000,1.226918595,1.226918595,0.229344648,0.000000000,0.000000000,54.000,55.000,55.000
1786782061093,XAUT_USDT,demo,0,microspread_below_threshold,0,0.000000000,0.500000000,1.226918595,1.226918595,0.229344648,0.000000000,0.000000000,210.000,122.000,122.000
1786782061219,XAUT_USDT,demo,0,stale_binance,0,0.000000000,0.500000000,0.000000000,0.000000000,0.229344648,0.000000000,0.000000000,336.000,248.000,248.000
1786782061374,XAUT_USDT,demo,0,stale_binance,0,0.000000000,0.500000000,0.000000000,0.000000000,0.229344648,0.000000000,0.000000000,491.000,59.000,59.000
1786782061490,XAUT_USDT,demo,0,stale_binance,0,0.000000000,0.500000000,0.000000000,0.000000000,0.229344648,0.000000000,0.000000000,607.000,0.000,0.000
1786782061608,XAUT_USDT,demo,0,stale_binance,0,0.000000000,0.500000000,0.000000000,0.000000000,0.229344648,0.000000000,0.000000000,725.000,118.000,118.000
1786782061747,XAUT_USDT,demo,0,microspread_below_threshold,0,0.000000000,0.500000000,1.226918595,1.226918595,0.229344648,0.000000000,0.000000000,46.000,1.000,1.000
1786782061875,XAUT_USDT,demo,0,microspread_below_threshold,0,0.000000000,0.500000000,1.226918595,1.226918595,0.229344648,0.000000000,0.000000000,174.000,129.000,129.000
1786782061984,XAUT_USDT,demo,0,microspread_below_threshold,0,0.000000000,0.500000000,1.226918595,1.226918595,0.229344648,0.000000000,0.000000000,283.000,65.000,65.000
1786782062124,XAUT_USDT,demo,0,stale_binance,0,0.000000000,0.500000000,0.000000000,0.000000000,0.229344648,0.000000000,0.000000000,423.000,117.000,117.000
1786782062229,XAUT_USDT,demo,0,stale_binance,0,0.000000000,0.500000000,0.000000000,0.000000000,0.229344648,0.000000000,0.000000000,528.000,222.000,222.000
1786782062352,XAUT_USDT,demo,0,stale_binance,0,0.000000000,0.500000000,0.000000000,0.000000000,0.229344648,0.000000000,0.000000000,651.000,0.000,0.000
1786782062469,XAUT_USDT,demo,0,stale_binance,0,0.000000000,0.500000000,0.000000000,0.000000000,0.229344648,0.000000000,0.000000000,768.000,117.000,117.000
1786782062576,XAUT_USDT,demo,0,stale_binance,0,0.000000000,0.500000000,0.000000000,0.000000000,0.229344648,0.000000000,0.000000000,875.000,52.000,52.000
1786782062718,XAUT_USDT,demo,0,stale_binance,0,0.000000000,0.500000000,0.000000000,0.000000000,0.229344648,0.000000000,0.000000000,1017.000,111.000,111.000
1786782062859,XAUT_USDT,demo,0,microspread_below_threshold,0,0.000000000,0.500000000,1.226918595,1.226918595,0.229344648,0.000000000,0.000000000,61.000,252.000,252.000
1786782062985,XAUT_USDT,demo,0,microspread_below_threshold,0,0.000000000,0.500000000,1.226918595,1.226918595,0.229344648,0.000000000,0.000000000,187.000,121.000,121.000
1786782063110,XAUT_USDT,demo,0,stale_binance,0,0.000000000,0.500000000,0.000000000,0.000000000,0.229344648,0.000000000,0.000000000,312.000,246.000,246.000
1786782063235,XAUT_USDT,demo,0,stale_binance,0,0.000000000,0.500000000,0.000000000,0.000000000,0.229344648,0.000000000,0.000000000,437.000,371.000,371.000
1786782063361,XAUT_USDT,demo,0,stale_binance,0,0.000000000,0.500000000,0.000000000,0.000000000,0.229344648,0.000000000,0.000000000,563.000,497.000,497.000
1786782063486,XAUT_USDT,demo,0,stale_binance,0,0.000000000,0.500000000,0.000000000,0.000000000,0.229344648,0.000000000,0.000000000,688.000,119.000,119.000
1786782063610,XAUT_USDT,demo,0,stale_binance,0,0.000000000,0.500000000,0.000000000,0.000000000,0.229344648,0.000000000,0.000000000,-205.000,243.000,243.000
1786782064325,XAUT_USDT,demo,0,stale_binance,0,0.000000000,0.500000000,0.000000000,0.000000000,0.229344648,0.000000000,0.000000000,510.000,958.000,958.000
1786782064452,XAUT_USDT,demo,0,stale_binance,0,0.000000000,0.500000000,0.000000000,0.000000000,0.229344648,0.000000000,0.000000000,637.000,1085.000,1085.000
1786782064578,XAUT_USDT,demo,0,stale_binance,0,0.000000000,0.500000000,0.000000000,0.000000000,0.229344648,0.000000000,0.000000000,763.000,1211.000,1211.000
1786782064703,XAUT_USDT,demo,0,stale_binance,0,0.000000000,0.500000000,0.000000000,0.000000000,0.229344648,0.000000000,0.000000000,888.000,1336.000,1336.000
1786782064826,XAUT_USDT,demo,0,stale_binance,0,0.000000000,0.500000000,0.000000000,0.000000000,0.229344648,0.000000000,0.000000000,1011.000,1459.000,1459.000
1786782064952,XAUT_USDT,demo,0,stale_binance,0,0.000000000,0.500000000,0.000000000,0.000000000,0.229344648,0.000000000,0.000000000,1137.000,1585.000,1585.000
1786782065076,XAUT_USDT,demo,0,stale_binance,0,0.000000000,0.500000000,0.000000000,0.000000000,0.229344648,0.000000000,0.000000000,1261.000,1709.000,1709.000
1786782065200,XAUT_USDT,demo,0,stale_binance,0,0.000000000,0.500000000,0.000000000,0.000000000,0.229344648,0.000000000,0.000000000,1385.000,1833.000,1833.000
1786782065325,XAUT_USDT,demo,0,stale_binance,0,0.000000000,0.500000000,0.000000000,0.000000000,0.229344648,0.000000000,0.000000000,1510.000,1958.000,1958.000
1786782066603,XAUT_USDT,demo,0,microspread_below_threshold,0,0.000000000,0.500000000,1.226918595,1.226918595,0.229344648,0.000000000,0.000000000,229.000,0.000,0.000
1786782066728,XAUT_USDT,demo,0,stale_binance,0,0.000000000,0.500000000,0.000000000,0.000000000,0.229344648,0.000000000,0.000000000,354.000,125.000,125.000
1786782066837,XAUT_USDT,demo,0,stale_binance,0,0.000000000,0.500000000,0.000000000,0.000000000,0.229344648,0.000000000,0.000000000,463.000,59.000,59.000
1786782066994,XAUT_USDT,demo,0,stale_binance,0,0.000000000,0.500000000,0.000000000,0.000000000,0.229344648,0.000000000,0.000000000,620.000,123.000,123.000
1786782067118,XAUT_USDT,demo,0,stale_binance,0,0.000000000,0.500000000,0.000000000,0.000000000,0.229344648,0.000000000,0.000000000,744.000,52.000,52.000
1786782067223,XAUT_USDT,demo,0,stale_binance,0,0.000000000,0.500000000,0.000000000,0.000000000,0.229344648,0.000000000,0.000000000,849.000,0.000,0.000
1786782067372,XAUT_USDT,demo,0,stale_binance,0,0.000000000,0.500000000,0.000000000,0.000000000,0.229344648,0.000000000,0.000000000,998.000,57.000,57.000
1786782067490,XAUT_USDT,demo,0,stale_binance,0,0.000000000,0.500000000,0.000000000,0.000000000,0.229344648,0.000000000,0.000000000,1116.000,0.000,0.000
1786782067590,XAUT_USDT,demo,0,microspread_below_threshold,0,0.000000000,0.500000000,1.226918595,1.226918595,0.229344648,0.000000000,0.000000000,0.000,100.000,100.000
1786782067700,XAUT_USDT,demo,0,microspread_below_threshold,0,0.000000000,0.500000000,1.226918595,1.226918595,0.229344648,0.000000000,0.000000000,110.000,210.000,210.000
1786782067808,XAUT_USDT,demo,0,microspread_below_threshold,0,0.000000000,0.500000000,1.226918595,1.226918595,0.229344648,0.000000000,0.000000000,218.000,63.000,63.000
1786782067918,XAUT_USDT,demo,0,stale_binance,0,0.000000000,0.500000000,0.000000000,0.000000000,0.229344648,0.000000000,0.000000000,328.000,0.000,0.000
1786782068060,XAUT_USDT,demo,0,stale_binance,0,0.000000000,0.500000000,0.000000000,0.000000000,0.229344648,0.000000000,0.000000000,470.000,54.000,54.000
1786782068184,XAUT_USDT,demo,0,stale_binance,0,0.000000000,0.500000000,0.000000000,0.000000000,0.229344648,0.000000000,0.000000000,594.000,178.000,178.000
1786782068310,XAUT_USDT,demo,0,stale_binance,0,0.000000000,0.500000000,0.000000000,0.000000000,0.229344648,0.000000000,0.000000000,720.000,51.000,51.000
1786782068433,XAUT_USDT,demo,0,stale_binance,0,0.000000000,0.500000000,0.000000000,0.000000000,0.229344648,0.000000000,0.000000000,843.000,1.000,1.000
1786782068576,XAUT_USDT,demo,0,stale_binance,0,0.000000000,0.500000000,0.000000000,0.000000000,0.229344648,0.000000000,0.000000000,986.000,59.000,59.000
1786782069392,XAUT_USDT,demo,0,microspread_below_threshold,0,0.000000000,0.500000000,1.226918595,1.226918595,0.229344648,0.000000000,0.000000000,24.000,789.000,789.000
1786782069508,XAUT_USDT,demo,0,microspread_below_threshold,0,0.000000000,0.500000000,1.226918595,1.226918595,0.229344648,0.000000000,0.000000000,140.000,905.000,905.000
1786782069634,XAUT_USDT,demo,0,microspread_below_threshold,0,0.000000000,0.500000000,1.226918595,1.226918595,0.229344648,0.000000000,0.000000000,266.000,1031.000,1031.000
1786782069757,XAUT_USDT,demo,0,stale_binance,0,0.000000000,0.500000000,0.000000000,0.000000000,0.229344648,0.000000000,0.000000000,389.000,1154.000,1154.000
1786782069883,XAUT_USDT,demo,0,stale_binance,0,0.000000000,0.500000000,0.000000000,0.000000000,0.229344648,0.000000000,0.000000000,515.000,1280.000,1280.000
1786782070008,XAUT_USDT,demo,0,stale_binance,0,0.000000000,0.500000000,0.000000000,0.000000000,0.229344648,0.000000000,0.000000000,640.000,1405.000,1405.000
1786782070131,XAUT_USDT,demo,0,stale_binance,0,0.000000000,0.500000000,0.000000000,0.000000000,0.229344648,0.000000000,0.000000000,763.000,1528.000,1528.000
1786782070256,XAUT_USDT,demo,0,stale_binance,0,0.000000000,0.500000000,0.000000000,0.000000000,0.229344648,0.000000000,0.000000000,888.000,1653.000,1653.000
1786782070380,XAUT_USDT,demo,0,stale_binance,0,0.000000000,0.500000000,0.000000000,0.000000000,0.229344648,0.000000000,0.000000000,1012.000,1777.000,1777.000
1786782070505,XAUT_USDT,demo,0,microspread_below_threshold,0,0.000000000,0.500000000,1.226918595,1.226918595,0.229344648,0.000000000,0.000000000,124.000,1902.000,1902.000
1786782073019,XAUT_USDT,demo,0,stale_binance,0,0.000000000,0.500000000,0.000000000,0.000000000,0.229344648,0.000000000,0.000000000,637.000,0.000,0.000
1786782073148,XAUT_USDT,demo,0,microspread_below_threshold,0,0.000000000,0.500000000,1.226918595,1.226918595,0.229344648,0.000000000,0.000000000,124.000,129.000,129.000
1786782073272,XAUT_USDT,demo,0,microspread_below_threshold,0,0.000000000,0.500000000,1.226918595,1.226918595,0.229344648,0.000000000,0.000000000,248.000,253.000,253.000
1786782073429,XAUT_USDT,demo,0,stale_binance,0,0.000000000,0.500000000,0.000000000,0.000000000,0.229344648,0.000000000,0.000000000,405.000,61.000,61.000
1786782073556,XAUT_USDT,demo,0,stale_binance,0,0.000000000,0.500000000,0.000000000,0.000000000,0.229344648,0.000000000,0.000000000,532.000,1.000,1.000
1786782074365,XAUT_USDT,demo,0,microspread_below_threshold,0,0.000000000,0.500000000,1.226918595,1.226918595,0.229344648,0.000000000,0.000000000,240.000,123.000,123.000
1786782074473,XAUT_USDT,demo,0,stale_binance,0,0.000000000,0.500000000,0.000000000,0.000000000,0.229344648,0.000000000,0.000000000,348.000,57.000,57.000
1786782074591,XAUT_USDT,demo,0,stale_binance,0,0.000000000,0.500000000,0.000000000,0.000000000,0.229344648,0.000000000,0.000000000,466.000,0.000,0.000
1786782074739,XAUT_USDT,demo,0,stale_binance,0,0.000000000,0.500000000,0.000000000,0.000000000,0.229344648,0.000000000,0.000000000,614.000,63.000,63.000
1786782074864,XAUT_USDT,demo,0,stale_binance,0,0.000000000,0.500000000,0.000000000,0.000000000,0.229344648,0.000000000,0.000000000,739.000,188.000,188.000
1786782074989,XAUT_USDT,demo,0,stale_binance,0,0.000000000,0.500000000,0.000000000,0.000000000,0.229344648,0.000000000,0.000000000,864.000,313.000,313.000
1786782075098,XAUT_USDT,demo,0,stale_binance,0,0.000000000,0.500000000,0.000000000,0.000000000,0.229344648,0.000000000,0.000000000,973.000,0.000,0.000
1786782075236,XAUT_USDT,demo,0,stale_binance,0,0.000000000,0.500000000,0.000000000,0.000000000,0.229344648,0.000000000,0.000000000,1111.000,138.000,138.000
1786782075355,XAUT_USDT,demo,0,stale_binance,0,0.000000000,0.500000000,0.000000000,0.000000000,0.229344648,0.000000000,0.000000000,1230.000,0.000,0.000
1786782075472,XAUT_USDT,demo,0,stale_binance,0,0.000000000,0.500000000,0.000000000,0.000000000,0.229344648,0.000000000,0.000000000,1347.000,117.000,117.000
1786782075598,XAUT_USDT,demo,0,stale_binance,0,0.000000000,0.500000000,0.000000000,0.000000000,0.229344648,0.000000000,0.000000000,1473.000,243.000,243.000
1786782075724,XAUT_USDT,demo,0,stale_binance,0,0.000000000,0.500000000,0.000000000,0.000000000,0.229344648,0.000000000,0.000000000,1599.000,369.000,369.000
1786782075850,XAUT_USDT,demo,0,stale_binance,0,0.000000000,0.500000000,0.000000000,0.000000000,0.229344648,0.000000000,0.000000000,1725.000,495.000,495.000
1786782075977,XAUT_USDT,demo,0,stale_binance,0,0.000000000,0.500000000,0.000000000,0.000000000,0.229344648,0.000000000,0.000000000,1852.000,622.000,622.000
1786782076102,XAUT_USDT,demo,0,stale_binance,0,0.000000000,0.500000000,0.000000000,0.000000000,0.229344648,0.000000000,0.000000000,1977.000,747.000,747.000
1786782076227,XAUT_USDT,demo,0,stale_binance,0,0.000000000,0.500000000,0.000000000,0.000000000,0.229344648,0.000000000,0.000000000,2102.000,872.000,872.000
1786782076354,XAUT_USDT,demo,0,stale_binance,0,0.000000000,0.500000000,0.000000000,0.000000000,0.229344648,0.000000000,0.000000000,2229.000,999.000,999.000
1786782076496,XAUT_USDT,demo,0,microspread_below_threshold,0,0.000000000,0.500000000,1.226918595,1.226918595,0.229344648,0.000000000,0.000000000,118.000,1141.000,1141.000
1786782076622,XAUT_USDT,demo,0,microspread_below_threshold,0,0.000000000,0.500000000,1.226918595,1.226918595,0.229344648,0.000000000,0.000000000,244.000,1267.000,1267.000
1786782076747,XAUT_USDT,demo,0,stale_binance,0,0.000000000,0.500000000,0.000000000,0.000000000,0.229344648,0.000000000,0.000000000,369.000,1392.000,1392.000
1786782076874,XAUT_USDT,demo,0,stale_binance,0,0.000000000,0.500000000,0.000000000,0.000000000,0.229344648,0.000000000,0.000000000,496.000,1519.000,1519.000
1786782076998,XAUT_USDT,demo,0,stale_binance,0,0.000000000,0.500000000,0.000000000,0.000000000,0.229344648,0.000000000,0.000000000,620.000,1643.000,1643.000
1786782077123,XAUT_USDT,demo,0,stale_binance,0,0.000000000,0.500000000,0.000000000,0.000000000,0.229344648,0.000000000,0.000000000,745.000,1768.000,1768.000
1786782077250,XAUT_USDT,demo,0,stale_binance,0,0.000000000,0.500000000,0.000000000,0.000000000,0.229344648,0.000000000,0.000000000,872.000,1895.000,1895.000
1786782079502,XAUT_USDT,demo,0,stale_binance,0,0.000000000,0.500000000,0.000000000,0.000000000,0.229344648,0.000000000,0.000000000,386.000,0.000,0.000
1786782079636,XAUT_USDT,demo,0,microspread_below_threshold,0,0.000000000,0.500000000,1.226918595,1.226918595,0.229344648,0.000000000,0.000000000,120.000,134.000,134.000
1786782079762,XAUT_USDT,demo,0,microspread_below_threshold,0,0.000000000,0.500000000,1.226918595,1.226918595,0.229344648,0.000000000,0.000000000,246.000,260.000,260.000
1786782079886,XAUT_USDT,demo,0,stale_binance,0,0.000000000,0.500000000,0.000000000,0.000000000,0.229344648,0.000000000,0.000000000,370.000,121.000,121.000
1786782079995,XAUT_USDT,demo,0,stale_binance,0,0.000000000,0.500000000,0.000000000,0.000000000,0.229344648,0.000000000,0.000000000,479.000,53.000,53.000
1786782080110,XAUT_USDT,demo,0,stale_binance,0,0.000000000,0.500000000,0.000000000,0.000000000,0.229344648,0.000000000,0.000000000,594.000,0.000,0.000
1786782080258,XAUT_USDT,demo,0,stale_binance,0,0.000000000,0.500000000,0.000000000,0.000000000,0.229344648,0.000000000,0.000000000,742.000,58.000,58.000
1786782080378,XAUT_USDT,demo,0,stale_binance,0,0.000000000,0.500000000,0.000000000,0.000000000,0.229344648,0.000000000,0.000000000,862.000,0.000,0.000
1786782080522,XAUT_USDT,demo,0,microspread_below_threshold,0,0.000000000,0.500000000,1.226918595,1.226918595,0.229344648,0.000000000,0.000000000,109.000,55.000,55.000
1786782080636,XAUT_USDT,demo,0,microspread_below_threshold,0,0.000000000,0.500000000,1.226918595,1.226918595,0.229344648,0.000000000,0.000000000,223.000,169.000,169.000
1786782080747,XAUT_USDT,demo,0,stale_binance,0,0.000000000,0.500000000,0.000000000,0.000000000,0.229344648,0.000000000,0.000000000,334.000,280.000,280.000
1786782080868,XAUT_USDT,demo,0,stale_binance,0,0.000000000,0.500000000,0.000000000,0.000000000,0.229344648,0.000000000,0.000000000,455.000,401.000,401.000
1786782080987,XAUT_USDT,demo,0,stale_binance,0,0.000000000,0.500000000,0.000000000,0.000000000,0.229344648,0.000000000,0.000000000,574.000,520.000,520.000
1786782081111,XAUT_USDT,demo,0,stale_binance,0,0.000000000,0.500000000,0.000000000,0.000000000,0.229344648,0.000000000,0.000000000,698.000,644.000,644.000
1786782081236,XAUT_USDT,demo,0,stale_binance,0,0.000000000,0.500000000,0.000000000,0.000000000,0.229344648,0.000000000,0.000000000,823.000,769.000,769.000
1786782081361,XAUT_USDT,demo,0,stale_binance,0,0.000000000,0.500000000,0.000000000,0.000000000,0.229344648,0.000000000,0.000000000,948.000,894.000,894.000
1786782081485,XAUT_USDT,demo,0,stale_binance,0,0.000000000,0.500000000,0.000000000,0.000000000,0.229344648,0.000000000,0.000000000,1072.000,1018.000,1018.000
1786782081609,XAUT_USDT,demo,0,stale_binance,0,0.000000000,0.500000000,0.000000000,0.000000000,0.229344648,0.000000000,0.000000000,1196.000,1142.000,1142.000
1786782081733,XAUT_USDT,demo,0,stale_binance,0,0.000000000,0.500000000,0.000000000,0.000000000,0.229344648,0.000000000,0.000000000,1320.000,1266.000,1266.000
1786782081860,XAUT_USDT,demo,0,stale_binance,0,0.000000000,0.500000000,0.000000000,0.000000000,0.229344648,0.000000000,0.000000000,1447.000,1393.000,1393.000
1786782081985,XAUT_USDT,demo,0,stale_binance,0,0.000000000,0.500000000,0.000000000,0.000000000,0.229344648,0.000000000,0.000000000,1572.000,1518.000,1518.000
1786782082108,XAUT_USDT,demo,0,stale_binance,0,0.000000000,0.500000000,0.000000000,0.000000000,0.229344648,0.000000000,0.000000000,1695.000,1641.000,1641.000
1786782082231,XAUT_USDT,demo,0,stale_binance,0,0.000000000,0.500000000,0.000000000,0.000000000,0.229344648,0.000000000,0.000000000,1818.000,1764.000,1764.000
1786782082353,XAUT_USDT,demo,0,stale_binance,0,0.000000000,0.500000000,0.000000000,0.000000000,0.229344648,0.000000000,0.000000000,1940.000,1886.000,1886.000
1786782086086,XAUT_USDT,demo,0,stale_binance,0,0.000000000,0.500000000,0.000000000,0.000000000,0.229344648,0.000000000,0.000000000,1204.000,0.000,0.000
1786782086201,XAUT_USDT,demo,0,stale_binance,0,0.000000000,0.500000000,0.000000000,0.000000000,0.229344648,0.000000000,0.000000000,1319.000,115.000,115.000
1786782086349,XAUT_USDT,demo,0,stale_binance,0,0.000000000,0.500000000,0.000000000,0.000000000,0.229344648,0.000000000,0.000000000,1467.000,0.000,0.000
1786782086496,XAUT_USDT,demo,0,microspread_below_threshold,0,0.000000000,0.500000000,1.226918595,1.226918595,0.229344648,0.000000000,0.000000000,0.000,147.000,147.000
1786782086654,XAUT_USDT,demo,0,microspread_below_threshold,0,0.000000000,0.500000000,1.226918595,1.226918595,0.229344648,0.000000000,0.000000000,156.000,128.000,128.000
1786782086783,XAUT_USDT,demo,0,microspread_below_threshold,0,0.000000000,0.500000000,1.226918595,1.226918595,0.229344648,0.000000000,0.000000000,285.000,0.000,0.000
1786782086935,XAUT_USDT,demo,0,stale_binance,0,0.000000000,0.500000000,0.000000000,0.000000000,0.229344648,0.000000000,0.000000000,437.000,61.000,61.000
1786782087076,XAUT_USDT,demo,0,stale_binance,0,0.000000000,0.500000000,0.000000000,0.000000000,0.229344648,0.000000000,0.000000000,578.000,113.000,113.000
1786782087199,XAUT_USDT,demo,0,stale_binance,0,0.000000000,0.500000000,0.000000000,0.000000000,0.229344648,0.000000000,0.000000000,701.000,62.000,62.000
1786782087309,XAUT_USDT,demo,0,stale_binance,0,0.000000000,0.500000000,0.000000000,0.000000000,0.229344648,0.000000000,0.000000000,811.000,65.000,65.000
1786782087464,XAUT_USDT,demo,0,stale_binance,0,0.000000000,0.500000000,0.000000000,0.000000000,0.229344648,0.000000000,0.000000000,966.000,59.000,59.000
1786782087579,XAUT_USDT,demo,0,microspread_below_threshold,0,0.000000000,0.500000000,1.226918595,1.226918595,0.229344648,0.000000000,0.000000000,80.000,0.000,0.000
1786782087730,XAUT_USDT,demo,0,microspread_below_threshold,0,0.000000000,0.500000000,1.226918595,1.226918595,0.229344648,0.000000000,0.000000000,231.000,64.000,64.000
1786782087855,XAUT_USDT,demo,0,stale_binance,0,0.000000000,0.500000000,0.000000000,0.000000000,0.229344648,0.000000000,0.000000000,356.000,189.000,189.000
1786782087980,XAUT_USDT,demo,0,stale_binance,0,0.000000000,0.500000000,0.000000000,0.000000000,0.229344648,0.000000000,0.000000000,481.000,314.000,314.000
1786782088106,XAUT_USDT,demo,0,stale_binance,0,0.000000000,0.500000000,0.000000000,0.000000000,0.229344648,0.000000000,0.000000000,607.000,440.000,440.000
1786782088229,XAUT_USDT,demo,0,stale_binance,0,0.000000000,0.500000000,0.000000000,0.000000000,0.229344648,0.000000000,0.000000000,730.000,563.000,563.000
1786782088354,XAUT_USDT,demo,0,stale_binance,0,0.000000000,0.500000000,0.000000000,0.000000000,0.229344648,0.000000000,0.000000000,855.000,688.000,688.000
1786782088479,XAUT_USDT,demo,0,stale_binance,0,0.000000000,0.500000000,0.000000000,0.000000000,0.229344648,0.000000000,0.000000000,980.000,813.000,813.000
1786782088603,XAUT_USDT,demo,0,stale_binance,0,0.000000000,0.500000000,0.000000000,0.000000000,0.229344648,0.000000000,0.000000000,1104.000,937.000,937.000
1786782088727,XAUT_USDT,demo,0,stale_binance,0,0.000000000,0.500000000,0.000000000,0.000000000,0.229344648,0.000000000,0.000000000,-649.000,1061.000,1061.000
1786782089403,XAUT_USDT,demo,0,microspread_below_threshold,0,0.000000000,0.500000000,1.226918595,1.226918595,0.229344648,0.000000000,0.000000000,27.000,1737.000,1737.000
1786782089524,XAUT_USDT,demo,0,microspread_below_threshold,0,0.000000000,0.500000000,1.226918595,1.226918595,0.229344648,0.000000000,0.000000000,148.000,1858.000,1858.000
1786782089648,XAUT_USDT,demo,0,microspread_below_threshold,0,0.000000000,0.500000000,1.226918595,1.226918595,0.229344648,0.000000000,0.000000000,272.000,1982.000,1982.000
1786782092758,XAUT_USDT,demo,0,stale_binance,0,0.000000000,0.500000000,0.000000000,0.000000000,0.229344648,0.000000000,0.000000000,571.000,1.000,1.000
1786782092912,XAUT_USDT,demo,0,stale_binance,0,0.000000000,0.500000000,0.000000000,0.000000000,0.229344648,0.000000000,0.000000000,725.000,65.000,65.000
1786782093038,XAUT_USDT,demo,0,stale_binance,0,0.000000000,0.500000000,0.000000000,0.000000000,0.229344648,0.000000000,0.000000000,851.000,191.000,191.000
1786782093164,XAUT_USDT,demo,0,stale_binance,0,0.000000000,0.500000000,0.000000000,0.000000000,0.229344648,0.000000000,0.000000000,977.000,59.000,59.000
1786782093319,XAUT_USDT,demo,0,stale_binance,0,0.000000000,0.500000000,0.000000000,0.000000000,0.229344648,0.000000000,0.000000000,1132.000,124.000,124.000
1786782093446,XAUT_USDT,demo,0,microspread_below_threshold,0,0.000000000,0.500000000,1.226918595,1.226918595,0.229344648,0.000000000,0.000000000,84.000,64.000,64.000
1786782093565,XAUT_USDT,demo,0,microspread_below_threshold,0,0.000000000,0.500000000,1.226918595,1.226918595,0.229344648,0.000000000,0.000000000,203.000,106.000,106.000
1786782093688,XAUT_USDT,demo,0,stale_binance,0,0.000000000,0.500000000,0.000000000,0.000000000,0.229344648,0.000000000,0.000000000,326.000,53.000,53.000
1786782094462,XAUT_USDT,demo,0,stale_binance,0,0.000000000,0.500000000,0.000000000,0.000000000,0.229344648,0.000000000,0.000000000,1100.000,657.000,657.000
1786782094598,XAUT_USDT,demo,0,microspread_below_threshold,0,0.000000000,0.500000000,1.226918595,1.226918595,0.229344648,0.000000000,0.000000000,126.000,793.000,793.000
1786782094723,XAUT_USDT,demo,0,microspread_below_threshold,0,0.000000000,0.500000000,1.226918595,1.226918595,0.229344648,0.000000000,0.000000000,251.000,918.000,918.000
1786782094848,XAUT_USDT,demo,0,stale_binance,0,0.000000000,0.500000000,0.000000000,0.000000000,0.229344648,0.000000000,0.000000000,376.000,1043.000,1043.000
1786782094973,XAUT_USDT,demo,0,stale_binance,0,0.000000000,0.500000000,0.000000000,0.000000000,0.229344648,0.000000000,0.000000000,501.000,1168.000,1168.000
1786782095097,XAUT_USDT,demo,0,stale_binance,0,0.000000000,0.500000000,0.000000000,0.000000000,0.229344648,0.000000000,0.000000000,625.000,1292.000,1292.000
1786782095222,XAUT_USDT,demo,0,stale_binance,0,0.000000000,0.500000000,0.000000000,0.000000000,0.229344648,0.000000000,0.000000000,750.000,1417.000,1417.000
1786782095323,XAUT_USDT,demo,0,microspread_below_threshold,0,0.000000000,0.500000000,1.226918595,1.226918595,0.229344648,0.000000000,0.000000000,1.000,1518.000,1518.000
1786782095440,XAUT_USDT,demo,0,microspread_below_threshold,0,0.000000000,0.500000000,1.226918595,1.226918595,0.229344648,0.000000000,0.000000000,115.000,1635.000,1635.000
1786782095553,XAUT_USDT,demo,0,microspread_below_threshold,0,0.000000000,0.500000000,1.226918595,1.226918595,0.229344648,0.000000000,0.000000000,228.000,1748.000,1748.000
1786782095665,XAUT_USDT,demo,0,stale_binance,0,0.000000000,0.500000000,0.000000000,0.000000000,0.229344648,0.000000000,0.000000000,340.000,1860.000,1860.000
1786782095777,XAUT_USDT,demo,0,stale_binance,0,0.000000000,0.500000000,0.000000000,0.000000000,0.229344648,0.000000000,0.000000000,452.000,1972.000,1972.000
1786782099431,XAUT_USDT,demo,0,stale_binance,0,0.000000000,0.500000000,0.000000000,0.000000000,0.229344648,0.000000000,0.000000000,624.000,0.000,0.000
1786782099553,XAUT_USDT,demo,0,stale_binance,0,0.000000000,0.500000000,0.000000000,0.000000000,0.229344648,0.000000000,0.000000000,746.000,122.000,122.000
1786782099679,XAUT_USDT,demo,0,stale_binance,0,0.000000000,0.500000000,0.000000000,0.000000000,0.229344648,0.000000000,0.000000000,872.000,248.000,248.000
1786782099780,XAUT_USDT,demo,0,stale_binance,0,0.000000000,0.500000000,0.000000000,0.000000000,0.229344648,0.000000000,0.000000000,973.000,0.000,0.000
1786782099928,XAUT_USDT,demo,0,stale_binance,0,0.000000000,0.500000000,0.000000000,0.000000000,0.229344648,0.000000000,0.000000000,1121.000,60.000,60.000
1786782100044,XAUT_USDT,demo,0,microspread_below_threshold,0,0.000000000,0.500000000,1.226918595,1.226918595,0.229344648,0.000000000,0.000000000,106.000,0.000,0.000
1786782100147,XAUT_USDT,demo,0,microspread_below_threshold,0,0.000000000,0.500000000,1.226918595,1.226918595,0.229344648,0.000000000,0.000000000,209.000,0.000,0.000
1786782100273,XAUT_USDT,demo,0,stale_binance,0,0.000000000,0.500000000,0.000000000,0.000000000,0.229344648,0.000000000,0.000000000,335.000,126.000,126.000
1786782100384,XAUT_USDT,demo,0,stale_binance,0,0.000000000,0.500000000,0.000000000,0.000000000,0.229344648,0.000000000,0.000000000,446.000,0.000,0.000
1786782100528,XAUT_USDT,demo,0,stale_binance,0,0.000000000,0.500000000,0.000000000,0.000000000,0.229344648,0.000000000,0.000000000,590.000,55.000,55.000
1786782100640,XAUT_USDT,demo,0,stale_binance,0,0.000000000,0.500000000,0.000000000,0.000000000,0.229344648,0.000000000,0.000000000,702.000,167.000,167.000
1786782100748,XAUT_USDT,demo,0,stale_binance,0,0.000000000,0.500000000,0.000000000,0.000000000,0.229344648,0.000000000,0.000000000,810.000,0.000,0.000
1786782100884,XAUT_USDT,demo,0,stale_binance,0,0.000000000,0.500000000,0.000000000,0.000000000,0.229344648,0.000000000,0.000000000,946.000,61.000,61.000
1786782100993,XAUT_USDT,demo,0,stale_binance,0,0.000000000,0.500000000,0.000000000,0.000000000,0.229344648,0.000000000,0.000000000,1055.000,0.000,0.000
1786782101118,XAUT_USDT,demo,0,stale_binance,0,0.000000000,0.500000000,0.000000000,0.000000000,0.229344648,0.000000000,0.000000000,1180.000,125.000,125.000
1786782101243,XAUT_USDT,demo,0,stale_binance,0,0.000000000,0.500000000,0.000000000,0.000000000,0.229344648,0.000000000,0.000000000,1305.000,250.000,250.000
1786782101369,XAUT_USDT,demo,0,stale_binance,0,0.000000000,0.500000000,0.000000000,0.000000000,0.229344648,0.000000000,0.000000000,1431.000,376.000,376.000
1786782101493,XAUT_USDT,demo,0,stale_binance,0,0.000000000,0.500000000,0.000000000,0.000000000,0.229344648,0.000000000,0.000000000,1555.000,500.000,500.000
1786782101618,XAUT_USDT,demo,0,stale_binance,0,0.000000000,0.500000000,0.000000000,0.000000000,0.229344648,0.000000000,0.000000000,1680.000,625.000,625.000
1786782101742,XAUT_USDT,demo,0,stale_binance,0,0.000000000,0.500000000,0.000000000,0.000000000,0.229344648,0.000000000,0.000000000,1804.000,749.000,749.000
1786782101866,XAUT_USDT,demo,0,stale_binance,0,0.000000000,0.500000000,0.000000000,0.000000000,0.229344648,0.000000000,0.000000000,1928.000,873.000,873.000
1786782101991,XAUT_USDT,demo,0,stale_binance,0,0.000000000,0.500000000,0.000000000,0.000000000,0.229344648,0.000000000,0.000000000,2053.000,998.000,998.000
1786782102116,XAUT_USDT,demo,0,stale_binance,0,0.000000000,0.500000000,0.000000000,0.000000000,0.229344648,0.000000000,0.000000000,2178.000,1123.000,1123.000
1786782102244,XAUT_USDT,demo,0,stale_binance,0,0.000000000,0.500000000,0.000000000,0.000000000,0.229344648,0.000000000,0.000000000,2306.000,1251.000,1251.000
1786782102368,XAUT_USDT,demo,0,stale_binance,0,0.000000000,0.500000000,0.000000000,0.000000000,0.229344648,0.000000000,0.000000000,2430.000,1375.000,1375.000
1786782102492,XAUT_USDT,demo,0,stale_binance,0,0.000000000,0.500000000,0.000000000,0.000000000,0.229344648,0.000000000,0.000000000,2554.000,1499.000,1499.000
1786782102592,XAUT_USDT,demo,0,microspread_below_threshold,0,0.000000000,0.500000000,1.226918595,1.226918595,0.229344648,0.000000000,0.000000000,0.000,1599.000,1599.000
1786782102711,XAUT_USDT,demo,0,microspread_below_threshold,0,0.000000000,0.500000000,1.226918595,1.226918595,0.229344648,0.000000000,0.000000000,118.000,1718.000,1718.000
1786782102836,XAUT_USDT,demo,0,microspread_below_threshold,0,0.000000000,0.500000000,1.226918595,1.226918595,0.229344648,0.000000000,0.000000000,243.000,1843.000,1843.000
1786782102961,XAUT_USDT,demo,0,stale_binance,0,0.000000000,0.500000000,0.000000000,0.000000000,0.229344648,0.000000000,0.000000000,368.000,1968.000,1968.000
1786782105797,XAUT_USDT,demo,0,microspread_below_threshold,0,0.000000000,0.500000000,1.226918595,1.226918595,0.229344648,0.000000000,0.000000000,131.000,0.000,0.000
1786782105940,XAUT_USDT,demo,0,microspread_below_threshold,0,0.000000000,0.500000000,1.226918595,1.226918595,0.229344648,0.000000000,0.000000000,274.000,53.000,53.000
1786782106065,XAUT_USDT,demo,0,stale_binance,0,0.000000000,0.500000000,0.000000000,0.000000000,0.229344648,0.000000000,0.000000000,399.000,178.000,178.000
1786782106175,XAUT_USDT,demo,0,stale_binance,0,0.000000000,0.500000000,0.000000000,0.000000000,0.229344648,0.000000000,0.000000000,509.000,0.000,0.000
1786782106275,XAUT_USDT,demo,0,microspread_below_threshold,0,0.000000000,0.500000000,1.226918595,1.226918595,0.229344648,0.000000000,0.000000000,0.000,27.000,27.000
1786782106393,XAUT_USDT,demo,0,microspread_below_threshold,0,0.000000000,0.500000000,1.226918595,1.226918595,0.229344648,0.000000000,0.000000000,117.000,145.000,145.000
1786782106501,XAUT_USDT,demo,0,microspread_below_threshold,0,0.000000000,0.500000000,1.226918595,1.226918595,0.229344648,0.000000000,0.000000000,225.000,0.000,0.000
1786782106627,XAUT_USDT,demo,0,stale_binance,0,0.000000000,0.500000000,0.000000000,0.000000000,0.229344648,0.000000000,0.000000000,351.000,126.000,126.000
1786782106752,XAUT_USDT,demo,0,stale_binance,0,0.000000000,0.500000000,0.000000000,0.000000000,0.229344648,0.000000000,0.000000000,476.000,251.000,251.000
1786782106857,XAUT_USDT,demo,0,stale_binance,0,0.000000000,0.500000000,0.000000000,0.000000000,0.229344648,0.000000000,0.000000000,581.000,1.000,1.000
1786782106987,XAUT_USDT,demo,0,stale_binance,0,0.000000000,0.500000000,0.000000000,0.000000000,0.229344648,0.000000000,0.000000000,711.000,131.000,131.000
1786782107111,XAUT_USDT,demo,0,stale_binance,0,0.000000000,0.500000000,0.000000000,0.000000000,0.229344648,0.000000000,0.000000000,835.000,255.000,255.000
1786782107236,XAUT_USDT,demo,0,stale_binance,0,0.000000000,0.500000000,0.000000000,0.000000000,0.229344648,0.000000000,0.000000000,960.000,380.000,380.000
1786782107362,XAUT_USDT,demo,0,stale_binance,0,0.000000000,0.500000000,0.000000000,0.000000000,0.229344648,0.000000000,0.000000000,1086.000,506.000,506.000
1786782107486,XAUT_USDT,demo,0,microspread_below_threshold,0,0.000000000,0.500000000,1.226918595,1.226918595,0.229344648,0.000000000,0.000000000,59.000,630.000,630.000
1786782107610,XAUT_USDT,demo,0,microspread_below_threshold,0,0.000000000,0.500000000,1.226918595,1.226918595,0.229344648,0.000000000,0.000000000,183.000,754.000,754.000
1786782107735,XAUT_USDT,demo,0,stale_binance,0,0.000000000,0.500000000,0.000000000,0.000000000,0.229344648,0.000000000,0.000000000,308.000,879.000,879.000
1786782107860,XAUT_USDT,demo,0,stale_binance,0,0.000000000,0.500000000,0.000000000,0.000000000,0.229344648,0.000000000,0.000000000,433.000,1004.000,1004.000
1786782107983,XAUT_USDT,demo,0,stale_binance,0,0.000000000,0.500000000,0.000000000,0.000000000,0.229344648,0.000000000,0.000000000,556.000,1127.000,1127.000
1786782108108,XAUT_USDT,demo,0,stale_binance,0,0.000000000,0.500000000,0.000000000,0.000000000,0.229344648,0.000000000,0.000000000,681.000,1252.000,1252.000
1786782108236,XAUT_USDT,demo,0,stale_binance,0,0.000000000,0.500000000,0.000000000,0.000000000,0.229344648,0.000000000,0.000000000,809.000,1380.000,1380.000
1786782108361,XAUT_USDT,demo,0,stale_binance,0,0.000000000,0.500000000,0.000000000,0.000000000,0.229344648,0.000000000,0.000000000,934.000,1505.000,1505.000
1786782108485,XAUT_USDT,demo,0,stale_binance,0,0.000000000,0.500000000,0.000000000,0.000000000,0.229344648,0.000000000,0.000000000,1058.000,1629.000,1629.000
1786782108610,XAUT_USDT,demo,0,stale_binance,0,0.000000000,0.500000000,0.000000000,0.000000000,0.229344648,0.000000000,0.000000000,1183.000,1754.000,1754.000
1786782108727,XAUT_USDT,demo,0,stale_binance,0,0.000000000,0.500000000,0.000000000,0.000000000,0.229344648,0.000000000,0.000000000,1300.000,1871.000,1871.000
1786782108840,XAUT_USDT,demo,0,stale_binance,0,0.000000000,0.500000000,0.000000000,0.000000000,0.229344648,0.000000000,0.000000000,-529.000,1984.000,1984.000
1786782112626,XAUT_USDT,demo,0,stale_binance,0,0.000000000,0.500000000,0.000000000,0.000000000,0.229344648,0.000000000,0.000000000,1185.000,0.000,0.000
1786782112769,XAUT_USDT,demo,0,stale_binance,0,0.000000000,0.500000000,0.000000000,0.000000000,0.229344648,0.000000000,0.000000000,1328.000,53.000,53.000
1786782112894,XAUT_USDT,demo,0,stale_binance,0,0.000000000,0.500000000,0.000000000,0.000000000,0.229344648,0.000000000,0.000000000,1453.000,178.000,178.000
1786782113049,XAUT_USDT,demo,0,stale_binance,0,0.000000000,0.500000000,0.000000000,0.000000000,0.229344648,0.000000000,0.000000000,1608.000,59.000,59.000
1786782113174,XAUT_USDT,demo,0,stale_binance,0,0.000000000,0.500000000,0.000000000,0.000000000,0.229344648,0.000000000,0.000000000,1733.000,184.000,184.000
1786782113298,XAUT_USDT,demo,0,stale_binance,0,0.000000000,0.500000000,0.000000000,0.000000000,0.229344648,0.000000000,0.000000000,1857.000,63.000,63.000
1786782113424,XAUT_USDT,demo,0,microspread_below_threshold,0,0.000000000,0.500000000,1.226918595,1.226918595,0.229344648,0.000000000,0.000000000,57.000,101.000,101.000
1786782113564,XAUT_USDT,demo,0,microspread_below_threshold,0,0.000000000,0.500000000,1.226918595,1.226918595,0.229344648,0.000000000,0.000000000,197.000,60.000,60.000
1786782113705,XAUT_USDT,demo,0,stale_binance,0,0.000000000,0.500000000,0.000000000,0.000000000,0.229344648,0.000000000,0.000000000,338.000,118.000,118.000
1786782113816,XAUT_USDT,demo,0,stale_binance,0,0.000000000,0.500000000,0.000000000,0.000000000,0.229344648,0.000000000,0.000000000,449.000,229.000,229.000
1786782114501,XAUT_USDT,demo,0,microspread_below_threshold,0,0.000000000,0.500000000,1.226918595,1.226918595,0.229344648,0.000000000,0.000000000,121.000,131.000,131.000
1786782114616,XAUT_USDT,demo,0,microspread_below_threshold,0,0.000000000,0.500000000,1.226918595,1.226918595,0.229344648,0.000000000,0.000000000,236.000,246.000,246.000
1786782114741,XAUT_USDT,demo,0,stale_binance,0,0.000000000,0.500000000,0.000000000,0.000000000,0.229344648,0.000000000,0.000000000,361.000,371.000,371.000
1786782114866,XAUT_USDT,demo,0,stale_binance,0,0.000000000,0.500000000,0.000000000,0.000000000,0.229344648,0.000000000,0.000000000,486.000,496.000,496.000
1786782114990,XAUT_USDT,demo,0,stale_binance,0,0.000000000,0.500000000,0.000000000,0.000000000,0.229344648,0.000000000,0.000000000,610.000,620.000,620.000
1786782115115,XAUT_USDT,demo,0,stale_binance,0,0.000000000,0.500000000,0.000000000,0.000000000,0.229344648,0.000000000,0.000000000,735.000,745.000,745.000
1786782115241,XAUT_USDT,demo,0,stale_binance,0,0.000000000,0.500000000,0.000000000,0.000000000,0.229344648,0.000000000,0.000000000,861.000,871.000,871.000
1786782115366,XAUT_USDT,demo,0,stale_binance,0,0.000000000,0.500000000,0.000000000,0.000000000,0.229344648,0.000000000,0.000000000,986.000,996.000,996.000
1786782115489,XAUT_USDT,demo,0,stale_binance,0,0.000000000,0.500000000,0.000000000,0.000000000,0.229344648,0.000000000,0.000000000,1109.000,1119.000,1119.000
1786782115615,XAUT_USDT,demo,0,microspread_below_threshold,0,0.000000000,0.500000000,1.226918595,1.226918595,0.229344648,0.000000000,0.000000000,61.000,1245.000,1245.000
1786782115738,XAUT_USDT,demo,0,microspread_below_threshold,0,0.000000000,0.500000000,1.226918595,1.226918595,0.229344648,0.000000000,0.000000000,184.000,1368.000,1368.000
1786782115843,XAUT_USDT,demo,0,microspread_below_threshold,0,0.000000000,0.500000000,1.226918595,1.226918595,0.229344648,0.000000000,0.000000000,289.000,1473.000,1473.000
1786782115961,XAUT_USDT,demo,0,stale_binance,0,0.000000000,0.500000000,0.000000000,0.000000000,0.229344648,0.000000000,0.000000000,407.000,1591.000,1591.000
1786782116087,XAUT_USDT,demo,0,stale_binance,0,0.000000000,0.500000000,0.000000000,0.000000000,0.229344648,0.000000000,0.000000000,533.000,1717.000,1717.000
1786782116211,XAUT_USDT,demo,0,stale_binance,0,0.000000000,0.500000000,0.000000000,0.000000000,0.229344648,0.000000000,0.000000000,657.000,1841.000,1841.000
1786782116336,XAUT_USDT,demo,0,stale_binance,0,0.000000000,0.500000000,0.000000000,0.000000000,0.229344648,0.000000000,0.000000000,782.000,1966.000,1966.000
1786782119512,XAUT_USDT,demo,0,stale_binance,0,0.000000000,0.500000000,0.000000000,0.000000000,0.229344648,0.000000000,0.000000000,931.000,133.000,133.000
1786782119636,XAUT_USDT,demo,0,microspread_below_threshold,0,0.000000000,0.500000000,1.226918595,1.226918595,0.229344648,0.000000000,0.000000000,52.000,82.000,82.000
1786782119777,XAUT_USDT,demo,0,microspread_below_threshold,0,0.000000000,0.500000000,1.226918595,1.226918595,0.229344648,0.000000000,0.000000000,193.000,128.000,128.000
1786782119908,XAUT_USDT,demo,0,stale_binance,0,0.000000000,0.500000000,0.000000000,0.000000000,0.229344648,0.000000000,0.000000000,324.000,0.000,0.000
1786782120028,XAUT_USDT,demo,0,stale_binance,0,0.000000000,0.500000000,0.000000000,0.000000000,0.229344648,0.000000000,0.000000000,444.000,120.000,120.000
1786782120153,XAUT_USDT,demo,0,stale_binance,0,0.000000000,0.500000000,0.000000000,0.000000000,0.229344648,0.000000000,0.000000000,569.000,51.000,51.000
1786782120263,XAUT_USDT,demo,0,stale_binance,0,0.000000000,0.500000000,0.000000000,0.000000000,0.229344648,0.000000000,0.000000000,679.000,56.000,56.000
1786782120388,XAUT_USDT,demo,0,stale_binance,0,0.000000000,0.500000000,0.000000000,0.000000000,0.229344648,0.000000000,0.000000000,804.000,181.000,181.000
1786782120513,XAUT_USDT,demo,0,stale_binance,0,0.000000000,0.500000000,0.000000000,0.000000000,0.229344648,0.000000000,0.000000000,929.000,306.000,306.000
1786782120623,XAUT_USDT,demo,0,microspread_below_threshold,0,0.000000000,0.500000000,1.226918595,1.226918595,0.229344648,0.000000000,0.000000000,0.000,416.000,416.000
1786782120738,XAUT_USDT,demo,0,microspread_below_threshold,0,0.000000000,0.500000000,1.226918595,1.226918595,0.229344648,0.000000000,0.000000000,114.000,531.000,531.000
1786782120857,XAUT_USDT,demo,0,microspread_below_threshold,0,0.000000000,0.500000000,1.226918595,1.226918595,0.229344648,0.000000000,0.000000000,233.000,650.000,650.000
1786782120981,XAUT_USDT,demo,0,stale_binance,0,0.000000000,0.500000000,0.000000000,0.000000000,0.229344648,0.000000000,0.000000000,357.000,774.000,774.000
1786782121120,XAUT_USDT,demo,0,microspread_below_threshold,0,0.000000000,0.500000000,1.226918595,1.226918595,0.229344648,0.000000000,0.000000000,55.000,913.000,913.000
1786782121246,XAUT_USDT,demo,0,microspread_below_threshold,0,0.000000000,0.500000000,1.226918595,1.226918595,0.229344648,0.000000000,0.000000000,181.000,1039.000,1039.000
1786782121371,XAUT_USDT,demo,0,stale_binance,0,0.000000000,0.500000000,0.000000000,0.000000000,0.229344648,0.000000000,0.000000000,306.000,1164.000,1164.000
1786782121496,XAUT_USDT,demo,0,stale_binance,0,0.000000000,0.500000000,0.000000000,0.000000000,0.229344648,0.000000000,0.000000000,431.000,1289.000,1289.000
1786782121636,XAUT_USDT,demo,0,microspread_below_threshold,0,0.000000000,0.500000000,1.226918595,1.226918595,0.229344648,0.000000000,0.000000000,62.000,1429.000,1429.000
1786782121760,XAUT_USDT,demo,0,microspread_below_threshold,0,0.000000000,0.500000000,1.226918595,1.226918595,0.229344648,0.000000000,0.000000000,186.000,1553.000,1553.000
1786782121885,XAUT_USDT,demo,0,stale_binance,0,0.000000000,0.500000000,0.000000000,0.000000000,0.229344648,0.000000000,0.000000000,311.000,1678.000,1678.000
1786782122011,XAUT_USDT,demo,0,stale_binance,0,0.000000000,0.500000000,0.000000000,0.000000000,0.229344648,0.000000000,0.000000000,437.000,1804.000,1804.000
1786782122135,XAUT_USDT,demo,0,stale_binance,0,0.000000000,0.500000000,0.000000000,0.000000000,0.229344648,0.000000000,0.000000000,561.000,1928.000,1928.000
1786782125906,XAUT_USDT,demo,0,stale_binance,0,0.000000000,0.500000000,0.000000000,0.000000000,0.229344648,0.000000000,0.000000000,311.000,0.000,0.000
1786782126027,XAUT_USDT,demo,0,stale_binance,0,0.000000000,0.500000000,0.000000000,0.000000000,0.229344648,0.000000000,0.000000000,432.000,121.000,121.000
1786782126138,XAUT_USDT,demo,0,stale_binance,0,0.000000000,0.500000000,0.000000000,0.000000000,0.229344648,0.000000000,0.000000000,543.000,54.000,54.000
1786782126261,XAUT_USDT,demo,0,stale_binance,0,0.000000000,0.500000000,0.000000000,0.000000000,0.229344648,0.000000000,0.000000000,666.000,0.000,0.000
1786782126405,XAUT_USDT,demo,0,stale_binance,0,0.000000000,0.500000000,0.000000000,0.000000000,0.229344648,0.000000000,0.000000000,810.000,57.000,57.000
1786782126530,XAUT_USDT,demo,0,stale_binance,0,0.000000000,0.500000000,0.000000000,0.000000000,0.229344648,0.000000000,0.000000000,935.000,182.000,182.000
1786782126670,XAUT_USDT,demo,0,stale_binance,0,0.000000000,0.500000000,0.000000000,0.000000000,0.229344648,0.000000000,0.000000000,1075.000,57.000,57.000
1786782126789,XAUT_USDT,demo,0,stale_binance,0,0.000000000,0.500000000,0.000000000,0.000000000,0.229344648,0.000000000,0.000000000,1194.000,176.000,176.000
1786782126933,XAUT_USDT,demo,0,stale_binance,0,0.000000000,0.500000000,0.000000000,0.000000000,0.229344648,0.000000000,0.000000000,1338.000,58.000,58.000
1786782127043,XAUT_USDT,demo,0,stale_binance,0,0.000000000,0.500000000,0.000000000,0.000000000,0.229344648,0.000000000,0.000000000,1448.000,168.000,168.000
1786782127188,XAUT_USDT,demo,0,stale_binance,0,0.000000000,0.500000000,0.000000000,0.000000000,0.229344648,0.000000000,0.000000000,1593.000,54.000,54.000
1786782127316,XAUT_USDT,demo,0,stale_binance,0,0.000000000,0.500000000,0.000000000,0.000000000,0.229344648,0.000000000,0.000000000,1721.000,0.000,0.000
1786782127472,XAUT_USDT,demo,0,microspread_below_threshold,0,0.000000000,0.500000000,1.226918595,1.226918595,0.229344648,0.000000000,0.000000000,113.000,156.000,156.000
1786782127628,XAUT_USDT,demo,0,microspread_below_threshold,0,0.000000000,0.500000000,1.226918595,1.226918595,0.229344648,0.000000000,0.000000000,269.000,57.000,57.000
1786782127754,XAUT_USDT,demo,0,stale_binance,0,0.000000000,0.500000000,0.000000000,0.000000000,0.229344648,0.000000000,0.000000000,395.000,183.000,183.000
1786782127879,XAUT_USDT,demo,0,stale_binance,0,0.000000000,0.500000000,0.000000000,0.000000000,0.229344648,0.000000000,0.000000000,520.000,308.000,308.000
1786782128005,XAUT_USDT,demo,0,stale_binance,0,0.000000000,0.500000000,0.000000000,0.000000000,0.229344648,0.000000000,0.000000000,646.000,434.000,434.000
1786782128130,XAUT_USDT,demo,0,stale_binance,0,0.000000000,0.500000000,0.000000000,0.000000000,0.229344648,0.000000000,0.000000000,771.000,559.000,559.000
1786782128255,XAUT_USDT,demo,0,stale_binance,0,0.000000000,0.500000000,0.000000000,0.000000000,0.229344648,0.000000000,0.000000000,896.000,684.000,684.000
1786782128370,XAUT_USDT,demo,0,microspread_below_threshold,0,0.000000000,0.500000000,1.226918595,1.226918595,0.229344648,0.000000000,0.000000000,0.000,799.000,799.000
1786782128487,XAUT_USDT,demo,0,microspread_below_threshold,0,0.000000000,0.500000000,1.226918595,1.226918595,0.229344648,0.000000000,0.000000000,115.000,916.000,916.000
1786782128612,XAUT_USDT,demo,0,microspread_below_threshold,0,0.000000000,0.500000000,1.226918595,1.226918595,0.229344648,0.000000000,0.000000000,240.000,1041.000,1041.000
1786782128737,XAUT_USDT,demo,0,stale_binance,0,0.000000000,0.500000000,0.000000000,0.000000000,0.229344648,0.000000000,0.000000000,365.000,1166.000,1166.000
1786782128856,XAUT_USDT,demo,0,stale_binance,0,0.000000000,0.500000000,0.000000000,0.000000000,0.229344648,0.000000000,0.000000000,484.000,1285.000,1285.000
1786782128966,XAUT_USDT,demo,0,stale_binance,0,0.000000000,0.500000000,0.000000000,0.000000000,0.229344648,0.000000000,0.000000000,-421.000,1395.000,1395.000
1786782132863,XAUT_USDT,demo,0,stale_binance,0,0.000000000,0.500000000,0.000000000,0.000000000,0.229344648,0.000000000,0.000000000,331.000,0.000,0.000
1786782133011,XAUT_USDT,demo,0,stale_binance,0,0.000000000,0.500000000,0.000000000,0.000000000,0.229344648,0.000000000,0.000000000,479.000,57.000,57.000
1786782133126,XAUT_USDT,demo,0,stale_binance,0,0.000000000,0.500000000,0.000000000,0.000000000,0.229344648,0.000000000,0.000000000,594.000,0.000,0.000
1786782133276,XAUT_USDT,demo,0,stale_binance,0,0.000000000,0.500000000,0.000000000,0.000000000,0.229344648,0.000000000,0.000000000,744.000,61.000,61.000
1786782133393,XAUT_USDT,demo,0,microspread_below_threshold,0,0.000000000,0.500000000,1.226918595,1.226918595,0.229344648,0.000000000,0.000000000,51.000,0.000,0.000
1786782133510,XAUT_USDT,demo,0,microspread_below_threshold,0,0.000000000,0.500000000,1.226918595,1.226918595,0.229344648,0.000000000,0.000000000,61.000,117.000,117.000
1786782133620,XAUT_USDT,demo,0,microspread_below_threshold,0,0.000000000,0.500000000,1.226918595,1.226918595,0.229344648,0.000000000,0.000000000,171.000,56.000,56.000
1786782133750,XAUT_USDT,demo,0,stale_binance,0,0.000000000,0.500000000,0.000000000,0.000000000,0.229344648,0.000000000,0.000000000,301.000,0.000,0.000
1786782133864,XAUT_USDT,demo,0,stale_binance,0,0.000000000,0.500000000,0.000000000,0.000000000,0.229344648,0.000000000,0.000000000,415.000,114.000,114.000
1786782133986,XAUT_USDT,demo,0,stale_binance,0,0.000000000,0.500000000,0.000000000,0.000000000,0.229344648,0.000000000,0.000000000,-117.000,236.000,236.000
1786782134653,XAUT_USDT,demo,0,stale_binance,0,0.000000000,0.500000000,0.000000000,0.000000000,0.229344648,0.000000000,0.000000000,550.000,903.000,903.000
1786782134779,XAUT_USDT,demo,0,stale_binance,0,0.000000000,0.500000000,0.000000000,0.000000000,0.229344648,0.000000000,0.000000000,676.000,1029.000,1029.000
1786782134904,XAUT_USDT,demo,0,stale_binance,0,0.000000000,0.500000000,0.000000000,0.000000000,0.229344648,0.000000000,0.000000000,801.000,1154.000,1154.000
1786782135028,XAUT_USDT,demo,0,stale_binance,0,0.000000000,0.500000000,0.000000000,0.000000000,0.229344648,0.000000000,0.000000000,925.000,1278.000,1278.000
1786782135154,XAUT_USDT,demo,0,stale_binance,0,0.000000000,0.500000000,0.000000000,0.000000000,0.229344648,0.000000000,0.000000000,1051.000,1404.000,1404.000
1786782135278,XAUT_USDT,demo,0,stale_binance,0,0.000000000,0.500000000,0.000000000,0.000000000,0.229344648,0.000000000,0.000000000,1175.000,1528.000,1528.000
1786782135404,XAUT_USDT,demo,0,stale_binance,0,0.000000000,0.500000000,0.000000000,0.000000000,0.229344648,0.000000000,0.000000000,1301.000,1654.000,1654.000
1786782135529,XAUT_USDT,demo,0,stale_binance,0,0.000000000,0.500000000,0.000000000,0.000000000,0.229344648,0.000000000,0.000000000,1426.000,1779.000,1779.000
1786782135654,XAUT_USDT,demo,0,stale_binance,0,0.000000000,0.500000000,0.000000000,0.000000000,0.229344648,0.000000000,0.000000000,1551.000,1904.000,1904.000
1786782139698,XAUT_USDT,demo,0,stale_binance,0,0.000000000,0.500000000,0.000000000,0.000000000,0.229344648,0.000000000,0.000000000,804.000,149.000,149.000
1786782139803,XAUT_USDT,demo,0,stale_binance,0,0.000000000,0.500000000,0.000000000,0.000000000,0.229344648,0.000000000,0.000000000,909.000,0.000,0.000
1786782139921,XAUT_USDT,demo,0,stale_binance,0,0.000000000,0.500000000,0.000000000,0.000000000,0.229344648,0.000000000,0.000000000,1027.000,118.000,118.000
1786782140043,XAUT_USDT,demo,0,stale_binance,0,0.000000000,0.500000000,0.000000000,0.000000000,0.229344648,0.000000000,0.000000000,1149.000,56.000,56.000
1786782140146,XAUT_USDT,demo,0,stale_binance,0,0.000000000,0.500000000,0.000000000,0.000000000,0.229344648,0.000000000,0.000000000,1252.000,159.000,159.000
1786782140274,XAUT_USDT,demo,0,stale_binance,0,0.000000000,0.500000000,0.000000000,0.000000000,0.229344648,0.000000000,0.000000000,1380.000,113.000,113.000
1786782140387,XAUT_USDT,demo,0,microspread_below_threshold,0,0.000000000,0.500000000,1.226918595,1.226918595,0.229344648,0.000000000,0.000000000,101.000,57.000,57.000
1786782140506,XAUT_USDT,demo,0,microspread_below_threshold,0,0.000000000,0.500000000,1.226918595,1.226918595,0.229344648,0.000000000,0.000000000,220.000,0.000,0.000
1786782140612,XAUT_USDT,demo,0,stale_binance,0,0.000000000,0.500000000,0.000000000,0.000000000,0.229344648,0.000000000,0.000000000,326.000,106.000,106.000
1786782140714,XAUT_USDT,demo,0,stale_binance,0,0.000000000,0.500000000,0.000000000,0.000000000,0.229344648,0.000000000,0.000000000,428.000,208.000,208.000
1786782140819,XAUT_USDT,demo,0,stale_binance,0,0.000000000,0.500000000,0.000000000,0.000000000,0.229344648,0.000000000,0.000000000,533.000,58.000,58.000
1786782140959,XAUT_USDT,demo,0,microspread_below_threshold,0,0.000000000,0.500000000,1.226918595,1.226918595,0.229344648,0.000000000,0.000000000,51.000,107.000,107.000
1786782141085,XAUT_USDT,demo,0,microspread_below_threshold,0,0.000000000,0.500000000,1.226918595,1.226918595,0.229344648,0.000000000,0.000000000,177.000,233.000,233.000
1786782141209,XAUT_USDT,demo,0,stale_binance,0,0.000000000,0.500000000,0.000000000,0.000000000,0.229344648,0.000000000,0.000000000,301.000,357.000,357.000
1786782141333,XAUT_USDT,demo,0,stale_binance,0,0.000000000,0.500000000,0.000000000,0.000000000,0.229344648,0.000000000,0.000000000,425.000,481.000,481.000
1786782141458,XAUT_USDT,demo,0,microspread_below_threshold,0,0.000000000,0.500000000,1.226918595,1.226918595,0.229344648,0.000000000,0.000000000,114.000,606.000,606.000
1786782141583,XAUT_USDT,demo,0,microspread_below_threshold,0,0.000000000,0.500000000,1.226918595,1.226918595,0.229344648,0.000000000,0.000000000,239.000,731.000,731.000
1786782141707,XAUT_USDT,demo,0,stale_binance,0,0.000000000,0.500000000,0.000000000,0.000000000,0.229344648,0.000000000,0.000000000,363.000,855.000,855.000
1786782141833,XAUT_USDT,demo,0,stale_binance,0,0.000000000,0.500000000,0.000000000,0.000000000,0.229344648,0.000000000,0.000000000,489.000,981.000,981.000
1786782141947,XAUT_USDT,demo,0,stale_binance,0,0.000000000,0.500000000,0.000000000,0.000000000,0.229344648,0.000000000,0.000000000,603.000,1095.000,1095.000
1786782142064,XAUT_USDT,demo,0,stale_binance,0,0.000000000,0.500000000,0.000000000,0.000000000,0.229344648,0.000000000,0.000000000,720.000,1212.000,1212.000
1786782142171,XAUT_USDT,demo,0,stale_binance,0,0.000000000,0.500000000,0.000000000,0.000000000,0.229344648,0.000000000,0.000000000,827.000,1319.000,1319.000
1786782142275,XAUT_USDT,demo,0,stale_binance,0,0.000000000,0.500000000,0.000000000,0.000000000,0.229344648,0.000000000,0.000000000,931.000,1423.000,1423.000
1786782142378,XAUT_USDT,demo,0,stale_binance,0,0.000000000,0.500000000,0.000000000,0.000000000,0.229344648,0.000000000,0.000000000,1034.000,1526.000,1526.000
1786782142517,XAUT_USDT,demo,0,microspread_below_threshold,0,0.000000000,0.500000000,1.226918595,1.226918595,0.229344648,0.000000000,0.000000000,125.000,1665.000,1665.000
1786782142641,XAUT_USDT,demo,0,microspread_below_threshold,0,0.000000000,0.500000000,1.226918595,1.226918595,0.229344648,0.000000000,0.000000000,249.000,1789.000,1789.000
1786782142766,XAUT_USDT,demo,0,stale_binance,0,0.000000000,0.500000000,0.000000000,0.000000000,0.229344648,0.000000000,0.000000000,374.000,1914.000,1914.000
1786782146066,XAUT_USDT,demo,0,microspread_below_threshold,0,0.000000000,0.500000000,1.226918595,1.226918595,0.229344648,0.000000000,0.000000000,25.000,0.000,0.000
1786782146209,XAUT_USDT,demo,0,microspread_below_threshold,0,0.000000000,0.500000000,1.226918595,1.226918595,0.229344648,0.000000000,0.000000000,168.000,57.000,57.000
1786782146330,XAUT_USDT,demo,0,microspread_below_threshold,0,0.000000000,0.500000000,1.226918595,1.226918595,0.229344648,0.000000000,0.000000000,289.000,0.000,0.000
1786782146475,XAUT_USDT,demo,0,microspread_below_threshold,0,0.000000000,0.500000000,1.226918595,1.226918595,0.229344648,0.000000000,0.000000000,65.000,57.000,57.000
1786782146593,XAUT_USDT,demo,0,microspread_below_threshold,0,0.000000000,0.500000000,1.226918595,1.226918595,0.229344648,0.000000000,0.000000000,183.000,0.000,0.000
1786782146740,XAUT_USDT,demo,0,stale_binance,0,0.000000000,0.500000000,0.000000000,0.000000000,0.229344648,0.000000000,0.000000000,330.000,55.000,55.000
1786782146863,XAUT_USDT,demo,0,stale_binance,0,0.000000000,0.500000000,0.000000000,0.000000000,0.229344648,0.000000000,0.000000000,453.000,0.000,0.000
1786782147007,XAUT_USDT,demo,0,stale_binance,0,0.000000000,0.500000000,0.000000000,0.000000000,0.229344648,0.000000000,0.000000000,597.000,58.000,58.000
1786782147140,XAUT_USDT,demo,0,stale_binance,0,0.000000000,0.500000000,0.000000000,0.000000000,0.229344648,0.000000000,0.000000000,730.000,107.000,107.000
1786782147262,XAUT_USDT,demo,0,stale_binance,0,0.000000000,0.500000000,0.000000000,0.000000000,0.229344648,0.000000000,0.000000000,852.000,229.000,229.000
1786782147377,XAUT_USDT,demo,0,stale_binance,0,0.000000000,0.500000000,0.000000000,0.000000000,0.229344648,0.000000000,0.000000000,967.000,0.000,0.000
1786782147522,XAUT_USDT,demo,0,microspread_below_threshold,0,0.000000000,0.500000000,1.226918595,1.226918595,0.229344648,0.000000000,0.000000000,141.000,61.000,61.000
1786782147633,XAUT_USDT,demo,0,microspread_below_threshold,0,0.000000000,0.500000000,1.226918595,1.226918595,0.229344648,0.000000000,0.000000000,252.000,0.000,0.000
1786782147755,XAUT_USDT,demo,0,stale_binance,0,0.000000000,0.500000000,0.000000000,0.000000000,0.229344648,0.000000000,0.000000000,374.000,122.000,122.000
1786782147880,XAUT_USDT,demo,0,stale_binance,0,0.000000000,0.500000000,0.000000000,0.000000000,0.229344648,0.000000000,0.000000000,499.000,247.000,247.000
1786782148036,XAUT_USDT,demo,0,stale_binance,0,0.000000000,0.500000000,0.000000000,0.000000000,0.229344648,0.000000000,0.000000000,655.000,60.000,60.000
1786782148148,XAUT_USDT,demo,0,stale_binance,0,0.000000000,0.500000000,0.000000000,0.000000000,0.229344648,0.000000000,0.000000000,767.000,0.000,0.000
1786782148270,XAUT_USDT,demo,0,stale_binance,0,0.000000000,0.500000000,0.000000000,0.000000000,0.229344648,0.000000000,0.000000000,889.000,122.000,122.000
1786782148394,XAUT_USDT,demo,0,stale_binance,0,0.000000000,0.500000000,0.000000000,0.000000000,0.229344648,0.000000000,0.000000000,1013.000,246.000,246.000
1786782148518,XAUT_USDT,demo,0,stale_binance,0,0.000000000,0.500000000,0.000000000,0.000000000,0.229344648,0.000000000,0.000000000,1137.000,113.000,113.000
1786782148627,XAUT_USDT,demo,0,stale_binance,0,0.000000000,0.500000000,0.000000000,0.000000000,0.229344648,0.000000000,0.000000000,1246.000,53.000,53.000
1786782148783,XAUT_USDT,demo,0,stale_binance,0,0.000000000,0.500000000,0.000000000,0.000000000,0.229344648,0.000000000,0.000000000,1402.000,123.000,123.000
1786782148909,XAUT_USDT,demo,0,stale_binance,0,0.000000000,0.500000000,0.000000000,0.000000000,0.229344648,0.000000000,0.000000000,1528.000,249.000,249.000
1786782149020,XAUT_USDT,demo,0,stale_binance,0,0.000000000,0.500000000,0.000000000,0.000000000,0.229344648,0.000000000,0.000000000,1639.000,360.000,360.000
1786782149772,XAUT_USDT,demo,0,stale_binance,0,0.000000000,0.500000000,0.000000000,0.000000000,0.229344648,0.000000000,0.000000000,580.000,1112.000,1112.000
1786782149912,XAUT_USDT,demo,0,microspread_below_threshold,0,0.000000000,0.500000000,1.226918595,1.226918595,0.229344648,0.000000000,0.000000000,119.000,1252.000,1252.000
1786782150037,XAUT_USDT,demo,0,microspread_below_threshold,0,0.000000000,0.500000000,1.226918595,1.226918595,0.229344648,0.000000000,0.000000000,244.000,1377.000,1377.000
1786782150162,XAUT_USDT,demo,0,stale_binance,0,0.000000000,0.500000000,0.000000000,0.000000000,0.229344648,0.000000000,0.000000000,369.000,1502.000,1502.000
1786782150287,XAUT_USDT,demo,0,stale_binance,0,0.000000000,0.500000000,0.000000000,0.000000000,0.229344648,0.000000000,0.000000000,494.000,1627.000,1627.000
1786782150413,XAUT_USDT,demo,0,stale_binance,0,0.000000000,0.500000000,0.000000000,0.000000000,0.229344648,0.000000000,0.000000000,620.000,1753.000,1753.000
1786782150538,XAUT_USDT,demo,0,stale_binance,0,0.000000000,0.500000000,0.000000000,0.000000000,0.229344648,0.000000000,0.000000000,745.000,1878.000,1878.000
1786782152251,XAUT_USDT,demo,0,stale_binance,0,0.000000000,0.500000000,0.000000000,0.000000000,0.229344648,0.000000000,0.000000000,780.000,0.000,0.000
1786782152363,XAUT_USDT,demo,0,microspread_below_threshold,0,0.000000000,0.500000000,1.226918595,1.226918595,0.229344648,0.000000000,0.000000000,0.000,33.000,33.000
1786782152486,XAUT_USDT,demo,0,microspread_below_threshold,0,0.000000000,0.500000000,1.226918595,1.226918595,0.229344648,0.000000000,0.000000000,121.000,156.000,156.000
1786782152610,XAUT_USDT,demo,0,microspread_below_threshold,0,0.000000000,0.500000000,1.226918595,1.226918595,0.229344648,0.000000000,0.000000000,245.000,0.000,0.000
1786782152736,XAUT_USDT,demo,0,stale_binance,0,0.000000000,0.500000000,0.000000000,0.000000000,0.229344648,0.000000000,0.000000000,371.000,126.000,126.000
1786782152853,XAUT_USDT,demo,0,stale_binance,0,0.000000000,0.500000000,0.000000000,0.000000000,0.229344648,0.000000000,0.000000000,488.000,0.000,0.000
1786782153000,XAUT_USDT,demo,0,stale_binance,0,0.000000000,0.500000000,0.000000000,0.000000000,0.229344648,0.000000000,0.000000000,635.000,60.000,60.000
1786782153115,XAUT_USDT,demo,0,stale_binance,0,0.000000000,0.500000000,0.000000000,0.000000000,0.229344648,0.000000000,0.000000000,750.000,0.000,0.000
1786782153233,XAUT_USDT,demo,0,stale_binance,0,0.000000000,0.500000000,0.000000000,0.000000000,0.229344648,0.000000000,0.000000000,868.000,118.000,118.000
1786782153358,XAUT_USDT,demo,0,stale_binance,0,0.000000000,0.500000000,0.000000000,0.000000000,0.229344648,0.000000000,0.000000000,993.000,243.000,243.000
1786782153459,XAUT_USDT,demo,0,stale_binance,0,0.000000000,0.500000000,0.000000000,0.000000000,0.229344648,0.000000000,0.000000000,1094.000,0.000,0.000
1786782153577,XAUT_USDT,demo,0,stale_binance,0,0.000000000,0.500000000,0.000000000,0.000000000,0.229344648,0.000000000,0.000000000,1212.000,118.000,118.000
1786782153685,XAUT_USDT,demo,0,stale_binance,0,0.000000000,0.500000000,0.000000000,0.000000000,0.229344648,0.000000000,0.000000000,1320.000,52.000,52.000
1786782153811,XAUT_USDT,demo,0,stale_binance,0,0.000000000,0.500000000,0.000000000,0.000000000,0.229344648,0.000000000,0.000000000,1446.000,178.000,178.000
1786782153916,XAUT_USDT,demo,0,microspread_below_threshold,0,0.000000000,0.500000000,1.226918595,1.226918595,0.229344648,0.000000000,0.000000000,0.000,28.000,28.000
1786782154037,XAUT_USDT,demo,0,microspread_below_threshold,0,0.000000000,0.500000000,1.226918595,1.226918595,0.229344648,0.000000000,0.000000000,121.000,64.000,64.000
1786782154809,XAUT_USDT,demo,0,stale_binance,0,0.000000000,0.500000000,0.000000000,0.000000000,0.229344648,0.000000000,0.000000000,471.000,156.000,156.000
1786782154913,XAUT_USDT,demo,0,stale_binance,0,0.000000000,0.500000000,0.000000000,0.000000000,0.229344648,0.000000000,0.000000000,575.000,0.000,0.000
1786782155054,XAUT_USDT,demo,0,stale_binance,0,0.000000000,0.500000000,0.000000000,0.000000000,0.229344648,0.000000000,0.000000000,716.000,57.000,57.000
1786782155165,XAUT_USDT,demo,0,stale_binance,0,0.000000000,0.500000000,0.000000000,0.000000000,0.229344648,0.000000000,0.000000000,827.000,1.000,1.000
1786782155288,XAUT_USDT,demo,0,stale_binance,0,0.000000000,0.500000000,0.000000000,0.000000000,0.229344648,0.000000000,0.000000000,950.000,124.000,124.000
1786782155423,XAUT_USDT,demo,0,microspread_below_threshold,0,0.000000000,0.500000000,1.226918595,1.226918595,0.229344648,0.000000000,0.000000000,0.000,88.000,88.000
1786782155567,XAUT_USDT,demo,0,microspread_below_threshold,0,0.000000000,0.500000000,1.226918595,1.226918595,0.229344648,0.000000000,0.000000000,117.000,232.000,232.000
1786782155679,XAUT_USDT,demo,0,microspread_below_threshold,0,0.000000000,0.500000000,1.226918595,1.226918595,0.229344648,0.000000000,0.000000000,229.000,0.000,0.000
1786782155816,XAUT_USDT,demo,0,stale_binance,0,0.000000000,0.500000000,0.000000000,0.000000000,0.229344648,0.000000000,0.000000000,366.000,50.000,50.000
1786782155941,XAUT_USDT,demo,0,stale_binance,0,0.000000000,0.500000000,0.000000000,0.000000000,0.229344648,0.000000000,0.000000000,491.000,0.000,0.000
1786782156067,XAUT_USDT,demo,0,stale_binance,0,0.000000000,0.500000000,0.000000000,0.000000000,0.229344648,0.000000000,0.000000000,617.000,126.000,126.000
1786782156175,XAUT_USDT,demo,0,stale_binance,0,0.000000000,0.500000000,0.000000000,0.000000000,0.229344648,0.000000000,0.000000000,725.000,65.000,65.000
1786782156300,XAUT_USDT,demo,0,stale_binance,0,0.000000000,0.500000000,0.000000000,0.000000000,0.229344648,0.000000000,0.000000000,850.000,190.000,190.000
1786782156426,XAUT_USDT,demo,0,microspread_below_threshold,0,0.000000000,0.500000000,1.226918595,1.226918595,0.229344648,0.000000000,0.000000000,51.000,316.000,316.000
1786782156536,XAUT_USDT,demo,0,microspread_below_threshold,0,0.000000000,0.500000000,1.226918595,1.226918595,0.229344648,0.000000000,0.000000000,161.000,1.000,1.000
1786782156675,XAUT_USDT,demo,0,microspread_below_threshold,0,0.000000000,0.500000000,1.226918595,1.226918595,0.229344648,0.000000000,0.000000000,300.000,52.000,52.000
1786782156801,XAUT_USDT,demo,0,stale_binance,0,0.000000000,0.500000000,0.000000000,0.000000000,0.229344648,0.000000000,0.000000000,426.000,178.000,178.000
1786782156940,XAUT_USDT,demo,0,stale_binance,0,0.000000000,0.500000000,0.000000000,0.000000000,0.229344648,0.000000000,0.000000000,565.000,63.000,63.000
1786782157052,XAUT_USDT,demo,0,stale_binance,0,0.000000000,0.500000000,0.000000000,0.000000000,0.229344648,0.000000000,0.000000000,677.000,0.000,0.000
1786782157189,XAUT_USDT,demo,0,stale_binance,0,0.000000000,0.500000000,0.000000000,0.000000000,0.229344648,0.000000000,0.000000000,814.000,53.000,53.000
1786782157315,XAUT_USDT,demo,0,stale_binance,0,0.000000000,0.500000000,0.000000000,0.000000000,0.229344648,0.000000000,0.000000000,940.000,179.000,179.000
1786782157439,XAUT_USDT,demo,0,microspread_below_threshold,0,0.000000000,0.500000000,1.226918595,1.226918595,0.229344648,0.000000000,0.000000000,115.000,303.000,303.000
1786782157564,XAUT_USDT,demo,0,microspread_below_threshold,0,0.000000000,0.500000000,1.226918595,1.226918595,0.229344648,0.000000000,0.000000000,240.000,428.000,428.000
1786782157688,XAUT_USDT,demo,0,stale_binance,0,0.000000000,0.500000000,0.000000000,0.000000000,0.229344648,0.000000000,0.000000000,364.000,552.000,552.000
1786782157813,XAUT_USDT,demo,0,stale_binance,0,0.000000000,0.500000000,0.000000000,0.000000000,0.229344648,0.000000000,0.000000000,489.000,677.000,677.000
1786782157938,XAUT_USDT,demo,0,stale_binance,0,0.000000000,0.500000000,0.000000000,0.000000000,0.229344648,0.000000000,0.000000000,614.000,802.000,802.000
1786782158079,XAUT_USDT,demo,0,microspread_below_threshold,0,0.000000000,0.500000000,1.226918595,1.226918595,0.229344648,0.000000000,0.000000000,126.000,943.000,943.000
1786782158204,XAUT_USDT,demo,0,microspread_below_threshold,0,0.000000000,0.500000000,1.226918595,1.226918595,0.229344648,0.000000000,0.000000000,251.000,1068.000,1068.000
1786782158319,XAUT_USDT,demo,0,microspread_below_threshold,0,0.000000000,0.500000000,1.226918595,1.226918595,0.229344648,0.000000000,0.000000000,0.000,1183.000,1183.000
1786782158439,XAUT_USDT,demo,0,microspread_below_threshold,0,0.000000000,0.500000000,1.226918595,1.226918595,0.229344648,0.000000000,0.000000000,118.000,1303.000,1303.000
1786782158562,XAUT_USDT,demo,0,microspread_below_threshold,0,0.000000000,0.500000000,1.226918595,1.226918595,0.229344648,0.000000000,0.000000000,241.000,1426.000,1426.000
1786782158688,XAUT_USDT,demo,0,stale_binance,0,0.000000000,0.500000000,0.000000000,0.000000000,0.229344648,0.000000000,0.000000000,367.000,1552.000,1552.000
1786782158812,XAUT_USDT,demo,0,stale_binance,0,0.000000000,0.500000000,0.000000000,0.000000000,0.229344648,0.000000000,0.000000000,491.000,1676.000,1676.000
1786782158935,XAUT_USDT,demo,0,stale_binance,0,0.000000000,0.500000000,0.000000000,0.000000000,0.229344648,0.000000000,0.000000000,614.000,1799.000,1799.000
1786782159040,XAUT_USDT,demo,0,stale_binance,0,0.000000000,0.500000000,0.000000000,0.000000000,0.229344648,0.000000000,0.000000000,719.000,0.000,0.000
1786782159843,XAUT_USDT,demo,0,stale_binance,0,0.000000000,0.500000000,0.000000000,0.000000000,0.229344648,0.000000000,0.000000000,642.000,202.000,202.000
1786782159965,XAUT_USDT,demo,0,stale_binance,0,0.000000000,0.500000000,0.000000000,0.000000000,0.229344648,0.000000000,0.000000000,764.000,324.000,324.000
1786782160078,XAUT_USDT,demo,0,stale_binance,0,0.000000000,0.500000000,0.000000000,0.000000000,0.229344648,0.000000000,0.000000000,877.000,0.000,0.000
1786782160225,XAUT_USDT,demo,0,microspread_below_threshold,0,0.000000000,0.500000000,1.226918595,1.226918595,0.229344648,0.000000000,0.000000000,88.000,58.000,58.000
1786782160336,XAUT_USDT,demo,0,microspread_below_threshold,0,0.000000000,0.500000000,1.226918595,1.226918595,0.229344648,0.000000000,0.000000000,199.000,169.000,169.000
1786782160479,XAUT_USDT,demo,0,stale_binance,0,0.000000000,0.500000000,0.000000000,0.000000000,0.229344648,0.000000000,0.000000000,342.000,55.000,55.000
1786782160593,XAUT_USDT,demo,0,stale_binance,0,0.000000000,0.500000000,0.000000000,0.000000000,0.229344648,0.000000000,0.000000000,456.000,169.000,169.000
1786782160715,XAUT_USDT,demo,0,microspread_below_threshold,0,0.000000000,0.500000000,1.226918595,1.226918595,0.229344648,0.000000000,0.000000000,0.000,120.000,120.000
1786782160850,XAUT_USDT,demo,0,microspread_below_threshold,0,0.000000000,0.500000000,1.226918595,1.226918595,0.229344648,0.000000000,0.000000000,106.000,0.000,0.000
1786782161001,XAUT_USDT,demo,0,microspread_below_threshold,0,0.000000000,0.500000000,1.226918595,1.226918595,0.229344648,0.000000000,0.000000000,257.000,64.000,64.000
1786782161111,XAUT_USDT,demo,0,microspread_below_threshold,0,0.000000000,0.500000000,1.226918595,1.226918595,0.229344648,0.000000000,0.000000000,70.000,0.000,0.000
1786782161249,XAUT_USDT,demo,0,microspread_below_threshold,0,0.000000000,0.500000000,1.226918595,1.226918595,0.229344648,0.000000000,0.000000000,208.000,56.000,56.000
1786782161374,XAUT_USDT,demo,0,stale_binance,0,0.000000000,0.500000000,0.000000000,0.000000000,0.229344648,0.000000000,0.000000000,333.000,181.000,181.000
1786782161515,XAUT_USDT,demo,0,stale_binance,0,0.000000000,0.500000000,0.000000000,0.000000000,0.229344648,0.000000000,0.000000000,474.000,63.000,63.000
1786782161620,XAUT_USDT,demo,0,stale_binance,0,0.000000000,0.500000000,0.000000000,0.000000000,0.229344648,0.000000000,0.000000000,579.000,0.000,0.000
1786782161748,XAUT_USDT,demo,0,stale_binance,0,0.000000000,0.500000000,0.000000000,0.000000000,0.229344648,0.000000000,0.000000000,707.000,128.000,128.000
1786782161880,XAUT_USDT,demo,0,stale_binance,0,0.000000000,0.500000000,0.000000000,0.000000000,0.229344648,0.000000000,0.000000000,839.000,0.000,0.000
1786782162009,XAUT_USDT,demo,0,microspread_below_threshold,0,0.000000000,0.500000000,1.226918595,1.226918595,0.229344648,0.000000000,0.000000000,0.000,43.000,43.000
1786782162111,XAUT_USDT,demo,0,microspread_below_threshold,0,0.000000000,0.500000000,1.226918595,1.226918595,0.229344648,0.000000000,0.000000000,76.000,61.000,61.000
1786782162253,XAUT_USDT,demo,0,microspread_below_threshold,0,0.000000000,0.500000000,1.226918595,1.226918595,0.229344648,0.000000000,0.000000000,218.000,117.000,117.000
1786782162366,XAUT_USDT,demo,0,stale_binance,0,0.000000000,0.500000000,0.000000000,0.000000000,0.229344648,0.000000000,0.000000000,331.000,230.000,230.000
1786782162523,XAUT_USDT,demo,0,stale_binance,0,0.000000000,0.500000000,0.000000000,0.000000000,0.229344648,0.000000000,0.000000000,488.000,129.000,129.000
1786782162680,XAUT_USDT,demo,0,stale_binance,0,0.000000000,0.500000000,0.000000000,0.000000000,0.229344648,0.000000000,0.000000000,645.000,114.000,114.000
1786782162803,XAUT_USDT,demo,0,stale_binance,0,0.000000000,0.500000000,0.000000000,0.000000000,0.229344648,0.000000000,0.000000000,768.000,237.000,237.000
1786782162911,XAUT_USDT,demo,0,microspread_below_threshold,0,0.000000000,0.500000000,1.226918595,1.226918595,0.229344648,0.000000000,0.000000000,76.000,0.000,0.000
1786782163037,XAUT_USDT,demo,0,microspread_below_threshold,0,0.000000000,0.500000000,1.226918595,1.226918595,0.229344648,0.000000000,0.000000000,202.000,126.000,126.000
1786782163168,XAUT_USDT,demo,0,stale_binance,0,0.000000000,0.500000000,0.000000000,0.000000000,0.229344648,0.000000000,0.000000000,333.000,0.000,0.000
1786782163287,XAUT_USDT,demo,0,stale_binance,0,0.000000000,0.500000000,0.000000000,0.000000000,0.229344648,0.000000000,0.000000000,452.000,119.000,119.000
1786782163412,XAUT_USDT,demo,0,stale_binance,0,0.000000000,0.500000000,0.000000000,0.000000000,0.229344648,0.000000000,0.000000000,577.000,244.000,244.000
1786782163567,XAUT_USDT,demo,0,microspread_below_threshold,0,0.000000000,0.500000000,1.226918595,1.226918595,0.229344648,0.000000000,0.000000000,68.000,61.000,61.000
1786782163680,XAUT_USDT,demo,0,microspread_below_threshold,0,0.000000000,0.500000000,1.226918595,1.226918595,0.229344648,0.000000000,0.000000000,181.000,0.000,0.000
1786782163800,XAUT_USDT,demo,0,stale_binance,0,0.000000000,0.500000000,0.000000000,0.000000000,0.229344648,0.000000000,0.000000000,301.000,120.000,120.000
1786782163908,XAUT_USDT,demo,0,stale_binance,0,0.000000000,0.500000000,0.000000000,0.000000000,0.229344648,0.000000000,0.000000000,409.000,56.000,56.000
1786782164026,XAUT_USDT,demo,0,stale_binance,0,0.000000000,0.500000000,0.000000000,0.000000000,0.229344648,0.000000000,0.000000000,527.000,0.000,0.000
1786782164166,XAUT_USDT,demo,0,microspread_below_threshold,0,0.000000000,0.500000000,1.226918595,1.226918595,0.229344648,0.000000000,0.000000000,0.000,53.000,53.000
1786782165020,XAUT_USDT,demo,0,microspread_below_threshold,0,0.000000000,0.500000000,1.226918595,1.226918595,0.229344648,0.000000000,0.000000000,212.000,139.000,139.000
1786782165172,XAUT_USDT,demo,0,stale_binance,0,0.000000000,0.500000000,0.000000000,0.000000000,0.229344648,0.000000000,0.000000000,364.000,118.000,118.000
1786782165298,XAUT_USDT,demo,0,stale_binance,0,0.000000000,0.500000000,0.000000000,0.000000000,0.229344648,0.000000000,0.000000000,490.000,244.000,244.000
1786782165422,XAUT_USDT,demo,0,microspread_below_threshold,0,0.000000000,0.500000000,1.226918595,1.226918595,0.229344648,0.000000000,0.000000000,73.000,368.000,368.000
1786782165548,XAUT_USDT,demo,0,microspread_below_threshold,0,0.000000000,0.500000000,1.226918595,1.226918595,0.229344648,0.000000000,0.000000000,199.000,494.000,494.000
1786782165672,XAUT_USDT,demo,0,stale_binance,0,0.000000000,0.500000000,0.000000000,0.000000000,0.229344648,0.000000000,0.000000000,323.000,618.000,618.000
1786782165795,XAUT_USDT,demo,0,stale_binance,0,0.000000000,0.500000000,0.000000000,0.000000000,0.229344648,0.000000000,0.000000000,446.000,64.000,64.000
1786782165937,XAUT_USDT,demo,0,stale_binance,0,0.000000000,0.500000000,0.000000000,0.000000000,0.229344648,0.000000000,0.000000000,588.000,115.000,115.000
1786782166061,XAUT_USDT,demo,0,stale_binance,0,0.000000000,0.500000000,0.000000000,0.000000000,0.229344648,0.000000000,0.000000000,712.000,64.000,64.000
1786782166171,XAUT_USDT,demo,0,microspread_below_threshold,0,0.000000000,0.500000000,1.226918595,1.226918595,0.229344648,0.000000000,0.000000000,98.000,0.000,0.000
1786782166309,XAUT_USDT,demo,0,microspread_below_threshold,0,0.000000000,0.500000000,1.226918595,1.226918595,0.229344648,0.000000000,0.000000000,236.000,54.000,54.000
1786782166418,XAUT_USDT,demo,0,microspread_below_threshold,0,0.000000000,0.500000000,1.226918595,1.226918595,0.229344648,0.000000000,0.000000000,53.000,81.000,81.000
1786782166574,XAUT_USDT,demo,0,microspread_below_threshold,0,0.000000000,0.500000000,1.226918595,1.226918595,0.229344648,0.000000000,0.000000000,209.000,64.000,64.000
1786782166700,XAUT_USDT,demo,0,stale_binance,0,0.000000000,0.500000000,0.000000000,0.000000000,0.229344648,0.000000000,0.000000000,335.000,190.000,190.000
1786782166855,XAUT_USDT,demo,0,microspread_below_threshold,0,0.000000000,0.500000000,1.226918595,1.226918595,0.229344648,0.000000000,0.000000000,59.000,0.000,0.000
1786782166996,XAUT_USDT,demo,0,microspread_below_threshold,0,0.000000000,0.500000000,1.226918595,1.226918595,0.229344648,0.000000000,0.000000000,111.000,52.000,52.000
1786782167116,XAUT_USDT,demo,0,microspread_below_threshold,0,0.000000000,0.500000000,1.226918595,1.226918595,0.229344648,0.000000000,0.000000000,49.000,0.000,0.000
1786782167253,XAUT_USDT,demo,0,microspread_below_threshold,0,0.000000000,0.500000000,1.226918595,1.226918595,0.229344648,0.000000000,0.000000000,186.000,53.000,53.000
1786782167379,XAUT_USDT,demo,0,stale_binance,0,0.000000000,0.500000000,0.000000000,0.000000000,0.229344648,0.000000000,0.000000000,312.000,179.000,179.000
1786782167504,XAUT_USDT,demo,0,stale_binance,0,0.000000000,0.500000000,0.000000000,0.000000000,0.229344648,0.000000000,0.000000000,437.000,304.000,304.000
1786782167624,XAUT_USDT,demo,0,stale_binance,0,0.000000000,0.500000000,0.000000000,0.000000000,0.229344648,0.000000000,0.000000000,557.000,0.000,0.000
1786782167771,XAUT_USDT,demo,0,stale_binance,0,0.000000000,0.500000000,0.000000000,0.000000000,0.229344648,0.000000000,0.000000000,704.000,62.000,62.000
1786782167883,XAUT_USDT,demo,0,stale_binance,0,0.000000000,0.500000000,0.000000000,0.000000000,0.229344648,0.000000000,0.000000000,816.000,0.000,0.000
1786782168005,XAUT_USDT,demo,0,stale_binance,0,0.000000000,0.500000000,0.000000000,0.000000000,0.229344648,0.000000000,0.000000000,938.000,122.000,122.000
1786782168115,XAUT_USDT,demo,0,stale_binance,0,0.000000000,0.500000000,0.000000000,0.000000000,0.229344648,0.000000000,0.000000000,1048.000,58.000,58.000
1786782168273,XAUT_USDT,demo,0,stale_binance,0,0.000000000,0.500000000,0.000000000,0.000000000,0.229344648,0.000000000,0.000000000,1206.000,128.000,128.000
1786782168385,XAUT_USDT,demo,0,microspread_below_threshold,0,0.000000000,0.500000000,1.226918595,1.226918595,0.229344648,0.000000000,0.000000000,0.000,240.000,240.000
1786782168509,XAUT_USDT,demo,0,microspread_below_threshold,0,0.000000000,0.500000000,1.226918595,1.226918595,0.229344648,0.000000000,0.000000000,123.000,364.000,364.000
1786782168634,XAUT_USDT,demo,0,microspread_below_threshold,0,0.000000000,0.500000000,1.226918595,1.226918595,0.229344648,0.000000000,0.000000000,248.000,60.000,60.000
1786782168775,XAUT_USDT,demo,0,stale_binance,0,0.000000000,0.500000000,0.000000000,0.000000000,0.229344648,0.000000000,0.000000000,389.000,120.000,120.000
1786782168883,XAUT_USDT,demo,0,stale_binance,0,0.000000000,0.500000000,0.000000000,0.000000000,0.229344648,0.000000000,0.000000000,497.000,54.000,54.000
1786782169003,XAUT_USDT,demo,0,microspread_below_threshold,0,0.000000000,0.500000000,1.226918595,1.226918595,0.229344648,0.000000000,0.000000000,0.000,82.000,82.000
1786782169147,XAUT_USDT,demo,0,microspread_below_threshold,0,0.000000000,0.500000000,1.226918595,1.226918595,0.229344648,0.000000000,0.000000000,142.000,57.000,57.000
1786782169930,XAUT_USDT,demo,0,stale_binance,0,0.000000000,0.500000000,0.000000000,0.000000000,0.229344648,0.000000000,0.000000000,477.000,237.000,237.000
1786782170043,XAUT_USDT,demo,0,microspread_below_threshold,0,0.000000000,0.500000000,1.226918595,1.226918595,0.229344648,0.000000000,0.000000000,89.000,1.000,1.000
1786782170184,XAUT_USDT,demo,0,microspread_below_threshold,0,0.000000000,0.500000000,1.226918595,1.226918595,0.229344648,0.000000000,0.000000000,230.000,54.000,54.000
1786782170339,XAUT_USDT,demo,0,stale_binance,0,0.000000000,0.500000000,0.000000000,0.000000000,0.229344648,0.000000000,0.000000000,385.000,127.000,127.000
1786782170464,XAUT_USDT,demo,0,stale_binance,0,0.000000000,0.500000000,0.000000000,0.000000000,0.229344648,0.000000000,0.000000000,510.000,252.000,252.000
1786782170621,XAUT_USDT,demo,0,stale_binance,0,0.000000000,0.500000000,0.000000000,0.000000000,0.229344648,0.000000000,0.000000000,667.000,64.000,64.000
1786782170728,XAUT_USDT,demo,0,stale_binance,0,0.000000000,0.500000000,0.000000000,0.000000000,0.229344648,0.000000000,0.000000000,774.000,0.000,0.000
1786782170856,XAUT_USDT,demo,0,stale_binance,0,0.000000000,0.500000000,0.000000000,0.000000000,0.229344648,0.000000000,0.000000000,902.000,128.000,128.000
1786782171013,XAUT_USDT,demo,0,stale_binance,0,0.000000000,0.500000000,0.000000000,0.000000000,0.229344648,0.000000000,0.000000000,1059.000,114.000,114.000
1786782171122,XAUT_USDT,demo,0,stale_binance,0,0.000000000,0.500000000,0.000000000,0.000000000,0.229344648,0.000000000,0.000000000,1168.000,50.000,50.000
1786782171279,XAUT_USDT,demo,0,stale_binance,0,0.000000000,0.500000000,0.000000000,0.000000000,0.229344648,0.000000000,0.000000000,1325.000,120.000,120.000
1786782171379,XAUT_USDT,demo,0,microspread_below_threshold,0,0.000000000,0.500000000,1.226918595,1.226918595,0.229344648,0.000000000,0.000000000,0.000,220.000,220.000
1786782171482,XAUT_USDT,demo,0,microspread_below_threshold,0,0.000000000,0.500000000,1.226918595,1.226918595,0.229344648,0.000000000,0.000000000,103.000,66.000,66.000
1786782171587,XAUT_USDT,demo,0,microspread_below_threshold,-1,-0.114671666,0.708684036,1.112246929,1.226918595,0.458684036,0.000000000,0.114671666,208.000,0.000,0.000
1786782171730,XAUT_USDT,demo,0,stale_binance,0,0.000000000,0.500000000,0.000000000,0.000000000,0.229339388,0.000000000,0.000000000,351.000,59.000,59.000
1786782171871,XAUT_USDT,demo,0,stale_binance,0,0.000000000,0.500000000,0.000000000,0.000000000,0.229339388,0.000000000,0.000000000,492.000,114.000,114.000
1786782171995,XAUT_USDT,demo,0,stale_binance,0,0.000000000,0.500000000,0.000000000,0.000000000,0.229339388,0.000000000,0.000000000,616.000,238.000,238.000
1786782172121,XAUT_USDT,demo,0,stale_binance,0,0.000000000,0.500000000,0.000000000,0.000000000,0.229339388,0.000000000,0.000000000,742.000,364.000,364.000
1786782172244,XAUT_USDT,demo,0,stale_binance,0,0.000000000,0.500000000,0.000000000,0.000000000,0.229339388,0.000000000,0.000000000,865.000,57.000,57.000
1786782172370,XAUT_USDT,demo,0,stale_binance,0,0.000000000,0.500000000,0.000000000,0.000000000,0.229339388,0.000000000,0.000000000,991.000,183.000,183.000
1786782172510,XAUT_USDT,demo,0,stale_binance,0,0.000000000,0.500000000,0.000000000,0.000000000,0.229339388,0.000000000,0.000000000,1131.000,65.000,65.000
1786782172617,XAUT_USDT,demo,0,microspread_below_threshold,-1,-0.229342018,0.500000000,0.997576578,1.226918595,0.229339388,0.000000000,0.000000000,41.000,0.000,0.000
1786782172744,XAUT_USDT,demo,0,microspread_below_threshold,-1,-0.229342018,0.500000000,0.997576578,1.226918595,0.229339388,0.000000000,0.000000000,168.000,127.000,127.000
1786782172870,XAUT_USDT,demo,0,microspread_below_threshold,-1,-0.229342018,0.500000000,0.997576578,1.226918595,0.229339388,0.000000000,0.000000000,294.000,253.000,253.000
1786782173026,XAUT_USDT,demo,0,stale_binance,0,0.000000000,0.500000000,0.000000000,0.000000000,0.229339388,0.000000000,0.000000000,450.000,64.000,64.000
1786782173166,XAUT_USDT,demo,0,stale_binance,0,0.000000000,0.500000000,0.000000000,0.000000000,0.229339388,0.000000000,0.000000000,590.000,118.000,118.000
1786782173267,XAUT_USDT,demo,0,stale_binance,0,0.000000000,0.500000000,0.000000000,0.000000000,0.229339388,0.000000000,0.000000000,691.000,51.000,51.000
1786782173370,XAUT_USDT,demo,0,stale_binance,0,0.000000000,0.500000000,0.000000000,0.000000000,0.229339388,0.000000000,0.000000000,794.000,154.000,154.000
1786782173473,XAUT_USDT,demo,0,stale_binance,0,0.000000000,0.500000000,0.000000000,0.000000000,0.229339388,0.000000000,0.000000000,897.000,257.000,257.000
1786782173615,XAUT_USDT,demo,0,stale_binance,0,0.000000000,0.500000000,0.000000000,0.000000000,0.229339388,0.000000000,0.000000000,1039.000,56.000,56.000
1786782173745,XAUT_USDT,demo,0,stale_binance,0,0.000000000,0.500000000,0.000000000,0.000000000,0.229339388,0.000000000,0.000000000,1169.000,0.000,0.000
1786782173869,XAUT_USDT,demo,0,stale_binance,0,0.000000000,0.500000000,0.000000000,0.000000000,0.229339388,0.000000000,0.000000000,1293.000,55.000,55.000
1786782174028,XAUT_USDT,demo,0,stale_binance,0,0.000000000,0.500000000,0.000000000,0.000000000,0.229339388,0.000000000,0.000000000,1452.000,126.000,126.000
1786782174138,XAUT_USDT,demo,0,stale_binance,0,0.000000000,0.500000000,0.000000000,0.000000000,0.229339388,0.000000000,0.000000000,1562.000,61.000,61.000
1786782174887,XAUT_USDT,demo,0,stale_binance,0,0.000000000,0.500000000,0.000000000,0.000000000,0.229339388,0.000000000,0.000000000,530.000,35.000,35.000
1786782174995,XAUT_USDT,demo,0,stale_binance,0,0.000000000,0.500000000,0.000000000,0.000000000,0.229339388,0.000000000,0.000000000,638.000,55.000,55.000
1786782175111,XAUT_USDT,demo,0,stale_binance,0,0.000000000,0.500000000,0.000000000,0.000000000,0.229339388,0.000000000,0.000000000,754.000,0.000,0.000
1786782175224,XAUT_USDT,demo,0,stale_binance,0,0.000000000,0.500000000,0.000000000,0.000000000,0.229339388,0.000000000,0.000000000,867.000,113.000,113.000
1786782175337,XAUT_USDT,demo,0,stale_binance,0,0.000000000,0.500000000,0.000000000,0.000000000,0.229339388,0.000000000,0.000000000,980.000,226.000,226.000
1786782175441,XAUT_USDT,demo,0,stale_binance,0,0.000000000,0.500000000,0.000000000,0.000000000,0.229339388,0.000000000,0.000000000,1084.000,330.000,330.000
1786782175541,XAUT_USDT,demo,0,stale_binance,0,0.000000000,0.500000000,0.000000000,0.000000000,0.229339388,0.000000000,0.000000000,1184.000,0.000,0.000
1786782175689,XAUT_USDT,demo,0,stale_binance,0,0.000000000,0.500000000,0.000000000,0.000000000,0.229339388,0.000000000,0.000000000,1332.000,63.000,63.000
1786782175828,XAUT_USDT,demo,0,stale_binance,0,0.000000000,0.500000000,0.000000000,0.000000000,0.229339388,0.000000000,0.000000000,1471.000,118.000,118.000
1786782175951,XAUT_USDT,demo,0,stale_binance,0,0.000000000,0.500000000,0.000000000,0.000000000,0.229339388,0.000000000,0.000000000,1594.000,241.000,241.000
1786782176076,XAUT_USDT,demo,0,stale_binance,0,0.000000000,0.500000000,0.000000000,0.000000000,0.229339388,0.000000000,0.000000000,1719.000,366.000,366.000
1786782176202,XAUT_USDT,demo,0,stale_binance,0,0.000000000,0.500000000,0.000000000,0.000000000,0.229339388,0.000000000,0.000000000,1845.000,61.000,61.000
1786782176311,XAUT_USDT,demo,0,microspread_below_threshold,-1,-0.229342018,0.500000000,0.997576578,1.226918595,0.229339388,0.000000000,0.000000000,65.000,87.000,87.000
1786782176437,XAUT_USDT,demo,0,microspread_below_threshold,-1,-0.229342018,0.500000000,0.997576578,1.226918595,0.229339388,0.000000000,0.000000000,191.000,213.000,213.000
1786782176563,XAUT_USDT,demo,0,stale_binance,0,0.000000000,0.500000000,0.000000000,0.000000000,0.229339388,0.000000000,0.000000000,317.000,339.000,339.000
1786782176703,XAUT_USDT,demo,0,stale_binance,0,0.000000000,0.500000000,0.000000000,0.000000000,0.229339388,0.000000000,0.000000000,457.000,50.000,50.000
1786782176826,XAUT_USDT,demo,0,stale_binance,0,0.000000000,0.500000000,0.000000000,0.000000000,0.229339388,0.000000000,0.000000000,580.000,0.000,0.000
1786782176936,XAUT_USDT,demo,0,stale_binance,0,0.000000000,0.500000000,0.000000000,0.000000000,0.229339388,0.000000000,0.000000000,690.000,0.000,0.000
1786782177064,XAUT_USDT,demo,0,stale_binance,0,0.000000000,0.500000000,0.000000000,0.000000000,0.229339388,0.000000000,0.000000000,818.000,62.000,62.000
1786782177203,XAUT_USDT,demo,0,stale_binance,0,0.000000000,0.500000000,0.000000000,0.000000000,0.229339388,0.000000000,0.000000000,957.000,117.000,117.000
1786782177329,XAUT_USDT,demo,0,stale_binance,0,0.000000000,0.500000000,0.000000000,0.000000000,0.229339388,0.000000000,0.000000000,1083.000,243.000,243.000
1786782177437,XAUT_USDT,demo,0,microspread_below_threshold,-1,-0.229342018,0.500000000,0.997576578,1.226918595,0.229339388,0.000000000,0.000000000,52.000,351.000,351.000
1786782177578,XAUT_USDT,demo,0,microspread_below_threshold,0,0.000000000,0.500000000,0.997576578,0.997576578,0.229339388,0.000000000,0.000000000,193.000,65.000,65.000
1786782177683,XAUT_USDT,demo,0,microspread_below_threshold,0,0.000000000,0.500000000,0.997576578,0.997576578,0.229339388,0.000000000,0.000000000,298.000,0.000,0.000
1786782177799,XAUT_USDT,demo,0,stale_binance,0,0.000000000,0.500000000,0.000000000,0.000000000,0.229339388,0.000000000,0.000000000,414.000,116.000,116.000
1786782177922,XAUT_USDT,demo,0,microspread_below_threshold,0,0.000000000,0.500000000,0.997576578,0.997576578,0.229339388,0.000000000,0.000000000,60.000,64.000,64.000
1786782178031,XAUT_USDT,demo,0,microspread_below_threshold,0,0.000000000,0.500000000,0.997576578,0.997576578,0.229339388,0.000000000,0.000000000,169.000,0.000,0.000
1786782178171,XAUT_USDT,demo,0,stale_binance,0,0.000000000,0.500000000,0.000000000,0.000000000,0.229339388,0.000000000,0.000000000,309.000,55.000,55.000
1786782178327,XAUT_USDT,demo,0,stale_binance,0,0.000000000,0.500000000,0.000000000,0.000000000,0.229339388,0.000000000,0.000000000,465.000,124.000,124.000
1786782178441,XAUT_USDT,demo,0,microspread_below_threshold,0,0.000000000,0.500000000,0.997576578,0.997576578,0.229339388,0.000000000,0.000000000,0.000,238.000,238.000
1786782178560,XAUT_USDT,demo,0,microspread_below_threshold,0,0.000000000,0.500000000,0.997576578,0.997576578,0.229339388,0.000000000,0.000000000,64.000,98.000,98.000
1786782178673,XAUT_USDT,demo,0,microspread_below_threshold,0,0.000000000,0.500000000,0.997576578,0.997576578,0.229339388,0.000000000,0.000000000,0.000,42.000,42.000
1786782178795,XAUT_USDT,demo,0,microspread_below_threshold,0,0.000000000,0.500000000,0.997576578,0.997576578,0.229339388,0.000000000,0.000000000,122.000,164.000,164.000
1786782178951,XAUT_USDT,demo,0,microspread_below_threshold,0,0.000000000,0.500000000,0.997576578,0.997576578,0.229339388,0.000000000,0.000000000,278.000,62.000,62.000
1786782179065,XAUT_USDT,demo,0,stale_binance,0,0.000000000,0.500000000,0.000000000,0.000000000,0.229339388,0.000000000,0.000000000,392.000,0.000,0.000
1786782179202,XAUT_USDT,demo,0,stale_binance,0,0.000000000,0.500000000,0.000000000,0.000000000,0.229339388,0.000000000,0.000000000,529.000,52.000,52.000
1786782179947,XAUT_USDT,demo,0,stale_binance,0,0.000000000,0.500000000,0.000000000,0.000000000,0.229339388,0.000000000,0.000000000,395.000,17.000,17.000
1786782180074,XAUT_USDT,demo,0,stale_binance,0,0.000000000,0.500000000,0.000000000,0.000000000,0.229339388,0.000000000,0.000000000,522.000,63.000,63.000
1786782180200,XAUT_USDT,demo,0,stale_binance,0,0.000000000,0.500000000,0.000000000,0.000000000,0.229339388,0.000000000,0.000000000,648.000,0.000,0.000
1786782180311,XAUT_USDT,demo,0,stale_binance,0,0.000000000,0.500000000,0.000000000,0.000000000,0.229339388,0.000000000,0.000000000,759.000,111.000,111.000
1786782180443,XAUT_USDT,demo,0,stale_binance,0,0.000000000,0.500000000,0.000000000,0.000000000,0.229339388,0.000000000,0.000000000,891.000,243.000,243.000
1786782180577,XAUT_USDT,demo,0,stale_binance,0,0.000000000,0.500000000,0.000000000,0.000000000,0.229339388,0.000000000,0.000000000,1025.000,52.000,52.000
1786782180696,XAUT_USDT,demo,0,microspread_below_threshold,0,0.000000000,0.500000000,0.997576578,0.997576578,0.229339388,0.000000000,0.000000000,85.000,0.000,0.000
1786782180811,XAUT_USDT,demo,0,microspread_below_threshold,0,0.000000000,0.500000000,0.997576578,0.997576578,0.229339388,0.000000000,0.000000000,200.000,115.000,115.000
1786782180935,XAUT_USDT,demo,0,stale_binance,0,0.000000000,0.500000000,0.000000000,0.000000000,0.229339388,0.000000000,0.000000000,324.000,63.000,63.000
1786782181075,XAUT_USDT,demo,0,stale_binance,0,0.000000000,0.500000000,0.000000000,0.000000000,0.229339388,0.000000000,0.000000000,464.000,116.000,116.000
1786782181200,XAUT_USDT,demo,0,stale_binance,0,0.000000000,0.500000000,0.000000000,0.000000000,0.229339388,0.000000000,0.000000000,589.000,63.000,63.000
1786782181325,XAUT_USDT,demo,0,stale_binance,0,0.000000000,0.500000000,0.000000000,0.000000000,0.229339388,0.000000000,0.000000000,714.000,188.000,188.000
1786782181449,XAUT_USDT,demo,0,stale_binance,0,0.000000000,0.500000000,0.000000000,0.000000000,0.229339388,0.000000000,0.000000000,838.000,312.000,312.000
1786782181561,XAUT_USDT,demo,0,stale_binance,0,0.000000000,0.500000000,0.000000000,0.000000000,0.229339388,0.000000000,0.000000000,950.000,0.000,0.000
1786782181700,XAUT_USDT,demo,0,stale_binance,0,0.000000000,0.500000000,0.000000000,0.000000000,0.229339388,0.000000000,0.000000000,1089.000,57.000,57.000
1786782181843,XAUT_USDT,demo,0,microspread_below_threshold,0,0.000000000,0.500000000,0.997576578,0.997576578,0.229339388,0.000000000,0.000000000,124.000,116.000,116.000
1786782181967,XAUT_USDT,demo,0,microspread_below_threshold,0,0.000000000,0.500000000,0.997576578,0.997576578,0.229339388,0.000000000,0.000000000,248.000,240.000,240.000
1786782182076,XAUT_USDT,demo,0,stale_binance,0,0.000000000,0.500000000,0.000000000,0.000000000,0.229339388,0.000000000,0.000000000,357.000,1.000,1.000
1786782182217,XAUT_USDT,demo,0,microspread_below_threshold,0,0.000000000,0.500000000,0.997576578,0.997576578,0.229339388,0.000000000,0.000000000,122.000,55.000,55.000
1786782182336,XAUT_USDT,demo,0,microspread_below_threshold,0,0.000000000,0.500000000,0.997576578,0.997576578,0.229339388,0.000000000,0.000000000,241.000,1.000,1.000
1786782182481,XAUT_USDT,demo,0,stale_binance,0,0.000000000,0.500000000,0.000000000,0.000000000,0.229339388,0.000000000,0.000000000,386.000,61.000,61.000
1786782182606,XAUT_USDT,demo,0,stale_binance,0,0.000000000,0.500000000,0.000000000,0.000000000,0.229339388,0.000000000,0.000000000,511.000,186.000,186.000
1786782182732,XAUT_USDT,demo,0,stale_binance,0,0.000000000,0.500000000,0.000000000,0.000000000,0.229339388,0.000000000,0.000000000,637.000,53.000,53.000
1786782182856,XAUT_USDT,demo,0,stale_binance,0,0.000000000,0.500000000,0.000000000,0.000000000,0.229339388,0.000000000,0.000000000,761.000,177.000,177.000
1786782182980,XAUT_USDT,demo,0,stale_binance,0,0.000000000,0.500000000,0.000000000,0.000000000,0.229339388,0.000000000,0.000000000,885.000,301.000,301.000
1786782183090,XAUT_USDT,demo,0,stale_binance,0,0.000000000,0.500000000,0.000000000,0.000000000,0.229339388,0.000000000,0.000000000,995.000,66.000,66.000
1786782183197,XAUT_USDT,demo,0,stale_binance,0,0.000000000,0.500000000,0.000000000,0.000000000,0.229339388,0.000000000,0.000000000,1102.000,0.000,0.000
1786782183325,XAUT_USDT,demo,0,stale_binance,0,0.000000000,0.500000000,0.000000000,0.000000000,0.229339388,0.000000000,0.000000000,1230.000,128.000,128.000
1786782183448,XAUT_USDT,demo,0,microspread_below_threshold,0,0.000000000,0.500000000,0.997576578,0.997576578,0.229339388,0.000000000,0.000000000,64.000,251.000,251.000
1786782183605,XAUT_USDT,demo,0,microspread_below_threshold,0,0.000000000,0.500000000,0.997576578,0.997576578,0.229339388,0.000000000,0.000000000,221.000,66.000,66.000
1786782183709,XAUT_USDT,demo,0,stale_binance,0,0.000000000,0.500000000,0.000000000,0.000000000,0.229339388,0.000000000,0.000000000,325.000,0.000,0.000
1786782183823,XAUT_USDT,demo,0,stale_binance,0,0.000000000,0.500000000,0.000000000,0.000000000,0.229339388,0.000000000,0.000000000,439.000,114.000,114.000
1786782183947,XAUT_USDT,demo,0,microspread_below_threshold,0,0.000000000,0.500000000,0.997576578,0.997576578,0.229339388,0.000000000,0.000000000,58.000,67.000,67.000
1786782184054,XAUT_USDT,demo,0,microspread_below_threshold,0,0.000000000,0.500000000,0.997576578,0.997576578,0.229339388,0.000000000,0.000000000,165.000,0.000,0.000
1786782184196,XAUT_USDT,demo,0,stale_binance,0,0.000000000,0.500000000,0.000000000,0.000000000,0.229339388,0.000000000,0.000000000,307.000,56.000,56.000
1786782184992,XAUT_USDT,demo,0,stale_binance,0,0.000000000,0.500000000,0.000000000,0.000000000,0.229339388,0.000000000,0.000000000,578.000,161.000,161.000
1786782185112,XAUT_USDT,demo,0,microspread_below_threshold,0,0.000000000,0.500000000,0.997576578,0.997576578,0.229339388,0.000000000,0.000000000,0.000,23.000,23.000
1786782185226,XAUT_USDT,demo,0,microspread_below_threshold,0,0.000000000,0.500000000,0.997576578,0.997576578,0.229339388,0.000000000,0.000000000,114.000,51.000,51.000
1786782185351,XAUT_USDT,demo,0,microspread_below_threshold,0,0.000000000,0.500000000,0.997576578,0.997576578,0.229339388,0.000000000,0.000000000,239.000,176.000,176.000
1786782185475,XAUT_USDT,demo,0,microspread_below_threshold,0,0.000000000,0.500000000,0.997576578,0.997576578,0.229339388,0.000000000,0.000000000,54.000,300.000,300.000
1786782185583,XAUT_USDT,demo,0,microspread_below_threshold,0,0.000000000,0.500000000,0.997576578,0.997576578,0.229339388,0.000000000,0.000000000,162.000,65.000,65.000
1786782185689,XAUT_USDT,demo,0,microspread_below_threshold,0,0.000000000,0.500000000,0.997576578,0.997576578,0.229339388,0.000000000,0.000000000,268.000,0.000,0.000
1786782185808,XAUT_USDT,demo,0,stale_binance,0,0.000000000,0.500000000,0.000000000,0.000000000,0.229339388,0.000000000,0.000000000,387.000,0.000,0.000
1786782185926,XAUT_USDT,demo,0,stale_binance,0,0.000000000,0.500000000,0.000000000,0.000000000,0.229339388,0.000000000,0.000000000,505.000,64.000,64.000
1786782186034,XAUT_USDT,demo,0,stale_binance,0,0.000000000,0.500000000,0.000000000,0.000000000,0.229339388,0.000000000,0.000000000,613.000,0.000,0.000
1786782186174,XAUT_USDT,demo,0,stale_binance,0,0.000000000,0.500000000,0.000000000,0.000000000,0.229339388,0.000000000,0.000000000,753.000,55.000,55.000
1786782186331,XAUT_USDT,demo,0,stale_binance,0,0.000000000,0.500000000,0.000000000,0.000000000,0.229339388,0.000000000,0.000000000,910.000,126.000,126.000
1786782186455,XAUT_USDT,demo,0,stale_binance,0,0.000000000,0.500000000,0.000000000,0.000000000,0.229339388,0.000000000,0.000000000,1034.000,250.000,250.000
1786782186612,XAUT_USDT,demo,0,stale_binance,0,0.000000000,0.500000000,0.000000000,0.000000000,0.229339388,0.000000000,0.000000000,1191.000,65.000,65.000
1786782186717,XAUT_USDT,demo,0,stale_binance,0,0.000000000,0.500000000,0.000000000,0.000000000,0.229339388,0.000000000,0.000000000,1296.000,0.000,0.000
1786782186846,XAUT_USDT,demo,0,stale_binance,0,0.000000000,0.500000000,0.000000000,0.000000000,0.229339388,0.000000000,0.000000000,1425.000,129.000,129.000
1786782187002,XAUT_USDT,demo,0,stale_binance,0,0.000000000,0.500000000,0.000000000,0.000000000,0.229339388,0.000000000,0.000000000,1581.000,114.000,114.000
1786782187126,XAUT_USDT,demo,0,stale_binance,0,0.000000000,0.500000000,0.000000000,0.000000000,0.229339388,0.000000000,0.000000000,1705.000,65.000,65.000
