timestamp_ms,symbol,signal_source,ready,reason,direction,residual_bps,threshold_bps,raw_gap_bps,baseline_gap_bps,spread_bps,binance_move_bps,mexc_move_bps,binance_age_ms,mexc_age_ms,demo_book_age_ms
1786746352180,XAUT_USDT,demo,0,warming_baseline,0,0.000000000,1.000000000,0.103225866,0.000000000,0.229391997,0.000000000,0.000000000,255.000,454.000,454.000
1786746352314,XAUT_USDT,demo,0,stale_binance,0,0.000000000,1.000000000,0.000000000,0.000000000,0.229391997,0.000000000,0.000000000,389.000,588.000,588.000
1786746352460,XAUT_USDT,demo,0,microspread_below_threshold,0,0.000000000,1.000000000,0.103225866,0.103225866,0.229391997,0.000000000,0.000000000,52.000,734.000,734.000
1786746352589,XAUT_USDT,demo,0,microspread_below_threshold,0,0.000000000,1.000000000,0.103225866,0.103225866,0.229391997,0.000000000,0.000000000,181.000,863.000,863.000
1786746352705,XAUT_USDT,demo,0,microspread_below_threshold,0,0.000000000,1.000000000,0.103225866,0.103225866,0.229391997,0.000000000,0.000000000,297.000,979.000,979.000
1786746352821,XAUT_USDT,demo,0,stale_binance,0,0.000000000,1.000000000,0.000000000,0.000000000,0.229391997,0.000000000,0.000000000,413.000,1095.000,1095.000
1786746352940,XAUT_USDT,demo,0,stale_binance,0,0.000000000,1.000000000,0.000000000,0.000000000,0.229391997,0.000000000,0.000000000,532.000,1214.000,1214.000
1786746353069,XAUT_USDT,demo,0,stale_binance,0,0.000000000,1.000000000,0.000000000,0.000000000,0.229391997,0.000000000,0.000000000,661.000,1343.000,1343.000
1786746353184,XAUT_USDT,demo,0,stale_binance,0,0.000000000,1.000000000,0.000000000,0.000000000,0.229391997,0.000000000,0.000000000,776.000,1458.000,1458.000
1786746353307,XAUT_USDT,demo,0,stale_binance,0,0.000000000,1.000000000,0.000000000,0.000000000,0.229391997,0.000000000,0.000000000,899.000,1581.000,1581.000
1786746353418,XAUT_USDT,demo,0,stale_binance,0,0.000000000,1.000000000,0.000000000,0.000000000,0.229391997,0.000000000,0.000000000,1010.000,1692.000,1692.000
1786746353546,XAUT_USDT,demo,0,stale_binance,0,0.000000000,1.000000000,0.000000000,0.000000000,0.229391997,0.000000000,0.000000000,1138.000,1820.000,1820.000
1786746353695,XAUT_USDT,demo,0,microspread_below_threshold,0,0.000000000,1.000000000,0.103225866,0.103225866,0.229391997,0.000000000,0.000000000,117.000,1969.000,1969.000
1786746357553,XAUT_USDT,demo,0,microspread_below_threshold,-1,-0.057347769,1.000000000,0.011469593,0.068817362,0.229391997,0.000000000,0.000000000,49.000,0.000,0.000
1786746357684,XAUT_USDT,demo,0,microspread_below_threshold,-1,-0.057347769,1.000000000,0.011469593,0.068817362,0.229391997,0.000000000,0.000000000,68.000,56.000,56.000
1786746357784,XAUT_USDT,demo,0,microspread_below_threshold,-1,-0.057347769,1.000000000,0.011469593,0.068817362,0.229391997,0.000000000,0.000000000,60.000,67.000,67.000
1786746357887,XAUT_USDT,demo,0,microspread_below_threshold,-1,-0.045878241,1.000000000,0.011469593,0.057347835,0.229391997,0.000000000,0.000000000,163.000,0.000,0.000
1786746358041,XAUT_USDT,demo,0,stale_binance,0,0.000000000,1.000000000,0.000000000,0.000000000,0.229391997,0.000000000,0.000000000,317.000,61.000,61.000
1786746358152,XAUT_USDT,demo,0,microspread_below_threshold,-1,-0.045878241,1.000000000,0.011469593,0.057347835,0.229391997,0.000000000,0.000000000,107.000,1.000,1.000
1786746358293,XAUT_USDT,demo,0,microspread_below_threshold,-1,-0.045878241,1.000000000,0.011469593,0.057347835,0.229391997,0.000000000,0.000000000,248.000,52.000,52.000
1786746358426,XAUT_USDT,demo,0,microspread_below_threshold,-1,-0.045878241,1.000000000,0.011469593,0.057347835,0.229391997,0.000000000,0.000000000,100.000,1.000,1.000
1786746358527,XAUT_USDT,demo,0,microspread_below_threshold,-1,-0.045878241,1.000000000,0.011469593,0.057347835,0.229391997,0.000000000,0.000000000,201.000,0.000,0.000
1786746358627,XAUT_USDT,demo,0,microspread_below_threshold,-1,-0.068817441,1.000000000,-0.011469606,0.057347835,0.229391997,-0.022939200,0.000000000,0.000,100.000,100.000
1786746358763,XAUT_USDT,demo,0,microspread_below_threshold,-1,-0.068817441,1.000000000,-0.011469606,0.057347835,0.229391997,0.000000000,0.000000000,0.000,236.000,236.000
1786746358875,XAUT_USDT,demo,0,microspread_below_threshold,-1,-0.068817441,1.000000000,-0.011469606,0.057347835,0.229391997,0.000000000,0.000000000,0.000,348.000,348.000
1786746358999,XAUT_USDT,demo,0,microspread_below_threshold,-1,-0.091756693,1.000000000,-0.034408859,0.057347835,0.229391997,-0.022939252,0.000000000,51.000,472.000,472.000
1786746359121,XAUT_USDT,demo,0,microspread_below_threshold,-1,-0.091756693,1.000000000,-0.034408859,0.057347835,0.229391997,0.000000000,0.000000000,0.000,594.000,594.000
1786746359265,XAUT_USDT,demo,0,microspread_below_threshold,-1,-0.114695998,1.000000000,-0.057348164,0.057347835,0.229391997,-0.022939305,0.000000000,0.000,738.000,738.000
1786746359385,XAUT_USDT,demo,0,microspread_below_threshold,-1,-0.103226458,1.000000000,-0.057348164,0.045878294,0.229391997,0.000000000,0.000000000,0.000,858.000,858.000
1786746359487,XAUT_USDT,demo,0,microspread_below_threshold,-1,-0.126165815,1.000000000,-0.080287521,0.045878294,0.229391997,-0.022939358,0.000000000,0.000,960.000,960.000
1786746359635,XAUT_USDT,demo,0,microspread_below_threshold,-1,-0.114696261,1.000000000,-0.080287521,0.034408740,0.229391997,0.000000000,0.000000000,64.000,1108.000,1108.000
1786746359777,XAUT_USDT,demo,0,microspread_below_threshold,-1,-0.137635671,1.000000000,-0.103226931,0.034408740,0.229391997,-0.022939410,0.000000000,0.000,1250.000,1250.000
1786746359893,XAUT_USDT,demo,0,microspread_below_threshold,-1,-0.137635671,1.000000000,-0.103226931,0.034408740,0.229391997,0.000000000,0.000000000,0.000,1366.000,1366.000
1786746359996,XAUT_USDT,demo,0,microspread_below_threshold,-1,-0.160575134,1.000000000,-0.126166394,0.034408740,0.229391997,-0.022939463,0.000000000,0.000,1469.000,1469.000
1786746360106,XAUT_USDT,demo,0,microspread_below_threshold,-1,-0.149105567,1.000000000,-0.126166394,0.022939173,0.229391997,0.000000000,0.000000000,0.000,1579.000,1579.000
1786746360226,XAUT_USDT,demo,0,microspread_below_threshold,-1,-0.137635987,1.000000000,-0.126166394,0.011469593,0.229391997,0.000000000,0.000000000,1.000,1699.000,1699.000
1786746360329,XAUT_USDT,demo,0,microspread_below_threshold,-1,-0.160575503,1.000000000,-0.149105909,0.011469593,0.229391997,-0.022939515,0.000000000,1.000,1802.000,1802.000
1786746360462,XAUT_USDT,demo,0,microspread_below_threshold,-1,-0.160575503,1.000000000,-0.149105909,0.011469593,0.229391997,0.000000000,0.000000000,57.000,1935.000,1935.000
1786746364052,XAUT_USDT,demo,0,stale_binance,0,0.000000000,1.000000000,0.000000000,0.000000000,0.229391997,0.000000000,0.000000000,403.000,0.000,0.000
1786746364204,XAUT_USDT,demo,0,microspread_below_threshold,-1,-0.091757746,1.000000000,-0.149105909,-0.057348164,0.229391997,0.000000000,0.000000000,0.000,59.000,59.000
1786746364334,XAUT_USDT,demo,0,microspread_below_threshold,-1,-0.091757746,1.000000000,-0.149105909,-0.057348164,0.229391997,0.000000000,0.000000000,130.000,189.000,189.000
1786746364478,XAUT_USDT,demo,0,microspread_below_threshold,-1,-0.068818388,1.000000000,-0.149105909,-0.080287521,0.229391997,0.000000000,0.000000000,0.000,64.000,64.000
1786746364635,XAUT_USDT,demo,0,microspread_below_threshold,-1,-0.068818388,1.000000000,-0.149105909,-0.080287521,0.229391997,0.000000000,0.000000000,129.000,141.000,141.000
1786746364750,XAUT_USDT,demo,0,microspread_below_threshold,-1,-0.068818388,1.000000000,-0.149105909,-0.080287521,0.229391997,0.000000000,0.000000000,244.000,0.000,0.000
1786746364862,XAUT_USDT,demo,0,stale_binance,0,0.000000000,1.000000000,0.000000000,0.000000000,0.229391997,0.000000000,0.000000000,356.000,112.000,112.000
1786746364980,XAUT_USDT,demo,0,stale_binance,0,0.000000000,1.000000000,0.000000000,0.000000000,0.229391997,0.000000000,0.000000000,474.000,230.000,230.000
1786746365095,XAUT_USDT,demo,0,microspread_below_threshold,-1,-0.068818388,1.000000000,-0.149105909,-0.080287521,0.229391997,0.000000000,0.000000000,98.000,1.000,1.000
1786746365219,XAUT_USDT,demo,0,microspread_below_threshold,-1,-0.068818388,1.000000000,-0.149105909,-0.080287521,0.229391997,0.000000000,0.000000000,222.000,125.000,125.000
1786746365375,XAUT_USDT,demo,0,microspread_below_threshold,-1,-0.068818388,1.000000000,-0.149105909,-0.080287521,0.229391997,0.000000000,0.000000000,121.000,140.000,140.000
1786746365497,XAUT_USDT,demo,0,microspread_below_threshold,-1,-0.068818388,1.000000000,-0.149105909,-0.080287521,0.229391997,0.000000000,0.000000000,243.000,262.000,262.000
1786746365648,XAUT_USDT,demo,0,microspread_below_threshold,-1,-0.091757956,1.000000000,-0.172045477,-0.080287521,0.229391997,-0.022939568,0.000000000,0.000,413.000,413.000
1786746365775,XAUT_USDT,demo,0,microspread_below_threshold,-1,-0.091757956,1.000000000,-0.172045477,-0.080287521,0.229391997,0.000000000,0.000000000,60.000,540.000,540.000
1786746365908,XAUT_USDT,demo,0,microspread_below_threshold,-1,-0.103227878,1.000000000,-0.194985098,-0.091757220,0.229391997,-0.022939621,0.000000000,64.000,673.000,673.000
1786746366053,XAUT_USDT,demo,0,microspread_below_threshold,-1,-0.103227878,1.000000000,-0.194985098,-0.091757220,0.229391997,0.000000000,0.000000000,123.000,818.000,818.000
1786746366154,XAUT_USDT,demo,0,microspread_below_threshold,-1,-0.126167552,1.000000000,-0.217924771,-0.091757220,0.229391997,-0.022939673,0.000000000,0.000,919.000,919.000
1786746366267,XAUT_USDT,demo,0,microspread_below_threshold,-1,-0.126167552,1.000000000,-0.217924771,-0.091757220,0.229391997,0.000000000,0.000000000,0.000,1032.000,1032.000
1786746366382,XAUT_USDT,demo,0,microspread_below_threshold,-1,-0.126167552,1.000000000,-0.217924771,-0.091757220,0.229391997,0.000000000,0.000000000,0.000,1147.000,1147.000
1786746366498,XAUT_USDT,demo,0,microspread_below_threshold,-1,-0.149107278,1.000000000,-0.240864497,-0.091757220,0.229391997,0.000000000,0.000000000,0.000,1263.000,1263.000
1786746366609,XAUT_USDT,demo,0,microspread_below_threshold,-1,-0.137637566,1.000000000,-0.240864497,-0.103226931,0.229391997,0.000000000,0.000000000,55.000,1374.000,1374.000
1786746366717,XAUT_USDT,demo,0,microspread_below_threshold,-1,-0.149107620,1.000000000,-0.263804276,-0.114696656,0.229391997,-0.022939778,0.000000000,0.000,1482.000,1482.000
1786746366878,XAUT_USDT,demo,0,microspread_below_threshold,-1,-0.137637882,1.000000000,-0.263804276,-0.126166394,0.229391997,0.000000000,0.000000000,66.000,1643.000,1643.000
1786746366979,XAUT_USDT,demo,0,microspread_below_threshold,-1,-0.160577713,1.000000000,-0.286744107,-0.126166394,0.229391997,-0.022939831,0.000000000,0.000,1744.000,1744.000
1786746367105,XAUT_USDT,demo,0,microspread_below_threshold,-1,-0.160577713,1.000000000,-0.286744107,-0.126166394,0.229391997,0.000000000,0.000000000,0.000,1870.000,1870.000
1786746367218,XAUT_USDT,demo,0,microspread_below_threshold,-1,-0.137638197,1.000000000,-0.286744107,-0.149105909,0.229391997,0.000000000,0.000000000,113.000,1983.000,1983.000
1786746370813,XAUT_USDT,demo,0,microspread_below_threshold,-1,-0.917640609,1.000000000,-1.250264536,-0.332623927,0.229391997,0.000000000,0.000000000,57.000,0.000,0.000
1786746370953,XAUT_USDT,demo,0,microspread_below_threshold,-1,-0.917640609,1.000000000,-1.250264536,-0.332623927,0.229391997,0.000000000,0.000000000,80.000,61.000,61.000
1786746371077,XAUT_USDT,demo,0,microspread_below_threshold,-1,-0.917640609,1.000000000,-1.250264536,-0.332623927,0.229391997,0.000000000,0.000000000,204.000,185.000,185.000
1786746371193,XAUT_USDT,demo,0,stale_binance,0,0.000000000,1.000000000,0.000000000,0.000000000,0.229391997,0.000000000,0.000000000,320.000,301.000,301.000
1786746371297,XAUT_USDT,demo,0,stale_binance,0,0.000000000,1.000000000,0.000000000,0.000000000,0.229391997,0.000000000,0.000000000,424.000,64.000,64.000
1786746371402,XAUT_USDT,demo,0,microspread_below_threshold,-1,-0.917640609,1.000000000,-1.250264536,-0.332623927,0.229391997,0.000000000,0.000000000,0.000,79.000,79.000
1786746371563,XAUT_USDT,demo,0,microspread_below_threshold,-1,-0.917640609,1.000000000,-1.250264536,-0.332623927,0.229391997,0.000000000,0.000000000,161.000,62.000,62.000
1786746371663,XAUT_USDT,demo,0,microspread_below_threshold,-1,-0.917640609,1.000000000,-1.250264536,-0.332623927,0.229391997,0.000000000,0.000000000,261.000,56.000,56.000
1786746371781,XAUT_USDT,demo,0,stale_binance,0,0.000000000,1.000000000,0.000000000,0.000000000,0.229391997,0.000000000,0.000000000,379.000,174.000,174.000
1786746371909,XAUT_USDT,demo,0,stale_binance,0,0.000000000,1.000000000,0.000000000,0.000000000,0.229391997,0.000000000,0.000000000,507.000,62.000,62.000
1786746372050,XAUT_USDT,demo,0,microspread_below_threshold,-1,-0.917640609,1.000000000,-1.250264536,-0.332623927,0.229391997,0.000000000,0.000000000,59.000,114.000,114.000
1786746372190,XAUT_USDT,demo,0,microspread_below_threshold,-1,-0.917640609,1.000000000,-1.250264536,-0.332623927,0.229391997,0.000000000,0.000000000,199.000,63.000,63.000
1786746372346,XAUT_USDT,demo,0,stale_binance,0,0.000000000,1.000000000,0.000000000,0.000000000,0.229391997,0.000000000,0.000000000,355.000,119.000,119.000
1786746372455,XAUT_USDT,demo,0,stale_binance,0,0.000000000,1.000000000,0.000000000,0.000000000,0.229391997,0.000000000,0.000000000,464.000,228.000,228.000
1786746372557,XAUT_USDT,demo,0,microspread_below_threshold,-1,-0.917640609,1.000000000,-1.250264536,-0.332623927,0.229391997,0.000000000,0.000000000,0.000,330.000,330.000
1786746372695,XAUT_USDT,demo,0,microspread_below_threshold,-1,-0.917640609,1.000000000,-1.250264536,-0.332623927,0.229391997,0.000000000,0.000000000,62.000,468.000,468.000
1786746372800,XAUT_USDT,demo,0,microspread_below_threshold,-1,-0.917640609,1.000000000,-1.250264536,-0.332623927,0.229391997,0.000000000,0.000000000,53.000,573.000,573.000
1786746372923,XAUT_USDT,demo,0,microspread_below_threshold,-1,-0.917640609,1.000000000,-1.250264536,-0.332623927,0.229391997,0.000000000,0.000000000,176.000,58.000,58.000
1786746373025,XAUT_USDT,demo,0,microspread_below_threshold,-1,-0.917640609,1.000000000,-1.250264536,-0.332623927,0.229391997,0.000000000,0.000000000,0.000,160.000,160.000
1786746373156,XAUT_USDT,demo,0,microspread_below_threshold,-1,-0.917640609,1.000000000,-1.250264536,-0.332623927,0.229391997,0.000000000,0.000000000,0.000,291.000,291.000
1786746373263,XAUT_USDT,demo,0,microspread_below_threshold,-1,-0.917640609,1.000000000,-1.250264536,-0.332623927,0.229391997,0.000000000,0.000000000,0.000,398.000,398.000
1786746373394,XAUT_USDT,demo,0,microspread_below_threshold,-1,-0.917640609,1.000000000,-1.250264536,-0.332623927,0.229391997,0.000000000,0.000000000,131.000,529.000,529.000
1786746373507,XAUT_USDT,demo,0,microspread_below_threshold,-1,-0.917640609,1.000000000,-1.250264536,-0.332623927,0.229391997,0.000000000,0.000000000,0.000,642.000,642.000
1786746374242,XAUT_USDT,demo,0,microspread_below_threshold,-1,-0.825880337,1.000000000,-1.250264536,-0.424384199,0.229391997,0.000000000,0.000000000,49.000,1377.000,1377.000
1786746374368,XAUT_USDT,demo,0,microspread_below_threshold,-1,-0.825880337,1.000000000,-1.250264536,-0.424384199,0.229391997,0.000000000,0.000000000,175.000,1503.000,1503.000
1786746374484,XAUT_USDT,demo,0,microspread_below_threshold,-1,-0.825880337,1.000000000,-1.250264536,-0.424384199,0.229391997,0.000000000,0.000000000,291.000,1619.000,1619.000
1786746374612,XAUT_USDT,demo,0,microspread_below_threshold,-1,-0.779999886,1.000000000,-1.250264536,-0.470264650,0.229391997,0.000000000,0.000000000,67.000,1747.000,1747.000
1786746374731,XAUT_USDT,demo,0,microspread_below_threshold,-1,-0.779999886,1.000000000,-1.250264536,-0.470264650,0.229391997,0.000000000,0.000000000,113.000,1866.000,1866.000
1786746374848,XAUT_USDT,demo,0,microspread_below_threshold,-1,-0.779999886,1.000000000,-1.250264536,-0.470264650,0.229391997,0.000000000,0.000000000,52.000,1983.000,1983.000
1786746377720,XAUT_USDT,demo,0,microspread_below_threshold,0,0.000000000,1.000000000,-1.250264536,-1.250264536,0.229391997,0.000000000,0.000000000,0.000,1.000,1.000
1786746377862,XAUT_USDT,demo,0,microspread_below_threshold,0,0.000000000,1.000000000,-1.250264536,-1.250264536,0.229391997,0.000000000,0.000000000,128.000,56.000,56.000
1786746377970,XAUT_USDT,demo,0,microspread_below_threshold,0,0.000000000,1.000000000,-1.250264536,-1.250264536,0.229391997,0.000000000,0.000000000,236.000,164.000,164.000
1786746378092,XAUT_USDT,demo,0,stale_binance,0,0.000000000,1.000000000,0.000000000,0.000000000,0.229391997,0.000000000,0.000000000,358.000,114.000,114.000
1786746378219,XAUT_USDT,demo,0,microspread_below_threshold,0,0.000000000,1.000000000,-1.250264536,-1.250264536,0.229391997,0.000000000,0.000000000,62.000,125.000,125.000
1786746378336,XAUT_USDT,demo,0,microspread_below_threshold,0,0.000000000,1.000000000,-1.250264536,-1.250264536,0.229391997,0.000000000,0.000000000,179.000,1.000,1.000
1786746378457,XAUT_USDT,demo,0,microspread_below_threshold,0,0.000000000,1.000000000,-1.250264536,-1.250264536,0.229391997,0.000000000,0.000000000,300.000,122.000,122.000
1786746378601,XAUT_USDT,demo,0,microspread_below_threshold,0,0.000000000,1.000000000,-1.250264536,-1.250264536,0.229391997,0.000000000,0.000000000,58.000,71.000,71.000
1786746378750,XAUT_USDT,demo,0,microspread_below_threshold,0,0.000000000,1.000000000,-1.250264536,-1.250264536,0.229391997,0.000000000,0.000000000,207.000,117.000,117.000
1786746378895,XAUT_USDT,demo,0,stale_binance,0,0.000000000,1.000000000,0.000000000,0.000000000,0.229391997,0.000000000,0.000000000,352.000,124.000,124.000
1786746379005,XAUT_USDT,demo,0,microspread_below_threshold,0,0.000000000,1.000000000,-1.250264536,-1.250264536,0.229391997,0.000000000,0.000000000,0.000,234.000,234.000
1786746379128,XAUT_USDT,demo,0,microspread_below_threshold,0,0.000000000,1.000000000,-1.250264536,-1.250264536,0.229391997,0.000000000,0.000000000,123.000,357.000,357.000
1786746379248,XAUT_USDT,demo,0,stale_binance,0,0.000000000,1.000000000,0.000000000,0.000000000,0.229391997,0.000000000,0.000000000,-671.000,477.000,477.000
1786746380280,XAUT_USDT,demo,0,stale_binance,0,0.000000000,1.000000000,0.000000000,0.000000000,0.229391997,0.000000000,0.000000000,361.000,1509.000,1509.000
1786746380391,XAUT_USDT,demo,0,microspread_below_threshold,0,0.000000000,1.000000000,-1.250264536,-1.250264536,0.229391997,0.000000000,0.000000000,0.000,1620.000,1620.000
1786746380509,XAUT_USDT,demo,0,microspread_below_threshold,0,0.000000000,1.000000000,-1.250264536,-1.250264536,0.229391997,0.000000000,0.000000000,118.000,1738.000,1738.000
1786746380629,XAUT_USDT,demo,0,microspread_below_threshold,0,0.000000000,1.000000000,-1.250264536,-1.250264536,0.229391997,0.000000000,0.000000000,238.000,1858.000,1858.000
1786746380745,XAUT_USDT,demo,0,stale_binance,0,0.000000000,1.000000000,0.000000000,0.000000000,0.229391997,0.000000000,0.000000000,354.000,1974.000,1974.000
1786746384287,XAUT_USDT,demo,0,stale_binance,0,0.000000000,1.000000000,0.000000000,0.000000000,0.229391997,0.000000000,0.000000000,589.000,0.000,0.000
1786746384429,XAUT_USDT,demo,0,stale_binance,0,0.000000000,1.000000000,0.000000000,0.000000000,0.229391997,0.000000000,0.000000000,731.000,57.000,57.000
1786746384542,XAUT_USDT,demo,0,stale_binance,0,0.000000000,1.000000000,0.000000000,0.000000000,0.229391997,0.000000000,0.000000000,844.000,170.000,170.000
1786746384648,XAUT_USDT,demo,0,stale_binance,0,0.000000000,1.000000000,0.000000000,0.000000000,0.229391997,0.000000000,0.000000000,950.000,0.000,0.000
1786746384778,XAUT_USDT,demo,0,stale_binance,0,0.000000000,1.000000000,0.000000000,0.000000000,0.229391997,0.000000000,0.000000000,1080.000,51.000,51.000
1786746384932,XAUT_USDT,demo,0,microspread_below_threshold,0,0.000000000,1.000000000,-1.250264536,-1.250264536,0.229391997,0.000000000,0.000000000,63.000,106.000,106.000
1786746385053,XAUT_USDT,demo,0,microspread_below_threshold,0,0.000000000,1.000000000,-1.250264536,-1.250264536,0.229391997,0.000000000,0.000000000,184.000,63.000,63.000
1786746385159,XAUT_USDT,demo,0,microspread_below_threshold,0,0.000000000,1.000000000,-1.250264536,-1.250264536,0.229391997,0.000000000,0.000000000,0.000,33.000,33.000
1786746385922,XAUT_USDT,demo,0,stale_binance,0,0.000000000,1.000000000,0.000000000,0.000000000,0.229391997,0.000000000,0.000000000,399.000,395.000,395.000
1786746386030,XAUT_USDT,demo,0,stale_binance,0,0.000000000,1.000000000,0.000000000,0.000000000,0.229391997,0.000000000,0.000000000,507.000,503.000,503.000
1786746386169,XAUT_USDT,demo,0,stale_binance,0,0.000000000,1.000000000,0.000000000,0.000000000,0.229391997,0.000000000,0.000000000,646.000,642.000,642.000
1786746386289,XAUT_USDT,demo,0,stale_binance,0,0.000000000,1.000000000,0.000000000,0.000000000,0.229391997,0.000000000,0.000000000,766.000,762.000,762.000
1786746386407,XAUT_USDT,demo,0,stale_binance,0,0.000000000,1.000000000,0.000000000,0.000000000,0.229391997,0.000000000,0.000000000,884.000,880.000,880.000
1786746386525,XAUT_USDT,demo,0,stale_binance,0,0.000000000,1.000000000,0.000000000,0.000000000,0.229391997,0.000000000,0.000000000,1002.000,998.000,998.000
1786746386638,XAUT_USDT,demo,0,stale_binance,0,0.000000000,1.000000000,0.000000000,0.000000000,0.229391997,0.000000000,0.000000000,1115.000,1111.000,1111.000
1786746386757,XAUT_USDT,demo,0,stale_binance,0,0.000000000,1.000000000,0.000000000,0.000000000,0.229391997,0.000000000,0.000000000,1234.000,1230.000,1230.000
1786746386859,XAUT_USDT,demo,0,microspread_below_threshold,0,0.000000000,1.000000000,-1.250264536,-1.250264536,0.229391997,0.000000000,0.000000000,57.000,1332.000,1332.000
1786746386977,XAUT_USDT,demo,0,microspread_below_threshold,0,0.000000000,1.000000000,-1.250264536,-1.250264536,0.229391997,0.000000000,0.000000000,175.000,1450.000,1450.000
1786746387089,XAUT_USDT,demo,0,microspread_below_threshold,0,0.000000000,1.000000000,-1.250264536,-1.250264536,0.229391997,0.000000000,0.000000000,287.000,1562.000,1562.000
1786746387196,XAUT_USDT,demo,0,microspread_below_threshold,0,0.000000000,1.000000000,-1.250264536,-1.250264536,0.229391997,0.000000000,0.000000000,0.000,1669.000,1669.000
1786746387307,XAUT_USDT,demo,0,microspread_below_threshold,0,0.000000000,1.000000000,-1.250264536,-1.250264536,0.229391997,0.000000000,0.000000000,111.000,1780.000,1780.000
1786746387446,XAUT_USDT,demo,0,microspread_below_threshold,0,0.000000000,1.000000000,-1.250264536,-1.250264536,0.229391997,0.000000000,0.000000000,250.000,1919.000,1919.000
1786746391651,XAUT_USDT,demo,0,microspread_below_threshold,0,0.000000000,1.000000000,-1.250264536,-1.250264536,0.229391997,0.000000000,0.000000000,199.000,19.000,19.000
1786746391784,XAUT_USDT,demo,0,microspread_below_threshold,0,0.000000000,1.000000000,-1.250264536,-1.250264536,0.229391997,0.000000000,0.000000000,123.000,60.000,60.000
1786746391908,XAUT_USDT,demo,0,microspread_below_threshold,0,0.000000000,1.000000000,-1.250264536,-1.250264536,0.229391997,0.000000000,0.000000000,247.000,184.000,184.000
1786746392033,XAUT_USDT,demo,0,stale_binance,0,0.000000000,1.000000000,0.000000000,0.000000000,0.229391997,0.000000000,0.000000000,372.000,56.000,56.000
1786746392178,XAUT_USDT,demo,0,stale_binance,0,0.000000000,1.000000000,0.000000000,0.000000000,0.229391997,0.000000000,0.000000000,517.000,110.000,110.000
1786746392321,XAUT_USDT,demo,0,microspread_below_threshold,0,0.000000000,1.000000000,-1.250264536,-1.250264536,0.229391997,0.000000000,0.000000000,55.000,80.000,80.000
1786746392458,XAUT_USDT,demo,0,microspread_below_threshold,0,0.000000000,1.000000000,-1.250264536,-1.250264536,0.229391997,0.000000000,0.000000000,192.000,129.000,129.000
1786746392563,XAUT_USDT,demo,0,microspread_below_threshold,0,0.000000000,1.000000000,-1.250264536,-1.250264536,0.229391997,0.000000000,0.000000000,297.000,60.000,60.000
1786746392687,XAUT_USDT,demo,0,stale_binance,0,0.000000000,1.000000000,0.000000000,0.000000000,0.229391997,0.000000000,0.000000000,421.000,0.000,0.000
1786746392812,XAUT_USDT,demo,0,microspread_below_threshold,0,0.000000000,1.000000000,-1.250264536,-1.250264536,0.229391997,0.000000000,0.000000000,122.000,125.000,125.000
1786746392921,XAUT_USDT,demo,0,microspread_below_threshold,0,0.000000000,1.000000000,-1.250264536,-1.250264536,0.229391997,0.000000000,0.000000000,231.000,65.000,65.000
1786746393045,XAUT_USDT,demo,0,stale_binance,0,0.000000000,1.000000000,0.000000000,0.000000000,0.229391997,0.000000000,0.000000000,355.000,189.000,189.000
1786746393159,XAUT_USDT,demo,0,stale_binance,0,0.000000000,1.000000000,0.000000000,0.000000000,0.229391997,0.000000000,0.000000000,469.000,303.000,303.000
1786746393261,XAUT_USDT,demo,0,microspread_below_threshold,0,0.000000000,1.000000000,-1.250264536,-1.250264536,0.229391997,0.000000000,0.000000000,0.000,405.000,405.000
1786746393389,XAUT_USDT,demo,0,microspread_below_threshold,0,0.000000000,1.000000000,-1.250264536,-1.250264536,0.229391997,0.000000000,0.000000000,128.000,533.000,533.000
1786746393521,XAUT_USDT,demo,0,microspread_below_threshold,0,0.000000000,1.000000000,-1.250264536,-1.250264536,0.229391997,0.000000000,0.000000000,260.000,665.000,665.000
1786746393644,XAUT_USDT,demo,0,stale_binance,0,0.000000000,1.000000000,0.000000000,0.000000000,0.229391997,0.000000000,0.000000000,383.000,788.000,788.000
1786746393801,XAUT_USDT,demo,0,microspread_below_threshold,0,0.000000000,1.000000000,-1.250264536,-1.250264536,0.229391997,0.000000000,0.000000000,66.000,945.000,945.000
1786746393916,XAUT_USDT,demo,0,microspread_below_threshold,0,0.000000000,1.000000000,-1.250264536,-1.250264536,0.229391997,0.000000000,0.000000000,181.000,1060.000,1060.000
1786746394035,XAUT_USDT,demo,0,microspread_below_threshold,0,0.000000000,1.000000000,-1.250264536,-1.250264536,0.229391997,0.000000000,0.000000000,300.000,1179.000,1179.000
1786746394149,XAUT_USDT,demo,0,stale_binance,0,0.000000000,1.000000000,0.000000000,0.000000000,0.229391997,0.000000000,0.000000000,414.000,1293.000,1293.000
1786746394308,XAUT_USDT,demo,0,microspread_below_threshold,0,0.000000000,1.000000000,-1.250264536,-1.250264536,0.229391997,0.000000000,0.000000000,129.000,1452.000,1452.000
1786746394430,XAUT_USDT,demo,0,microspread_below_threshold,0,0.000000000,1.000000000,-1.250264536,-1.250264536,0.229391997,0.000000000,0.000000000,251.000,1574.000,1574.000
1786746394543,XAUT_USDT,demo,0,stale_binance,0,0.000000000,1.000000000,0.000000000,0.000000000,0.229391997,0.000000000,0.000000000,364.000,1687.000,1687.000
1786746394669,XAUT_USDT,demo,0,stale_binance,0,0.000000000,1.000000000,0.000000000,0.000000000,0.229391997,0.000000000,0.000000000,490.000,1813.000,1813.000
1786746394792,XAUT_USDT,demo,0,stale_binance,0,0.000000000,1.000000000,0.000000000,0.000000000,0.229391997,0.000000000,0.000000000,613.000,1936.000,1936.000
1786746397963,XAUT_USDT,demo,0,stale_binance,0,0.000000000,1.000000000,0.000000000,0.000000000,0.229391997,0.000000000,0.000000000,1980.000,1.000,1.000
1786746398078,XAUT_USDT,demo,0,stale_binance,0,0.000000000,1.000000000,0.000000000,0.000000000,0.229391997,0.000000000,0.000000000,2095.000,116.000,116.000
1786746398187,XAUT_USDT,demo,0,microspread_below_threshold,0,0.000000000,1.000000000,-1.250264536,-1.250264536,0.229391997,0.000000000,0.000000000,81.000,63.000,63.000
1786746398334,XAUT_USDT,demo,0,microspread_below_threshold,0,0.000000000,1.000000000,-1.250264536,-1.250264536,0.229391997,0.000000000,0.000000000,228.000,116.000,116.000
1786746398459,XAUT_USDT,demo,0,stale_binance,0,0.000000000,1.000000000,0.000000000,0.000000000,0.229391997,0.000000000,0.000000000,353.000,64.000,64.000
1786746398612,XAUT_USDT,demo,0,stale_binance,0,0.000000000,1.000000000,0.000000000,0.000000000,0.229391997,0.000000000,0.000000000,506.000,129.000,129.000
1786746398740,XAUT_USDT,demo,0,stale_binance,0,0.000000000,1.000000000,0.000000000,0.000000000,0.229391997,0.000000000,0.000000000,634.000,0.000,0.000
1786746398858,XAUT_USDT,demo,0,stale_binance,0,0.000000000,1.000000000,0.000000000,0.000000000,0.229391997,0.000000000,0.000000000,752.000,118.000,118.000
1786746398967,XAUT_USDT,demo,0,stale_binance,0,0.000000000,1.000000000,0.000000000,0.000000000,0.229391997,0.000000000,0.000000000,861.000,53.000,53.000
1786746399083,XAUT_USDT,demo,0,stale_binance,0,0.000000000,1.000000000,0.000000000,0.000000000,0.229391997,0.000000000,0.000000000,977.000,169.000,169.000
1786746399208,XAUT_USDT,demo,0,microspread_below_threshold,0,0.000000000,1.000000000,-1.250264536,-1.250264536,0.229391997,0.000000000,0.000000000,0.000,33.000,33.000
1786746399334,XAUT_USDT,demo,0,microspread_below_threshold,0,0.000000000,1.000000000,-1.250264536,-1.250264536,0.229391997,0.000000000,0.000000000,126.000,159.000,159.000
1786746399468,XAUT_USDT,demo,0,microspread_below_threshold,0,0.000000000,1.000000000,-1.250264536,-1.250264536,0.229391997,0.000000000,0.000000000,260.000,119.000,119.000
1786746399584,XAUT_USDT,demo,0,stale_binance,0,0.000000000,1.000000000,0.000000000,0.000000000,0.229391997,0.000000000,0.000000000,376.000,235.000,235.000
1786746399688,XAUT_USDT,demo,0,stale_binance,0,0.000000000,1.000000000,0.000000000,0.000000000,0.229391997,0.000000000,0.000000000,480.000,0.000,0.000
1786746399821,XAUT_USDT,demo,0,microspread_below_threshold,0,0.000000000,1.000000000,-1.250264536,-1.250264536,0.229391997,0.000000000,0.000000000,0.000,47.000,47.000
1786746399972,XAUT_USDT,demo,0,microspread_below_threshold,0,0.000000000,1.000000000,-1.250264536,-1.250264536,0.229391997,0.000000000,0.000000000,103.000,198.000,198.000
1786746400087,XAUT_USDT,demo,0,microspread_below_threshold,0,0.000000000,1.000000000,-1.250264536,-1.250264536,0.229391997,0.000000000,0.000000000,218.000,313.000,313.000
1786746400202,XAUT_USDT,demo,0,stale_binance,0,0.000000000,1.000000000,0.000000000,0.000000000,0.229391997,0.000000000,0.000000000,333.000,0.000,0.000
1786746400319,XAUT_USDT,demo,0,stale_binance,0,0.000000000,1.000000000,0.000000000,0.000000000,0.229391997,0.000000000,0.000000000,450.000,117.000,117.000
1786746400473,XAUT_USDT,demo,0,microspread_below_threshold,0,0.000000000,1.000000000,-1.250264536,-1.250264536,0.229391997,0.000000000,0.000000000,59.000,271.000,271.000
1786746400604,XAUT_USDT,demo,0,microspread_below_threshold,0,0.000000000,1.000000000,-1.250264536,-1.250264536,0.229391997,0.000000000,0.000000000,190.000,53.000,53.000
1786746400731,XAUT_USDT,demo,0,stale_binance,0,0.000000000,1.000000000,0.000000000,0.000000000,0.229391997,0.000000000,0.000000000,317.000,0.000,0.000
1786746400884,XAUT_USDT,demo,0,microspread_below_threshold,0,0.000000000,1.000000000,-1.250264536,-1.250264536,0.229391997,0.000000000,0.000000000,60.000,153.000,153.000
1786746401021,XAUT_USDT,demo,0,microspread_below_threshold,0,0.000000000,1.000000000,-1.250264536,-1.250264536,0.229391997,0.000000000,0.000000000,197.000,290.000,290.000
1786746401139,XAUT_USDT,demo,0,stale_binance,0,0.000000000,1.000000000,0.000000000,0.000000000,0.229391997,0.000000000,0.000000000,315.000,408.000,408.000
1786746401244,XAUT_USDT,demo,0,stale_binance,0,0.000000000,1.000000000,0.000000000,0.000000000,0.229391997,0.000000000,0.000000000,420.000,513.000,513.000
1786746401357,XAUT_USDT,demo,0,stale_binance,0,0.000000000,1.000000000,0.000000000,0.000000000,0.229391997,0.000000000,0.000000000,533.000,626.000,626.000
1786746401481,XAUT_USDT,demo,0,microspread_below_threshold,0,0.000000000,1.000000000,-1.250264536,-1.250264536,0.229391997,0.000000000,0.000000000,63.000,750.000,750.000
1786746401601,XAUT_USDT,demo,0,microspread_below_threshold,0,0.000000000,1.000000000,-1.250264536,-1.250264536,0.229391997,0.000000000,0.000000000,183.000,870.000,870.000
1786746401720,XAUT_USDT,demo,0,stale_binance,0,0.000000000,1.000000000,0.000000000,0.000000000,0.229391997,0.000000000,0.000000000,302.000,989.000,989.000
1786746401835,XAUT_USDT,demo,0,stale_binance,0,0.000000000,1.000000000,0.000000000,0.000000000,0.229391997,0.000000000,0.000000000,417.000,1104.000,1104.000
1786746401940,XAUT_USDT,demo,0,microspread_below_threshold,0,0.000000000,1.000000000,-1.250264536,-1.250264536,0.229391997,0.000000000,0.000000000,0.000,1209.000,1209.000
1786746402055,XAUT_USDT,demo,0,microspread_below_threshold,0,0.000000000,1.000000000,-1.250264536,-1.250264536,0.229391997,0.000000000,0.000000000,115.000,1324.000,1324.000
1786746402167,XAUT_USDT,demo,0,microspread_below_threshold,0,0.000000000,1.000000000,-1.250264536,-1.250264536,0.229391997,0.000000000,0.000000000,227.000,1436.000,1436.000
1786746402281,XAUT_USDT,demo,0,stale_binance,0,0.000000000,1.000000000,0.000000000,0.000000000,0.229391997,0.000000000,0.000000000,341.000,1550.000,1550.000
1786746404769,XAUT_USDT,demo,0,stale_binance,0,0.000000000,1.000000000,0.000000000,0.000000000,0.229391997,0.000000000,0.000000000,841.000,0.000,0.000
1786746404908,XAUT_USDT,demo,0,stale_binance,0,0.000000000,1.000000000,0.000000000,0.000000000,0.229391997,0.000000000,0.000000000,980.000,51.000,51.000
1786746405027,XAUT_USDT,demo,0,stale_binance,0,0.000000000,1.000000000,0.000000000,0.000000000,0.229391997,0.000000000,0.000000000,1099.000,170.000,170.000
1786746405127,XAUT_USDT,demo,0,microspread_below_threshold,0,0.000000000,1.000000000,-1.250264536,-1.250264536,0.229391997,0.000000000,0.000000000,54.000,87.000,87.000
1786746405255,XAUT_USDT,demo,0,microspread_below_threshold,0,0.000000000,1.000000000,-1.250264536,-1.250264536,0.229391997,0.000000000,0.000000000,182.000,126.000,126.000
1786746405390,XAUT_USDT,demo,0,stale_binance,0,0.000000000,1.000000000,0.000000000,0.000000000,0.229391997,0.000000000,0.000000000,317.000,60.000,60.000
1786746405491,XAUT_USDT,demo,0,stale_binance,0,0.000000000,1.000000000,0.000000000,0.000000000,0.229391997,0.000000000,0.000000000,418.000,57.000,57.000
1786746405619,XAUT_USDT,demo,0,stale_binance,0,0.000000000,1.000000000,0.000000000,0.000000000,0.229391997,0.000000000,0.000000000,546.000,57.000,57.000
1786746405736,XAUT_USDT,demo,0,stale_binance,0,0.000000000,1.000000000,0.000000000,0.000000000,0.229391997,0.000000000,0.000000000,663.000,0.000,0.000
1786746405882,XAUT_USDT,demo,0,stale_binance,0,0.000000000,1.000000000,0.000000000,0.000000000,0.229391997,0.000000000,0.000000000,809.000,61.000,61.000
1786746405994,XAUT_USDT,demo,0,stale_binance,0,0.000000000,1.000000000,0.000000000,0.000000000,0.229391997,0.000000000,0.000000000,921.000,0.000,0.000
1786746406146,XAUT_USDT,demo,0,stale_binance,0,0.000000000,1.000000000,0.000000000,0.000000000,0.229391997,0.000000000,0.000000000,1073.000,66.000,66.000
1786746406248,XAUT_USDT,demo,0,stale_binance,0,0.000000000,1.000000000,0.000000000,0.000000000,0.229391997,0.000000000,0.000000000,1175.000,1.000,1.000
1786746406395,XAUT_USDT,demo,0,stale_binance,0,0.000000000,1.000000000,0.000000000,0.000000000,0.229391997,0.000000000,0.000000000,1322.000,59.000,59.000
1786746406510,XAUT_USDT,demo,0,stale_binance,0,0.000000000,1.000000000,0.000000000,0.000000000,0.229391997,0.000000000,0.000000000,1437.000,174.000,174.000
1786746406632,XAUT_USDT,demo,0,stale_binance,0,0.000000000,1.000000000,0.000000000,0.000000000,0.229391997,0.000000000,0.000000000,1559.000,296.000,296.000
1786746406741,XAUT_USDT,demo,0,stale_binance,0,0.000000000,1.000000000,0.000000000,0.000000000,0.229391997,0.000000000,0.000000000,1668.000,62.000,62.000
1786746406898,XAUT_USDT,demo,0,stale_binance,0,0.000000000,1.000000000,0.000000000,0.000000000,0.229391997,0.000000000,0.000000000,1825.000,125.000,125.000
1786746407020,XAUT_USDT,demo,0,stale_binance,0,0.000000000,1.000000000,0.000000000,0.000000000,0.229391997,0.000000000,0.000000000,1947.000,247.000,247.000
1786746407161,XAUT_USDT,demo,0,stale_binance,0,0.000000000,1.000000000,0.000000000,0.000000000,0.229391997,0.000000000,0.000000000,2088.000,52.000,52.000
1786746407272,XAUT_USDT,demo,0,stale_binance,0,0.000000000,1.000000000,0.000000000,0.000000000,0.229391997,0.000000000,0.000000000,2199.000,59.000,59.000
1786746407394,XAUT_USDT,demo,0,stale_binance,0,0.000000000,1.000000000,0.000000000,0.000000000,0.229391997,0.000000000,0.000000000,2321.000,112.000,112.000
1786746407512,XAUT_USDT,demo,0,microspread_below_threshold,0,0.000000000,1.000000000,-1.250264536,-1.250264536,0.229391997,0.000000000,0.000000000,81.000,59.000,59.000
1786746407633,XAUT_USDT,demo,0,microspread_below_threshold,0,0.000000000,1.000000000,-1.250264536,-1.250264536,0.229391997,0.000000000,0.000000000,118.000,180.000,180.000
1786746407772,XAUT_USDT,demo,0,microspread_below_threshold,0,0.000000000,1.000000000,-1.250264536,-1.250264536,0.229391997,0.000000000,0.000000000,257.000,60.000,60.000
1786746407881,XAUT_USDT,demo,0,stale_binance,0,0.000000000,1.000000000,0.000000000,0.000000000,0.229391997,0.000000000,0.000000000,366.000,0.000,0.000
1786746408601,XAUT_USDT,demo,0,microspread_below_threshold,0,0.000000000,1.000000000,-1.250264536,-1.250264536,0.229391997,0.000000000,0.000000000,105.000,208.000,208.000
1786746408706,XAUT_USDT,demo,0,microspread_below_threshold,0,0.000000000,1.000000000,-1.250264536,-1.250264536,0.229391997,0.000000000,0.000000000,210.000,59.000,59.000
1786746408820,XAUT_USDT,demo,0,stale_binance,0,0.000000000,1.000000000,0.000000000,0.000000000,0.229391997,0.000000000,0.000000000,324.000,0.000,0.000
1786746408962,XAUT_USDT,demo,0,stale_binance,0,0.000000000,1.000000000,0.000000000,0.000000000,0.229391997,0.000000000,0.000000000,466.000,58.000,58.000
1786746409098,XAUT_USDT,demo,0,stale_binance,0,0.000000000,1.000000000,0.000000000,0.000000000,0.229391997,0.000000000,0.000000000,602.000,194.000,194.000
1786746409223,XAUT_USDT,demo,0,stale_binance,0,0.000000000,1.000000000,0.000000000,0.000000000,0.229391997,0.000000000,0.000000000,727.000,60.000,60.000
1786746409334,XAUT_USDT,demo,0,microspread_below_threshold,0,0.000000000,1.000000000,-1.250264536,-1.250264536,0.229391997,0.000000000,0.000000000,13.000,0.000,0.000
1786746409495,XAUT_USDT,demo,0,microspread_below_threshold,0,0.000000000,1.000000000,-1.250264536,-1.250264536,0.229391997,0.000000000,0.000000000,174.000,68.000,68.000
1786746409616,XAUT_USDT,demo,0,microspread_below_threshold,0,0.000000000,1.000000000,-1.250264536,-1.250264536,0.229391997,0.000000000,0.000000000,295.000,189.000,189.000
1786746409732,XAUT_USDT,demo,0,stale_binance,0,0.000000000,1.000000000,0.000000000,0.000000000,0.229391997,0.000000000,0.000000000,411.000,305.000,305.000
1786746409843,XAUT_USDT,demo,0,stale_binance,0,0.000000000,1.000000000,0.000000000,0.000000000,0.229391997,0.000000000,0.000000000,522.000,416.000,416.000
1786746409960,XAUT_USDT,demo,0,stale_binance,0,0.000000000,1.000000000,0.000000000,0.000000000,0.229391997,0.000000000,0.000000000,639.000,533.000,533.000
1786746410085,XAUT_USDT,demo,0,stale_binance,0,0.000000000,1.000000000,0.000000000,0.000000000,0.229391997,0.000000000,0.000000000,764.000,658.000,658.000
1786746410208,XAUT_USDT,demo,0,stale_binance,0,0.000000000,1.000000000,0.000000000,0.000000000,0.229391997,0.000000000,0.000000000,887.000,781.000,781.000
1786746410328,XAUT_USDT,demo,0,stale_binance,0,0.000000000,1.000000000,0.000000000,0.000000000,0.229391997,0.000000000,0.000000000,1007.000,901.000,901.000
1786746410468,XAUT_USDT,demo,0,microspread_below_threshold,0,0.000000000,1.000000000,-1.250264536,-1.250264536,0.229391997,0.000000000,0.000000000,67.000,1041.000,1041.000
1786746410581,XAUT_USDT,demo,0,microspread_below_threshold,0,0.000000000,1.000000000,-1.250264536,-1.250264536,0.229391997,0.000000000,0.000000000,180.000,1154.000,1154.000
1786746410728,XAUT_USDT,demo,0,microspread_below_threshold,0,0.000000000,1.000000000,-1.250264536,-1.250264536,0.229391997,0.000000000,0.000000000,126.000,1301.000,1301.000
1786746410830,XAUT_USDT,demo,0,microspread_below_threshold,0,0.000000000,1.000000000,-1.250264536,-1.250264536,0.229391997,0.000000000,0.000000000,1.000,1403.000,1403.000
1786746410963,XAUT_USDT,demo,0,microspread_below_threshold,0,0.000000000,1.000000000,-1.250264536,-1.250264536,0.229391997,0.000000000,0.000000000,134.000,1536.000,1536.000
1786746411077,XAUT_USDT,demo,0,microspread_below_threshold,0,0.000000000,1.000000000,-1.250264536,-1.250264536,0.229391997,0.000000000,0.000000000,248.000,1650.000,1650.000
1786746411199,XAUT_USDT,demo,0,stale_binance,0,0.000000000,1.000000000,0.000000000,0.000000000,0.229391997,0.000000000,0.000000000,370.000,1772.000,1772.000
1786746411323,XAUT_USDT,demo,0,stale_binance,0,0.000000000,1.000000000,0.000000000,0.000000000,0.229391997,0.000000000,0.000000000,494.000,1896.000,1896.000
1786746411454,XAUT_USDT,demo,0,stale_binance,0,0.000000000,1.000000000,0.000000000,0.000000000,0.229391997,0.000000000,0.000000000,625.000,63.000,63.000
1786746411563,XAUT_USDT,demo,0,microspread_below_threshold,0,0.000000000,1.000000000,-1.250264536,-1.250264536,0.229391997,0.000000000,0.000000000,55.000,172.000,172.000
1786746411703,XAUT_USDT,demo,0,microspread_below_threshold,0,0.000000000,1.000000000,-1.250264536,-1.250264536,0.229391997,0.000000000,0.000000000,195.000,53.000,53.000
1786746411811,XAUT_USDT,demo,0,stale_binance,0,0.000000000,1.000000000,0.000000000,0.000000000,0.229391997,0.000000000,0.000000000,303.000,64.000,64.000
1786746411920,XAUT_USDT,demo,0,stale_binance,0,0.000000000,1.000000000,0.000000000,0.000000000,0.229391997,0.000000000,0.000000000,412.000,0.000,0.000
1786746412037,XAUT_USDT,demo,0,microspread_below_threshold,0,0.000000000,1.000000000,-1.250264536,-1.250264536,0.229391997,0.000000000,0.000000000,0.000,117.000,117.000
1786746412148,XAUT_USDT,demo,0,microspread_below_threshold,0,0.000000000,1.000000000,-1.250264536,-1.250264536,0.229391997,0.000000000,0.000000000,111.000,228.000,228.000
1786746412266,XAUT_USDT,demo,0,microspread_below_threshold,0,0.000000000,1.000000000,-1.250264536,-1.250264536,0.229391997,0.000000000,0.000000000,229.000,0.000,0.000
1786746412401,XAUT_USDT,demo,0,stale_binance,0,0.000000000,1.000000000,0.000000000,0.000000000,0.229391997,0.000000000,0.000000000,364.000,53.000,53.000
1786746412532,XAUT_USDT,demo,0,microspread_below_threshold,0,0.000000000,1.000000000,-1.250264536,-1.250264536,0.229391997,0.000000000,0.000000000,122.000,184.000,184.000
1786746412690,XAUT_USDT,demo,0,microspread_below_threshold,0,0.000000000,1.000000000,-1.250264536,-1.250264536,0.229391997,0.000000000,0.000000000,61.000,81.000,81.000
1786746412819,XAUT_USDT,demo,0,microspread_below_threshold,0,0.000000000,1.000000000,-1.250264536,-1.250264536,0.229391997,0.000000000,0.000000000,190.000,123.000,123.000
1786746412924,XAUT_USDT,demo,0,microspread_below_threshold,0,0.000000000,1.000000000,-1.250264536,-1.250264536,0.229391997,0.000000000,0.000000000,295.000,59.000,59.000
1786746413028,XAUT_USDT,demo,0,microspread_below_threshold,0,0.000000000,1.000000000,-1.250264536,-1.250264536,0.229391997,0.000000000,0.000000000,59.000,163.000,163.000
1786746413134,XAUT_USDT,demo,0,microspread_below_threshold,0,0.000000000,1.000000000,-1.250264536,-1.250264536,0.229391997,0.000000000,0.000000000,165.000,0.000,0.000
1786746413276,XAUT_USDT,demo,0,stale_binance,0,0.000000000,1.000000000,0.000000000,0.000000000,0.229391997,0.000000000,0.000000000,307.000,67.000,67.000
1786746413381,XAUT_USDT,demo,0,stale_binance,0,0.000000000,1.000000000,0.000000000,0.000000000,0.229391997,0.000000000,0.000000000,412.000,1.000,1.000
1786746413495,XAUT_USDT,demo,0,stale_binance,0,0.000000000,1.000000000,0.000000000,0.000000000,0.229391997,0.000000000,0.000000000,526.000,115.000,115.000
1786746414347,XAUT_USDT,demo,0,stale_binance,0,0.000000000,1.000000000,0.000000000,0.000000000,0.229391997,0.000000000,0.000000000,538.000,28.000,28.000
1786746414463,XAUT_USDT,demo,0,stale_binance,0,0.000000000,1.000000000,0.000000000,0.000000000,0.229391997,0.000000000,0.000000000,654.000,144.000,144.000
1786746414587,XAUT_USDT,demo,0,stale_binance,0,0.000000000,1.000000000,0.000000000,0.000000000,0.229391997,0.000000000,0.000000000,778.000,268.000,268.000
1786746414693,XAUT_USDT,demo,0,stale_binance,0,0.000000000,1.000000000,0.000000000,0.000000000,0.229391997,0.000000000,0.000000000,884.000,0.000,0.000
1786746414803,XAUT_USDT,demo,0,stale_binance,0,0.000000000,1.000000000,0.000000000,0.000000000,0.229391997,0.000000000,0.000000000,994.000,52.000,52.000
1786746414922,XAUT_USDT,demo,0,microspread_below_threshold,0,0.000000000,1.000000000,-1.250264536,-1.250264536,0.229391997,0.000000000,0.000000000,51.000,171.000,171.000
1786746415042,XAUT_USDT,demo,0,microspread_below_threshold,0,0.000000000,1.000000000,-1.250264536,-1.250264536,0.229391997,0.000000000,0.000000000,171.000,291.000,291.000
1786746415170,XAUT_USDT,demo,0,microspread_below_threshold,0,0.000000000,1.000000000,-1.250264536,-1.250264536,0.229391997,0.000000000,0.000000000,299.000,59.000,59.000
1786746415320,XAUT_USDT,demo,0,stale_binance,0,0.000000000,1.000000000,0.000000000,0.000000000,0.229391997,0.000000000,0.000000000,449.000,58.000,58.000
1786746415435,XAUT_USDT,demo,0,stale_binance,0,0.000000000,1.000000000,0.000000000,0.000000000,0.229391997,0.000000000,0.000000000,564.000,0.000,0.000
1786746415551,XAUT_USDT,demo,0,stale_binance,0,0.000000000,1.000000000,0.000000000,0.000000000,0.229391997,0.000000000,0.000000000,680.000,116.000,116.000
1786746415669,XAUT_USDT,demo,0,stale_binance,0,0.000000000,1.000000000,0.000000000,0.000000000,0.229391997,0.000000000,0.000000000,798.000,234.000,234.000
1786746415813,XAUT_USDT,demo,0,stale_binance,0,0.000000000,1.000000000,0.000000000,0.000000000,0.229391997,0.000000000,0.000000000,942.000,121.000,121.000
1786746415939,XAUT_USDT,demo,0,stale_binance,0,0.000000000,1.000000000,0.000000000,0.000000000,0.229391997,0.000000000,0.000000000,1068.000,247.000,247.000
1786746416073,XAUT_USDT,demo,0,stale_binance,0,0.000000000,1.000000000,0.000000000,0.000000000,0.229391997,0.000000000,0.000000000,1202.000,125.000,125.000
1786746416175,XAUT_USDT,demo,0,stale_binance,0,0.000000000,1.000000000,0.000000000,0.000000000,0.229391997,0.000000000,0.000000000,1304.000,55.000,55.000
1786746416325,XAUT_USDT,demo,0,stale_binance,0,0.000000000,1.000000000,0.000000000,0.000000000,0.229391997,0.000000000,0.000000000,1454.000,120.000,120.000
1786746416440,XAUT_USDT,demo,0,microspread_below_threshold,0,0.000000000,1.000000000,-1.250264536,-1.250264536,0.229391997,0.000000000,0.000000000,74.000,56.000,56.000
1786746416547,XAUT_USDT,demo,0,microspread_below_threshold,0,0.000000000,1.000000000,-1.250264536,-1.250264536,0.229391997,0.000000000,0.000000000,39.000,0.000,0.000
1786746416698,XAUT_USDT,demo,0,microspread_below_threshold,0,0.000000000,1.000000000,-1.250264536,-1.250264536,0.229391997,0.000000000,0.000000000,190.000,60.000,60.000
1786746416808,XAUT_USDT,demo,0,microspread_below_threshold,0,0.000000000,1.000000000,-1.250264536,-1.250264536,0.229391997,0.000000000,0.000000000,300.000,1.000,1.000
1786746416931,XAUT_USDT,demo,0,stale_binance,0,0.000000000,1.000000000,0.000000000,0.000000000,0.229391997,0.000000000,0.000000000,423.000,124.000,124.000
1786746417047,XAUT_USDT,demo,0,stale_binance,0,0.000000000,1.000000000,0.000000000,0.000000000,0.229391997,0.000000000,0.000000000,539.000,240.000,240.000
1786746417147,XAUT_USDT,demo,0,stale_binance,0,0.000000000,1.000000000,0.000000000,0.000000000,0.229391997,0.000000000,0.000000000,639.000,1.000,1.000
1786746417305,XAUT_USDT,demo,0,stale_binance,0,0.000000000,1.000000000,0.000000000,0.000000000,0.229391997,0.000000000,0.000000000,797.000,62.000,62.000
1786746417462,XAUT_USDT,demo,0,stale_binance,0,0.000000000,1.000000000,0.000000000,0.000000000,0.229391997,0.000000000,0.000000000,954.000,60.000,60.000
1786746417581,XAUT_USDT,demo,0,stale_binance,0,0.000000000,1.000000000,0.000000000,0.000000000,0.229391997,0.000000000,0.000000000,1073.000,179.000,179.000
1786746417741,XAUT_USDT,demo,0,microspread_below_threshold,0,0.000000000,1.000000000,-1.250264536,-1.250264536,0.229391997,0.000000000,0.000000000,138.000,66.000,66.000
1786746417891,XAUT_USDT,demo,0,microspread_below_threshold,0,0.000000000,1.000000000,-1.250264536,-1.250264536,0.229391997,0.000000000,0.000000000,288.000,56.000,56.000
1786746418016,XAUT_USDT,demo,0,stale_binance,0,0.000000000,1.000000000,0.000000000,0.000000000,0.229391997,0.000000000,0.000000000,413.000,181.000,181.000
1786746418135,XAUT_USDT,demo,0,stale_binance,0,0.000000000,1.000000000,0.000000000,0.000000000,0.229391997,0.000000000,0.000000000,532.000,300.000,300.000
1786746418237,XAUT_USDT,demo,0,stale_binance,0,0.000000000,1.000000000,0.000000000,0.000000000,0.229391997,0.000000000,0.000000000,634.000,61.000,61.000
1786746418354,XAUT_USDT,demo,0,stale_binance,0,0.000000000,1.000000000,0.000000000,0.000000000,0.229391997,0.000000000,0.000000000,751.000,0.000,0.000
1786746418496,XAUT_USDT,demo,0,stale_binance,0,0.000000000,1.000000000,0.000000000,0.000000000,0.229391997,0.000000000,0.000000000,893.000,55.000,55.000
1786746418611,XAUT_USDT,demo,0,microspread_below_threshold,0,0.000000000,1.000000000,-1.250264536,-1.250264536,0.229391997,0.000000000,0.000000000,104.000,1.000,1.000
1786746418747,XAUT_USDT,demo,0,microspread_below_threshold,0,0.000000000,1.000000000,-1.250264536,-1.250264536,0.229391997,0.000000000,0.000000000,240.000,52.000,52.000
1786746418892,XAUT_USDT,demo,0,stale_binance,0,0.000000000,1.000000000,0.000000000,0.000000000,0.229391997,0.000000000,0.000000000,385.000,114.000,114.000
1786746419006,XAUT_USDT,demo,0,microspread_below_threshold,0,0.000000000,1.000000000,-1.250264536,-1.250264536,0.229391997,0.000000000,0.000000000,111.000,228.000,228.000
1786746419123,XAUT_USDT,demo,0,microspread_below_threshold,0,0.000000000,1.000000000,-1.250264536,-1.250264536,0.229391997,0.000000000,0.000000000,228.000,345.000,345.000
1786746419269,XAUT_USDT,demo,0,stale_binance,0,0.000000000,1.000000000,0.000000000,0.000000000,0.229391997,0.000000000,0.000000000,374.000,60.000,60.000
1786746419994,XAUT_USDT,demo,0,stale_binance,0,0.000000000,1.000000000,0.000000000,0.000000000,0.229391997,0.000000000,0.000000000,393.000,184.000,184.000
1786746420123,XAUT_USDT,demo,0,stale_binance,0,0.000000000,1.000000000,0.000000000,0.000000000,0.229391997,0.000000000,0.000000000,522.000,59.000,59.000
1786746420272,XAUT_USDT,demo,0,stale_binance,0,0.000000000,1.000000000,0.000000000,0.000000000,0.229391997,0.000000000,0.000000000,671.000,122.000,122.000
1786746420414,XAUT_USDT,demo,0,microspread_below_threshold,0,0.000000000,1.000000000,-1.250264536,-1.250264536,0.229391997,0.000000000,0.000000000,46.000,0.000,0.000
1786746420530,XAUT_USDT,demo,0,microspread_below_threshold,0,0.000000000,1.000000000,-1.250264536,-1.250264536,0.229391997,0.000000000,0.000000000,162.000,116.000,116.000
1786746420651,XAUT_USDT,demo,0,microspread_below_threshold,0,0.000000000,1.000000000,-1.250264536,-1.250264536,0.229391997,0.000000000,0.000000000,283.000,237.000,237.000
1786746420753,XAUT_USDT,demo,0,stale_binance,0,0.000000000,1.000000000,0.000000000,0.000000000,0.229391997,0.000000000,0.000000000,385.000,0.000,0.000
1786746420907,XAUT_USDT,demo,0,microspread_below_threshold,0,0.000000000,1.000000000,-1.250264536,-1.250264536,0.229391997,0.000000000,0.000000000,122.000,154.000,154.000
1786746421041,XAUT_USDT,demo,0,microspread_below_threshold,0,0.000000000,1.000000000,-1.250264536,-1.250264536,0.229391997,0.000000000,0.000000000,256.000,118.000,118.000
1786746421151,XAUT_USDT,demo,0,stale_binance,0,0.000000000,1.000000000,0.000000000,0.000000000,0.229391997,0.000000000,0.000000000,366.000,59.000,59.000
1786746421267,XAUT_USDT,demo,0,stale_binance,0,0.000000000,1.000000000,0.000000000,0.000000000,0.229391997,0.000000000,0.000000000,482.000,0.000,0.000
1786746421412,XAUT_USDT,demo,0,stale_binance,0,0.000000000,1.000000000,0.000000000,0.000000000,0.229391997,0.000000000,0.000000000,627.000,59.000,59.000
1786746421517,XAUT_USDT,demo,0,microspread_below_threshold,0,0.000000000,1.000000000,-1.250264536,-1.250264536,0.229391997,0.000000000,0.000000000,0.000,73.000,73.000
1786746421646,XAUT_USDT,demo,0,microspread_below_threshold,0,0.000000000,1.000000000,-1.250264536,-1.250264536,0.229391997,0.000000000,0.000000000,129.000,202.000,202.000
1786746421749,XAUT_USDT,demo,0,microspread_below_threshold,0,0.000000000,1.000000000,-1.250264536,-1.250264536,0.229391997,0.000000000,0.000000000,232.000,54.000,54.000
1786746421878,XAUT_USDT,demo,0,microspread_below_threshold,0,0.000000000,1.000000000,-1.250264536,-1.250264536,0.229391997,0.000000000,0.000000000,43.000,0.000,0.000
1786746422023,XAUT_USDT,demo,0,microspread_below_threshold,0,0.000000000,1.000000000,-1.250264536,-1.250264536,0.229391997,0.000000000,0.000000000,188.000,64.000,64.000
1786746422127,XAUT_USDT,demo,0,microspread_below_threshold,0,0.000000000,1.000000000,-1.250264536,-1.250264536,0.229391997,0.000000000,0.000000000,292.000,1.000,1.000
1786746422275,XAUT_USDT,demo,0,stale_binance,0,0.000000000,1.000000000,0.000000000,0.000000000,0.229391997,0.000000000,0.000000000,440.000,61.000,61.000
1786746422419,XAUT_USDT,demo,0,microspread_below_threshold,0,0.000000000,1.000000000,-1.250264536,-1.250264536,0.229391997,0.000000000,0.000000000,1.000,111.000,111.000
1786746422559,XAUT_USDT,demo,0,microspread_below_threshold,0,0.000000000,1.000000000,-1.250264536,-1.250264536,0.229391997,0.000000000,0.000000000,50.000,1.000,1.000
1786746422684,XAUT_USDT,demo,0,microspread_below_threshold,0,0.000000000,1.000000000,-1.250264536,-1.250264536,0.229391997,0.000000000,0.000000000,51.000,126.000,126.000
1786746422794,XAUT_USDT,demo,0,microspread_below_threshold,0,0.000000000,1.000000000,-1.250264536,-1.250264536,0.229391997,0.000000000,0.000000000,161.000,64.000,64.000
1786746422910,XAUT_USDT,demo,0,microspread_below_threshold,0,0.000000000,1.000000000,-1.250264536,-1.250264536,0.229391997,0.000000000,0.000000000,277.000,0.000,0.000
1786746423031,XAUT_USDT,demo,0,stale_binance,0,0.000000000,1.000000000,0.000000000,0.000000000,0.229391997,0.000000000,0.000000000,398.000,121.000,121.000
1786746423140,XAUT_USDT,demo,0,stale_binance,0,0.000000000,1.000000000,0.000000000,0.000000000,0.229391997,0.000000000,0.000000000,507.000,230.000,230.000
1786746423249,XAUT_USDT,demo,0,stale_binance,0,0.000000000,1.000000000,0.000000000,0.000000000,0.229391997,0.000000000,0.000000000,616.000,0.000,0.000
1786746423366,XAUT_USDT,demo,0,stale_binance,0,0.000000000,1.000000000,0.000000000,0.000000000,0.229391997,0.000000000,0.000000000,733.000,117.000,117.000
1786746423507,XAUT_USDT,demo,0,microspread_below_threshold,0,0.000000000,1.000000000,-1.250264536,-1.250264536,0.229391997,0.000000000,0.000000000,0.000,93.000,93.000
1786746423647,XAUT_USDT,demo,0,microspread_below_threshold,0,0.000000000,1.000000000,-1.250264536,-1.250264536,0.229391997,0.000000000,0.000000000,118.000,233.000,233.000
1786746423765,XAUT_USDT,demo,0,microspread_below_threshold,0,0.000000000,1.000000000,-1.250264536,-1.250264536,0.229391997,0.000000000,0.000000000,25.000,0.000,0.000
1786746423905,XAUT_USDT,demo,0,microspread_below_threshold,0,0.000000000,1.000000000,-1.250264536,-1.250264536,0.229391997,0.000000000,0.000000000,165.000,55.000,55.000
1786746424041,XAUT_USDT,demo,0,microspread_below_threshold,0,0.000000000,1.000000000,-1.250264536,-1.250264536,0.229391997,0.000000000,0.000000000,60.000,109.000,109.000
1786746424148,XAUT_USDT,demo,0,microspread_below_threshold,0,0.000000000,1.000000000,-1.250264536,-1.250264536,0.229391997,0.000000000,0.000000000,167.000,216.000,216.000
1786746424261,XAUT_USDT,demo,0,microspread_below_threshold,0,0.000000000,1.000000000,-1.250264536,-1.250264536,0.229391997,0.000000000,0.000000000,280.000,65.000,65.000
1786746424405,XAUT_USDT,demo,0,stale_binance,0,0.000000000,1.000000000,0.000000000,0.000000000,0.229391997,0.000000000,0.000000000,424.000,126.000,126.000
1786746424517,XAUT_USDT,demo,0,microspread_below_threshold,0,0.000000000,1.000000000,-1.250264536,-1.250264536,0.229391997,0.000000000,0.000000000,61.000,238.000,238.000
1786746424618,XAUT_USDT,demo,0,microspread_below_threshold,-1,-0.114695341,1.058778731,-1.364959876,-1.250264536,0.458778731,0.000000000,0.114695341,162.000,0.000,0.000
1786746424765,XAUT_USDT,demo,0,stale_binance,0,0.000000000,1.000000000,0.000000000,0.000000000,0.229391997,0.000000000,0.000000000,309.000,55.000,55.000
1786746424881,XAUT_USDT,demo,0,microspread_below_threshold,0,0.000000000,1.000000000,-1.250264536,-1.250264536,0.229391997,0.000000000,0.000000000,84.000,0.000,0.000
1786746425676,XAUT_USDT,demo,0,microspread_below_threshold,0,0.000000000,1.000000000,-1.250264536,-1.250264536,0.229391997,0.000000000,0.000000000,68.000,12.000,12.000
1786746425846,XAUT_USDT,demo,0,microspread_below_threshold,0,0.000000000,1.000000000,-1.250264536,-1.250264536,0.229391997,0.000000000,0.000000000,238.000,182.000,182.000
1786746425952,XAUT_USDT,demo,0,stale_binance,0,0.000000000,1.000000000,0.000000000,0.000000000,0.229391997,0.000000000,0.000000000,344.000,103.000,103.000
1786746426104,XAUT_USDT,demo,0,microspread_below_threshold,0,0.000000000,1.000000000,-1.250264536,-1.250264536,0.229391997,0.000000000,0.000000000,124.000,149.000,149.000
1786746426210,XAUT_USDT,demo,0,microspread_below_threshold,0,0.000000000,1.000000000,-1.250264536,-1.250264536,0.229391997,0.000000000,0.000000000,230.000,0.000,0.000
1786746426313,XAUT_USDT,demo,0,stale_binance,0,0.000000000,1.000000000,0.000000000,0.000000000,0.229391997,0.000000000,0.000000000,333.000,56.000,56.000
1786746426429,XAUT_USDT,demo,0,stale_binance,0,0.000000000,1.000000000,0.000000000,0.000000000,0.229391997,0.000000000,0.000000000,449.000,0.000,0.000
1786746426566,XAUT_USDT,demo,0,microspread_below_threshold,0,0.000000000,1.000000000,-1.250264536,-1.250264536,0.229391997,0.000000000,0.000000000,60.000,137.000,137.000
1786746426683,XAUT_USDT,demo,0,microspread_below_threshold,0,0.000000000,1.000000000,-1.250264536,-1.250264536,0.229391997,0.000000000,0.000000000,177.000,254.000,254.000
1786746426835,XAUT_USDT,demo,0,stale_binance,0,0.000000000,1.000000000,0.000000000,0.000000000,0.229391997,0.000000000,0.000000000,329.000,62.000,62.000
1786746426957,XAUT_USDT,demo,0,microspread_below_threshold,0,0.000000000,1.000000000,-1.250264536,-1.250264536,0.229391997,0.000000000,0.000000000,1.000,100.000,100.000
1786746427080,XAUT_USDT,demo,0,microspread_below_threshold,0,0.000000000,1.000000000,-1.250264536,-1.250264536,0.229391997,0.000000000,0.000000000,124.000,223.000,223.000
1786746427199,XAUT_USDT,demo,0,microspread_below_threshold,0,0.000000000,1.000000000,-1.250264536,-1.250264536,0.229391997,0.000000000,0.000000000,243.000,0.000,0.000
1786746427340,XAUT_USDT,demo,0,stale_binance,0,0.000000000,1.000000000,0.000000000,0.000000000,0.229391997,0.000000000,0.000000000,384.000,54.000,54.000
1786746427467,XAUT_USDT,demo,0,stale_binance,0,0.000000000,1.000000000,0.000000000,0.000000000,0.229391997,0.000000000,0.000000000,511.000,0.000,0.000
1786746427578,XAUT_USDT,demo,0,stale_binance,0,0.000000000,1.000000000,0.000000000,0.000000000,0.229391997,0.000000000,0.000000000,622.000,111.000,111.000
1786746427692,XAUT_USDT,demo,0,stale_binance,0,0.000000000,1.000000000,0.000000000,0.000000000,0.229391997,0.000000000,0.000000000,736.000,63.000,63.000
1786746427805,XAUT_USDT,demo,0,stale_binance,0,0.000000000,1.000000000,0.000000000,0.000000000,0.229391997,0.000000000,0.000000000,849.000,0.000,0.000
1786746427956,XAUT_USDT,demo,0,stale_binance,0,0.000000000,1.000000000,0.000000000,0.000000000,0.229391997,0.000000000,0.000000000,1000.000,63.000,63.000
1786746428089,XAUT_USDT,demo,0,stale_binance,0,0.000000000,1.000000000,0.000000000,0.000000000,0.229391997,0.000000000,0.000000000,1133.000,196.000,196.000
1786746428206,XAUT_USDT,demo,0,stale_binance,0,0.000000000,1.000000000,0.000000000,0.000000000,0.229391997,0.000000000,0.000000000,1250.000,57.000,57.000
1786746428373,XAUT_USDT,demo,0,stale_binance,0,0.000000000,1.000000000,0.000000000,0.000000000,0.229391997,0.000000000,0.000000000,1417.000,135.000,135.000
1786746428539,XAUT_USDT,demo,0,microspread_below_threshold,0,0.000000000,1.000000000,-1.250264536,-1.250264536,0.229391997,0.000000000,0.000000000,119.000,134.000,134.000
1786746428663,XAUT_USDT,demo,0,microspread_below_threshold,0,0.000000000,1.000000000,-1.250264536,-1.250264536,0.229391997,0.000000000,0.000000000,243.000,258.000,258.000
1786746428808,XAUT_USDT,demo,0,stale_binance,0,0.000000000,1.000000000,0.000000000,0.000000000,0.229391997,0.000000000,0.000000000,388.000,59.000,59.000
1786746428954,XAUT_USDT,demo,0,stale_binance,0,0.000000000,1.000000000,0.000000000,0.000000000,0.229391997,0.000000000,0.000000000,534.000,117.000,117.000
1786746429062,XAUT_USDT,demo,0,stale_binance,0,0.000000000,1.058789255,0.000000000,0.000000000,0.458789255,0.000000000,0.000000000,642.000,58.000,58.000
1786746429178,XAUT_USDT,demo,0,stale_binance,0,0.000000000,1.058789255,0.000000000,0.000000000,0.458789255,0.000000000,0.000000000,758.000,0.000,0.000
1786746429329,XAUT_USDT,demo,0,stale_binance,0,0.000000000,1.058789255,0.000000000,0.000000000,0.458789255,0.000000000,0.000000000,909.000,55.000,55.000
1786746429438,XAUT_USDT,demo,0,stale_binance,0,0.000000000,1.058789255,0.000000000,0.000000000,0.458789255,0.000000000,0.000000000,1018.000,72.000,72.000
1786746429575,XAUT_USDT,demo,0,microspread_below_threshold,1,0.114696656,1.058789255,-1.135567880,-1.250264536,0.458789255,0.000000000,0.000000000,65.000,209.000,209.000
1786746429688,XAUT_USDT,demo,0,microspread_below_threshold,1,0.114696656,1.058789255,-1.135567880,-1.250264536,0.458789255,0.000000000,0.000000000,56.000,0.000,0.000
1786746429840,XAUT_USDT,demo,0,microspread_below_threshold,1,0.114696656,1.058789255,-1.135567880,-1.250264536,0.458789255,0.000000000,0.000000000,208.000,63.000,63.000
1786746429966,XAUT_USDT,demo,0,stale_binance,0,0.000000000,1.058789255,0.000000000,0.000000000,0.458789255,0.000000000,0.000000000,334.000,107.000,107.000
1786746430083,XAUT_USDT,demo,0,stale_binance,0,0.000000000,1.058789255,0.000000000,0.000000000,0.458789255,0.000000000,0.000000000,451.000,224.000,224.000
1786746430185,XAUT_USDT,demo,0,stale_binance,0,0.000000000,1.058789255,0.000000000,0.000000000,0.458789255,0.000000000,0.000000000,553.000,65.000,65.000
1786746430315,XAUT_USDT,demo,0,stale_binance,0,0.000000000,1.058789255,0.000000000,0.000000000,0.458789255,0.000000000,0.000000000,683.000,107.000,107.000
1786746430465,XAUT_USDT,demo,0,microspread_below_threshold,1,0.114696656,1.058789255,-1.135567880,-1.250264536,0.458789255,0.000000000,0.000000000,55.000,72.000,72.000
1786746430583,XAUT_USDT,demo,0,microspread_below_threshold,1,0.114696656,1.058789255,-1.135567880,-1.250264536,0.458789255,0.000000000,0.000000000,173.000,190.000,190.000
1786746431331,XAUT_USDT,demo,0,stale_binance,0,0.000000000,1.058789255,0.000000000,0.000000000,0.458789255,0.000000000,0.000000000,428.000,88.000,88.000
1786746431433,XAUT_USDT,demo,0,stale_binance,0,0.000000000,1.058789255,0.000000000,0.000000000,0.458789255,0.000000000,0.000000000,530.000,0.000,0.000
1786746431545,XAUT_USDT,demo,0,stale_binance,0,0.000000000,1.058789255,0.000000000,0.000000000,0.458789255,0.000000000,0.000000000,642.000,112.000,112.000
1786746431648,XAUT_USDT,demo,0,microspread_below_threshold,1,0.114696656,1.058789255,-1.135567880,-1.250264536,0.458789255,0.000000000,0.000000000,61.000,215.000,215.000
1786746431761,XAUT_USDT,demo,0,microspread_below_threshold,1,0.114696656,1.058789255,-1.135567880,-1.250264536,0.458789255,0.000000000,0.000000000,174.000,1.000,1.000
1786746431889,XAUT_USDT,demo,0,stale_binance,0,0.000000000,1.058789255,0.000000000,0.000000000,0.458789255,0.000000000,0.000000000,302.000,129.000,129.000
1786746432044,XAUT_USDT,demo,0,stale_binance,0,0.000000000,1.058789255,0.000000000,0.000000000,0.458789255,0.000000000,0.000000000,457.000,117.000,117.000
1786746432161,XAUT_USDT,demo,0,stale_binance,0,0.000000000,1.058789255,0.000000000,0.000000000,0.458789255,0.000000000,0.000000000,574.000,234.000,234.000
1786746432278,XAUT_USDT,demo,0,microspread_below_threshold,1,0.114696656,1.058789255,-1.135567880,-1.250264536,0.458789255,0.000000000,0.000000000,0.000,0.000,0.000
1786746432423,XAUT_USDT,demo,0,microspread_below_threshold,0,0.000000000,1.058789255,-1.135567880,-1.135567880,0.458789255,0.000000000,0.000000000,145.000,65.000,65.000
1786746432528,XAUT_USDT,demo,0,microspread_below_threshold,0,0.000000000,1.058789255,-1.135567880,-1.135567880,0.458789255,0.000000000,0.000000000,250.000,0.000,0.000
1786746432674,XAUT_USDT,demo,0,microspread_below_threshold,-1,-0.114696656,1.000000000,-1.250264536,-1.135567880,0.229391997,0.000000000,0.114696656,76.000,60.000,60.000
1786746432792,XAUT_USDT,demo,0,microspread_below_threshold,-1,-0.114696656,1.000000000,-1.250264536,-1.135567880,0.229391997,0.000000000,0.000000000,194.000,0.000,0.000
1786746432925,XAUT_USDT,demo,0,stale_binance,0,0.000000000,1.000000000,0.000000000,0.000000000,0.229391997,0.000000000,0.000000000,327.000,54.000,54.000
1786746433043,XAUT_USDT,demo,0,stale_binance,0,0.000000000,1.000000000,0.000000000,0.000000000,0.229391997,0.000000000,0.000000000,445.000,172.000,172.000
1786746433167,XAUT_USDT,demo,0,stale_binance,0,0.000000000,1.000000000,0.000000000,0.000000000,0.229391997,0.000000000,0.000000000,569.000,296.000,296.000
1786746433301,XAUT_USDT,demo,0,stale_binance,0,0.000000000,1.000000000,0.000000000,0.000000000,0.229391997,0.000000000,0.000000000,703.000,59.000,59.000
1786746433443,XAUT_USDT,demo,0,stale_binance,0,0.000000000,1.000000000,0.000000000,0.000000000,0.229391997,0.000000000,0.000000000,845.000,58.000,58.000
1786746433579,XAUT_USDT,demo,0,stale_binance,0,0.000000000,1.000000000,0.000000000,0.000000000,0.229391997,0.000000000,0.000000000,981.000,109.000,109.000
1786746433698,XAUT_USDT,demo,0,microspread_below_threshold,-1,-0.114696656,1.000000000,-1.250264536,-1.135567880,0.229391997,0.000000000,0.000000000,95.000,56.000,56.000
1786746433812,XAUT_USDT,demo,0,microspread_below_threshold,-1,-0.114696656,1.000000000,-1.250264536,-1.135567880,0.229391997,0.000000000,0.000000000,63.000,83.000,83.000
1786746433929,XAUT_USDT,demo,0,microspread_below_threshold,-1,-0.114696656,1.000000000,-1.250264536,-1.135567880,0.229391997,0.000000000,0.000000000,180.000,107.000,107.000
1786746434049,XAUT_USDT,demo,0,microspread_below_threshold,-1,-0.114696656,1.000000000,-1.250264536,-1.135567880,0.229391997,0.000000000,0.000000000,300.000,227.000,227.000
1786746434159,XAUT_USDT,demo,0,stale_binance,0,0.000000000,1.000000000,0.000000000,0.000000000,0.229391997,0.000000000,0.000000000,410.000,1.000,1.000
1786746434298,XAUT_USDT,demo,0,stale_binance,0,0.000000000,1.000000000,0.000000000,0.000000000,0.229391997,0.000000000,0.000000000,549.000,54.000,54.000
1786746434398,XAUT_USDT,demo,0,stale_binance,0,0.000000000,1.000000000,0.000000000,0.000000000,0.229391997,0.000000000,0.000000000,649.000,56.000,56.000
1786746434504,XAUT_USDT,demo,0,microspread_below_threshold,-1,-0.114696656,1.000000000,-1.250264536,-1.135567880,0.229391997,0.000000000,0.000000000,0.000,87.000,87.000
1786746434629,XAUT_USDT,demo,0,microspread_below_threshold,-1,-0.114696656,1.000000000,-1.250264536,-1.135567880,0.229391997,0.000000000,0.000000000,123.000,121.000,121.000
1786746434738,XAUT_USDT,demo,0,microspread_below_threshold,-1,-0.114696656,1.000000000,-1.250264536,-1.135567880,0.229391997,0.000000000,0.000000000,232.000,63.000,63.000
1786746434872,XAUT_USDT,demo,0,stale_binance,0,0.000000000,1.000000000,0.000000000,0.000000000,0.229391997,0.000000000,0.000000000,366.000,109.000,109.000
1786746434994,XAUT_USDT,demo,0,stale_binance,0,0.000000000,1.000000000,0.000000000,0.000000000,0.229391997,0.000000000,0.000000000,488.000,62.000,62.000
1786746435125,XAUT_USDT,demo,0,stale_binance,0,0.000000000,1.000000000,0.000000000,0.000000000,0.229391997,0.000000000,0.000000000,619.000,193.000,193.000
1786746435243,XAUT_USDT,demo,0,stale_binance,0,0.000000000,1.000000000,0.000000000,0.000000000,0.229391997,0.000000000,0.000000000,737.000,311.000,311.000
1786746435343,XAUT_USDT,demo,0,stale_binance,0,0.000000000,1.000000000,0.000000000,0.000000000,0.229391997,0.000000000,0.000000000,837.000,60.000,60.000
1786746435473,XAUT_USDT,demo,0,stale_binance,0,0.000000000,1.000000000,0.000000000,0.000000000,0.229391997,0.000000000,0.000000000,967.000,116.000,116.000
1786746435626,XAUT_USDT,demo,0,microspread_below_threshold,-1,-0.114696656,1.000000000,-1.250264536,-1.135567880,0.229391997,0.000000000,0.000000000,119.000,269.000,269.000
1786746435764,XAUT_USDT,demo,0,microspread_below_threshold,-1,-0.114696656,1.000000000,-1.250264536,-1.135567880,0.229391997,0.000000000,0.000000000,257.000,62.000,62.000
1786746435874,XAUT_USDT,demo,0,stale_binance,0,0.000000000,1.000000000,0.000000000,0.000000000,0.229391997,0.000000000,0.000000000,367.000,0.000,0.000
1786746436011,XAUT_USDT,demo,0,stale_binance,0,0.000000000,1.000000000,0.000000000,0.000000000,0.229391997,0.000000000,0.000000000,504.000,54.000,54.000
1786746436135,XAUT_USDT,demo,0,stale_binance,0,0.000000000,1.000000000,0.000000000,0.000000000,0.229391997,0.000000000,0.000000000,628.000,178.000,178.000
1786746436279,XAUT_USDT,demo,0,stale_binance,0,0.000000000,1.000000000,0.000000000,0.000000000,0.229391997,0.000000000,0.000000000,772.000,59.000,59.000
1786746437006,XAUT_USDT,demo,0,microspread_below_threshold,-1,-0.114696656,1.000000000,-1.250264536,-1.135567880,0.229391997,0.000000000,0.000000000,269.000,97.000,97.000
1786746437113,XAUT_USDT,demo,0,stale_binance,0,0.000000000,1.000000000,0.000000000,0.000000000,0.229391997,0.000000000,0.000000000,376.000,204.000,204.000
1786746437240,XAUT_USDT,demo,0,stale_binance,0,0.000000000,1.000000000,0.000000000,0.000000000,0.229391997,0.000000000,0.000000000,503.000,62.000,62.000
1786746437389,XAUT_USDT,demo,0,stale_binance,0,0.000000000,1.000000000,0.000000000,0.000000000,0.229391997,0.000000000,0.000000000,652.000,53.000,53.000
1786746437493,XAUT_USDT,demo,0,stale_binance,0,0.000000000,1.000000000,0.000000000,0.000000000,0.229391997,0.000000000,0.000000000,756.000,157.000,157.000
1786746437622,XAUT_USDT,demo,0,microspread_below_threshold,-1,-0.114696656,1.000000000,-1.250264536,-1.135567880,0.229391997,0.000000000,0.000000000,115.000,286.000,286.000
1786746437729,XAUT_USDT,demo,0,microspread_below_threshold,-1,-0.114696656,1.000000000,-1.250264536,-1.135567880,0.229391997,0.000000000,0.000000000,222.000,50.000,50.000
1786746437846,XAUT_USDT,demo,0,microspread_below_threshold,-1,-0.114696656,1.000000000,-1.250264536,-1.135567880,0.229391997,0.000000000,0.000000000,66.000,82.000,82.000
1786746437997,XAUT_USDT,demo,0,microspread_below_threshold,-1,-0.114696656,1.000000000,-1.250264536,-1.135567880,0.229391997,0.000000000,0.000000000,217.000,62.000,62.000
1786746438129,XAUT_USDT,demo,0,stale_binance,0,0.000000000,1.000000000,0.000000000,0.000000000,0.229391997,0.000000000,0.000000000,349.000,107.000,107.000
1786746438260,XAUT_USDT,demo,0,stale_binance,0,0.000000000,1.000000000,0.000000000,0.000000000,0.229391997,0.000000000,0.000000000,480.000,62.000,62.000
1786746438392,XAUT_USDT,demo,0,stale_binance,0,0.000000000,1.000000000,0.000000000,0.000000000,0.229391997,0.000000000,0.000000000,612.000,107.000,107.000
1786746438508,XAUT_USDT,demo,0,stale_binance,0,0.000000000,1.000000000,0.000000000,0.000000000,0.229391997,0.000000000,0.000000000,728.000,56.000,56.000
1786746438638,XAUT_USDT,demo,0,microspread_below_threshold,0,0.000000000,1.000000000,-1.250264536,-1.250264536,0.229391997,0.000000000,0.000000000,114.000,186.000,186.000
1786746438780,XAUT_USDT,demo,0,microspread_below_threshold,0,0.000000000,1.000000000,-1.250264536,-1.250264536,0.229391997,0.000000000,0.000000000,256.000,53.000,53.000
1786746438886,XAUT_USDT,demo,0,stale_binance,0,0.000000000,1.000000000,0.000000000,0.000000000,0.229391997,0.000000000,0.000000000,362.000,0.000,0.000
1786746438999,XAUT_USDT,demo,0,stale_binance,0,0.000000000,1.000000000,0.000000000,0.000000000,0.229391997,0.000000000,0.000000000,475.000,113.000,113.000
1786746439115,XAUT_USDT,demo,0,stale_binance,0,0.000000000,1.000000000,0.000000000,0.000000000,0.229391997,0.000000000,0.000000000,591.000,229.000,229.000
1786746439246,XAUT_USDT,demo,0,stale_binance,0,0.000000000,1.000000000,0.000000000,0.000000000,0.229391997,0.000000000,0.000000000,722.000,109.000,109.000
1786746439369,XAUT_USDT,demo,0,stale_binance,0,0.000000000,1.000000000,0.000000000,0.000000000,0.229391997,0.000000000,0.000000000,845.000,58.000,58.000
1786746439473,XAUT_USDT,demo,0,stale_binance,0,0.000000000,1.000000000,0.000000000,0.000000000,0.229391997,0.000000000,0.000000000,949.000,61.000,61.000
1786746439619,XAUT_USDT,demo,0,microspread_below_threshold,0,0.000000000,1.000000000,-1.250264536,-1.250264536,0.229391997,0.000000000,0.000000000,114.000,136.000,136.000
1786746439747,XAUT_USDT,demo,0,microspread_below_threshold,0,0.000000000,1.000000000,-1.250264536,-1.250264536,0.229391997,0.000000000,0.000000000,242.000,0.000,0.000
1786746439888,XAUT_USDT,demo,0,stale_binance,0,0.000000000,1.000000000,0.000000000,0.000000000,0.229391997,0.000000000,0.000000000,383.000,58.000,58.000
1786746440025,XAUT_USDT,demo,0,stale_binance,0,0.000000000,1.000000000,0.000000000,0.000000000,0.229391997,0.000000000,0.000000000,520.000,113.000,113.000
1786746440146,XAUT_USDT,demo,0,stale_binance,0,0.000000000,1.000000000,0.000000000,0.000000000,0.229391997,0.000000000,0.000000000,641.000,234.000,234.000
1786746440260,XAUT_USDT,demo,0,microspread_below_threshold,0,0.000000000,1.000000000,-1.250264536,-1.250264536,0.229391997,0.000000000,0.000000000,43.000,0.000,0.000
1786746440370,XAUT_USDT,demo,0,microspread_below_threshold,0,0.000000000,1.000000000,-1.250264536,-1.250264536,0.229391997,0.000000000,0.000000000,0.000,110.000,110.000
1786746440478,XAUT_USDT,demo,0,microspread_below_threshold,0,0.000000000,1.000000000,-1.250264536,-1.250264536,0.229391997,0.000000000,0.000000000,108.000,52.000,52.000
1786746440599,XAUT_USDT,demo,0,microspread_below_threshold,0,0.000000000,1.000000000,-1.250264536,-1.250264536,0.229391997,0.000000000,0.000000000,108.000,173.000,173.000
1786746440746,XAUT_USDT,demo,0,microspread_below_threshold,0,0.000000000,1.000000000,-1.250264536,-1.250264536,0.229391997,0.000000000,0.000000000,143.000,61.000,61.000
1786746440859,XAUT_USDT,demo,0,microspread_below_threshold,0,0.000000000,1.000000000,-1.250264536,-1.250264536,0.229391997,0.000000000,0.000000000,27.000,0.000,0.000
1786746440975,XAUT_USDT,demo,0,microspread_below_threshold,0,0.000000000,1.000000000,-1.250264536,-1.250264536,0.229391997,0.000000000,0.000000000,143.000,116.000,116.000
1786746441094,XAUT_USDT,demo,0,microspread_below_threshold,0,0.000000000,1.000000000,-1.250264536,-1.250264536,0.229391997,0.000000000,0.000000000,58.000,235.000,235.000
1786746441201,XAUT_USDT,demo,0,microspread_below_threshold,0,0.000000000,1.000000000,-1.250264536,-1.250264536,0.229391997,0.000000000,0.000000000,165.000,0.000,0.000
1786746441341,XAUT_USDT,demo,0,microspread_below_threshold,0,0.000000000,1.000000000,-1.250264536,-1.250264536,0.229391997,0.000000000,0.000000000,123.000,140.000,140.000
1786746441454,XAUT_USDT,demo,0,microspread_below_threshold,0,0.000000000,1.000000000,-1.250264536,-1.250264536,0.229391997,0.000000000,0.000000000,236.000,0.000,0.000
1786746441559,XAUT_USDT,demo,0,microspread_below_threshold,0,0.000000000,1.000000000,-1.250264536,-1.250264536,0.229391997,0.000000000,0.000000000,53.000,105.000,105.000
1786746441673,XAUT_USDT,demo,0,microspread_below_threshold,0,0.000000000,1.000000000,-1.250264536,-1.250264536,0.229391997,0.000000000,0.000000000,167.000,219.000,219.000
1786746441794,XAUT_USDT,demo,0,microspread_below_threshold,0,0.000000000,1.000000000,-1.250264536,-1.250264536,0.229391997,0.000000000,0.000000000,57.000,82.000,82.000
1786746441912,XAUT_USDT,demo,0,microspread_below_threshold,0,0.000000000,1.000000000,-1.250264536,-1.250264536,0.229391997,0.000000000,0.000000000,175.000,113.000,113.000
1786746442643,XAUT_USDT,demo,0,microspread_below_threshold,0,0.000000000,1.000000000,-1.250264536,-1.250264536,0.229391997,0.000000000,0.000000000,127.000,244.000,244.000
1786746442765,XAUT_USDT,demo,0,microspread_below_threshold,0,0.000000000,1.000000000,-1.250264536,-1.250264536,0.229391997,0.000000000,0.000000000,0.000,24.000,24.000
1786746442892,XAUT_USDT,demo,0,microspread_below_threshold,0,0.000000000,1.000000000,-1.250264536,-1.250264536,0.229391997,0.000000000,0.000000000,125.000,151.000,151.000
1786746443031,XAUT_USDT,demo,0,microspread_below_threshold,0,0.000000000,1.000000000,-1.250264536,-1.250264536,0.229391997,0.000000000,0.000000000,264.000,117.000,117.000
1786746443162,XAUT_USDT,demo,0,stale_binance,0,0.000000000,1.000000000,0.000000000,0.000000000,0.229391997,0.000000000,0.000000000,395.000,62.000,62.000
1786746443312,XAUT_USDT,demo,0,stale_binance,0,0.000000000,1.000000000,0.000000000,0.000000000,0.229391997,0.000000000,0.000000000,545.000,56.000,56.000
1786746443440,XAUT_USDT,demo,0,stale_binance,0,0.000000000,1.000000000,0.000000000,0.000000000,0.229391997,0.000000000,0.000000000,673.000,0.000,0.000
1786746443589,XAUT_USDT,demo,0,microspread_below_threshold,0,0.000000000,1.000000000,-1.250264536,-1.250264536,0.229391997,0.000000000,0.000000000,55.000,149.000,149.000
1786746443750,XAUT_USDT,demo,0,microspread_below_threshold,0,0.000000000,1.000000000,-1.250264536,-1.250264536,0.229391997,0.000000000,0.000000000,0.000,63.000,63.000
1786746443859,XAUT_USDT,demo,0,microspread_below_threshold,0,0.000000000,1.000000000,-1.250264536,-1.250264536,0.229391997,0.000000000,0.000000000,101.000,0.000,0.000
1786746444003,XAUT_USDT,demo,0,microspread_below_threshold,0,0.000000000,1.000000000,-1.250264536,-1.250264536,0.229391997,0.000000000,0.000000000,245.000,53.000,53.000
1786746444120,XAUT_USDT,demo,0,stale_binance,0,0.000000000,1.000000000,0.000000000,0.000000000,0.229391997,0.000000000,0.000000000,362.000,170.000,170.000
1786746444253,XAUT_USDT,demo,0,stale_binance,0,0.000000000,1.000000000,0.000000000,0.000000000,0.229391997,0.000000000,0.000000000,495.000,51.000,51.000
1786746444396,XAUT_USDT,demo,0,stale_binance,0,0.000000000,1.000000000,0.000000000,0.000000000,0.229391997,0.000000000,0.000000000,638.000,110.000,110.000
1786746444507,XAUT_USDT,demo,0,microspread_below_threshold,0,0.000000000,1.000000000,-1.250264536,-1.250264536,0.229391997,0.000000000,0.000000000,0.000,49.000,49.000
1786746444622,XAUT_USDT,demo,0,microspread_below_threshold,0,0.000000000,1.000000000,-1.250264536,-1.250264536,0.229391997,0.000000000,0.000000000,115.000,164.000,164.000
1786746444724,XAUT_USDT,demo,0,microspread_below_threshold,0,0.000000000,1.000000000,-1.250264536,-1.250264536,0.229391997,0.000000000,0.000000000,217.000,0.000,0.000
1786746444861,XAUT_USDT,demo,0,microspread_below_threshold,0,0.000000000,1.000000000,-1.250264536,-1.250264536,0.229391997,0.000000000,0.000000000,122.000,52.000,52.000
1786746445006,XAUT_USDT,demo,0,microspread_below_threshold,0,0.000000000,1.000000000,-1.250264536,-1.250264536,0.229391997,0.000000000,0.000000000,267.000,113.000,113.000
1786746445119,XAUT_USDT,demo,0,stale_binance,0,0.000000000,1.000000000,0.000000000,0.000000000,0.229391997,0.000000000,0.000000000,380.000,56.000,56.000
1786746445236,XAUT_USDT,demo,0,stale_binance,0,0.000000000,1.000000000,0.000000000,0.000000000,0.229391997,0.000000000,0.000000000,497.000,0.000,0.000
1786746445378,XAUT_USDT,demo,0,stale_binance,0,0.000000000,1.000000000,0.000000000,0.000000000,0.229391997,0.000000000,0.000000000,639.000,59.000,59.000
1786746445491,XAUT_USDT,demo,0,stale_binance,0,0.000000000,1.000000000,0.000000000,0.000000000,0.229391997,0.000000000,0.000000000,752.000,0.000,0.000
1786746445601,XAUT_USDT,demo,0,microspread_below_threshold,0,0.000000000,1.000000000,-1.250264536,-1.250264536,0.229391997,0.000000000,0.000000000,0.000,110.000,110.000
1786746445711,XAUT_USDT,demo,0,microspread_below_threshold,0,0.000000000,1.000000000,-1.250264536,-1.250264536,0.229391997,0.000000000,0.000000000,110.000,220.000,220.000
1786746445861,XAUT_USDT,demo,0,microspread_below_threshold,0,0.000000000,1.000000000,-1.250264536,-1.250264536,0.229391997,0.000000000,0.000000000,260.000,106.000,106.000
1786746445978,XAUT_USDT,demo,0,stale_binance,0,0.000000000,1.000000000,0.000000000,0.000000000,0.229391997,0.000000000,0.000000000,377.000,52.000,52.000
1786746446121,XAUT_USDT,demo,0,microspread_below_threshold,0,0.000000000,1.000000000,-1.250264536,-1.250264536,0.229391997,0.000000000,0.000000000,60.000,195.000,195.000
1786746446232,XAUT_USDT,demo,0,microspread_below_threshold,0,0.000000000,1.000000000,-1.250264536,-1.250264536,0.229391997,0.000000000,0.000000000,171.000,53.000,53.000
1786746446350,XAUT_USDT,demo,0,microspread_below_threshold,0,0.000000000,1.000000000,-1.250264536,-1.250264536,0.229391997,0.000000000,0.000000000,289.000,0.000,0.000
1786746446461,XAUT_USDT,demo,0,stale_binance,0,0.000000000,1.000000000,0.000000000,0.000000000,0.229391997,0.000000000,0.000000000,400.000,111.000,111.000
1786746446594,XAUT_USDT,demo,0,microspread_below_threshold,0,0.000000000,1.000000000,-1.250264536,-1.250264536,0.229391997,0.000000000,0.000000000,63.000,244.000,244.000
1786746446696,XAUT_USDT,demo,0,microspread_below_threshold,0,0.000000000,1.000000000,-1.250264536,-1.250264536,0.229391997,0.000000000,0.000000000,165.000,0.000,0.000
1786746446836,XAUT_USDT,demo,0,microspread_below_threshold,0,0.000000000,1.000000000,-1.250264536,-1.250264536,0.229391997,0.000000000,0.000000000,99.000,56.000,56.000
1786746446950,XAUT_USDT,demo,0,microspread_below_threshold,0,0.000000000,1.000000000,-1.250264536,-1.250264536,0.229391997,0.000000000,0.000000000,213.000,0.000,0.000
1786746447069,XAUT_USDT,demo,0,stale_binance,0,0.000000000,1.000000000,0.000000000,0.000000000,0.229391997,0.000000000,0.000000000,332.000,119.000,119.000
1786746447193,XAUT_USDT,demo,0,stale_binance,0,0.000000000,1.000000000,0.000000000,0.000000000,0.229391997,0.000000000,0.000000000,456.000,243.000,243.000
1786746447321,XAUT_USDT,demo,0,stale_binance,0,0.000000000,1.000000000,0.000000000,0.000000000,0.229391997,0.000000000,0.000000000,584.000,114.000,114.000
1786746447461,XAUT_USDT,demo,0,microspread_below_threshold,0,0.000000000,1.000000000,-1.250264536,-1.250264536,0.229391997,0.000000000,0.000000000,60.000,1.000,1.000
1786746447622,XAUT_USDT,demo,0,microspread_below_threshold,0,0.000000000,1.000000000,-1.250264536,-1.250264536,0.229391997,0.000000000,0.000000000,116.000,162.000,162.000
1786746448297,XAUT_USDT,demo,0,stale_binance,0,0.000000000,1.000000000,0.000000000,0.000000000,0.229391997,0.000000000,0.000000000,558.000,141.000,141.000
1786746448408,XAUT_USDT,demo,0,stale_binance,0,0.000000000,1.000000000,0.000000000,0.000000000,0.229391997,0.000000000,0.000000000,669.000,0.000,0.000
1786746448560,XAUT_USDT,demo,0,stale_binance,0,0.000000000,1.000000000,0.000000000,0.000000000,0.229391997,0.000000000,0.000000000,821.000,66.000,66.000
1786746448664,XAUT_USDT,demo,0,stale_binance,0,0.000000000,1.000000000,0.000000000,0.000000000,0.229391997,0.000000000,0.000000000,925.000,0.000,0.000
1786746448787,XAUT_USDT,demo,0,stale_binance,0,0.000000000,1.000000000,0.000000000,0.000000000,0.229391997,0.000000000,0.000000000,1048.000,123.000,123.000
1786746448913,XAUT_USDT,demo,0,stale_binance,0,0.000000000,1.000000000,0.000000000,0.000000000,0.229391997,0.000000000,0.000000000,1174.000,62.000,62.000
1786746449013,XAUT_USDT,demo,0,stale_binance,0,0.000000000,1.000000000,0.000000000,0.000000000,0.229391997,0.000000000,0.000000000,1274.000,0.000,0.000
1786746449131,XAUT_USDT,demo,0,stale_binance,0,0.000000000,1.000000000,0.000000000,0.000000000,0.229391997,0.000000000,0.000000000,1392.000,118.000,118.000
1786746449243,XAUT_USDT,demo,0,stale_binance,0,0.000000000,1.000000000,0.000000000,0.000000000,0.229391997,0.000000000,0.000000000,1504.000,230.000,230.000
1786746449355,XAUT_USDT,demo,0,stale_binance,0,0.000000000,1.000000000,0.000000000,0.000000000,0.229391997,0.000000000,0.000000000,1616.000,0.000,0.000
1786746449494,XAUT_USDT,demo,0,microspread_below_threshold,0,0.000000000,1.000000000,-1.250264536,-1.250264536,0.229391997,0.000000000,0.000000000,53.000,55.000,55.000
1786746449626,XAUT_USDT,demo,0,microspread_below_threshold,0,0.000000000,1.000000000,-1.250264536,-1.250264536,0.229391997,0.000000000,0.000000000,185.000,187.000,187.000
1786746449759,XAUT_USDT,demo,0,stale_binance,0,0.000000000,1.000000000,0.000000000,0.000000000,0.229391997,0.000000000,0.000000000,318.000,59.000,59.000
1786746449865,XAUT_USDT,demo,0,stale_binance,0,0.000000000,1.000000000,0.000000000,0.000000000,0.229391997,0.000000000,0.000000000,424.000,0.000,0.000
1786746450009,XAUT_USDT,demo,0,stale_binance,0,0.000000000,1.000000000,0.000000000,0.000000000,0.229391997,0.000000000,0.000000000,568.000,58.000,58.000
1786746450132,XAUT_USDT,demo,0,stale_binance,0,0.000000000,1.000000000,0.000000000,0.000000000,0.229391997,0.000000000,0.000000000,691.000,181.000,181.000
1786746450238,XAUT_USDT,demo,0,microspread_below_threshold,-1,-0.642398533,1.000000000,-1.892663069,-1.250264536,0.229391997,-0.642398533,0.000000000,0.000,28.000,28.000
1786746450354,XAUT_USDT,demo,0,microspread_below_threshold,-1,-0.642398533,1.000000000,-1.892663069,-1.250264536,0.229391997,0.000000000,0.000000000,0.000,55.000,55.000
1786746450466,XAUT_USDT,demo,0,microspread_below_threshold,-1,-0.642398533,1.000000000,-1.892663069,-1.250264536,0.229391997,0.000000000,0.000000000,17.000,0.000,0.000
1786746450582,XAUT_USDT,demo,0,microspread_below_threshold,-1,-0.642398533,1.000000000,-1.892663069,-1.250264536,0.229391997,0.000000000,0.000000000,0.000,30.000,30.000
1786746450696,XAUT_USDT,demo,0,microspread_below_threshold,-1,-0.642398533,1.000000000,-1.892663069,-1.250264536,0.229391997,0.000000000,0.000000000,0.000,144.000,144.000
1786746450825,XAUT_USDT,demo,0,microspread_below_threshold,-1,-0.642398533,1.000000000,-1.892663069,-1.250264536,0.229391997,0.000000000,0.000000000,0.000,100.000,100.000
1786746450926,XAUT_USDT,demo,0,microspread_below_threshold,-1,-0.642398533,1.000000000,-1.892663069,-1.250264536,0.229391997,0.000000000,0.000000000,0.000,201.000,201.000
1786746451042,XAUT_USDT,demo,0,microspread_below_threshold,-1,-0.642398533,1.000000000,-1.892663069,-1.250264536,0.229391997,0.000000000,0.000000000,116.000,61.000,61.000
1786746451152,XAUT_USDT,demo,0,microspread_below_threshold,-1,-0.642398533,1.000000000,-1.892663069,-1.250264536,0.229391997,0.000000000,0.000000000,226.000,1.000,1.000
1786746451258,XAUT_USDT,demo,0,stale_binance,0,0.000000000,1.000000000,0.000000000,0.000000000,0.229391997,0.000000000,0.000000000,332.000,107.000,107.000
1786746451377,XAUT_USDT,demo,0,microspread_below_threshold,-1,-0.481802663,1.000000000,-1.892663069,-1.410860405,0.229391997,0.000000000,0.000000000,53.000,52.000,52.000
1786746451493,XAUT_USDT,demo,0,microspread_below_threshold,-1,-0.435917791,1.000000000,-1.892663069,-1.456745278,0.229391997,0.000000000,0.000000000,0.000,79.000,79.000
1786746451645,XAUT_USDT,demo,0,microspread_below_threshold,0,0.000000000,1.000000000,-1.892663069,-1.892663069,0.229391997,0.000000000,0.000000000,129.000,145.000,145.000
1786746451755,XAUT_USDT,demo,0,microspread_below_threshold,0,0.000000000,1.000000000,-1.892663069,-1.892663069,0.229391997,0.000000000,0.000000000,239.000,0.000,0.000
1786746451863,XAUT_USDT,demo,0,microspread_below_threshold,0,0.000000000,1.000000000,-1.892663069,-1.892663069,0.229391997,0.000000000,0.000000000,0.000,108.000,108.000
1786746451993,XAUT_USDT,demo,0,microspread_below_threshold,0,0.000000000,1.000000000,-1.892663069,-1.892663069,0.229391997,0.000000000,0.000000000,121.000,53.000,53.000
1786746452120,XAUT_USDT,demo,0,microspread_below_threshold,0,0.000000000,1.000000000,-1.892663069,-1.892663069,0.229391997,0.000000000,0.000000000,63.000,180.000,180.000
1786746452255,XAUT_USDT,demo,0,microspread_below_threshold,0,0.000000000,1.000000000,-1.892663069,-1.892663069,0.229391997,0.000000000,0.000000000,198.000,54.000,54.000
1786746452355,XAUT_USDT,demo,0,microspread_below_threshold,0,0.000000000,1.000000000,-1.892663069,-1.892663069,0.229391997,0.000000000,0.000000000,298.000,0.000,0.000
1786746452471,XAUT_USDT,demo,0,stale_binance,0,0.000000000,1.000000000,0.000000000,0.000000000,0.229391997,0.000000000,0.000000000,414.000,116.000,116.000
1786746452616,XAUT_USDT,demo,0,microspread_below_threshold,0,0.000000000,1.000000000,-1.892663069,-1.892663069,0.229391997,0.000000000,0.000000000,48.000,1.000,1.000
1786746452772,XAUT_USDT,demo,0,microspread_below_threshold,0,0.000000000,1.000000000,-1.892663069,-1.892663069,0.229391997,0.000000000,0.000000000,204.000,59.000,59.000
1786746452875,XAUT_USDT,demo,0,stale_binance,0,0.000000000,1.000000000,0.000000000,0.000000000,0.229391997,0.000000000,0.000000000,307.000,0.000,0.000
1786746453025,XAUT_USDT,demo,0,microspread_below_threshold,0,0.000000000,1.000000000,-1.892663069,-1.892663069,0.229391997,0.000000000,0.000000000,100.000,64.000,64.000
1786746453140,XAUT_USDT,demo,0,microspread_below_threshold,0,0.000000000,1.000000000,-1.892663069,-1.892663069,0.229391997,0.000000000,0.000000000,215.000,179.000,179.000
1786746453273,XAUT_USDT,demo,0,stale_binance,0,0.000000000,1.000000000,0.000000000,0.000000000,0.229391997,0.000000000,0.000000000,348.000,56.000,56.000
1786746454480,XAUT_USDT,demo,0,stale_binance,0,0.000000000,1.000000000,0.000000000,0.000000000,0.229397259,0.000000000,0.000000000,648.000,140.000,140.000
1786746454623,XAUT_USDT,demo,0,stale_binance,0,0.000000000,1.000000000,0.000000000,0.000000000,0.229397259,0.000000000,0.000000000,791.000,114.000,114.000
1786746454741,XAUT_USDT,demo,0,stale_binance,0,0.000000000,1.000000000,0.000000000,0.000000000,0.229397259,0.000000000,0.000000000,909.000,54.000,54.000
1786746454856,XAUT_USDT,demo,0,stale_binance,0,0.000000000,1.000000000,0.000000000,0.000000000,0.229397259,0.000000000,0.000000000,1024.000,0.000,0.000
1786746454999,XAUT_USDT,demo,0,stale_binance,0,0.000000000,1.000000000,0.000000000,0.000000000,0.229397259,0.000000000,0.000000000,1167.000,60.000,60.000
1786746455115,XAUT_USDT,demo,0,stale_binance,0,0.000000000,1.000000000,0.000000000,0.000000000,0.229397259,0.000000000,0.000000000,1283.000,176.000,176.000
1786746455261,XAUT_USDT,demo,0,stale_binance,0,0.000000000,1.000000000,0.000000000,0.000000000,0.229397259,0.000000000,0.000000000,1429.000,63.000,63.000
1786746455368,XAUT_USDT,demo,0,stale_binance,0,0.000000000,1.000000000,0.000000000,0.000000000,0.229397259,0.000000000,0.000000000,1536.000,0.000,0.000
1786746455505,XAUT_USDT,demo,0,stale_binance,0,0.000000000,1.000000000,0.000000000,0.000000000,0.229397259,0.000000000,0.000000000,1673.000,54.000,54.000
1786746455623,XAUT_USDT,demo,0,microspread_below_threshold,1,0.229394628,1.000000000,-1.663268441,-1.892663069,0.229397259,0.000000000,0.000000000,86.000,0.000,0.000
1786746455770,XAUT_USDT,demo,0,microspread_below_threshold,1,0.458794517,1.000000000,-1.433868551,-1.892663069,0.229402521,0.000000000,-0.229399890,233.000,52.000,52.000
1786746455883,XAUT_USDT,demo,0,stale_binance,0,0.000000000,1.000000000,0.000000000,0.000000000,0.229402521,0.000000000,0.000000000,346.000,0.000,0.000
1786746455999,XAUT_USDT,demo,0,stale_binance,0,0.000000000,1.000000000,0.000000000,0.000000000,0.229402521,0.000000000,0.000000000,462.000,116.000,116.000
1786746456108,XAUT_USDT,demo,0,stale_binance,0,0.000000000,1.000000000,0.000000000,0.000000000,0.229402521,0.000000000,0.000000000,571.000,225.000,225.000
1786746456221,XAUT_USDT,demo,0,stale_binance,0,0.000000000,1.000000000,0.000000000,0.000000000,0.229402521,0.000000000,0.000000000,684.000,0.000,0.000
1786746456355,XAUT_USDT,demo,0,stale_binance,0,0.000000000,1.000000000,0.000000000,0.000000000,0.229402521,0.000000000,0.000000000,818.000,134.000,134.000
1786746456477,XAUT_USDT,demo,0,stale_binance,0,0.000000000,1.000000000,0.000000000,0.000000000,0.229402521,0.000000000,0.000000000,940.000,0.000,0.000
1786746456601,XAUT_USDT,demo,0,stale_binance,0,0.000000000,1.000000000,0.000000000,0.000000000,0.229402521,0.000000000,0.000000000,1064.000,124.000,124.000
1786746456722,XAUT_USDT,demo,0,stale_binance,0,0.000000000,1.000000000,0.000000000,0.000000000,0.229402521,0.000000000,0.000000000,1185.000,245.000,245.000
1786746456855,XAUT_USDT,demo,0,stale_binance,0,0.000000000,1.000000000,0.000000000,0.000000000,0.229402521,0.000000000,0.000000000,1318.000,120.000,120.000
1786746456964,XAUT_USDT,demo,0,stale_binance,0,0.000000000,1.000000000,0.000000000,0.000000000,0.229402521,0.000000000,0.000000000,1427.000,53.000,53.000
1786746457084,XAUT_USDT,demo,0,stale_binance,0,0.000000000,1.000000000,0.000000000,0.000000000,0.229402521,0.000000000,0.000000000,1547.000,173.000,173.000
1786746457208,XAUT_USDT,demo,0,stale_binance,0,0.000000000,1.000000000,0.000000000,0.000000000,0.229402521,0.000000000,0.000000000,1671.000,297.000,297.000
1786746457309,XAUT_USDT,demo,0,microspread_below_threshold,1,0.458794517,1.000000000,-1.433868551,-1.892663069,0.229402521,0.000000000,0.000000000,0.000,56.000,56.000
1786746457422,XAUT_USDT,demo,0,microspread_below_threshold,1,0.458794517,1.000000000,-1.433868551,-1.892663069,0.229402521,0.000000000,0.000000000,113.000,1.000,1.000
1786746457540,XAUT_USDT,demo,0,microspread_below_threshold,1,0.458794517,1.000000000,-1.433868551,-1.892663069,0.229402521,0.000000000,0.000000000,53.000,119.000,119.000
1786746457673,XAUT_USDT,demo,0,microspread_below_threshold,1,0.458794517,1.000000000,-1.433868551,-1.892663069,0.229402521,0.000000000,0.000000000,186.000,252.000,252.000
1786746457799,XAUT_USDT,demo,0,stale_binance,0,0.000000000,1.000000000,0.000000000,0.000000000,0.229402521,0.000000000,0.000000000,312.000,121.000,121.000
1786746457922,XAUT_USDT,demo,0,stale_binance,0,0.000000000,1.000000000,0.000000000,0.000000000,0.229402521,0.000000000,0.000000000,435.000,65.000,65.000
1786746458033,XAUT_USDT,demo,0,stale_binance,0,0.000000000,1.000000000,0.000000000,0.000000000,0.229402521,0.000000000,0.000000000,546.000,176.000,176.000
1786746458190,XAUT_USDT,demo,0,stale_binance,0,0.000000000,1.000000000,0.000000000,0.000000000,0.229402521,0.000000000,0.000000000,703.000,67.000,67.000
1786746458339,XAUT_USDT,demo,0,stale_binance,0,0.000000000,1.000000000,0.000000000,0.000000000,0.229402521,0.000000000,0.000000000,852.000,55.000,55.000
1786746458459,XAUT_USDT,demo,0,stale_binance,0,0.000000000,1.000000000,0.000000000,0.000000000,0.229402521,0.000000000,0.000000000,972.000,0.000,0.000
1786746458573,XAUT_USDT,demo,0,stale_binance,0,0.000000000,1.000000000,0.000000000,0.000000000,0.229402521,0.000000000,0.000000000,1086.000,114.000,114.000
1786746458698,XAUT_USDT,demo,0,stale_binance,0,0.000000000,1.000000000,0.000000000,0.000000000,0.229402521,0.000000000,0.000000000,1211.000,239.000,239.000
1786746458826,XAUT_USDT,demo,0,stale_binance,0,0.000000000,1.000000000,0.000000000,0.000000000,0.229402521,0.000000000,0.000000000,1339.000,112.000,112.000
1786746458940,XAUT_USDT,demo,0,stale_binance,0,0.000000000,1.000000000,0.000000000,0.000000000,0.229402521,0.000000000,0.000000000,1453.000,54.000,54.000
1786746459053,XAUT_USDT,demo,0,stale_binance,0,0.000000000,1.000000000,0.000000000,0.000000000,0.229402521,0.000000000,0.000000000,1566.000,0.000,0.000
1786746459212,XAUT_USDT,demo,0,stale_binance,0,0.000000000,1.000000000,0.000000000,0.000000000,0.229402521,0.000000000,0.000000000,1725.000,64.000,64.000
1786746459316,XAUT_USDT,demo,0,stale_binance,0,0.000000000,1.000000000,0.000000000,0.000000000,0.229402521,0.000000000,0.000000000,1829.000,0.000,0.000
1786746459452,XAUT_USDT,demo,0,stale_binance,0,0.000000000,1.000000000,0.000000000,0.000000000,0.229402521,0.000000000,0.000000000,1965.000,51.000,51.000
1786746460168,XAUT_USDT,demo,0,stale_binance,0,0.000000000,1.000000000,0.000000000,0.000000000,0.229402521,0.000000000,0.000000000,590.000,250.000,250.000
1786746460322,XAUT_USDT,demo,0,microspread_below_threshold,1,0.229399890,1.000000000,-1.433868551,-1.663268441,0.229402521,0.000000000,0.000000000,64.000,63.000,63.000
1786746460455,XAUT_USDT,demo,0,microspread_below_threshold,1,0.229399890,1.000000000,-1.433868551,-1.663268441,0.229402521,0.000000000,0.000000000,105.000,108.000,108.000
1786746460576,XAUT_USDT,demo,0,microspread_below_threshold,1,0.229399890,1.000000000,-1.433868551,-1.663268441,0.229402521,0.000000000,0.000000000,226.000,229.000,229.000
1786746460693,XAUT_USDT,demo,0,stale_binance,0,0.000000000,1.000000000,0.000000000,0.000000000,0.229402521,0.000000000,0.000000000,343.000,1.000,1.000
1786746460837,XAUT_USDT,demo,0,stale_binance,0,0.000000000,1.000000000,0.000000000,0.000000000,0.229402521,0.000000000,0.000000000,487.000,56.000,56.000
1786746460949,XAUT_USDT,demo,0,stale_binance,0,0.000000000,1.000000000,0.000000000,0.000000000,0.229402521,0.000000000,0.000000000,599.000,0.000,0.000
1786746461099,XAUT_USDT,demo,0,stale_binance,0,0.000000000,1.000000000,0.000000000,0.000000000,0.229402521,0.000000000,0.000000000,749.000,64.000,64.000
1786746461236,XAUT_USDT,demo,0,stale_binance,0,0.000000000,1.000000000,0.000000000,0.000000000,0.229402521,0.000000000,0.000000000,886.000,0.000,0.000
1786746461365,XAUT_USDT,demo,0,stale_binance,0,0.000000000,1.000000000,0.000000000,0.000000000,0.229402521,0.000000000,0.000000000,1015.000,129.000,129.000
1786746461489,XAUT_USDT,demo,0,stale_binance,0,0.000000000,1.000000000,0.000000000,0.000000000,0.229402521,0.000000000,0.000000000,1139.000,105.000,105.000
1786746461615,XAUT_USDT,demo,0,stale_binance,0,0.000000000,1.000000000,0.000000000,0.000000000,0.229402521,0.000000000,0.000000000,1265.000,231.000,231.000
1786746461719,XAUT_USDT,demo,0,stale_binance,0,0.000000000,1.000000000,0.000000000,0.000000000,0.229402521,0.000000000,0.000000000,1369.000,335.000,335.000
1786746461866,XAUT_USDT,demo,0,stale_binance,0,0.000000000,1.000000000,0.000000000,0.000000000,0.229402521,0.000000000,0.000000000,1516.000,60.000,60.000
1786746461976,XAUT_USDT,demo,0,microspread_below_threshold,0,0.000000000,1.000000000,-1.433868551,-1.433868551,0.229402521,0.000000000,0.000000000,62.000,0.000,0.000
1786746462101,XAUT_USDT,demo,0,microspread_below_threshold,0,0.000000000,1.000000000,-1.433868551,-1.433868551,0.229402521,0.000000000,0.000000000,187.000,125.000,125.000
1786746462231,XAUT_USDT,demo,0,microspread_below_threshold,0,0.000000000,1.000000000,-1.433868551,-1.433868551,0.229402521,0.000000000,0.000000000,61.000,255.000,255.000
1786746462372,XAUT_USDT,demo,0,microspread_below_threshold,0,0.000000000,1.000000000,-1.433868551,-1.433868551,0.229402521,0.000000000,0.000000000,65.000,53.000,53.000
1786746462491,XAUT_USDT,demo,0,microspread_below_threshold,0,0.000000000,1.000000000,-1.433868551,-1.433868551,0.229402521,0.000000000,0.000000000,184.000,0.000,0.000
1786746462627,XAUT_USDT,demo,0,stale_binance,0,0.000000000,1.000000000,0.000000000,0.000000000,0.229402521,0.000000000,0.000000000,320.000,136.000,136.000
1786746462739,XAUT_USDT,demo,0,stale_binance,0,0.000000000,1.000000000,0.000000000,0.000000000,0.229402521,0.000000000,0.000000000,432.000,248.000,248.000
1786746462889,XAUT_USDT,demo,0,stale_binance,0,0.000000000,1.000000000,0.000000000,0.000000000,0.229402521,0.000000000,0.000000000,582.000,57.000,57.000
1786746463037,XAUT_USDT,demo,0,stale_binance,0,0.000000000,1.000000000,0.000000000,0.000000000,0.229402521,0.000000000,0.000000000,730.000,117.000,117.000
1786746463161,XAUT_USDT,demo,0,stale_binance,0,0.000000000,1.000000000,0.000000000,0.000000000,0.229402521,0.000000000,0.000000000,854.000,241.000,241.000
1786746463261,XAUT_USDT,demo,0,stale_binance,0,0.000000000,1.000000000,0.000000000,0.000000000,0.229402521,0.000000000,0.000000000,954.000,0.000,0.000
1786746463409,XAUT_USDT,demo,0,stale_binance,0,0.000000000,1.000000000,0.000000000,0.000000000,0.229402521,0.000000000,0.000000000,1102.000,62.000,62.000
1786746463551,XAUT_USDT,demo,0,stale_binance,0,0.000000000,1.000000000,0.000000000,0.000000000,0.229402521,0.000000000,0.000000000,1244.000,111.000,111.000
1786746463671,XAUT_USDT,demo,0,stale_binance,0,0.000000000,1.000000000,0.000000000,0.000000000,0.229402521,0.000000000,0.000000000,1364.000,231.000,231.000
1786746463774,XAUT_USDT,demo,0,stale_binance,0,0.000000000,1.000000000,0.000000000,0.000000000,0.229402521,0.000000000,0.000000000,1467.000,0.000,0.000
1786746463923,XAUT_USDT,demo,0,stale_binance,0,0.000000000,1.000000000,0.000000000,0.000000000,0.229402521,0.000000000,0.000000000,1616.000,64.000,64.000
1786746464038,XAUT_USDT,demo,0,stale_binance,0,0.000000000,1.000000000,0.000000000,0.000000000,0.229402521,0.000000000,0.000000000,1731.000,179.000,179.000
1786746464163,XAUT_USDT,demo,0,stale_binance,0,0.000000000,1.000000000,0.000000000,0.000000000,0.229402521,0.000000000,0.000000000,1856.000,304.000,304.000
1786746464268,XAUT_USDT,demo,0,stale_binance,0,0.000000000,1.000000000,0.000000000,0.000000000,0.229402521,0.000000000,0.000000000,1961.000,62.000,62.000
1786746464375,XAUT_USDT,demo,0,stale_binance,0,0.000000000,1.000000000,0.000000000,0.000000000,0.229402521,0.000000000,0.000000000,2068.000,0.000,0.000
1786746464478,XAUT_USDT,demo,0,microspread_below_threshold,0,0.000000000,1.000000000,-1.433868551,-1.433868551,0.229402521,0.000000000,0.000000000,0.000,15.000,15.000
1786746464604,XAUT_USDT,demo,0,microspread_below_threshold,0,0.000000000,1.000000000,-1.433868551,-1.433868551,0.229402521,0.000000000,0.000000000,126.000,54.000,54.000
1786746464725,XAUT_USDT,demo,0,microspread_below_threshold,0,0.000000000,1.000000000,-1.433868551,-1.433868551,0.229402521,0.000000000,0.000000000,247.000,0.000,0.000
1786746464866,XAUT_USDT,demo,0,microspread_below_threshold,0,0.000000000,1.000000000,-1.433868551,-1.433868551,0.229402521,0.000000000,0.000000000,129.000,56.000,56.000
1786746464982,XAUT_USDT,demo,0,microspread_below_threshold,0,0.000000000,1.000000000,-1.433868551,-1.433868551,0.229402521,0.000000000,0.000000000,245.000,0.000,0.000
1786746465119,XAUT_USDT,demo,0,microspread_below_threshold,0,0.000000000,1.000000000,-1.433868551,-1.433868551,0.229402521,0.000000000,0.000000000,0.000,137.000,137.000
1786746465841,XAUT_USDT,demo,0,microspread_below_threshold,0,0.000000000,1.000000000,-1.433868551,-1.433868551,0.229402521,0.000000000,0.000000000,259.000,4.000,4.000
1786746465987,XAUT_USDT,demo,0,stale_binance,0,0.000000000,1.000000000,0.000000000,0.000000000,0.229402521,0.000000000,0.000000000,405.000,65.000,65.000
1786746466097,XAUT_USDT,demo,0,stale_binance,0,0.000000000,1.000000000,0.000000000,0.000000000,0.229402521,0.000000000,0.000000000,515.000,0.000,0.000
1786746466217,XAUT_USDT,demo,0,stale_binance,0,0.000000000,1.000000000,0.000000000,0.000000000,0.229402521,0.000000000,0.000000000,635.000,120.000,120.000
1786746466334,XAUT_USDT,demo,0,stale_binance,0,0.000000000,1.000000000,0.000000000,0.000000000,0.229402521,0.000000000,0.000000000,752.000,237.000,237.000
1786746466441,XAUT_USDT,demo,0,microspread_below_threshold,0,0.000000000,1.000000000,-1.433868551,-1.433868551,0.229402521,0.000000000,0.000000000,31.000,0.000,0.000
1786746466582,XAUT_USDT,demo,0,microspread_below_threshold,0,0.000000000,1.000000000,-1.433868551,-1.433868551,0.229402521,0.000000000,0.000000000,172.000,58.000,58.000
1786746466697,XAUT_USDT,demo,0,microspread_below_threshold,0,0.000000000,1.000000000,-1.433868551,-1.433868551,0.229402521,0.000000000,0.000000000,84.000,0.000,0.000
1786746466836,XAUT_USDT,demo,0,microspread_below_threshold,0,0.000000000,1.000000000,-1.433868551,-1.433868551,0.229402521,0.000000000,0.000000000,66.000,139.000,139.000
1786746466986,XAUT_USDT,demo,0,microspread_below_threshold,0,0.000000000,1.000000000,-1.433868551,-1.433868551,0.229402521,0.000000000,0.000000000,216.000,116.000,116.000
1786746467093,XAUT_USDT,demo,0,stale_binance,0,0.000000000,1.000000000,0.000000000,0.000000000,0.229402521,0.000000000,0.000000000,323.000,51.000,51.000
1786746467211,XAUT_USDT,demo,0,stale_binance,0,0.000000000,1.000000000,0.000000000,0.000000000,0.229402521,0.000000000,0.000000000,441.000,169.000,169.000
1786746467349,XAUT_USDT,demo,0,stale_binance,0,0.000000000,1.000000000,0.000000000,0.000000000,0.229402521,0.000000000,0.000000000,579.000,53.000,53.000
1786746467466,XAUT_USDT,demo,0,stale_binance,0,0.000000000,1.000000000,0.000000000,0.000000000,0.229402521,0.000000000,0.000000000,696.000,1.000,1.000
1786746467615,XAUT_USDT,demo,0,stale_binance,0,0.000000000,1.000000000,0.000000000,0.000000000,0.229402521,0.000000000,0.000000000,845.000,63.000,63.000
1786746467729,XAUT_USDT,demo,0,stale_binance,0,0.000000000,1.000000000,0.000000000,0.000000000,0.229402521,0.000000000,0.000000000,959.000,177.000,177.000
1786746467886,XAUT_USDT,demo,0,stale_binance,0,0.000000000,1.000000000,0.000000000,0.000000000,0.229402521,0.000000000,0.000000000,1116.000,64.000,64.000
1786746468011,XAUT_USDT,demo,0,stale_binance,0,0.000000000,1.000000000,0.000000000,0.000000000,0.229402521,0.000000000,0.000000000,1241.000,112.000,112.000
1786746468123,XAUT_USDT,demo,0,stale_binance,0,0.000000000,1.000000000,0.000000000,0.000000000,0.229402521,0.000000000,0.000000000,1353.000,55.000,55.000
1786746468237,XAUT_USDT,demo,0,stale_binance,0,0.000000000,1.000000000,0.000000000,0.000000000,0.229402521,0.000000000,0.000000000,1467.000,169.000,169.000
1786746468379,XAUT_USDT,demo,0,microspread_below_threshold,0,0.000000000,1.000000000,-1.433868551,-1.433868551,0.229402521,0.000000000,0.000000000,0.000,49.000,49.000
1786746468497,XAUT_USDT,demo,0,microspread_below_threshold,0,0.000000000,1.000000000,-1.433868551,-1.433868551,0.229402521,0.000000000,0.000000000,118.000,0.000,0.000
1786746468612,XAUT_USDT,demo,0,microspread_below_threshold,0,0.000000000,1.000000000,-1.433868551,-1.433868551,0.229402521,0.000000000,0.000000000,233.000,115.000,115.000
1786746468722,XAUT_USDT,demo,0,stale_binance,0,0.000000000,1.000000000,0.000000000,0.000000000,0.229402521,0.000000000,0.000000000,343.000,225.000,225.000
1786746468845,XAUT_USDT,demo,0,stale_binance,0,0.000000000,1.000000000,0.000000000,0.000000000,0.229402521,0.000000000,0.000000000,466.000,0.000,0.000
1786746468967,XAUT_USDT,demo,0,stale_binance,0,0.000000000,1.000000000,0.000000000,0.000000000,0.229402521,0.000000000,0.000000000,588.000,122.000,122.000
1786746469118,XAUT_USDT,demo,0,stale_binance,0,0.000000000,1.000000000,0.000000000,0.000000000,0.229402521,0.000000000,0.000000000,739.000,106.000,106.000
1786746469242,XAUT_USDT,demo,0,stale_binance,0,0.000000000,1.000000000,0.000000000,0.000000000,0.229402521,0.000000000,0.000000000,863.000,230.000,230.000
1786746469354,XAUT_USDT,demo,0,stale_binance,0,0.000000000,1.000000000,0.000000000,0.000000000,0.229402521,0.000000000,0.000000000,975.000,1.000,1.000
1786746469492,XAUT_USDT,demo,0,stale_binance,0,0.000000000,1.000000000,0.000000000,0.000000000,0.229402521,0.000000000,0.000000000,1113.000,53.000,53.000
1786746469613,XAUT_USDT,demo,0,stale_binance,0,0.000000000,1.000000000,0.000000000,0.000000000,0.229402521,0.000000000,0.000000000,1234.000,174.000,174.000
1786746469763,XAUT_USDT,demo,0,stale_binance,0,0.000000000,1.000000000,0.000000000,0.000000000,0.229402521,0.000000000,0.000000000,1384.000,61.000,61.000
1786746469874,XAUT_USDT,demo,0,microspread_below_threshold,0,0.000000000,1.000000000,-1.433868551,-1.433868551,0.229402521,0.000000000,0.000000000,69.000,0.000,0.000
1786746470014,XAUT_USDT,demo,0,microspread_below_threshold,0,0.000000000,1.000000000,-1.433868551,-1.433868551,0.229402521,0.000000000,0.000000000,209.000,55.000,55.000
1786746470131,XAUT_USDT,demo,0,stale_binance,0,0.000000000,1.000000000,0.000000000,0.000000000,0.229402521,0.000000000,0.000000000,326.000,172.000,172.000
1786746470241,XAUT_USDT,demo,0,microspread_below_threshold,0,0.000000000,1.000000000,-1.433868551,-1.433868551,0.229402521,0.000000000,0.000000000,0.000,21.000,21.000
1786746470344,XAUT_USDT,demo,0,microspread_below_threshold,0,0.000000000,1.000000000,-1.433868551,-1.433868551,0.229402521,0.000000000,0.000000000,0.000,124.000,124.000
1786746470473,XAUT_USDT,demo,0,microspread_below_threshold,0,0.000000000,1.000000000,-1.433868551,-1.433868551,0.229402521,0.000000000,0.000000000,129.000,0.000,0.000
1786746470586,XAUT_USDT,demo,0,microspread_below_threshold,0,0.000000000,1.000000000,-1.433868551,-1.433868551,0.229402521,0.000000000,0.000000000,242.000,113.000,113.000
1786746470714,XAUT_USDT,demo,0,stale_binance,0,0.000000000,1.000000000,0.000000000,0.000000000,0.229402521,0.000000000,0.000000000,370.000,241.000,241.000
1786746470828,XAUT_USDT,demo,0,stale_binance,0,0.000000000,1.000000000,0.000000000,0.000000000,0.229402521,0.000000000,0.000000000,484.000,0.000,0.000
1786746471585,XAUT_USDT,demo,0,microspread_below_threshold,0,0.000000000,1.000000000,-1.433868551,-1.433868551,0.229402521,0.000000000,0.000000000,60.000,79.000,79.000
1786746471730,XAUT_USDT,demo,0,microspread_below_threshold,0,0.000000000,1.000000000,-1.433868551,-1.433868551,0.229402521,0.000000000,0.000000000,205.000,224.000,224.000
1786746471830,XAUT_USDT,demo,0,microspread_below_threshold,0,0.000000000,1.000000000,-1.433868551,-1.433868551,0.229402521,0.000000000,0.000000000,90.000,62.000,62.000
1786746471942,XAUT_USDT,demo,0,microspread_below_threshold,0,0.000000000,1.000000000,-1.433868551,-1.433868551,0.229402521,0.000000000,0.000000000,202.000,0.000,0.000
1786746472083,XAUT_USDT,demo,0,stale_binance,0,0.000000000,1.000000000,0.000000000,0.000000000,0.229402521,0.000000000,0.000000000,343.000,58.000,58.000
1786746472230,XAUT_USDT,demo,0,microspread_below_threshold,0,0.000000000,1.000000000,-1.433868551,-1.433868551,0.229402521,0.000000000,0.000000000,53.000,205.000,205.000
1786746472355,XAUT_USDT,demo,0,microspread_below_threshold,0,0.000000000,1.000000000,-1.433868551,-1.433868551,0.229402521,0.000000000,0.000000000,178.000,330.000,330.000
1786746472468,XAUT_USDT,demo,0,microspread_below_threshold,0,0.000000000,1.000000000,-1.433868551,-1.433868551,0.229402521,0.000000000,0.000000000,55.000,99.000,99.000
1786746472595,XAUT_USDT,demo,0,microspread_below_threshold,0,0.000000000,1.000000000,-1.433868551,-1.433868551,0.229402521,0.000000000,0.000000000,182.000,56.000,56.000
1786746472713,XAUT_USDT,demo,0,microspread_below_threshold,0,0.000000000,1.000000000,-1.433868551,-1.433868551,0.229402521,0.000000000,0.000000000,300.000,174.000,174.000
1786746472831,XAUT_USDT,demo,0,microspread_below_threshold,0,0.000000000,1.000000000,-1.433868551,-1.433868551,0.229402521,0.000000000,0.000000000,64.000,104.000,104.000
1786746472952,XAUT_USDT,demo,0,microspread_below_threshold,0,0.000000000,1.000000000,-1.433868551,-1.433868551,0.229402521,0.000000000,0.000000000,185.000,57.000,57.000
1786746473082,XAUT_USDT,demo,0,microspread_below_threshold,0,0.000000000,1.000000000,-1.433868551,-1.433868551,0.229402521,0.000000000,0.000000000,60.000,106.000,106.000
1786746473197,XAUT_USDT,demo,0,microspread_below_threshold,0,0.000000000,1.000000000,-1.433868551,-1.433868551,0.229402521,0.000000000,0.000000000,175.000,221.000,221.000
1786746473300,XAUT_USDT,demo,0,microspread_below_threshold,0,0.000000000,1.000000000,-1.433868551,-1.433868551,0.229402521,0.000000000,0.000000000,0.000,69.000,69.000
1786746473405,XAUT_USDT,demo,0,microspread_below_threshold,0,0.000000000,1.000000000,-1.433868551,-1.433868551,0.229402521,0.000000000,0.000000000,105.000,1.000,1.000
1786746473542,XAUT_USDT,demo,0,microspread_below_threshold,0,0.000000000,1.000000000,-1.433868551,-1.433868551,0.229402521,0.000000000,0.000000000,242.000,56.000,56.000
1786746473686,XAUT_USDT,demo,0,microspread_below_threshold,0,0.000000000,1.000000000,-1.433868551,-1.433868551,0.229402521,0.000000000,0.000000000,132.000,112.000,112.000
1786746473810,XAUT_USDT,demo,0,microspread_below_threshold,0,0.000000000,1.000000000,-1.433868551,-1.433868551,0.229402521,0.000000000,0.000000000,256.000,236.000,236.000
1786746473942,XAUT_USDT,demo,0,microspread_below_threshold,0,0.000000000,1.000000000,-1.433868551,-1.433868551,0.229402521,0.000000000,0.000000000,0.000,113.000,113.000
1786746474068,XAUT_USDT,demo,0,microspread_below_threshold,0,0.000000000,1.000000000,-1.433868551,-1.433868551,0.229402521,0.000000000,0.000000000,126.000,65.000,65.000
1786746474208,XAUT_USDT,demo,0,microspread_below_threshold,0,0.000000000,1.000000000,-1.433868551,-1.433868551,0.229402521,0.000000000,0.000000000,266.000,122.000,122.000
1786746474344,XAUT_USDT,demo,0,microspread_below_threshold,0,0.000000000,1.000000000,-1.433868551,-1.433868551,0.229402521,0.000000000,0.000000000,0.000,258.000,258.000
1786746474499,XAUT_USDT,demo,0,microspread_below_threshold,0,0.000000000,1.000000000,-1.433868551,-1.433868551,0.229402521,0.000000000,0.000000000,155.000,66.000,66.000
1786746474643,XAUT_USDT,demo,0,microspread_below_threshold,0,0.000000000,1.000000000,-1.433868551,-1.433868551,0.229402521,0.000000000,0.000000000,299.000,126.000,126.000
1786746474768,XAUT_USDT,demo,0,stale_binance,0,0.000000000,1.000000000,0.000000000,0.000000000,0.229402521,0.000000000,0.000000000,424.000,251.000,251.000
1786746474883,XAUT_USDT,demo,0,stale_binance,0,0.000000000,1.000000000,0.000000000,0.000000000,0.229402521,0.000000000,0.000000000,539.000,107.000,107.000
1786746474983,XAUT_USDT,demo,0,microspread_below_threshold,0,0.000000000,1.000000000,-1.433868551,-1.433868551,0.229402521,0.000000000,0.000000000,1.000,36.000,36.000
1786746475083,XAUT_USDT,demo,0,microspread_below_threshold,0,0.000000000,1.000000000,-1.433868551,-1.433868551,0.229402521,0.000000000,0.000000000,101.000,51.000,51.000
1786746475206,XAUT_USDT,demo,0,microspread_below_threshold,0,0.000000000,1.000000000,-1.433868551,-1.433868551,0.229402521,0.000000000,0.000000000,224.000,0.000,0.000
1786746475344,XAUT_USDT,demo,0,stale_binance,0,0.000000000,1.000000000,0.000000000,0.000000000,0.229402521,0.000000000,0.000000000,362.000,52.000,52.000
1786746475463,XAUT_USDT,demo,0,stale_binance,0,0.000000000,1.000000000,0.000000000,0.000000000,0.229402521,0.000000000,0.000000000,481.000,0.000,0.000
1786746475606,XAUT_USDT,demo,0,stale_binance,0,0.000000000,1.000000000,0.000000000,0.000000000,0.229402521,0.000000000,0.000000000,624.000,63.000,63.000
1786746475748,XAUT_USDT,demo,0,microspread_below_threshold,0,0.000000000,1.000000000,-1.433868551,-1.433868551,0.229402521,0.000000000,0.000000000,55.000,205.000,205.000
1786746475875,XAUT_USDT,demo,0,microspread_below_threshold,0,0.000000000,1.000000000,-1.433868551,-1.433868551,0.229402521,0.000000000,0.000000000,182.000,332.000,332.000
1786746476032,XAUT_USDT,demo,0,stale_binance,0,0.000000000,1.000000000,0.000000000,0.000000000,0.229402521,0.000000000,0.000000000,339.000,58.000,58.000
1786746476184,XAUT_USDT,demo,0,stale_binance,0,0.000000000,1.000000000,0.000000000,0.000000000,0.229402521,0.000000000,0.000000000,491.000,126.000,126.000
1786746476314,XAUT_USDT,demo,0,microspread_below_threshold,0,0.000000000,1.000000000,-1.433868551,-1.433868551,0.229402521,0.000000000,0.000000000,48.000,0.000,0.000
1786746476443,XAUT_USDT,demo,0,microspread_below_threshold,0,0.000000000,1.000000000,-1.433868551,-1.433868551,0.229402521,0.000000000,0.000000000,62.000,129.000,129.000
1786746476583,XAUT_USDT,demo,0,microspread_below_threshold,0,0.000000000,1.000000000,-1.433868551,-1.433868551,0.229402521,0.000000000,0.000000000,56.000,100.000,100.000
1786746477294,XAUT_USDT,demo,0,stale_binance,0,0.000000000,1.000000000,0.000000000,0.000000000,0.229402521,0.000000000,0.000000000,767.000,39.000,39.000
1786746477424,XAUT_USDT,demo,0,stale_binance,0,0.000000000,1.000000000,0.000000000,0.000000000,0.229402521,0.000000000,0.000000000,897.000,0.000,0.000
1786746477542,XAUT_USDT,demo,0,stale_binance,0,0.000000000,1.000000000,0.000000000,0.000000000,0.229402521,0.000000000,0.000000000,1015.000,118.000,118.000
1786746477649,XAUT_USDT,demo,0,stale_binance,0,0.000000000,1.000000000,0.000000000,0.000000000,0.229402521,0.000000000,0.000000000,1122.000,55.000,55.000
1786746477771,XAUT_USDT,demo,0,stale_binance,0,0.000000000,1.000000000,0.000000000,0.000000000,0.229402521,0.000000000,0.000000000,1244.000,177.000,177.000
1786746477898,XAUT_USDT,demo,0,stale_binance,0,0.000000000,1.000000000,0.000000000,0.000000000,0.229402521,0.000000000,0.000000000,1371.000,304.000,304.000
1786746478010,XAUT_USDT,demo,0,stale_binance,0,0.000000000,1.000000000,0.000000000,0.000000000,0.229402521,0.000000000,0.000000000,1483.000,65.000,65.000
1786746478159,XAUT_USDT,demo,0,stale_binance,0,0.000000000,1.000000000,0.000000000,0.000000000,0.229402521,0.000000000,0.000000000,1632.000,130.000,130.000
1786746478281,XAUT_USDT,demo,0,stale_binance,0,0.000000000,1.000000000,0.000000000,0.000000000,0.229402521,0.000000000,0.000000000,1754.000,252.000,252.000
1786746478405,XAUT_USDT,demo,0,stale_binance,0,0.000000000,1.000000000,0.000000000,0.000000000,0.229402521,0.000000000,0.000000000,1878.000,113.000,113.000
1786746478524,XAUT_USDT,demo,0,stale_binance,0,0.000000000,1.000000000,0.000000000,0.000000000,0.229402521,0.000000000,0.000000000,1997.000,51.000,51.000
1786746478638,XAUT_USDT,demo,0,microspread_below_threshold,0,0.000000000,1.000000000,-1.433868551,-1.433868551,0.229402521,0.000000000,0.000000000,61.000,91.000,91.000
1786746478782,XAUT_USDT,demo,0,microspread_below_threshold,0,0.000000000,1.000000000,-1.433868551,-1.433868551,0.229402521,0.000000000,0.000000000,107.000,62.000,62.000
1786746478891,XAUT_USDT,demo,0,microspread_below_threshold,0,0.000000000,1.000000000,-1.433868551,-1.433868551,0.229402521,0.000000000,0.000000000,91.000,1.000,1.000
1786746479012,XAUT_USDT,demo,0,microspread_below_threshold,0,0.000000000,1.000000000,-1.433868551,-1.433868551,0.229402521,0.000000000,0.000000000,212.000,122.000,122.000
1786746479119,XAUT_USDT,demo,0,microspread_below_threshold,0,0.000000000,1.000000000,-1.433868551,-1.433868551,0.229402521,0.000000000,0.000000000,0.000,58.000,58.000
1786746479235,XAUT_USDT,demo,0,microspread_below_threshold,0,0.000000000,1.000000000,-1.433868551,-1.433868551,0.229402521,0.000000000,0.000000000,116.000,0.000,0.000
1786746479363,XAUT_USDT,demo,0,microspread_below_threshold,0,0.000000000,1.000000000,-1.433868551,-1.433868551,0.229402521,0.000000000,0.000000000,244.000,128.000,128.000
1786746479463,XAUT_USDT,demo,0,stale_binance,0,0.000000000,1.000000000,0.000000000,0.000000000,0.229402521,0.000000000,0.000000000,344.000,58.000,58.000
1786746479579,XAUT_USDT,demo,0,stale_binance,0,0.000000000,1.000000000,0.000000000,0.000000000,0.229402521,0.000000000,0.000000000,460.000,0.000,0.000
1786746479695,XAUT_USDT,demo,0,stale_binance,0,0.000000000,1.000000000,0.000000000,0.000000000,0.229402521,0.000000000,0.000000000,576.000,116.000,116.000
1786746479843,XAUT_USDT,demo,0,microspread_below_threshold,0,0.000000000,1.000000000,-1.433868551,-1.433868551,0.229402521,0.000000000,0.000000000,63.000,264.000,264.000
1786746479956,XAUT_USDT,demo,0,microspread_below_threshold,0,0.000000000,1.000000000,-1.433868551,-1.433868551,0.229402521,0.000000000,0.000000000,176.000,111.000,111.000
1786746480074,XAUT_USDT,demo,0,microspread_below_threshold,0,0.000000000,1.000000000,-1.433868551,-1.433868551,0.229402521,0.000000000,0.000000000,83.000,60.000,60.000
1786746480183,XAUT_USDT,demo,0,microspread_below_threshold,0,0.000000000,1.000000000,-1.433868551,-1.433868551,0.229402521,0.000000000,0.000000000,192.000,0.000,0.000
1786746480328,XAUT_USDT,demo,0,microspread_below_threshold,0,0.000000000,1.000000000,-1.433868551,-1.433868551,0.229402521,0.000000000,0.000000000,56.000,56.000,56.000
1786746480439,XAUT_USDT,demo,0,microspread_below_threshold,0,0.000000000,1.000000000,-1.433868551,-1.433868551,0.229402521,0.000000000,0.000000000,36.000,0.000,0.000
1786746480578,XAUT_USDT,demo,0,microspread_below_threshold,0,0.000000000,1.000000000,-1.433868551,-1.433868551,0.229402521,0.000000000,0.000000000,175.000,55.000,55.000
1786746480694,XAUT_USDT,demo,0,microspread_below_threshold,0,0.000000000,1.000000000,-1.433868551,-1.433868551,0.229402521,0.000000000,0.000000000,291.000,171.000,171.000
1786746480813,XAUT_USDT,demo,0,microspread_below_threshold,0,0.000000000,1.000000000,-1.433868551,-1.433868551,0.229402521,0.000000000,0.000000000,0.000,117.000,117.000
1786746480924,XAUT_USDT,demo,0,microspread_below_threshold,0,0.000000000,1.000000000,-1.433868551,-1.433868551,0.229402521,0.000000000,0.000000000,111.000,228.000,228.000
1786746481032,XAUT_USDT,demo,0,microspread_below_threshold,0,0.000000000,1.000000000,-1.433868551,-1.433868551,0.229402521,0.000000000,0.000000000,57.000,80.000,80.000
1786746481147,XAUT_USDT,demo,0,microspread_below_threshold,0,0.000000000,1.000000000,-1.433868551,-1.433868551,0.229402521,0.000000000,0.000000000,54.000,109.000,109.000
1786746481260,XAUT_USDT,demo,0,microspread_below_threshold,0,0.000000000,1.000000000,-1.433868551,-1.433868551,0.229402521,0.000000000,0.000000000,64.000,51.000,51.000
1786746481381,XAUT_USDT,demo,0,microspread_below_threshold,0,0.000000000,1.000000000,-1.433868551,-1.433868551,0.229402521,0.000000000,0.000000000,185.000,1.000,1.000
1786746481522,XAUT_USDT,demo,0,stale_binance,0,0.000000000,1.000000000,0.000000000,0.000000000,0.229402521,0.000000000,0.000000000,326.000,59.000,59.000
1786746481636,XAUT_USDT,demo,0,stale_binance,0,0.000000000,1.000000000,0.000000000,0.000000000,0.229402521,0.000000000,0.000000000,440.000,0.000,0.000
1786746481761,XAUT_USDT,demo,0,microspread_below_threshold,0,0.000000000,1.000000000,-1.433868551,-1.433868551,0.229402521,0.000000000,0.000000000,114.000,125.000,125.000
1786746481879,XAUT_USDT,demo,0,microspread_below_threshold,0,0.000000000,1.000000000,-1.433868551,-1.433868551,0.229402521,0.000000000,0.000000000,55.000,243.000,243.000
1786746482032,XAUT_USDT,demo,0,microspread_below_threshold,0,0.000000000,1.000000000,-1.433868551,-1.433868551,0.229402521,0.000000000,0.000000000,208.000,54.000,54.000
1786746482138,XAUT_USDT,demo,0,microspread_below_threshold,0,0.000000000,1.000000000,-1.433868551,-1.433868551,0.229402521,0.000000000,0.000000000,0.000,160.000,160.000
1786746482276,XAUT_USDT,demo,0,microspread_below_threshold,0,0.000000000,1.000000000,-1.433868551,-1.433868551,0.229402521,0.000000000,0.000000000,138.000,124.000,124.000
1786746482957,XAUT_USDT,demo,0,stale_binance,0,0.000000000,1.000000000,0.000000000,0.000000000,0.229402521,0.000000000,0.000000000,661.000,205.000,205.000
1786746483091,XAUT_USDT,demo,0,microspread_below_threshold,0,0.000000000,1.000000000,-1.433868551,-1.433868551,0.229402521,0.000000000,0.000000000,50.000,0.000,0.000
1786746483209,XAUT_USDT,demo,0,microspread_below_threshold,0,0.000000000,1.000000000,-1.433868551,-1.433868551,0.229402521,0.000000000,0.000000000,168.000,118.000,118.000
1786746483331,XAUT_USDT,demo,0,microspread_below_threshold,0,0.000000000,1.000000000,-1.433868551,-1.433868551,0.229402521,0.000000000,0.000000000,290.000,240.000,240.000
1786746483436,XAUT_USDT,demo,0,stale_binance,0,0.000000000,1.000000000,0.000000000,0.000000000,0.229402521,0.000000000,0.000000000,395.000,0.000,0.000
1786746483544,XAUT_USDT,demo,0,stale_binance,0,0.000000000,1.000000000,0.000000000,0.000000000,0.229402521,0.000000000,0.000000000,503.000,108.000,108.000
1786746483662,XAUT_USDT,demo,0,stale_binance,0,0.000000000,1.000000000,0.000000000,0.000000000,0.229402521,0.000000000,0.000000000,621.000,226.000,226.000
1786746483782,XAUT_USDT,demo,0,stale_binance,0,0.000000000,1.000000000,0.000000000,0.000000000,0.229402521,0.000000000,0.000000000,741.000,1.000,1.000
1786746483928,XAUT_USDT,demo,0,stale_binance,0,0.000000000,1.000000000,0.000000000,0.000000000,0.229402521,0.000000000,0.000000000,887.000,64.000,64.000
1786746484036,XAUT_USDT,demo,0,stale_binance,0,0.000000000,1.000000000,0.000000000,0.000000000,0.229402521,0.000000000,0.000000000,995.000,0.000,0.000
1786746484153,XAUT_USDT,demo,0,stale_binance,0,0.000000000,1.000000000,0.000000000,0.000000000,0.229402521,0.000000000,0.000000000,1112.000,117.000,117.000
1786746484271,XAUT_USDT,demo,0,stale_binance,0,0.000000000,1.000000000,0.000000000,0.000000000,0.229402521,0.000000000,0.000000000,1230.000,235.000,235.000
1786746484379,XAUT_USDT,demo,0,stale_binance,0,0.000000000,1.000000000,0.000000000,0.000000000,0.229402521,0.000000000,0.000000000,1338.000,343.000,343.000
1786746484527,XAUT_USDT,demo,0,stale_binance,0,0.000000000,1.000000000,0.000000000,0.000000000,0.229402521,0.000000000,0.000000000,1486.000,61.000,61.000
1786746484640,XAUT_USDT,demo,0,microspread_below_threshold,0,0.000000000,1.000000000,-1.433868551,-1.433868551,0.229402521,0.000000000,0.000000000,88.000,0.000,0.000
1786746484781,XAUT_USDT,demo,0,microspread_below_threshold,0,0.000000000,1.000000000,-1.433868551,-1.433868551,0.229402521,0.000000000,0.000000000,229.000,54.000,54.000
1786746484910,XAUT_USDT,demo,0,stale_binance,0,0.000000000,1.000000000,0.000000000,0.000000000,0.229402521,0.000000000,0.000000000,358.000,0.000,0.000
1786746485049,XAUT_USDT,demo,0,microspread_below_threshold,0,0.000000000,1.000000000,-1.433868551,-1.433868551,0.229402521,0.000000000,0.000000000,100.000,59.000,59.000
1786746485161,XAUT_USDT,demo,0,microspread_below_threshold,0,0.000000000,1.000000000,-1.433868551,-1.433868551,0.229402521,0.000000000,0.000000000,212.000,171.000,171.000
1786746485290,XAUT_USDT,demo,0,stale_binance,0,0.000000000,1.000000000,0.000000000,0.000000000,0.229402521,0.000000000,0.000000000,341.000,300.000,300.000
1786746485410,XAUT_USDT,demo,0,stale_binance,0,0.000000000,1.000000000,0.000000000,0.000000000,0.229402521,0.000000000,0.000000000,461.000,1.000,1.000
1786746485553,XAUT_USDT,demo,0,stale_binance,0,0.000000000,1.000000000,0.000000000,0.000000000,0.229402521,0.000000000,0.000000000,604.000,58.000,58.000
1786746485655,XAUT_USDT,demo,0,microspread_below_threshold,0,0.000000000,1.000000000,-1.433868551,-1.433868551,0.229402521,0.000000000,0.000000000,60.000,75.000,75.000
1786746485809,XAUT_USDT,demo,0,microspread_below_threshold,0,0.000000000,1.000000000,-1.433868551,-1.433868551,0.229402521,0.000000000,0.000000000,214.000,57.000,57.000
1786746485923,XAUT_USDT,demo,0,stale_binance,0,0.000000000,1.000000000,0.000000000,0.000000000,0.229402521,0.000000000,0.000000000,328.000,1.000,1.000
1786746486070,XAUT_USDT,demo,0,stale_binance,0,0.000000000,1.000000000,0.000000000,0.000000000,0.229402521,0.000000000,0.000000000,475.000,62.000,62.000
1786746486189,XAUT_USDT,demo,0,stale_binance,0,0.000000000,1.000000000,0.000000000,0.000000000,0.229402521,0.000000000,0.000000000,594.000,181.000,181.000
1786746486306,XAUT_USDT,demo,0,stale_binance,0,0.000000000,1.000000000,0.000000000,0.000000000,0.229402521,0.000000000,0.000000000,711.000,298.000,298.000
1786746486431,XAUT_USDT,demo,0,stale_binance,0,0.000000000,1.000000000,0.000000000,0.000000000,0.229402521,0.000000000,0.000000000,836.000,64.000,64.000
1786746486569,XAUT_USDT,demo,0,stale_binance,0,0.000000000,1.000000000,0.000000000,0.000000000,0.229402521,0.000000000,0.000000000,974.000,126.000,126.000
1786746486690,XAUT_USDT,demo,0,stale_binance,0,0.000000000,1.000000000,0.000000000,0.000000000,0.229402521,0.000000000,0.000000000,1095.000,78.000,78.000
1786746486844,XAUT_USDT,demo,0,stale_binance,0,0.000000000,1.000000000,0.000000000,0.000000000,0.229402521,0.000000000,0.000000000,1249.000,57.000,57.000
1786746486955,XAUT_USDT,demo,0,stale_binance,0,0.000000000,1.000000000,0.000000000,0.000000000,0.229402521,0.000000000,0.000000000,1360.000,0.000,0.000
1786746487101,XAUT_USDT,demo,0,microspread_below_threshold,0,0.000000000,1.000000000,-1.433868551,-1.433868551,0.229402521,0.000000000,0.000000000,58.000,58.000,58.000
1786746487206,XAUT_USDT,demo,0,microspread_below_threshold,0,0.000000000,1.000000000,-1.433868551,-1.433868551,0.229402521,0.000000000,0.000000000,163.000,163.000,163.000
1786746487326,XAUT_USDT,demo,0,microspread_below_threshold,0,0.000000000,1.000000000,-1.433868551,-1.433868551,0.229402521,0.000000000,0.000000000,283.000,283.000,283.000
1786746487442,XAUT_USDT,demo,0,stale_binance,0,0.000000000,1.000000000,0.000000000,0.000000000,0.229402521,0.000000000,0.000000000,399.000,54.000,54.000
1786746487557,XAUT_USDT,demo,0,stale_binance,0,0.000000000,1.000000000,0.000000000,0.000000000,0.229402521,0.000000000,0.000000000,514.000,0.000,0.000
1786746487708,XAUT_USDT,demo,0,stale_binance,0,0.000000000,1.000000000,0.000000000,0.000000000,0.229402521,0.000000000,0.000000000,665.000,61.000,61.000
1786746487824,XAUT_USDT,demo,0,stale_binance,0,0.000000000,1.000000000,0.000000000,0.000000000,0.229402521,0.000000000,0.000000000,781.000,0.000,0.000
1786746488641,XAUT_USDT,demo,0,stale_binance,0,0.000000000,1.000000000,0.000000000,0.000000000,0.229402521,0.000000000,0.000000000,1598.000,140.000,140.000
1786746488761,XAUT_USDT,demo,0,stale_binance,0,0.000000000,1.000000000,0.000000000,0.000000000,0.229402521,0.000000000,0.000000000,1718.000,1.000,1.000
1786746488899,XAUT_USDT,demo,0,stale_binance,0,0.000000000,1.000000000,0.000000000,0.000000000,0.229402521,0.000000000,0.000000000,1856.000,51.000,51.000
1786746489019,XAUT_USDT,demo,0,stale_binance,0,0.000000000,1.000000000,0.000000000,0.000000000,0.229402521,0.000000000,0.000000000,1976.000,0.000,0.000
1786746489156,XAUT_USDT,demo,0,microspread_below_threshold,0,0.000000000,1.000000000,-1.433868551,-1.433868551,0.229402521,0.000000000,0.000000000,117.000,137.000,137.000
1786746489301,XAUT_USDT,demo,0,microspread_below_threshold,0,0.000000000,1.000000000,-1.433868551,-1.433868551,0.229402521,0.000000000,0.000000000,262.000,108.000,108.000
1786746489422,XAUT_USDT,demo,0,stale_binance,0,0.000000000,1.000000000,0.000000000,0.000000000,0.229402521,0.000000000,0.000000000,383.000,229.000,229.000
1786746489575,XAUT_USDT,demo,0,microspread_below_threshold,0,0.000000000,1.000000000,-1.433868551,-1.433868551,0.229402521,0.000000000,0.000000000,59.000,125.000,125.000
1786746489707,XAUT_USDT,demo,0,microspread_below_threshold,0,0.000000000,1.000000000,-1.433868551,-1.433868551,0.229402521,0.000000000,0.000000000,60.000,257.000,257.000
1786746489825,XAUT_USDT,demo,0,microspread_below_threshold,0,0.000000000,1.000000000,-1.433868551,-1.433868551,0.229402521,0.000000000,0.000000000,178.000,114.000,114.000
1786746489932,XAUT_USDT,demo,0,microspread_below_threshold,0,0.000000000,1.000000000,-1.433868551,-1.433868551,0.229402521,0.000000000,0.000000000,285.000,53.000,53.000
1786746490086,XAUT_USDT,demo,0,stale_binance,0,0.000000000,1.000000000,0.000000000,0.000000000,0.229402521,0.000000000,0.000000000,439.000,121.000,121.000
1786746490193,XAUT_USDT,demo,0,stale_binance,0,0.000000000,1.000000000,0.000000000,0.000000000,0.229402521,0.000000000,0.000000000,546.000,58.000,58.000
1786746490329,XAUT_USDT,demo,0,microspread_below_threshold,0,0.000000000,1.000000000,-1.433868551,-1.433868551,0.229402521,0.000000000,0.000000000,58.000,194.000,194.000
1786746490464,XAUT_USDT,demo,0,microspread_below_threshold,0,0.000000000,1.000000000,-1.433868551,-1.433868551,0.229402521,0.000000000,0.000000000,91.000,62.000,62.000
1786746490569,XAUT_USDT,demo,0,microspread_below_threshold,0,0.000000000,1.000000000,-1.433868551,-1.433868551,0.229402521,0.000000000,0.000000000,63.000,0.000,0.000
1786746490677,XAUT_USDT,demo,0,microspread_below_threshold,0,0.000000000,1.000000000,-1.433868551,-1.433868551,0.229402521,0.000000000,0.000000000,171.000,108.000,108.000
1786746490811,XAUT_USDT,demo,0,stale_binance,0,0.000000000,1.000000000,0.000000000,0.000000000,0.229402521,0.000000000,0.000000000,305.000,52.000,52.000
1786746490914,XAUT_USDT,demo,0,stale_binance,0,0.000000000,1.000000000,0.000000000,0.000000000,0.229402521,0.000000000,0.000000000,408.000,0.000,0.000
1786746491060,XAUT_USDT,demo,0,stale_binance,0,0.000000000,1.000000000,0.000000000,0.000000000,0.229402521,0.000000000,0.000000000,554.000,54.000,54.000
1786746491201,XAUT_USDT,demo,0,microspread_below_threshold,0,0.000000000,1.000000000,-1.433868551,-1.433868551,0.229402521,0.000000000,0.000000000,65.000,117.000,117.000
1786746491311,XAUT_USDT,demo,0,microspread_below_threshold,0,0.000000000,1.000000000,-1.433868551,-1.433868551,0.229402521,0.000000000,0.000000000,175.000,227.000,227.000
1786746491428,XAUT_USDT,demo,0,microspread_below_threshold,0,0.000000000,1.000000000,-1.433868551,-1.433868551,0.229402521,0.000000000,0.000000000,292.000,344.000,344.000
1786746491579,XAUT_USDT,demo,0,stale_binance,0,0.000000000,1.000000000,0.000000000,0.000000000,0.229402521,0.000000000,0.000000000,443.000,63.000,63.000
1786746491687,XAUT_USDT,demo,0,stale_binance,0,0.000000000,1.000000000,0.000000000,0.000000000,0.229402521,0.000000000,0.000000000,551.000,1.000,1.000
1786746491828,XAUT_USDT,demo,0,stale_binance,0,0.000000000,1.000000000,0.000000000,0.000000000,0.229402521,0.000000000,0.000000000,692.000,53.000,53.000
1786746491928,XAUT_USDT,demo,0,stale_binance,0,0.000000000,1.000000000,0.000000000,0.000000000,0.229402521,0.000000000,0.000000000,792.000,66.000,66.000
1786746492042,XAUT_USDT,demo,0,microspread_below_threshold,0,0.000000000,1.000000000,-1.433868551,-1.433868551,0.229402521,0.000000000,0.000000000,0.000,93.000,93.000
1786746492176,XAUT_USDT,demo,0,microspread_below_threshold,0,0.000000000,1.000000000,-1.433868551,-1.433868551,0.229402521,0.000000000,0.000000000,134.000,58.000,58.000
1786746492279,XAUT_USDT,demo,0,microspread_below_threshold,0,0.000000000,1.000000000,-1.433868551,-1.433868551,0.229402521,0.000000000,0.000000000,0.000,161.000,161.000
1786746492438,XAUT_USDT,demo,0,microspread_below_threshold,0,0.000000000,1.000000000,-1.433868551,-1.433868551,0.229402521,0.000000000,0.000000000,92.000,63.000,63.000
1786746492541,XAUT_USDT,demo,0,microspread_below_threshold,0,0.000000000,1.000000000,-1.433868551,-1.433868551,0.229402521,0.000000000,0.000000000,51.000,79.000,79.000
1786746492641,XAUT_USDT,demo,0,microspread_below_threshold,0,0.000000000,1.000000000,-1.433868551,-1.433868551,0.229402521,0.000000000,0.000000000,58.000,94.000,94.000
1786746492778,XAUT_USDT,demo,0,microspread_below_threshold,0,0.000000000,1.000000000,-1.433868551,-1.433868551,0.229402521,0.000000000,0.000000000,195.000,57.000,57.000
1786746492897,XAUT_USDT,demo,0,stale_binance,0,0.000000000,1.000000000,0.000000000,0.000000000,0.229402521,0.000000000,0.000000000,314.000,1.000,1.000
1786746493022,XAUT_USDT,demo,0,stale_binance,0,0.000000000,1.000000000,0.000000000,0.000000000,0.229402521,0.000000000,0.000000000,439.000,126.000,126.000
1786746493125,XAUT_USDT,demo,0,microspread_below_threshold,0,0.000000000,1.000000000,-1.433868551,-1.433868551,0.229402521,0.000000000,0.000000000,84.000,60.000,60.000
1786746493236,XAUT_USDT,demo,0,microspread_below_threshold,0,0.000000000,1.000000000,-1.433868551,-1.433868551,0.229402521,0.000000000,0.000000000,195.000,0.000,0.000
1786746493377,XAUT_USDT,demo,0,stale_binance,0,0.000000000,1.000000000,0.000000000,0.000000000,0.229402521,0.000000000,0.000000000,336.000,53.000,53.000
1786746493494,XAUT_USDT,demo,0,stale_binance,0,0.000000000,1.000000000,0.000000000,0.000000000,0.229402521,0.000000000,0.000000000,453.000,0.000,0.000
1786746493635,XAUT_USDT,demo,0,stale_binance,0,0.000000000,1.000000000,0.000000000,0.000000000,0.229402521,0.000000000,0.000000000,594.000,53.000,53.000
1786746494379,XAUT_USDT,demo,0,microspread_below_threshold,0,0.000000000,1.000000000,-1.433868551,-1.433868551,0.229402521,0.000000000,0.000000000,264.000,28.000,28.000
1786746494490,XAUT_USDT,demo,0,stale_binance,0,0.000000000,1.000000000,0.000000000,0.000000000,0.229402521,0.000000000,0.000000000,375.000,53.000,53.000
1786746494594,XAUT_USDT,demo,0,stale_binance,0,0.000000000,1.000000000,0.000000000,0.000000000,0.229402521,0.000000000,0.000000000,479.000,62.000,62.000
1786746494710,XAUT_USDT,demo,0,stale_binance,0,0.000000000,1.000000000,0.000000000,0.000000000,0.229402521,0.000000000,0.000000000,595.000,178.000,178.000
1786746494850,XAUT_USDT,demo,0,stale_binance,0,0.000000000,1.000000000,0.000000000,0.000000000,0.229402521,0.000000000,0.000000000,735.000,123.000,123.000
1786746494952,XAUT_USDT,demo,0,stale_binance,0,0.000000000,1.000000000,0.000000000,0.000000000,0.229402521,0.000000000,0.000000000,837.000,1.000,1.000
1786746495061,XAUT_USDT,demo,0,stale_binance,0,0.000000000,1.000000000,0.000000000,0.000000000,0.229402521,0.000000000,0.000000000,946.000,110.000,110.000
1786746495187,XAUT_USDT,demo,0,stale_binance,0,0.000000000,1.000000000,0.000000000,0.000000000,0.229402521,0.000000000,0.000000000,1072.000,236.000,236.000
1786746495339,XAUT_USDT,demo,0,microspread_below_threshold,0,0.000000000,1.000000000,-1.433868551,-1.433868551,0.229402521,0.000000000,0.000000000,57.000,131.000,131.000
1786746495441,XAUT_USDT,demo,0,microspread_below_threshold,0,0.000000000,1.000000000,-1.433868551,-1.433868551,0.229402521,0.000000000,0.000000000,159.000,60.000,60.000
1786746495552,XAUT_USDT,demo,0,microspread_below_threshold,0,0.000000000,1.000000000,-1.433868551,-1.433868551,0.229402521,0.000000000,0.000000000,270.000,0.000,0.000
1786746495682,XAUT_USDT,demo,0,stale_binance,0,0.000000000,1.000000000,0.000000000,0.000000000,0.229402521,0.000000000,0.000000000,400.000,130.000,130.000
1786746495782,XAUT_USDT,demo,0,stale_binance,0,0.000000000,1.000000000,0.000000000,0.000000000,0.229402521,0.000000000,0.000000000,500.000,59.000,59.000
1786746495903,XAUT_USDT,demo,0,stale_binance,0,0.000000000,1.000000000,0.000000000,0.000000000,0.229402521,0.000000000,0.000000000,621.000,180.000,180.000
1786746496033,XAUT_USDT,demo,0,stale_binance,0,0.000000000,1.000000000,0.000000000,0.000000000,0.229402521,0.000000000,0.000000000,751.000,127.000,127.000
1786746496134,XAUT_USDT,demo,0,microspread_below_threshold,0,0.000000000,1.000000000,-1.433868551,-1.433868551,0.229402521,0.000000000,0.000000000,0.000,67.000,67.000
1786746496239,XAUT_USDT,demo,0,microspread_below_threshold,0,0.000000000,1.000000000,-1.433868551,-1.433868551,0.229402521,0.000000000,0.000000000,105.000,0.000,0.000
1786746496391,XAUT_USDT,demo,0,microspread_below_threshold,0,0.000000000,1.000000000,-1.433868551,-1.433868551,0.229402521,0.000000000,0.000000000,257.000,66.000,66.000
1786746496491,XAUT_USDT,demo,0,microspread_below_threshold,0,0.000000000,1.000000000,-1.433868551,-1.433868551,0.229402521,0.000000000,0.000000000,0.000,57.000,57.000
1786746496717,XAUT_USDT,demo,0,microspread_below_threshold,0,0.000000000,1.000000000,-1.433868551,-1.433868551,0.229402521,0.000000000,0.000000000,222.000,221.000,221.000
1786746496882,XAUT_USDT,demo,0,stale_binance,0,0.000000000,1.000000000,0.000000000,0.000000000,0.229402521,0.000000000,0.000000000,387.000,163.000,163.000
1786746496986,XAUT_USDT,demo,0,stale_binance,0,0.000000000,1.000000000,0.000000000,0.000000000,0.229402521,0.000000000,0.000000000,491.000,57.000,57.000
1786746497138,XAUT_USDT,demo,0,stale_binance,0,0.000000000,1.000000000,0.000000000,0.000000000,0.229402521,0.000000000,0.000000000,643.000,112.000,112.000
1786746497262,XAUT_USDT,demo,0,stale_binance,0,0.000000000,1.000000000,0.000000000,0.000000000,0.229402521,0.000000000,0.000000000,767.000,59.000,59.000
1786746497379,XAUT_USDT,demo,0,stale_binance,0,0.000000000,1.000000000,0.000000000,0.000000000,0.229402521,0.000000000,0.000000000,884.000,176.000,176.000
1786746497489,XAUT_USDT,demo,0,stale_binance,0,0.000000000,1.000000000,0.000000000,0.000000000,0.229402521,0.000000000,0.000000000,994.000,51.000,51.000
1786746497602,XAUT_USDT,demo,0,microspread_below_threshold,0,0.000000000,1.000000000,-1.433868551,-1.433868551,0.229402521,0.000000000,0.000000000,75.000,164.000,164.000
1786746497728,XAUT_USDT,demo,0,microspread_below_threshold,0,0.000000000,1.000000000,-1.433868551,-1.433868551,0.229402521,0.000000000,0.000000000,201.000,120.000,120.000
1786746497843,XAUT_USDT,demo,0,stale_binance,0,0.000000000,1.000000000,0.000000000,0.000000000,0.229402521,0.000000000,0.000000000,316.000,59.000,59.000
1786746497957,XAUT_USDT,demo,0,stale_binance,0,0.000000000,1.000000000,0.000000000,0.000000000,0.229402521,0.000000000,0.000000000,430.000,0.000,0.000
1786746498083,XAUT_USDT,demo,0,stale_binance,0,0.000000000,1.000000000,0.000000000,0.000000000,0.229402521,0.000000000,0.000000000,556.000,126.000,126.000
1786746498193,XAUT_USDT,demo,0,stale_binance,0,0.000000000,1.000000000,0.000000000,0.000000000,0.229402521,0.000000000,0.000000000,666.000,65.000,65.000
1786746498302,XAUT_USDT,demo,0,stale_binance,0,0.000000000,1.000000000,0.000000000,0.000000000,0.229402521,0.000000000,0.000000000,775.000,0.000,0.000
1786746498453,XAUT_USDT,demo,0,stale_binance,0,0.000000000,1.000000000,0.000000000,0.000000000,0.229402521,0.000000000,0.000000000,926.000,66.000,66.000
1786746498556,XAUT_USDT,demo,0,stale_binance,0,0.000000000,1.000000000,0.000000000,0.000000000,0.229402521,0.000000000,0.000000000,1029.000,0.000,0.000
1786746498665,XAUT_USDT,demo,0,stale_binance,0,0.000000000,1.000000000,0.000000000,0.000000000,0.229402521,0.000000000,0.000000000,1138.000,109.000,109.000
1786746498784,XAUT_USDT,demo,0,stale_binance,0,0.000000000,1.000000000,0.000000000,0.000000000,0.229402521,0.000000000,0.000000000,1257.000,56.000,56.000
1786746498901,XAUT_USDT,demo,0,stale_binance,0,0.000000000,1.000000000,0.000000000,0.000000000,0.229402521,0.000000000,0.000000000,1374.000,0.000,0.000
1786746499041,XAUT_USDT,demo,0,stale_binance,0,0.000000000,1.000000000,0.000000000,0.000000000,0.229402521,0.000000000,0.000000000,1514.000,54.000,54.000
1786746499186,XAUT_USDT,demo,0,stale_binance,0,0.000000000,1.000000000,0.000000000,0.000000000,0.229402521,0.000000000,0.000000000,1659.000,113.000,113.000
1786746499309,XAUT_USDT,demo,0,stale_binance,0,0.000000000,1.000000000,0.000000000,0.000000000,0.229402521,0.000000000,0.000000000,1782.000,236.000,236.000
1786746500052,XAUT_USDT,demo,0,stale_binance,0,0.000000000,1.000000000,0.000000000,0.000000000,0.229402521,0.000000000,0.000000000,2525.000,30.000,30.000
1786746500168,XAUT_USDT,demo,0,stale_binance,0,0.000000000,1.000000000,0.000000000,0.000000000,0.229402521,0.000000000,0.000000000,2641.000,146.000,146.000
1786746500274,XAUT_USDT,demo,0,microspread_below_threshold,0,0.000000000,1.000000000,-1.433868551,-1.433868551,0.229402521,0.000000000,0.000000000,0.000,86.000,86.000
1786746500402,XAUT_USDT,demo,0,microspread_below_threshold,0,0.000000000,1.000000000,-1.433868551,-1.433868551,0.229402521,0.000000000,0.000000000,52.000,214.000,214.000
1786746500502,XAUT_USDT,demo,0,microspread_below_threshold,0,0.000000000,1.000000000,-1.433868551,-1.433868551,0.229402521,0.000000000,0.000000000,152.000,55.000,55.000
1786746500625,XAUT_USDT,demo,0,microspread_below_threshold,0,0.000000000,1.000000000,-1.433868551,-1.433868551,0.229402521,0.000000000,0.000000000,275.000,178.000,178.000
1786746500727,XAUT_USDT,demo,0,stale_binance,0,0.000000000,1.000000000,0.000000000,0.000000000,0.229402521,0.000000000,0.000000000,377.000,0.000,0.000
1786746500848,XAUT_USDT,demo,0,stale_binance,0,0.000000000,1.000000000,0.000000000,0.000000000,0.229402521,0.000000000,0.000000000,498.000,121.000,121.000
1786746500965,XAUT_USDT,demo,0,stale_binance,0,0.000000000,1.000000000,0.000000000,0.000000000,0.229402521,0.000000000,0.000000000,615.000,0.000,0.000
1786746501102,XAUT_USDT,demo,0,stale_binance,0,0.000000000,1.000000000,0.000000000,0.000000000,0.229402521,0.000000000,0.000000000,752.000,54.000,54.000
1786746501227,XAUT_USDT,demo,0,stale_binance,0,0.000000000,1.000000000,0.000000000,0.000000000,0.229402521,0.000000000,0.000000000,877.000,179.000,179.000
1786746501351,XAUT_USDT,demo,0,stale_binance,0,0.000000000,1.000000000,0.000000000,0.000000000,0.229402521,0.000000000,0.000000000,1001.000,303.000,303.000
1786746501454,XAUT_USDT,demo,0,stale_binance,0,0.000000000,1.000000000,0.000000000,0.000000000,0.229402521,0.000000000,0.000000000,1104.000,61.000,61.000
1786746501563,XAUT_USDT,demo,0,stale_binance,0,0.000000000,1.058810305,0.000000000,0.000000000,0.458810305,0.000000000,0.000000000,1213.000,0.000,0.000
1786746501713,XAUT_USDT,demo,0,stale_binance,0,0.000000000,1.058810305,0.000000000,0.000000000,0.458810305,0.000000000,0.000000000,1363.000,65.000,65.000
1786746501823,XAUT_USDT,demo,0,stale_binance,0,0.000000000,1.058810305,0.000000000,0.000000000,0.458810305,0.000000000,0.000000000,1473.000,0.000,0.000
1786746501959,XAUT_USDT,demo,0,stale_binance,0,0.000000000,1.058810305,0.000000000,0.000000000,0.458810305,0.000000000,0.000000000,1609.000,53.000,53.000
1786746502088,XAUT_USDT,demo,0,stale_binance,0,0.000000000,1.058810305,0.000000000,0.000000000,0.458810305,0.000000000,0.000000000,1738.000,182.000,182.000
1786746502225,XAUT_USDT,demo,0,stale_binance,0,0.000000000,1.058810305,0.000000000,0.000000000,0.458810305,0.000000000,0.000000000,1875.000,61.000,61.000
1786746502351,XAUT_USDT,demo,0,stale_binance,0,0.000000000,1.058810305,0.000000000,0.000000000,0.458810305,0.000000000,0.000000000,2001.000,187.000,187.000
1786746502471,XAUT_USDT,demo,0,stale_binance,0,0.000000000,1.058810305,0.000000000,0.000000000,0.458810305,0.000000000,0.000000000,2121.000,50.000,50.000
1786746502610,XAUT_USDT,demo,0,stale_binance,0,0.000000000,1.058810305,0.000000000,0.000000000,0.458810305,0.000000000,0.000000000,2260.000,105.000,105.000
1786746502737,XAUT_USDT,demo,0,stale_binance,0,0.000000000,1.058810305,0.000000000,0.000000000,0.458810305,0.000000000,0.000000000,2387.000,65.000,65.000
1786746502871,XAUT_USDT,demo,0,stale_binance,0,0.000000000,1.058810305,0.000000000,0.000000000,0.458810305,0.000000000,0.000000000,2521.000,111.000,111.000
1786746502996,XAUT_USDT,demo,0,stale_binance,0,0.000000000,1.058810305,0.000000000,0.000000000,0.458810305,0.000000000,0.000000000,2646.000,64.000,64.000
1786746503108,XAUT_USDT,demo,0,stale_binance,0,0.000000000,1.058810305,0.000000000,0.000000000,0.458810305,0.000000000,0.000000000,2758.000,176.000,176.000
1786746503223,XAUT_USDT,demo,0,stale_binance,0,0.000000000,1.058810305,0.000000000,0.000000000,0.458810305,0.000000000,0.000000000,2873.000,110.000,110.000
1786746503338,XAUT_USDT,demo,0,stale_binance,0,0.000000000,1.058810305,0.000000000,0.000000000,0.458810305,0.000000000,0.000000000,2988.000,225.000,225.000
1786746503446,XAUT_USDT,demo,0,stale_binance,0,0.000000000,1.058810305,0.000000000,0.000000000,0.458810305,0.000000000,0.000000000,3096.000,0.000,0.000
1786746503594,XAUT_USDT,demo,0,microspread_below_threshold,1,0.114701918,1.058810305,-1.319166633,-1.433868551,0.458810305,0.000000000,0.000000000,86.000,63.000,63.000
1786746503714,XAUT_USDT,demo,0,microspread_below_threshold,1,0.114701918,1.058810305,-1.319166633,-1.433868551,0.458810305,0.000000000,0.000000000,206.000,183.000,183.000
1786746503848,XAUT_USDT,demo,0,stale_binance,0,0.000000000,1.058810305,0.000000000,0.000000000,0.458810305,0.000000000,0.000000000,340.000,53.000,53.000
1786746503968,XAUT_USDT,demo,0,stale_binance,0,0.000000000,1.058810305,0.000000000,0.000000000,0.458810305,0.000000000,0.000000000,460.000,0.000,0.000
1786746504107,XAUT_USDT,demo,0,stale_binance,0,0.000000000,1.058810305,0.000000000,0.000000000,0.458810305,0.000000000,0.000000000,599.000,58.000,58.000
1786746504224,XAUT_USDT,demo,0,stale_binance,0,0.000000000,1.058810305,0.000000000,0.000000000,0.458810305,0.000000000,0.000000000,716.000,1.000,1.000
1786746504374,XAUT_USDT,demo,0,stale_binance,0,0.000000000,1.058810305,0.000000000,0.000000000,0.458810305,0.000000000,0.000000000,866.000,65.000,65.000
1786746504503,XAUT_USDT,demo,0,stale_binance,0,0.000000000,1.058810305,0.000000000,0.000000000,0.458810305,0.000000000,0.000000000,995.000,107.000,107.000
1786746504618,XAUT_USDT,demo,0,microspread_below_threshold,1,0.114701918,1.058810305,-1.319166633,-1.433868551,0.458810305,0.000000000,0.000000000,111.000,53.000,53.000
1786746504767,XAUT_USDT,demo,0,microspread_below_threshold,1,0.114701918,1.058810305,-1.319166633,-1.433868551,0.458810305,0.000000000,0.000000000,260.000,202.000,202.000
1786746504894,XAUT_USDT,demo,0,stale_binance,0,0.000000000,1.058810305,0.000000000,0.000000000,0.458810305,0.000000000,0.000000000,387.000,125.000,125.000
1786746505027,XAUT_USDT,demo,0,stale_binance,0,0.000000000,1.058810305,0.000000000,0.000000000,0.458810305,0.000000000,0.000000000,520.000,0.000,0.000
1786746505759,XAUT_USDT,demo,0,microspread_below_threshold,1,0.114701918,1.058810305,-1.319166633,-1.433868551,0.458810305,0.000000000,0.000000000,240.000,78.000,78.000
1786746505875,XAUT_USDT,demo,0,stale_binance,0,0.000000000,1.058810305,0.000000000,0.000000000,0.458810305,0.000000000,0.000000000,356.000,194.000,194.000
1786746505994,XAUT_USDT,demo,0,stale_binance,0,0.000000000,1.058810305,0.000000000,0.000000000,0.458810305,0.000000000,0.000000000,475.000,55.000,55.000
1786746506142,XAUT_USDT,demo,0,stale_binance,0,0.000000000,1.058810305,0.000000000,0.000000000,0.458810305,0.000000000,0.000000000,623.000,115.000,115.000
1786746506263,XAUT_USDT,demo,0,stale_binance,0,0.000000000,1.058810305,0.000000000,0.000000000,0.458810305,0.000000000,0.000000000,744.000,62.000,62.000
1786746506371,XAUT_USDT,demo,0,stale_binance,0,0.000000000,1.058810305,0.000000000,0.000000000,0.458810305,0.000000000,0.000000000,852.000,0.000,0.000
1786746506507,XAUT_USDT,demo,0,microspread_below_threshold,0,0.000000000,1.058810305,-1.319166633,-1.319166633,0.458810305,0.000000000,0.000000000,0.000,49.000,49.000
1786746506620,XAUT_USDT,demo,0,microspread_below_threshold,0,0.000000000,1.058810305,-1.319166633,-1.319166633,0.458810305,0.000000000,0.000000000,113.000,162.000,162.000
1786746506773,XAUT_USDT,demo,0,microspread_below_threshold,0,0.000000000,1.058810305,-1.319166633,-1.319166633,0.458810305,0.000000000,0.000000000,266.000,57.000,57.000
1786746506928,XAUT_USDT,demo,0,stale_binance,0,0.000000000,1.058810305,0.000000000,0.000000000,0.458810305,0.000000000,0.000000000,421.000,1.000,1.000
1786746507062,XAUT_USDT,demo,0,stale_binance,0,0.000000000,1.058810305,0.000000000,0.000000000,0.458810305,0.000000000,0.000000000,555.000,1.000,1.000
1786746507204,XAUT_USDT,demo,0,stale_binance,0,0.000000000,1.058810305,0.000000000,0.000000000,0.458810305,0.000000000,0.000000000,697.000,56.000,56.000
1786746507323,XAUT_USDT,demo,0,stale_binance,0,0.000000000,1.058810305,0.000000000,0.000000000,0.458810305,0.000000000,0.000000000,816.000,175.000,175.000
1786746507477,XAUT_USDT,demo,0,microspread_below_threshold,0,0.000000000,1.058810305,-1.319166633,-1.319166633,0.458810305,0.000000000,0.000000000,116.000,329.000,329.000
1786746507619,XAUT_USDT,demo,0,microspread_below_threshold,0,0.000000000,1.058810305,-1.319166633,-1.319166633,0.458810305,0.000000000,0.000000000,114.000,128.000,128.000
1786746507779,XAUT_USDT,demo,0,microspread_below_threshold,0,0.000000000,1.058810305,-1.319166633,-1.319166633,0.458810305,0.000000000,0.000000000,274.000,121.000,121.000
1786746507904,XAUT_USDT,demo,0,stale_binance,0,0.000000000,1.058810305,0.000000000,0.000000000,0.458810305,0.000000000,0.000000000,399.000,246.000,246.000
1786746508060,XAUT_USDT,demo,0,stale_binance,0,0.000000000,1.058810305,0.000000000,0.000000000,0.458810305,0.000000000,0.000000000,555.000,57.000,57.000
1786746508169,XAUT_USDT,demo,0,stale_binance,0,0.000000000,1.058810305,0.000000000,0.000000000,0.458810305,0.000000000,0.000000000,664.000,166.000,166.000
1786746508288,XAUT_USDT,demo,0,stale_binance,0,0.000000000,1.058810305,0.000000000,0.000000000,0.458810305,0.000000000,0.000000000,783.000,113.000,113.000
1786746508434,XAUT_USDT,demo,0,microspread_below_threshold,0,0.000000000,1.058810305,-1.319166633,-1.319166633,0.458810305,0.000000000,0.000000000,102.000,1.000,1.000
1786746508557,XAUT_USDT,demo,0,microspread_below_threshold,0,0.000000000,1.058810305,-1.319166633,-1.319166633,0.458810305,0.000000000,0.000000000,0.000,37.000,37.000
1786746508670,XAUT_USDT,demo,0,microspread_below_threshold,0,0.000000000,1.058810305,-1.319166633,-1.319166633,0.458810305,0.000000000,0.000000000,113.000,65.000,65.000
1786746508778,XAUT_USDT,demo,0,microspread_below_threshold,0,0.000000000,1.058810305,-1.319166633,-1.319166633,0.458810305,0.000000000,0.000000000,221.000,0.000,0.000
1786746508896,XAUT_USDT,demo,0,stale_binance,0,0.000000000,1.058810305,0.000000000,0.000000000,0.458810305,0.000000000,0.000000000,339.000,118.000,118.000
1786746508999,XAUT_USDT,demo,0,stale_binance,0,0.000000000,1.058810305,0.000000000,0.000000000,0.458810305,0.000000000,0.000000000,442.000,51.000,51.000
1786746509116,XAUT_USDT,demo,0,stale_binance,0,0.000000000,1.058810305,0.000000000,0.000000000,0.458810305,0.000000000,0.000000000,559.000,168.000,168.000
1786746509223,XAUT_USDT,demo,0,stale_binance,0,0.000000000,1.058810305,0.000000000,0.000000000,0.458810305,0.000000000,0.000000000,666.000,103.000,103.000
1786746509348,XAUT_USDT,demo,0,stale_binance,0,0.000000000,1.058810305,0.000000000,0.000000000,0.458810305,0.000000000,0.000000000,791.000,228.000,228.000
1786746509459,XAUT_USDT,demo,0,stale_binance,0,0.000000000,1.058810305,0.000000000,0.000000000,0.458810305,0.000000000,0.000000000,902.000,1.000,1.000
1786746509595,XAUT_USDT,demo,0,microspread_below_threshold,0,0.000000000,1.058810305,-1.319166633,-1.319166633,0.458810305,0.000000000,0.000000000,0.000,49.000,49.000
1786746509719,XAUT_USDT,demo,0,microspread_below_threshold,0,0.000000000,1.058810305,-1.319166633,-1.319166633,0.458810305,0.000000000,0.000000000,124.000,0.000,0.000
1786746509840,XAUT_USDT,demo,0,microspread_below_threshold,0,0.000000000,1.058810305,-1.319166633,-1.319166633,0.458810305,0.000000000,0.000000000,245.000,121.000,121.000
1786746509966,XAUT_USDT,demo,0,stale_binance,0,0.000000000,1.058810305,0.000000000,0.000000000,0.458810305,0.000000000,0.000000000,371.000,247.000,247.000
1786746510113,XAUT_USDT,demo,0,stale_binance,0,0.000000000,1.058810305,0.000000000,0.000000000,0.458810305,0.000000000,0.000000000,518.000,52.000,52.000
1786746510228,XAUT_USDT,demo,0,stale_binance,0,0.000000000,1.058810305,0.000000000,0.000000000,0.458810305,0.000000000,0.000000000,633.000,167.000,167.000
1786746510340,XAUT_USDT,demo,0,microspread_below_threshold,0,0.000000000,1.058810305,-1.319166633,-1.319166633,0.458810305,0.000000000,0.000000000,1.000,279.000,279.000
1786746510456,XAUT_USDT,demo,0,microspread_below_threshold,0,0.000000000,1.058810305,-1.319166633,-1.319166633,0.458810305,0.000000000,0.000000000,117.000,53.000,53.000
1786746510575,XAUT_USDT,demo,0,microspread_below_threshold,0,0.000000000,1.058810305,-1.319166633,-1.319166633,0.458810305,0.000000000,0.000000000,236.000,1.000,1.000
1786746510695,XAUT_USDT,demo,0,stale_binance,0,0.000000000,1.058810305,0.000000000,0.000000000,0.458810305,0.000000000,0.000000000,356.000,121.000,121.000
1786746511466,XAUT_USDT,demo,0,microspread_below_threshold,0,0.000000000,1.058810305,-1.319166633,-1.319166633,0.458810305,0.000000000,0.000000000,13.000,30.000,30.000
1786746511571,XAUT_USDT,demo,0,microspread_below_threshold,0,0.000000000,1.058810305,-1.319166633,-1.319166633,0.458810305,0.000000000,0.000000000,118.000,51.000,51.000
1786746511684,XAUT_USDT,demo,0,microspread_below_threshold,0,0.000000000,1.058810305,-1.319166633,-1.319166633,0.458810305,0.000000000,0.000000000,231.000,164.000,164.000
1786746511803,XAUT_USDT,demo,0,stale_binance,0,0.000000000,1.058810305,0.000000000,0.000000000,0.458810305,0.000000000,0.000000000,350.000,115.000,115.000
1786746511929,XAUT_USDT,demo,0,stale_binance,0,0.000000000,1.058810305,0.000000000,0.000000000,0.458810305,0.000000000,0.000000000,476.000,241.000,241.000
1786746512036,XAUT_USDT,demo,0,stale_binance,0,0.000000000,1.058810305,0.000000000,0.000000000,0.458810305,0.000000000,0.000000000,583.000,1.000,1.000
1786746512187,XAUT_USDT,demo,0,stale_binance,0,0.000000000,1.058810305,0.000000000,0.000000000,0.458810305,0.000000000,0.000000000,734.000,56.000,56.000
1786746512297,XAUT_USDT,demo,0,stale_binance,0,0.000000000,1.058810305,0.000000000,0.000000000,0.458810305,0.000000000,0.000000000,844.000,0.000,0.000
1786746512435,XAUT_USDT,demo,0,microspread_below_threshold,0,0.000000000,1.058810305,-1.319166633,-1.319166633,0.458810305,0.000000000,0.000000000,122.000,54.000,54.000
1786746512551,XAUT_USDT,demo,0,microspread_below_threshold,0,0.000000000,1.058810305,-1.319166633,-1.319166633,0.458810305,0.000000000,0.000000000,38.000,0.000,0.000
1786746512671,XAUT_USDT,demo,0,microspread_below_threshold,0,0.000000000,1.058810305,-1.319166633,-1.319166633,0.458810305,0.000000000,0.000000000,53.000,120.000,120.000
1786746512775,XAUT_USDT,demo,0,microspread_below_threshold,0,0.000000000,1.058810305,-1.319166633,-1.319166633,0.458810305,0.000000000,0.000000000,157.000,54.000,54.000
1786746512888,XAUT_USDT,demo,0,microspread_below_threshold,0,0.000000000,1.058810305,-1.319166633,-1.319166633,0.458810305,0.000000000,0.000000000,270.000,167.000,167.000
1786746513036,XAUT_USDT,demo,0,stale_binance,0,0.000000000,1.058810305,0.000000000,0.000000000,0.458810305,0.000000000,0.000000000,418.000,53.000,53.000
1786746513182,XAUT_USDT,demo,0,stale_binance,0,0.000000000,1.058810305,0.000000000,0.000000000,0.458810305,0.000000000,0.000000000,564.000,115.000,115.000
1786746513295,XAUT_USDT,demo,0,stale_binance,0,0.000000000,1.058810305,0.000000000,0.000000000,0.458810305,0.000000000,0.000000000,677.000,228.000,228.000
1786746513410,XAUT_USDT,demo,0,stale_binance,0,0.000000000,1.058810305,0.000000000,0.000000000,0.458810305,0.000000000,0.000000000,792.000,0.000,0.000
1786746513532,XAUT_USDT,demo,0,microspread_below_threshold,0,0.000000000,1.058810305,-1.319166633,-1.319166633,0.458810305,0.000000000,0.000000000,1.000,40.000,40.000
1786746513655,XAUT_USDT,demo,0,microspread_below_threshold,0,0.000000000,1.058810305,-1.319166633,-1.319166633,0.458810305,0.000000000,0.000000000,124.000,163.000,163.000
1786746513789,XAUT_USDT,demo,0,microspread_below_threshold,0,0.000000000,1.058810305,-1.319166633,-1.319166633,0.458810305,0.000000000,0.000000000,258.000,129.000,129.000
1786746513916,XAUT_USDT,demo,0,stale_binance,0,0.000000000,1.058810305,0.000000000,0.000000000,0.458810305,0.000000000,0.000000000,385.000,256.000,256.000
1786746514067,XAUT_USDT,demo,0,stale_binance,0,0.000000000,1.058810305,0.000000000,0.000000000,0.458810305,0.000000000,0.000000000,536.000,58.000,58.000
1786746514180,XAUT_USDT,demo,0,stale_binance,0,0.000000000,1.058810305,0.000000000,0.000000000,0.458810305,0.000000000,0.000000000,649.000,0.000,0.000
1786746514299,XAUT_USDT,demo,0,stale_binance,0,0.000000000,1.058810305,0.000000000,0.000000000,0.458810305,0.000000000,0.000000000,768.000,119.000,119.000
1786746514408,XAUT_USDT,demo,0,stale_binance,0,0.000000000,1.058810305,0.000000000,0.000000000,0.458810305,0.000000000,0.000000000,877.000,228.000,228.000
1786746514515,XAUT_USDT,demo,0,microspread_below_threshold,0,0.000000000,1.058810305,-1.319166633,-1.319166633,0.458810305,0.000000000,0.000000000,65.000,79.000,79.000
1786746514656,XAUT_USDT,demo,0,microspread_below_threshold,0,0.000000000,1.058810305,-1.319166633,-1.319166633,0.458810305,0.000000000,0.000000000,0.000,46.000,46.000
1786746514782,XAUT_USDT,demo,0,microspread_below_threshold,0,0.000000000,1.058810305,-1.319166633,-1.319166633,0.458810305,0.000000000,0.000000000,126.000,0.000,0.000
1786746514932,XAUT_USDT,demo,0,microspread_below_threshold,0,0.000000000,1.058810305,-1.319166633,-1.319166633,0.458810305,0.000000000,0.000000000,276.000,62.000,62.000
1786746515038,XAUT_USDT,demo,0,stale_binance,0,0.000000000,1.058810305,0.000000000,0.000000000,0.458810305,0.000000000,0.000000000,382.000,1.000,1.000
1786746515153,XAUT_USDT,demo,0,stale_binance,0,0.000000000,1.058810305,0.000000000,0.000000000,0.458810305,0.000000000,0.000000000,497.000,116.000,116.000
1786746515281,XAUT_USDT,demo,0,stale_binance,0,0.000000000,1.058810305,0.000000000,0.000000000,0.458810305,0.000000000,0.000000000,625.000,244.000,244.000
1786746515395,XAUT_USDT,demo,0,stale_binance,0,0.000000000,1.058810305,0.000000000,0.000000000,0.458810305,0.000000000,0.000000000,739.000,358.000,358.000
1786746515505,XAUT_USDT,demo,0,microspread_below_threshold,0,0.000000000,1.058810305,-1.319166633,-1.319166633,0.458810305,0.000000000,0.000000000,0.000,38.000,38.000
1786746515619,XAUT_USDT,demo,0,microspread_below_threshold,0,0.000000000,1.058810305,-1.319166633,-1.319166633,0.458810305,0.000000000,0.000000000,114.000,66.000,66.000
1786746515723,XAUT_USDT,demo,0,microspread_below_threshold,0,0.000000000,1.058810305,-1.319166633,-1.319166633,0.458810305,0.000000000,0.000000000,218.000,0.000,0.000
1786746515835,XAUT_USDT,demo,0,stale_binance,0,0.000000000,1.058810305,0.000000000,0.000000000,0.458810305,0.000000000,0.000000000,330.000,112.000,112.000
1786746515953,XAUT_USDT,demo,0,stale_binance,0,0.000000000,1.058810305,0.000000000,0.000000000,0.458810305,0.000000000,0.000000000,448.000,230.000,230.000
1786746516070,XAUT_USDT,demo,0,stale_binance,0,0.000000000,1.058810305,0.000000000,0.000000000,0.458810305,0.000000000,0.000000000,565.000,0.000,0.000
1786746516192,XAUT_USDT,demo,0,stale_binance,0,0.000000000,1.058810305,0.000000000,0.000000000,0.458810305,0.000000000,0.000000000,687.000,122.000,122.000
1786746516302,XAUT_USDT,demo,0,stale_binance,0,0.000000000,1.058810305,0.000000000,0.000000000,0.458810305,0.000000000,0.000000000,797.000,232.000,232.000
1786746516417,XAUT_USDT,demo,0,stale_binance,0,0.000000000,1.058810305,0.000000000,0.000000000,0.458810305,0.000000000,0.000000000,912.000,347.000,347.000
1786746517144,XAUT_USDT,demo,0,stale_binance,0,0.000000000,1.058810305,0.000000000,0.000000000,0.458810305,0.000000000,0.000000000,542.000,41.000,41.000
1786746517281,XAUT_USDT,demo,0,stale_binance,0,0.000000000,1.058810305,0.000000000,0.000000000,0.458810305,0.000000000,0.000000000,679.000,178.000,178.000
1786746517422,XAUT_USDT,demo,0,stale_binance,0,0.000000000,1.058810305,0.000000000,0.000000000,0.458810305,0.000000000,0.000000000,820.000,61.000,61.000
1786746517532,XAUT_USDT,demo,0,stale_binance,0,0.000000000,1.058810305,0.000000000,0.000000000,0.458810305,0.000000000,0.000000000,930.000,0.000,0.000
1786746517669,XAUT_USDT,demo,0,stale_binance,0,0.000000000,1.058810305,0.000000000,0.000000000,0.458810305,0.000000000,0.000000000,1067.000,52.000,52.000
1786746517783,XAUT_USDT,demo,0,stale_binance,0,0.000000000,1.058810305,0.000000000,0.000000000,0.458810305,0.000000000,0.000000000,1181.000,166.000,166.000
1786746517910,XAUT_USDT,demo,0,stale_binance,0,0.000000000,1.058810305,0.000000000,0.000000000,0.458810305,0.000000000,0.000000000,1308.000,119.000,119.000
1786746518020,XAUT_USDT,demo,0,stale_binance,0,0.000000000,1.058810305,0.000000000,0.000000000,0.458810305,0.000000000,0.000000000,1418.000,59.000,59.000
1786746518149,XAUT_USDT,demo,0,stale_binance,0,0.000000000,1.058810305,0.000000000,0.000000000,0.458810305,0.000000000,0.000000000,1547.000,1.000,1.000
1786746518263,XAUT_USDT,demo,0,stale_binance,0,0.000000000,1.058810305,0.000000000,0.000000000,0.458810305,0.000000000,0.000000000,1661.000,115.000,115.000
1786746518386,XAUT_USDT,demo,0,stale_binance,0,0.000000000,1.058810305,0.000000000,0.000000000,0.458810305,0.000000000,0.000000000,1784.000,238.000,238.000
1786746518506,XAUT_USDT,demo,0,microspread_below_threshold,0,0.000000000,1.058810305,-1.319166633,-1.319166633,0.458810305,0.000000000,0.000000000,0.000,32.000,32.000
1786746518614,XAUT_USDT,demo,0,microspread_below_threshold,0,0.000000000,1.058810305,-1.319166633,-1.319166633,0.458810305,0.000000000,0.000000000,108.000,53.000,53.000
1786746518733,XAUT_USDT,demo,0,microspread_below_threshold,0,0.000000000,1.058810305,-1.319166633,-1.319166633,0.458810305,0.000000000,0.000000000,40.000,0.000,0.000
1786746518852,XAUT_USDT,demo,0,microspread_below_threshold,0,0.000000000,1.058810305,-1.319166633,-1.319166633,0.458810305,0.000000000,0.000000000,159.000,119.000,119.000
1786746518969,XAUT_USDT,demo,0,microspread_below_threshold,0,0.000000000,1.058810305,-1.319166633,-1.319166633,0.458810305,0.000000000,0.000000000,276.000,236.000,236.000
1786746519077,XAUT_USDT,demo,0,stale_binance,0,0.000000000,1.058810305,0.000000000,0.000000000,0.458810305,0.000000000,0.000000000,384.000,1.000,1.000
1786746519213,XAUT_USDT,demo,0,stale_binance,0,0.000000000,1.058810305,0.000000000,0.000000000,0.458810305,0.000000000,0.000000000,520.000,137.000,137.000
1786746519345,XAUT_USDT,demo,0,stale_binance,0,0.000000000,1.058810305,0.000000000,0.000000000,0.458810305,0.000000000,0.000000000,652.000,269.000,269.000
1786746519485,XAUT_USDT,demo,0,stale_binance,0,0.000000000,1.058810305,0.000000000,0.000000000,0.458810305,0.000000000,0.000000000,792.000,59.000,59.000
1786746519603,XAUT_USDT,demo,0,microspread_below_threshold,0,0.000000000,1.058810305,-1.319166633,-1.319166633,0.458810305,0.000000000,0.000000000,1.000,101.000,101.000
1786746519736,XAUT_USDT,demo,0,microspread_below_threshold,0,0.000000000,1.058810305,-1.319166633,-1.319166633,0.458810305,0.000000000,0.000000000,134.000,62.000,62.000
1786746519843,XAUT_USDT,demo,0,microspread_below_threshold,0,0.000000000,1.058810305,-1.319166633,-1.319166633,0.458810305,0.000000000,0.000000000,241.000,169.000,169.000
1786746519994,XAUT_USDT,demo,0,stale_binance,0,0.000000000,1.058810305,0.000000000,0.000000000,0.458810305,0.000000000,0.000000000,392.000,58.000,58.000
1786746520107,XAUT_USDT,demo,0,stale_binance,0,0.000000000,1.058810305,0.000000000,0.000000000,0.458810305,0.000000000,0.000000000,505.000,0.000,0.000
1786746520252,XAUT_USDT,demo,0,stale_binance,0,0.000000000,1.058810305,0.000000000,0.000000000,0.458810305,0.000000000,0.000000000,650.000,54.000,54.000
1786746520368,XAUT_USDT,demo,0,microspread_below_threshold,0,0.000000000,1.058810305,-1.319166633,-1.319166633,0.458810305,0.000000000,0.000000000,62.000,90.000,90.000
1786746520504,XAUT_USDT,demo,0,microspread_below_threshold,0,0.000000000,1.058810305,-1.319166633,-1.319166633,0.458810305,0.000000000,0.000000000,124.000,226.000,226.000
1786746520654,XAUT_USDT,demo,0,microspread_below_threshold,0,0.000000000,1.058810305,-1.319166633,-1.319166633,0.458810305,0.000000000,0.000000000,146.000,118.000,118.000
1786746520774,XAUT_USDT,demo,0,microspread_below_threshold,0,0.000000000,1.058810305,-1.319166633,-1.319166633,0.458810305,0.000000000,0.000000000,266.000,238.000,238.000
1786746520911,XAUT_USDT,demo,0,stale_binance,0,0.000000000,1.058810305,0.000000000,0.000000000,0.458810305,0.000000000,0.000000000,403.000,119.000,119.000
1786746521018,XAUT_USDT,demo,0,stale_binance,0,0.000000000,1.058810305,0.000000000,0.000000000,0.458810305,0.000000000,0.000000000,510.000,52.000,52.000
1786746521178,XAUT_USDT,demo,0,stale_binance,0,0.000000000,1.058810305,0.000000000,0.000000000,0.458810305,0.000000000,0.000000000,670.000,127.000,127.000
1786746521282,XAUT_USDT,demo,0,stale_binance,0,0.000000000,1.058810305,0.000000000,0.000000000,0.458810305,0.000000000,0.000000000,774.000,61.000,61.000
1786746521460,XAUT_USDT,demo,0,stale_binance,0,0.000000000,1.058810305,0.000000000,0.000000000,0.458810305,0.000000000,0.000000000,952.000,239.000,239.000
1786746521565,XAUT_USDT,demo,0,stale_binance,0,0.000000000,1.058810305,0.000000000,0.000000000,0.458810305,0.000000000,0.000000000,1057.000,1.000,1.000
1786746521715,XAUT_USDT,demo,0,microspread_below_threshold,0,0.000000000,1.058810305,-1.319166633,-1.319166633,0.458810305,0.000000000,0.000000000,113.000,151.000,151.000
1786746521862,XAUT_USDT,demo,0,microspread_below_threshold,0,0.000000000,1.058810305,-1.319166633,-1.319166633,0.458810305,0.000000000,0.000000000,260.000,119.000,119.000
1786746521967,XAUT_USDT,demo,0,stale_binance,0,0.000000000,1.058810305,0.000000000,0.000000000,0.458810305,0.000000000,0.000000000,365.000,58.000,58.000
1786746522079,XAUT_USDT,demo,0,stale_binance,0,0.000000000,1.058810305,0.000000000,0.000000000,0.458810305,0.000000000,0.000000000,477.000,0.000,0.000
1786746522825,XAUT_USDT,demo,0,microspread_below_threshold,0,0.000000000,1.058810305,-1.319166633,-1.319166633,0.458810305,0.000000000,0.000000000,265.000,54.000,54.000
1786746522942,XAUT_USDT,demo,0,stale_binance,0,0.000000000,1.058810305,0.000000000,0.000000000,0.458810305,0.000000000,0.000000000,382.000,0.000,0.000
1786746523086,XAUT_USDT,demo,0,stale_binance,0,0.000000000,1.058810305,0.000000000,0.000000000,0.458810305,0.000000000,0.000000000,526.000,57.000,57.000
1786746523197,XAUT_USDT,demo,0,stale_binance,0,0.000000000,1.058810305,0.000000000,0.000000000,0.458810305,0.000000000,0.000000000,637.000,0.000,0.000
1786746523327,XAUT_USDT,demo,0,stale_binance,0,0.000000000,1.058810305,0.000000000,0.000000000,0.458810305,0.000000000,0.000000000,767.000,130.000,130.000
1786746523457,XAUT_USDT,demo,0,microspread_below_threshold,0,0.000000000,1.058810305,-1.319166633,-1.319166633,0.458810305,0.000000000,0.000000000,31.000,0.000,0.000
1786746523596,XAUT_USDT,demo,0,microspread_below_threshold,0,0.000000000,1.058810305,-1.319166633,-1.319166633,0.458810305,0.000000000,0.000000000,170.000,54.000,54.000
1786746523750,XAUT_USDT,demo,0,microspread_below_threshold,0,0.000000000,1.058810305,-1.319166633,-1.319166633,0.458810305,0.000000000,0.000000000,149.000,123.000,123.000
1786746523861,XAUT_USDT,demo,0,microspread_below_threshold,0,0.000000000,1.058810305,-1.319166633,-1.319166633,0.458810305,0.000000000,0.000000000,260.000,55.000,55.000
1786746523976,XAUT_USDT,demo,0,stale_binance,0,0.000000000,1.058810305,0.000000000,0.000000000,0.458810305,0.000000000,0.000000000,375.000,0.000,0.000
1786746524118,XAUT_USDT,demo,0,stale_binance,0,0.000000000,1.058810305,0.000000000,0.000000000,0.458810305,0.000000000,0.000000000,517.000,56.000,56.000
1786746524268,XAUT_USDT,demo,0,stale_binance,0,0.000000000,1.058810305,0.000000000,0.000000000,0.458810305,0.000000000,0.000000000,667.000,117.000,117.000
1786746524380,XAUT_USDT,demo,0,stale_binance,0,0.000000000,1.058810305,0.000000000,0.000000000,0.458810305,0.000000000,0.000000000,779.000,229.000,229.000
1786746524491,XAUT_USDT,demo,0,stale_binance,0,0.000000000,1.058810305,0.000000000,0.000000000,0.458810305,0.000000000,0.000000000,890.000,0.000,0.000
1786746524641,XAUT_USDT,demo,0,stale_binance,0,0.000000000,1.058810305,0.000000000,0.000000000,0.458810305,0.000000000,0.000000000,1040.000,63.000,63.000
1786746524748,XAUT_USDT,demo,0,stale_binance,0,0.000000000,1.058810305,0.000000000,0.000000000,0.458810305,0.000000000,0.000000000,1147.000,0.000,0.000
1786746524871,XAUT_USDT,demo,0,stale_binance,0,0.000000000,1.058810305,0.000000000,0.000000000,0.458810305,0.000000000,0.000000000,1270.000,123.000,123.000
1786746524976,XAUT_USDT,demo,0,stale_binance,0,0.000000000,1.058810305,0.000000000,0.000000000,0.458810305,0.000000000,0.000000000,1375.000,55.000,55.000
1786746525095,XAUT_USDT,demo,0,stale_binance,0,0.000000000,1.058810305,0.000000000,0.000000000,0.458810305,0.000000000,0.000000000,1494.000,0.000,0.000
1786746525213,XAUT_USDT,demo,0,stale_binance,0,0.000000000,1.058810305,0.000000000,0.000000000,0.458810305,0.000000000,0.000000000,1612.000,118.000,118.000
1786746525327,XAUT_USDT,demo,0,stale_binance,0,0.000000000,1.058810305,0.000000000,0.000000000,0.458810305,0.000000000,0.000000000,1726.000,62.000,62.000
1786746525444,XAUT_USDT,demo,0,stale_binance,0,0.000000000,1.058810305,0.000000000,0.000000000,0.458810305,0.000000000,0.000000000,1843.000,0.000,0.000
1786746525580,XAUT_USDT,demo,0,stale_binance,0,0.000000000,1.058810305,0.000000000,0.000000000,0.458810305,0.000000000,0.000000000,1979.000,59.000,59.000
1786746525693,XAUT_USDT,demo,0,microspread_below_threshold,0,0.000000000,1.058810305,-1.319166633,-1.319166633,0.458810305,0.000000000,0.000000000,91.000,1.000,1.000
1786746525809,XAUT_USDT,demo,0,microspread_below_threshold,0,0.000000000,1.058810305,-1.319166633,-1.319166633,0.458810305,0.000000000,0.000000000,207.000,117.000,117.000
1786746525931,XAUT_USDT,demo,0,stale_binance,0,0.000000000,1.058810305,0.000000000,0.000000000,0.458810305,0.000000000,0.000000000,329.000,104.000,104.000
1786746526038,XAUT_USDT,demo,0,stale_binance,0,0.000000000,1.058810305,0.000000000,0.000000000,0.458810305,0.000000000,0.000000000,436.000,0.000,0.000
1786746526163,XAUT_USDT,demo,0,stale_binance,0,0.000000000,1.058810305,0.000000000,0.000000000,0.458810305,0.000000000,0.000000000,561.000,125.000,125.000
1786746526277,XAUT_USDT,demo,0,stale_binance,0,0.000000000,1.058810305,0.000000000,0.000000000,0.458810305,0.000000000,0.000000000,675.000,239.000,239.000
1786746526391,XAUT_USDT,demo,0,stale_binance,0,0.000000000,1.058810305,0.000000000,0.000000000,0.458810305,0.000000000,0.000000000,789.000,353.000,353.000
1786746526515,XAUT_USDT,demo,0,stale_binance,0,0.000000000,1.058810305,0.000000000,0.000000000,0.458810305,0.000000000,0.000000000,913.000,477.000,477.000
1786746526664,XAUT_USDT,demo,0,microspread_below_threshold,0,0.000000000,1.058810305,-1.319166633,-1.319166633,0.458810305,0.000000000,0.000000000,60.000,111.000,111.000
1786746526779,XAUT_USDT,demo,0,microspread_below_threshold,0,0.000000000,1.058810305,-1.319166633,-1.319166633,0.458810305,0.000000000,0.000000000,175.000,51.000,51.000
1786746526897,XAUT_USDT,demo,0,microspread_below_threshold,0,0.000000000,1.058810305,-1.319166633,-1.319166633,0.458810305,0.000000000,0.000000000,293.000,169.000,169.000
1786746527048,XAUT_USDT,demo,0,microspread_below_threshold,0,0.000000000,1.058810305,-1.319166633,-1.319166633,0.458810305,0.000000000,0.000000000,127.000,62.000,62.000
1786746527199,XAUT_USDT,demo,0,microspread_below_threshold,0,0.000000000,1.058810305,-1.319166633,-1.319166633,0.458810305,0.000000000,0.000000000,278.000,114.000,114.000
1786746527340,XAUT_USDT,demo,0,microspread_below_threshold,0,0.000000000,1.058810305,-1.319166633,-1.319166633,0.458810305,0.000000000,0.000000000,0.000,103.000,103.000
1786746527465,XAUT_USDT,demo,0,microspread_below_threshold,0,0.000000000,1.058810305,-1.319166633,-1.319166633,0.458810305,0.000000000,0.000000000,99.000,54.000,54.000
1786746527573,XAUT_USDT,demo,0,microspread_below_threshold,0,0.000000000,1.058810305,-1.319166633,-1.319166633,0.458810305,0.000000000,0.000000000,207.000,162.000,162.000
1786746527728,XAUT_USDT,demo,0,stale_binance,0,0.000000000,1.058810305,0.000000000,0.000000000,0.458810305,0.000000000,0.000000000,362.000,63.000,63.000
1786746528540,XAUT_USDT,demo,0,microspread_below_threshold,0,0.000000000,1.058810305,-1.319166633,-1.319166633,0.458810305,0.000000000,0.000000000,34.000,99.000,99.000
1786746528674,XAUT_USDT,demo,0,microspread_below_threshold,0,0.000000000,1.058810305,-1.319166633,-1.319166633,0.458810305,0.000000000,0.000000000,168.000,65.000,65.000
1786746528783,XAUT_USDT,demo,0,microspread_below_threshold,0,0.000000000,1.058810305,-1.319166633,-1.319166633,0.458810305,0.000000000,0.000000000,277.000,1.000,1.000
1786746528907,XAUT_USDT,demo,0,stale_binance,0,0.000000000,1.058810305,0.000000000,0.000000000,0.458810305,0.000000000,0.000000000,401.000,125.000,125.000
1786746529007,XAUT_USDT,demo,0,stale_binance,0,0.000000000,1.058810305,0.000000000,0.000000000,0.458810305,0.000000000,0.000000000,501.000,54.000,54.000
1786746529159,XAUT_USDT,demo,0,stale_binance,0,0.000000000,1.058810305,0.000000000,0.000000000,0.458810305,0.000000000,0.000000000,653.000,121.000,121.000
1786746529269,XAUT_USDT,demo,0,stale_binance,0,0.000000000,1.058810305,0.000000000,0.000000000,0.458810305,0.000000000,0.000000000,763.000,231.000,231.000
1786746529415,XAUT_USDT,demo,0,stale_binance,0,0.000000000,1.058810305,0.000000000,0.000000000,0.458810305,0.000000000,0.000000000,909.000,119.000,119.000
1786746529531,XAUT_USDT,demo,0,microspread_below_threshold,0,0.000000000,1.058810305,-1.319166633,-1.319166633,0.458810305,0.000000000,0.000000000,0.000,68.000,68.000
1786746529633,XAUT_USDT,demo,0,microspread_below_threshold,0,0.000000000,1.058810305,-1.319166633,-1.319166633,0.458810305,0.000000000,0.000000000,102.000,1.000,1.000
1786746529786,XAUT_USDT,demo,0,microspread_below_threshold,0,0.000000000,1.058810305,-1.319166633,-1.319166633,0.458810305,0.000000000,0.000000000,255.000,64.000,64.000
1786746529924,XAUT_USDT,demo,0,stale_binance,0,0.000000000,1.058810305,0.000000000,0.000000000,0.458810305,0.000000000,0.000000000,393.000,202.000,202.000
1786746530040,XAUT_USDT,demo,0,stale_binance,0,0.000000000,1.058810305,0.000000000,0.000000000,0.458810305,0.000000000,0.000000000,509.000,58.000,58.000
1786746530150,XAUT_USDT,demo,0,stale_binance,0,0.000000000,1.058810305,0.000000000,0.000000000,0.458810305,0.000000000,0.000000000,619.000,0.000,0.000
1786746530276,XAUT_USDT,demo,0,stale_binance,0,0.000000000,1.058810305,0.000000000,0.000000000,0.458810305,0.000000000,0.000000000,745.000,126.000,126.000
1786746530393,XAUT_USDT,demo,0,microspread_below_threshold,0,0.000000000,1.058810305,-1.319166633,-1.319166633,0.458810305,0.000000000,0.000000000,58.000,243.000,243.000
1786746530505,XAUT_USDT,demo,0,microspread_below_threshold,0,0.000000000,1.058810305,-1.319166633,-1.319166633,0.458810305,0.000000000,0.000000000,1.000,98.000,98.000
1786746530632,XAUT_USDT,demo,0,microspread_below_threshold,0,0.000000000,1.058810305,-1.319166633,-1.319166633,0.458810305,0.000000000,0.000000000,128.000,51.000,51.000
1786746530753,XAUT_USDT,demo,0,microspread_below_threshold,0,0.000000000,1.058810305,-1.319166633,-1.319166633,0.458810305,0.000000000,0.000000000,249.000,0.000,0.000
1786746530904,XAUT_USDT,demo,0,stale_binance,0,0.000000000,1.058810305,0.000000000,0.000000000,0.458810305,0.000000000,0.000000000,400.000,66.000,66.000
1786746531012,XAUT_USDT,demo,0,stale_binance,0,0.000000000,1.058810305,0.000000000,0.000000000,0.458810305,0.000000000,0.000000000,508.000,1.000,1.000
1786746531131,XAUT_USDT,demo,0,stale_binance,0,0.000000000,1.058810305,0.000000000,0.000000000,0.458810305,0.000000000,0.000000000,627.000,120.000,120.000
1786746531248,XAUT_USDT,demo,0,stale_binance,0,0.000000000,1.058810305,0.000000000,0.000000000,0.458810305,0.000000000,0.000000000,744.000,237.000,237.000
1786746531380,XAUT_USDT,demo,0,stale_binance,0,0.000000000,1.058810305,0.000000000,0.000000000,0.458810305,0.000000000,0.000000000,876.000,112.000,112.000
1786746531507,XAUT_USDT,demo,0,microspread_below_threshold,0,0.000000000,1.058810305,-1.319166633,-1.319166633,0.458810305,0.000000000,0.000000000,0.000,239.000,239.000
1786746531631,XAUT_USDT,demo,0,microspread_below_threshold,0,0.000000000,1.058810305,-1.319166633,-1.319166633,0.458810305,0.000000000,0.000000000,124.000,107.000,107.000
1786746531749,XAUT_USDT,demo,0,microspread_below_threshold,0,0.000000000,1.058810305,-1.319166633,-1.319166633,0.458810305,0.000000000,0.000000000,242.000,51.000,51.000
1786746531902,XAUT_USDT,demo,0,stale_binance,0,0.000000000,1.058810305,0.000000000,0.000000000,0.458810305,0.000000000,0.000000000,395.000,114.000,114.000
1786746532007,XAUT_USDT,demo,0,stale_binance,0,0.000000000,1.058810305,0.000000000,0.000000000,0.458810305,0.000000000,0.000000000,500.000,53.000,53.000
1786746532124,XAUT_USDT,demo,0,stale_binance,0,0.000000000,1.058810305,0.000000000,0.000000000,0.458810305,0.000000000,0.000000000,617.000,0.000,0.000
1786746532258,XAUT_USDT,demo,0,stale_binance,0,0.000000000,1.058810305,0.000000000,0.000000000,0.458810305,0.000000000,0.000000000,751.000,134.000,134.000
1786746532378,XAUT_USDT,demo,0,stale_binance,0,0.000000000,1.058810305,0.000000000,0.000000000,0.458810305,0.000000000,0.000000000,871.000,254.000,254.000
1786746532528,XAUT_USDT,demo,0,stale_binance,0,0.000000000,1.058810305,0.000000000,0.000000000,0.458810305,0.000000000,0.000000000,1021.000,62.000,62.000
1786746532640,XAUT_USDT,demo,0,stale_binance,0,0.000000000,1.058810305,0.000000000,0.000000000,0.458810305,0.000000000,0.000000000,1133.000,1.000,1.000
1786746532781,XAUT_USDT,demo,0,stale_binance,0,0.000000000,1.058810305,0.000000000,0.000000000,0.458810305,0.000000000,0.000000000,1274.000,55.000,55.000
1786746532882,XAUT_USDT,demo,0,stale_binance,0,0.000000000,1.058810305,0.000000000,0.000000000,0.458810305,0.000000000,0.000000000,1375.000,56.000,56.000
1786746532999,XAUT_USDT,demo,0,stale_binance,0,0.000000000,1.058810305,0.000000000,0.000000000,0.458810305,0.000000000,0.000000000,1492.000,173.000,173.000
1786746533133,XAUT_USDT,demo,0,stale_binance,0,0.000000000,1.058810305,0.000000000,0.000000000,0.458810305,0.000000000,0.000000000,1626.000,61.000,61.000
1786746533238,XAUT_USDT,demo,0,microspread_below_threshold,0,0.000000000,1.058810305,-1.319166633,-1.319166633,0.458810305,0.000000000,0.000000000,51.000,79.000,79.000
1786746533381,XAUT_USDT,demo,0,microspread_below_threshold,0,0.000000000,1.058810305,-1.319166633,-1.319166633,0.458810305,0.000000000,0.000000000,194.000,53.000,53.000
1786746533499,XAUT_USDT,demo,0,stale_binance,0,0.000000000,1.058810305,0.000000000,0.000000000,0.458810305,0.000000000,0.000000000,312.000,0.000,0.000
1786746534268,XAUT_USDT,demo,0,stale_binance,0,0.000000000,1.058810305,0.000000000,0.000000000,0.458810305,0.000000000,0.000000000,1081.000,84.000,84.000
1786746534381,XAUT_USDT,demo,0,stale_binance,0,0.000000000,1.058810305,0.000000000,0.000000000,0.458810305,0.000000000,0.000000000,1194.000,197.000,197.000
1786746534490,XAUT_USDT,demo,0,stale_binance,0,0.000000000,1.058810305,0.000000000,0.000000000,0.458810305,0.000000000,0.000000000,1303.000,306.000,306.000
1786746534590,XAUT_USDT,demo,0,microspread_below_threshold,0,0.000000000,1.058810305,-1.319166633,-1.319166633,0.458810305,0.000000000,0.000000000,86.000,64.000,64.000
1786746534697,XAUT_USDT,demo,0,microspread_below_threshold,0,0.000000000,1.058810305,-1.319166633,-1.319166633,0.458810305,0.000000000,0.000000000,193.000,0.000,0.000
1786746534838,XAUT_USDT,demo,0,microspread_below_threshold,0,0.000000000,1.058810305,-1.319166633,-1.319166633,0.458810305,0.000000000,0.000000000,108.000,54.000,54.000
1786746534953,XAUT_USDT,demo,0,microspread_below_threshold,0,0.000000000,1.058810305,-1.319166633,-1.319166633,0.458810305,0.000000000,0.000000000,223.000,169.000,169.000
1786746535107,XAUT_USDT,demo,0,stale_binance,0,0.000000000,1.058810305,0.000000000,0.000000000,0.458810305,0.000000000,0.000000000,377.000,66.000,66.000
1786746535230,XAUT_USDT,demo,0,stale_binance,0,0.000000000,1.058810305,0.000000000,0.000000000,0.458810305,0.000000000,0.000000000,500.000,102.000,102.000
1786746535337,XAUT_USDT,demo,0,microspread_below_threshold,0,0.000000000,1.058810305,-1.319166633,-1.319166633,0.458810305,0.000000000,0.000000000,0.000,38.000,38.000
1786746535468,XAUT_USDT,demo,0,microspread_below_threshold,0,0.000000000,1.058810305,-1.319166633,-1.319166633,0.458810305,0.000000000,0.000000000,112.000,0.000,0.000
1786746535602,XAUT_USDT,demo,0,microspread_below_threshold,0,0.000000000,1.058810305,-1.319166633,-1.319166633,0.458810305,0.000000000,0.000000000,0.000,45.000,45.000
1786746535730,XAUT_USDT,demo,0,microspread_below_threshold,0,0.000000000,1.058810305,-1.319166633,-1.319166633,0.458810305,0.000000000,0.000000000,128.000,0.000,0.000
1786746535875,XAUT_USDT,demo,0,microspread_below_threshold,0,0.000000000,1.058810305,-1.319166633,-1.319166633,0.458810305,0.000000000,0.000000000,273.000,60.000,60.000
1786746535987,XAUT_USDT,demo,0,stale_binance,0,0.000000000,1.058810305,0.000000000,0.000000000,0.458810305,0.000000000,0.000000000,385.000,0.000,0.000
1786746536130,XAUT_USDT,demo,0,stale_binance,0,0.000000000,1.058810305,0.000000000,0.000000000,0.458810305,0.000000000,0.000000000,528.000,59.000,59.000
1786746536275,XAUT_USDT,demo,0,stale_binance,0,0.000000000,1.058810305,0.000000000,0.000000000,0.458810305,0.000000000,0.000000000,673.000,121.000,121.000
1786746536380,XAUT_USDT,demo,0,stale_binance,0,0.000000000,1.058810305,0.000000000,0.000000000,0.458810305,0.000000000,0.000000000,778.000,226.000,226.000
1786746536498,XAUT_USDT,demo,0,stale_binance,0,0.000000000,1.058810305,0.000000000,0.000000000,0.458810305,0.000000000,0.000000000,896.000,0.000,0.000
1786746536639,XAUT_USDT,demo,0,microspread_below_threshold,0,0.000000000,1.058810305,-1.319166633,-1.319166633,0.458810305,0.000000000,0.000000000,130.000,141.000,141.000
1786746536756,XAUT_USDT,demo,0,microspread_below_threshold,0,0.000000000,1.058810305,-1.319166633,-1.319166633,0.458810305,0.000000000,0.000000000,247.000,1.000,1.000
1786746536865,XAUT_USDT,demo,0,stale_binance,0,0.000000000,1.058810305,0.000000000,0.000000000,0.458810305,0.000000000,0.000000000,356.000,110.000,110.000
1786746536987,XAUT_USDT,demo,0,stale_binance,0,0.000000000,1.058810305,0.000000000,0.000000000,0.458810305,0.000000000,0.000000000,478.000,232.000,232.000
1786746537099,XAUT_USDT,demo,0,stale_binance,0,0.000000000,1.058810305,0.000000000,0.000000000,0.458810305,0.000000000,0.000000000,590.000,1.000,1.000
1786746537238,XAUT_USDT,demo,0,stale_binance,0,0.000000000,1.058810305,0.000000000,0.000000000,0.458810305,0.000000000,0.000000000,729.000,54.000,54.000
1786746537351,XAUT_USDT,demo,0,stale_binance,0,0.000000000,1.058810305,0.000000000,0.000000000,0.458810305,0.000000000,0.000000000,842.000,167.000,167.000
1786746537463,XAUT_USDT,demo,0,stale_binance,0,0.000000000,1.058810305,0.000000000,0.000000000,0.458810305,0.000000000,0.000000000,954.000,279.000,279.000
1786746537578,XAUT_USDT,demo,0,stale_binance,0,0.000000000,1.058810305,0.000000000,0.000000000,0.458810305,0.000000000,0.000000000,1069.000,54.000,54.000
1786746537678,XAUT_USDT,demo,0,microspread_below_threshold,0,0.000000000,1.058810305,-1.319166633,-1.319166633,0.458810305,0.000000000,0.000000000,67.000,55.000,55.000
1786746537785,XAUT_USDT,demo,0,microspread_below_threshold,0,0.000000000,1.058810305,-1.319166633,-1.319166633,0.458810305,0.000000000,0.000000000,174.000,0.000,0.000
1786746537904,XAUT_USDT,demo,0,microspread_below_threshold,0,0.000000000,1.058810305,-1.319166633,-1.319166633,0.458810305,0.000000000,0.000000000,293.000,119.000,119.000
1786746538007,XAUT_USDT,demo,0,stale_binance,0,0.000000000,1.058810305,0.000000000,0.000000000,0.458810305,0.000000000,0.000000000,396.000,52.000,52.000
1786746538108,XAUT_USDT,demo,0,stale_binance,0,0.000000000,1.058810305,0.000000000,0.000000000,0.458810305,0.000000000,0.000000000,497.000,56.000,56.000
1786746538246,XAUT_USDT,demo,0,stale_binance,0,0.000000000,1.058810305,0.000000000,0.000000000,0.458810305,0.000000000,0.000000000,635.000,119.000,119.000
1786746538374,XAUT_USDT,demo,0,stale_binance,0,0.000000000,1.058810305,0.000000000,0.000000000,0.458810305,0.000000000,0.000000000,763.000,247.000,247.000
1786746538474,XAUT_USDT,demo,0,stale_binance,0,0.000000000,1.058810305,0.000000000,0.000000000,0.458810305,0.000000000,0.000000000,863.000,0.000,0.000
1786746538624,XAUT_USDT,demo,0,stale_binance,0,0.000000000,1.058810305,0.000000000,0.000000000,0.458810305,0.000000000,0.000000000,1013.000,65.000,65.000
1786746538735,XAUT_USDT,demo,0,stale_binance,0,0.000000000,1.058810305,0.000000000,0.000000000,0.458810305,0.000000000,0.000000000,1124.000,78.000,78.000
1786746538880,XAUT_USDT,demo,0,stale_binance,0,0.000000000,1.058810305,0.000000000,0.000000000,0.458810305,0.000000000,0.000000000,1269.000,61.000,61.000
1786746539013,XAUT_USDT,demo,0,stale_binance,0,0.000000000,1.058810305,0.000000000,0.000000000,0.458810305,0.000000000,0.000000000,1402.000,108.000,108.000
1786746539139,XAUT_USDT,demo,0,stale_binance,0,0.000000000,1.058810305,0.000000000,0.000000000,0.458810305,0.000000000,0.000000000,1528.000,234.000,234.000
1786746539247,XAUT_USDT,demo,0,stale_binance,0,0.000000000,1.058810305,0.000000000,0.000000000,0.458810305,0.000000000,0.000000000,1636.000,0.000,0.000
1786746539998,XAUT_USDT,demo,0,stale_binance,0,0.000000000,1.058810305,0.000000000,0.000000000,0.458810305,0.000000000,0.000000000,2387.000,56.000,56.000
1786746540112,XAUT_USDT,demo,0,stale_binance,0,0.000000000,1.058810305,0.000000000,0.000000000,0.458810305,0.000000000,0.000000000,2501.000,170.000,170.000
1786746540257,XAUT_USDT,demo,0,stale_binance,0,0.000000000,1.058810305,0.000000000,0.000000000,0.458810305,0.000000000,0.000000000,2646.000,55.000,55.000
1786746540390,XAUT_USDT,demo,0,microspread_below_threshold,0,0.000000000,1.058810305,-1.319166633,-1.319166633,0.458810305,0.000000000,0.000000000,63.000,188.000,188.000
1786746540512,XAUT_USDT,demo,0,microspread_below_threshold,0,0.000000000,1.058810305,-1.319166633,-1.319166633,0.458810305,0.000000000,0.000000000,64.000,55.000,55.000
1786746540655,XAUT_USDT,demo,0,microspread_below_threshold,0,0.000000000,1.058810305,-1.319166633,-1.319166633,0.458810305,0.000000000,0.000000000,207.000,114.000,114.000
1786746540775,XAUT_USDT,demo,0,stale_binance,0,0.000000000,1.058810305,0.000000000,0.000000000,0.458810305,0.000000000,0.000000000,327.000,63.000,63.000
1786746540889,XAUT_USDT,demo,0,stale_binance,0,0.000000000,1.058810305,0.000000000,0.000000000,0.458810305,0.000000000,0.000000000,441.000,1.000,1.000
1786746541011,XAUT_USDT,demo,0,microspread_below_threshold,0,0.000000000,1.058810305,-1.319166633,-1.319166633,0.458810305,0.000000000,0.000000000,121.000,123.000,123.000
1786746541113,XAUT_USDT,demo,0,microspread_below_threshold,0,0.000000000,1.058810305,-1.319166633,-1.319166633,0.458810305,0.000000000,0.000000000,223.000,56.000,56.000
1786746541229,XAUT_USDT,demo,0,stale_binance,0,0.000000000,1.058810305,0.000000000,0.000000000,0.458810305,0.000000000,0.000000000,339.000,0.000,0.000
1786746541370,XAUT_USDT,demo,0,stale_binance,0,0.000000000,1.058810305,0.000000000,0.000000000,0.458810305,0.000000000,0.000000000,480.000,55.000,55.000
1786746541488,XAUT_USDT,demo,0,stale_binance,0,0.000000000,1.058810305,0.000000000,0.000000000,0.458810305,0.000000000,0.000000000,598.000,0.000,0.000
1786746541628,XAUT_USDT,demo,0,stale_binance,0,0.000000000,1.058810305,0.000000000,0.000000000,0.458810305,0.000000000,0.000000000,738.000,56.000,56.000
1786746541743,XAUT_USDT,demo,0,stale_binance,0,0.000000000,1.058810305,0.000000000,0.000000000,0.458810305,0.000000000,0.000000000,853.000,0.000,0.000
1786746541857,XAUT_USDT,demo,0,stale_binance,0,0.000000000,1.058810305,0.000000000,0.000000000,0.458810305,0.000000000,0.000000000,967.000,114.000,114.000
1786746541975,XAUT_USDT,demo,0,stale_binance,0,0.000000000,1.058810305,0.000000000,0.000000000,0.458810305,0.000000000,0.000000000,1085.000,232.000,232.000
1786746542078,XAUT_USDT,demo,0,stale_binance,0,0.000000000,1.058810305,0.000000000,0.000000000,0.458810305,0.000000000,0.000000000,1188.000,51.000,51.000
1786746542228,XAUT_USDT,demo,0,stale_binance,0,0.000000000,1.058810305,0.000000000,0.000000000,0.458810305,0.000000000,0.000000000,1338.000,53.000,53.000
1786746542346,XAUT_USDT,demo,0,stale_binance,0,0.000000000,1.058810305,0.000000000,0.000000000,0.458810305,0.000000000,0.000000000,1456.000,0.000,0.000
1786746542477,XAUT_USDT,demo,0,stale_binance,0,0.000000000,1.058810305,0.000000000,0.000000000,0.458810305,0.000000000,0.000000000,1587.000,131.000,131.000
1786746542601,XAUT_USDT,demo,0,microspread_below_threshold,0,0.000000000,1.058810305,-1.319166633,-1.319166633,0.458810305,0.000000000,0.000000000,95.000,0.000,0.000
1786746542727,XAUT_USDT,demo,0,microspread_below_threshold,0,0.000000000,1.058810305,-1.319166633,-1.319166633,0.458810305,0.000000000,0.000000000,221.000,126.000,126.000
1786746542867,XAUT_USDT,demo,0,stale_binance,0,0.000000000,1.058810305,0.000000000,0.000000000,0.458810305,0.000000000,0.000000000,361.000,0.000,0.000
1786746542977,XAUT_USDT,demo,0,stale_binance,0,0.000000000,1.058810305,0.000000000,0.000000000,0.458810305,0.000000000,0.000000000,471.000,110.000,110.000
1786746543088,XAUT_USDT,demo,0,stale_binance,0,0.000000000,1.058810305,0.000000000,0.000000000,0.458810305,0.000000000,0.000000000,582.000,58.000,58.000
1786746543239,XAUT_USDT,demo,0,stale_binance,0,0.000000000,1.058810305,0.000000000,0.000000000,0.458810305,0.000000000,0.000000000,733.000,123.000,123.000
1786746543339,XAUT_USDT,demo,0,stale_binance,0,0.000000000,1.058810305,0.000000000,0.000000000,0.458810305,0.000000000,0.000000000,833.000,52.000,52.000
1786746543456,XAUT_USDT,demo,0,stale_binance,0,0.000000000,1.058810305,0.000000000,0.000000000,0.458810305,0.000000000,0.000000000,950.000,169.000,169.000
1786746543604,XAUT_USDT,demo,0,microspread_below_threshold,0,0.000000000,1.058810305,-1.319166633,-1.319166633,0.458810305,0.000000000,0.000000000,96.000,56.000,56.000
1786746543726,XAUT_USDT,demo,0,microspread_below_threshold,0,0.000000000,1.058810305,-1.319166633,-1.319166633,0.458810305,0.000000000,0.000000000,218.000,178.000,178.000
1786746543870,XAUT_USDT,demo,0,stale_binance,0,0.000000000,1.058810305,0.000000000,0.000000000,0.458810305,0.000000000,0.000000000,362.000,64.000,64.000
1786746543979,XAUT_USDT,demo,0,stale_binance,0,0.000000000,1.058810305,0.000000000,0.000000000,0.458810305,0.000000000,0.000000000,471.000,0.000,0.000
1786746544121,XAUT_USDT,demo,0,stale_binance,0,0.000000000,1.058810305,0.000000000,0.000000000,0.458810305,0.000000000,0.000000000,613.000,55.000,55.000
1786746544260,XAUT_USDT,demo,0,stale_binance,0,0.000000000,1.058810305,0.000000000,0.000000000,0.458810305,0.000000000,0.000000000,752.000,108.000,108.000
1786746544379,XAUT_USDT,demo,0,stale_binance,0,0.000000000,1.058810305,0.000000000,0.000000000,0.458810305,0.000000000,0.000000000,871.000,227.000,227.000
1786746544498,XAUT_USDT,demo,0,stale_binance,0,0.000000000,1.058810305,0.000000000,0.000000000,0.458810305,0.000000000,0.000000000,990.000,0.000,0.000
1786746544602,XAUT_USDT,demo,0,microspread_below_threshold,0,0.000000000,1.058810305,-1.319166633,-1.319166633,0.458810305,0.000000000,0.000000000,0.000,17.000,17.000
1786746544734,XAUT_USDT,demo,0,microspread_below_threshold,0,0.000000000,1.058810305,-1.319166633,-1.319166633,0.458810305,0.000000000,0.000000000,132.000,64.000,64.000
1786746544844,XAUT_USDT,demo,0,microspread_below_threshold,0,0.000000000,1.058810305,-1.319166633,-1.319166633,0.458810305,0.000000000,0.000000000,242.000,0.000,0.000
1786746544958,XAUT_USDT,demo,0,stale_binance,0,0.000000000,1.058810305,0.000000000,0.000000000,0.458810305,0.000000000,0.000000000,356.000,114.000,114.000
1786746545676,XAUT_USDT,demo,0,microspread_below_threshold,0,0.000000000,1.058810305,-1.319166633,-1.319166633,0.458810305,0.000000000,0.000000000,171.000,152.000,152.000
1786746545782,XAUT_USDT,demo,0,microspread_below_threshold,0,0.000000000,1.058810305,-1.319166633,-1.319166633,0.458810305,0.000000000,0.000000000,277.000,0.000,0.000
1786746545905,XAUT_USDT,demo,0,stale_binance,0,0.000000000,1.058810305,0.000000000,0.000000000,0.458810305,0.000000000,0.000000000,400.000,123.000,123.000
1786746546024,XAUT_USDT,demo,0,stale_binance,0,0.000000000,1.058810305,0.000000000,0.000000000,0.458810305,0.000000000,0.000000000,519.000,242.000,242.000
1786746546127,XAUT_USDT,demo,0,stale_binance,0,0.000000000,1.058810305,0.000000000,0.000000000,0.458810305,0.000000000,0.000000000,622.000,1.000,1.000
1786746546260,XAUT_USDT,demo,0,stale_binance,0,0.000000000,1.058810305,0.000000000,0.000000000,0.458810305,0.000000000,0.000000000,755.000,134.000,134.000
1786746546424,XAUT_USDT,demo,0,stale_binance,0,0.000000000,1.058810305,0.000000000,0.000000000,0.458810305,0.000000000,0.000000000,919.000,127.000,127.000
1786746546554,XAUT_USDT,demo,0,microspread_below_threshold,0,0.000000000,1.058810305,-1.319166633,-1.319166633,0.458810305,0.000000000,0.000000000,49.000,1.000,1.000
1786746546704,XAUT_USDT,demo,0,microspread_below_threshold,0,0.000000000,1.058810305,-1.319166633,-1.319166633,0.458810305,0.000000000,0.000000000,199.000,64.000,64.000
1786746546812,XAUT_USDT,demo,0,stale_binance,0,0.000000000,1.058810305,0.000000000,0.000000000,0.458810305,0.000000000,0.000000000,307.000,0.000,0.000
1786746546955,XAUT_USDT,demo,0,stale_binance,0,0.000000000,1.058810305,0.000000000,0.000000000,0.458810305,0.000000000,0.000000000,450.000,56.000,56.000
1786746547072,XAUT_USDT,demo,0,stale_binance,0,0.000000000,1.058810305,0.000000000,0.000000000,0.458810305,0.000000000,0.000000000,567.000,173.000,173.000
1786746547211,XAUT_USDT,demo,0,stale_binance,0,0.000000000,1.058810305,0.000000000,0.000000000,0.458810305,0.000000000,0.000000000,706.000,57.000,57.000
1786746547360,XAUT_USDT,demo,0,stale_binance,0,0.000000000,1.058810305,0.000000000,0.000000000,0.458810305,0.000000000,0.000000000,855.000,118.000,118.000
1786746547498,XAUT_USDT,demo,0,microspread_below_threshold,0,0.000000000,1.058810305,-1.319166633,-1.319166633,0.458810305,0.000000000,0.000000000,61.000,256.000,256.000
1786746547636,XAUT_USDT,demo,0,microspread_below_threshold,0,0.000000000,1.058810305,-1.319166633,-1.319166633,0.458810305,0.000000000,0.000000000,130.000,55.000,55.000
1786746547758,XAUT_USDT,demo,0,microspread_below_threshold,0,0.000000000,1.058810305,-1.319166633,-1.319166633,0.458810305,0.000000000,0.000000000,252.000,0.000,0.000
1786746547885,XAUT_USDT,demo,0,stale_binance,0,0.000000000,1.058810305,0.000000000,0.000000000,0.458810305,0.000000000,0.000000000,379.000,127.000,127.000
1786746548039,XAUT_USDT,demo,0,stale_binance,0,0.000000000,1.058810305,0.000000000,0.000000000,0.458810305,0.000000000,0.000000000,533.000,112.000,112.000
1786746548158,XAUT_USDT,demo,0,stale_binance,0,0.000000000,1.058810305,0.000000000,0.000000000,0.458810305,0.000000000,0.000000000,652.000,56.000,56.000
1786746548272,XAUT_USDT,demo,0,stale_binance,0,0.000000000,1.058810305,0.000000000,0.000000000,0.458810305,0.000000000,0.000000000,766.000,0.000,0.000
1786746548387,XAUT_USDT,demo,0,stale_binance,0,0.000000000,1.058810305,0.000000000,0.000000000,0.458810305,0.000000000,0.000000000,881.000,115.000,115.000
1786746548507,XAUT_USDT,demo,0,stale_binance,0,0.000000000,1.058810305,0.000000000,0.000000000,0.458810305,0.000000000,0.000000000,1001.000,64.000,64.000
1786746548642,XAUT_USDT,demo,0,stale_binance,0,0.000000000,1.058810305,0.000000000,0.000000000,0.458810305,0.000000000,0.000000000,1136.000,114.000,114.000
1786746548748,XAUT_USDT,demo,0,microspread_below_threshold,0,0.000000000,1.058810305,-1.319166633,-1.319166633,0.458810305,0.000000000,0.000000000,54.000,220.000,220.000
1786746548875,XAUT_USDT,demo,0,microspread_below_threshold,0,0.000000000,1.058810305,-1.319166633,-1.319166633,0.458810305,0.000000000,0.000000000,181.000,1.000,1.000
1786746548992,XAUT_USDT,demo,0,microspread_below_threshold,0,0.000000000,1.058810305,-1.319166633,-1.319166633,0.458810305,0.000000000,0.000000000,298.000,118.000,118.000
1786746549098,XAUT_USDT,demo,0,stale_binance,0,0.000000000,1.058810305,0.000000000,0.000000000,0.458810305,0.000000000,0.000000000,404.000,51.000,51.000
1786746549219,XAUT_USDT,demo,0,stale_binance,0,0.000000000,1.058810305,0.000000000,0.000000000,0.458810305,0.000000000,0.000000000,525.000,0.000,0.000
1786746549365,XAUT_USDT,demo,0,stale_binance,0,0.000000000,1.058810305,0.000000000,0.000000000,0.458810305,0.000000000,0.000000000,671.000,59.000,59.000
1786746549503,XAUT_USDT,demo,0,stale_binance,0,0.000000000,1.058810305,0.000000000,0.000000000,0.458810305,0.000000000,0.000000000,809.000,111.000,111.000
1786746549618,XAUT_USDT,demo,0,microspread_below_threshold,0,0.000000000,1.058810305,-1.319166633,-1.319166633,0.458810305,0.000000000,0.000000000,111.000,58.000,58.000
1786746549731,XAUT_USDT,demo,0,microspread_below_threshold,0,0.000000000,1.058810305,-1.319166633,-1.319166633,0.458810305,0.000000000,0.000000000,224.000,0.000,0.000
1786746549853,XAUT_USDT,demo,0,stale_binance,0,0.000000000,1.058810305,0.000000000,0.000000000,0.458810305,0.000000000,0.000000000,346.000,122.000,122.000
1786746549972,XAUT_USDT,demo,0,stale_binance,0,0.000000000,1.058810305,0.000000000,0.000000000,0.458810305,0.000000000,0.000000000,465.000,241.000,241.000
1786746550078,XAUT_USDT,demo,0,stale_binance,0,0.000000000,1.058810305,0.000000000,0.000000000,0.458810305,0.000000000,0.000000000,571.000,0.000,0.000
1786746550192,XAUT_USDT,demo,0,microspread_below_threshold,0,0.000000000,1.058810305,-1.319166633,-1.319166633,0.458810305,0.000000000,0.000000000,56.000,114.000,114.000
1786746550303,XAUT_USDT,demo,0,microspread_below_threshold,0,0.000000000,1.058810305,-1.319166633,-1.319166633,0.458810305,0.000000000,0.000000000,167.000,53.000,53.000
1786746550457,XAUT_USDT,demo,0,microspread_below_threshold,0,0.000000000,1.058810305,-1.319166633,-1.319166633,0.458810305,0.000000000,0.000000000,60.000,118.000,118.000
1786746550569,XAUT_USDT,demo,0,microspread_below_threshold,0,0.000000000,1.058810305,-1.319166633,-1.319166633,0.458810305,0.000000000,0.000000000,65.000,59.000,59.000
1786746551352,XAUT_USDT,demo,0,stale_binance,0,0.000000000,1.058810305,0.000000000,0.000000000,0.458810305,0.000000000,0.000000000,451.000,68.000,68.000
1786746551475,XAUT_USDT,demo,0,stale_binance,0,0.000000000,1.058810305,0.000000000,0.000000000,0.458810305,0.000000000,0.000000000,574.000,191.000,191.000
1786746551592,XAUT_USDT,demo,0,microspread_below_threshold,0,0.000000000,1.058810305,-1.319166633,-1.319166633,0.458810305,0.000000000,0.000000000,87.000,51.000,51.000
1786746551692,XAUT_USDT,demo,0,microspread_below_threshold,0,0.000000000,1.058810305,-1.319166633,-1.319166633,0.458810305,0.000000000,0.000000000,187.000,66.000,66.000
1786746551799,XAUT_USDT,demo,0,microspread_below_threshold,0,0.000000000,1.058810305,-1.319166633,-1.319166633,0.458810305,0.000000000,0.000000000,294.000,0.000,0.000
1786746551942,XAUT_USDT,demo,0,stale_binance,0,0.000000000,1.000000000,0.000000000,0.000000000,0.229407784,0.000000000,0.000000000,437.000,58.000,58.000
1786746552083,XAUT_USDT,demo,0,stale_binance,0,0.000000000,1.000000000,0.000000000,0.000000000,0.229407784,0.000000000,0.000000000,578.000,112.000,112.000
1786746552187,XAUT_USDT,demo,0,stale_binance,0,0.000000000,1.000000000,0.000000000,0.000000000,0.229407784,0.000000000,0.000000000,682.000,216.000,216.000
1786746552287,XAUT_USDT,demo,0,stale_binance,0,0.000000000,1.000000000,0.000000000,0.000000000,0.229407784,0.000000000,0.000000000,782.000,61.000,61.000
1786746552403,XAUT_USDT,demo,0,stale_binance,0,0.000000000,1.000000000,0.000000000,0.000000000,0.229407784,0.000000000,0.000000000,898.000,177.000,177.000
1786746552506,XAUT_USDT,demo,0,microspread_below_threshold,1,0.114703234,1.000000000,-1.204463399,-1.319166633,0.229407784,0.000000000,0.000000000,0.000,79.000,79.000
1786746552613,XAUT_USDT,demo,0,microspread_below_threshold,1,0.114703234,1.000000000,-1.204463399,-1.319166633,0.229407784,0.000000000,0.000000000,0.000,186.000,186.000
1786746552718,XAUT_USDT,demo,0,microspread_below_threshold,1,0.114703234,1.000000000,-1.204463399,-1.319166633,0.229407784,0.000000000,0.000000000,105.000,63.000,63.000
1786746552858,XAUT_USDT,demo,0,microspread_below_threshold,1,0.114703234,1.000000000,-1.204463399,-1.319166633,0.229407784,0.000000000,0.000000000,245.000,116.000,116.000
1786746552984,XAUT_USDT,demo,0,stale_binance,0,0.000000000,1.000000000,0.000000000,0.000000000,0.229407784,0.000000000,0.000000000,371.000,242.000,242.000
1786746553112,XAUT_USDT,demo,0,stale_binance,0,0.000000000,1.000000000,0.000000000,0.000000000,0.229407784,0.000000000,0.000000000,499.000,112.000,112.000
1786746553220,XAUT_USDT,demo,0,stale_binance,0,0.000000000,1.000000000,0.000000000,0.000000000,0.229407784,0.000000000,0.000000000,607.000,51.000,51.000
1786746553324,XAUT_USDT,demo,0,microspread_below_threshold,1,0.114703234,1.000000000,-1.204463399,-1.319166633,0.229407784,0.000000000,0.000000000,0.000,68.000,68.000
1786746553427,XAUT_USDT,demo,0,microspread_below_threshold,1,0.114703234,1.000000000,-1.204463399,-1.319166633,0.229407784,0.000000000,0.000000000,103.000,0.000,0.000
1786746553585,XAUT_USDT,demo,0,microspread_below_threshold,1,0.114703234,1.000000000,-1.204463399,-1.319166633,0.229407784,0.000000000,0.000000000,261.000,70.000,70.000
1786746553685,XAUT_USDT,demo,0,microspread_below_threshold,1,0.114703234,1.000000000,-1.204463399,-1.319166633,0.229407784,0.000000000,0.000000000,83.000,0.000,0.000
1786746553832,XAUT_USDT,demo,0,microspread_below_threshold,1,0.114703234,1.000000000,-1.204463399,-1.319166633,0.229407784,0.000000000,0.000000000,230.000,60.000,60.000
1786746553938,XAUT_USDT,demo,0,stale_binance,0,0.000000000,1.000000000,0.000000000,0.000000000,0.229407784,0.000000000,0.000000000,336.000,166.000,166.000
1786746554084,XAUT_USDT,demo,0,stale_binance,0,0.000000000,1.000000000,0.000000000,0.000000000,0.229407784,0.000000000,0.000000000,482.000,51.000,51.000
1786746554191,XAUT_USDT,demo,0,stale_binance,0,0.000000000,1.000000000,0.000000000,0.000000000,0.229407784,0.000000000,0.000000000,589.000,158.000,158.000
1786746554294,XAUT_USDT,demo,0,stale_binance,0,0.000000000,1.000000000,0.000000000,0.000000000,0.229407784,0.000000000,0.000000000,692.000,0.000,0.000
1786746554435,XAUT_USDT,demo,0,microspread_below_threshold,1,0.114703234,1.000000000,-1.204463399,-1.319166633,0.229407784,0.000000000,0.000000000,110.000,59.000,59.000
1786746554547,XAUT_USDT,demo,0,microspread_below_threshold,1,0.229407784,1.058820830,-1.089758849,-1.319166633,0.458820830,0.000000000,-0.114704550,42.000,0.000,0.000
1786746554686,XAUT_USDT,demo,0,microspread_below_threshold,1,0.229407784,1.058820830,-1.089758849,-1.319166633,0.458820830,0.000000000,0.000000000,181.000,52.000,52.000
1786746554806,XAUT_USDT,demo,0,stale_binance,0,0.000000000,1.058820830,0.000000000,0.000000000,0.458820830,0.000000000,0.000000000,301.000,0.000,0.000
1786746554953,XAUT_USDT,demo,0,stale_binance,0,0.000000000,1.058820830,0.000000000,0.000000000,0.458820830,0.000000000,0.000000000,448.000,57.000,57.000
1786746555069,XAUT_USDT,demo,0,stale_binance,0,0.000000000,1.058820830,0.000000000,0.000000000,0.458820830,0.000000000,0.000000000,564.000,0.000,0.000
1786746555205,XAUT_USDT,demo,0,stale_binance,0,0.000000000,1.058820830,0.000000000,0.000000000,0.458820830,0.000000000,0.000000000,700.000,55.000,55.000
1786746555323,XAUT_USDT,demo,0,stale_binance,0,0.000000000,1.058820830,0.000000000,0.000000000,0.458820830,0.000000000,0.000000000,818.000,0.000,0.000
1786746555431,XAUT_USDT,demo,0,stale_binance,0,0.000000000,1.058820830,0.000000000,0.000000000,0.458820830,0.000000000,0.000000000,926.000,108.000,108.000
1786746555559,XAUT_USDT,demo,0,microspread_below_threshold,1,0.229407784,1.058820830,-1.089758849,-1.319166633,0.458820830,0.000000000,0.000000000,53.000,236.000,236.000
1786746555672,XAUT_USDT,demo,0,microspread_below_threshold,1,0.229407784,1.058820830,-1.089758849,-1.319166633,0.458820830,0.000000000,0.000000000,166.000,0.000,0.000
1786746555815,XAUT_USDT,demo,0,stale_binance,0,0.000000000,1.058820830,0.000000000,0.000000000,0.458820830,0.000000000,0.000000000,309.000,59.000,59.000
1786746555924,XAUT_USDT,demo,0,stale_binance,0,0.000000000,1.058820830,0.000000000,0.000000000,0.458820830,0.000000000,0.000000000,418.000,0.000,0.000
1786746556035,XAUT_USDT,demo,0,stale_binance,0,0.000000000,1.058820830,0.000000000,0.000000000,0.458820830,0.000000000,0.000000000,529.000,111.000,111.000
1786746556154,XAUT_USDT,demo,0,stale_binance,0,0.000000000,1.058820830,0.000000000,0.000000000,0.458820830,0.000000000,0.000000000,648.000,59.000,59.000
1786746556265,XAUT_USDT,demo,0,stale_binance,0,0.000000000,1.058820830,0.000000000,0.000000000,0.458820830,0.000000000,0.000000000,759.000,0.000,0.000
1786746557057,XAUT_USDT,demo,0,stale_binance,0,0.000000000,1.058820830,0.000000000,0.000000000,0.458820830,0.000000000,0.000000000,455.000,11.000,11.000
1786746557190,XAUT_USDT,demo,0,stale_binance,0,0.000000000,1.058820830,0.000000000,0.000000000,0.458820830,0.000000000,0.000000000,588.000,58.000,58.000
1786746557305,XAUT_USDT,demo,0,stale_binance,0,0.000000000,1.058820830,0.000000000,0.000000000,0.458820830,0.000000000,0.000000000,703.000,0.000,0.000
1786746557419,XAUT_USDT,demo,0,stale_binance,0,0.000000000,1.058820830,0.000000000,0.000000000,0.458820830,0.000000000,0.000000000,817.000,114.000,114.000
1786746557540,XAUT_USDT,demo,0,stale_binance,0,0.000000000,1.058820830,0.000000000,0.000000000,0.458820830,0.000000000,0.000000000,938.000,235.000,235.000
1786746557645,XAUT_USDT,demo,0,microspread_below_threshold,1,0.114704550,1.058820830,-1.089758849,-1.204463399,0.458820830,0.000000000,0.000000000,35.000,0.000,0.000
1786746557752,XAUT_USDT,demo,0,microspread_below_threshold,1,0.114704550,1.058820830,-1.089758849,-1.204463399,0.458820830,0.000000000,0.000000000,142.000,107.000,107.000
1786746557882,XAUT_USDT,demo,0,microspread_below_threshold,1,0.114704550,1.058820830,-1.089758849,-1.204463399,0.458820830,0.000000000,0.000000000,272.000,61.000,61.000
1786746558002,XAUT_USDT,demo,0,stale_binance,0,0.000000000,1.058820830,0.000000000,0.000000000,0.458820830,0.000000000,0.000000000,392.000,181.000,181.000
1786746558136,XAUT_USDT,demo,0,stale_binance,0,0.000000000,1.058820830,0.000000000,0.000000000,0.458820830,0.000000000,0.000000000,526.000,59.000,59.000
1786746558248,XAUT_USDT,demo,0,stale_binance,0,0.000000000,1.058820830,0.000000000,0.000000000,0.458820830,0.000000000,0.000000000,638.000,0.000,0.000
1786746558389,XAUT_USDT,demo,0,stale_binance,0,0.000000000,1.058820830,0.000000000,0.000000000,0.458820830,0.000000000,0.000000000,779.000,54.000,54.000
1786746558508,XAUT_USDT,demo,0,microspread_below_threshold,1,0.114704550,1.058820830,-1.089758849,-1.204463399,0.458820830,0.000000000,0.000000000,0.000,1.000,1.000
1786746558621,XAUT_USDT,demo,0,microspread_below_threshold,1,0.114704550,1.058820830,-1.089758849,-1.204463399,0.458820830,0.000000000,0.000000000,113.000,114.000,114.000
1786746558735,XAUT_USDT,demo,0,microspread_below_threshold,1,0.114704550,1.058820830,-1.089758849,-1.204463399,0.458820830,0.000000000,0.000000000,227.000,57.000,57.000
1786746558883,XAUT_USDT,demo,0,stale_binance,0,0.000000000,1.058820830,0.000000000,0.000000000,0.458820830,0.000000000,0.000000000,375.000,119.000,119.000
1786746559002,XAUT_USDT,demo,0,stale_binance,0,0.000000000,1.058820830,0.000000000,0.000000000,0.458820830,0.000000000,0.000000000,494.000,238.000,238.000
1786746559127,XAUT_USDT,demo,0,stale_binance,0,0.000000000,1.058820830,0.000000000,0.000000000,0.458820830,0.000000000,0.000000000,619.000,0.000,0.000
1786746559235,XAUT_USDT,demo,0,microspread_below_threshold,1,0.114704550,1.058820830,-1.089758849,-1.204463399,0.458820830,0.000000000,0.000000000,106.000,108.000,108.000
1786746559387,XAUT_USDT,demo,0,microspread_below_threshold,1,0.057352275,1.058820830,-1.089758849,-1.147111124,0.458820830,0.000000000,0.000000000,258.000,110.000,110.000
1786746559511,XAUT_USDT,demo,0,stale_binance,0,0.000000000,1.058820830,0.000000000,0.000000000,0.458820830,0.000000000,0.000000000,382.000,62.000,62.000
1786746559620,XAUT_USDT,demo,0,microspread_below_threshold,0,0.000000000,1.058820830,-1.089758849,-1.089758849,0.458820830,0.000000000,0.000000000,19.000,0.000,0.000
1786746559739,XAUT_USDT,demo,0,microspread_below_threshold,0,0.000000000,1.058820830,-1.089758849,-1.089758849,0.458820830,0.000000000,0.000000000,138.000,119.000,119.000
1786746559851,XAUT_USDT,demo,0,microspread_below_threshold,0,0.000000000,1.058820830,-1.089758849,-1.089758849,0.458820830,0.000000000,0.000000000,250.000,57.000,57.000
1786746559968,XAUT_USDT,demo,0,stale_binance,0,0.000000000,1.058820830,0.000000000,0.000000000,0.458820830,0.000000000,0.000000000,367.000,0.000,0.000
1786746560113,XAUT_USDT,demo,0,stale_binance,0,0.000000000,1.058820830,0.000000000,0.000000000,0.458820830,0.000000000,0.000000000,512.000,61.000,61.000
1786746560234,XAUT_USDT,demo,0,stale_binance,0,0.000000000,1.058820830,0.000000000,0.000000000,0.458820830,0.000000000,0.000000000,633.000,182.000,182.000
1786746560341,XAUT_USDT,demo,0,microspread_below_threshold,0,0.000000000,1.058820830,-1.089758849,-1.089758849,0.458820830,0.000000000,0.000000000,0.000,30.000,30.000
1786746560476,XAUT_USDT,demo,0,microspread_below_threshold,0,0.000000000,1.058820830,-1.089758849,-1.089758849,0.458820830,0.000000000,0.000000000,112.000,165.000,165.000
1786746560619,XAUT_USDT,demo,0,microspread_below_threshold,0,0.000000000,1.058820830,-1.089758849,-1.089758849,0.458820830,0.000000000,0.000000000,0.000,48.000,48.000
1786746560742,XAUT_USDT,demo,0,microspread_below_threshold,0,0.000000000,1.058820830,-1.089758849,-1.089758849,0.458820830,0.000000000,0.000000000,120.000,0.000,0.000
1786746560887,XAUT_USDT,demo,0,microspread_below_threshold,0,0.000000000,1.058820830,-1.089758849,-1.089758849,0.458820830,0.000000000,0.000000000,265.000,57.000,57.000
1786746560999,XAUT_USDT,demo,0,stale_binance,0,0.000000000,1.058820830,0.000000000,0.000000000,0.458820830,0.000000000,0.000000000,377.000,169.000,169.000
1786746561122,XAUT_USDT,demo,0,stale_binance,0,0.000000000,1.058820830,0.000000000,0.000000000,0.458820830,0.000000000,0.000000000,500.000,120.000,120.000
1786746561232,XAUT_USDT,demo,0,stale_binance,0,0.000000000,1.058820830,0.000000000,0.000000000,0.458820830,0.000000000,0.000000000,610.000,61.000,61.000
1786746561370,XAUT_USDT,demo,0,stale_binance,0,0.000000000,1.058820830,0.000000000,0.000000000,0.458820830,0.000000000,0.000000000,748.000,111.000,111.000
1786746561487,XAUT_USDT,demo,0,stale_binance,0,0.000000000,1.058820830,0.000000000,0.000000000,0.458820830,0.000000000,0.000000000,865.000,61.000,61.000
1786746561602,XAUT_USDT,demo,0,microspread_below_threshold,0,0.000000000,1.058820830,-1.089758849,-1.089758849,0.458820830,0.000000000,0.000000000,0.000,91.000,91.000
1786746561715,XAUT_USDT,demo,0,microspread_below_threshold,0,0.000000000,1.058820830,-1.089758849,-1.089758849,0.458820830,0.000000000,0.000000000,0.000,204.000,204.000
1786746561833,XAUT_USDT,demo,0,microspread_below_threshold,0,0.000000000,1.058820830,-1.089758849,-1.089758849,0.458820830,0.000000000,0.000000000,118.000,61.000,61.000
1786746561988,XAUT_USDT,demo,0,microspread_below_threshold,0,0.000000000,1.058820830,-1.089758849,-1.089758849,0.458820830,0.000000000,0.000000000,273.000,127.000,127.000
1786746562754,XAUT_USDT,demo,0,microspread_below_threshold,0,0.000000000,1.058820830,-1.089758849,-1.089758849,0.458820830,0.000000000,0.000000000,161.000,206.000,206.000
1786746562864,XAUT_USDT,demo,0,microspread_below_threshold,0,0.000000000,1.058820830,-1.089758849,-1.089758849,0.458820830,0.000000000,0.000000000,271.000,56.000,56.000
1786746562971,XAUT_USDT,demo,0,stale_binance,0,0.000000000,1.058820830,0.000000000,0.000000000,0.458820830,0.000000000,0.000000000,378.000,163.000,163.000
1786746563118,XAUT_USDT,demo,0,stale_binance,0,0.000000000,1.058820830,0.000000000,0.000000000,0.458820830,0.000000000,0.000000000,525.000,54.000,54.000
1786746563233,XAUT_USDT,demo,0,stale_binance,0,0.000000000,1.058820830,0.000000000,0.000000000,0.458820830,0.000000000,0.000000000,640.000,169.000,169.000
1786746563371,XAUT_USDT,demo,0,stale_binance,0,0.000000000,1.058820830,0.000000000,0.000000000,0.458820830,0.000000000,0.000000000,778.000,50.000,50.000
1786746563507,XAUT_USDT,demo,0,microspread_below_threshold,0,0.000000000,1.058820830,-1.089758849,-1.089758849,0.458820830,0.000000000,0.000000000,0.000,99.000,99.000
1786746563632,XAUT_USDT,demo,0,microspread_below_threshold,0,0.000000000,1.058820830,-1.089758849,-1.089758849,0.458820830,0.000000000,0.000000000,125.000,53.000,53.000
1786746563745,XAUT_USDT,demo,0,microspread_below_threshold,0,0.000000000,1.058820830,-1.089758849,-1.089758849,0.458820830,0.000000000,0.000000000,238.000,166.000,166.000
1786746563904,XAUT_USDT,demo,0,stale_binance,0,0.000000000,1.058820830,0.000000000,0.000000000,0.458820830,0.000000000,0.000000000,397.000,67.000,67.000
1786746564010,XAUT_USDT,demo,0,stale_binance,0,0.000000000,1.058820830,0.000000000,0.000000000,0.458820830,0.000000000,0.000000000,503.000,0.000,0.000
1786746564117,XAUT_USDT,demo,0,stale_binance,0,0.000000000,1.058820830,0.000000000,0.000000000,0.458820830,0.000000000,0.000000000,610.000,107.000,107.000
1786746564239,XAUT_USDT,demo,0,stale_binance,0,0.000000000,1.058820830,0.000000000,0.000000000,0.458820830,0.000000000,0.000000000,732.000,229.000,229.000
1786746564352,XAUT_USDT,demo,0,stale_binance,0,0.000000000,1.058820830,0.000000000,0.000000000,0.458820830,0.000000000,0.000000000,845.000,0.000,0.000
1786746564464,XAUT_USDT,demo,0,stale_binance,0,0.000000000,1.058820830,0.000000000,0.000000000,0.458820830,0.000000000,0.000000000,957.000,112.000,112.000
1786746564576,XAUT_USDT,demo,0,microspread_below_threshold,0,0.000000000,1.058820830,-1.089758849,-1.089758849,0.458820830,0.000000000,0.000000000,69.000,53.000,53.000
1786746564713,XAUT_USDT,demo,0,microspread_below_threshold,0,0.000000000,1.058820830,-1.089758849,-1.089758849,0.458820830,0.000000000,0.000000000,206.000,104.000,104.000
1786746564834,XAUT_USDT,demo,0,stale_binance,0,0.000000000,1.058820830,0.000000000,0.000000000,0.458820830,0.000000000,0.000000000,327.000,51.000,51.000
1786746564956,XAUT_USDT,demo,0,stale_binance,0,0.000000000,1.058820830,0.000000000,0.000000000,0.458820830,0.000000000,0.000000000,449.000,0.000,0.000
1786746565094,XAUT_USDT,demo,0,stale_binance,0,0.000000000,1.058820830,0.000000000,0.000000000,0.458820830,0.000000000,0.000000000,587.000,53.000,53.000
1786746565212,XAUT_USDT,demo,0,stale_binance,0,0.000000000,1.058820830,0.000000000,0.000000000,0.458820830,0.000000000,0.000000000,705.000,0.000,0.000
1786746565357,XAUT_USDT,demo,0,stale_binance,0,0.000000000,1.058820830,0.000000000,0.000000000,0.458820830,0.000000000,0.000000000,850.000,60.000,60.000
1786746565469,XAUT_USDT,demo,0,stale_binance,0,0.000000000,1.058820830,0.000000000,0.000000000,0.458820830,0.000000000,0.000000000,962.000,0.000,0.000
1786746565619,XAUT_USDT,demo,0,stale_binance,0,0.000000000,1.058820830,0.000000000,0.000000000,0.458820830,0.000000000,0.000000000,1112.000,65.000,65.000
1786746565726,XAUT_USDT,demo,0,stale_binance,0,0.000000000,1.058820830,0.000000000,0.000000000,0.458820830,0.000000000,0.000000000,1219.000,0.000,0.000
1786746565867,XAUT_USDT,demo,0,stale_binance,0,0.000000000,1.058820830,0.000000000,0.000000000,0.458820830,0.000000000,0.000000000,1360.000,53.000,53.000
1786746566013,XAUT_USDT,demo,0,stale_binance,0,0.000000000,1.058820830,0.000000000,0.000000000,0.458820830,0.000000000,0.000000000,1506.000,112.000,112.000
1786746566131,XAUT_USDT,demo,0,stale_binance,0,0.000000000,1.058820830,0.000000000,0.000000000,0.458820830,0.000000000,0.000000000,1624.000,58.000,58.000
1786746566243,XAUT_USDT,demo,0,stale_binance,0,0.000000000,1.058820830,0.000000000,0.000000000,0.458820830,0.000000000,0.000000000,1736.000,0.000,0.000
1786746566366,XAUT_USDT,demo,0,stale_binance,0,0.000000000,1.058820830,0.000000000,0.000000000,0.458820830,0.000000000,0.000000000,1859.000,123.000,123.000
1786746566476,XAUT_USDT,demo,0,stale_binance,0,0.000000000,1.058820830,0.000000000,0.000000000,0.458820830,0.000000000,0.000000000,1969.000,61.000,61.000
1786746566591,XAUT_USDT,demo,0,stale_binance,0,0.000000000,1.058820830,0.000000000,0.000000000,0.458820830,0.000000000,0.000000000,2084.000,0.000,0.000
1786746566717,XAUT_USDT,demo,0,stale_binance,0,0.000000000,1.058820830,0.000000000,0.000000000,0.458820830,0.000000000,0.000000000,2210.000,126.000,126.000
1786746566846,XAUT_USDT,demo,0,stale_binance,0,0.000000000,1.058820830,0.000000000,0.000000000,0.458820830,0.000000000,0.000000000,2339.000,0.000,0.000
1786746566963,XAUT_USDT,demo,0,stale_binance,0,0.000000000,1.058820830,0.000000000,0.000000000,0.458820830,0.000000000,0.000000000,2456.000,117.000,117.000
1786746567080,XAUT_USDT,demo,0,stale_binance,0,0.000000000,1.058820830,0.000000000,0.000000000,0.458820830,0.000000000,0.000000000,2573.000,63.000,63.000
1786746567215,XAUT_USDT,demo,0,stale_binance,0,0.000000000,1.058820830,0.000000000,0.000000000,0.458820830,0.000000000,0.000000000,2708.000,113.000,113.000
1786746567339,XAUT_USDT,demo,0,stale_binance,0,0.000000000,1.058820830,0.000000000,0.000000000,0.458820830,0.000000000,0.000000000,2832.000,237.000,237.000
1786746567444,XAUT_USDT,demo,0,stale_binance,0,0.000000000,1.058820830,0.000000000,0.000000000,0.458820830,0.000000000,0.000000000,2937.000,1.000,1.000
1786746567564,XAUT_USDT,demo,0,stale_binance,0,0.000000000,1.058820830,0.000000000,0.000000000,0.458820830,0.000000000,0.000000000,3057.000,121.000,121.000
1786746567670,XAUT_USDT,demo,0,microspread_below_threshold,0,0.000000000,1.058820830,-1.089758849,-1.089758849,0.458820830,0.000000000,0.000000000,67.000,59.000,59.000
1786746568449,XAUT_USDT,demo,0,stale_binance,0,0.000000000,1.058820830,0.000000000,0.000000000,0.458820830,0.000000000,0.000000000,718.000,59.000,59.000
1786746568564,XAUT_USDT,demo,0,microspread_below_threshold,0,0.000000000,1.058820830,-1.089758849,-1.089758849,0.458820830,0.000000000,0.000000000,59.000,174.000,174.000
1786746568701,XAUT_USDT,demo,0,microspread_below_threshold,0,0.000000000,1.058820830,-1.089758849,-1.089758849,0.458820830,0.000000000,0.000000000,196.000,53.000,53.000
1786746568807,XAUT_USDT,demo,0,stale_binance,0,0.000000000,1.058820830,0.000000000,0.000000000,0.458820830,0.000000000,0.000000000,302.000,159.000,159.000
1786746568931,XAUT_USDT,demo,0,stale_binance,0,0.000000000,1.058820830,0.000000000,0.000000000,0.458820830,0.000000000,0.000000000,426.000,108.000,108.000
1786746569052,XAUT_USDT,demo,0,stale_binance,0,0.000000000,1.058820830,0.000000000,0.000000000,0.458820830,0.000000000,0.000000000,547.000,56.000,56.000
1786746569194,XAUT_USDT,demo,0,stale_binance,0,0.000000000,1.058820830,0.000000000,0.000000000,0.458820830,0.000000000,0.000000000,689.000,116.000,116.000
1786746569302,XAUT_USDT,demo,0,stale_binance,0,0.000000000,1.058820830,0.000000000,0.000000000,0.458820830,0.000000000,0.000000000,797.000,224.000,224.000
1786746569420,XAUT_USDT,demo,0,stale_binance,0,0.000000000,1.058820830,0.000000000,0.000000000,0.458820830,0.000000000,0.000000000,915.000,1.000,1.000
1786746569565,XAUT_USDT,demo,0,stale_binance,0,0.000000000,1.058820830,0.000000000,0.000000000,0.458820830,0.000000000,0.000000000,1060.000,59.000,59.000
1786746569713,XAUT_USDT,demo,0,microspread_below_threshold,0,0.000000000,1.058820830,-1.089758849,-1.089758849,0.458820830,0.000000000,0.000000000,111.000,207.000,207.000
1786746569818,XAUT_USDT,demo,0,microspread_below_threshold,0,0.000000000,1.058820830,-1.089758849,-1.089758849,0.458820830,0.000000000,0.000000000,216.000,51.000,51.000
1786746569974,XAUT_USDT,demo,0,stale_binance,0,0.000000000,1.058820830,0.000000000,0.000000000,0.458820830,0.000000000,0.000000000,372.000,120.000,120.000
1786746570085,XAUT_USDT,demo,0,stale_binance,0,0.000000000,1.058820830,0.000000000,0.000000000,0.458820830,0.000000000,0.000000000,483.000,61.000,61.000
1786746570217,XAUT_USDT,demo,0,stale_binance,0,0.000000000,1.058820830,0.000000000,0.000000000,0.458820830,0.000000000,0.000000000,615.000,193.000,193.000
1786746570333,XAUT_USDT,demo,0,stale_binance,0,0.000000000,1.058820830,0.000000000,0.000000000,0.458820830,0.000000000,0.000000000,731.000,52.000,52.000
1786746570454,XAUT_USDT,demo,0,microspread_below_threshold,0,0.000000000,1.058820830,-1.089758849,-1.089758849,0.458820830,0.000000000,0.000000000,47.000,0.000,0.000
1786746570592,XAUT_USDT,demo,0,microspread_below_threshold,0,0.000000000,1.058820830,-1.089758849,-1.089758849,0.458820830,0.000000000,0.000000000,86.000,52.000,52.000
1786746570746,XAUT_USDT,demo,0,microspread_below_threshold,0,0.000000000,1.058820830,-1.089758849,-1.089758849,0.458820830,0.000000000,0.000000000,240.000,120.000,120.000
1786746570852,XAUT_USDT,demo,0,stale_binance,0,0.000000000,1.058820830,0.000000000,0.000000000,0.458820830,0.000000000,0.000000000,346.000,226.000,226.000
1786746570971,XAUT_USDT,demo,0,microspread_below_threshold,0,0.000000000,1.058820830,-1.089758849,-1.089758849,0.458820830,0.000000000,0.000000000,52.000,345.000,345.000
1786746571118,XAUT_USDT,demo,0,microspread_below_threshold,0,0.000000000,1.058820830,-1.089758849,-1.089758849,0.458820830,0.000000000,0.000000000,199.000,59.000,59.000
1786746571242,XAUT_USDT,demo,0,stale_binance,0,0.000000000,1.058820830,0.000000000,0.000000000,0.458820830,0.000000000,0.000000000,323.000,183.000,183.000
1786746571368,XAUT_USDT,demo,0,stale_binance,0,0.000000000,1.058820830,0.000000000,0.000000000,0.458820830,0.000000000,0.000000000,449.000,54.000,54.000
1786746571486,XAUT_USDT,demo,0,stale_binance,0,0.000000000,1.058820830,0.000000000,0.000000000,0.458820830,0.000000000,0.000000000,567.000,0.000,0.000
1786746571623,XAUT_USDT,demo,0,microspread_below_threshold,0,0.000000000,1.058820830,-1.089758849,-1.089758849,0.458820830,0.000000000,0.000000000,115.000,53.000,53.000
1786746571742,XAUT_USDT,demo,0,microspread_below_threshold,0,0.000000000,1.058820830,-1.089758849,-1.089758849,0.458820830,0.000000000,0.000000000,234.000,0.000,0.000
1786746571860,XAUT_USDT,demo,0,stale_binance,0,0.000000000,1.058820830,0.000000000,0.000000000,0.458820830,0.000000000,0.000000000,352.000,118.000,118.000
1786746571984,XAUT_USDT,demo,0,stale_binance,0,0.000000000,1.058820830,0.000000000,0.000000000,0.458820830,0.000000000,0.000000000,476.000,61.000,61.000
1786746572085,XAUT_USDT,demo,0,stale_binance,0,0.000000000,1.058820830,0.000000000,0.000000000,0.458820830,0.000000000,0.000000000,577.000,0.000,0.000
1786746572217,XAUT_USDT,demo,0,stale_binance,0,0.000000000,1.058820830,0.000000000,0.000000000,0.458820830,0.000000000,0.000000000,709.000,132.000,132.000
1786746572343,XAUT_USDT,demo,0,stale_binance,0,0.000000000,1.058820830,0.000000000,0.000000000,0.458820830,0.000000000,0.000000000,835.000,0.000,0.000
1786746572447,XAUT_USDT,demo,0,stale_binance,0,0.000000000,1.058820830,0.000000000,0.000000000,0.458820830,0.000000000,0.000000000,939.000,104.000,104.000
1786746572578,XAUT_USDT,demo,0,microspread_below_threshold,0,0.000000000,1.058820830,-1.089758849,-1.089758849,0.458820830,0.000000000,0.000000000,74.000,63.000,63.000
1786746572715,XAUT_USDT,demo,0,microspread_below_threshold,0,0.000000000,1.058820830,-1.089758849,-1.089758849,0.458820830,0.000000000,0.000000000,211.000,116.000,116.000
1786746572833,XAUT_USDT,demo,0,stale_binance,0,0.000000000,1.058820830,0.000000000,0.000000000,0.458820830,0.000000000,0.000000000,329.000,60.000,60.000
1786746572944,XAUT_USDT,demo,0,stale_binance,0,0.000000000,1.058820830,0.000000000,0.000000000,0.458820830,0.000000000,0.000000000,440.000,0.000,0.000
1786746573093,XAUT_USDT,demo,0,stale_binance,0,0.000000000,1.058820830,0.000000000,0.000000000,0.458820830,0.000000000,0.000000000,589.000,61.000,61.000
1786746573217,XAUT_USDT,demo,0,stale_binance,0,0.000000000,1.058820830,0.000000000,0.000000000,0.458820830,0.000000000,0.000000000,713.000,103.000,103.000
1786746573338,XAUT_USDT,demo,0,microspread_below_threshold,0,0.000000000,1.058820830,-1.089758849,-1.089758849,0.458820830,0.000000000,0.000000000,0.000,51.000,51.000
1786746574146,XAUT_USDT,demo,0,stale_binance,0,0.000000000,1.058820830,0.000000000,0.000000000,0.458820830,0.000000000,0.000000000,640.000,85.000,85.000
1786746574268,XAUT_USDT,demo,0,stale_binance,0,0.000000000,1.058820830,0.000000000,0.000000000,0.458820830,0.000000000,0.000000000,762.000,119.000,119.000
1786746574394,XAUT_USDT,demo,0,stale_binance,0,0.000000000,1.058820830,0.000000000,0.000000000,0.458820830,0.000000000,0.000000000,888.000,245.000,245.000
1786746574508,XAUT_USDT,demo,0,microspread_below_threshold,0,0.000000000,1.058820830,-1.089758849,-1.089758849,0.458820830,0.000000000,0.000000000,0.000,18.000,18.000
1786746574660,XAUT_USDT,demo,0,microspread_below_threshold,0,0.000000000,1.058820830,-1.089758849,-1.089758849,0.458820830,0.000000000,0.000000000,110.000,0.000,0.000
1786746574800,XAUT_USDT,demo,0,microspread_below_threshold,0,0.000000000,1.058820830,-1.089758849,-1.089758849,0.458820830,0.000000000,0.000000000,250.000,52.000,52.000
1786746574900,XAUT_USDT,demo,0,stale_binance,0,0.000000000,1.058820830,0.000000000,0.000000000,0.458820830,0.000000000,0.000000000,350.000,60.000,60.000
1786746575051,XAUT_USDT,demo,0,stale_binance,0,0.000000000,1.058820830,0.000000000,0.000000000,0.458820830,0.000000000,0.000000000,501.000,127.000,127.000
1786746575151,XAUT_USDT,demo,0,stale_binance,0,0.000000000,1.058820830,0.000000000,0.000000000,0.458820830,0.000000000,0.000000000,601.000,57.000,57.000
1786746575265,XAUT_USDT,demo,0,stale_binance,0,0.000000000,1.058820830,0.000000000,0.000000000,0.458820830,0.000000000,0.000000000,715.000,171.000,171.000
1786746575414,XAUT_USDT,demo,0,stale_binance,0,0.000000000,1.058820830,0.000000000,0.000000000,0.458820830,0.000000000,0.000000000,864.000,64.000,64.000
1786746575522,XAUT_USDT,demo,0,microspread_below_threshold,0,0.000000000,1.058820830,-1.089758849,-1.089758849,0.458820830,0.000000000,0.000000000,13.000,0.000,0.000
1786746575646,XAUT_USDT,demo,0,microspread_below_threshold,0,0.000000000,1.058820830,-1.089758849,-1.089758849,0.458820830,0.000000000,0.000000000,137.000,124.000,124.000
1786746575748,XAUT_USDT,demo,0,microspread_below_threshold,0,0.000000000,1.058820830,-1.089758849,-1.089758849,0.458820830,0.000000000,0.000000000,239.000,56.000,56.000
1786746575866,XAUT_USDT,demo,0,stale_binance,0,0.000000000,1.058820830,0.000000000,0.000000000,0.458820830,0.000000000,0.000000000,357.000,1.000,1.000
1786746576011,XAUT_USDT,demo,0,stale_binance,0,0.000000000,1.058820830,0.000000000,0.000000000,0.458820830,0.000000000,0.000000000,502.000,60.000,60.000
1786746576123,XAUT_USDT,demo,0,stale_binance,0,0.000000000,1.058820830,0.000000000,0.000000000,0.458820830,0.000000000,0.000000000,614.000,0.000,0.000
1786746576246,XAUT_USDT,demo,0,stale_binance,0,0.000000000,1.058820830,0.000000000,0.000000000,0.458820830,0.000000000,0.000000000,737.000,123.000,123.000
1786746576369,XAUT_USDT,demo,0,stale_binance,0,0.000000000,1.058820830,0.000000000,0.000000000,0.458820830,0.000000000,0.000000000,860.000,246.000,246.000
1786746576506,XAUT_USDT,demo,0,microspread_below_threshold,0,0.000000000,1.058820830,-1.089758849,-1.089758849,0.458820830,0.000000000,0.000000000,0.000,40.000,40.000
1786746576609,XAUT_USDT,demo,0,microspread_below_threshold,0,0.000000000,1.058820830,-1.089758849,-1.089758849,0.458820830,0.000000000,0.000000000,103.000,57.000,57.000
1786746576730,XAUT_USDT,demo,0,microspread_below_threshold,0,0.000000000,1.058820830,-1.089758849,-1.089758849,0.458820830,0.000000000,0.000000000,224.000,178.000,178.000
1786746576865,XAUT_USDT,demo,0,stale_binance,0,0.000000000,1.058820830,0.000000000,0.000000000,0.458820830,0.000000000,0.000000000,359.000,54.000,54.000
1786746576982,XAUT_USDT,demo,0,stale_binance,0,0.000000000,1.058820830,0.000000000,0.000000000,0.458820830,0.000000000,0.000000000,476.000,0.000,0.000
1786746577127,XAUT_USDT,demo,0,stale_binance,0,0.000000000,1.058820830,0.000000000,0.000000000,0.458820830,0.000000000,0.000000000,621.000,61.000,61.000
1786746577233,XAUT_USDT,demo,0,stale_binance,0,0.000000000,1.058820830,0.000000000,0.000000000,0.458820830,0.000000000,0.000000000,727.000,167.000,167.000
1786746577387,XAUT_USDT,demo,0,stale_binance,0,0.000000000,1.058820830,0.000000000,0.000000000,0.458820830,0.000000000,0.000000000,881.000,61.000,61.000
1786746577498,XAUT_USDT,demo,0,stale_binance,0,0.000000000,1.058820830,0.000000000,0.000000000,0.458820830,0.000000000,0.000000000,992.000,0.000,0.000
1786746577640,XAUT_USDT,demo,0,microspread_below_threshold,0,0.000000000,1.058820830,-1.089758849,-1.089758849,0.458820830,0.000000000,0.000000000,132.000,59.000,59.000
1786746577755,XAUT_USDT,demo,0,microspread_below_threshold,0,0.000000000,1.058820830,-1.089758849,-1.089758849,0.458820830,0.000000000,0.000000000,247.000,0.000,0.000
1786746577905,XAUT_USDT,demo,0,stale_binance,0,0.000000000,1.058820830,0.000000000,0.000000000,0.458820830,0.000000000,0.000000000,397.000,63.000,63.000
1786746578010,XAUT_USDT,demo,0,stale_binance,0,0.000000000,1.058820830,0.000000000,0.000000000,0.458820830,0.000000000,0.000000000,502.000,168.000,168.000
1786746578119,XAUT_USDT,demo,0,stale_binance,0,0.000000000,1.058820830,0.000000000,0.000000000,0.458820830,0.000000000,0.000000000,611.000,106.000,106.000
1786746578250,XAUT_USDT,demo,0,stale_binance,0,0.000000000,1.058820830,0.000000000,0.000000000,0.458820830,0.000000000,0.000000000,742.000,64.000,64.000
1786746578355,XAUT_USDT,demo,0,stale_binance,0,0.000000000,1.058820830,0.000000000,0.000000000,0.458820830,0.000000000,0.000000000,847.000,0.000,0.000
1786746578455,XAUT_USDT,demo,0,stale_binance,0,0.000000000,1.058820830,0.000000000,0.000000000,0.458820830,0.000000000,0.000000000,947.000,0.000,0.000
1786746578589,XAUT_USDT,demo,0,microspread_below_threshold,0,0.000000000,1.058820830,-1.089758849,-1.089758849,0.458820830,0.000000000,0.000000000,84.000,59.000,59.000
1786746578721,XAUT_USDT,demo,0,microspread_below_threshold,0,0.000000000,1.058820830,-1.089758849,-1.089758849,0.458820830,0.000000000,0.000000000,216.000,191.000,191.000
1786746578854,XAUT_USDT,demo,0,stale_binance,0,0.000000000,1.058820830,0.000000000,0.000000000,0.458820830,0.000000000,0.000000000,349.000,68.000,68.000
1786746578958,XAUT_USDT,demo,0,stale_binance,0,0.000000000,1.058820830,0.000000000,0.000000000,0.458820830,0.000000000,0.000000000,453.000,0.000,0.000
1786746579077,XAUT_USDT,demo,0,stale_binance,0,0.000000000,1.058820830,0.000000000,0.000000000,0.458820830,0.000000000,0.000000000,572.000,119.000,119.000
1786746579881,XAUT_USDT,demo,0,stale_binance,0,0.000000000,1.058820830,0.000000000,0.000000000,0.458820830,0.000000000,0.000000000,1376.000,69.000,69.000
1786746579984,XAUT_USDT,demo,0,stale_binance,0,0.000000000,1.058820830,0.000000000,0.000000000,0.458820830,0.000000000,0.000000000,1479.000,0.000,0.000
1786746580103,XAUT_USDT,demo,0,stale_binance,0,0.000000000,1.058820830,0.000000000,0.000000000,0.458820830,0.000000000,0.000000000,1598.000,119.000,119.000
1786746580204,XAUT_USDT,demo,0,stale_binance,0,0.000000000,1.058820830,0.000000000,0.000000000,0.458820830,0.000000000,0.000000000,1699.000,51.000,51.000
1786746580329,XAUT_USDT,demo,0,stale_binance,0,0.000000000,1.058820830,0.000000000,0.000000000,0.458820830,0.000000000,0.000000000,1824.000,176.000,176.000
1786746580464,XAUT_USDT,demo,0,microspread_below_threshold,0,0.000000000,1.058820830,-1.089758849,-1.089758849,0.458820830,0.000000000,0.000000000,90.000,53.000,53.000
1786746580584,XAUT_USDT,demo,0,microspread_below_threshold,0,0.000000000,1.058820830,-1.089758849,-1.089758849,0.458820830,0.000000000,0.000000000,210.000,1.000,1.000
1786746580708,XAUT_USDT,demo,0,stale_binance,0,0.000000000,1.058820830,0.000000000,0.000000000,0.458820830,0.000000000,0.000000000,334.000,125.000,125.000
1786746580816,XAUT_USDT,demo,0,stale_binance,0,0.000000000,1.058820830,0.000000000,0.000000000,0.458820830,0.000000000,0.000000000,442.000,58.000,58.000
1786746580932,XAUT_USDT,demo,0,stale_binance,0,0.000000000,1.058820830,0.000000000,0.000000000,0.458820830,0.000000000,0.000000000,558.000,0.000,0.000
1786746581067,XAUT_USDT,demo,0,stale_binance,0,0.000000000,1.058820830,0.000000000,0.000000000,0.458820830,0.000000000,0.000000000,693.000,51.000,51.000
1786746581168,XAUT_USDT,demo,0,microspread_below_threshold,0,0.000000000,1.058820830,-1.089758849,-1.089758849,0.458820830,0.000000000,0.000000000,82.000,68.000,68.000
1786746581310,XAUT_USDT,demo,0,microspread_below_threshold,0,0.000000000,1.058820830,-1.089758849,-1.089758849,0.458820830,0.000000000,0.000000000,224.000,118.000,118.000
1786746581421,XAUT_USDT,demo,0,stale_binance,0,0.000000000,1.058820830,0.000000000,0.000000000,0.458820830,0.000000000,0.000000000,335.000,229.000,229.000
1786746581537,XAUT_USDT,demo,0,stale_binance,0,0.000000000,1.058820830,0.000000000,0.000000000,0.458820830,0.000000000,0.000000000,451.000,0.000,0.000
1786746581661,XAUT_USDT,demo,0,stale_binance,0,0.000000000,1.058820830,0.000000000,0.000000000,0.458820830,0.000000000,0.000000000,575.000,124.000,124.000
1786746581778,XAUT_USDT,demo,0,stale_binance,0,0.000000000,1.058820830,0.000000000,0.000000000,0.458820830,0.000000000,0.000000000,692.000,241.000,241.000
1786746581880,XAUT_USDT,demo,0,stale_binance,0,0.000000000,1.058820830,0.000000000,0.000000000,0.458820830,0.000000000,0.000000000,794.000,1.000,1.000
1786746581996,XAUT_USDT,demo,0,stale_binance,0,0.000000000,1.058820830,0.000000000,0.000000000,0.458820830,0.000000000,0.000000000,910.000,117.000,117.000
1786746582116,XAUT_USDT,demo,0,stale_binance,0,0.000000000,1.058820830,0.000000000,0.000000000,0.458820830,0.000000000,0.000000000,1030.000,67.000,67.000
1786746582222,XAUT_USDT,demo,0,stale_binance,0,0.000000000,1.058820830,0.000000000,0.000000000,0.458820830,0.000000000,0.000000000,1136.000,0.000,0.000
1786746582347,XAUT_USDT,demo,0,stale_binance,0,0.000000000,1.058820830,0.000000000,0.000000000,0.458820830,0.000000000,0.000000000,1261.000,125.000,125.000
1786746582448,XAUT_USDT,demo,0,stale_binance,0,0.000000000,1.058820830,0.000000000,0.000000000,0.458820830,0.000000000,0.000000000,1362.000,55.000,55.000
1786746582562,XAUT_USDT,demo,0,microspread_below_threshold,0,0.000000000,1.058820830,-1.089758849,-1.089758849,0.458820830,0.000000000,0.000000000,54.000,82.000,82.000
1786746582669,XAUT_USDT,demo,0,microspread_below_threshold,0,0.000000000,1.058820830,-1.089758849,-1.089758849,0.458820830,0.000000000,0.000000000,161.000,189.000,189.000
1786746582789,XAUT_USDT,demo,0,microspread_below_threshold,0,0.000000000,1.058820830,-1.089758849,-1.089758849,0.458820830,0.000000000,0.000000000,281.000,53.000,53.000
1786746582911,XAUT_USDT,demo,0,stale_binance,0,0.000000000,1.058820830,0.000000000,0.000000000,0.458820830,0.000000000,0.000000000,403.000,0.000,0.000
1786746583059,XAUT_USDT,demo,0,stale_binance,0,0.000000000,1.058820830,0.000000000,0.000000000,0.458820830,0.000000000,0.000000000,551.000,60.000,60.000
1786746583167,XAUT_USDT,demo,0,stale_binance,0,0.000000000,1.058820830,0.000000000,0.000000000,0.458820830,0.000000000,0.000000000,659.000,0.000,0.000
1786746583272,XAUT_USDT,demo,0,stale_binance,0,0.000000000,1.058820830,0.000000000,0.000000000,0.458820830,0.000000000,0.000000000,764.000,105.000,105.000
1786746583393,XAUT_USDT,demo,0,stale_binance,0,0.000000000,1.058820830,0.000000000,0.000000000,0.458820830,0.000000000,0.000000000,885.000,52.000,52.000
1786746583506,XAUT_USDT,demo,0,microspread_below_threshold,0,0.000000000,1.058820830,-1.089758849,-1.089758849,0.458820830,0.000000000,0.000000000,0.000,165.000,165.000
1786746583652,XAUT_USDT,demo,0,microspread_below_threshold,0,0.000000000,1.058820830,-1.089758849,-1.089758849,0.458820830,0.000000000,0.000000000,146.000,55.000,55.000
1786746583768,XAUT_USDT,demo,0,microspread_below_threshold,0,0.000000000,1.058820830,-1.089758849,-1.089758849,0.458820830,0.000000000,0.000000000,262.000,0.000,0.000
1786746583910,XAUT_USDT,demo,0,stale_binance,0,0.000000000,1.058820830,0.000000000,0.000000000,0.458820830,0.000000000,0.000000000,404.000,56.000,56.000
1786746584038,XAUT_USDT,demo,0,stale_binance,0,0.000000000,1.058820830,0.000000000,0.000000000,0.458820830,0.000000000,0.000000000,532.000,184.000,184.000
1786746584155,XAUT_USDT,demo,0,stale_binance,0,0.000000000,1.058820830,0.000000000,0.000000000,0.458820830,0.000000000,0.000000000,649.000,301.000,301.000
1786746584276,XAUT_USDT,demo,0,stale_binance,0,0.000000000,1.058820830,0.000000000,0.000000000,0.458820830,0.000000000,0.000000000,770.000,422.000,422.000
1786746584426,XAUT_USDT,demo,0,stale_binance,0,0.000000000,1.058820830,0.000000000,0.000000000,0.458820830,0.000000000,0.000000000,920.000,57.000,57.000
1786746584544,XAUT_USDT,demo,0,stale_binance,0,0.000000000,1.058820830,0.000000000,0.000000000,0.458820830,0.000000000,0.000000000,1038.000,175.000,175.000
1786746584680,XAUT_USDT,demo,0,stale_binance,0,0.000000000,1.058820830,0.000000000,0.000000000,0.458820830,0.000000000,0.000000000,1174.000,54.000,54.000
1786746584801,XAUT_USDT,demo,0,stale_binance,0,0.000000000,1.058820830,0.000000000,0.000000000,0.458820830,0.000000000,0.000000000,1295.000,0.000,0.000
1786746585590,XAUT_USDT,demo,0,stale_binance,0,0.000000000,1.058820830,0.000000000,0.000000000,0.458820830,0.000000000,0.000000000,2084.000,190.000,190.000
1786746585715,XAUT_USDT,demo,0,microspread_below_threshold,0,0.000000000,1.058820830,-1.089758849,-1.089758849,0.458820830,0.000000000,0.000000000,111.000,61.000,61.000
1786746585828,XAUT_USDT,demo,0,microspread_below_threshold,0,0.000000000,1.058820830,-1.089758849,-1.089758849,0.458820830,0.000000000,0.000000000,224.000,0.000,0.000
1786746585972,XAUT_USDT,demo,0,stale_binance,0,0.000000000,1.058820830,0.000000000,0.000000000,0.458820830,0.000000000,0.000000000,368.000,56.000,56.000
1786746586115,XAUT_USDT,demo,0,microspread_below_threshold,0,0.000000000,1.058820830,-1.089758849,-1.089758849,0.458820830,0.000000000,0.000000000,121.000,113.000,113.000
1786746586225,XAUT_USDT,demo,0,microspread_below_threshold,0,0.000000000,1.058820830,-1.089758849,-1.089758849,0.458820830,0.000000000,0.000000000,231.000,223.000,223.000
1786746586347,XAUT_USDT,demo,0,stale_binance,0,0.000000000,1.058820830,0.000000000,0.000000000,0.458820830,0.000000000,0.000000000,353.000,1.000,1.000
1786746586491,XAUT_USDT,demo,0,stale_binance,0,0.000000000,1.058820830,0.000000000,0.000000000,0.458820830,0.000000000,0.000000000,497.000,59.000,59.000
1786746586627,XAUT_USDT,demo,0,microspread_below_threshold,0,0.000000000,1.058820830,-1.089758849,-1.089758849,0.458820830,0.000000000,0.000000000,121.000,1.000,1.000
1786746586753,XAUT_USDT,demo,0,microspread_below_threshold,0,0.000000000,1.058820830,-1.089758849,-1.089758849,0.458820830,0.000000000,0.000000000,247.000,127.000,127.000
1786746586868,XAUT_USDT,demo,0,stale_binance,0,0.000000000,1.058820830,0.000000000,0.000000000,0.458820830,0.000000000,0.000000000,362.000,0.000,0.000
1786746586987,XAUT_USDT,demo,0,stale_binance,0,0.000000000,1.058820830,0.000000000,0.000000000,0.458820830,0.000000000,0.000000000,481.000,119.000,119.000
1786746587097,XAUT_USDT,demo,0,stale_binance,0,0.000000000,1.058820830,0.000000000,0.000000000,0.458820830,0.000000000,0.000000000,591.000,229.000,229.000
1786746587211,XAUT_USDT,demo,0,stale_binance,0,0.000000000,1.058820830,0.000000000,0.000000000,0.458820830,0.000000000,0.000000000,705.000,1.000,1.000
1786746587325,XAUT_USDT,demo,0,stale_binance,0,0.000000000,1.058820830,0.000000000,0.000000000,0.458820830,0.000000000,0.000000000,819.000,115.000,115.000
1786746587445,XAUT_USDT,demo,0,stale_binance,0,0.000000000,1.058820830,0.000000000,0.000000000,0.458820830,0.000000000,0.000000000,939.000,61.000,61.000
1786746587554,XAUT_USDT,demo,0,microspread_below_threshold,0,0.000000000,1.058820830,-1.089758849,-1.089758849,0.458820830,0.000000000,0.000000000,48.000,0.000,0.000
1786746587666,XAUT_USDT,demo,0,microspread_below_threshold,0,0.000000000,1.058820830,-1.089758849,-1.089758849,0.458820830,0.000000000,0.000000000,160.000,112.000,112.000
1786746587790,XAUT_USDT,demo,0,microspread_below_threshold,0,0.000000000,1.058820830,-1.089758849,-1.089758849,0.458820830,0.000000000,0.000000000,284.000,64.000,64.000
1786746587899,XAUT_USDT,demo,0,stale_binance,0,0.000000000,1.058820830,0.000000000,0.000000000,0.458820830,0.000000000,0.000000000,393.000,0.000,0.000
1786746588008,XAUT_USDT,demo,0,stale_binance,0,0.000000000,1.058820830,0.000000000,0.000000000,0.458820830,0.000000000,0.000000000,502.000,109.000,109.000
1786746588125,XAUT_USDT,demo,0,stale_binance,0,0.000000000,1.058820830,0.000000000,0.000000000,0.458820830,0.000000000,0.000000000,619.000,56.000,56.000
1786746588263,XAUT_USDT,demo,0,stale_binance,0,0.000000000,1.058820830,0.000000000,0.000000000,0.458820830,0.000000000,0.000000000,757.000,108.000,108.000
1786746588375,XAUT_USDT,demo,0,microspread_below_threshold,0,0.000000000,1.058820830,-1.089758849,-1.089758849,0.458820830,0.000000000,0.000000000,108.000,220.000,220.000
1786746588475,XAUT_USDT,demo,0,microspread_below_threshold,0,0.000000000,1.058820830,-1.089758849,-1.089758849,0.458820830,0.000000000,0.000000000,208.000,59.000,59.000
1786746588625,XAUT_USDT,demo,0,microspread_below_threshold,0,0.000000000,1.058820830,-1.089758849,-1.089758849,0.458820830,0.000000000,0.000000000,117.000,124.000,124.000
1786746588725,XAUT_USDT,demo,0,microspread_below_threshold,0,0.000000000,1.058820830,-1.089758849,-1.089758849,0.458820830,0.000000000,0.000000000,217.000,54.000,54.000
1786746588875,XAUT_USDT,demo,0,stale_binance,0,0.000000000,1.058820830,0.000000000,0.000000000,0.458820830,0.000000000,0.000000000,367.000,115.000,115.000
1786746588990,XAUT_USDT,demo,0,microspread_below_threshold,0,0.000000000,1.058820830,-1.089758849,-1.089758849,0.458820830,0.000000000,0.000000000,99.000,53.000,53.000
1786746589100,XAUT_USDT,demo,0,microspread_below_threshold,0,0.000000000,1.058820830,-1.089758849,-1.089758849,0.458820830,0.000000000,0.000000000,209.000,0.000,0.000
1786746589217,XAUT_USDT,demo,0,microspread_below_threshold,0,0.000000000,1.058820830,-1.089758849,-1.089758849,0.458820830,0.000000000,0.000000000,1.000,33.000,33.000
1786746589357,XAUT_USDT,demo,0,microspread_below_threshold,0,0.000000000,1.058820830,-1.089758849,-1.089758849,0.458820830,0.000000000,0.000000000,114.000,0.000,0.000
1786746589492,XAUT_USDT,demo,0,microspread_below_threshold,0,0.000000000,1.058820830,-1.089758849,-1.089758849,0.458820830,0.000000000,0.000000000,249.000,135.000,135.000
1786746589616,XAUT_USDT,demo,0,microspread_below_threshold,0,0.000000000,1.058820830,-1.089758849,-1.089758849,0.458820830,0.000000000,0.000000000,108.000,0.000,0.000
1786746589756,XAUT_USDT,demo,0,microspread_below_threshold,0,0.000000000,1.058820830,-1.089758849,-1.089758849,0.458820830,0.000000000,0.000000000,248.000,53.000,53.000
1786746589880,XAUT_USDT,demo,0,stale_binance,0,0.000000000,1.058820830,0.000000000,0.000000000,0.458820830,0.000000000,0.000000000,372.000,1.000,1.000
1786746590027,XAUT_USDT,demo,0,stale_binance,0,0.000000000,1.058820830,0.000000000,0.000000000,0.458820830,0.000000000,0.000000000,519.000,62.000,62.000
1786746590134,XAUT_USDT,demo,0,stale_binance,0,0.000000000,1.058820830,0.000000000,0.000000000,0.458820830,0.000000000,0.000000000,626.000,0.000,0.000
1786746590244,XAUT_USDT,demo,0,stale_binance,0,0.000000000,1.058820830,0.000000000,0.000000000,0.458820830,0.000000000,0.000000000,736.000,110.000,110.000
1786746590356,XAUT_USDT,demo,0,microspread_below_threshold,0,0.000000000,1.058820830,-1.089758849,-1.089758849,0.458820830,0.000000000,0.000000000,0.000,52.000,52.000
1786746590474,XAUT_USDT,demo,0,microspread_below_threshold,0,0.000000000,1.058820830,-1.089758849,-1.089758849,0.458820830,0.000000000,0.000000000,89.000,0.000,0.000
1786746591277,XAUT_USDT,demo,0,stale_binance,0,0.000000000,1.058820830,0.000000000,0.000000000,0.458820830,0.000000000,0.000000000,412.000,29.000,29.000
1786746591389,XAUT_USDT,demo,0,stale_binance,0,0.000000000,1.058820830,0.000000000,0.000000000,0.458820830,0.000000000,0.000000000,524.000,53.000,53.000
1786746591507,XAUT_USDT,demo,0,microspread_below_threshold,0,0.000000000,1.058820830,-1.089758849,-1.089758849,0.458820830,0.000000000,0.000000000,30.000,1.000,1.000
1786746591624,XAUT_USDT,demo,0,microspread_below_threshold,0,0.000000000,1.058820830,-1.089758849,-1.089758849,0.458820830,0.000000000,0.000000000,147.000,118.000,118.000
1786746591732,XAUT_USDT,demo,0,microspread_below_threshold,0,0.000000000,1.058820830,-1.089758849,-1.089758849,0.458820830,0.000000000,0.000000000,255.000,53.000,53.000
1786746591855,XAUT_USDT,demo,0,stale_binance,0,0.000000000,1.058820830,0.000000000,0.000000000,0.458820830,0.000000000,0.000000000,378.000,0.000,0.000
1786746591997,XAUT_USDT,demo,0,stale_binance,0,0.000000000,1.058820830,0.000000000,0.000000000,0.458820830,0.000000000,0.000000000,520.000,51.000,51.000
1786746592112,XAUT_USDT,demo,0,stale_binance,0,0.000000000,1.058820830,0.000000000,0.000000000,0.458820830,0.000000000,0.000000000,635.000,0.000,0.000
1786746592224,XAUT_USDT,demo,0,stale_binance,0,0.000000000,1.058820830,0.000000000,0.000000000,0.458820830,0.000000000,0.000000000,747.000,112.000,112.000
1786746592334,XAUT_USDT,demo,0,stale_binance,0,0.000000000,1.058820830,0.000000000,0.000000000,0.458820830,0.000000000,0.000000000,857.000,56.000,56.000
1786746592436,XAUT_USDT,demo,0,microspread_below_threshold,0,0.000000000,1.058820830,-1.089758849,-1.089758849,0.458820830,0.000000000,0.000000000,0.000,158.000,158.000
1786746592557,XAUT_USDT,demo,0,microspread_below_threshold,0,0.000000000,1.058820830,-1.089758849,-1.089758849,0.458820830,0.000000000,0.000000000,54.000,105.000,105.000
1786746592679,XAUT_USDT,demo,0,microspread_below_threshold,0,0.000000000,1.058820830,-1.089758849,-1.089758849,0.458820830,0.000000000,0.000000000,176.000,50.000,50.000
1786746592797,XAUT_USDT,demo,0,microspread_below_threshold,0,0.000000000,1.058820830,-1.089758849,-1.089758849,0.458820830,0.000000000,0.000000000,294.000,1.000,1.000
1786746592938,XAUT_USDT,demo,0,stale_binance,0,0.000000000,1.058820830,0.000000000,0.000000000,0.458820830,0.000000000,0.000000000,435.000,52.000,52.000
1786746593056,XAUT_USDT,demo,0,stale_binance,0,0.000000000,1.058820830,0.000000000,0.000000000,0.458820830,0.000000000,0.000000000,553.000,170.000,170.000
1786746593197,XAUT_USDT,demo,0,stale_binance,0,0.000000000,1.058820830,0.000000000,0.000000000,0.458820830,0.000000000,0.000000000,694.000,58.000,58.000
1786746593309,XAUT_USDT,demo,0,stale_binance,0,0.000000000,1.058820830,0.000000000,0.000000000,0.458820830,0.000000000,0.000000000,806.000,0.000,0.000
1786746593417,XAUT_USDT,demo,0,microspread_below_threshold,0,0.000000000,1.058820830,-1.089758849,-1.089758849,0.458820830,0.000000000,0.000000000,0.000,20.000,20.000
1786746593524,XAUT_USDT,demo,0,microspread_below_threshold,0,0.000000000,1.058820830,-1.089758849,-1.089758849,0.458820830,0.000000000,0.000000000,62.000,127.000,127.000
1786746593673,XAUT_USDT,demo,0,microspread_below_threshold,0,0.000000000,1.058820830,-1.089758849,-1.089758849,0.458820830,0.000000000,0.000000000,211.000,107.000,107.000
1786746593788,XAUT_USDT,demo,0,stale_binance,0,0.000000000,1.058820830,0.000000000,0.000000000,0.458820830,0.000000000,0.000000000,326.000,222.000,222.000
1786746593913,XAUT_USDT,demo,0,stale_binance,0,0.000000000,1.058820830,0.000000000,0.000000000,0.458820830,0.000000000,0.000000000,451.000,1.000,1.000
1786746594051,XAUT_USDT,demo,0,stale_binance,0,0.000000000,1.058820830,0.000000000,0.000000000,0.458820830,0.000000000,0.000000000,589.000,55.000,55.000
1786746594159,XAUT_USDT,demo,0,stale_binance,0,0.000000000,1.058820830,0.000000000,0.000000000,0.458820830,0.000000000,0.000000000,697.000,163.000,163.000
1786746594306,XAUT_USDT,demo,0,microspread_below_threshold,0,0.000000000,1.058820830,-1.089758849,-1.089758849,0.458820830,0.000000000,0.000000000,110.000,53.000,53.000
1786746594425,XAUT_USDT,demo,0,microspread_below_threshold,0,0.000000000,1.058820830,-1.089758849,-1.089758849,0.458820830,0.000000000,0.000000000,229.000,0.000,0.000
1786746594574,XAUT_USDT,demo,0,stale_binance,0,0.000000000,1.058820830,0.000000000,0.000000000,0.458820830,0.000000000,0.000000000,378.000,65.000,65.000
1786746594689,XAUT_USDT,demo,0,stale_binance,0,0.000000000,1.058820830,0.000000000,0.000000000,0.458820830,0.000000000,0.000000000,493.000,180.000,180.000
1786746594823,XAUT_USDT,demo,0,stale_binance,0,0.000000000,1.058820830,0.000000000,0.000000000,0.458820830,0.000000000,0.000000000,627.000,55.000,55.000
1786746594941,XAUT_USDT,demo,0,stale_binance,0,0.000000000,1.058820830,0.000000000,0.000000000,0.458820830,0.000000000,0.000000000,745.000,0.000,0.000
1786746595056,XAUT_USDT,demo,0,stale_binance,0,0.000000000,1.058820830,0.000000000,0.000000000,0.458820830,0.000000000,0.000000000,860.000,115.000,115.000
1786746595172,XAUT_USDT,demo,0,stale_binance,0,0.000000000,1.058820830,0.000000000,0.000000000,0.458820830,0.000000000,0.000000000,976.000,231.000,231.000
1786746595279,XAUT_USDT,demo,0,stale_binance,0,0.000000000,1.058820830,0.000000000,0.000000000,0.458820830,0.000000000,0.000000000,1083.000,338.000,338.000
1786746595429,XAUT_USDT,demo,0,microspread_below_threshold,0,0.000000000,1.058820830,-1.089758849,-1.089758849,0.458820830,0.000000000,0.000000000,82.000,59.000,59.000
1786746595539,XAUT_USDT,demo,0,microspread_below_threshold,0,0.000000000,1.058820830,-1.089758849,-1.089758849,0.458820830,0.000000000,0.000000000,192.000,0.000,0.000
1786746595679,XAUT_USDT,demo,0,stale_binance,0,0.000000000,1.058820830,0.000000000,0.000000000,0.458820830,0.000000000,0.000000000,332.000,54.000,54.000
1786746595799,XAUT_USDT,demo,0,stale_binance,0,0.000000000,1.058820830,0.000000000,0.000000000,0.458820830,0.000000000,0.000000000,452.000,0.000,0.000
1786746595943,XAUT_USDT,demo,0,stale_binance,0,0.000000000,1.058820830,0.000000000,0.000000000,0.458820830,0.000000000,0.000000000,596.000,56.000,56.000
1786746596079,XAUT_USDT,demo,0,stale_binance,0,0.000000000,1.058820830,0.000000000,0.000000000,0.458820830,0.000000000,0.000000000,732.000,106.000,106.000
1786746596194,XAUT_USDT,demo,0,stale_binance,0,0.000000000,1.058820830,0.000000000,0.000000000,0.458820830,0.000000000,0.000000000,847.000,221.000,221.000
1786746596951,XAUT_USDT,demo,0,microspread_below_threshold,0,0.000000000,1.058820830,-1.089758849,-1.089758849,0.458820830,0.000000000,0.000000000,273.000,24.000,24.000
1786746597079,XAUT_USDT,demo,0,stale_binance,0,0.000000000,1.058820830,0.000000000,0.000000000,0.458820830,0.000000000,0.000000000,401.000,53.000,53.000
1786746597229,XAUT_USDT,demo,0,stale_binance,0,0.000000000,1.058820830,0.000000000,0.000000000,0.458820830,0.000000000,0.000000000,551.000,56.000,56.000
1786746597350,XAUT_USDT,demo,0,stale_binance,0,0.000000000,1.058820830,0.000000000,0.000000000,0.458820830,0.000000000,0.000000000,672.000,0.000,0.000
1786746597463,XAUT_USDT,demo,0,stale_binance,0,0.000000000,1.058820830,0.000000000,0.000000000,0.458820830,0.000000000,0.000000000,785.000,113.000,113.000
1786746597591,XAUT_USDT,demo,0,microspread_below_threshold,0,0.000000000,1.058820830,-1.089758849,-1.089758849,0.458820830,0.000000000,0.000000000,85.000,66.000,66.000
1786746597719,XAUT_USDT,demo,0,microspread_below_threshold,0,0.000000000,1.058820830,-1.089758849,-1.089758849,0.458820830,0.000000000,0.000000000,213.000,194.000,194.000
1786746597836,XAUT_USDT,demo,0,stale_binance,0,0.000000000,1.058820830,0.000000000,0.000000000,0.458820830,0.000000000,0.000000000,330.000,59.000,59.000
1786746597978,XAUT_USDT,demo,0,stale_binance,0,0.000000000,1.058820830,0.000000000,0.000000000,0.458820830,0.000000000,0.000000000,472.000,115.000,115.000
1786746598086,XAUT_USDT,demo,0,stale_binance,0,0.000000000,1.058820830,0.000000000,0.000000000,0.458820830,0.000000000,0.000000000,580.000,223.000,223.000
1786746598202,XAUT_USDT,demo,0,stale_binance,0,0.000000000,1.058820830,0.000000000,0.000000000,0.458820830,0.000000000,0.000000000,696.000,0.000,0.000
1786746598308,XAUT_USDT,demo,0,stale_binance,0,0.000000000,1.058820830,0.000000000,0.000000000,0.458820830,0.000000000,0.000000000,802.000,106.000,106.000
1786746598434,XAUT_USDT,demo,0,microspread_below_threshold,0,0.000000000,1.058820830,-1.089758849,-1.089758849,0.458820830,0.000000000,0.000000000,55.000,59.000,59.000
1786746598557,XAUT_USDT,demo,0,microspread_below_threshold,0,0.000000000,1.058820830,-1.089758849,-1.089758849,0.458820830,0.000000000,0.000000000,53.000,94.000,94.000
1786746598687,XAUT_USDT,demo,0,microspread_below_threshold,0,0.000000000,1.058820830,-1.089758849,-1.089758849,0.458820830,0.000000000,0.000000000,183.000,224.000,224.000
1786746598804,XAUT_USDT,demo,0,microspread_below_threshold,0,0.000000000,1.058820830,-1.089758849,-1.089758849,0.458820830,0.000000000,0.000000000,300.000,0.000,0.000
1786746598912,XAUT_USDT,demo,0,stale_binance,0,0.000000000,1.058820830,0.000000000,0.000000000,0.458820830,0.000000000,0.000000000,408.000,108.000,108.000
1786746599027,XAUT_USDT,demo,0,stale_binance,0,0.000000000,1.058820830,0.000000000,0.000000000,0.458820830,0.000000000,0.000000000,523.000,52.000,52.000
1786746599154,XAUT_USDT,demo,0,stale_binance,0,0.000000000,1.058820830,0.000000000,0.000000000,0.458820830,0.000000000,0.000000000,650.000,179.000,179.000
1786746599299,XAUT_USDT,demo,0,stale_binance,0,0.000000000,1.058820830,0.000000000,0.000000000,0.458820830,0.000000000,0.000000000,795.000,66.000,66.000
1786746599405,XAUT_USDT,demo,0,stale_binance,0,0.000000000,1.058820830,0.000000000,0.000000000,0.458820830,0.000000000,0.000000000,901.000,0.000,0.000
1786746599507,XAUT_USDT,demo,0,microspread_below_threshold,0,0.000000000,1.058820830,-1.089758849,-1.089758849,0.458820830,0.000000000,0.000000000,1.000,16.000,16.000
1786746599639,XAUT_USDT,demo,0,microspread_below_threshold,0,0.000000000,1.058820830,-1.089758849,-1.089758849,0.458820830,0.000000000,0.000000000,129.000,65.000,65.000
1786746599766,XAUT_USDT,demo,0,microspread_below_threshold,0,0.000000000,1.058820830,-1.089758849,-1.089758849,0.458820830,0.000000000,0.000000000,256.000,109.000,109.000
1786746599885,XAUT_USDT,demo,0,stale_binance,0,0.000000000,1.058820830,0.000000000,0.000000000,0.458820830,0.000000000,0.000000000,375.000,54.000,54.000
1786746600004,XAUT_USDT,demo,0,stale_binance,0,0.000000000,1.058820830,0.000000000,0.000000000,0.458820830,0.000000000,0.000000000,494.000,1.000,1.000
1786746600121,XAUT_USDT,demo,0,stale_binance,0,0.000000000,1.058820830,0.000000000,0.000000000,0.458820830,0.000000000,0.000000000,611.000,118.000,118.000
1786746600243,XAUT_USDT,demo,0,stale_binance,0,0.000000000,1.058820830,0.000000000,0.000000000,0.458820830,0.000000000,0.000000000,733.000,240.000,240.000
1786746600347,XAUT_USDT,demo,0,microspread_below_threshold,0,0.000000000,1.058820830,-1.089758849,-1.089758849,0.458820830,0.000000000,0.000000000,6.000,0.000,0.000
1786746600451,XAUT_USDT,demo,0,microspread_below_threshold,0,0.000000000,1.058820830,-1.089758849,-1.089758849,0.458820830,0.000000000,0.000000000,53.000,104.000,104.000
1786746600569,XAUT_USDT,demo,0,microspread_below_threshold,0,0.000000000,1.058820830,-1.089758849,-1.089758849,0.458820830,0.000000000,0.000000000,171.000,222.000,222.000
1786746600685,XAUT_USDT,demo,0,microspread_below_threshold,0,0.000000000,1.058820830,-1.089758849,-1.089758849,0.458820830,0.000000000,0.000000000,287.000,338.000,338.000
1786746600837,XAUT_USDT,demo,0,stale_binance,0,0.000000000,1.058820830,0.000000000,0.000000000,0.458820830,0.000000000,0.000000000,439.000,60.000,60.000
1786746600986,XAUT_USDT,demo,0,stale_binance,0,0.000000000,1.058820830,0.000000000,0.000000000,0.458820830,0.000000000,0.000000000,588.000,122.000,122.000
1786746601115,XAUT_USDT,demo,0,stale_binance,0,0.000000000,1.058820830,0.000000000,0.000000000,0.458820830,0.000000000,0.000000000,717.000,251.000,251.000
1786746601241,XAUT_USDT,demo,0,stale_binance,0,0.000000000,1.058820830,0.000000000,0.000000000,0.458820830,0.000000000,0.000000000,843.000,122.000,122.000
1786746601349,XAUT_USDT,demo,0,stale_binance,0,0.000000000,1.058820830,0.000000000,0.000000000,0.458820830,0.000000000,0.000000000,951.000,60.000,60.000
1786746601463,XAUT_USDT,demo,0,microspread_below_threshold,0,0.000000000,1.058820830,-1.089758849,-1.089758849,0.458820830,0.000000000,0.000000000,1.000,89.000,89.000
1786746601569,XAUT_USDT,demo,0,microspread_below_threshold,0,0.000000000,1.058820830,-1.089758849,-1.089758849,0.458820830,0.000000000,0.000000000,55.000,195.000,195.000
1786746601691,XAUT_USDT,demo,0,microspread_below_threshold,0,0.000000000,1.058820830,-1.089758849,-1.089758849,0.458820830,0.000000000,0.000000000,177.000,62.000,62.000
1786746601805,XAUT_USDT,demo,0,microspread_below_threshold,0,0.000000000,1.058820830,-1.089758849,-1.089758849,0.458820830,0.000000000,0.000000000,291.000,0.000,0.000
1786746601927,XAUT_USDT,demo,0,stale_binance,0,0.000000000,1.058820830,0.000000000,0.000000000,0.458820830,0.000000000,0.000000000,413.000,1.000,1.000
1786746602697,XAUT_USDT,demo,0,microspread_below_threshold,0,0.000000000,1.058820830,-1.089758849,-1.089758849,0.458820830,0.000000000,0.000000000,191.000,202.000,202.000
1786746602807,XAUT_USDT,demo,0,stale_binance,0,0.000000000,1.058820830,0.000000000,0.000000000,0.458820830,0.000000000,0.000000000,301.000,55.000,55.000
1786746602932,XAUT_USDT,demo,0,stale_binance,0,0.000000000,1.058820830,0.000000000,0.000000000,0.458820830,0.000000000,0.000000000,426.000,0.000,0.000
1786746603041,XAUT_USDT,demo,0,stale_binance,0,0.000000000,1.058820830,0.000000000,0.000000000,0.458820830,0.000000000,0.000000000,535.000,109.000,109.000
1786746603160,XAUT_USDT,demo,0,stale_binance,0,0.000000000,1.058820830,0.000000000,0.000000000,0.458820830,0.000000000,0.000000000,654.000,56.000,56.000
1786746603285,XAUT_USDT,demo,0,stale_binance,0,0.000000000,1.058820830,0.000000000,0.000000000,0.458820830,0.000000000,0.000000000,779.000,181.000,181.000
1786746603423,XAUT_USDT,demo,0,stale_binance,0,0.000000000,1.058820830,0.000000000,0.000000000,0.458820830,0.000000000,0.000000000,917.000,63.000,63.000
1786746603558,XAUT_USDT,demo,0,microspread_below_threshold,0,0.000000000,1.058820830,-1.089758849,-1.089758849,0.458820830,0.000000000,0.000000000,52.000,113.000,113.000
1786746603686,XAUT_USDT,demo,0,microspread_below_threshold,0,0.000000000,1.058820830,-1.089758849,-1.089758849,0.458820830,0.000000000,0.000000000,55.000,70.000,70.000
1786746603788,XAUT_USDT,demo,0,microspread_below_threshold,0,0.000000000,1.058820830,-1.089758849,-1.089758849,0.458820830,0.000000000,0.000000000,157.000,1.000,1.000
1786746603932,XAUT_USDT,demo,0,microspread_below_threshold,0,0.000000000,1.058820830,-1.089758849,-1.089758849,0.458820830,0.000000000,0.000000000,111.000,58.000,58.000
1786746604032,XAUT_USDT,demo,0,microspread_below_threshold,0,0.000000000,1.058820830,-1.089758849,-1.089758849,0.458820830,0.000000000,0.000000000,211.000,70.000,70.000
1786746604151,XAUT_USDT,demo,0,stale_binance,0,0.000000000,1.058820830,0.000000000,0.000000000,0.458820830,0.000000000,0.000000000,330.000,189.000,189.000
1786746604279,XAUT_USDT,demo,0,stale_binance,0,0.000000000,1.058820830,0.000000000,0.000000000,0.458820830,0.000000000,0.000000000,458.000,317.000,317.000
1786746604389,XAUT_USDT,demo,0,stale_binance,0,0.000000000,1.058820830,0.000000000,0.000000000,0.458820830,0.000000000,0.000000000,568.000,0.000,0.000
1786746604529,XAUT_USDT,demo,0,stale_binance,0,0.000000000,1.058820830,0.000000000,0.000000000,0.458820830,0.000000000,0.000000000,708.000,55.000,55.000
1786746604653,XAUT_USDT,demo,0,microspread_below_threshold,0,0.000000000,1.058820830,-1.089758849,-1.089758849,0.458820830,0.000000000,0.000000000,52.000,179.000,179.000
1786746604789,XAUT_USDT,demo,0,microspread_below_threshold,0,0.000000000,1.058820830,-1.089758849,-1.089758849,0.458820830,0.000000000,0.000000000,188.000,58.000,58.000
1786746604904,XAUT_USDT,demo,0,stale_binance,0,0.000000000,1.000000000,0.000000000,0.000000000,0.229413047,0.000000000,0.000000000,303.000,0.000,0.000
1786746605051,XAUT_USDT,demo,0,stale_binance,0,0.000000000,1.000000000,0.000000000,0.000000000,0.229413047,0.000000000,0.000000000,450.000,61.000,61.000
1786746605164,XAUT_USDT,demo,0,stale_binance,0,0.000000000,1.000000000,0.000000000,0.000000000,0.229413047,0.000000000,0.000000000,563.000,174.000,174.000
1786746605277,XAUT_USDT,demo,0,stale_binance,0,0.000000000,1.000000000,0.000000000,0.000000000,0.229413047,0.000000000,0.000000000,676.000,287.000,287.000
1786746605396,XAUT_USDT,demo,0,stale_binance,0,0.000000000,1.000000000,0.000000000,0.000000000,0.229413047,0.000000000,0.000000000,795.000,406.000,406.000
1786746605502,XAUT_USDT,demo,0,stale_binance,0,0.000000000,1.000000000,0.000000000,0.000000000,0.229413047,0.000000000,0.000000000,901.000,0.000,0.000
1786746605630,XAUT_USDT,demo,0,microspread_below_threshold,1,0.114705865,1.000000000,-0.975052983,-1.089758849,0.229413047,0.000000000,0.000000000,124.000,128.000,128.000
1786746605781,XAUT_USDT,demo,0,microspread_below_threshold,1,0.114705865,1.000000000,-0.975052983,-1.089758849,0.229413047,0.000000000,0.000000000,275.000,279.000,279.000
1786746605911,XAUT_USDT,demo,0,stale_binance,0,0.000000000,1.000000000,0.000000000,0.000000000,0.229413047,0.000000000,0.000000000,405.000,64.000,64.000
1786746606047,XAUT_USDT,demo,0,stale_binance,0,0.000000000,1.000000000,0.000000000,0.000000000,0.229413047,0.000000000,0.000000000,541.000,116.000,116.000
1786746606180,XAUT_USDT,demo,0,stale_binance,0,0.000000000,1.000000000,0.000000000,0.000000000,0.229413047,0.000000000,0.000000000,674.000,249.000,249.000
1786746606338,XAUT_USDT,demo,0,stale_binance,0,0.000000000,1.000000000,0.000000000,0.000000000,0.229413047,0.000000000,0.000000000,832.000,142.000,142.000
1786746606458,XAUT_USDT,demo,0,stale_binance,0,0.000000000,1.000000000,0.000000000,0.000000000,0.229413047,0.000000000,0.000000000,952.000,77.000,77.000
1786746606589,XAUT_USDT,demo,0,stale_binance,0,0.000000000,1.000000000,0.000000000,0.000000000,0.229413047,0.000000000,0.000000000,1083.000,119.000,119.000
1786746606700,XAUT_USDT,demo,0,stale_binance,0,0.000000000,1.000000000,0.000000000,0.000000000,0.229413047,0.000000000,0.000000000,1194.000,230.000,230.000
1786746606855,XAUT_USDT,demo,0,stale_binance,0,0.000000000,1.000000000,0.000000000,0.000000000,0.229413047,0.000000000,0.000000000,1349.000,65.000,65.000
1786746606962,XAUT_USDT,demo,0,stale_binance,0,0.000000000,1.000000000,0.000000000,0.000000000,0.229413047,0.000000000,0.000000000,1456.000,0.000,0.000
1786746607078,XAUT_USDT,demo,0,stale_binance,0,0.000000000,1.000000000,0.000000000,0.000000000,0.229413047,0.000000000,0.000000000,1572.000,116.000,116.000
1786746607194,XAUT_USDT,demo,0,stale_binance,0,0.000000000,1.000000000,0.000000000,0.000000000,0.229413047,0.000000000,0.000000000,1688.000,60.000,60.000
1786746607327,XAUT_USDT,demo,0,stale_binance,0,0.000000000,1.000000000,0.000000000,0.000000000,0.229413047,0.000000000,0.000000000,1821.000,193.000,193.000
1786746607447,XAUT_USDT,demo,0,stale_binance,0,0.000000000,1.000000000,0.000000000,0.000000000,0.229413047,0.000000000,0.000000000,1941.000,56.000,56.000
1786746607561,XAUT_USDT,demo,0,stale_binance,0,0.000000000,1.000000000,0.000000000,0.000000000,0.229413047,0.000000000,0.000000000,2055.000,0.000,0.000
1786746608478,XAUT_USDT,demo,0,stale_binance,0,0.000000000,1.000000000,0.000000000,0.000000000,0.229413047,0.000000000,0.000000000,2972.000,51.000,51.000
1786746608622,XAUT_USDT,demo,0,microspread_below_threshold,1,0.114705865,1.000000000,-0.975052983,-1.089758849,0.229413047,0.000000000,0.000000000,115.000,112.000,112.000
1786746608764,XAUT_USDT,demo,0,microspread_below_threshold,1,0.114705865,1.000000000,-0.975052983,-1.089758849,0.229413047,0.000000000,0.000000000,54.000,254.000,254.000
1786746608911,XAUT_USDT,demo,0,microspread_below_threshold,1,0.114705865,1.000000000,-0.975052983,-1.089758849,0.229413047,0.000000000,0.000000000,201.000,56.000,56.000
1786746609027,XAUT_USDT,demo,0,microspread_below_threshold,1,0.114705865,1.000000000,-0.975052983,-1.089758849,0.229413047,0.000000000,0.000000000,57.000,83.000,83.000
1786746609142,XAUT_USDT,demo,0,microspread_below_threshold,1,0.114705865,1.000000000,-0.975052983,-1.089758849,0.229413047,0.000000000,0.000000000,172.000,198.000,198.000
1786746609252,XAUT_USDT,demo,0,microspread_below_threshold,1,0.114705865,1.000000000,-0.975052983,-1.089758849,0.229413047,0.000000000,0.000000000,282.000,56.000,56.000
1786746609369,XAUT_USDT,demo,0,stale_binance,0,0.000000000,1.000000000,0.000000000,0.000000000,0.229413047,0.000000000,0.000000000,399.000,0.000,0.000
1786746609507,XAUT_USDT,demo,0,microspread_below_threshold,1,0.114705865,1.000000000,-0.975052983,-1.089758849,0.229413047,0.000000000,0.000000000,0.000,52.000,52.000
1786746609619,XAUT_USDT,demo,0,microspread_below_threshold,1,0.114705865,1.000000000,-0.975052983,-1.089758849,0.229413047,0.000000000,0.000000000,112.000,164.000,164.000
1786746609724,XAUT_USDT,demo,0,microspread_below_threshold,1,0.057352933,1.000000000,-0.975052983,-1.032405916,0.229413047,0.000000000,0.000000000,1.000,96.000,96.000
1786746609868,XAUT_USDT,demo,0,microspread_below_threshold,0,0.000000000,1.000000000,-0.975052983,-0.975052983,0.229413047,0.000000000,0.000000000,145.000,61.000,61.000
1786746610003,XAUT_USDT,demo,0,microspread_below_threshold,0,0.000000000,1.000000000,-0.975052983,-0.975052983,0.229413047,0.000000000,0.000000000,280.000,109.000,109.000
1786746610119,XAUT_USDT,demo,0,stale_binance,0,0.000000000,1.000000000,0.000000000,0.000000000,0.229413047,0.000000000,0.000000000,396.000,56.000,56.000
1786746610233,XAUT_USDT,demo,0,stale_binance,0,0.000000000,1.000000000,0.000000000,0.000000000,0.229413047,0.000000000,0.000000000,510.000,0.000,0.000
1786746610342,XAUT_USDT,demo,0,stale_binance,0,0.000000000,1.000000000,0.000000000,0.000000000,0.229413047,0.000000000,0.000000000,619.000,109.000,109.000
1786746610468,XAUT_USDT,demo,0,microspread_below_threshold,0,0.000000000,1.000000000,-0.975052983,-0.975052983,0.229413047,0.000000000,0.000000000,57.000,62.000,62.000
1786746610617,XAUT_USDT,demo,0,microspread_below_threshold,0,0.000000000,1.000000000,-0.975052983,-0.975052983,0.229413047,0.000000000,0.000000000,113.000,125.000,125.000
1786746610741,XAUT_USDT,demo,0,microspread_below_threshold,0,0.000000000,1.000000000,-0.975052983,-0.975052983,0.229413047,0.000000000,0.000000000,237.000,249.000,249.000
1786746610902,XAUT_USDT,demo,0,microspread_below_threshold,0,0.000000000,1.000000000,-0.975052983,-0.975052983,0.229413047,0.000000000,0.000000000,81.000,65.000,65.000
1786746611048,XAUT_USDT,demo,0,microspread_below_threshold,0,0.000000000,1.000000000,-0.975052983,-0.975052983,0.229413047,0.000000000,0.000000000,227.000,124.000,124.000
1786746611157,XAUT_USDT,demo,0,stale_binance,0,0.000000000,1.000000000,0.000000000,0.000000000,0.229413047,0.000000000,0.000000000,336.000,233.000,233.000
1786746611290,XAUT_USDT,demo,0,stale_binance,0,0.000000000,1.000000000,0.000000000,0.000000000,0.229413047,0.000000000,0.000000000,469.000,110.000,110.000
1786746611407,XAUT_USDT,demo,0,microspread_below_threshold,0,0.000000000,1.000000000,-0.975052983,-0.975052983,0.229413047,0.000000000,0.000000000,113.000,58.000,58.000
1786746611559,XAUT_USDT,demo,0,microspread_below_threshold,0,0.000000000,1.000000000,-0.975052983,-0.975052983,0.229413047,0.000000000,0.000000000,0.000,125.000,125.000
1786746611659,XAUT_USDT,demo,0,microspread_below_threshold,0,0.000000000,1.000000000,-0.975052983,-0.975052983,0.229413047,0.000000000,0.000000000,64.000,52.000,52.000
1786746611782,XAUT_USDT,demo,0,microspread_below_threshold,0,0.000000000,1.000000000,-0.975052983,-0.975052983,0.229413047,0.000000000,0.000000000,47.000,0.000,0.000
1786746611933,XAUT_USDT,demo,0,microspread_below_threshold,0,0.000000000,1.000000000,-0.975052983,-0.975052983,0.229413047,0.000000000,0.000000000,198.000,65.000,65.000
1786746612074,XAUT_USDT,demo,0,stale_binance,0,0.000000000,1.000000000,0.000000000,0.000000000,0.229413047,0.000000000,0.000000000,339.000,119.000,119.000
1786746612193,XAUT_USDT,demo,0,microspread_below_threshold,0,0.000000000,1.000000000,-0.975052983,-0.975052983,0.229413047,0.000000000,0.000000000,0.000,238.000,238.000
1786746612304,XAUT_USDT,demo,0,microspread_below_threshold,0,0.000000000,1.000000000,-0.975052983,-0.975052983,0.229413047,0.000000000,0.000000000,111.000,349.000,349.000
1786746612451,XAUT_USDT,demo,0,microspread_below_threshold,0,0.000000000,1.000000000,-0.975052983,-0.975052983,0.229413047,0.000000000,0.000000000,106.000,65.000,65.000
1786746612566,XAUT_USDT,demo,0,microspread_below_threshold,0,0.000000000,1.000000000,-0.975052983,-0.975052983,0.229413047,0.000000000,0.000000000,61.000,95.000,95.000
1786746612684,XAUT_USDT,demo,0,microspread_below_threshold,0,0.000000000,1.000000000,-0.975052983,-0.975052983,0.229413047,0.000000000,0.000000000,117.000,213.000,213.000
1786746612784,XAUT_USDT,demo,0,microspread_below_threshold,0,0.000000000,1.000000000,-0.975052983,-0.975052983,0.229413047,0.000000000,0.000000000,217.000,59.000,59.000
1786746612900,XAUT_USDT,demo,0,stale_binance,0,0.000000000,1.000000000,0.000000000,0.000000000,0.229413047,0.000000000,0.000000000,333.000,0.000,0.000
1786746613011,XAUT_USDT,demo,0,microspread_below_threshold,0,0.000000000,1.000000000,-0.975052983,-0.975052983,0.229413047,0.000000000,0.000000000,0.000,26.000,26.000
1786746613123,XAUT_USDT,demo,0,microspread_below_threshold,0,0.000000000,1.000000000,-0.975052983,-0.975052983,0.229413047,0.000000000,0.000000000,112.000,52.000,52.000
1786746613266,XAUT_USDT,demo,0,microspread_below_threshold,0,0.000000000,1.000000000,-0.975052983,-0.975052983,0.229413047,0.000000000,0.000000000,255.000,112.000,112.000
1786746613383,XAUT_USDT,demo,0,stale_binance,0,0.000000000,1.000000000,0.000000000,0.000000000,0.229413047,0.000000000,0.000000000,372.000,229.000,229.000
1786746614214,XAUT_USDT,demo,0,stale_binance,0,0.000000000,1.000000000,0.000000000,0.000000000,0.229413047,0.000000000,0.000000000,709.000,187.000,187.000
1786746614317,XAUT_USDT,demo,0,stale_binance,0,0.000000000,1.000000000,0.000000000,0.000000000,0.229413047,0.000000000,0.000000000,812.000,52.000,52.000
1786746614435,XAUT_USDT,demo,0,stale_binance,0,0.000000000,1.000000000,0.000000000,0.000000000,0.229413047,0.000000000,0.000000000,930.000,170.000,170.000
1786746614550,XAUT_USDT,demo,0,stale_binance,0,0.000000000,1.000000000,0.000000000,0.000000000,0.229413047,0.000000000,0.000000000,1045.000,109.000,109.000
1786746614656,XAUT_USDT,demo,0,stale_binance,0,0.000000000,1.000000000,0.000000000,0.000000000,0.229413047,0.000000000,0.000000000,1151.000,215.000,215.000
1786746614783,XAUT_USDT,demo,0,stale_binance,0,0.000000000,1.000000000,0.000000000,0.000000000,0.229413047,0.000000000,0.000000000,1278.000,0.000,0.000
1786746614923,XAUT_USDT,demo,0,stale_binance,0,0.000000000,1.000000000,0.000000000,0.000000000,0.229413047,0.000000000,0.000000000,1418.000,54.000,54.000
1786746615065,XAUT_USDT,demo,0,stale_binance,0,0.000000000,1.000000000,0.000000000,0.000000000,0.229413047,0.000000000,0.000000000,1560.000,110.000,110.000
1786746615182,XAUT_USDT,demo,0,stale_binance,0,0.000000000,1.000000000,0.000000000,0.000000000,0.229413047,0.000000000,0.000000000,1677.000,57.000,57.000
1786746615297,XAUT_USDT,demo,0,stale_binance,0,0.000000000,1.000000000,0.000000000,0.000000000,0.229413047,0.000000000,0.000000000,1792.000,172.000,172.000
1786746615436,XAUT_USDT,demo,0,stale_binance,0,0.000000000,1.000000000,0.000000000,0.000000000,0.229413047,0.000000000,0.000000000,1931.000,52.000,52.000
1786746615556,XAUT_USDT,demo,0,stale_binance,0,0.000000000,1.000000000,0.000000000,0.000000000,0.229413047,0.000000000,0.000000000,2051.000,0.000,0.000
1786746615666,XAUT_USDT,demo,0,stale_binance,0,0.000000000,1.000000000,0.000000000,0.000000000,0.229413047,0.000000000,0.000000000,2161.000,110.000,110.000
1786746615787,XAUT_USDT,demo,0,stale_binance,0,0.000000000,1.000000000,0.000000000,0.000000000,0.229413047,0.000000000,0.000000000,2282.000,231.000,231.000
1786746615900,XAUT_USDT,demo,0,stale_binance,0,0.000000000,1.000000000,0.000000000,0.000000000,0.229413047,0.000000000,0.000000000,2395.000,0.000,0.000
1786746616039,XAUT_USDT,demo,0,stale_binance,0,0.000000000,1.000000000,0.000000000,0.000000000,0.229413047,0.000000000,0.000000000,2534.000,51.000,51.000
1786746616166,XAUT_USDT,demo,0,stale_binance,0,0.000000000,1.000000000,0.000000000,0.000000000,0.229413047,0.000000000,0.000000000,2661.000,178.000,178.000
1786746616298,XAUT_USDT,demo,0,stale_binance,0,0.000000000,1.000000000,0.000000000,0.000000000,0.229413047,0.000000000,0.000000000,2793.000,59.000,59.000
1786746616415,XAUT_USDT,demo,0,stale_binance,0,0.000000000,1.000000000,0.000000000,0.000000000,0.229413047,0.000000000,0.000000000,2910.000,176.000,176.000
1786746616566,XAUT_USDT,demo,0,microspread_below_threshold,0,0.000000000,1.000000000,-0.975052983,-0.975052983,0.229413047,0.000000000,0.000000000,58.000,66.000,66.000
1786746616670,XAUT_USDT,demo,0,microspread_below_threshold,0,0.000000000,1.000000000,-0.975052983,-0.975052983,0.229413047,0.000000000,0.000000000,162.000,0.000,0.000
1786746616776,XAUT_USDT,demo,0,microspread_below_threshold,0,0.000000000,1.000000000,-0.975052983,-0.975052983,0.229413047,0.000000000,0.000000000,268.000,106.000,106.000
1786746616899,XAUT_USDT,demo,0,stale_binance,0,0.000000000,1.000000000,0.000000000,0.000000000,0.229413047,0.000000000,0.000000000,391.000,56.000,56.000
1786746617041,XAUT_USDT,demo,0,stale_binance,0,0.000000000,1.000000000,0.000000000,0.000000000,0.229413047,0.000000000,0.000000000,533.000,111.000,111.000
1786746617158,XAUT_USDT,demo,0,stale_binance,0,0.000000000,1.000000000,0.000000000,0.000000000,0.229413047,0.000000000,0.000000000,650.000,56.000,56.000
1786746617268,XAUT_USDT,demo,0,stale_binance,0,0.000000000,1.000000000,0.000000000,0.000000000,0.229413047,0.000000000,0.000000000,760.000,166.000,166.000
1786746617416,XAUT_USDT,demo,0,stale_binance,0,0.000000000,1.000000000,0.000000000,0.000000000,0.229413047,0.000000000,0.000000000,908.000,51.000,51.000
1786746617535,XAUT_USDT,demo,0,microspread_below_threshold,0,0.000000000,1.000000000,-0.975052983,-0.975052983,0.229413047,0.000000000,0.000000000,0.000,89.000,89.000
1786746617648,XAUT_USDT,demo,0,microspread_below_threshold,0,0.000000000,1.000000000,-0.975052983,-0.975052983,0.229413047,0.000000000,0.000000000,113.000,202.000,202.000
1786746617763,XAUT_USDT,demo,0,microspread_below_threshold,0,0.000000000,1.000000000,-0.975052983,-0.975052983,0.229413047,0.000000000,0.000000000,228.000,317.000,317.000
1786746617870,XAUT_USDT,demo,0,stale_binance,0,0.000000000,1.000000000,0.000000000,0.000000000,0.229413047,0.000000000,0.000000000,335.000,0.000,0.000
1786746618016,XAUT_USDT,demo,0,microspread_below_threshold,0,0.000000000,1.000000000,-0.975052983,-0.975052983,0.229413047,0.000000000,0.000000000,123.000,57.000,57.000
1786746618123,XAUT_USDT,demo,0,microspread_below_threshold,0,0.000000000,1.000000000,-0.975052983,-0.975052983,0.229413047,0.000000000,0.000000000,230.000,164.000,164.000
1786746618267,XAUT_USDT,demo,0,stale_binance,0,0.000000000,1.000000000,0.000000000,0.000000000,0.229413047,0.000000000,0.000000000,374.000,52.000,52.000
1786746618394,XAUT_USDT,demo,0,stale_binance,0,0.000000000,1.000000000,0.000000000,0.000000000,0.229413047,0.000000000,0.000000000,501.000,0.000,0.000
1786746618507,XAUT_USDT,demo,0,stale_binance,0,0.000000000,1.000000000,0.000000000,0.000000000,0.229413047,0.000000000,0.000000000,614.000,113.000,113.000
1786746618615,XAUT_USDT,demo,0,microspread_below_threshold,0,0.000000000,1.000000000,-0.975052983,-0.975052983,0.229413047,0.000000000,0.000000000,106.000,221.000,221.000
1786746618731,XAUT_USDT,demo,0,microspread_below_threshold,0,0.000000000,1.000000000,-0.975052983,-0.975052983,0.229413047,0.000000000,0.000000000,222.000,337.000,337.000
1786746618871,XAUT_USDT,demo,0,stale_binance,0,0.000000000,1.000000000,0.000000000,0.000000000,0.229413047,0.000000000,0.000000000,362.000,52.000,52.000
1786746618993,XAUT_USDT,demo,0,stale_binance,0,0.000000000,1.000000000,0.000000000,0.000000000,0.229413047,0.000000000,0.000000000,484.000,0.000,0.000
1786746619105,XAUT_USDT,demo,0,stale_binance,0,0.000000000,1.000000000,0.000000000,0.000000000,0.229413047,0.000000000,0.000000000,596.000,112.000,112.000
1786746619913,XAUT_USDT,demo,0,microspread_below_threshold,0,0.000000000,1.000000000,-0.975052983,-0.975052983,0.229413047,0.000000000,0.000000000,154.000,66.000,66.000
1786746620016,XAUT_USDT,demo,0,microspread_below_threshold,0,0.000000000,1.000000000,-0.975052983,-0.975052983,0.229413047,0.000000000,0.000000000,66.000,80.000,80.000
1786746620138,XAUT_USDT,demo,0,microspread_below_threshold,0,0.000000000,1.000000000,-0.975052983,-0.975052983,0.229413047,0.000000000,0.000000000,188.000,116.000,116.000
1786746620248,XAUT_USDT,demo,0,microspread_below_threshold,0,0.000000000,1.000000000,-0.975052983,-0.975052983,0.229413047,0.000000000,0.000000000,298.000,226.000,226.000
1786746620349,XAUT_USDT,demo,0,microspread_below_threshold,0,0.000000000,1.000000000,-0.975052983,-0.975052983,0.229413047,0.000000000,0.000000000,1.000,327.000,327.000
1786746620450,XAUT_USDT,demo,0,microspread_below_threshold,0,0.000000000,1.000000000,-0.975052983,-0.975052983,0.229413047,0.000000000,0.000000000,28.000,1.000,1.000
1786746620564,XAUT_USDT,demo,0,microspread_below_threshold,0,0.000000000,1.000000000,-0.975052983,-0.975052983,0.229413047,0.000000000,0.000000000,59.000,115.000,115.000
1786746620688,XAUT_USDT,demo,0,microspread_below_threshold,0,0.000000000,1.000000000,-0.975052983,-0.975052983,0.229413047,0.000000000,0.000000000,183.000,239.000,239.000
1786746620794,XAUT_USDT,demo,0,microspread_below_threshold,0,0.000000000,1.000000000,-0.975052983,-0.975052983,0.229413047,0.000000000,0.000000000,289.000,0.000,0.000
1786746620931,XAUT_USDT,demo,0,stale_binance,0,0.000000000,1.000000000,0.000000000,0.000000000,0.229413047,0.000000000,0.000000000,426.000,52.000,52.000
1786746621082,XAUT_USDT,demo,0,stale_binance,0,0.000000000,1.000000000,0.000000000,0.000000000,0.229413047,0.000000000,0.000000000,577.000,119.000,119.000
1786746621188,XAUT_USDT,demo,0,stale_binance,0,0.000000000,1.000000000,0.000000000,0.000000000,0.229413047,0.000000000,0.000000000,683.000,225.000,225.000
1786746621304,XAUT_USDT,demo,0,stale_binance,0,0.000000000,1.000000000,0.000000000,0.000000000,0.229413047,0.000000000,0.000000000,799.000,341.000,341.000
1786746621447,XAUT_USDT,demo,0,microspread_below_threshold,0,0.000000000,1.000000000,-0.975052983,-0.975052983,0.229413047,0.000000000,0.000000000,116.000,53.000,53.000
1786746621562,XAUT_USDT,demo,0,microspread_below_threshold,0,0.000000000,1.000000000,-0.975052983,-0.975052983,0.229413047,0.000000000,0.000000000,54.000,82.000,82.000
1786746621681,XAUT_USDT,demo,0,microspread_below_threshold,0,0.000000000,1.000000000,-0.975052983,-0.975052983,0.229413047,0.000000000,0.000000000,173.000,201.000,201.000
1786746621797,XAUT_USDT,demo,0,microspread_below_threshold,0,0.000000000,1.000000000,-0.975052983,-0.975052983,0.229413047,0.000000000,0.000000000,289.000,317.000,317.000
1786746621911,XAUT_USDT,demo,0,stale_binance,0,0.000000000,1.000000000,0.000000000,0.000000000,0.229413047,0.000000000,0.000000000,403.000,0.000,0.000
1786746622064,XAUT_USDT,demo,0,stale_binance,0,0.000000000,1.000000000,0.000000000,0.000000000,0.229413047,0.000000000,0.000000000,556.000,66.000,66.000
1786746622179,XAUT_USDT,demo,0,stale_binance,0,0.000000000,1.000000000,0.000000000,0.000000000,0.229413047,0.000000000,0.000000000,671.000,181.000,181.000
1786746622288,XAUT_USDT,demo,0,stale_binance,0,0.000000000,1.000000000,0.000000000,0.000000000,0.229413047,0.000000000,0.000000000,780.000,290.000,290.000
1786746622398,XAUT_USDT,demo,0,stale_binance,0,0.000000000,1.000000000,0.000000000,0.000000000,0.229413047,0.000000000,0.000000000,890.000,58.000,58.000
1786746622512,XAUT_USDT,demo,0,stale_binance,0,0.000000000,1.000000000,0.000000000,0.000000000,0.229413047,0.000000000,0.000000000,1004.000,0.000,0.000
1786746622652,XAUT_USDT,demo,0,microspread_below_threshold,0,0.000000000,1.000000000,-0.975052983,-0.975052983,0.229413047,0.000000000,0.000000000,52.000,140.000,140.000
1786746622770,XAUT_USDT,demo,0,microspread_below_threshold,0,0.000000000,1.000000000,-0.975052983,-0.975052983,0.229413047,0.000000000,0.000000000,170.000,258.000,258.000
1786746622915,XAUT_USDT,demo,0,stale_binance,0,0.000000000,1.000000000,0.000000000,0.000000000,0.229413047,0.000000000,0.000000000,315.000,59.000,59.000
1786746623046,XAUT_USDT,demo,0,stale_binance,0,0.000000000,1.000000000,0.000000000,0.000000000,0.229413047,0.000000000,0.000000000,446.000,103.000,103.000
1786746623153,XAUT_USDT,demo,0,stale_binance,0,0.000000000,1.000000000,0.000000000,0.000000000,0.229413047,0.000000000,0.000000000,553.000,210.000,210.000
1786746623264,XAUT_USDT,demo,0,stale_binance,0,0.000000000,1.000000000,0.000000000,0.000000000,0.229413047,0.000000000,0.000000000,664.000,64.000,64.000
1786746623376,XAUT_USDT,demo,0,stale_binance,0,0.000000000,1.000000000,0.000000000,0.000000000,0.229413047,0.000000000,0.000000000,776.000,0.000,0.000
1786746623505,XAUT_USDT,demo,0,microspread_below_threshold,0,0.000000000,1.000000000,-0.975052983,-0.975052983,0.229413047,0.000000000,0.000000000,0.000,45.000,45.000
1786746623630,XAUT_USDT,demo,0,microspread_below_threshold,0,0.000000000,1.000000000,-0.975052983,-0.975052983,0.229413047,0.000000000,0.000000000,125.000,0.000,0.000
1786746623780,XAUT_USDT,demo,0,microspread_below_threshold,0,0.000000000,1.000000000,-0.975052983,-0.975052983,0.229413047,0.000000000,0.000000000,275.000,64.000,64.000
1786746623929,XAUT_USDT,demo,0,stale_binance,0,0.000000000,1.000000000,0.000000000,0.000000000,0.229413047,0.000000000,0.000000000,424.000,126.000,126.000
1786746624032,XAUT_USDT,demo,0,stale_binance,0,0.000000000,1.000000000,0.000000000,0.000000000,0.229413047,0.000000000,0.000000000,527.000,53.000,53.000
1786746624148,XAUT_USDT,demo,0,stale_binance,0,0.000000000,1.000000000,0.000000000,0.000000000,0.229413047,0.000000000,0.000000000,643.000,169.000,169.000
1786746624261,XAUT_USDT,demo,0,stale_binance,0,0.000000000,1.000000000,0.000000000,0.000000000,0.229413047,0.000000000,0.000000000,756.000,282.000,282.000
1786746624395,XAUT_USDT,demo,0,stale_binance,0,0.000000000,1.000000000,0.000000000,0.000000000,0.229413047,0.000000000,0.000000000,890.000,56.000,56.000
1786746624498,XAUT_USDT,demo,0,stale_binance,0,0.000000000,1.000000000,0.000000000,0.000000000,0.229413047,0.000000000,0.000000000,993.000,0.000,0.000
1786746624618,XAUT_USDT,demo,0,microspread_below_threshold,0,0.000000000,1.000000000,-0.975052983,-0.975052983,0.229413047,0.000000000,0.000000000,112.000,120.000,120.000
1786746624746,XAUT_USDT,demo,0,microspread_below_threshold,0,0.000000000,1.000000000,-0.975052983,-0.975052983,0.229413047,0.000000000,0.000000000,240.000,248.000,248.000
1786746624890,XAUT_USDT,demo,0,stale_binance,0,0.000000000,1.000000000,0.000000000,0.000000000,0.229413047,0.000000000,0.000000000,384.000,52.000,52.000
1786746625583,XAUT_USDT,demo,0,microspread_below_threshold,0,0.000000000,1.000000000,-0.975052983,-0.975052983,0.229413047,0.000000000,0.000000000,78.000,59.000,59.000
1786746625695,XAUT_USDT,demo,0,microspread_below_threshold,0,0.000000000,1.000000000,-0.975052983,-0.975052983,0.229413047,0.000000000,0.000000000,190.000,0.000,0.000
1786746625845,XAUT_USDT,demo,0,stale_binance,0,0.000000000,1.000000000,0.000000000,0.000000000,0.229413047,0.000000000,0.000000000,340.000,64.000,64.000
1786746625955,XAUT_USDT,demo,0,stale_binance,0,0.000000000,1.000000000,0.000000000,0.000000000,0.229413047,0.000000000,0.000000000,450.000,0.000,0.000
1786746626096,XAUT_USDT,demo,0,stale_binance,0,0.000000000,1.000000000,0.000000000,0.000000000,0.229413047,0.000000000,0.000000000,591.000,57.000,57.000
1786746626210,XAUT_USDT,demo,0,stale_binance,0,0.000000000,1.000000000,0.000000000,0.000000000,0.229413047,0.000000000,0.000000000,705.000,0.000,0.000
1786746626328,XAUT_USDT,demo,0,stale_binance,0,0.000000000,1.000000000,0.000000000,0.000000000,0.229413047,0.000000000,0.000000000,823.000,118.000,118.000
1786746628642,XAUT_USDT,demo,0,leader_micro_move_too_small,1,2.868100010,1.000000000,0.447499425,-2.420600585,0.229492019,0.000000000,0.000000000,135.000,24.000,24.000
1786746628780,XAUT_USDT,demo,0,leader_micro_move_too_small,1,2.868100010,1.000000000,0.447499425,-2.420600585,0.229492019,0.000000000,0.000000000,54.000,162.000,162.000
1786746628880,XAUT_USDT,demo,0,leader_micro_move_too_small,1,2.868100010,1.000000000,0.447499425,-2.420600585,0.229492019,0.000000000,0.000000000,81.000,0.000,0.000
1786746629029,XAUT_USDT,demo,0,leader_micro_move_too_small,1,2.868100010,1.000000000,0.447499425,-2.420600585,0.229492019,0.000000000,0.000000000,230.000,61.000,61.000
1786746629137,XAUT_USDT,demo,0,stale_binance,0,0.000000000,1.000000000,0.000000000,0.000000000,0.229492019,0.000000000,0.000000000,338.000,0.000,0.000
1786746629251,XAUT_USDT,demo,0,stale_binance,0,0.000000000,1.000000000,0.000000000,0.000000000,0.229492019,0.000000000,0.000000000,452.000,114.000,114.000
1786746629361,XAUT_USDT,demo,0,stale_binance,0,0.000000000,1.000000000,0.000000000,0.000000000,0.229492019,0.000000000,0.000000000,562.000,224.000,224.000
1786746629472,XAUT_USDT,demo,0,stale_binance,0,0.000000000,1.000000000,0.000000000,0.000000000,0.229492019,0.000000000,0.000000000,673.000,335.000,335.000
1786746629628,XAUT_USDT,demo,0,leader_micro_move_too_small,1,2.868100010,1.000000000,0.447499425,-2.420600585,0.229492019,0.000000000,0.000000000,123.000,148.000,148.000
1786746629759,XAUT_USDT,demo,0,leader_micro_move_too_small,1,2.868100010,1.000000000,0.447499425,-2.420600585,0.229492019,0.000000000,0.000000000,254.000,279.000,279.000
1786746629868,XAUT_USDT,demo,0,stale_binance,0,0.000000000,1.000000000,0.000000000,0.000000000,0.229492019,0.000000000,0.000000000,363.000,388.000,388.000
1786746629977,XAUT_USDT,demo,0,stale_binance,0,0.000000000,1.000000000,0.000000000,0.000000000,0.229492019,0.000000000,0.000000000,472.000,61.000,61.000
1786746630125,XAUT_USDT,demo,0,stale_binance,0,0.000000000,1.000000000,0.000000000,0.000000000,0.229492019,0.000000000,0.000000000,620.000,124.000,124.000
1786746630232,XAUT_USDT,demo,0,stale_binance,0,0.000000000,1.000000000,0.000000000,0.000000000,0.229492019,0.000000000,0.000000000,727.000,231.000,231.000
1786746630341,XAUT_USDT,demo,0,stale_binance,0,0.000000000,1.000000000,0.000000000,0.000000000,0.229492019,0.000000000,0.000000000,836.000,0.000,0.000
1786746630494,XAUT_USDT,demo,0,leader_micro_move_too_small,1,2.868100010,1.000000000,0.447499425,-2.420600585,0.229492019,0.000000000,0.000000000,109.000,65.000,65.000
1786746631297,XAUT_USDT,demo,0,leader_micro_move_too_small,1,2.868100010,1.000000000,0.447499425,-2.420600585,0.229492019,0.000000000,0.000000000,21.000,264.000,264.000
1786746631431,XAUT_USDT,demo,0,leader_micro_move_too_small,1,2.868100010,1.000000000,0.447499425,-2.420600585,0.229492019,0.000000000,0.000000000,155.000,57.000,57.000
1786746631534,XAUT_USDT,demo,0,leader_micro_move_too_small,1,2.868100010,1.000000000,0.447499425,-2.420600585,0.229492019,0.000000000,0.000000000,0.000,74.000,74.000
1786746631695,XAUT_USDT,demo,0,leader_micro_move_too_small,1,2.868100010,1.000000000,0.447499425,-2.420600585,0.229492019,0.000000000,0.000000000,113.000,63.000,63.000
1786746631807,XAUT_USDT,demo,0,leader_micro_move_too_small,1,2.868100010,1.000000000,0.447499425,-2.420600585,0.229492019,0.000000000,0.000000000,225.000,0.000,0.000
1786746631925,XAUT_USDT,demo,0,leader_micro_move_too_small,1,2.868100010,1.000000000,0.447499425,-2.420600585,0.229492019,0.000000000,0.000000000,0.000,118.000,118.000
1786746632045,XAUT_USDT,demo,0,leader_micro_move_too_small,1,2.868100010,1.000000000,0.447499425,-2.420600585,0.229492019,0.000000000,0.000000000,120.000,61.000,61.000
1786746632155,XAUT_USDT,demo,0,leader_micro_move_too_small,1,2.638610623,1.000000000,0.218010039,-2.420600585,0.229486753,0.000000000,0.229489386,30.000,0.000,0.000
1786746632306,XAUT_USDT,demo,0,leader_micro_move_too_small,1,2.638610623,1.000000000,0.218010039,-2.420600585,0.229486753,0.000000000,0.000000000,181.000,65.000,65.000
1786746632414,XAUT_USDT,demo,0,leader_micro_move_too_small,1,2.638610623,1.000000000,0.218010039,-2.420600585,0.229486753,0.000000000,0.000000000,289.000,1.000,1.000
1786746632543,XAUT_USDT,demo,0,leader_micro_move_too_small,1,2.638610623,1.000000000,0.218010039,-2.420600585,0.229486753,0.000000000,0.000000000,0.000,45.000,45.000
1786746632659,XAUT_USDT,demo,0,leader_micro_move_too_small,1,2.443564228,1.000000000,0.218010039,-2.225554189,0.229486753,0.000000000,0.000000000,116.000,161.000,161.000
1786746632814,XAUT_USDT,demo,0,leader_micro_move_too_small,1,2.432091036,1.000000000,0.218010039,-2.214080997,0.229486753,0.000000000,0.000000000,271.000,61.000,61.000
1786746632928,XAUT_USDT,demo,0,stale_binance,0,0.000000000,1.000000000,0.000000000,0.000000000,0.229486753,0.000000000,0.000000000,385.000,0.000,0.000
1786746633043,XAUT_USDT,demo,0,stale_binance,0,0.000000000,1.000000000,0.000000000,0.000000000,0.229486753,0.000000000,0.000000000,500.000,115.000,115.000
1786746633194,XAUT_USDT,demo,0,leader_micro_move_too_small,1,2.420617844,1.000000000,0.218010039,-2.202607805,0.229486753,0.000000000,0.000000000,127.000,266.000,266.000
1786746633301,XAUT_USDT,demo,0,leader_micro_move_too_small,1,2.311623830,1.000000000,0.218010039,-2.093613791,0.229486753,0.000000000,0.000000000,57.000,373.000,373.000
1786746633416,XAUT_USDT,demo,0,leader_micro_move_too_small,1,2.420617844,1.000000000,0.218010039,-2.202607805,0.229486753,0.000000000,0.000000000,56.000,60.000,60.000
1786746633527,XAUT_USDT,demo,0,leader_micro_move_too_small,1,2.311623830,1.000000000,0.218010039,-2.093613791,0.229486753,0.000000000,0.000000000,21.000,0.000,0.000
1786746633659,XAUT_USDT,demo,0,leader_micro_move_too_small,1,2.202629816,1.000000000,0.218010039,-1.984619777,0.229486753,0.000000000,0.000000000,153.000,132.000,132.000
1786746633771,XAUT_USDT,demo,0,leader_micro_move_too_small,1,2.202629816,1.000000000,0.218010039,-1.984619777,0.229486753,0.000000000,0.000000000,265.000,244.000,244.000
1786746633872,XAUT_USDT,demo,0,stale_binance,0,0.000000000,1.000000000,0.000000000,0.000000000,0.229486753,0.000000000,0.000000000,366.000,0.000,0.000
1786746634011,XAUT_USDT,demo,0,leader_micro_move_too_small,1,2.311623830,1.000000000,0.218010039,-2.093613791,0.229486753,0.000000000,0.000000000,66.000,52.000,52.000
1786746634159,XAUT_USDT,demo,0,leader_micro_move_too_small,1,2.311623830,1.000000000,0.218010039,-2.093613791,0.229486753,0.000000000,0.000000000,110.000,112.000,112.000
1786746634292,XAUT_USDT,demo,0,leader_micro_move_too_small,1,2.202629816,1.000000000,0.218010039,-1.984619777,0.229486753,0.000000000,0.000000000,243.000,245.000,245.000
1786746634411,XAUT_USDT,demo,0,leader_micro_move_too_small,1,2.638610623,1.000000000,0.218010039,-2.420600585,0.229486753,0.000000000,0.000000000,0.000,24.000,24.000
1786746634558,XAUT_USDT,demo,0,microspread_below_threshold,0,0.000000000,1.000000000,0.218010039,0.218010039,0.229486753,0.000000000,0.000000000,53.000,84.000,84.000
1786746634677,XAUT_USDT,demo,0,microspread_below_threshold,0,0.000000000,1.000000000,0.218010039,0.218010039,0.229486753,0.000000000,0.000000000,117.000,203.000,203.000
1786746634782,XAUT_USDT,demo,0,microspread_below_threshold,-1,-0.229489386,1.000000000,0.218010039,0.447499425,0.229486753,0.000000000,0.000000000,222.000,51.000,51.000
1786746634905,XAUT_USDT,demo,0,stale_binance,0,0.000000000,1.000000000,0.000000000,0.000000000,0.229486753,0.000000000,0.000000000,345.000,0.000,0.000
1786746635046,XAUT_USDT,demo,0,stale_binance,0,0.000000000,1.000000000,0.000000000,0.000000000,0.229486753,0.000000000,0.000000000,486.000,53.000,53.000
1786746635154,XAUT_USDT,demo,0,microspread_below_threshold,-1,-0.229489386,1.000000000,0.218010039,0.447499425,0.229486753,0.000000000,0.000000000,0.000,161.000,161.000
1786746635304,XAUT_USDT,demo,0,microspread_below_threshold,-1,-0.229489386,1.000000000,0.218010039,0.447499425,0.229486753,0.000000000,0.000000000,87.000,53.000,53.000
1786746635417,XAUT_USDT,demo,0,microspread_below_threshold,-1,-0.229489386,1.000000000,0.218010039,0.447499425,0.229486753,0.000000000,0.000000000,200.000,166.000,166.000
1786746635563,XAUT_USDT,demo,0,microspread_below_threshold,-1,-0.229489386,1.000000000,0.218010039,0.447499425,0.229486753,0.000000000,0.000000000,56.000,58.000,58.000
1786746635682,XAUT_USDT,demo,0,microspread_below_threshold,-1,-0.229489386,1.000000000,0.218010039,0.447499425,0.229486753,0.000000000,0.000000000,175.000,177.000,177.000
1786746635792,XAUT_USDT,demo,0,microspread_below_threshold,-1,-0.229489386,1.000000000,0.218010039,0.447499425,0.229486753,0.000000000,0.000000000,285.000,287.000,287.000
1786746635924,XAUT_USDT,demo,0,microspread_below_threshold,-1,-0.229489386,1.000000000,0.218010039,0.447499425,0.229486753,0.000000000,0.000000000,61.000,66.000,66.000
1786746636024,XAUT_USDT,demo,0,microspread_below_threshold,-1,-0.229489386,1.000000000,0.218010039,0.447499425,0.229486753,0.000000000,0.000000000,0.000,2.000,2.000
1786746636175,XAUT_USDT,demo,0,microspread_below_threshold,-1,-0.229489386,1.000000000,0.218010039,0.447499425,0.229486753,0.000000000,0.000000000,109.000,153.000,153.000
1786746636288,XAUT_USDT,demo,0,microspread_below_threshold,-1,-0.229489386,1.000000000,0.218010039,0.447499425,0.229486753,0.000000000,0.000000000,222.000,266.000,266.000
1786746636945,XAUT_USDT,demo,0,microspread_below_threshold,0,0.000000000,1.000000000,0.218010039,0.218010039,0.229486753,0.000000000,0.000000000,172.000,57.000,57.000
1786746637065,XAUT_USDT,demo,0,microspread_below_threshold,0,0.000000000,1.000000000,0.218010039,0.218010039,0.229486753,0.000000000,0.000000000,0.000,93.000,93.000
1786746637178,XAUT_USDT,demo,0,microspread_below_threshold,0,0.000000000,1.000000000,0.218010039,0.218010039,0.229486753,0.000000000,0.000000000,113.000,206.000,206.000
1786746637290,XAUT_USDT,demo,0,microspread_below_threshold,0,0.000000000,1.000000000,0.218010039,0.218010039,0.229486753,0.000000000,0.000000000,225.000,59.000,59.000
1786746637402,XAUT_USDT,demo,0,microspread_below_threshold,0,0.000000000,1.000000000,0.218010039,0.218010039,0.229486753,0.000000000,0.000000000,37.000,0.000,0.000
1786746637505,XAUT_USDT,demo,0,microspread_below_threshold,0,0.000000000,1.000000000,0.218010039,0.218010039,0.229486753,0.000000000,0.000000000,1.000,17.000,17.000
1786746637629,XAUT_USDT,demo,0,microspread_below_threshold,0,0.000000000,1.000000000,0.218010039,0.218010039,0.229486753,0.000000000,0.000000000,63.000,56.000,56.000
1786746637742,XAUT_USDT,demo,0,microspread_below_threshold,0,0.000000000,1.000000000,0.218010039,0.218010039,0.229486753,0.000000000,0.000000000,176.000,0.000,0.000
1786746637881,XAUT_USDT,demo,0,stale_binance,0,0.000000000,1.000000000,0.000000000,0.000000000,0.229486753,0.000000000,0.000000000,315.000,52.000,52.000
1786746638003,XAUT_USDT,demo,0,stale_binance,0,0.000000000,1.000000000,0.000000000,0.000000000,0.229486753,0.000000000,0.000000000,437.000,1.000,1.000
1786746638145,XAUT_USDT,demo,0,stale_binance,0,0.000000000,1.000000000,0.000000000,0.000000000,0.229486753,0.000000000,0.000000000,579.000,56.000,56.000
1786746638265,XAUT_USDT,demo,0,microspread_below_threshold,0,0.000000000,1.000000000,0.218010039,0.218010039,0.229486753,0.000000000,0.000000000,0.000,176.000,176.000
1786746638391,XAUT_USDT,demo,0,microspread_below_threshold,0,0.000000000,1.000000000,0.218010039,0.218010039,0.229486753,0.000000000,0.000000000,126.000,302.000,302.000
1786746638504,XAUT_USDT,demo,0,microspread_below_threshold,0,0.000000000,1.000000000,0.218010039,0.218010039,0.229486753,0.000000000,0.000000000,0.000,75.000,75.000
1786746638658,XAUT_USDT,demo,0,microspread_below_threshold,0,0.000000000,1.000000000,0.218010039,0.218010039,0.229486753,0.000000000,0.000000000,154.000,141.000,141.000
1786746638781,XAUT_USDT,demo,0,microspread_below_threshold,0,0.000000000,1.000000000,0.218010039,0.218010039,0.229486753,0.000000000,0.000000000,277.000,264.000,264.000
1786746638920,XAUT_USDT,demo,0,microspread_below_threshold,0,0.000000000,1.000000000,0.218010039,0.218010039,0.229486753,0.000000000,0.000000000,130.000,60.000,60.000
1786746639036,XAUT_USDT,demo,0,microspread_below_threshold,0,0.000000000,1.000000000,0.218010039,0.218010039,0.229486753,0.000000000,0.000000000,246.000,0.000,0.000
1786746639147,XAUT_USDT,demo,0,stale_binance,0,0.000000000,1.000000000,0.000000000,0.000000000,0.229486753,0.000000000,0.000000000,357.000,111.000,111.000
1786746639256,XAUT_USDT,demo,0,microspread_below_threshold,0,0.000000000,1.000000000,0.218010039,0.218010039,0.229486753,0.000000000,0.000000000,54.000,220.000,220.000
1786746639373,XAUT_USDT,demo,0,microspread_below_threshold,0,0.000000000,1.000000000,0.218010039,0.218010039,0.229486753,0.000000000,0.000000000,171.000,337.000,337.000
1786746639506,XAUT_USDT,demo,0,microspread_below_threshold,0,0.000000000,1.000000000,0.218010039,0.218010039,0.229486753,0.000000000,0.000000000,0.000,46.000,46.000
1786746639633,XAUT_USDT,demo,0,microspread_below_threshold,0,0.000000000,1.000000000,0.218010039,0.218010039,0.229486753,0.000000000,0.000000000,0.000,173.000,173.000
1786746639740,XAUT_USDT,demo,0,microspread_below_threshold,0,0.000000000,1.000000000,0.218010039,0.218010039,0.229486753,0.000000000,0.000000000,107.000,280.000,280.000
1786746639874,XAUT_USDT,demo,0,microspread_below_threshold,0,0.000000000,1.000000000,0.218010039,0.218010039,0.229486753,0.000000000,0.000000000,241.000,66.000,66.000
1786746639983,XAUT_USDT,demo,0,stale_binance,0,0.000000000,1.000000000,0.000000000,0.000000000,0.229486753,0.000000000,0.000000000,350.000,0.000,0.000
1786746640085,XAUT_USDT,demo,0,microspread_below_threshold,0,0.000000000,1.000000000,0.218010039,0.218010039,0.229486753,0.000000000,0.000000000,0.000,102.000,102.000
1786746640202,XAUT_USDT,demo,0,microspread_below_threshold,0,0.000000000,1.000000000,0.218010039,0.218010039,0.229486753,0.000000000,0.000000000,117.000,219.000,219.000
1786746640347,XAUT_USDT,demo,0,microspread_below_threshold,0,0.000000000,1.000000000,0.218010039,0.218010039,0.229486753,0.000000000,0.000000000,262.000,109.000,109.000
1786746640474,XAUT_USDT,demo,0,microspread_below_threshold,0,0.000000000,1.000000000,0.218010039,0.218010039,0.229486753,0.000000000,0.000000000,85.000,62.000,62.000
1786746640582,XAUT_USDT,demo,0,microspread_below_threshold,-1,-0.114742718,1.058968239,0.103267321,0.218010039,0.458968239,0.000000000,0.114742718,193.000,0.000,0.000
1786746640725,XAUT_USDT,demo,0,stale_binance,0,0.000000000,1.000000000,0.000000000,0.000000000,0.229486753,0.000000000,0.000000000,336.000,56.000,56.000
1786746640838,XAUT_USDT,demo,0,stale_binance,0,0.000000000,1.000000000,0.000000000,0.000000000,0.229486753,0.000000000,0.000000000,449.000,0.000,0.000
1786746640987,XAUT_USDT,demo,0,stale_binance,0,0.000000000,1.000000000,0.000000000,0.000000000,0.229486753,0.000000000,0.000000000,598.000,62.000,62.000
1786746641128,XAUT_USDT,demo,0,stale_binance,0,0.000000000,1.000000000,0.000000000,0.000000000,0.229486753,0.000000000,0.000000000,739.000,116.000,116.000
1786746641241,XAUT_USDT,demo,0,stale_binance,0,0.000000000,1.000000000,0.000000000,0.000000000,0.229486753,0.000000000,0.000000000,852.000,229.000,229.000
1786746641353,XAUT_USDT,demo,0,stale_binance,0,0.000000000,1.000000000,0.000000000,0.000000000,0.229486753,0.000000000,0.000000000,964.000,0.000,0.000
1786746641453,XAUT_USDT,demo,0,microspread_below_threshold,0,0.000000000,1.000000000,0.218010039,0.218010039,0.229486753,0.000000000,0.000000000,0.000,100.000,100.000
1786746641588,XAUT_USDT,demo,0,microspread_below_threshold,0,0.000000000,1.000000000,0.218010039,0.218010039,0.229486753,0.000000000,0.000000000,82.000,64.000,64.000
1786746641697,XAUT_USDT,demo,0,microspread_below_threshold,0,0.000000000,1.000000000,0.218010039,0.218010039,0.229486753,0.000000000,0.000000000,191.000,173.000,173.000
1786746641831,XAUT_USDT,demo,0,stale_binance,0,0.000000000,1.000000000,0.000000000,0.000000000,0.229486753,0.000000000,0.000000000,325.000,51.000,51.000
1786746641943,XAUT_USDT,demo,0,stale_binance,0,0.000000000,1.000000000,0.000000000,0.000000000,0.229486753,0.000000000,0.000000000,437.000,163.000,163.000
1786746642550,XAUT_USDT,demo,0,microspread_below_threshold,0,0.000000000,1.000000000,0.218010039,0.218010039,0.229486753,0.000000000,0.000000000,43.000,83.000,83.000
1786746642705,XAUT_USDT,demo,0,microspread_below_threshold,0,0.000000000,1.000000000,0.218010039,0.218010039,0.229486753,0.000000000,0.000000000,198.000,67.000,67.000
1786746642813,XAUT_USDT,demo,0,stale_binance,0,0.000000000,1.000000000,0.000000000,0.000000000,0.229486753,0.000000000,0.000000000,306.000,0.000,0.000
1786746642923,XAUT_USDT,demo,0,stale_binance,0,0.000000000,1.000000000,0.000000000,0.000000000,0.229486753,0.000000000,0.000000000,416.000,110.000,110.000
1786746643047,XAUT_USDT,demo,0,stale_binance,0,0.000000000,1.000000000,0.000000000,0.000000000,0.229486753,0.000000000,0.000000000,540.000,59.000,59.000
1786746643192,XAUT_USDT,demo,0,stale_binance,0,0.000000000,1.000000000,0.000000000,0.000000000,0.229486753,0.000000000,0.000000000,685.000,119.000,119.000
1786746643307,XAUT_USDT,demo,0,stale_binance,0,0.000000000,1.000000000,0.000000000,0.000000000,0.229486753,0.000000000,0.000000000,800.000,234.000,234.000
1786746643439,XAUT_USDT,demo,0,stale_binance,0,0.000000000,1.000000000,0.000000000,0.000000000,0.229486753,0.000000000,0.000000000,932.000,109.000,109.000
1786746643572,XAUT_USDT,demo,0,microspread_below_threshold,0,0.000000000,1.000000000,0.218010039,0.218010039,0.229486753,0.000000000,0.000000000,65.000,64.000,64.000
1786746643676,XAUT_USDT,demo,0,microspread_below_threshold,0,0.000000000,1.000000000,0.218010039,0.218010039,0.229486753,0.000000000,0.000000000,169.000,1.000,1.000
1786746643812,XAUT_USDT,demo,0,stale_binance,0,0.000000000,1.000000000,0.000000000,0.000000000,0.229486753,0.000000000,0.000000000,305.000,54.000,54.000
1786746643936,XAUT_USDT,demo,0,stale_binance,0,0.000000000,1.000000000,0.000000000,0.000000000,0.229486753,0.000000000,0.000000000,429.000,0.000,0.000
1786746644055,XAUT_USDT,demo,0,stale_binance,0,0.000000000,1.000000000,0.000000000,0.000000000,0.229486753,0.000000000,0.000000000,548.000,119.000,119.000
1786746644180,XAUT_USDT,demo,0,stale_binance,0,0.000000000,1.000000000,0.000000000,0.000000000,0.229486753,0.000000000,0.000000000,673.000,51.000,51.000
1786746644339,XAUT_USDT,demo,0,stale_binance,0,0.000000000,1.000000000,0.000000000,0.000000000,0.229486753,0.000000000,0.000000000,832.000,62.000,62.000
1786746644450,XAUT_USDT,demo,0,stale_binance,0,0.000000000,1.000000000,0.000000000,0.000000000,0.229486753,0.000000000,0.000000000,943.000,1.000,1.000
1786746644589,XAUT_USDT,demo,0,microspread_below_threshold,0,0.000000000,1.000000000,0.218010039,0.218010039,0.229486753,0.000000000,0.000000000,84.000,56.000,56.000
1786746644715,XAUT_USDT,demo,0,microspread_below_threshold,0,0.000000000,1.000000000,0.218010039,0.218010039,0.229486753,0.000000000,0.000000000,210.000,182.000,182.000
1786746644847,XAUT_USDT,demo,0,stale_binance,0,0.000000000,1.000000000,0.000000000,0.000000000,0.229486753,0.000000000,0.000000000,342.000,55.000,55.000
1786746644962,XAUT_USDT,demo,0,stale_binance,0,0.000000000,1.000000000,0.000000000,0.000000000,0.229486753,0.000000000,0.000000000,457.000,170.000,170.000
1786746645112,XAUT_USDT,demo,0,stale_binance,0,0.000000000,1.000000000,0.000000000,0.000000000,0.229486753,0.000000000,0.000000000,607.000,54.000,54.000
1786746645229,XAUT_USDT,demo,0,stale_binance,0,0.000000000,1.000000000,0.000000000,0.000000000,0.229486753,0.000000000,0.000000000,724.000,171.000,171.000
1786746645349,XAUT_USDT,demo,0,microspread_below_threshold,0,0.000000000,1.000000000,0.218010039,0.218010039,0.229486753,0.000000000,0.000000000,53.000,291.000,291.000
1786746645481,XAUT_USDT,demo,0,microspread_below_threshold,0,0.000000000,1.000000000,0.218010039,0.218010039,0.229486753,0.000000000,0.000000000,185.000,0.000,0.000
1786746645621,XAUT_USDT,demo,0,stale_binance,0,0.000000000,1.000000000,0.000000000,0.000000000,0.229486753,0.000000000,0.000000000,325.000,54.000,54.000
1786746645734,XAUT_USDT,demo,0,stale_binance,0,0.000000000,1.000000000,0.000000000,0.000000000,0.229486753,0.000000000,0.000000000,438.000,167.000,167.000
1786746645878,XAUT_USDT,demo,0,stale_binance,0,0.000000000,1.000000000,0.000000000,0.000000000,0.229486753,0.000000000,0.000000000,582.000,51.000,51.000
1786746645988,XAUT_USDT,demo,0,stale_binance,0,0.000000000,1.000000000,0.000000000,0.000000000,0.229486753,0.000000000,0.000000000,692.000,60.000,60.000
1786746646133,XAUT_USDT,demo,0,stale_binance,0,0.000000000,1.000000000,0.000000000,0.000000000,0.229486753,0.000000000,0.000000000,837.000,53.000,53.000
1786746646285,XAUT_USDT,demo,0,stale_binance,0,0.000000000,1.000000000,0.000000000,0.000000000,0.229486753,0.000000000,0.000000000,989.000,120.000,120.000
1786746646424,XAUT_USDT,demo,0,microspread_below_threshold,0,0.000000000,1.000000000,0.218010039,0.218010039,0.229486753,0.000000000,0.000000000,52.000,259.000,259.000
1786746646569,XAUT_USDT,demo,0,microspread_below_threshold,0,0.000000000,1.000000000,0.218010039,0.218010039,0.229486753,0.000000000,0.000000000,63.000,63.000,63.000
1786746646705,XAUT_USDT,demo,0,microspread_below_threshold,0,0.000000000,1.000000000,0.218010039,0.218010039,0.229486753,0.000000000,0.000000000,199.000,112.000,112.000
1786746646826,XAUT_USDT,demo,0,stale_binance,0,0.000000000,1.000000000,0.000000000,0.000000000,0.229486753,0.000000000,0.000000000,320.000,233.000,233.000
1786746646935,XAUT_USDT,demo,0,stale_binance,0,0.000000000,1.000000000,0.000000000,0.000000000,0.229486753,0.000000000,0.000000000,429.000,0.000,0.000
1786746647078,XAUT_USDT,demo,0,stale_binance,0,0.000000000,1.000000000,0.000000000,0.000000000,0.229486753,0.000000000,0.000000000,572.000,56.000,56.000
1786746647223,XAUT_USDT,demo,0,stale_binance,0,0.000000000,1.000000000,0.000000000,0.000000000,0.229486753,0.000000000,0.000000000,717.000,110.000,110.000
1786746647329,XAUT_USDT,demo,0,stale_binance,0,0.000000000,1.000000000,0.000000000,0.000000000,0.229486753,0.000000000,0.000000000,823.000,216.000,216.000
1786746647478,XAUT_USDT,demo,0,stale_binance,0,0.000000000,1.000000000,0.000000000,0.000000000,0.229486753,0.000000000,0.000000000,972.000,115.000,115.000
1786746648208,XAUT_USDT,demo,0,stale_binance,0,0.000000000,1.000000000,0.000000000,0.000000000,0.229486753,0.000000000,0.000000000,677.000,71.000,71.000
1786746648357,XAUT_USDT,demo,0,microspread_below_threshold,0,0.000000000,1.000000000,0.218010039,0.218010039,0.229486753,0.000000000,0.000000000,0.000,50.000,50.000
1786746648484,XAUT_USDT,demo,0,microspread_below_threshold,0,0.000000000,1.000000000,0.218010039,0.218010039,0.229486753,0.000000000,0.000000000,123.000,177.000,177.000
1786746648621,XAUT_USDT,demo,0,microspread_below_threshold,0,0.000000000,1.000000000,0.218010039,0.218010039,0.229486753,0.000000000,0.000000000,116.000,58.000,58.000
1786746648727,XAUT_USDT,demo,0,microspread_below_threshold,0,0.000000000,1.000000000,0.218010039,0.218010039,0.229486753,0.000000000,0.000000000,222.000,164.000,164.000
1786746648827,XAUT_USDT,demo,0,stale_binance,0,0.000000000,1.000000000,0.000000000,0.000000000,0.229486753,0.000000000,0.000000000,322.000,0.000,0.000
1786746648939,XAUT_USDT,demo,0,stale_binance,0,0.000000000,1.000000000,0.000000000,0.000000000,0.229486753,0.000000000,0.000000000,434.000,112.000,112.000
1786746649050,XAUT_USDT,demo,0,stale_binance,0,0.000000000,1.000000000,0.000000000,0.000000000,0.229486753,0.000000000,0.000000000,545.000,54.000,54.000
1786746649190,XAUT_USDT,demo,0,stale_binance,0,0.000000000,1.000000000,0.000000000,0.000000000,0.229486753,0.000000000,0.000000000,685.000,110.000,110.000
1786746649318,XAUT_USDT,demo,0,stale_binance,0,0.000000000,1.000000000,0.000000000,0.000000000,0.229486753,0.000000000,0.000000000,813.000,238.000,238.000
1786746649473,XAUT_USDT,demo,0,microspread_below_threshold,0,0.000000000,1.000000000,0.218010039,0.218010039,0.229486753,0.000000000,0.000000000,58.000,140.000,140.000
1786746649592,XAUT_USDT,demo,0,microspread_below_threshold,0,0.000000000,1.000000000,0.218010039,0.218010039,0.229486753,0.000000000,0.000000000,86.000,0.000,0.000
1786746649730,XAUT_USDT,demo,0,microspread_below_threshold,0,0.000000000,1.000000000,0.218010039,0.218010039,0.229486753,0.000000000,0.000000000,224.000,52.000,52.000
1786746649877,XAUT_USDT,demo,0,stale_binance,0,0.000000000,1.000000000,0.000000000,0.000000000,0.229486753,0.000000000,0.000000000,371.000,112.000,112.000
1786746649981,XAUT_USDT,demo,0,stale_binance,0,0.000000000,1.000000000,0.000000000,0.000000000,0.229486753,0.000000000,0.000000000,475.000,216.000,216.000
1786746650139,XAUT_USDT,demo,0,stale_binance,0,0.000000000,1.000000000,0.000000000,0.000000000,0.229486753,0.000000000,0.000000000,633.000,117.000,117.000
1786746650254,XAUT_USDT,demo,0,stale_binance,0,0.000000000,1.000000000,0.000000000,0.000000000,0.229486753,0.000000000,0.000000000,748.000,232.000,232.000
1786746650367,XAUT_USDT,demo,0,stale_binance,0,0.000000000,1.000000000,0.000000000,0.000000000,0.229486753,0.000000000,0.000000000,861.000,345.000,345.000
1786746650504,XAUT_USDT,demo,0,microspread_below_threshold,0,0.000000000,1.000000000,0.218010039,0.218010039,0.229486753,0.000000000,0.000000000,108.000,51.000,51.000
1786746650654,XAUT_USDT,demo,0,microspread_below_threshold,0,0.000000000,1.000000000,0.218010039,0.218010039,0.229486753,0.000000000,0.000000000,145.000,115.000,115.000
1786746650771,XAUT_USDT,demo,0,microspread_below_threshold,0,0.000000000,1.000000000,0.218010039,0.218010039,0.229486753,0.000000000,0.000000000,262.000,232.000,232.000
1786746650885,XAUT_USDT,demo,0,stale_binance,0,0.000000000,1.000000000,0.000000000,0.000000000,0.229486753,0.000000000,0.000000000,376.000,59.000,59.000
1786746651022,XAUT_USDT,demo,0,stale_binance,0,0.000000000,1.000000000,0.000000000,0.000000000,0.229486753,0.000000000,0.000000000,513.000,52.000,52.000
1786746651162,XAUT_USDT,demo,0,stale_binance,0,0.000000000,1.000000000,0.000000000,0.000000000,0.229486753,0.000000000,0.000000000,653.000,105.000,105.000
1786746651286,XAUT_USDT,demo,0,stale_binance,0,0.000000000,1.000000000,0.000000000,0.000000000,0.229486753,0.000000000,0.000000000,777.000,60.000,60.000
1786746651397,XAUT_USDT,demo,0,stale_binance,0,0.000000000,1.000000000,0.000000000,0.000000000,0.229486753,0.000000000,0.000000000,888.000,0.000,0.000
1786746651506,XAUT_USDT,demo,0,microspread_below_threshold,0,0.000000000,1.000000000,0.218010039,0.218010039,0.229486753,0.000000000,0.000000000,0.000,24.000,24.000
1786746651635,XAUT_USDT,demo,0,microspread_below_threshold,0,0.000000000,1.000000000,0.218010039,0.218010039,0.229486753,0.000000000,0.000000000,96.000,66.000,66.000
1786746651741,XAUT_USDT,demo,0,microspread_below_threshold,0,0.000000000,1.000000000,0.218010039,0.218010039,0.229486753,0.000000000,0.000000000,202.000,172.000,172.000
1786746651880,XAUT_USDT,demo,0,stale_binance,0,0.000000000,1.000000000,0.000000000,0.000000000,0.229486753,0.000000000,0.000000000,341.000,52.000,52.000
1786746652018,XAUT_USDT,demo,0,microspread_below_threshold,0,0.000000000,1.000000000,0.218010039,0.218010039,0.229486753,0.000000000,0.000000000,0.000,103.000,103.000
1786746652137,XAUT_USDT,demo,0,microspread_below_threshold,0,0.000000000,1.000000000,0.218010039,0.218010039,0.229486753,0.000000000,0.000000000,89.000,52.000,52.000
1786746652280,XAUT_USDT,demo,0,microspread_below_threshold,0,0.000000000,1.000000000,0.218010039,0.218010039,0.229486753,0.000000000,0.000000000,232.000,108.000,108.000
1786746652392,XAUT_USDT,demo,0,stale_binance,0,0.000000000,1.000000000,0.000000000,0.000000000,0.229486753,0.000000000,0.000000000,344.000,220.000,220.000
1786746652503,XAUT_USDT,demo,0,microspread_below_threshold,0,0.000000000,1.000000000,0.218010039,0.218010039,0.229486753,0.000000000,0.000000000,0.000,76.000,76.000
1786746652646,XAUT_USDT,demo,0,microspread_below_threshold,0,0.000000000,1.000000000,0.218010039,0.218010039,0.229486753,0.000000000,0.000000000,0.000,45.000,45.000
1786746652803,XAUT_USDT,demo,0,microspread_below_threshold,0,0.000000000,1.000000000,0.218010039,0.218010039,0.229486753,0.000000000,0.000000000,157.000,117.000,117.000
1786746652914,XAUT_USDT,demo,0,microspread_below_threshold,0,0.000000000,1.000000000,0.218010039,0.218010039,0.229486753,0.000000000,0.000000000,268.000,55.000,55.000
1786746653033,XAUT_USDT,demo,0,stale_binance,0,0.000000000,1.000000000,0.000000000,0.000000000,0.229486753,0.000000000,0.000000000,387.000,0.000,0.000
1786746653152,XAUT_USDT,demo,0,microspread_below_threshold,0,0.000000000,1.000000000,0.218010039,0.218010039,0.229486753,0.000000000,0.000000000,0.000,33.000,33.000
1786746653850,XAUT_USDT,demo,0,microspread_below_threshold,0,0.000000000,1.000000000,0.218010039,0.218010039,0.229486753,0.000000000,0.000000000,34.000,46.000,46.000
1786746653972,XAUT_USDT,demo,0,microspread_below_threshold,0,0.000000000,1.000000000,0.218010039,0.218010039,0.229486753,0.000000000,0.000000000,156.000,168.000,168.000
1786746654117,XAUT_USDT,demo,0,stale_binance,0,0.000000000,1.000000000,0.000000000,0.000000000,0.229486753,0.000000000,0.000000000,301.000,55.000,55.000
1786746654233,XAUT_USDT,demo,0,stale_binance,0,0.000000000,1.000000000,0.000000000,0.000000000,0.229486753,0.000000000,0.000000000,417.000,171.000,171.000
1786746654369,XAUT_USDT,demo,0,stale_binance,0,0.000000000,1.000000000,0.000000000,0.000000000,0.229486753,0.000000000,0.000000000,553.000,51.000,51.000
1786746654518,XAUT_USDT,demo,0,stale_binance,0,0.000000000,1.000000000,0.000000000,0.000000000,0.229486753,0.000000000,0.000000000,702.000,113.000,113.000
1786746654629,XAUT_USDT,demo,0,stale_binance,0,0.000000000,1.000000000,0.000000000,0.000000000,0.229486753,0.000000000,0.000000000,813.000,55.000,55.000
1786746654769,XAUT_USDT,demo,0,stale_binance,0,0.000000000,1.000000000,0.000000000,0.000000000,0.229486753,0.000000000,0.000000000,953.000,109.000,109.000
1786746654884,XAUT_USDT,demo,0,stale_binance,0,0.000000000,1.000000000,0.000000000,0.000000000,0.229486753,0.000000000,0.000000000,1068.000,52.000,52.000
1786746655005,XAUT_USDT,demo,0,stale_binance,0,0.000000000,1.000000000,0.000000000,0.000000000,0.229486753,0.000000000,0.000000000,1189.000,0.000,0.000
1786746655119,XAUT_USDT,demo,0,stale_binance,0,0.000000000,1.000000000,0.000000000,0.000000000,0.229486753,0.000000000,0.000000000,1303.000,114.000,114.000
1786746655234,XAUT_USDT,demo,0,stale_binance,0,0.000000000,1.000000000,0.000000000,0.000000000,0.229486753,0.000000000,0.000000000,1418.000,56.000,56.000
1786746655354,XAUT_USDT,demo,0,stale_binance,0,0.000000000,1.000000000,0.000000000,0.000000000,0.229486753,0.000000000,0.000000000,1538.000,176.000,176.000
1786746655484,XAUT_USDT,demo,0,stale_binance,0,0.000000000,1.000000000,0.000000000,0.000000000,0.229486753,0.000000000,0.000000000,1668.000,55.000,55.000
1786746655606,XAUT_USDT,demo,0,stale_binance,0,0.000000000,1.000000000,0.000000000,0.000000000,0.229486753,0.000000000,0.000000000,1790.000,0.000,0.000
1786746655743,XAUT_USDT,demo,0,stale_binance,0,0.000000000,1.000000000,0.000000000,0.000000000,0.229486753,0.000000000,0.000000000,1927.000,54.000,54.000
1786746655862,XAUT_USDT,demo,0,stale_binance,0,0.000000000,1.000000000,0.000000000,0.000000000,0.229486753,0.000000000,0.000000000,2046.000,1.000,1.000
1786746656001,XAUT_USDT,demo,0,stale_binance,0,0.000000000,1.000000000,0.000000000,0.000000000,0.229486753,0.000000000,0.000000000,2185.000,53.000,53.000
1786746656128,XAUT_USDT,demo,0,stale_binance,0,0.000000000,1.000000000,0.000000000,0.000000000,0.229486753,0.000000000,0.000000000,2312.000,1.000,1.000
1786746656242,XAUT_USDT,demo,0,stale_binance,0,0.000000000,1.000000000,0.000000000,0.000000000,0.229486753,0.000000000,0.000000000,2426.000,115.000,115.000
1786746656350,XAUT_USDT,demo,0,microspread_below_threshold,0,0.000000000,1.000000000,0.218010039,0.218010039,0.229486753,0.000000000,0.000000000,72.000,54.000,54.000
1786746656467,XAUT_USDT,demo,0,microspread_below_threshold,0,0.000000000,1.000000000,0.218010039,0.218010039,0.229486753,0.000000000,0.000000000,189.000,171.000,171.000
1786746656618,XAUT_USDT,demo,0,microspread_below_threshold,0,0.000000000,1.000000000,0.218010039,0.218010039,0.229486753,0.000000000,0.000000000,90.000,61.000,61.000
1786746656730,XAUT_USDT,demo,0,microspread_below_threshold,0,0.000000000,1.000000000,0.218010039,0.218010039,0.229486753,0.000000000,0.000000000,202.000,0.000,0.000
1786746656872,XAUT_USDT,demo,0,stale_binance,0,0.000000000,1.000000000,0.000000000,0.000000000,0.229486753,0.000000000,0.000000000,344.000,55.000,55.000
1786746656991,XAUT_USDT,demo,0,stale_binance,0,0.000000000,1.000000000,0.000000000,0.000000000,0.229486753,0.000000000,0.000000000,463.000,174.000,174.000
1786746657129,XAUT_USDT,demo,0,stale_binance,0,0.000000000,1.000000000,0.000000000,0.000000000,0.229486753,0.000000000,0.000000000,601.000,53.000,53.000
1786746657242,XAUT_USDT,demo,0,stale_binance,0,0.000000000,1.000000000,0.000000000,0.000000000,0.229486753,0.000000000,0.000000000,714.000,166.000,166.000
1786746657354,XAUT_USDT,demo,0,stale_binance,0,0.000000000,1.000000000,0.000000000,0.000000000,0.229486753,0.000000000,0.000000000,826.000,278.000,278.000
1786746657475,XAUT_USDT,demo,0,stale_binance,0,0.000000000,1.000000000,0.000000000,0.000000000,0.229486753,0.000000000,0.000000000,947.000,399.000,399.000
1786746657591,XAUT_USDT,demo,0,stale_binance,0,0.000000000,1.000000000,0.000000000,0.000000000,0.229486753,0.000000000,0.000000000,1063.000,0.000,0.000
1786746657700,XAUT_USDT,demo,0,stale_binance,0,0.000000000,1.000000000,0.000000000,0.000000000,0.229486753,0.000000000,0.000000000,1172.000,109.000,109.000
1786746657815,XAUT_USDT,demo,0,stale_binance,0,0.000000000,1.000000000,0.000000000,0.000000000,0.229486753,0.000000000,0.000000000,1287.000,224.000,224.000
1786746657936,XAUT_USDT,demo,0,stale_binance,0,0.000000000,1.000000000,0.000000000,0.000000000,0.229486753,0.000000000,0.000000000,1408.000,0.000,0.000
1786746658049,XAUT_USDT,demo,0,stale_binance,0,0.000000000,1.000000000,0.000000000,0.000000000,0.229486753,0.000000000,0.000000000,1521.000,113.000,113.000
1786746658163,XAUT_USDT,demo,0,stale_binance,0,0.000000000,1.000000000,0.000000000,0.000000000,0.229486753,0.000000000,0.000000000,1635.000,58.000,58.000
1786746658279,XAUT_USDT,demo,0,stale_binance,0,0.000000000,1.000000000,0.000000000,0.000000000,0.229486753,0.000000000,0.000000000,1751.000,0.000,0.000
1786746658391,XAUT_USDT,demo,0,stale_binance,0,0.000000000,1.000000000,0.000000000,0.000000000,0.229486753,0.000000000,0.000000000,1863.000,112.000,112.000
1786746658506,XAUT_USDT,demo,0,microspread_below_threshold,0,0.000000000,1.000000000,0.218010039,0.218010039,0.229486753,0.000000000,0.000000000,0.000,55.000,55.000
1786746658623,XAUT_USDT,demo,0,microspread_below_threshold,0,0.000000000,1.000000000,0.218010039,0.218010039,0.229486753,0.000000000,0.000000000,96.000,0.000,0.000
1786746658770,XAUT_USDT,demo,0,microspread_below_threshold,0,0.000000000,1.000000000,0.218010039,0.218010039,0.229486753,0.000000000,0.000000000,243.000,60.000,60.000
1786746659866,XAUT_USDT,demo,0,stale_binance,0,0.000000000,1.000000000,0.000000000,0.000000000,0.229486753,0.000000000,0.000000000,340.000,40.000,40.000
1786746659982,XAUT_USDT,demo,0,stale_binance,0,0.000000000,1.000000000,0.000000000,0.000000000,0.229486753,0.000000000,0.000000000,456.000,55.000,55.000
1786746660084,XAUT_USDT,demo,0,stale_binance,0,0.000000000,1.000000000,0.000000000,0.000000000,0.229486753,0.000000000,0.000000000,558.000,0.000,0.000
1786746660198,XAUT_USDT,demo,0,stale_binance,0,0.000000000,1.000000000,0.000000000,0.000000000,0.229486753,0.000000000,0.000000000,672.000,114.000,114.000
1786746660320,XAUT_USDT,demo,0,microspread_below_threshold,0,0.000000000,1.000000000,0.218010039,0.218010039,0.229486753,0.000000000,0.000000000,51.000,63.000,63.000
1786746660432,XAUT_USDT,demo,0,microspread_below_threshold,0,0.000000000,1.000000000,0.218010039,0.218010039,0.229486753,0.000000000,0.000000000,65.000,175.000,175.000
1786746660566,XAUT_USDT,demo,0,microspread_below_threshold,0,0.000000000,1.000000000,0.218010039,0.218010039,0.229486753,0.000000000,0.000000000,199.000,53.000,53.000
1786746660672,XAUT_USDT,demo,0,stale_binance,0,0.000000000,1.000000000,0.000000000,0.000000000,0.229486753,0.000000000,0.000000000,305.000,159.000,159.000
1786746660835,XAUT_USDT,demo,0,microspread_below_threshold,0,0.000000000,1.000000000,0.218010039,0.218010039,0.229486753,0.000000000,0.000000000,148.000,64.000,64.000
1786746660947,XAUT_USDT,demo,0,microspread_below_threshold,0,0.000000000,1.000000000,0.218010039,0.218010039,0.229486753,0.000000000,0.000000000,60.000,1.000,1.000
1786746661086,XAUT_USDT,demo,0,microspread_below_threshold,0,0.000000000,1.000000000,0.218010039,0.218010039,0.229486753,0.000000000,0.000000000,199.000,53.000,53.000
1786746661201,XAUT_USDT,demo,0,stale_binance,0,0.000000000,1.000000000,0.000000000,0.000000000,0.229486753,0.000000000,0.000000000,314.000,168.000,168.000
1786746661326,XAUT_USDT,demo,0,stale_binance,0,0.000000000,1.000000000,0.000000000,0.000000000,0.229486753,0.000000000,0.000000000,439.000,121.000,121.000
1786746661436,XAUT_USDT,demo,0,stale_binance,0,0.000000000,1.000000000,0.000000000,0.000000000,0.229486753,0.000000000,0.000000000,549.000,231.000,231.000
1786746661597,XAUT_USDT,demo,0,microspread_below_threshold,0,0.000000000,1.000000000,0.218010039,0.218010039,0.229486753,0.000000000,0.000000000,123.000,135.000,135.000
1786746661699,XAUT_USDT,demo,0,microspread_below_threshold,0,0.000000000,1.000000000,0.218010039,0.218010039,0.229486753,0.000000000,0.000000000,225.000,57.000,57.000
1786746661838,XAUT_USDT,demo,0,stale_binance,0,0.000000000,1.000000000,0.000000000,0.000000000,0.229486753,0.000000000,0.000000000,364.000,112.000,112.000
1786746661952,XAUT_USDT,demo,0,stale_binance,0,0.000000000,1.000000000,0.000000000,0.000000000,0.229486753,0.000000000,0.000000000,478.000,226.000,226.000
1786746662066,XAUT_USDT,demo,0,stale_binance,0,0.000000000,1.000000000,0.000000000,0.000000000,0.229486753,0.000000000,0.000000000,592.000,340.000,340.000
1786746662182,XAUT_USDT,demo,0,stale_binance,0,0.000000000,1.000000000,0.000000000,0.000000000,0.229486753,0.000000000,0.000000000,708.000,456.000,456.000
1786746662300,XAUT_USDT,demo,0,stale_binance,0,0.000000000,1.000000000,0.000000000,0.000000000,0.229486753,0.000000000,0.000000000,826.000,574.000,574.000
1786746662408,XAUT_USDT,demo,0,microspread_below_threshold,0,0.000000000,1.000000000,0.218010039,0.218010039,0.229486753,0.000000000,0.000000000,0.000,682.000,682.000
1786746662565,XAUT_USDT,demo,0,microspread_below_threshold,0,0.000000000,1.000000000,0.218010039,0.218010039,0.229486753,0.000000000,0.000000000,59.000,839.000,839.000
1786746662683,XAUT_USDT,demo,0,microspread_below_threshold,0,0.000000000,1.000000000,0.218010039,0.218010039,0.229486753,0.000000000,0.000000000,177.000,957.000,957.000
1786746662793,XAUT_USDT,demo,0,microspread_below_threshold,0,0.000000000,1.000000000,0.218010039,0.218010039,0.229486753,0.000000000,0.000000000,287.000,1067.000,1067.000
1786746662902,XAUT_USDT,demo,0,stale_binance,0,0.000000000,1.000000000,0.000000000,0.000000000,0.229486753,0.000000000,0.000000000,396.000,1176.000,1176.000
1786746663015,XAUT_USDT,demo,0,stale_binance,0,0.000000000,1.000000000,0.000000000,0.000000000,0.229486753,0.000000000,0.000000000,509.000,1289.000,1289.000
1786746663165,XAUT_USDT,demo,0,microspread_below_threshold,0,0.000000000,1.000000000,0.218010039,0.218010039,0.229486753,0.000000000,0.000000000,58.000,1439.000,1439.000
1786746663277,XAUT_USDT,demo,0,microspread_below_threshold,0,0.000000000,1.000000000,0.218010039,0.218010039,0.229486753,0.000000000,0.000000000,28.000,0.000,0.000
1786746663382,XAUT_USDT,demo,0,microspread_below_threshold,0,0.000000000,1.000000000,0.218010039,0.218010039,0.229486753,0.000000000,0.000000000,133.000,105.000,105.000
1786746663509,XAUT_USDT,demo,0,microspread_below_threshold,0,0.000000000,1.000000000,0.218010039,0.218010039,0.229486753,0.000000000,0.000000000,0.000,49.000,49.000
1786746663625,XAUT_USDT,demo,0,microspread_below_threshold,0,0.000000000,1.000000000,0.218010039,0.218010039,0.229486753,0.000000000,0.000000000,116.000,0.000,0.000
1786746663744,XAUT_USDT,demo,0,microspread_below_threshold,0,0.000000000,1.000000000,0.218010039,0.218010039,0.229486753,0.000000000,0.000000000,235.000,119.000,119.000
1786746663852,XAUT_USDT,demo,0,stale_binance,0,0.000000000,1.000000000,0.000000000,0.000000000,0.229486753,0.000000000,0.000000000,343.000,54.000,54.000
1786746663974,XAUT_USDT,demo,0,stale_binance,0,0.000000000,1.000000000,0.000000000,0.000000000,0.229486753,0.000000000,0.000000000,465.000,0.000,0.000
1786746664114,XAUT_USDT,demo,0,stale_binance,0,0.000000000,1.000000000,0.000000000,0.000000000,0.229486753,0.000000000,0.000000000,605.000,57.000,57.000
1786746664223,XAUT_USDT,demo,0,stale_binance,0,0.000000000,1.000000000,0.000000000,0.000000000,0.229486753,0.000000000,0.000000000,714.000,166.000,166.000
1786746664366,XAUT_USDT,demo,0,stale_binance,0,0.000000000,1.000000000,0.000000000,0.000000000,0.229486753,0.000000000,0.000000000,857.000,50.000,50.000
1786746664487,XAUT_USDT,demo,0,stale_binance,0,0.000000000,1.000000000,0.000000000,0.000000000,0.229486753,0.000000000,0.000000000,978.000,0.000,0.000
1786746664635,XAUT_USDT,demo,0,microspread_below_threshold,0,0.000000000,1.000000000,0.218010039,0.218010039,0.229486753,0.000000000,0.000000000,102.000,61.000,61.000
1786746664747,XAUT_USDT,demo,0,microspread_below_threshold,0,0.000000000,1.000000000,0.218010039,0.218010039,0.229486753,0.000000000,0.000000000,214.000,0.000,0.000
1786746665579,XAUT_USDT,demo,0,microspread_below_threshold,0,0.000000000,1.000000000,0.218010039,0.218010039,0.229486753,0.000000000,0.000000000,116.000,399.000,399.000
1786746665686,XAUT_USDT,demo,0,microspread_below_threshold,0,0.000000000,1.000000000,0.218010039,0.218010039,0.229486753,0.000000000,0.000000000,223.000,506.000,506.000
1786746665797,XAUT_USDT,demo,0,stale_binance,0,0.000000000,1.000000000,0.000000000,0.000000000,0.229486753,0.000000000,0.000000000,334.000,617.000,617.000
1786746665914,XAUT_USDT,demo,0,stale_binance,0,0.000000000,1.000000000,0.000000000,0.000000000,0.229486753,0.000000000,0.000000000,451.000,62.000,62.000
1786746666029,XAUT_USDT,demo,0,stale_binance,0,0.000000000,1.000000000,0.000000000,0.000000000,0.229486753,0.000000000,0.000000000,566.000,177.000,177.000
1786746666138,XAUT_USDT,demo,0,stale_binance,0,0.000000000,1.000000000,0.000000000,0.000000000,0.229486753,0.000000000,0.000000000,675.000,286.000,286.000
1786746666272,XAUT_USDT,demo,0,microspread_below_threshold,0,0.000000000,1.000000000,0.218010039,0.218010039,0.229486753,0.000000000,0.000000000,51.000,420.000,420.000
1786746666397,XAUT_USDT,demo,0,microspread_below_threshold,0,0.000000000,1.000000000,0.218010039,0.218010039,0.229486753,0.000000000,0.000000000,176.000,545.000,545.000
1786746666505,XAUT_USDT,demo,0,microspread_below_threshold,0,0.000000000,1.000000000,0.218010039,0.218010039,0.229486753,0.000000000,0.000000000,0.000,653.000,653.000
1786746666613,XAUT_USDT,demo,0,microspread_below_threshold,0,0.000000000,1.000000000,0.218010039,0.218010039,0.229486753,0.000000000,0.000000000,108.000,761.000,761.000
1786746666718,XAUT_USDT,demo,0,microspread_below_threshold,0,0.000000000,1.000000000,0.218010039,0.218010039,0.229486753,0.000000000,0.000000000,213.000,866.000,866.000
1786746666841,XAUT_USDT,demo,0,stale_binance,0,0.000000000,1.000000000,0.000000000,0.000000000,0.229486753,0.000000000,0.000000000,336.000,989.000,989.000
1786746666967,XAUT_USDT,demo,0,stale_binance,0,0.000000000,1.000000000,0.000000000,0.000000000,0.229486753,0.000000000,0.000000000,462.000,1115.000,1115.000
1786746667094,XAUT_USDT,demo,0,stale_binance,0,0.000000000,1.000000000,0.000000000,0.000000000,0.229486753,0.000000000,0.000000000,589.000,1242.000,1242.000
1786746667211,XAUT_USDT,demo,0,stale_binance,0,0.000000000,1.000000000,0.000000000,0.000000000,0.229486753,0.000000000,0.000000000,706.000,1359.000,1359.000
1786746667321,XAUT_USDT,demo,0,stale_binance,0,0.000000000,1.000000000,0.000000000,0.000000000,0.229486753,0.000000000,0.000000000,816.000,1469.000,1469.000
1786746667436,XAUT_USDT,demo,0,stale_binance,0,0.000000000,1.000000000,0.000000000,0.000000000,0.229486753,0.000000000,0.000000000,931.000,1584.000,1584.000
1786746667587,XAUT_USDT,demo,0,microspread_below_threshold,0,0.000000000,1.000000000,0.218010039,0.218010039,0.229486753,0.000000000,0.000000000,53.000,1735.000,1735.000
1786746667699,XAUT_USDT,demo,0,microspread_below_threshold,0,0.000000000,1.000000000,0.218010039,0.218010039,0.229486753,0.000000000,0.000000000,165.000,1847.000,1847.000
1786746667818,XAUT_USDT,demo,0,microspread_below_threshold,0,0.000000000,1.000000000,0.218010039,0.218010039,0.229486753,0.000000000,0.000000000,284.000,1966.000,1966.000
1786746669937,XAUT_USDT,demo,0,microspread_below_threshold,0,0.000000000,1.000000000,0.218010039,0.218010039,0.229486753,0.000000000,0.000000000,8.000,0.000,0.000
1786746670066,XAUT_USDT,demo,0,microspread_below_threshold,0,0.000000000,1.000000000,0.218010039,0.218010039,0.229486753,0.000000000,0.000000000,107.000,129.000,129.000
1786746670181,XAUT_USDT,demo,0,microspread_below_threshold,0,0.000000000,1.000000000,0.218010039,0.218010039,0.229486753,0.000000000,0.000000000,54.000,65.000,65.000
1786746670331,XAUT_USDT,demo,0,microspread_below_threshold,0,0.000000000,1.000000000,0.218010039,0.218010039,0.229486753,0.000000000,0.000000000,204.000,125.000,125.000
1786746670468,XAUT_USDT,demo,0,stale_binance,0,0.000000000,1.000000000,0.000000000,0.000000000,0.229486753,0.000000000,0.000000000,341.000,1.000,1.000
1786746671204,XAUT_USDT,demo,0,stale_binance,0,0.000000000,1.000000000,0.000000000,0.000000000,0.229486753,0.000000000,0.000000000,309.000,34.000,34.000
1786746671312,XAUT_USDT,demo,0,microspread_below_threshold,0,0.000000000,1.000000000,0.218010039,0.218010039,0.229486753,0.000000000,0.000000000,65.000,63.000,63.000
1786746671423,XAUT_USDT,demo,0,microspread_below_threshold,0,0.000000000,1.000000000,0.218010039,0.218010039,0.229486753,0.000000000,0.000000000,176.000,1.000,1.000
1786746671563,XAUT_USDT,demo,0,microspread_below_threshold,0,0.000000000,1.000000000,0.218010039,0.218010039,0.229486753,0.000000000,0.000000000,57.000,58.000,58.000
1786746671680,XAUT_USDT,demo,0,microspread_below_threshold,0,0.000000000,1.000000000,0.218010039,0.218010039,0.229486753,0.000000000,0.000000000,174.000,175.000,175.000
1786746671824,XAUT_USDT,demo,0,microspread_below_threshold,0,0.000000000,1.000000000,0.218010039,0.218010039,0.229486753,0.000000000,0.000000000,86.000,60.000,60.000
1786746671938,XAUT_USDT,demo,0,microspread_below_threshold,0,0.000000000,1.000000000,0.218010039,0.218010039,0.229486753,0.000000000,0.000000000,200.000,0.000,0.000
1786746672080,XAUT_USDT,demo,0,stale_binance,0,0.000000000,1.000000000,0.000000000,0.000000000,0.229486753,0.000000000,0.000000000,342.000,57.000,57.000
1786746672196,XAUT_USDT,demo,0,stale_binance,0,0.000000000,1.000000000,0.000000000,0.000000000,0.229486753,0.000000000,0.000000000,458.000,173.000,173.000
1786746672343,XAUT_USDT,demo,0,stale_binance,0,0.000000000,1.000000000,0.000000000,0.000000000,0.229486753,0.000000000,0.000000000,605.000,63.000,63.000
1786746672450,XAUT_USDT,demo,0,stale_binance,0,0.000000000,1.000000000,0.000000000,0.000000000,0.229486753,0.000000000,0.000000000,712.000,1.000,1.000
1786746672587,XAUT_USDT,demo,0,microspread_below_threshold,0,0.000000000,1.000000000,0.218010039,0.218010039,0.229486753,0.000000000,0.000000000,79.000,53.000,53.000
1786746672693,XAUT_USDT,demo,0,microspread_below_threshold,0,0.000000000,1.000000000,0.218010039,0.218010039,0.229486753,0.000000000,0.000000000,50.000,73.000,73.000
1786746672793,XAUT_USDT,demo,0,microspread_below_threshold,0,0.000000000,1.000000000,0.218010039,0.218010039,0.229486753,0.000000000,0.000000000,55.000,86.000,86.000
1786746672931,XAUT_USDT,demo,0,microspread_below_threshold,0,0.000000000,1.000000000,0.218010039,0.218010039,0.229486753,0.000000000,0.000000000,193.000,55.000,55.000
1786746673051,XAUT_USDT,demo,0,microspread_below_threshold,0,0.000000000,1.000000000,0.218010039,0.218010039,0.229486753,0.000000000,0.000000000,26.000,0.000,0.000
1786746673169,XAUT_USDT,demo,0,microspread_below_threshold,0,0.000000000,1.000000000,0.218010039,0.218010039,0.229486753,0.000000000,0.000000000,144.000,118.000,118.000
1786746673310,XAUT_USDT,demo,0,microspread_below_threshold,0,0.000000000,1.000000000,0.218010039,0.218010039,0.229486753,0.000000000,0.000000000,49.000,0.000,0.000
1786746673453,XAUT_USDT,demo,0,microspread_below_threshold,0,0.000000000,1.000000000,0.218010039,0.218010039,0.229486753,0.000000000,0.000000000,192.000,57.000,57.000
1786746673558,XAUT_USDT,demo,0,microspread_below_threshold,0,0.000000000,1.000000000,0.218010039,0.218010039,0.229486753,0.000000000,0.000000000,52.000,162.000,162.000
1786746673713,XAUT_USDT,demo,0,microspread_below_threshold,0,0.000000000,1.000000000,0.218010039,0.218010039,0.229486753,0.000000000,0.000000000,207.000,60.000,60.000
1786746673825,XAUT_USDT,demo,0,stale_binance,0,0.000000000,1.000000000,0.000000000,0.000000000,0.229486753,0.000000000,0.000000000,319.000,0.000,0.000
1786746673977,XAUT_USDT,demo,0,microspread_below_threshold,0,0.000000000,1.000000000,0.218010039,0.218010039,0.229486753,0.000000000,0.000000000,139.000,64.000,64.000
1786746674106,XAUT_USDT,demo,0,microspread_below_threshold,0,0.000000000,1.000000000,0.218010039,0.218010039,0.229486753,0.000000000,0.000000000,268.000,107.000,107.000
1786746674213,XAUT_USDT,demo,0,stale_binance,0,0.000000000,1.000000000,0.000000000,0.000000000,0.229486753,0.000000000,0.000000000,375.000,214.000,214.000
1786746674368,XAUT_USDT,demo,0,stale_binance,0,0.000000000,1.000000000,0.000000000,0.000000000,0.229486753,0.000000000,0.000000000,530.000,111.000,111.000
1786746674472,XAUT_USDT,demo,0,stale_binance,0,0.000000000,1.000000000,0.000000000,0.000000000,0.229486753,0.000000000,0.000000000,634.000,215.000,215.000
1786746674581,XAUT_USDT,demo,0,stale_binance,0,0.000000000,1.000000000,0.000000000,0.000000000,0.229486753,0.000000000,0.000000000,743.000,324.000,324.000
1786746674697,XAUT_USDT,demo,0,stale_binance,0,0.000000000,1.000000000,0.000000000,0.000000000,0.229486753,0.000000000,0.000000000,859.000,440.000,440.000
1786746674813,XAUT_USDT,demo,0,stale_binance,0,0.000000000,1.000000000,0.000000000,0.000000000,0.229486753,0.000000000,0.000000000,975.000,556.000,556.000
1786746674960,XAUT_USDT,demo,0,microspread_below_threshold,0,0.000000000,1.000000000,0.218010039,0.218010039,0.229486753,0.000000000,0.000000000,130.000,703.000,703.000
1786746675077,XAUT_USDT,demo,0,microspread_below_threshold,0,0.000000000,1.000000000,0.218010039,0.218010039,0.229486753,0.000000000,0.000000000,247.000,820.000,820.000
1786746675194,XAUT_USDT,demo,0,stale_binance,0,0.000000000,1.000000000,0.000000000,0.000000000,0.229486753,0.000000000,0.000000000,364.000,937.000,937.000
1786746675312,XAUT_USDT,demo,0,stale_binance,0,0.000000000,1.000000000,0.000000000,0.000000000,0.229486753,0.000000000,0.000000000,482.000,1055.000,1055.000
1786746675422,XAUT_USDT,demo,0,stale_binance,0,0.000000000,1.000000000,0.000000000,0.000000000,0.229486753,0.000000000,0.000000000,592.000,1165.000,1165.000
1786746675530,XAUT_USDT,demo,0,stale_binance,0,0.000000000,1.000000000,0.000000000,0.000000000,0.229486753,0.000000000,0.000000000,700.000,1273.000,1273.000
1786746675645,XAUT_USDT,demo,0,stale_binance,0,0.000000000,1.000000000,0.000000000,0.000000000,0.229486753,0.000000000,0.000000000,815.000,1388.000,1388.000
1786746675789,XAUT_USDT,demo,0,microspread_below_threshold,0,0.000000000,1.000000000,0.218010039,0.218010039,0.229486753,0.000000000,0.000000000,51.000,1532.000,1532.000
1786746675897,XAUT_USDT,demo,0,microspread_below_threshold,0,0.000000000,1.000000000,0.218010039,0.218010039,0.229486753,0.000000000,0.000000000,159.000,1640.000,1640.000
1786746676007,XAUT_USDT,demo,0,microspread_below_threshold,0,0.000000000,1.000000000,0.218010039,0.218010039,0.229486753,0.000000000,0.000000000,269.000,1750.000,1750.000
1786746676112,XAUT_USDT,demo,0,stale_binance,0,0.000000000,1.000000000,0.000000000,0.000000000,0.229486753,0.000000000,0.000000000,374.000,1855.000,1855.000
1786746676910,XAUT_USDT,demo,0,microspread_below_threshold,0,0.000000000,1.000000000,0.218010039,0.218010039,0.229486753,0.000000000,0.000000000,141.000,62.000,62.000
1786746677018,XAUT_USDT,demo,0,microspread_below_threshold,0,0.000000000,1.000000000,0.218010039,0.218010039,0.229486753,0.000000000,0.000000000,1.000,170.000,170.000
1786746677159,XAUT_USDT,demo,0,microspread_below_threshold,0,0.000000000,1.000000000,0.218010039,0.218010039,0.229486753,0.000000000,0.000000000,142.000,55.000,55.000
1786746677259,XAUT_USDT,demo,0,microspread_below_threshold,0,0.000000000,1.000000000,0.218010039,0.218010039,0.229486753,0.000000000,0.000000000,242.000,64.000,64.000
1786746677407,XAUT_USDT,demo,0,stale_binance,0,0.000000000,1.000000000,0.000000000,0.000000000,0.229486753,0.000000000,0.000000000,390.000,0.000,0.000
1786746677518,XAUT_USDT,demo,0,stale_binance,0,0.000000000,1.000000000,0.000000000,0.000000000,0.229486753,0.000000000,0.000000000,501.000,54.000,54.000
1786746677668,XAUT_USDT,demo,0,stale_binance,0,0.000000000,1.000000000,0.000000000,0.000000000,0.229486753,0.000000000,0.000000000,651.000,116.000,116.000
1786746677778,XAUT_USDT,demo,0,stale_binance,0,0.000000000,1.000000000,0.000000000,0.000000000,0.229486753,0.000000000,0.000000000,761.000,56.000,56.000
1786746677895,XAUT_USDT,demo,0,stale_binance,0,0.000000000,1.000000000,0.000000000,0.000000000,0.229486753,0.000000000,0.000000000,878.000,0.000,0.000
1786746678002,XAUT_USDT,demo,0,stale_binance,0,0.000000000,1.000000000,0.000000000,0.000000000,0.229486753,0.000000000,0.000000000,985.000,107.000,107.000
1786746678122,XAUT_USDT,demo,0,stale_binance,0,0.000000000,1.000000000,0.000000000,0.000000000,0.229486753,0.000000000,0.000000000,1105.000,227.000,227.000
1786746678231,XAUT_USDT,demo,0,stale_binance,0,0.000000000,1.000000000,0.000000000,0.000000000,0.229486753,0.000000000,0.000000000,1214.000,336.000,336.000
1786746678377,XAUT_USDT,demo,0,stale_binance,0,0.000000000,1.000000000,0.000000000,0.000000000,0.229486753,0.000000000,0.000000000,1360.000,53.000,53.000
1786746678495,XAUT_USDT,demo,0,stale_binance,0,0.000000000,1.000000000,0.000000000,0.000000000,0.229486753,0.000000000,0.000000000,1478.000,171.000,171.000
1786746678601,XAUT_USDT,demo,0,microspread_below_threshold,0,0.000000000,1.000000000,0.218010039,0.218010039,0.229486753,0.000000000,0.000000000,0.000,277.000,277.000
1786746678713,XAUT_USDT,demo,0,microspread_below_threshold,0,0.000000000,1.000000000,0.218010039,0.218010039,0.229486753,0.000000000,0.000000000,112.000,389.000,389.000
1786746678828,XAUT_USDT,demo,0,microspread_below_threshold,0,0.000000000,1.000000000,0.218010039,0.218010039,0.229486753,0.000000000,0.000000000,227.000,504.000,504.000
1786746678943,XAUT_USDT,demo,0,stale_binance,0,0.000000000,1.000000000,0.000000000,0.000000000,0.229486753,0.000000000,0.000000000,342.000,619.000,619.000
1786746679068,XAUT_USDT,demo,0,stale_binance,0,0.000000000,1.000000000,0.000000000,0.000000000,0.229486753,0.000000000,0.000000000,467.000,744.000,744.000
1786746679177,XAUT_USDT,demo,0,stale_binance,0,0.000000000,1.000000000,0.000000000,0.000000000,0.229486753,0.000000000,0.000000000,576.000,853.000,853.000
1786746679301,XAUT_USDT,demo,0,stale_binance,0,0.000000000,1.000000000,0.000000000,0.000000000,0.229486753,0.000000000,0.000000000,700.000,977.000,977.000
1786746679423,XAUT_USDT,demo,0,stale_binance,0,0.000000000,1.000000000,0.000000000,0.000000000,0.229486753,0.000000000,0.000000000,822.000,1099.000,1099.000
1786746679567,XAUT_USDT,demo,0,microspread_below_threshold,0,0.000000000,1.000000000,0.218010039,0.218010039,0.229486753,0.000000000,0.000000000,59.000,1243.000,1243.000
1786746679693,XAUT_USDT,demo,0,microspread_below_threshold,0,0.000000000,1.000000000,0.218010039,0.218010039,0.229486753,0.000000000,0.000000000,185.000,1369.000,1369.000
1786746679813,XAUT_USDT,demo,0,stale_binance,0,0.000000000,1.000000000,0.000000000,0.000000000,0.229486753,0.000000000,0.000000000,305.000,1489.000,1489.000
1786746679928,XAUT_USDT,demo,0,stale_binance,0,0.000000000,1.000000000,0.000000000,0.000000000,0.229486753,0.000000000,0.000000000,420.000,1604.000,1604.000
1786746680059,XAUT_USDT,demo,0,stale_binance,0,0.000000000,1.000000000,0.000000000,0.000000000,0.229486753,0.000000000,0.000000000,551.000,1735.000,1735.000
1786746680165,XAUT_USDT,demo,0,stale_binance,0,0.000000000,1.000000000,0.000000000,0.000000000,0.229486753,0.000000000,0.000000000,657.000,1841.000,1841.000
1786746680277,XAUT_USDT,demo,0,stale_binance,0,0.000000000,1.000000000,0.000000000,0.000000000,0.229486753,0.000000000,0.000000000,769.000,1953.000,1953.000
1786746683548,XAUT_USDT,demo,0,microspread_below_threshold,0,0.000000000,1.000000000,0.218010039,0.218010039,0.229486753,0.000000000,0.000000000,42.000,0.000,0.000
1786746683664,XAUT_USDT,demo,0,microspread_below_threshold,0,0.000000000,1.000000000,0.218010039,0.218010039,0.229486753,0.000000000,0.000000000,158.000,116.000,116.000
1786746683811,XAUT_USDT,demo,0,microspread_below_threshold,0,0.000000000,1.000000000,0.218010039,0.218010039,0.229486753,0.000000000,0.000000000,64.000,263.000,263.000
1786746683942,XAUT_USDT,demo,0,microspread_below_threshold,0,0.000000000,1.000000000,0.218010039,0.218010039,0.229486753,0.000000000,0.000000000,195.000,128.000,128.000
1786746684069,XAUT_USDT,demo,0,stale_binance,0,0.000000000,1.000000000,0.000000000,0.000000000,0.229486753,0.000000000,0.000000000,322.000,255.000,255.000
1786746684210,XAUT_USDT,demo,0,stale_binance,0,0.000000000,1.000000000,0.000000000,0.000000000,0.229486753,0.000000000,0.000000000,463.000,61.000,61.000
1786746684372,XAUT_USDT,demo,0,stale_binance,0,0.000000000,1.000000000,0.000000000,0.000000000,0.229486753,0.000000000,0.000000000,625.000,121.000,121.000
1786746684483,XAUT_USDT,demo,0,stale_binance,0,0.000000000,1.000000000,0.000000000,0.000000000,0.229486753,0.000000000,0.000000000,736.000,232.000,232.000
1786746684637,XAUT_USDT,demo,0,microspread_below_threshold,0,0.000000000,1.000000000,0.218010039,0.218010039,0.229486753,0.000000000,0.000000000,102.000,57.000,57.000
1786746684755,XAUT_USDT,demo,0,microspread_below_threshold,0,0.000000000,1.000000000,0.218010039,0.218010039,0.229486753,0.000000000,0.000000000,220.000,0.000,0.000
1786746684905,XAUT_USDT,demo,0,stale_binance,0,0.000000000,1.000000000,0.000000000,0.000000000,0.229486753,0.000000000,0.000000000,370.000,60.000,60.000
1786746685019,XAUT_USDT,demo,0,stale_binance,0,0.000000000,1.000000000,0.000000000,0.000000000,0.229486753,0.000000000,0.000000000,484.000,0.000,0.000
1786746685161,XAUT_USDT,demo,0,stale_binance,0,0.000000000,1.000000000,0.000000000,0.000000000,0.229486753,0.000000000,0.000000000,626.000,55.000,55.000
1786746685280,XAUT_USDT,demo,0,microspread_below_threshold,0,0.000000000,1.000000000,0.218010039,0.218010039,0.229486753,0.000000000,0.000000000,0.000,88.000,88.000
1786746685398,XAUT_USDT,demo,0,microspread_below_threshold,0,0.000000000,1.000000000,0.218010039,0.218010039,0.229486753,0.000000000,0.000000000,118.000,206.000,206.000
1786746685508,XAUT_USDT,demo,0,microspread_below_threshold,0,0.000000000,1.000000000,0.218010039,0.218010039,0.229486753,0.000000000,0.000000000,228.000,316.000,316.000
1786746685640,XAUT_USDT,demo,0,stale_binance,0,0.000000000,1.000000000,0.000000000,0.000000000,0.229486753,0.000000000,0.000000000,360.000,448.000,448.000
1786746685758,XAUT_USDT,demo,0,stale_binance,0,0.000000000,1.000000000,0.000000000,0.000000000,0.229486753,0.000000000,0.000000000,478.000,566.000,566.000
1786746685858,XAUT_USDT,demo,0,microspread_below_threshold,0,0.000000000,1.000000000,0.218010039,0.218010039,0.229486753,0.000000000,0.000000000,0.000,666.000,666.000
1786746685991,XAUT_USDT,demo,0,microspread_below_threshold,0,0.000000000,1.000000000,0.218010039,0.218010039,0.229486753,0.000000000,0.000000000,133.000,799.000,799.000
1786746686112,XAUT_USDT,demo,0,microspread_below_threshold,0,0.000000000,1.000000000,0.218010039,0.218010039,0.229486753,0.000000000,0.000000000,254.000,920.000,920.000
1786746686227,XAUT_USDT,demo,0,stale_binance,0,0.000000000,1.000000000,0.000000000,0.000000000,0.229486753,0.000000000,0.000000000,369.000,1035.000,1035.000
1786746686341,XAUT_USDT,demo,0,stale_binance,0,0.000000000,1.000000000,0.000000000,0.000000000,0.229486753,0.000000000,0.000000000,483.000,1149.000,1149.000
1786746686474,XAUT_USDT,demo,0,microspread_below_threshold,0,0.000000000,1.000000000,0.218010039,0.218010039,0.229486753,0.000000000,0.000000000,119.000,1282.000,1282.000
1786746686590,XAUT_USDT,demo,0,microspread_below_threshold,0,0.000000000,1.000000000,0.218010039,0.218010039,0.229486753,0.000000000,0.000000000,51.000,1398.000,1398.000
1786746686698,XAUT_USDT,demo,0,microspread_below_threshold,0,0.000000000,1.000000000,0.218010039,0.218010039,0.229486753,0.000000000,0.000000000,159.000,1506.000,1506.000
1786746686808,XAUT_USDT,demo,0,microspread_below_threshold,0,0.000000000,1.000000000,0.218010039,0.218010039,0.229486753,0.000000000,0.000000000,269.000,1616.000,1616.000
1786746686924,XAUT_USDT,demo,0,stale_binance,0,0.000000000,1.000000000,0.000000000,0.000000000,0.229486753,0.000000000,0.000000000,385.000,1732.000,1732.000
1786746687040,XAUT_USDT,demo,0,stale_binance,0,0.000000000,1.000000000,0.000000000,0.000000000,0.229486753,0.000000000,0.000000000,501.000,1848.000,1848.000
1786746687161,XAUT_USDT,demo,0,stale_binance,0,0.000000000,1.000000000,0.000000000,0.000000000,0.229486753,0.000000000,0.000000000,622.000,1969.000,1969.000
1786746689908,XAUT_USDT,demo,0,microspread_below_threshold,0,0.000000000,1.000000000,0.218010039,0.218010039,0.229486753,0.000000000,0.000000000,244.000,1.000,1.000
1786746690059,XAUT_USDT,demo,0,stale_binance,0,0.000000000,1.000000000,0.000000000,0.000000000,0.229486753,0.000000000,0.000000000,395.000,64.000,64.000
1786746690166,XAUT_USDT,demo,0,stale_binance,0,0.000000000,1.000000000,0.000000000,0.000000000,0.229486753,0.000000000,0.000000000,502.000,0.000,0.000
1786746690274,XAUT_USDT,demo,0,microspread_below_threshold,0,0.000000000,1.000000000,0.218010039,0.218010039,0.229486753,0.000000000,0.000000000,1.000,18.000,18.000
1786746690375,XAUT_USDT,demo,0,microspread_below_threshold,0,0.000000000,1.000000000,0.218010039,0.218010039,0.229486753,0.000000000,0.000000000,1.000,119.000,119.000
1786746690507,XAUT_USDT,demo,0,microspread_below_threshold,0,0.000000000,1.000000000,0.218010039,0.218010039,0.229486753,0.000000000,0.000000000,133.000,61.000,61.000
1786746690629,XAUT_USDT,demo,0,microspread_below_threshold,0,0.000000000,1.000000000,0.218010039,0.218010039,0.229486753,0.000000000,0.000000000,120.000,0.000,0.000
1786746690739,XAUT_USDT,demo,0,microspread_below_threshold,0,0.000000000,1.000000000,0.218010039,0.218010039,0.229486753,0.000000000,0.000000000,0.000,110.000,110.000
1786746690883,XAUT_USDT,demo,0,microspread_below_threshold,0,0.000000000,1.000000000,0.218010039,0.218010039,0.229486753,0.000000000,0.000000000,144.000,55.000,55.000
1786746691021,XAUT_USDT,demo,0,microspread_below_threshold,0,0.000000000,1.000000000,0.218010039,0.218010039,0.229486753,0.000000000,0.000000000,282.000,58.000,58.000
1786746691126,XAUT_USDT,demo,0,stale_binance,0,0.000000000,1.000000000,0.000000000,0.000000000,0.229486753,0.000000000,0.000000000,387.000,163.000,163.000
1786746691242,XAUT_USDT,demo,0,stale_binance,0,0.000000000,1.000000000,0.000000000,0.000000000,0.229486753,0.000000000,0.000000000,503.000,279.000,279.000
1786746691356,XAUT_USDT,demo,0,stale_binance,0,0.000000000,1.000000000,0.000000000,0.000000000,0.229486753,0.000000000,0.000000000,617.000,393.000,393.000
1786746691463,XAUT_USDT,demo,0,stale_binance,0,0.000000000,1.000000000,0.000000000,0.000000000,0.229486753,0.000000000,0.000000000,724.000,500.000,500.000
1786746691588,XAUT_USDT,demo,0,microspread_below_threshold,0,0.000000000,1.000000000,0.218010039,0.218010039,0.229486753,0.000000000,0.000000000,62.000,625.000,625.000
1786746691705,XAUT_USDT,demo,0,microspread_below_threshold,0,0.000000000,1.000000000,0.218010039,0.218010039,0.229486753,0.000000000,0.000000000,179.000,742.000,742.000
1786746691813,XAUT_USDT,demo,0,microspread_below_threshold,0,0.000000000,1.000000000,0.218010039,0.218010039,0.229486753,0.000000000,0.000000000,287.000,850.000,850.000
1786746691937,XAUT_USDT,demo,0,stale_binance,0,0.000000000,1.000000000,0.000000000,0.000000000,0.229486753,0.000000000,0.000000000,411.000,55.000,55.000
1786746692055,XAUT_USDT,demo,0,stale_binance,0,0.000000000,1.000000000,0.000000000,0.000000000,0.229486753,0.000000000,0.000000000,529.000,173.000,173.000
1786746692172,XAUT_USDT,demo,0,microspread_below_threshold,0,0.000000000,1.000000000,0.218010039,0.218010039,0.229486753,0.000000000,0.000000000,60.000,290.000,290.000
1786746692280,XAUT_USDT,demo,0,microspread_below_threshold,0,0.000000000,1.000000000,0.218010039,0.218010039,0.229486753,0.000000000,0.000000000,168.000,398.000,398.000
1786746692392,XAUT_USDT,demo,0,microspread_below_threshold,0,0.000000000,1.000000000,0.218010039,0.218010039,0.229486753,0.000000000,0.000000000,0.000,510.000,510.000
1786746692505,XAUT_USDT,demo,0,microspread_below_threshold,0,0.000000000,1.000000000,0.218010039,0.218010039,0.229486753,0.000000000,0.000000000,0.000,623.000,623.000
1786746692609,XAUT_USDT,demo,0,microspread_below_threshold,0,0.000000000,1.000000000,0.218010039,0.218010039,0.229486753,0.000000000,0.000000000,104.000,727.000,727.000
1786746692719,XAUT_USDT,demo,0,microspread_below_threshold,0,0.000000000,1.000000000,0.218010039,0.218010039,0.229486753,0.000000000,0.000000000,214.000,837.000,837.000
1786746692829,XAUT_USDT,demo,0,stale_binance,0,0.000000000,1.000000000,0.000000000,0.000000000,0.229486753,0.000000000,0.000000000,324.000,947.000,947.000
1786746692954,XAUT_USDT,demo,0,stale_binance,0,0.000000000,1.000000000,0.000000000,0.000000000,0.229486753,0.000000000,0.000000000,449.000,1072.000,1072.000
1786746693067,XAUT_USDT,demo,0,stale_binance,0,0.000000000,1.000000000,0.000000000,0.000000000,0.229486753,0.000000000,0.000000000,562.000,1185.000,1185.000
1786746693174,XAUT_USDT,demo,0,stale_binance,0,0.000000000,1.000000000,0.000000000,0.000000000,0.229486753,0.000000000,0.000000000,669.000,1292.000,1292.000
1786746696579,XAUT_USDT,demo,0,microspread_below_threshold,0,0.000000000,1.000000000,0.218010039,0.218010039,0.229486753,0.000000000,0.000000000,52.000,0.000,0.000
1786746696680,XAUT_USDT,demo,0,microspread_below_threshold,0,0.000000000,1.000000000,0.218010039,0.218010039,0.229486753,0.000000000,0.000000000,0.000,101.000,101.000
1786746696808,XAUT_USDT,demo,0,microspread_below_threshold,0,0.000000000,1.000000000,0.218010039,0.218010039,0.229486753,0.000000000,0.000000000,128.000,54.000,54.000
1786746696909,XAUT_USDT,demo,0,microspread_below_threshold,0,0.000000000,1.000000000,0.218010039,0.218010039,0.229486753,0.000000000,0.000000000,229.000,62.000,62.000
1786746697019,XAUT_USDT,demo,0,stale_binance,0,0.000000000,1.000000000,0.000000000,0.000000000,0.229486753,0.000000000,0.000000000,339.000,0.000,0.000
1786746697156,XAUT_USDT,demo,0,stale_binance,0,0.000000000,1.000000000,0.000000000,0.000000000,0.229486753,0.000000000,0.000000000,476.000,52.000,52.000
1786746697276,XAUT_USDT,demo,0,stale_binance,0,0.000000000,1.000000000,0.000000000,0.000000000,0.229486753,0.000000000,0.000000000,596.000,172.000,172.000
1786746697388,XAUT_USDT,demo,0,stale_binance,0,0.000000000,1.000000000,0.000000000,0.000000000,0.229486753,0.000000000,0.000000000,708.000,110.000,110.000
1786746697520,XAUT_USDT,demo,0,stale_binance,0,0.000000000,1.000000000,0.000000000,0.000000000,0.229486753,0.000000000,0.000000000,840.000,65.000,65.000
1786746697637,XAUT_USDT,demo,0,stale_binance,0,0.000000000,1.000000000,0.000000000,0.000000000,0.229486753,0.000000000,0.000000000,957.000,0.000,0.000
1786746697785,XAUT_USDT,demo,0,stale_binance,0,0.000000000,1.000000000,0.000000000,0.000000000,0.229486753,0.000000000,0.000000000,1105.000,58.000,58.000
1786746697892,XAUT_USDT,demo,0,stale_binance,0,0.000000000,1.000000000,0.000000000,0.000000000,0.229486753,0.000000000,0.000000000,1212.000,0.000,0.000
1786746698036,XAUT_USDT,demo,0,stale_binance,0,0.000000000,1.000000000,0.000000000,0.000000000,0.229486753,0.000000000,0.000000000,1356.000,61.000,61.000
1786746698161,XAUT_USDT,demo,0,stale_binance,0,0.000000000,1.000000000,0.000000000,0.000000000,0.229486753,0.000000000,0.000000000,1481.000,186.000,186.000
1786746698279,XAUT_USDT,demo,0,stale_binance,0,0.000000000,1.000000000,0.000000000,0.000000000,0.229486753,0.000000000,0.000000000,1599.000,304.000,304.000
1786746698388,XAUT_USDT,demo,0,stale_binance,0,0.000000000,1.000000000,0.000000000,0.000000000,0.229486753,0.000000000,0.000000000,1708.000,413.000,413.000
1786746698503,XAUT_USDT,demo,0,stale_binance,0,0.000000000,1.000000000,0.000000000,0.000000000,0.229486753,0.000000000,0.000000000,1823.000,528.000,528.000
1786746698613,XAUT_USDT,demo,0,microspread_below_threshold,0,0.000000000,1.000000000,0.218010039,0.218010039,0.229486753,0.000000000,0.000000000,58.000,638.000,638.000
1786746698728,XAUT_USDT,demo,0,microspread_below_threshold,0,0.000000000,1.000000000,0.218010039,0.218010039,0.229486753,0.000000000,0.000000000,173.000,753.000,753.000
1786746698833,XAUT_USDT,demo,0,microspread_below_threshold,0,0.000000000,1.000000000,0.218010039,0.218010039,0.229486753,0.000000000,0.000000000,278.000,858.000,858.000
1786746698967,XAUT_USDT,demo,0,stale_binance,0,0.000000000,1.000000000,0.000000000,0.000000000,0.229486753,0.000000000,0.000000000,-537.000,992.000,992.000
1786746703095,XAUT_USDT,demo,0,microspread_below_threshold,0,0.000000000,1.000000000,0.218010039,0.218010039,0.229486753,0.000000000,0.000000000,131.000,0.000,0.000
1786746703204,XAUT_USDT,demo,0,microspread_below_threshold,0,0.000000000,1.000000000,0.218010039,0.218010039,0.229486753,0.000000000,0.000000000,240.000,109.000,109.000
1786746703336,XAUT_USDT,demo,0,microspread_below_threshold,0,0.000000000,1.000000000,0.218010039,0.218010039,0.229486753,0.000000000,0.000000000,53.000,241.000,241.000
1786746703442,XAUT_USDT,demo,0,microspread_below_threshold,0,0.000000000,1.000000000,0.218010039,0.218010039,0.229486753,0.000000000,0.000000000,159.000,0.000,0.000
1786746703553,XAUT_USDT,demo,0,microspread_below_threshold,0,0.000000000,1.000000000,0.218010039,0.218010039,0.229486753,0.000000000,0.000000000,270.000,111.000,111.000
1786746703665,XAUT_USDT,demo,0,stale_binance,0,0.000000000,1.000000000,0.000000000,0.000000000,0.229486753,0.000000000,0.000000000,382.000,52.000,52.000
1786746703768,XAUT_USDT,demo,0,stale_binance,0,0.000000000,1.000000000,0.000000000,0.000000000,0.229486753,0.000000000,0.000000000,485.000,66.000,66.000
1786746703903,XAUT_USDT,demo,0,stale_binance,0,0.000000000,1.000000000,0.000000000,0.000000000,0.229486753,0.000000000,0.000000000,620.000,109.000,109.000
1786746704038,XAUT_USDT,demo,0,stale_binance,0,0.000000000,1.000000000,0.000000000,0.000000000,0.229486753,0.000000000,0.000000000,755.000,111.000,111.000
1786746704153,XAUT_USDT,demo,0,stale_binance,0,0.000000000,1.000000000,0.000000000,0.000000000,0.229486753,0.000000000,0.000000000,870.000,226.000,226.000
1786746704268,XAUT_USDT,demo,0,stale_binance,0,0.000000000,1.000000000,0.000000000,0.000000000,0.229486753,0.000000000,0.000000000,985.000,341.000,341.000
1786746704384,XAUT_USDT,demo,0,stale_binance,0,0.000000000,1.000000000,0.000000000,0.000000000,0.229486753,0.000000000,0.000000000,1101.000,457.000,457.000
1786746704503,XAUT_USDT,demo,0,stale_binance,0,0.000000000,1.000000000,0.000000000,0.000000000,0.229486753,0.000000000,0.000000000,1220.000,576.000,576.000
1786746704611,XAUT_USDT,demo,0,stale_binance,0,0.000000000,1.000000000,0.000000000,0.000000000,0.229486753,0.000000000,0.000000000,1328.000,684.000,684.000
1786746704728,XAUT_USDT,demo,0,stale_binance,0,0.000000000,1.000000000,0.000000000,0.000000000,0.229486753,0.000000000,0.000000000,1445.000,801.000,801.000
1786746704835,XAUT_USDT,demo,0,microspread_below_threshold,0,0.000000000,1.000000000,0.218010039,0.218010039,0.229486753,0.000000000,0.000000000,60.000,908.000,908.000
1786746704951,XAUT_USDT,demo,0,microspread_below_threshold,0,0.000000000,1.000000000,0.218010039,0.218010039,0.229486753,0.000000000,0.000000000,176.000,1024.000,1024.000
1786746705716,XAUT_USDT,demo,0,microspread_below_threshold,0,0.000000000,1.000000000,0.218010039,0.218010039,0.229486753,0.000000000,0.000000000,206.000,1789.000,1789.000
1786746705855,XAUT_USDT,demo,0,microspread_below_threshold,0,0.000000000,1.000000000,0.218010039,0.218010039,0.229486753,0.000000000,0.000000000,117.000,1928.000,1928.000
1786746709558,XAUT_USDT,demo,0,microspread_below_threshold,0,0.000000000,1.000000000,0.218010039,0.218010039,0.229486753,0.000000000,0.000000000,157.000,0.000,0.000
1786746709700,XAUT_USDT,demo,0,microspread_below_threshold,0,0.000000000,1.000000000,0.218010039,0.218010039,0.229486753,0.000000000,0.000000000,299.000,54.000,54.000
1786746709812,XAUT_USDT,demo,0,microspread_below_threshold,0,0.000000000,1.000000000,0.218010039,0.218010039,0.229486753,0.000000000,0.000000000,0.000,166.000,166.000
1786746709963,XAUT_USDT,demo,0,microspread_below_threshold,0,0.000000000,1.000000000,0.218010039,0.218010039,0.229486753,0.000000000,0.000000000,151.000,55.000,55.000
1786746710087,XAUT_USDT,demo,0,microspread_below_threshold,0,0.000000000,1.000000000,0.218010039,0.218010039,0.229486753,0.000000000,0.000000000,275.000,0.000,0.000
1786746710234,XAUT_USDT,demo,0,stale_binance,0,0.000000000,1.000000000,0.000000000,0.000000000,0.229486753,0.000000000,0.000000000,422.000,64.000,64.000
1786746710343,XAUT_USDT,demo,0,stale_binance,0,0.000000000,1.000000000,0.000000000,0.000000000,0.229486753,0.000000000,0.000000000,531.000,173.000,173.000
1786746710486,XAUT_USDT,demo,0,microspread_below_threshold,0,0.000000000,1.000000000,0.218010039,0.218010039,0.229486753,0.000000000,0.000000000,98.000,61.000,61.000
1786746710633,XAUT_USDT,demo,0,microspread_below_threshold,0,0.000000000,1.000000000,0.218010039,0.218010039,0.229486753,0.000000000,0.000000000,245.000,115.000,115.000
1786746711318,XAUT_USDT,demo,0,stale_binance,0,0.000000000,1.000000000,0.000000000,0.000000000,0.229486753,0.000000000,0.000000000,930.000,365.000,365.000
1786746711433,XAUT_USDT,demo,0,stale_binance,0,0.000000000,1.000000000,0.000000000,0.000000000,0.229486753,0.000000000,0.000000000,1045.000,480.000,480.000
1786746711535,XAUT_USDT,demo,0,microspread_below_threshold,0,0.000000000,1.000000000,0.218010039,0.218010039,0.229486753,0.000000000,0.000000000,0.000,582.000,582.000
1786746711657,XAUT_USDT,demo,0,microspread_below_threshold,0,0.000000000,1.000000000,0.218010039,0.218010039,0.229486753,0.000000000,0.000000000,122.000,704.000,704.000
1786746711780,XAUT_USDT,demo,0,microspread_below_threshold,0,0.000000000,1.000000000,0.218010039,0.218010039,0.229486753,0.000000000,0.000000000,245.000,827.000,827.000
1786746711891,XAUT_USDT,demo,0,stale_binance,0,0.000000000,1.000000000,0.000000000,0.000000000,0.229486753,0.000000000,0.000000000,356.000,938.000,938.000
1786746712006,XAUT_USDT,demo,0,stale_binance,0,0.000000000,1.000000000,0.000000000,0.000000000,0.229486753,0.000000000,0.000000000,471.000,1053.000,1053.000
1786746712122,XAUT_USDT,demo,0,stale_binance,0,0.000000000,1.000000000,0.000000000,0.000000000,0.229486753,0.000000000,0.000000000,587.000,1169.000,1169.000
1786746712247,XAUT_USDT,demo,0,stale_binance,0,0.000000000,1.000000000,0.000000000,0.000000000,0.229486753,0.000000000,0.000000000,712.000,1294.000,1294.000
1786746712356,XAUT_USDT,demo,0,stale_binance,0,0.000000000,1.000000000,0.000000000,0.000000000,0.229486753,0.000000000,0.000000000,821.000,1403.000,1403.000
1786746712505,XAUT_USDT,demo,0,microspread_below_threshold,0,0.000000000,1.000000000,0.218010039,0.218010039,0.229486753,0.000000000,0.000000000,58.000,1552.000,1552.000
1786746712649,XAUT_USDT,demo,0,microspread_below_threshold,0,0.000000000,1.000000000,0.218010039,0.218010039,0.229486753,0.000000000,0.000000000,59.000,1696.000,1696.000
1786746712765,XAUT_USDT,demo,0,microspread_below_threshold,0,0.000000000,1.000000000,0.218010039,0.218010039,0.229486753,0.000000000,0.000000000,175.000,1812.000,1812.000
1786746712870,XAUT_USDT,demo,0,microspread_below_threshold,0,0.000000000,1.000000000,0.218010039,0.218010039,0.229486753,0.000000000,0.000000000,280.000,1917.000,1917.000
1786746716082,XAUT_USDT,demo,0,stale_binance,0,0.000000000,1.000000000,0.000000000,0.000000000,0.229486753,0.000000000,0.000000000,399.000,0.000,0.000
1786746716232,XAUT_USDT,demo,0,stale_binance,0,0.000000000,1.000000000,0.000000000,0.000000000,0.229486753,0.000000000,0.000000000,549.000,61.000,61.000
1786746717043,XAUT_USDT,demo,0,microspread_below_threshold,0,0.000000000,1.000000000,0.218010039,0.218010039,0.229486753,0.000000000,0.000000000,89.000,16.000,16.000
1786746717183,XAUT_USDT,demo,0,microspread_below_threshold,0,0.000000000,1.000000000,0.218010039,0.218010039,0.229486753,0.000000000,0.000000000,229.000,131.000,131.000
1786746717347,XAUT_USDT,demo,0,stale_binance,0,0.000000000,1.000000000,0.000000000,0.000000000,0.229486753,0.000000000,0.000000000,393.000,119.000,119.000
1786746717463,XAUT_USDT,demo,0,stale_binance,0,0.000000000,1.000000000,0.000000000,0.000000000,0.229486753,0.000000000,0.000000000,509.000,235.000,235.000
1786746717563,XAUT_USDT,demo,0,microspread_below_threshold,0,0.000000000,1.000000000,0.218010039,0.218010039,0.229486753,0.000000000,0.000000000,58.000,335.000,335.000
1786746717681,XAUT_USDT,demo,0,microspread_below_threshold,0,0.000000000,1.000000000,0.218010039,0.218010039,0.229486753,0.000000000,0.000000000,176.000,453.000,453.000
1786746717795,XAUT_USDT,demo,0,microspread_below_threshold,0,0.000000000,1.000000000,0.218010039,0.218010039,0.229486753,0.000000000,0.000000000,290.000,567.000,567.000
1786746717898,XAUT_USDT,demo,0,stale_binance,0,0.000000000,1.000000000,0.000000000,0.000000000,0.229486753,0.000000000,0.000000000,393.000,670.000,670.000
1786746718009,XAUT_USDT,demo,0,stale_binance,0,0.000000000,1.000000000,0.000000000,0.000000000,0.229486753,0.000000000,0.000000000,504.000,781.000,781.000
1786746718119,XAUT_USDT,demo,0,stale_binance,0,0.000000000,1.000000000,0.000000000,0.000000000,0.229486753,0.000000000,0.000000000,614.000,891.000,891.000
1786746718230,XAUT_USDT,demo,0,stale_binance,0,0.000000000,1.000000000,0.000000000,0.000000000,0.229486753,0.000000000,0.000000000,725.000,1002.000,1002.000
1786746718343,XAUT_USDT,demo,0,microspread_below_threshold,0,0.000000000,1.000000000,0.218010039,0.218010039,0.229486753,0.000000000,0.000000000,0.000,1115.000,1115.000
1786746718464,XAUT_USDT,demo,0,microspread_below_threshold,0,0.000000000,1.000000000,0.218010039,0.218010039,0.229486753,0.000000000,0.000000000,121.000,1236.000,1236.000
1786746718564,XAUT_USDT,demo,0,microspread_below_threshold,0,0.000000000,1.000000000,0.218010039,0.218010039,0.229486753,0.000000000,0.000000000,58.000,1336.000,1336.000
1786746718681,XAUT_USDT,demo,0,microspread_below_threshold,0,0.000000000,1.000000000,0.218010039,0.218010039,0.229486753,0.000000000,0.000000000,175.000,1453.000,1453.000
1786746718796,XAUT_USDT,demo,0,microspread_below_threshold,0,0.000000000,1.000000000,0.218010039,0.218010039,0.229486753,0.000000000,0.000000000,53.000,1568.000,1568.000
1786746718922,XAUT_USDT,demo,0,microspread_below_threshold,0,0.000000000,1.000000000,0.218010039,0.218010039,0.229486753,0.000000000,0.000000000,179.000,1694.000,1694.000
1786746719033,XAUT_USDT,demo,0,microspread_below_threshold,0,0.000000000,1.000000000,0.218010039,0.218010039,0.229486753,0.000000000,0.000000000,290.000,1805.000,1805.000
1786746719166,XAUT_USDT,demo,0,stale_binance,0,0.000000000,1.000000000,0.000000000,0.000000000,0.229486753,0.000000000,0.000000000,423.000,1938.000,1938.000
1786746722815,XAUT_USDT,demo,0,stale_binance,0,0.000000000,1.000000000,0.000000000,0.000000000,0.229486753,0.000000000,0.000000000,307.000,1.000,1.000
1786746722934,XAUT_USDT,demo,0,stale_binance,0,0.000000000,1.000000000,0.000000000,0.000000000,0.229486753,0.000000000,0.000000000,426.000,116.000,116.000
1786746723046,XAUT_USDT,demo,0,stale_binance,0,0.000000000,1.000000000,0.000000000,0.000000000,0.229486753,0.000000000,0.000000000,538.000,53.000,53.000
1786746723163,XAUT_USDT,demo,0,stale_binance,0,0.000000000,1.000000000,0.000000000,0.000000000,0.229486753,0.000000000,0.000000000,655.000,170.000,170.000
1786746723267,XAUT_USDT,demo,0,stale_binance,0,0.000000000,1.000000000,0.000000000,0.000000000,0.229486753,0.000000000,0.000000000,759.000,0.000,0.000
1786746723385,XAUT_USDT,demo,0,stale_binance,0,0.000000000,1.000000000,0.000000000,0.000000000,0.229486753,0.000000000,0.000000000,877.000,118.000,118.000
1786746723496,XAUT_USDT,demo,0,stale_binance,0,0.000000000,1.000000000,0.000000000,0.000000000,0.229486753,0.000000000,0.000000000,988.000,58.000,58.000
1786746723647,XAUT_USDT,demo,0,microspread_below_threshold,0,0.000000000,1.000000000,0.218010039,0.218010039,0.229486753,0.000000000,0.000000000,114.000,130.000,130.000
1786746723777,XAUT_USDT,demo,0,microspread_below_threshold,0,0.000000000,1.000000000,0.218010039,0.218010039,0.229486753,0.000000000,0.000000000,244.000,0.000,0.000
1786746723895,XAUT_USDT,demo,0,stale_binance,0,0.000000000,1.000000000,0.000000000,0.000000000,0.229486753,0.000000000,0.000000000,362.000,118.000,118.000
1786746724013,XAUT_USDT,demo,0,stale_binance,0,0.000000000,1.000000000,0.000000000,0.000000000,0.229486753,0.000000000,0.000000000,480.000,55.000,55.000
1786746724129,XAUT_USDT,demo,0,stale_binance,0,0.000000000,1.000000000,0.000000000,0.000000000,0.229486753,0.000000000,0.000000000,596.000,0.000,0.000
1786746724236,XAUT_USDT,demo,0,stale_binance,0,0.000000000,1.000000000,0.000000000,0.000000000,0.229486753,0.000000000,0.000000000,703.000,107.000,107.000
1786746724352,XAUT_USDT,demo,0,stale_binance,0,0.000000000,1.000000000,0.000000000,0.000000000,0.229486753,0.000000000,0.000000000,819.000,223.000,223.000
1786746724459,XAUT_USDT,demo,0,stale_binance,0,0.000000000,1.000000000,0.000000000,0.000000000,0.229486753,0.000000000,0.000000000,926.000,330.000,330.000
1786746724595,XAUT_USDT,demo,0,microspread_below_threshold,0,0.000000000,1.000000000,0.218010039,0.218010039,0.229486753,0.000000000,0.000000000,58.000,466.000,466.000
1786746724735,XAUT_USDT,demo,0,microspread_below_threshold,0,0.000000000,1.000000000,0.218010039,0.218010039,0.229486753,0.000000000,0.000000000,53.000,606.000,606.000
1786746724863,XAUT_USDT,demo,0,microspread_below_threshold,0,0.000000000,1.000000000,0.218010039,0.218010039,0.229486753,0.000000000,0.000000000,110.000,734.000,734.000
1786746724979,XAUT_USDT,demo,0,microspread_below_threshold,0,0.000000000,1.000000000,0.218010039,0.218010039,0.229486753,0.000000000,0.000000000,226.000,850.000,850.000
1786746725093,XAUT_USDT,demo,0,stale_binance,0,0.000000000,1.000000000,0.000000000,0.000000000,0.229486753,0.000000000,0.000000000,340.000,964.000,964.000
1786746725246,XAUT_USDT,demo,0,microspread_below_threshold,0,0.000000000,1.000000000,0.218010039,0.218010039,0.229486753,0.000000000,0.000000000,115.000,1117.000,1117.000
1786746725362,XAUT_USDT,demo,0,microspread_below_threshold,0,0.000000000,1.000000000,0.218010039,0.218010039,0.229486753,0.000000000,0.000000000,231.000,1233.000,1233.000
1786746725480,XAUT_USDT,demo,0,stale_binance,0,0.000000000,1.000000000,0.000000000,0.000000000,0.229486753,0.000000000,0.000000000,349.000,1351.000,1351.000
1786746725615,XAUT_USDT,demo,0,microspread_below_threshold,0,0.000000000,1.000000000,0.218010039,0.218010039,0.229486753,0.000000000,0.000000000,51.000,1486.000,1486.000
1786746725729,XAUT_USDT,demo,0,microspread_below_threshold,0,0.000000000,1.000000000,0.218010039,0.218010039,0.229486753,0.000000000,0.000000000,165.000,1600.000,1600.000
1786746725845,XAUT_USDT,demo,0,microspread_below_threshold,0,0.000000000,1.000000000,0.218010039,0.218010039,0.229486753,0.000000000,0.000000000,281.000,1716.000,1716.000
1786746725962,XAUT_USDT,demo,0,stale_binance,0,0.000000000,1.000000000,0.000000000,0.000000000,0.229486753,0.000000000,0.000000000,398.000,1833.000,1833.000
1786746726080,XAUT_USDT,demo,0,stale_binance,0,0.000000000,1.000000000,0.000000000,0.000000000,0.229486753,0.000000000,0.000000000,516.000,1951.000,1951.000
1786746729932,XAUT_USDT,demo,0,stale_binance,0,0.000000000,1.000000000,0.000000000,0.000000000,0.229486753,0.000000000,0.000000000,425.000,0.000,0.000
1786746730042,XAUT_USDT,demo,0,stale_binance,0,0.000000000,1.000000000,0.000000000,0.000000000,0.229486753,0.000000000,0.000000000,535.000,58.000,58.000
1786746730154,XAUT_USDT,demo,0,stale_binance,0,0.000000000,1.000000000,0.000000000,0.000000000,0.229486753,0.000000000,0.000000000,647.000,170.000,170.000
1786746730308,XAUT_USDT,demo,0,microspread_below_threshold,0,0.000000000,1.000000000,0.218010039,0.218010039,0.229486753,0.000000000,0.000000000,140.000,64.000,64.000
1786746730423,XAUT_USDT,demo,0,microspread_below_threshold,0,0.000000000,1.000000000,0.218010039,0.218010039,0.229486753,0.000000000,0.000000000,81.000,0.000,0.000
1786746730533,XAUT_USDT,demo,0,microspread_below_threshold,0,0.000000000,1.000000000,0.218010039,0.218010039,0.229486753,0.000000000,0.000000000,0.000,20.000,20.000
1786746730695,XAUT_USDT,demo,0,microspread_below_threshold,0,0.000000000,1.000000000,0.218010039,0.218010039,0.229486753,0.000000000,0.000000000,133.000,182.000,182.000
1786746730795,XAUT_USDT,demo,0,microspread_below_threshold,0,0.000000000,1.000000000,0.218010039,0.218010039,0.229486753,0.000000000,0.000000000,233.000,67.000,67.000
1786746730912,XAUT_USDT,demo,0,stale_binance,0,0.000000000,1.000000000,0.000000000,0.000000000,0.229486753,0.000000000,0.000000000,350.000,184.000,184.000
1786746731020,XAUT_USDT,demo,0,stale_binance,0,0.000000000,1.000000000,0.000000000,0.000000000,0.229486753,0.000000000,0.000000000,458.000,292.000,292.000
1786746731141,XAUT_USDT,demo,0,stale_binance,0,0.000000000,1.000000000,0.000000000,0.000000000,0.229486753,0.000000000,0.000000000,579.000,413.000,413.000
1786746731258,XAUT_USDT,demo,0,stale_binance,0,0.000000000,1.000000000,0.000000000,0.000000000,0.229486753,0.000000000,0.000000000,696.000,530.000,530.000
1786746731367,XAUT_USDT,demo,0,stale_binance,0,0.000000000,1.000000000,0.000000000,0.000000000,0.229486753,0.000000000,0.000000000,805.000,639.000,639.000
1786746731499,XAUT_USDT,demo,0,microspread_below_threshold,0,0.000000000,1.000000000,0.218010039,0.218010039,0.229486753,0.000000000,0.000000000,117.000,771.000,771.000
1786746731629,XAUT_USDT,demo,0,microspread_below_threshold,0,0.000000000,1.000000000,0.218010039,0.218010039,0.229486753,0.000000000,0.000000000,54.000,901.000,901.000
1786746731737,XAUT_USDT,demo,0,microspread_below_threshold,0,0.000000000,1.000000000,0.218010039,0.218010039,0.229486753,0.000000000,0.000000000,162.000,1009.000,1009.000
1786746731842,XAUT_USDT,demo,0,microspread_below_threshold,0,0.000000000,1.000000000,0.218010039,0.218010039,0.229486753,0.000000000,0.000000000,267.000,1114.000,1114.000
1786746731975,XAUT_USDT,demo,0,stale_binance,0,0.000000000,1.000000000,0.000000000,0.000000000,0.229486753,0.000000000,0.000000000,400.000,1247.000,1247.000
1786746732078,XAUT_USDT,demo,0,microspread_below_threshold,0,0.000000000,1.000000000,0.218010039,0.218010039,0.229486753,0.000000000,0.000000000,0.000,1350.000,1350.000
1786746732209,XAUT_USDT,demo,0,microspread_below_threshold,0,0.000000000,1.000000000,0.218010039,0.218010039,0.229486753,0.000000000,0.000000000,104.000,1481.000,1481.000
1786746732317,XAUT_USDT,demo,0,microspread_below_threshold,0,0.000000000,1.000000000,0.218010039,0.218010039,0.229486753,0.000000000,0.000000000,212.000,1589.000,1589.000
1786746732442,XAUT_USDT,demo,0,stale_binance,0,0.000000000,1.000000000,0.000000000,0.000000000,0.229486753,0.000000000,0.000000000,337.000,1714.000,1714.000
1786746732559,XAUT_USDT,demo,0,microspread_below_threshold,0,0.000000000,1.000000000,0.218010039,0.218010039,0.229486753,0.000000000,0.000000000,53.000,1831.000,1831.000
1786746732682,XAUT_USDT,demo,0,microspread_below_threshold,0,0.000000000,1.000000000,0.218010039,0.218010039,0.229486753,0.000000000,0.000000000,53.000,1954.000,1954.000
1786746735996,XAUT_USDT,demo,0,microspread_below_threshold,0,0.000000000,1.000000000,0.218010039,0.218010039,0.229486753,0.000000000,0.000000000,230.000,0.000,0.000
1786746736115,XAUT_USDT,demo,0,stale_binance,0,0.000000000,1.000000000,0.000000000,0.000000000,0.229486753,0.000000000,0.000000000,349.000,117.000,117.000
1786746736231,XAUT_USDT,demo,0,stale_binance,0,0.000000000,1.000000000,0.000000000,0.000000000,0.229486753,0.000000000,0.000000000,465.000,233.000,233.000
1786746736337,XAUT_USDT,demo,0,stale_binance,0,0.000000000,1.000000000,0.000000000,0.000000000,0.229486753,0.000000000,0.000000000,571.000,1.000,1.000
1786746736486,XAUT_USDT,demo,0,stale_binance,0,0.000000000,1.000000000,0.000000000,0.000000000,0.229486753,0.000000000,0.000000000,720.000,59.000,59.000
1786746736600,XAUT_USDT,demo,0,microspread_below_threshold,0,0.000000000,1.000000000,0.218010039,0.218010039,0.229486753,0.000000000,0.000000000,0.000,85.000,85.000
1786746736702,XAUT_USDT,demo,0,microspread_below_threshold,0,0.000000000,1.000000000,0.218010039,0.218010039,0.229486753,0.000000000,0.000000000,0.000,187.000,187.000
1786746736827,XAUT_USDT,demo,0,microspread_below_threshold,0,0.000000000,1.000000000,0.218010039,0.218010039,0.229486753,0.000000000,0.000000000,125.000,0.000,0.000
1786746736945,XAUT_USDT,demo,0,microspread_below_threshold,0,0.000000000,1.000000000,0.218010039,0.218010039,0.229486753,0.000000000,0.000000000,243.000,118.000,118.000
1786746737102,XAUT_USDT,demo,0,stale_binance,0,0.000000000,1.000000000,0.000000000,0.000000000,0.229486753,0.000000000,0.000000000,400.000,64.000,64.000
1786746737207,XAUT_USDT,demo,0,stale_binance,0,0.000000000,1.000000000,0.000000000,0.000000000,0.229486753,0.000000000,0.000000000,505.000,169.000,169.000
1786746737329,XAUT_USDT,demo,0,stale_binance,0,0.000000000,1.000000000,0.000000000,0.000000000,0.229486753,0.000000000,0.000000000,627.000,114.000,114.000
1786746737436,XAUT_USDT,demo,0,stale_binance,0,0.000000000,1.000000000,0.000000000,0.000000000,0.229486753,0.000000000,0.000000000,734.000,53.000,53.000
1786746737557,XAUT_USDT,demo,0,microspread_below_threshold,0,0.000000000,1.000000000,0.218010039,0.218010039,0.229486753,0.000000000,0.000000000,51.000,174.000,174.000
1786746737681,XAUT_USDT,demo,0,microspread_below_threshold,0,0.000000000,1.000000000,0.218010039,0.218010039,0.229486753,0.000000000,0.000000000,175.000,298.000,298.000
1786746737806,XAUT_USDT,demo,0,microspread_below_threshold,0,0.000000000,1.000000000,0.218010039,0.218010039,0.229486753,0.000000000,0.000000000,57.000,423.000,423.000
1786746737923,XAUT_USDT,demo,0,microspread_below_threshold,0,0.000000000,1.000000000,0.218010039,0.218010039,0.229486753,0.000000000,0.000000000,174.000,540.000,540.000
1786746738039,XAUT_USDT,demo,0,microspread_below_threshold,0,0.000000000,1.000000000,0.218010039,0.218010039,0.229486753,0.000000000,0.000000000,290.000,656.000,656.000
1786746738151,XAUT_USDT,demo,0,stale_binance,0,0.000000000,1.000000000,0.000000000,0.000000000,0.229486753,0.000000000,0.000000000,402.000,768.000,768.000
1786746738268,XAUT_USDT,demo,0,stale_binance,0,0.000000000,1.000000000,0.000000000,0.000000000,0.229486753,0.000000000,0.000000000,519.000,885.000,885.000
1786746738371,XAUT_USDT,demo,0,stale_binance,0,0.000000000,1.000000000,0.000000000,0.000000000,0.229486753,0.000000000,0.000000000,622.000,988.000,988.000
1786746738490,XAUT_USDT,demo,0,stale_binance,0,0.000000000,1.000000000,0.000000000,0.000000000,0.229486753,0.000000000,0.000000000,741.000,1107.000,1107.000
1786746738623,XAUT_USDT,demo,0,microspread_below_threshold,0,0.000000000,1.000000000,0.218010039,0.218010039,0.229486753,0.000000000,0.000000000,115.000,1240.000,1240.000
1786746738726,XAUT_USDT,demo,0,microspread_below_threshold,0,0.000000000,1.000000000,0.218010039,0.218010039,0.229486753,0.000000000,0.000000000,0.000,1343.000,1343.000
1786746738836,XAUT_USDT,demo,0,microspread_below_threshold,0,0.000000000,1.000000000,0.218010039,0.218010039,0.229486753,0.000000000,0.000000000,110.000,1453.000,1453.000
1786746738955,XAUT_USDT,demo,0,microspread_below_threshold,0,0.000000000,1.000000000,0.218010039,0.218010039,0.229486753,0.000000000,0.000000000,229.000,1572.000,1572.000
1786746739073,XAUT_USDT,demo,0,stale_binance,0,0.000000000,1.000000000,0.000000000,0.000000000,0.229486753,0.000000000,0.000000000,347.000,1690.000,1690.000
1786746742762,XAUT_USDT,demo,0,microspread_below_threshold,0,0.000000000,1.000000000,0.218010039,0.218010039,0.229486753,0.000000000,0.000000000,229.000,0.000,0.000
1786746742905,XAUT_USDT,demo,0,stale_binance,0,0.000000000,1.000000000,0.000000000,0.000000000,0.229486753,0.000000000,0.000000000,372.000,54.000,54.000
1786746743020,XAUT_USDT,demo,0,stale_binance,0,0.000000000,1.000000000,0.000000000,0.000000000,0.229486753,0.000000000,0.000000000,487.000,169.000,169.000
1786746743159,XAUT_USDT,demo,0,stale_binance,0,0.000000000,1.000000000,0.000000000,0.000000000,0.229486753,0.000000000,0.000000000,626.000,54.000,54.000
1786746743301,XAUT_USDT,demo,0,stale_binance,0,0.000000000,1.000000000,0.000000000,0.000000000,0.229486753,0.000000000,0.000000000,768.000,105.000,105.000
1786746743438,XAUT_USDT,demo,0,stale_binance,0,0.000000000,1.000000000,0.000000000,0.000000000,0.229486753,0.000000000,0.000000000,905.000,59.000,59.000
1786746743596,XAUT_USDT,demo,0,microspread_below_threshold,0,0.000000000,1.000000000,0.218010039,0.218010039,0.229486753,0.000000000,0.000000000,62.000,136.000,136.000
1786746743706,XAUT_USDT,demo,0,microspread_below_threshold,0,0.000000000,1.000000000,0.218010039,0.218010039,0.229486753,0.000000000,0.000000000,172.000,246.000,246.000
1786746743834,XAUT_USDT,demo,0,microspread_below_threshold,0,0.000000000,1.000000000,0.218010039,0.218010039,0.229486753,0.000000000,0.000000000,300.000,106.000,106.000
1786746743979,XAUT_USDT,demo,0,stale_binance,0,0.000000000,1.000000000,0.000000000,0.000000000,0.229486753,0.000000000,0.000000000,445.000,51.000,51.000
1786746744106,XAUT_USDT,demo,0,stale_binance,0,0.000000000,1.000000000,0.000000000,0.000000000,0.229486753,0.000000000,0.000000000,572.000,178.000,178.000
1786746744232,XAUT_USDT,demo,0,microspread_below_threshold,0,0.000000000,1.000000000,0.218010039,0.218010039,0.229486753,0.000000000,0.000000000,58.000,304.000,304.000
1786746744353,XAUT_USDT,demo,0,microspread_below_threshold,0,0.000000000,1.000000000,0.218010039,0.218010039,0.229486753,0.000000000,0.000000000,179.000,425.000,425.000
1786746744461,XAUT_USDT,demo,0,microspread_below_threshold,0,0.000000000,1.000000000,0.218010039,0.218010039,0.229486753,0.000000000,0.000000000,287.000,533.000,533.000
1786746744569,XAUT_USDT,demo,0,microspread_below_threshold,0,0.000000000,1.000000000,0.218010039,0.218010039,0.229486753,0.000000000,0.000000000,62.000,641.000,641.000
1786746744678,XAUT_USDT,demo,0,microspread_below_threshold,0,0.000000000,1.000000000,0.218010039,0.218010039,0.229486753,0.000000000,0.000000000,171.000,750.000,750.000
1786746744800,XAUT_USDT,demo,0,microspread_below_threshold,0,0.000000000,1.000000000,0.218010039,0.218010039,0.229486753,0.000000000,0.000000000,293.000,872.000,872.000
1786746745500,XAUT_USDT,demo,0,microspread_below_threshold,0,0.000000000,1.000000000,0.218010039,0.218010039,0.229486753,0.000000000,0.000000000,119.000,1572.000,1572.000
1786746745621,XAUT_USDT,demo,0,microspread_below_threshold,0,0.000000000,1.000000000,0.218010039,0.218010039,0.229486753,0.000000000,0.000000000,115.000,1693.000,1693.000
1786746745738,XAUT_USDT,demo,0,microspread_below_threshold,0,0.000000000,1.000000000,0.218010039,0.218010039,0.229486753,0.000000000,0.000000000,232.000,1810.000,1810.000
1786746745856,XAUT_USDT,demo,0,stale_binance,0,0.000000000,1.000000000,0.000000000,0.000000000,0.229486753,0.000000000,0.000000000,350.000,1928.000,1928.000
1786746749154,XAUT_USDT,demo,0,microspread_below_threshold,0,0.000000000,1.000000000,0.218010039,0.218010039,0.229486753,0.000000000,0.000000000,8.000,0.000,0.000
1786746749304,XAUT_USDT,demo,0,microspread_below_threshold,0,0.000000000,1.000000000,0.218010039,0.218010039,0.229486753,0.000000000,0.000000000,130.000,56.000,56.000
1786746749420,XAUT_USDT,demo,0,microspread_below_threshold,0,0.000000000,1.000000000,0.218010039,0.218010039,0.229486753,0.000000000,0.000000000,246.000,172.000,172.000
1786746749575,XAUT_USDT,demo,0,microspread_below_threshold,0,0.000000000,1.000000000,0.218010039,0.218010039,0.229486753,0.000000000,0.000000000,68.000,69.000,69.000
1786746749712,XAUT_USDT,demo,0,microspread_below_threshold,0,0.000000000,1.000000000,0.218010039,0.218010039,0.229486753,0.000000000,0.000000000,205.000,113.000,113.000
1786746749855,XAUT_USDT,demo,0,microspread_below_threshold,0,0.000000000,1.000000000,0.218010039,0.218010039,0.229486753,0.000000000,0.000000000,87.000,61.000,61.000
1786746749977,XAUT_USDT,demo,0,microspread_below_threshold,0,0.000000000,1.000000000,0.218010039,0.218010039,0.229486753,0.000000000,0.000000000,209.000,108.000,108.000
1786746750088,XAUT_USDT,demo,0,stale_binance,0,0.000000000,1.000000000,0.000000000,0.000000000,0.229486753,0.000000000,0.000000000,320.000,52.000,52.000
1786746750237,XAUT_USDT,demo,0,stale_binance,0,0.000000000,1.000000000,0.000000000,0.000000000,0.229486753,0.000000000,0.000000000,469.000,110.000,110.000
1786746750356,XAUT_USDT,demo,0,microspread_below_threshold,0,0.000000000,1.000000000,0.218010039,0.218010039,0.229486753,0.000000000,0.000000000,0.000,22.000,22.000
1786746750469,XAUT_USDT,demo,0,microspread_below_threshold,0,0.000000000,1.000000000,0.218010039,0.218010039,0.229486753,0.000000000,0.000000000,86.000,0.000,0.000
1786746751167,XAUT_USDT,demo,0,stale_binance,0,0.000000000,1.000000000,0.000000000,0.000000000,0.229486753,0.000000000,0.000000000,381.000,99.000,99.000
1786746751303,XAUT_USDT,demo,0,stale_binance,0,0.000000000,1.000000000,0.000000000,0.000000000,0.229486753,0.000000000,0.000000000,517.000,64.000,64.000
1786746751455,XAUT_USDT,demo,0,microspread_below_threshold,0,0.000000000,1.000000000,0.218010039,0.218010039,0.229486753,0.000000000,0.000000000,62.000,216.000,216.000
1786746751568,XAUT_USDT,demo,0,microspread_below_threshold,0,0.000000000,1.000000000,0.218010039,0.218010039,0.229486753,0.000000000,0.000000000,0.000,71.000,71.000
1786746751668,XAUT_USDT,demo,0,microspread_below_threshold,0,0.000000000,1.000000000,0.218010039,0.218010039,0.229486753,0.000000000,0.000000000,64.000,83.000,83.000
1786746751819,XAUT_USDT,demo,0,microspread_below_threshold,0,0.000000000,1.000000000,0.218010039,0.218010039,0.229486753,0.000000000,0.000000000,215.000,58.000,58.000
1786746751929,XAUT_USDT,demo,0,microspread_below_threshold,1,0.619581530,1.000000000,0.837591569,0.218010039,0.229486753,0.619581530,0.000000000,0.000,83.000,83.000
1786746905862,XAUT_USDT,demo,0,leader_micro_move_too_small,-1,-3.304161327,1.058684036,0.470140085,3.774301412,0.458684036,0.000000000,0.000000000,10.000,249.000,249.000
1786746905980,XAUT_USDT,demo,0,leader_micro_move_too_small,-1,-3.304161327,1.058684036,0.470140085,3.774301412,0.458684036,0.000000000,0.000000000,128.000,367.000,367.000
1786746906094,XAUT_USDT,demo,0,leader_micro_move_too_small,-1,-3.304161327,1.058684036,0.470140085,3.774301412,0.458684036,0.000000000,0.000000000,0.000,54.000,54.000
1786746906241,XAUT_USDT,demo,0,leader_micro_move_too_small,-1,-3.304161327,1.058684036,0.470140085,3.774301412,0.458684036,0.000000000,0.000000000,107.000,118.000,118.000
1786746906387,XAUT_USDT,demo,0,leader_micro_move_too_small,-1,-3.304161327,1.058684036,0.470140085,3.774301412,0.458684036,0.000000000,0.000000000,59.000,264.000,264.000
1786746906498,XAUT_USDT,demo,0,leader_micro_move_too_small,-1,-3.304161327,1.058684036,0.470140085,3.774301412,0.458684036,0.000000000,0.000000000,53.000,375.000,375.000
1786746906609,XAUT_USDT,demo,0,leader_micro_move_too_small,-1,-3.304161327,1.058684036,0.470140085,3.774301412,0.458684036,0.000000000,0.000000000,164.000,56.000,56.000
1786746906751,XAUT_USDT,demo,0,leader_micro_move_too_small,-1,-3.304161327,1.058684036,0.470140085,3.774301412,0.458684036,0.000000000,0.000000000,117.000,111.000,111.000
1786746906854,XAUT_USDT,demo,0,leader_micro_move_too_small,-1,-3.304161327,1.058684036,0.470140085,3.774301412,0.458684036,0.000000000,0.000000000,0.000,214.000,214.000
1786746906961,XAUT_USDT,demo,0,leader_micro_move_too_small,-1,-3.304161327,1.058684036,0.470140085,3.774301412,0.458684036,0.000000000,0.000000000,59.000,321.000,321.000
1786746907065,XAUT_USDT,demo,0,leader_micro_move_too_small,-1,-3.304161327,1.058684036,0.470140085,3.774301412,0.458684036,0.000000000,0.000000000,163.000,0.000,0.000
1786746907168,XAUT_USDT,demo,0,leader_micro_move_too_small,-1,-3.304161327,1.058684036,0.470140085,3.774301412,0.458684036,0.000000000,0.000000000,55.000,103.000,103.000
1786746907291,XAUT_USDT,demo,0,leader_micro_move_too_small,-1,-3.304161327,1.058684036,0.470140085,3.774301412,0.458684036,0.000000000,0.000000000,178.000,226.000,226.000
1786746907453,XAUT_USDT,demo,0,leader_micro_move_too_small,-1,-3.304161327,1.058684036,0.470140085,3.774301412,0.458684036,0.000000000,0.000000000,65.000,388.000,388.000
1786746907581,XAUT_USDT,demo,0,leader_micro_move_too_small,-1,-3.304161327,1.058684036,0.470140085,3.774301412,0.458684036,0.000000000,0.000000000,193.000,1.000,1.000
1786746907729,XAUT_USDT,demo,0,stale_binance,0,0.000000000,1.058684036,0.000000000,0.000000000,0.458684036,0.000000000,0.000000000,341.000,64.000,64.000
1786746907848,XAUT_USDT,demo,0,leader_micro_move_too_small,-1,-3.304161327,1.058684036,0.470140085,3.774301412,0.458684036,0.000000000,0.000000000,54.000,183.000,183.000
1786746907964,XAUT_USDT,demo,0,leader_micro_move_too_small,-1,-3.304161327,1.058684036,0.470140085,3.774301412,0.458684036,0.000000000,0.000000000,170.000,299.000,299.000
1786746908098,XAUT_USDT,demo,0,leader_micro_move_too_small,-1,-3.304161327,1.058684036,0.470140085,3.774301412,0.458684036,0.000000000,0.000000000,35.000,0.000,0.000
1786746908232,XAUT_USDT,demo,0,leader_micro_move_too_small,-1,-3.304161327,1.058684036,0.470140085,3.774301412,0.458684036,0.000000000,0.000000000,169.000,52.000,52.000
1786746908363,XAUT_USDT,demo,0,leader_micro_move_too_small,-1,-3.304161327,1.058684036,0.470140085,3.774301412,0.458684036,0.000000000,0.000000000,112.000,183.000,183.000
1786746908501,XAUT_USDT,demo,0,leader_micro_move_too_small,-1,-3.304161327,1.058684036,0.470140085,3.774301412,0.458684036,0.000000000,0.000000000,55.000,321.000,321.000
1786746908610,XAUT_USDT,demo,0,leader_micro_move_too_small,-1,-3.304161327,1.058684036,0.470140085,3.774301412,0.458684036,0.000000000,0.000000000,164.000,1.000,1.000
1786746908733,XAUT_USDT,demo,0,leader_micro_move_too_small,-1,-3.304161327,1.058684036,0.470140085,3.774301412,0.458684036,0.000000000,0.000000000,287.000,124.000,124.000
1786746908833,XAUT_USDT,demo,0,leader_micro_move_too_small,-1,-3.304161327,1.058684036,0.470140085,3.774301412,0.458684036,0.000000000,0.000000000,67.000,224.000,224.000
1786746908957,XAUT_USDT,demo,0,leader_micro_move_too_small,-1,-3.304161327,1.058684036,0.470140085,3.774301412,0.458684036,0.000000000,0.000000000,191.000,348.000,348.000
1786746909099,XAUT_USDT,demo,0,stale_binance,0,0.000000000,1.058684036,0.000000000,0.000000000,0.458684036,0.000000000,0.000000000,333.000,59.000,59.000
1786746909233,XAUT_USDT,demo,0,stale_binance,0,0.000000000,1.058684036,0.000000000,0.000000000,0.458684036,0.000000000,0.000000000,467.000,103.000,103.000
1786746909387,XAUT_USDT,demo,0,stale_binance,0,0.000000000,1.058684036,0.000000000,0.000000000,0.458684036,0.000000000,0.000000000,621.000,59.000,59.000
1786746909530,XAUT_USDT,demo,0,leader_micro_move_too_small,-1,-2.317931682,1.058726118,1.387550236,3.705481919,0.458726118,0.000000000,0.000000000,81.000,58.000,58.000
1786746909666,XAUT_USDT,demo,0,leader_micro_move_too_small,-1,-2.317931682,1.058726118,1.387550236,3.705481919,0.458726118,0.000000000,0.000000000,217.000,107.000,107.000
1786746909781,XAUT_USDT,demo,0,stale_binance,0,0.000000000,1.058726118,0.000000000,0.000000000,0.458726118,0.000000000,0.000000000,332.000,222.000,222.000
1786746909883,XAUT_USDT,demo,0,stale_binance,0,0.000000000,1.058726118,0.000000000,0.000000000,0.458726118,0.000000000,0.000000000,434.000,64.000,64.000
1786746909992,XAUT_USDT,demo,0,stale_binance,0,0.000000000,1.000000000,0.000000000,0.000000000,0.229365689,0.000000000,0.000000000,543.000,0.000,0.000
1786746910131,XAUT_USDT,demo,0,stale_binance,0,0.000000000,1.000000000,0.000000000,0.000000000,0.229365689,0.000000000,0.000000000,682.000,57.000,57.000
1786746910247,XAUT_USDT,demo,0,stale_binance,0,0.000000000,1.000000000,0.000000000,0.000000000,0.229365689,0.000000000,0.000000000,798.000,173.000,173.000
1786746910359,XAUT_USDT,demo,0,stale_binance,0,0.000000000,1.000000000,0.000000000,0.000000000,0.229365689,0.000000000,0.000000000,910.000,285.000,285.000
1786746910496,XAUT_USDT,demo,0,leader_micro_move_too_small,-1,-2.203249495,1.000000000,1.502232423,3.705481919,0.229365689,0.000000000,0.000000000,54.000,422.000,422.000
1786746910628,XAUT_USDT,demo,0,leader_micro_move_too_small,-1,-2.203249495,1.000000000,1.502232423,3.705481919,0.229365689,0.000000000,0.000000000,0.000,38.000,38.000
1786746910739,XAUT_USDT,demo,0,leader_micro_move_too_small,-1,-2.203249495,1.000000000,1.502232423,3.705481919,0.229365689,0.000000000,0.000000000,108.000,149.000,149.000
1786746911524,XAUT_USDT,demo,0,leader_micro_move_too_small,-1,-2.203249495,1.000000000,1.502232423,3.705481919,0.229365689,0.000000000,0.000000000,64.000,410.000,410.000
1786746911624,XAUT_USDT,demo,0,leader_micro_move_too_small,-1,-2.203249495,1.000000000,1.502232423,3.705481919,0.229365689,0.000000000,0.000000000,164.000,0.000,0.000
1786746911739,XAUT_USDT,demo,0,leader_micro_move_too_small,-1,-2.203249495,1.000000000,1.502232423,3.705481919,0.229365689,0.000000000,0.000000000,279.000,115.000,115.000
1786746911866,XAUT_USDT,demo,0,leader_micro_move_too_small,-1,-2.203249495,1.000000000,1.502232423,3.705481919,0.229365689,0.000000000,0.000000000,108.000,242.000,242.000
1786746911970,XAUT_USDT,demo,0,microspread_below_threshold,1,0.114682187,1.000000000,1.502232423,1.387550236,0.229365689,0.000000000,0.000000000,212.000,1.000,1.000
1786746912115,XAUT_USDT,demo,0,stale_binance,0,0.000000000,1.000000000,0.000000000,0.000000000,0.229365689,0.000000000,0.000000000,357.000,61.000,61.000
1786746912262,XAUT_USDT,demo,0,stale_binance,0,0.000000000,1.000000000,0.000000000,0.000000000,0.229365689,0.000000000,0.000000000,504.000,122.000,122.000
1786746912371,XAUT_USDT,demo,0,stale_binance,0,0.000000000,1.000000000,0.000000000,0.000000000,0.229365689,0.000000000,0.000000000,613.000,231.000,231.000
1786746912482,XAUT_USDT,demo,0,stale_binance,0,0.000000000,1.000000000,0.000000000,0.000000000,0.229365689,0.000000000,0.000000000,724.000,342.000,342.000
1786746912627,XAUT_USDT,demo,0,stale_binance,0,0.000000000,1.000000000,0.000000000,0.000000000,0.229365689,0.000000000,0.000000000,869.000,55.000,55.000
1786746912779,XAUT_USDT,demo,0,stale_binance,0,0.000000000,1.000000000,0.000000000,0.000000000,0.229365689,0.000000000,0.000000000,1021.000,123.000,123.000
1786746912897,XAUT_USDT,demo,0,stale_binance,0,0.000000000,1.000000000,0.000000000,0.000000000,0.229365689,0.000000000,0.000000000,1139.000,241.000,241.000
1786746912997,XAUT_USDT,demo,0,stale_binance,0,0.000000000,1.000000000,0.000000000,0.000000000,0.229365689,0.000000000,0.000000000,1239.000,0.000,0.000
1786746913146,XAUT_USDT,demo,0,stale_binance,0,0.000000000,1.000000000,0.000000000,0.000000000,0.229365689,0.000000000,0.000000000,1388.000,63.000,63.000
1786746913295,XAUT_USDT,demo,0,leader_micro_move_too_small,1,1.032092339,1.000000000,1.502232423,0.470140085,0.229365689,0.000000000,0.000000000,63.000,128.000,128.000
1786746913413,XAUT_USDT,demo,0,leader_micro_move_too_small,1,1.032092339,1.000000000,1.502232423,0.470140085,0.229365689,0.000000000,0.000000000,63.000,246.000,246.000
1786746913564,XAUT_USDT,demo,0,leader_micro_move_too_small,1,1.032092339,1.000000000,1.502232423,0.470140085,0.229365689,0.000000000,0.000000000,214.000,53.000,53.000
1786746913727,XAUT_USDT,demo,0,stale_binance,0,0.000000000,1.000000000,0.000000000,0.000000000,0.229365689,0.000000000,0.000000000,377.000,126.000,126.000
1786746913831,XAUT_USDT,demo,0,stale_binance,0,0.000000000,1.000000000,0.000000000,0.000000000,0.229365689,0.000000000,0.000000000,481.000,230.000,230.000
1786746913981,XAUT_USDT,demo,0,leader_micro_move_too_small,1,1.032092339,1.000000000,1.502232423,0.470140085,0.229365689,0.000000000,0.000000000,115.000,380.000,380.000
1786746914083,XAUT_USDT,demo,0,leader_micro_move_too_small,1,1.032092339,1.000000000,1.502232423,0.470140085,0.229365689,0.000000000,0.000000000,217.000,58.000,58.000
1786746914193,XAUT_USDT,demo,0,leader_micro_move_too_small,1,1.032092339,1.000000000,1.502232423,0.470140085,0.229365689,0.000000000,0.000000000,54.000,82.000,82.000
1786746914314,XAUT_USDT,demo,0,leader_micro_move_too_small,1,1.032092339,1.000000000,1.502232423,0.470140085,0.229365689,0.000000000,0.000000000,175.000,203.000,203.000
1786746914429,XAUT_USDT,demo,0,leader_micro_move_too_small,1,1.032092339,1.000000000,1.502232423,0.470140085,0.229365689,0.000000000,0.000000000,290.000,318.000,318.000
1786746914537,XAUT_USDT,demo,0,stale_binance,0,0.000000000,1.000000000,0.000000000,0.000000000,0.229365689,0.000000000,0.000000000,398.000,426.000,426.000
1786746914682,XAUT_USDT,demo,0,microspread_below_threshold,1,0.114682187,1.000000000,1.502232423,1.387550236,0.229365689,0.000000000,0.000000000,0.000,47.000,47.000
1786746914805,XAUT_USDT,demo,0,microspread_below_threshold,1,0.114682187,1.000000000,1.502232423,1.387550236,0.229365689,0.000000000,0.000000000,36.000,0.000,0.000
1786746914918,XAUT_USDT,demo,0,microspread_below_threshold,1,0.114682187,1.000000000,1.502232423,1.387550236,0.229365689,0.000000000,0.000000000,149.000,113.000,113.000
1786746915035,XAUT_USDT,demo,0,microspread_below_threshold,1,0.114682187,1.000000000,1.502232423,1.387550236,0.229365689,0.000000000,0.000000000,266.000,230.000,230.000
1786746915142,XAUT_USDT,demo,0,stale_binance,0,0.000000000,1.000000000,0.000000000,0.000000000,0.229365689,0.000000000,0.000000000,373.000,0.000,0.000
1786746915264,XAUT_USDT,demo,0,microspread_below_threshold,-1,-0.022933150,1.000000000,1.479299274,1.502232423,0.229365689,0.000000000,0.000000000,0.000,34.000,34.000
1786746915377,XAUT_USDT,demo,0,microspread_below_threshold,-1,-0.022933150,1.000000000,1.479299274,1.502232423,0.229365689,0.000000000,0.000000000,113.000,65.000,65.000
1786746915485,XAUT_USDT,demo,0,microspread_below_threshold,-1,-0.045866352,1.000000000,1.456366071,1.502232423,0.229365689,-0.022933202,0.000000000,29.000,0.000,0.000
1786746915631,XAUT_USDT,demo,0,microspread_below_threshold,-1,-0.045866352,1.000000000,1.456366071,1.502232423,0.229365689,0.000000000,0.000000000,71.000,59.000,59.000
1786746915781,XAUT_USDT,demo,0,microspread_below_threshold,-1,-0.068799607,1.000000000,1.433432816,1.502232423,0.229365689,-0.022933255,0.000000000,66.000,209.000,209.000
1786746915931,XAUT_USDT,demo,0,microspread_below_threshold,-1,-0.068799607,1.000000000,1.433432816,1.502232423,0.229365689,0.000000000,0.000000000,112.000,359.000,359.000
1786746916065,XAUT_USDT,demo,0,microspread_below_threshold,-1,-0.091732915,1.000000000,1.410499508,1.502232423,0.229365689,-0.022933308,0.000000000,53.000,493.000,493.000
1786746916174,XAUT_USDT,demo,0,microspread_below_threshold,-1,-0.091732915,1.000000000,1.410499508,1.502232423,0.229365689,0.000000000,0.000000000,0.000,83.000,83.000
1786746916276,XAUT_USDT,demo,0,microspread_below_threshold,-1,-0.091732915,1.000000000,1.410499508,1.502232423,0.229365689,0.000000000,0.000000000,0.000,185.000,185.000
1786746916400,XAUT_USDT,demo,0,microspread_below_threshold,-1,-0.114666275,1.000000000,1.387566148,1.502232423,0.229365689,0.000000000,0.000000000,0.000,309.000,309.000
1786746916520,XAUT_USDT,demo,0,microspread_below_threshold,-1,-0.091733125,1.000000000,1.387566148,1.479299274,0.229365689,0.000000000,0.000000000,0.000,429.000,429.000
1786746917161,XAUT_USDT,demo,0,microspread_below_threshold,-1,-0.137600319,1.000000000,1.318765752,1.456366071,0.229365689,0.000000000,0.000000000,3.000,47.000,47.000
1786746917289,XAUT_USDT,demo,0,microspread_below_threshold,-1,-0.137600319,1.000000000,1.318765752,1.456366071,0.229365689,0.000000000,0.000000000,0.000,175.000,175.000
1786746917408,XAUT_USDT,demo,0,microspread_below_threshold,-1,-0.160533890,1.000000000,1.295832181,1.456366071,0.229365689,0.000000000,0.000000000,1.000,294.000,294.000
1786746917528,XAUT_USDT,demo,0,microspread_below_threshold,-1,-0.137600635,1.000000000,1.295832181,1.433432816,0.229365689,0.000000000,0.000000000,121.000,414.000,414.000
1786746917631,XAUT_USDT,demo,0,microspread_below_threshold,-1,-0.160534258,1.000000000,1.272898558,1.433432816,0.229365689,-0.022933623,0.000000000,30.000,0.000,0.000
1786746917744,XAUT_USDT,demo,0,microspread_below_threshold,-1,-0.160534258,1.000000000,1.272898558,1.433432816,0.229365689,0.000000000,0.000000000,52.000,113.000,113.000
1786746917862,XAUT_USDT,demo,0,microspread_below_threshold,-1,-0.160534258,1.000000000,1.272898558,1.433432816,0.229365689,0.000000000,0.000000000,170.000,231.000,231.000
1786746917977,XAUT_USDT,demo,0,microspread_below_threshold,-1,-0.183467934,1.000000000,1.249964882,1.433432816,0.229365689,0.000000000,0.000000000,0.000,346.000,346.000
1786746918096,XAUT_USDT,demo,0,microspread_below_threshold,-1,-0.160534626,1.000000000,1.249964882,1.410499508,0.229365689,0.000000000,0.000000000,0.000,40.000,40.000
1786746918200,XAUT_USDT,demo,0,microspread_below_threshold,-1,-0.183468355,1.000000000,1.227031154,1.410499508,0.229365689,-0.022933728,0.000000000,0.000,59.000,59.000
1786746918328,XAUT_USDT,demo,0,microspread_below_threshold,-1,-0.183468355,1.000000000,1.227031154,1.410499508,0.229365689,0.000000000,0.000000000,54.000,187.000,187.000
1786746918468,XAUT_USDT,demo,0,microspread_below_threshold,-1,-0.206402136,1.000000000,1.204097373,1.410499508,0.229365689,-0.022933781,0.000000000,54.000,327.000,327.000
1786746918574,XAUT_USDT,demo,0,microspread_below_threshold,-1,-0.183468775,1.000000000,1.204097373,1.387566148,0.229365689,0.000000000,0.000000000,41.000,0.000,0.000
1786746918677,XAUT_USDT,demo,0,microspread_below_threshold,-1,-0.206402609,1.000000000,1.181163539,1.387566148,0.229365689,-0.022933834,0.000000000,10.000,0.000,0.000
1786746918781,XAUT_USDT,demo,0,microspread_below_threshold,-1,-0.206402609,1.000000000,1.181163539,1.387566148,0.229365689,0.000000000,0.000000000,54.000,104.000,104.000
1786746918906,XAUT_USDT,demo,0,microspread_below_threshold,-1,-0.183469196,1.000000000,1.181163539,1.364632735,0.229365689,0.000000000,0.000000000,121.000,229.000,229.000
1786746919038,XAUT_USDT,demo,0,microspread_below_threshold,-1,-0.206403082,1.000000000,1.158229653,1.364632735,0.229365689,0.000000000,0.000000000,0.000,0.000,0.000
1786746919154,XAUT_USDT,demo,0,microspread_below_threshold,-1,-0.206403082,1.000000000,1.158229653,1.364632735,0.229365689,0.000000000,0.000000000,116.000,116.000,116.000
1786746919292,XAUT_USDT,demo,0,microspread_below_threshold,-1,-0.229337021,1.000000000,1.135295714,1.364632735,0.229365689,0.000000000,0.000000000,0.000,115.000,115.000
1786746919421,XAUT_USDT,demo,0,microspread_below_threshold,-1,-0.206403556,1.000000000,1.135295714,1.341699270,0.229365689,0.000000000,0.000000000,129.000,244.000,244.000
1786746919544,XAUT_USDT,demo,0,microspread_below_threshold,-1,-0.229337547,1.000000000,1.112361723,1.341699270,0.229365689,0.000000000,0.000000000,0.000,27.000,27.000
1786746919669,XAUT_USDT,demo,0,microspread_below_threshold,-1,-0.223604171,1.000000000,1.112361723,1.335965894,0.229365689,0.000000000,0.000000000,125.000,63.000,63.000
1786746919783,XAUT_USDT,demo,0,microspread_below_threshold,-1,-0.240804839,1.000000000,1.089427679,1.330232517,0.229365689,0.000000000,0.000000000,0.000,177.000,177.000
1786746919919,XAUT_USDT,demo,0,microspread_below_threshold,-1,-0.235071456,1.000000000,1.089427679,1.324499135,0.229365689,0.000000000,0.000000000,133.000,56.000,56.000
1786746920027,XAUT_USDT,demo,0,microspread_below_threshold,-1,-0.252272170,1.000000000,1.066493582,1.318765752,0.229365689,-0.022934097,0.000000000,0.000,79.000,79.000
1786746920184,XAUT_USDT,demo,0,microspread_below_threshold,-1,-0.240805391,1.000000000,1.066493582,1.307298973,0.229365689,0.000000000,0.000000000,0.000,64.000,64.000
1786746920286,XAUT_USDT,demo,0,microspread_below_threshold,-1,-0.286673742,1.000000000,1.020625231,1.307298973,0.229365689,-0.045868351,0.000000000,0.000,166.000,166.000
1786746920429,XAUT_USDT,demo,0,microspread_below_threshold,-1,-0.275206950,1.000000000,1.020625231,1.295832181,0.229365689,0.000000000,0.000000000,1.000,309.000,309.000
1786746920548,XAUT_USDT,demo,0,microspread_below_threshold,-1,-0.275206950,1.000000000,1.020625231,1.295832181,0.229365689,0.000000000,0.000000000,90.000,0.000,0.000
1786746920695,XAUT_USDT,demo,0,microspread_below_threshold,-1,-0.263740145,1.000000000,1.020625231,1.284365376,0.229365689,0.000000000,0.000000000,0.000,61.000,61.000
1786746920824,XAUT_USDT,demo,0,microspread_below_threshold,-1,-0.263740145,1.000000000,1.020625231,1.284365376,0.229365689,0.000000000,0.000000000,129.000,190.000,190.000
1786746920948,XAUT_USDT,demo,0,microspread_below_threshold,-1,-0.252273327,1.000000000,1.020625231,1.272898558,0.229365689,0.000000000,0.000000000,253.000,314.000,314.000
1786746921064,XAUT_USDT,demo,0,microspread_below_threshold,-1,-0.252273327,1.000000000,1.020625231,1.272898558,0.229365689,0.000000000,0.000000000,47.000,0.000,0.000
1786746921214,XAUT_USDT,demo,0,microspread_below_threshold,-1,-0.240806495,1.000000000,1.020625231,1.261431727,0.229365689,0.000000000,0.000000000,197.000,64.000,64.000
1786746921318,XAUT_USDT,demo,0,microspread_below_threshold,-1,-0.229339651,1.000000000,1.020625231,1.249964882,0.229365689,0.000000000,0.000000000,0.000,168.000,168.000
1786746921448,XAUT_USDT,demo,0,microspread_below_threshold,-1,-0.229339651,1.000000000,1.020625231,1.249964882,0.229365689,0.000000000,0.000000000,130.000,298.000,298.000
1786746921557,XAUT_USDT,demo,0,microspread_below_threshold,-1,-0.229339651,1.000000000,1.020625231,1.249964882,0.229365689,0.000000000,0.000000000,82.000,63.000,63.000
1786746921666,XAUT_USDT,demo,0,microspread_below_threshold,-1,-0.229339651,1.000000000,1.020625231,1.249964882,0.229365689,0.000000000,0.000000000,63.000,88.000,88.000
1786746921777,XAUT_USDT,demo,0,microspread_below_threshold,-1,-0.229339651,1.000000000,1.020625231,1.249964882,0.229365689,0.000000000,0.000000000,61.000,107.000,107.000
1786746921900,XAUT_USDT,demo,0,microspread_below_threshold,-1,-0.229339651,1.000000000,1.020625231,1.249964882,0.229365689,0.000000000,0.000000000,184.000,230.000,230.000
1786746922012,XAUT_USDT,demo,0,microspread_below_threshold,-1,-0.229339651,1.000000000,1.020625231,1.249964882,0.229365689,0.000000000,0.000000000,296.000,0.000,0.000
1786746922148,XAUT_USDT,demo,0,stale_binance,0,0.000000000,1.000000000,0.000000000,0.000000000,0.229365689,0.000000000,0.000000000,432.000,54.000,54.000
1786746922833,XAUT_USDT,demo,0,stale_binance,0,0.000000000,1.000000000,0.000000000,0.000000000,0.229365689,0.000000000,0.000000000,351.000,220.000,220.000
1786746922958,XAUT_USDT,demo,0,stale_binance,0,0.000000000,1.000000000,0.000000000,0.000000000,0.229365689,0.000000000,0.000000000,476.000,345.000,345.000
1786746923099,XAUT_USDT,demo,0,microspread_below_threshold,-1,-0.229339651,1.000000000,1.020625231,1.249964882,0.229365689,0.000000000,0.000000000,111.000,60.000,60.000
1786746923247,XAUT_USDT,demo,0,microspread_below_threshold,-1,-0.229339651,1.000000000,1.020625231,1.249964882,0.229365689,0.000000000,0.000000000,259.000,124.000,124.000
1786746923382,XAUT_USDT,demo,0,stale_binance,0,0.000000000,1.000000000,0.000000000,0.000000000,0.229365689,0.000000000,0.000000000,394.000,259.000,259.000
1786746923491,XAUT_USDT,demo,0,microspread_below_threshold,-1,-0.206405922,1.000000000,1.020625231,1.227031154,0.229365689,0.000000000,0.000000000,0.000,368.000,368.000
1786746923611,XAUT_USDT,demo,0,microspread_below_threshold,-1,-0.206405922,1.000000000,1.020625231,1.227031154,0.229365689,0.000000000,0.000000000,116.000,57.000,57.000
1786746923764,XAUT_USDT,demo,0,microspread_below_threshold,-1,-0.206405922,1.000000000,1.020625231,1.227031154,0.229365689,0.000000000,0.000000000,269.000,121.000,121.000
1786746923876,XAUT_USDT,demo,0,stale_binance,0,0.000000000,1.000000000,0.000000000,0.000000000,0.229365689,0.000000000,0.000000000,381.000,233.000,233.000
1786746923980,XAUT_USDT,demo,0,stale_binance,0,0.000000000,1.000000000,0.000000000,0.000000000,0.229365689,0.000000000,0.000000000,485.000,337.000,337.000
1786746924128,XAUT_USDT,demo,0,stale_binance,0,0.000000000,1.000000000,0.000000000,0.000000000,0.229365689,0.000000000,0.000000000,633.000,56.000,56.000
1786746924285,XAUT_USDT,demo,0,stale_binance,0,0.000000000,1.000000000,0.000000000,0.000000000,0.229365689,0.000000000,0.000000000,790.000,126.000,126.000
1786746924416,XAUT_USDT,demo,0,stale_binance,0,0.000000000,1.000000000,0.000000000,0.000000000,0.229365689,0.000000000,0.000000000,921.000,257.000,257.000
1786746924571,XAUT_USDT,demo,0,microspread_below_threshold,-1,-0.172005231,1.000000000,1.020625231,1.192630463,0.229365689,0.000000000,0.000000000,62.000,74.000,74.000
1786746924671,XAUT_USDT,demo,0,microspread_below_threshold,-1,-0.160538308,1.000000000,1.020625231,1.181163539,0.229365689,0.000000000,0.000000000,162.000,0.000,0.000
1786746924791,XAUT_USDT,demo,0,microspread_below_threshold,-1,-0.160538308,1.000000000,1.020625231,1.181163539,0.229365689,0.000000000,0.000000000,282.000,120.000,120.000
1786746924917,XAUT_USDT,demo,0,stale_binance,0,0.000000000,1.000000000,0.000000000,0.000000000,0.229365689,0.000000000,0.000000000,408.000,246.000,246.000
1786746925071,XAUT_USDT,demo,0,stale_binance,0,0.000000000,1.000000000,0.000000000,0.000000000,0.229365689,0.000000000,0.000000000,562.000,59.000,59.000
1786746925187,XAUT_USDT,demo,0,stale_binance,0,0.000000000,1.000000000,0.000000000,0.000000000,0.229365689,0.000000000,0.000000000,678.000,0.000,0.000
1786746925322,XAUT_USDT,demo,0,stale_binance,0,0.000000000,1.000000000,0.000000000,0.000000000,0.229365689,0.000000000,0.000000000,813.000,51.000,51.000
1786746925441,XAUT_USDT,demo,0,stale_binance,0,0.000000000,1.000000000,0.000000000,0.000000000,0.229365689,0.000000000,0.000000000,932.000,0.000,0.000
1786746925587,XAUT_USDT,demo,0,stale_binance,0,0.000000000,1.000000000,0.000000000,0.000000000,0.229365689,0.000000000,0.000000000,1078.000,60.000,60.000
1786746925700,XAUT_USDT,demo,0,stale_binance,0,0.000000000,1.000000000,0.000000000,0.000000000,0.229365689,0.000000000,0.000000000,1191.000,0.000,0.000
1786746925838,XAUT_USDT,demo,0,stale_binance,0,0.000000000,1.000000000,0.000000000,0.000000000,0.229365689,0.000000000,0.000000000,1329.000,52.000,52.000
1786746925956,XAUT_USDT,demo,0,stale_binance,0,0.000000000,1.000000000,0.000000000,0.000000000,0.229365689,0.000000000,0.000000000,1447.000,0.000,0.000
1786746926103,XAUT_USDT,demo,0,stale_binance,0,0.000000000,1.000000000,0.000000000,0.000000000,0.229365689,0.000000000,0.000000000,1594.000,63.000,63.000
1786746926244,XAUT_USDT,demo,0,stale_binance,0,0.000000000,1.000000000,0.000000000,0.000000000,0.229365689,0.000000000,0.000000000,1735.000,116.000,116.000
1786746926369,XAUT_USDT,demo,0,stale_binance,0,0.000000000,1.000000000,0.000000000,0.000000000,0.229365689,0.000000000,0.000000000,1860.000,241.000,241.000
1786746926493,XAUT_USDT,demo,0,stale_binance,0,0.000000000,1.000000000,0.000000000,0.000000000,0.229365689,0.000000000,0.000000000,1984.000,365.000,365.000
1786746926618,XAUT_USDT,demo,0,stale_binance,0,0.000000000,1.000000000,0.000000000,0.000000000,0.229365689,0.000000000,0.000000000,2109.000,64.000,64.000
1786746926759,XAUT_USDT,demo,0,stale_binance,0,0.000000000,1.000000000,0.000000000,0.000000000,0.229365689,0.000000000,0.000000000,2250.000,117.000,117.000
1786746926884,XAUT_USDT,demo,0,stale_binance,0,0.000000000,1.000000000,0.000000000,0.000000000,0.229365689,0.000000000,0.000000000,2375.000,242.000,242.000
1786746926985,XAUT_USDT,demo,0,stale_binance,0,0.000000000,1.000000000,0.000000000,0.000000000,0.229365689,0.000000000,0.000000000,2476.000,0.000,0.000
1786746927133,XAUT_USDT,demo,0,stale_binance,0,0.000000000,1.000000000,0.000000000,0.000000000,0.229365689,0.000000000,0.000000000,2624.000,64.000,64.000
1786746927275,XAUT_USDT,demo,0,stale_binance,0,0.000000000,1.000000000,0.000000000,0.000000000,0.229365689,0.000000000,0.000000000,2766.000,122.000,122.000
1786746927400,XAUT_USDT,demo,0,stale_binance,0,0.000000000,1.000000000,0.000000000,0.000000000,0.229365689,0.000000000,0.000000000,2891.000,247.000,247.000
1786746927524,XAUT_USDT,demo,0,stale_binance,0,0.000000000,1.000000000,0.000000000,0.000000000,0.229365689,0.000000000,0.000000000,3015.000,371.000,371.000
1786746927648,XAUT_USDT,demo,0,stale_binance,0,0.000000000,1.000000000,0.000000000,0.000000000,0.229365689,0.000000000,0.000000000,3139.000,63.000,63.000
1786746927791,XAUT_USDT,demo,0,stale_binance,0,0.000000000,1.000000000,0.000000000,0.000000000,0.229365689,0.000000000,0.000000000,3282.000,117.000,117.000
1786746928483,XAUT_USDT,demo,0,microspread_below_threshold,0,0.000000000,1.000000000,1.020625231,1.020625231,0.229365689,0.000000000,0.000000000,153.000,356.000,356.000
1786746928585,XAUT_USDT,demo,0,microspread_below_threshold,0,0.000000000,1.000000000,1.020625231,1.020625231,0.229365689,0.000000000,0.000000000,255.000,53.000,53.000
1786746928728,XAUT_USDT,demo,0,stale_binance,0,0.000000000,1.000000000,0.000000000,0.000000000,0.229365689,0.000000000,0.000000000,398.000,108.000,108.000
1786746928830,XAUT_USDT,demo,0,stale_binance,0,0.000000000,1.000000000,0.000000000,0.000000000,0.229365689,0.000000000,0.000000000,500.000,210.000,210.000
1786746928943,XAUT_USDT,demo,0,stale_binance,0,0.000000000,1.000000000,0.000000000,0.000000000,0.229365689,0.000000000,0.000000000,613.000,323.000,323.000
1786746929051,XAUT_USDT,demo,0,stale_binance,0,0.000000000,1.000000000,0.000000000,0.000000000,0.229365689,0.000000000,0.000000000,721.000,0.000,0.000
1786746929196,XAUT_USDT,demo,0,stale_binance,0,0.000000000,1.000000000,0.000000000,0.000000000,0.229365689,0.000000000,0.000000000,866.000,57.000,57.000
1786746929322,XAUT_USDT,demo,0,stale_binance,0,0.000000000,1.000000000,0.000000000,0.000000000,0.229365689,0.000000000,0.000000000,992.000,183.000,183.000
1786746929447,XAUT_USDT,demo,0,stale_binance,0,0.000000000,1.000000000,0.000000000,0.000000000,0.229365689,0.000000000,0.000000000,1117.000,308.000,308.000
1786746929566,XAUT_USDT,demo,0,stale_binance,0,0.000000000,1.000000000,0.000000000,0.000000000,0.229365689,0.000000000,0.000000000,1236.000,0.000,0.000
1786746929710,XAUT_USDT,demo,0,stale_binance,0,0.000000000,1.000000000,0.000000000,0.000000000,0.229365689,0.000000000,0.000000000,1380.000,58.000,58.000
1786746929835,XAUT_USDT,demo,0,stale_binance,0,0.000000000,1.000000000,0.000000000,0.000000000,0.229365689,0.000000000,0.000000000,1505.000,183.000,183.000
1786746929958,XAUT_USDT,demo,0,stale_binance,0,0.000000000,1.000000000,0.000000000,0.000000000,0.229365689,0.000000000,0.000000000,1628.000,306.000,306.000
1786746930083,XAUT_USDT,demo,0,stale_binance,0,0.000000000,1.000000000,0.000000000,0.000000000,0.229365689,0.000000000,0.000000000,1753.000,0.000,0.000
1786746930226,XAUT_USDT,demo,0,stale_binance,0,0.000000000,1.000000000,0.000000000,0.000000000,0.229365689,0.000000000,0.000000000,1896.000,59.000,59.000
1786746930351,XAUT_USDT,demo,0,stale_binance,0,0.000000000,1.000000000,0.000000000,0.000000000,0.229365689,0.000000000,0.000000000,2021.000,184.000,184.000
1786746930477,XAUT_USDT,demo,0,microspread_below_threshold,0,0.000000000,1.000000000,1.020625231,1.020625231,0.229365689,0.000000000,0.000000000,118.000,310.000,310.000
1786746930602,XAUT_USDT,demo,0,microspread_below_threshold,0,0.000000000,1.000000000,1.020625231,1.020625231,0.229365689,0.000000000,0.000000000,243.000,0.000,0.000
1786746930736,XAUT_USDT,demo,0,stale_binance,0,0.000000000,1.000000000,0.000000000,0.000000000,0.229365689,0.000000000,0.000000000,377.000,52.000,52.000
1786746930863,XAUT_USDT,demo,0,stale_binance,0,0.000000000,1.000000000,0.000000000,0.000000000,0.229365689,0.000000000,0.000000000,504.000,179.000,179.000
1786746930987,XAUT_USDT,demo,0,stale_binance,0,0.000000000,1.000000000,0.000000000,0.000000000,0.229365689,0.000000000,0.000000000,628.000,303.000,303.000
1786746931109,XAUT_USDT,demo,0,stale_binance,0,0.000000000,1.000000000,0.000000000,0.000000000,0.229365689,0.000000000,0.000000000,750.000,1.000,1.000
1786746931252,XAUT_USDT,demo,0,stale_binance,0,0.000000000,1.000000000,0.000000000,0.000000000,0.229365689,0.000000000,0.000000000,893.000,57.000,57.000
1786746931394,XAUT_USDT,demo,0,microspread_below_threshold,0,0.000000000,1.000000000,1.020625231,1.020625231,0.229365689,0.000000000,0.000000000,63.000,112.000,112.000
1786746931519,XAUT_USDT,demo,0,microspread_below_threshold,0,0.000000000,1.000000000,1.020625231,1.020625231,0.229365689,0.000000000,0.000000000,188.000,237.000,237.000
1786746931625,XAUT_USDT,demo,0,microspread_below_threshold,0,0.000000000,1.000000000,1.020625231,1.020625231,0.229365689,0.000000000,0.000000000,294.000,0.000,0.000
1786746931739,XAUT_USDT,demo,0,stale_binance,0,0.000000000,1.000000000,0.000000000,0.000000000,0.229365689,0.000000000,0.000000000,408.000,114.000,114.000
1786746931864,XAUT_USDT,demo,0,stale_binance,0,0.000000000,1.000000000,0.000000000,0.000000000,0.229365689,0.000000000,0.000000000,533.000,239.000,239.000
1786746931972,XAUT_USDT,demo,0,stale_binance,0,0.000000000,1.000000000,0.000000000,0.000000000,0.229365689,0.000000000,0.000000000,641.000,0.000,0.000
1786746932114,XAUT_USDT,demo,0,stale_binance,0,0.000000000,1.000000000,0.000000000,0.000000000,0.229365689,0.000000000,0.000000000,783.000,59.000,59.000
1786746932253,XAUT_USDT,demo,0,stale_binance,0,0.000000000,1.000000000,0.000000000,0.000000000,0.229365689,0.000000000,0.000000000,922.000,112.000,112.000
1786746932379,XAUT_USDT,demo,0,stale_binance,0,0.000000000,1.000000000,0.000000000,0.000000000,0.229365689,0.000000000,0.000000000,1048.000,238.000,238.000
1786746932503,XAUT_USDT,demo,0,stale_binance,0,0.000000000,1.000000000,0.000000000,0.000000000,0.229365689,0.000000000,0.000000000,1172.000,362.000,362.000
1786746932628,XAUT_USDT,demo,0,microspread_below_threshold,0,0.000000000,1.000000000,1.020625231,1.020625231,0.229365689,0.000000000,0.000000000,119.000,60.000,60.000
1786746932768,XAUT_USDT,demo,0,microspread_below_threshold,0,0.000000000,1.000000000,1.020625231,1.020625231,0.229365689,0.000000000,0.000000000,259.000,114.000,114.000
1786746932894,XAUT_USDT,demo,0,stale_binance,0,0.000000000,1.000000000,0.000000000,0.000000000,0.229365689,0.000000000,0.000000000,385.000,240.000,240.000
1786746932998,XAUT_USDT,demo,0,stale_binance,0,0.000000000,1.000000000,0.000000000,0.000000000,0.229365689,0.000000000,0.000000000,489.000,0.000,0.000
1786746933144,XAUT_USDT,demo,0,stale_binance,0,0.000000000,1.000000000,0.000000000,0.000000000,0.229365689,0.000000000,0.000000000,635.000,60.000,60.000
1786746933283,XAUT_USDT,demo,0,stale_binance,0,0.000000000,1.000000000,0.000000000,0.000000000,0.229365689,0.000000000,0.000000000,774.000,115.000,115.000
1786746933408,XAUT_USDT,demo,0,stale_binance,0,0.000000000,1.000000000,0.000000000,0.000000000,0.229365689,0.000000000,0.000000000,899.000,240.000,240.000
1786746934118,XAUT_USDT,demo,0,stale_binance,0,0.000000000,1.000000000,0.000000000,0.000000000,0.229365689,0.000000000,0.000000000,612.000,9.000,9.000
1786746934234,XAUT_USDT,demo,0,stale_binance,0,0.000000000,1.000000000,0.000000000,0.000000000,0.229365689,0.000000000,0.000000000,728.000,125.000,125.000
1786746934358,XAUT_USDT,demo,0,stale_binance,0,0.000000000,1.000000000,0.000000000,0.000000000,0.229365689,0.000000000,0.000000000,852.000,249.000,249.000
1786746934483,XAUT_USDT,demo,0,stale_binance,0,0.000000000,1.000000000,0.000000000,0.000000000,0.229365689,0.000000000,0.000000000,977.000,374.000,374.000
1786746934609,XAUT_USDT,demo,0,microspread_below_threshold,0,0.000000000,1.000000000,1.020625231,1.020625231,0.229365689,0.000000000,0.000000000,66.000,69.000,69.000
1786746934751,XAUT_USDT,demo,0,microspread_below_threshold,0,0.000000000,1.000000000,1.020625231,1.020625231,0.229365689,0.000000000,0.000000000,208.000,124.000,124.000
1786746934877,XAUT_USDT,demo,0,stale_binance,0,0.000000000,1.000000000,0.000000000,0.000000000,0.229365689,0.000000000,0.000000000,334.000,250.000,250.000
1786746935002,XAUT_USDT,demo,0,stale_binance,0,0.000000000,1.000000000,0.000000000,0.000000000,0.229365689,0.000000000,0.000000000,459.000,375.000,375.000
1786746935111,XAUT_USDT,demo,0,stale_binance,0,0.000000000,1.000000000,0.000000000,0.000000000,0.229365689,0.000000000,0.000000000,568.000,58.000,58.000
1786746935267,XAUT_USDT,demo,0,stale_binance,0,0.000000000,1.000000000,0.000000000,0.000000000,0.229365689,0.000000000,0.000000000,724.000,126.000,126.000
1786746935391,XAUT_USDT,demo,0,stale_binance,0,0.000000000,1.000000000,0.000000000,0.000000000,0.229365689,0.000000000,0.000000000,848.000,250.000,250.000
1786746935507,XAUT_USDT,demo,0,microspread_below_threshold,0,0.000000000,1.000000000,1.020625231,1.020625231,0.229365689,0.000000000,0.000000000,0.000,366.000,366.000
1786746935642,XAUT_USDT,demo,0,microspread_below_threshold,0,0.000000000,1.000000000,1.020625231,1.020625231,0.229365689,0.000000000,0.000000000,56.000,70.000,70.000
1786746935788,XAUT_USDT,demo,0,microspread_below_threshold,0,0.000000000,1.000000000,1.020625231,1.020625231,0.229365689,0.000000000,0.000000000,138.000,128.000,128.000
1786746935897,XAUT_USDT,demo,0,microspread_below_threshold,0,0.000000000,1.000000000,1.020625231,1.020625231,0.229365689,0.000000000,0.000000000,247.000,65.000,65.000
1786746936003,XAUT_USDT,demo,0,stale_binance,0,0.000000000,1.000000000,0.000000000,0.000000000,0.229365689,0.000000000,0.000000000,353.000,0.000,0.000
1786746936149,XAUT_USDT,demo,0,stale_binance,0,0.000000000,1.000000000,0.000000000,0.000000000,0.229365689,0.000000000,0.000000000,499.000,57.000,57.000
1786746936288,XAUT_USDT,demo,0,stale_binance,0,0.000000000,1.000000000,0.000000000,0.000000000,0.229365689,0.000000000,0.000000000,638.000,115.000,115.000
1786746936398,XAUT_USDT,demo,0,stale_binance,0,0.000000000,1.000000000,0.000000000,0.000000000,0.229365689,0.000000000,0.000000000,748.000,54.000,54.000
1786746936509,XAUT_USDT,demo,0,microspread_below_threshold,0,0.000000000,1.000000000,1.020625231,1.020625231,0.229365689,0.000000000,0.000000000,1.000,79.000,79.000
1786746936663,XAUT_USDT,demo,0,microspread_below_threshold,0,0.000000000,1.000000000,1.020625231,1.020625231,0.229365689,0.000000000,0.000000000,155.000,60.000,60.000
1786746936788,XAUT_USDT,demo,0,microspread_below_threshold,0,0.000000000,1.000000000,1.020625231,1.020625231,0.229365689,0.000000000,0.000000000,280.000,185.000,185.000
1786746936914,XAUT_USDT,demo,0,stale_binance,0,0.000000000,1.000000000,0.000000000,0.000000000,0.229365689,0.000000000,0.000000000,406.000,311.000,311.000
1786746937030,XAUT_USDT,demo,0,stale_binance,0,0.000000000,1.000000000,0.000000000,0.000000000,0.229365689,0.000000000,0.000000000,522.000,1.000,1.000
1786746937179,XAUT_USDT,demo,0,microspread_below_threshold,0,0.000000000,1.000000000,1.020625231,1.020625231,0.229365689,0.000000000,0.000000000,52.000,65.000,65.000
1786746937320,XAUT_USDT,demo,0,microspread_below_threshold,0,0.000000000,1.000000000,1.020625231,1.020625231,0.229365689,0.000000000,0.000000000,193.000,120.000,120.000
1786746937444,XAUT_USDT,demo,0,stale_binance,0,0.000000000,1.000000000,0.000000000,0.000000000,0.229365689,0.000000000,0.000000000,317.000,244.000,244.000
1786746937544,XAUT_USDT,demo,0,microspread_below_threshold,0,0.000000000,1.000000000,1.020625231,1.020625231,0.229365689,0.000000000,0.000000000,37.000,1.000,1.000
1786746937693,XAUT_USDT,demo,0,microspread_below_threshold,0,0.000000000,1.000000000,1.020625231,1.020625231,0.229365689,0.000000000,0.000000000,186.000,58.000,58.000
1786746937819,XAUT_USDT,demo,0,stale_binance,0,0.000000000,1.000000000,0.000000000,0.000000000,0.229365689,0.000000000,0.000000000,312.000,184.000,184.000
1786746937944,XAUT_USDT,demo,0,stale_binance,0,0.000000000,1.000000000,0.000000000,0.000000000,0.229365689,0.000000000,0.000000000,437.000,309.000,309.000
1786746938061,XAUT_USDT,demo,0,stale_binance,0,0.000000000,1.000000000,0.000000000,0.000000000,0.229365689,0.000000000,0.000000000,554.000,0.000,0.000
1786746938210,XAUT_USDT,demo,0,microspread_below_threshold,0,0.000000000,1.000000000,1.020625231,1.020625231,0.229365689,0.000000000,0.000000000,79.000,63.000,63.000
1786746938328,XAUT_USDT,demo,0,microspread_below_threshold,0,0.000000000,1.000000000,1.020625231,1.020625231,0.229365689,0.000000000,0.000000000,197.000,181.000,181.000
1786746938454,XAUT_USDT,demo,0,stale_binance,0,0.000000000,1.000000000,0.000000000,0.000000000,0.229365689,0.000000000,0.000000000,323.000,307.000,307.000
1786746938563,XAUT_USDT,demo,0,microspread_below_threshold,0,0.000000000,1.000000000,1.020625231,1.020625231,0.229365689,0.000000000,0.000000000,56.000,416.000,416.000
1786746938669,XAUT_USDT,demo,0,microspread_below_threshold,0,0.000000000,1.000000000,1.020625231,1.020625231,0.229365689,0.000000000,0.000000000,162.000,0.000,0.000
1786746938796,XAUT_USDT,demo,0,microspread_below_threshold,0,0.000000000,1.000000000,1.020625231,1.020625231,0.229365689,0.000000000,0.000000000,289.000,127.000,127.000
1786746938920,XAUT_USDT,demo,0,stale_binance,0,0.000000000,1.000000000,0.000000000,0.000000000,0.229365689,0.000000000,0.000000000,413.000,251.000,251.000
1786746939061,XAUT_USDT,demo,0,stale_binance,0,0.000000000,1.000000000,0.000000000,0.000000000,0.229365689,0.000000000,0.000000000,554.000,51.000,51.000
1786746939811,XAUT_USDT,demo,0,microspread_below_threshold,0,0.000000000,1.000000000,1.020625231,1.020625231,0.229365689,0.000000000,0.000000000,72.000,117.000,117.000
1786746939949,XAUT_USDT,demo,0,microspread_below_threshold,0,0.000000000,1.000000000,1.020625231,1.020625231,0.229365689,0.000000000,0.000000000,210.000,255.000,255.000
1786746940089,XAUT_USDT,demo,0,stale_binance,0,0.000000000,1.000000000,0.000000000,0.000000000,0.229365689,0.000000000,0.000000000,350.000,56.000,56.000
1786746940206,XAUT_USDT,demo,0,stale_binance,0,0.000000000,1.000000000,0.000000000,0.000000000,0.229365689,0.000000000,0.000000000,467.000,0.000,0.000
1786746940323,XAUT_USDT,demo,0,stale_binance,0,0.000000000,1.000000000,0.000000000,0.000000000,0.229365689,0.000000000,0.000000000,584.000,117.000,117.000
1786746940479,XAUT_USDT,demo,0,microspread_below_threshold,0,0.000000000,1.000000000,1.020625231,1.020625231,0.229365689,0.000000000,0.000000000,124.000,273.000,273.000
1786746940602,XAUT_USDT,demo,0,microspread_below_threshold,0,0.000000000,1.000000000,1.020625231,1.020625231,0.229365689,0.000000000,0.000000000,57.000,53.000,53.000
1786746940758,XAUT_USDT,demo,0,microspread_below_threshold,0,0.000000000,1.000000000,1.020625231,1.020625231,0.229365689,0.000000000,0.000000000,213.000,117.000,117.000
1786746940882,XAUT_USDT,demo,0,stale_binance,0,0.000000000,1.000000000,0.000000000,0.000000000,0.229365689,0.000000000,0.000000000,337.000,241.000,241.000
1786746941007,XAUT_USDT,demo,0,stale_binance,0,0.000000000,1.000000000,0.000000000,0.000000000,0.229365689,0.000000000,0.000000000,462.000,366.000,366.000
1786746941117,XAUT_USDT,demo,0,stale_binance,0,0.000000000,1.000000000,0.000000000,0.000000000,0.229365689,0.000000000,0.000000000,572.000,51.000,51.000
1786746941239,XAUT_USDT,demo,0,stale_binance,0,0.000000000,1.000000000,0.000000000,0.000000000,0.229365689,0.000000000,0.000000000,694.000,0.000,0.000
1786746941342,XAUT_USDT,demo,0,microspread_below_threshold,0,0.000000000,1.000000000,1.020625231,1.020625231,0.229365689,0.000000000,0.000000000,0.000,15.000,15.000
1786746941459,XAUT_USDT,demo,0,microspread_below_threshold,0,0.000000000,1.000000000,1.020625231,1.020625231,0.229365689,0.000000000,0.000000000,117.000,132.000,132.000
1786746941569,XAUT_USDT,demo,0,microspread_below_threshold,0,0.000000000,1.000000000,1.020625231,1.020625231,0.229365689,0.000000000,0.000000000,61.000,242.000,242.000
1786746941670,XAUT_USDT,demo,0,microspread_below_threshold,0,0.000000000,1.000000000,1.020625231,1.020625231,0.229365689,0.000000000,0.000000000,162.000,1.000,1.000
1786746941810,XAUT_USDT,demo,0,stale_binance,0,0.000000000,1.000000000,0.000000000,0.000000000,0.229365689,0.000000000,0.000000000,302.000,53.000,53.000
1786746941962,XAUT_USDT,demo,0,stale_binance,0,0.000000000,1.000000000,0.000000000,0.000000000,0.229365689,0.000000000,0.000000000,454.000,119.000,119.000
1786746942073,XAUT_USDT,demo,0,stale_binance,0,0.000000000,1.000000000,0.000000000,0.000000000,0.229365689,0.000000000,0.000000000,565.000,230.000,230.000
1786746942216,XAUT_USDT,demo,0,stale_binance,0,0.000000000,1.000000000,0.000000000,0.000000000,0.229365689,0.000000000,0.000000000,708.000,114.000,114.000
1786746942328,XAUT_USDT,demo,0,stale_binance,0,0.000000000,1.000000000,0.000000000,0.000000000,0.229365689,0.000000000,0.000000000,820.000,226.000,226.000
1786746942454,XAUT_USDT,demo,0,stale_binance,0,0.000000000,1.000000000,0.000000000,0.000000000,0.229365689,0.000000000,0.000000000,946.000,352.000,352.000
1786746942594,XAUT_USDT,demo,0,microspread_below_threshold,0,0.000000000,1.000000000,1.020625231,1.020625231,0.229365689,0.000000000,0.000000000,86.000,62.000,62.000
1786746942705,XAUT_USDT,demo,0,microspread_below_threshold,0,0.000000000,1.000000000,1.020625231,1.020625231,0.229365689,0.000000000,0.000000000,197.000,0.000,0.000
1786746942827,XAUT_USDT,demo,0,stale_binance,0,0.000000000,1.000000000,0.000000000,0.000000000,0.229365689,0.000000000,0.000000000,319.000,122.000,122.000
1786746942951,XAUT_USDT,demo,0,stale_binance,0,0.000000000,1.000000000,0.000000000,0.000000000,0.229365689,0.000000000,0.000000000,443.000,246.000,246.000
1786746943108,XAUT_USDT,demo,0,stale_binance,0,0.000000000,1.000000000,0.000000000,0.000000000,0.229365689,0.000000000,0.000000000,600.000,59.000,59.000
1786746943248,XAUT_USDT,demo,0,stale_binance,0,0.000000000,1.000000000,0.000000000,0.000000000,0.229365689,0.000000000,0.000000000,740.000,114.000,114.000
1786746943372,XAUT_USDT,demo,0,stale_binance,0,0.000000000,1.000000000,0.000000000,0.000000000,0.229365689,0.000000000,0.000000000,864.000,238.000,238.000
1786746943496,XAUT_USDT,demo,0,stale_binance,0,0.000000000,1.000000000,0.000000000,0.000000000,0.229365689,0.000000000,0.000000000,988.000,362.000,362.000
1786746943622,XAUT_USDT,demo,0,microspread_below_threshold,0,0.000000000,1.000000000,1.020625231,1.020625231,0.229365689,0.000000000,0.000000000,115.000,59.000,59.000
1786746943769,XAUT_USDT,demo,0,microspread_below_threshold,0,0.000000000,1.000000000,1.020625231,1.020625231,0.229365689,0.000000000,0.000000000,262.000,119.000,119.000
1786746943876,XAUT_USDT,demo,0,stale_binance,0,0.000000000,1.000000000,0.000000000,0.000000000,0.229365689,0.000000000,0.000000000,369.000,226.000,226.000
1786746943993,XAUT_USDT,demo,0,stale_binance,0,0.000000000,1.000000000,0.000000000,0.000000000,0.229365689,0.000000000,0.000000000,486.000,0.000,0.000
1786746944133,XAUT_USDT,demo,0,stale_binance,0,0.000000000,1.000000000,0.000000000,0.000000000,0.229365689,0.000000000,0.000000000,626.000,58.000,58.000
1786746944274,XAUT_USDT,demo,0,stale_binance,0,0.000000000,1.000000000,0.000000000,0.000000000,0.229365689,0.000000000,0.000000000,767.000,114.000,114.000
1786746944401,XAUT_USDT,demo,0,stale_binance,0,0.000000000,1.000000000,0.000000000,0.000000000,0.229365689,0.000000000,0.000000000,894.000,241.000,241.000
1786746944510,XAUT_USDT,demo,0,microspread_below_threshold,0,0.000000000,1.000000000,1.020625231,1.020625231,0.229365689,0.000000000,0.000000000,1.000,350.000,350.000
1786746944653,XAUT_USDT,demo,0,microspread_below_threshold,0,0.000000000,1.000000000,1.020625231,1.020625231,0.229365689,0.000000000,0.000000000,144.000,61.000,61.000
1786746944794,XAUT_USDT,demo,0,microspread_below_threshold,0,0.000000000,1.000000000,1.020625231,1.020625231,0.229365689,0.000000000,0.000000000,285.000,117.000,117.000
1786746945472,XAUT_USDT,demo,0,microspread_below_threshold,0,0.000000000,1.000000000,1.020625231,1.020625231,0.229365689,0.000000000,0.000000000,30.000,275.000,275.000
1786746945591,XAUT_USDT,demo,0,microspread_below_threshold,0,0.000000000,1.000000000,1.020625231,1.020625231,0.229365689,0.000000000,0.000000000,84.000,53.000,53.000
1786746945709,XAUT_USDT,demo,0,microspread_below_threshold,0,0.000000000,1.000000000,1.020625231,1.020625231,0.229365689,0.000000000,0.000000000,202.000,1.000,1.000
1786746945824,XAUT_USDT,demo,0,stale_binance,0,0.000000000,1.000000000,0.000000000,0.000000000,0.229365689,0.000000000,0.000000000,317.000,116.000,116.000
1786746945948,XAUT_USDT,demo,0,stale_binance,0,0.000000000,1.000000000,0.000000000,0.000000000,0.229365689,0.000000000,0.000000000,441.000,240.000,240.000
1786746946051,XAUT_USDT,demo,0,stale_binance,0,0.000000000,1.000000000,0.000000000,0.000000000,0.229365689,0.000000000,0.000000000,544.000,1.000,1.000
1786746946199,XAUT_USDT,demo,0,stale_binance,0,0.000000000,1.000000000,0.000000000,0.000000000,0.229365689,0.000000000,0.000000000,692.000,61.000,61.000
1786746946323,XAUT_USDT,demo,0,stale_binance,0,0.000000000,1.000000000,0.000000000,0.000000000,0.229365689,0.000000000,0.000000000,816.000,185.000,185.000
1786746946447,XAUT_USDT,demo,0,stale_binance,0,0.000000000,1.000000000,0.000000000,0.000000000,0.229365689,0.000000000,0.000000000,940.000,56.000,56.000
1786746946564,XAUT_USDT,demo,0,microspread_below_threshold,0,0.000000000,1.000000000,1.020625231,1.020625231,0.229365689,0.000000000,0.000000000,54.000,0.000,0.000
1786746946712,XAUT_USDT,demo,0,microspread_below_threshold,0,0.000000000,1.000000000,1.020625231,1.020625231,0.229365689,0.000000000,0.000000000,202.000,54.000,54.000
1786746946852,XAUT_USDT,demo,0,microspread_below_threshold,0,0.000000000,1.000000000,1.020625231,1.020625231,0.229365689,0.000000000,0.000000000,62.000,194.000,194.000
1786746946960,XAUT_USDT,demo,0,microspread_below_threshold,0,0.000000000,1.000000000,1.020625231,1.020625231,0.229365689,0.000000000,0.000000000,170.000,52.000,52.000
1786746947077,XAUT_USDT,demo,0,microspread_below_threshold,0,0.000000000,1.000000000,1.020625231,1.020625231,0.229365689,0.000000000,0.000000000,287.000,0.000,0.000
1786746947225,XAUT_USDT,demo,0,stale_binance,0,0.000000000,1.000000000,0.000000000,0.000000000,0.229365689,0.000000000,0.000000000,435.000,62.000,62.000
1786746947350,XAUT_USDT,demo,0,stale_binance,0,0.000000000,1.000000000,0.000000000,0.000000000,0.229365689,0.000000000,0.000000000,560.000,187.000,187.000
1786746947476,XAUT_USDT,demo,0,stale_binance,0,0.000000000,1.000000000,0.000000000,0.000000000,0.229365689,0.000000000,0.000000000,686.000,313.000,313.000
1786746947598,XAUT_USDT,demo,0,stale_binance,0,0.000000000,1.000000000,0.000000000,0.000000000,0.229365689,0.000000000,0.000000000,808.000,0.000,0.000
1786746947739,XAUT_USDT,demo,0,stale_binance,0,0.000000000,1.000000000,0.000000000,0.000000000,0.229365689,0.000000000,0.000000000,949.000,53.000,53.000
1786746947863,XAUT_USDT,demo,0,stale_binance,0,0.000000000,1.000000000,0.000000000,0.000000000,0.229365689,0.000000000,0.000000000,1073.000,177.000,177.000
1786746947988,XAUT_USDT,demo,0,stale_binance,0,0.000000000,1.000000000,0.000000000,0.000000000,0.229365689,0.000000000,0.000000000,1198.000,302.000,302.000
1786746948114,XAUT_USDT,demo,0,stale_binance,0,0.000000000,1.000000000,0.000000000,0.000000000,0.229365689,0.000000000,0.000000000,1324.000,0.000,0.000
1786746948236,XAUT_USDT,demo,0,stale_binance,0,0.000000000,1.000000000,0.000000000,0.000000000,0.229365689,0.000000000,0.000000000,1446.000,122.000,122.000
1786746948361,XAUT_USDT,demo,0,stale_binance,0,0.000000000,1.000000000,0.000000000,0.000000000,0.229365689,0.000000000,0.000000000,1571.000,247.000,247.000
1786746948485,XAUT_USDT,demo,0,stale_binance,0,0.000000000,1.000000000,0.000000000,0.000000000,0.229365689,0.000000000,0.000000000,1695.000,371.000,371.000
1786746948611,XAUT_USDT,demo,0,microspread_below_threshold,0,0.000000000,1.000000000,1.020625231,1.020625231,0.229365689,0.000000000,0.000000000,104.000,65.000,65.000
1786746948727,XAUT_USDT,demo,0,microspread_below_threshold,0,0.000000000,1.000000000,1.020625231,1.020625231,0.229365689,0.000000000,0.000000000,220.000,0.000,0.000
1786746948834,XAUT_USDT,demo,0,stale_binance,0,0.000000000,1.000000000,0.000000000,0.000000000,0.229365689,0.000000000,0.000000000,327.000,107.000,107.000
1786746948947,XAUT_USDT,demo,0,stale_binance,0,0.000000000,1.000000000,0.000000000,0.000000000,0.229365689,0.000000000,0.000000000,440.000,220.000,220.000
1786746949061,XAUT_USDT,demo,0,stale_binance,0,0.000000000,1.000000000,0.000000000,0.000000000,0.229365689,0.000000000,0.000000000,554.000,0.000,0.000
1786746949211,XAUT_USDT,demo,0,stale_binance,0,0.000000000,1.000000000,0.000000000,0.000000000,0.229365689,0.000000000,0.000000000,704.000,64.000,64.000
1786746949336,XAUT_USDT,demo,0,stale_binance,0,0.000000000,1.000000000,0.000000000,0.000000000,0.229365689,0.000000000,0.000000000,829.000,189.000,189.000
1786746949461,XAUT_USDT,demo,0,stale_binance,0,0.000000000,1.000000000,0.000000000,0.000000000,0.229365689,0.000000000,0.000000000,954.000,314.000,314.000
1786746949570,XAUT_USDT,demo,0,microspread_below_threshold,0,0.000000000,1.000000000,1.020625231,1.020625231,0.229365689,0.000000000,0.000000000,62.000,423.000,423.000
1786746949726,XAUT_USDT,demo,0,microspread_below_threshold,0,0.000000000,1.000000000,1.020625231,1.020625231,0.229365689,0.000000000,0.000000000,218.000,64.000,64.000
1786746949851,XAUT_USDT,demo,0,stale_binance,0,0.000000000,1.000000000,0.000000000,0.000000000,0.229365689,0.000000000,0.000000000,343.000,189.000,189.000
1786746949974,XAUT_USDT,demo,0,stale_binance,0,0.000000000,1.000000000,0.000000000,0.000000000,0.229365689,0.000000000,0.000000000,466.000,312.000,312.000
1786746950092,XAUT_USDT,demo,0,stale_binance,0,0.000000000,1.000000000,0.000000000,0.000000000,0.229365689,0.000000000,0.000000000,584.000,1.000,1.000
1786746950226,XAUT_USDT,demo,0,stale_binance,0,0.000000000,1.000000000,0.000000000,0.000000000,0.229365689,0.000000000,0.000000000,718.000,51.000,51.000
1786746950350,XAUT_USDT,demo,0,stale_binance,0,0.000000000,1.000000000,0.000000000,0.000000000,0.229365689,0.000000000,0.000000000,842.000,175.000,175.000
1786746950459,XAUT_USDT,demo,0,microspread_below_threshold,0,0.000000000,1.000000000,1.020625231,1.020625231,0.229365689,0.000000000,0.000000000,55.000,284.000,284.000
1786746951161,XAUT_USDT,demo,0,microspread_below_threshold,0,0.000000000,1.000000000,1.020625231,1.020625231,0.229365689,0.000000000,0.000000000,161.000,38.000,38.000
1786746951300,XAUT_USDT,demo,0,microspread_below_threshold,0,0.000000000,1.000000000,1.020625231,1.020625231,0.229365689,0.000000000,0.000000000,51.000,89.000,89.000
1786746951409,XAUT_USDT,demo,0,microspread_below_threshold,0,0.000000000,1.000000000,1.020625231,1.020625231,0.229365689,0.000000000,0.000000000,51.000,198.000,198.000
1786746951534,XAUT_USDT,demo,0,microspread_below_threshold,0,0.000000000,1.000000000,1.020625231,1.020625231,0.229365689,0.000000000,0.000000000,176.000,323.000,323.000
1786746951640,XAUT_USDT,demo,0,microspread_below_threshold,0,0.000000000,1.000000000,1.020625231,1.020625231,0.229365689,0.000000000,0.000000000,282.000,0.000,0.000
1786746951782,XAUT_USDT,demo,0,stale_binance,0,0.000000000,1.000000000,0.000000000,0.000000000,0.229365689,0.000000000,0.000000000,424.000,56.000,56.000
1786746951895,XAUT_USDT,demo,0,stale_binance,0,0.000000000,1.000000000,0.000000000,0.000000000,0.229365689,0.000000000,0.000000000,537.000,0.000,0.000
1786746952013,XAUT_USDT,demo,0,stale_binance,0,0.000000000,1.000000000,0.000000000,0.000000000,0.229365689,0.000000000,0.000000000,655.000,118.000,118.000
1786746952136,XAUT_USDT,demo,0,stale_binance,0,0.000000000,1.000000000,0.000000000,0.000000000,0.229365689,0.000000000,0.000000000,778.000,241.000,241.000
1786746952236,XAUT_USDT,demo,0,stale_binance,0,0.000000000,1.000000000,0.000000000,0.000000000,0.229365689,0.000000000,0.000000000,878.000,1.000,1.000
1786746952385,XAUT_USDT,demo,0,stale_binance,0,0.000000000,1.000000000,0.000000000,0.000000000,0.229365689,0.000000000,0.000000000,1027.000,62.000,62.000
1786746952506,XAUT_USDT,demo,0,microspread_below_threshold,0,0.000000000,1.000000000,1.020625231,1.020625231,0.229365689,0.000000000,0.000000000,0.000,98.000,98.000
1786746952635,XAUT_USDT,demo,0,microspread_below_threshold,0,0.000000000,1.000000000,1.020625231,1.020625231,0.229365689,0.000000000,0.000000000,127.000,53.000,53.000
1786746952791,XAUT_USDT,demo,0,microspread_below_threshold,0,0.000000000,1.000000000,1.020625231,1.020625231,0.229365689,0.000000000,0.000000000,283.000,64.000,64.000
1786746952915,XAUT_USDT,demo,0,stale_binance,0,0.000000000,1.000000000,0.000000000,0.000000000,0.229365689,0.000000000,0.000000000,407.000,188.000,188.000
1786746953040,XAUT_USDT,demo,0,stale_binance,0,0.000000000,1.000000000,0.000000000,0.000000000,0.229365689,0.000000000,0.000000000,532.000,313.000,313.000
1786746953148,XAUT_USDT,demo,0,stale_binance,0,0.000000000,1.000000000,0.000000000,0.000000000,0.229365689,0.000000000,0.000000000,640.000,54.000,54.000
1786746953278,XAUT_USDT,demo,0,microspread_below_threshold,0,0.000000000,1.000000000,1.020625231,1.020625231,0.229365689,0.000000000,0.000000000,0.000,100.000,100.000
1786746953383,XAUT_USDT,demo,0,microspread_below_threshold,0,0.000000000,1.000000000,1.020625231,1.020625231,0.229365689,0.000000000,0.000000000,0.000,205.000,205.000
1786746953507,XAUT_USDT,demo,0,microspread_below_threshold,0,0.000000000,1.000000000,1.020625231,1.020625231,0.229365689,0.000000000,0.000000000,0.000,329.000,329.000
1786746953610,XAUT_USDT,demo,0,microspread_below_threshold,0,0.000000000,1.000000000,1.020625231,1.020625231,0.229365689,0.000000000,0.000000000,103.000,0.000,0.000
1786746953758,XAUT_USDT,demo,0,microspread_below_threshold,0,0.000000000,1.000000000,1.020625231,1.020625231,0.229365689,0.000000000,0.000000000,251.000,59.000,59.000
1786746953881,XAUT_USDT,demo,0,stale_binance,0,0.000000000,1.000000000,0.000000000,0.000000000,0.229365689,0.000000000,0.000000000,374.000,182.000,182.000
1786746954004,XAUT_USDT,demo,0,stale_binance,0,0.000000000,1.000000000,0.000000000,0.000000000,0.229365689,0.000000000,0.000000000,497.000,305.000,305.000
1786746954128,XAUT_USDT,demo,0,stale_binance,0,0.000000000,1.000000000,0.000000000,0.000000000,0.229365689,0.000000000,0.000000000,621.000,0.000,0.000
1786746954267,XAUT_USDT,demo,0,stale_binance,0,0.000000000,1.000000000,0.000000000,0.000000000,0.229365689,0.000000000,0.000000000,760.000,55.000,55.000
1786746954392,XAUT_USDT,demo,0,microspread_below_threshold,0,0.000000000,1.000000000,1.020625231,1.020625231,0.229365689,0.000000000,0.000000000,121.000,180.000,180.000
1786746954508,XAUT_USDT,demo,0,microspread_below_threshold,0,0.000000000,1.000000000,1.020625231,1.020625231,0.229365689,0.000000000,0.000000000,0.000,296.000,296.000
1786746954610,XAUT_USDT,demo,0,microspread_below_threshold,0,0.000000000,1.000000000,1.020625231,1.020625231,0.229365689,0.000000000,0.000000000,102.000,53.000,53.000
1786746954767,XAUT_USDT,demo,0,microspread_below_threshold,0,0.000000000,1.000000000,1.020625231,1.020625231,0.229365689,0.000000000,0.000000000,259.000,122.000,122.000
1786746954901,XAUT_USDT,demo,0,stale_binance,0,0.000000000,1.000000000,0.000000000,0.000000000,0.229365689,0.000000000,0.000000000,393.000,256.000,256.000
1786746955013,XAUT_USDT,demo,0,stale_binance,0,0.000000000,1.000000000,0.000000000,0.000000000,0.229365689,0.000000000,0.000000000,505.000,368.000,368.000
1786746955136,XAUT_USDT,demo,0,stale_binance,0,0.000000000,1.000000000,0.000000000,0.000000000,0.229365689,0.000000000,0.000000000,628.000,61.000,61.000
1786746955245,XAUT_USDT,demo,0,stale_binance,0,0.000000000,1.000000000,0.000000000,0.000000000,0.229365689,0.000000000,0.000000000,737.000,1.000,1.000
1786746955345,XAUT_USDT,demo,0,microspread_below_threshold,0,0.000000000,1.000000000,1.020625231,1.020625231,0.229365689,0.000000000,0.000000000,0.000,101.000,101.000
1786746955477,XAUT_USDT,demo,0,microspread_below_threshold,0,0.000000000,1.000000000,1.020625231,1.020625231,0.229365689,0.000000000,0.000000000,112.000,233.000,233.000
1786746955587,XAUT_USDT,demo,0,microspread_below_threshold,0,0.000000000,1.000000000,1.020625231,1.020625231,0.229365689,0.000000000,0.000000000,222.000,0.000,0.000
1786746955728,XAUT_USDT,demo,0,stale_binance,0,0.000000000,1.000000000,0.000000000,0.000000000,0.229365689,0.000000000,0.000000000,363.000,54.000,54.000
1786746955883,XAUT_USDT,demo,0,stale_binance,0,0.000000000,1.000000000,0.000000000,0.000000000,0.229365689,0.000000000,0.000000000,518.000,125.000,125.000
1786746956008,XAUT_USDT,demo,0,stale_binance,0,0.000000000,1.000000000,0.000000000,0.000000000,0.229365689,0.000000000,0.000000000,643.000,250.000,250.000
1786746956814,XAUT_USDT,demo,0,microspread_below_threshold,0,0.000000000,1.000000000,1.020625231,1.020625231,0.229365689,0.000000000,0.000000000,250.000,87.000,87.000
1786746956927,XAUT_USDT,demo,0,stale_binance,0,0.000000000,1.000000000,0.000000000,0.000000000,0.229365689,0.000000000,0.000000000,363.000,200.000,200.000
1786746957046,XAUT_USDT,demo,0,stale_binance,0,0.000000000,1.000000000,0.000000000,0.000000000,0.229365689,0.000000000,0.000000000,482.000,0.000,0.000
1786746957191,XAUT_USDT,demo,0,stale_binance,0,0.000000000,1.000000000,0.000000000,0.000000000,0.229365689,0.000000000,0.000000000,627.000,58.000,58.000
1786746957336,XAUT_USDT,demo,0,stale_binance,0,0.000000000,1.000000000,0.000000000,0.000000000,0.229365689,0.000000000,0.000000000,772.000,118.000,118.000
1786746957461,XAUT_USDT,demo,0,stale_binance,0,0.000000000,1.000000000,0.000000000,0.000000000,0.229365689,0.000000000,0.000000000,897.000,243.000,243.000
1786746957563,XAUT_USDT,demo,0,microspread_below_threshold,0,0.000000000,1.000000000,1.020625231,1.020625231,0.229365689,0.000000000,0.000000000,53.000,0.000,0.000
1786746957711,XAUT_USDT,demo,0,microspread_below_threshold,0,0.000000000,1.000000000,1.020625231,1.020625231,0.229365689,0.000000000,0.000000000,201.000,61.000,61.000
1786746957851,XAUT_USDT,demo,0,stale_binance,0,0.000000000,1.000000000,0.000000000,0.000000000,0.229365689,0.000000000,0.000000000,341.000,114.000,114.000
1786746957977,XAUT_USDT,demo,0,stale_binance,0,0.000000000,1.000000000,0.000000000,0.000000000,0.229365689,0.000000000,0.000000000,467.000,240.000,240.000
1786746958077,XAUT_USDT,demo,0,stale_binance,0,0.000000000,1.000000000,0.000000000,0.000000000,0.229365689,0.000000000,0.000000000,567.000,0.000,0.000
1786746958227,XAUT_USDT,demo,0,stale_binance,0,0.000000000,1.000000000,0.000000000,0.000000000,0.229365689,0.000000000,0.000000000,717.000,64.000,64.000
1786746958369,XAUT_USDT,demo,0,stale_binance,0,0.000000000,1.000000000,0.000000000,0.000000000,0.229365689,0.000000000,0.000000000,859.000,122.000,122.000
1786746958494,XAUT_USDT,demo,0,stale_binance,0,0.000000000,1.000000000,0.000000000,0.000000000,0.229365689,0.000000000,0.000000000,984.000,247.000,247.000
1786746958649,XAUT_USDT,demo,0,microspread_below_threshold,0,0.000000000,1.000000000,1.020625231,1.020625231,0.229365689,0.000000000,0.000000000,142.000,57.000,57.000
1786746958806,XAUT_USDT,demo,0,microspread_below_threshold,0,0.000000000,1.000000000,1.020625231,1.020625231,0.229365689,0.000000000,0.000000000,299.000,124.000,124.000
1786746958931,XAUT_USDT,demo,0,stale_binance,0,0.000000000,1.000000000,0.000000000,0.000000000,0.229365689,0.000000000,0.000000000,424.000,249.000,249.000
1786746959055,XAUT_USDT,demo,0,stale_binance,0,0.000000000,1.000000000,0.000000000,0.000000000,0.229365689,0.000000000,0.000000000,548.000,373.000,373.000
1786746959165,XAUT_USDT,demo,0,stale_binance,0,0.000000000,1.000000000,0.000000000,0.000000000,0.229365689,0.000000000,0.000000000,658.000,59.000,59.000
1786746959306,XAUT_USDT,demo,0,stale_binance,0,0.000000000,1.000000000,0.000000000,0.000000000,0.229365689,0.000000000,0.000000000,799.000,115.000,115.000
1786746959433,XAUT_USDT,demo,0,stale_binance,0,0.000000000,1.000000000,0.000000000,0.000000000,0.229365689,0.000000000,0.000000000,926.000,242.000,242.000
1786746959558,XAUT_USDT,demo,0,stale_binance,0,0.000000000,1.000000000,0.000000000,0.000000000,0.229365689,0.000000000,0.000000000,1051.000,367.000,367.000
1786746959683,XAUT_USDT,demo,0,stale_binance,0,0.000000000,1.000000000,0.000000000,0.000000000,0.229365689,0.000000000,0.000000000,1176.000,63.000,63.000
1786746959837,XAUT_USDT,demo,0,stale_binance,0,0.000000000,1.000000000,0.000000000,0.000000000,0.229365689,0.000000000,0.000000000,1330.000,127.000,127.000
1786746959962,XAUT_USDT,demo,0,stale_binance,0,0.000000000,1.000000000,0.000000000,0.000000000,0.229365689,0.000000000,0.000000000,1455.000,252.000,252.000
1786746960102,XAUT_USDT,demo,0,stale_binance,0,0.000000000,1.000000000,0.000000000,0.000000000,0.229365689,0.000000000,0.000000000,1595.000,55.000,55.000
1786746960214,XAUT_USDT,demo,0,microspread_below_threshold,0,0.000000000,1.000000000,1.020625231,1.020625231,0.229365689,0.000000000,0.000000000,0.000,80.000,80.000
1786746960334,XAUT_USDT,demo,0,microspread_below_threshold,0,0.000000000,1.000000000,1.020625231,1.020625231,0.229365689,0.000000000,0.000000000,120.000,115.000,115.000
1786746960444,XAUT_USDT,demo,0,microspread_below_threshold,0,0.000000000,1.000000000,1.020625231,1.020625231,0.229365689,0.000000000,0.000000000,53.000,225.000,225.000
1786746960564,XAUT_USDT,demo,0,microspread_below_threshold,0,0.000000000,1.000000000,1.020625231,1.020625231,0.229365689,0.000000000,0.000000000,173.000,0.000,0.000
1786746960722,XAUT_USDT,demo,0,stale_binance,0,0.000000000,1.000000000,0.000000000,0.000000000,0.229365689,0.000000000,0.000000000,331.000,66.000,66.000
1786746960847,XAUT_USDT,demo,0,stale_binance,0,0.000000000,1.000000000,0.000000000,0.000000000,0.229365689,0.000000000,0.000000000,456.000,113.000,113.000
1786746960972,XAUT_USDT,demo,0,stale_binance,0,0.000000000,1.000000000,0.000000000,0.000000000,0.229365689,0.000000000,0.000000000,581.000,238.000,238.000
1786746961097,XAUT_USDT,demo,0,stale_binance,0,0.000000000,1.000000000,0.000000000,0.000000000,0.229365689,0.000000000,0.000000000,706.000,363.000,363.000
1786746961221,XAUT_USDT,demo,0,stale_binance,0,0.000000000,1.000000000,0.000000000,0.000000000,0.229365689,0.000000000,0.000000000,830.000,57.000,57.000
1786746961354,XAUT_USDT,demo,0,microspread_below_threshold,0,0.000000000,1.000000000,1.020625231,1.020625231,0.229365689,0.000000000,0.000000000,0.000,106.000,106.000
1786746961486,XAUT_USDT,demo,0,microspread_below_threshold,0,0.000000000,1.000000000,1.020625231,1.020625231,0.229365689,0.000000000,0.000000000,124.000,238.000,238.000
1786746961596,XAUT_USDT,demo,0,microspread_below_threshold,0,0.000000000,1.000000000,1.020625231,1.020625231,0.229365689,0.000000000,0.000000000,234.000,1.000,1.000
1786746961728,XAUT_USDT,demo,0,microspread_below_threshold,0,0.000000000,1.000000000,1.020625231,1.020625231,0.229365689,0.000000000,0.000000000,0.000,45.000,45.000
1786746962451,XAUT_USDT,demo,0,stale_binance,0,0.000000000,1.000000000,0.000000000,0.000000000,0.229365689,0.000000000,0.000000000,723.000,79.000,79.000
1786746962601,XAUT_USDT,demo,0,stale_binance,0,0.000000000,1.000000000,0.000000000,0.000000000,0.229365689,0.000000000,0.000000000,873.000,63.000,63.000
1786746962713,XAUT_USDT,demo,0,stale_binance,0,0.000000000,1.000000000,0.000000000,0.000000000,0.229365689,0.000000000,0.000000000,985.000,0.000,0.000
1786746962851,XAUT_USDT,demo,0,stale_binance,0,0.000000000,1.000000000,0.000000000,0.000000000,0.229365689,0.000000000,0.000000000,1123.000,50.000,50.000
1786746962974,XAUT_USDT,demo,0,stale_binance,0,0.000000000,1.000000000,0.000000000,0.000000000,0.229365689,0.000000000,0.000000000,1246.000,0.000,0.000
1786746963116,XAUT_USDT,demo,0,stale_binance,0,0.000000000,1.000000000,0.000000000,0.000000000,0.229365689,0.000000000,0.000000000,1388.000,57.000,57.000
1786746963273,XAUT_USDT,demo,0,stale_binance,0,0.000000000,1.000000000,0.000000000,0.000000000,0.229365689,0.000000000,0.000000000,1545.000,128.000,128.000
1786746963397,XAUT_USDT,demo,0,stale_binance,0,0.000000000,1.000000000,0.000000000,0.000000000,0.229365689,0.000000000,0.000000000,1669.000,252.000,252.000
1786746963522,XAUT_USDT,demo,0,stale_binance,0,0.000000000,1.000000000,0.000000000,0.000000000,0.229365689,0.000000000,0.000000000,1794.000,377.000,377.000
1786746963685,XAUT_USDT,demo,0,stale_binance,0,0.000000000,1.000000000,0.000000000,0.000000000,0.229365689,0.000000000,0.000000000,1957.000,118.000,118.000
1786746963810,XAUT_USDT,demo,0,stale_binance,0,0.000000000,1.000000000,0.000000000,0.000000000,0.229365689,0.000000000,0.000000000,2082.000,243.000,243.000
1786746963935,XAUT_USDT,demo,0,stale_binance,0,0.000000000,1.000000000,0.000000000,0.000000000,0.229365689,0.000000000,0.000000000,2207.000,368.000,368.000
1786746964059,XAUT_USDT,demo,0,stale_binance,0,0.000000000,1.000000000,0.000000000,0.000000000,0.229365689,0.000000000,0.000000000,2331.000,492.000,492.000
1786746964184,XAUT_USDT,demo,0,microspread_below_threshold,0,0.000000000,1.000000000,1.020625231,1.020625231,0.229365689,0.000000000,0.000000000,55.000,617.000,617.000
1786746964310,XAUT_USDT,demo,0,microspread_below_threshold,0,0.000000000,1.000000000,1.020625231,1.020625231,0.229365689,0.000000000,0.000000000,181.000,743.000,743.000
1786746964434,XAUT_USDT,demo,0,stale_binance,0,0.000000000,1.000000000,0.000000000,0.000000000,0.229365689,0.000000000,0.000000000,305.000,867.000,867.000
1786746964560,XAUT_USDT,demo,0,stale_binance,0,0.000000000,1.000000000,0.000000000,0.000000000,0.229365689,0.000000000,0.000000000,431.000,993.000,993.000
1786746964685,XAUT_USDT,demo,0,stale_binance,0,0.000000000,1.000000000,0.000000000,0.000000000,0.229365689,0.000000000,0.000000000,556.000,1118.000,1118.000
1786746964811,XAUT_USDT,demo,0,stale_binance,0,0.000000000,1.000000000,0.000000000,0.000000000,0.229365689,0.000000000,0.000000000,682.000,1244.000,1244.000
1786746964936,XAUT_USDT,demo,0,stale_binance,0,0.000000000,1.000000000,0.000000000,0.000000000,0.229365689,0.000000000,0.000000000,807.000,1369.000,1369.000
1786746965059,XAUT_USDT,demo,0,stale_binance,0,0.000000000,1.000000000,0.000000000,0.000000000,0.229365689,0.000000000,0.000000000,930.000,1492.000,1492.000
1786746965184,XAUT_USDT,demo,0,stale_binance,0,0.000000000,1.000000000,0.000000000,0.000000000,0.229365689,0.000000000,0.000000000,1055.000,1617.000,1617.000
1786746965309,XAUT_USDT,demo,0,stale_binance,0,0.000000000,1.000000000,0.000000000,0.000000000,0.229365689,0.000000000,0.000000000,1180.000,1742.000,1742.000
1786746965434,XAUT_USDT,demo,0,stale_binance,0,0.000000000,1.000000000,0.000000000,0.000000000,0.229365689,0.000000000,0.000000000,1305.000,1867.000,1867.000
1786746965558,XAUT_USDT,demo,0,stale_binance,0,0.000000000,1.000000000,0.000000000,0.000000000,0.229365689,0.000000000,0.000000000,1429.000,1991.000,1991.000
1786746968126,XAUT_USDT,demo,0,microspread_below_threshold,0,0.000000000,1.000000000,1.020625231,1.020625231,0.229365689,0.000000000,0.000000000,80.000,149.000,149.000
1786746968248,XAUT_USDT,demo,0,microspread_below_threshold,0,0.000000000,1.000000000,1.020625231,1.020625231,0.229365689,0.000000000,0.000000000,111.000,0.000,0.000
1786746968367,XAUT_USDT,demo,0,microspread_below_threshold,0,0.000000000,1.000000000,1.020625231,1.020625231,0.229365689,0.000000000,0.000000000,230.000,119.000,119.000
1786746968478,XAUT_USDT,demo,0,stale_binance,0,0.000000000,1.000000000,0.000000000,0.000000000,0.229365689,0.000000000,0.000000000,341.000,55.000,55.000
1786746968598,XAUT_USDT,demo,0,stale_binance,0,0.000000000,1.000000000,0.000000000,0.000000000,0.229365689,0.000000000,0.000000000,461.000,0.000,0.000
1786746968728,XAUT_USDT,demo,0,microspread_below_threshold,0,0.000000000,1.000000000,1.020625231,1.020625231,0.229365689,0.000000000,0.000000000,63.000,0.000,0.000
1786746968885,XAUT_USDT,demo,0,microspread_below_threshold,0,0.000000000,1.000000000,1.020625231,1.020625231,0.229365689,0.000000000,0.000000000,220.000,58.000,58.000
1786746968994,XAUT_USDT,demo,0,stale_binance,0,0.000000000,1.000000000,0.000000000,0.000000000,0.229365689,0.000000000,0.000000000,329.000,65.000,65.000
1786746969119,XAUT_USDT,demo,0,stale_binance,0,0.000000000,1.000000000,0.000000000,0.000000000,0.229365689,0.000000000,0.000000000,454.000,190.000,190.000
1786746969275,XAUT_USDT,demo,0,stale_binance,0,0.000000000,1.000000000,0.000000000,0.000000000,0.229365689,0.000000000,0.000000000,610.000,63.000,63.000
1786746969398,XAUT_USDT,demo,0,stale_binance,0,0.000000000,1.000000000,0.000000000,0.000000000,0.229365689,0.000000000,0.000000000,733.000,186.000,186.000
1786746969522,XAUT_USDT,demo,0,stale_binance,0,0.000000000,1.000000000,0.000000000,0.000000000,0.229365689,0.000000000,0.000000000,857.000,310.000,310.000
1786746969649,XAUT_USDT,demo,0,stale_binance,0,0.000000000,1.000000000,0.000000000,0.000000000,0.229365689,0.000000000,0.000000000,984.000,0.000,0.000
1786746969788,XAUT_USDT,demo,0,stale_binance,0,0.000000000,1.000000000,0.000000000,0.000000000,0.229365689,0.000000000,0.000000000,1123.000,59.000,59.000
1786746969930,XAUT_USDT,demo,0,stale_binance,0,0.000000000,1.000000000,0.000000000,0.000000000,0.229365689,0.000000000,0.000000000,1265.000,201.000,201.000
1786746970049,XAUT_USDT,demo,0,stale_binance,0,0.000000000,1.000000000,0.000000000,0.000000000,0.229365689,0.000000000,0.000000000,1384.000,320.000,320.000
1786746970155,XAUT_USDT,demo,0,stale_binance,0,0.000000000,1.000000000,0.000000000,0.000000000,0.229365689,0.000000000,0.000000000,1490.000,1.000,1.000
1786746970296,XAUT_USDT,demo,0,stale_binance,0,0.000000000,1.000000000,0.000000000,0.000000000,0.229365689,0.000000000,0.000000000,1631.000,56.000,56.000
1786746970449,XAUT_USDT,demo,0,microspread_below_threshold,0,0.000000000,1.000000000,1.020625231,1.020625231,0.229365689,0.000000000,0.000000000,58.000,209.000,209.000
1786746970560,XAUT_USDT,demo,0,microspread_below_threshold,0,0.000000000,1.000000000,1.020625231,1.020625231,0.229365689,0.000000000,0.000000000,169.000,320.000,320.000
1786746970688,XAUT_USDT,demo,0,microspread_below_threshold,0,0.000000000,1.000000000,1.020625231,1.020625231,0.229365689,0.000000000,0.000000000,297.000,448.000,448.000
1786746970815,XAUT_USDT,demo,0,stale_binance,0,0.000000000,1.000000000,0.000000000,0.000000000,0.229365689,0.000000000,0.000000000,424.000,575.000,575.000
1786746970940,XAUT_USDT,demo,0,stale_binance,0,0.000000000,1.000000000,0.000000000,0.000000000,0.229365689,0.000000000,0.000000000,549.000,700.000,700.000
1786746971065,XAUT_USDT,demo,0,stale_binance,0,0.000000000,1.000000000,0.000000000,0.000000000,0.229365689,0.000000000,0.000000000,674.000,825.000,825.000
1786746971190,XAUT_USDT,demo,0,stale_binance,0,0.000000000,1.000000000,0.000000000,0.000000000,0.229365689,0.000000000,0.000000000,799.000,950.000,950.000
1786746971316,XAUT_USDT,demo,0,stale_binance,0,0.000000000,1.000000000,0.000000000,0.000000000,0.229365689,0.000000000,0.000000000,925.000,1076.000,1076.000
1786746971426,XAUT_USDT,demo,0,microspread_below_threshold,0,0.000000000,1.000000000,1.020625231,1.020625231,0.229365689,0.000000000,0.000000000,53.000,1186.000,1186.000
1786746971552,XAUT_USDT,demo,0,microspread_below_threshold,0,0.000000000,1.000000000,1.020625231,1.020625231,0.229365689,0.000000000,0.000000000,179.000,1312.000,1312.000
1786746971678,XAUT_USDT,demo,0,stale_binance,0,0.000000000,1.000000000,0.000000000,0.000000000,0.229365689,0.000000000,0.000000000,305.000,1438.000,1438.000
1786746971803,XAUT_USDT,demo,0,stale_binance,0,0.000000000,1.000000000,0.000000000,0.000000000,0.229365689,0.000000000,0.000000000,430.000,1563.000,1563.000
1786746971927,XAUT_USDT,demo,0,stale_binance,0,0.000000000,1.000000000,0.000000000,0.000000000,0.229365689,0.000000000,0.000000000,554.000,1687.000,1687.000
1786746972048,XAUT_USDT,demo,0,stale_binance,0,0.000000000,1.000000000,0.000000000,0.000000000,0.229365689,0.000000000,0.000000000,675.000,1808.000,1808.000
1786746972173,XAUT_USDT,demo,0,stale_binance,0,0.000000000,1.000000000,0.000000000,0.000000000,0.229365689,0.000000000,0.000000000,800.000,1933.000,1933.000
1786746974727,XAUT_USDT,demo,0,stale_binance,0,0.000000000,1.000000000,0.000000000,0.000000000,0.229365689,0.000000000,0.000000000,2129.000,0.000,0.000
1786746974890,XAUT_USDT,demo,0,stale_binance,0,0.000000000,1.000000000,0.000000000,0.000000000,0.229365689,0.000000000,0.000000000,2292.000,66.000,66.000
1786746975016,XAUT_USDT,demo,0,stale_binance,0,0.000000000,1.000000000,0.000000000,0.000000000,0.229365689,0.000000000,0.000000000,2418.000,192.000,192.000
1786746975128,XAUT_USDT,demo,0,stale_binance,0,0.000000000,1.000000000,0.000000000,0.000000000,0.229365689,0.000000000,0.000000000,2530.000,0.000,0.000
1786746975239,XAUT_USDT,demo,0,stale_binance,0,0.000000000,1.000000000,0.000000000,0.000000000,0.229365689,0.000000000,0.000000000,2641.000,111.000,111.000
1786746975351,XAUT_USDT,demo,0,stale_binance,0,0.000000000,1.000000000,0.000000000,0.000000000,0.229365689,0.000000000,0.000000000,2753.000,0.000,0.000
1786746975459,XAUT_USDT,demo,0,stale_binance,0,0.000000000,1.000000000,0.000000000,0.000000000,0.229365689,0.000000000,0.000000000,2861.000,108.000,108.000
1786746975576,XAUT_USDT,demo,0,stale_binance,0,0.000000000,1.000000000,0.000000000,0.000000000,0.229365689,0.000000000,0.000000000,2978.000,225.000,225.000
1786746975701,XAUT_USDT,demo,0,stale_binance,0,0.000000000,1.000000000,0.000000000,0.000000000,0.229365689,0.000000000,0.000000000,3103.000,350.000,350.000
1786746975827,XAUT_USDT,demo,0,stale_binance,0,0.000000000,1.000000000,0.000000000,0.000000000,0.229365689,0.000000000,0.000000000,3229.000,476.000,476.000
1786746975935,XAUT_USDT,demo,0,microspread_below_threshold,0,0.000000000,1.000000000,1.020625231,1.020625231,0.229365689,0.000000000,0.000000000,51.000,584.000,584.000
1786746976061,XAUT_USDT,demo,0,microspread_below_threshold,0,0.000000000,1.000000000,1.020625231,1.020625231,0.229365689,0.000000000,0.000000000,177.000,710.000,710.000
1786746976184,XAUT_USDT,demo,0,microspread_below_threshold,0,0.000000000,1.000000000,1.020625231,1.020625231,0.229365689,0.000000000,0.000000000,300.000,833.000,833.000
1786746976310,XAUT_USDT,demo,0,stale_binance,0,0.000000000,1.000000000,0.000000000,0.000000000,0.229365689,0.000000000,0.000000000,426.000,959.000,959.000
1786746976436,XAUT_USDT,demo,0,stale_binance,0,0.000000000,1.000000000,0.000000000,0.000000000,0.229365689,0.000000000,0.000000000,552.000,1085.000,1085.000
1786746976560,XAUT_USDT,demo,0,stale_binance,0,0.000000000,1.000000000,0.000000000,0.000000000,0.229365689,0.000000000,0.000000000,676.000,1209.000,1209.000
1786746976686,XAUT_USDT,demo,0,stale_binance,0,0.000000000,1.000000000,0.000000000,0.000000000,0.229365689,0.000000000,0.000000000,802.000,1335.000,1335.000
1786746976811,XAUT_USDT,demo,0,stale_binance,0,0.000000000,1.000000000,0.000000000,0.000000000,0.229365689,0.000000000,0.000000000,927.000,1460.000,1460.000
1786746976936,XAUT_USDT,demo,0,stale_binance,0,0.000000000,1.000000000,0.000000000,0.000000000,0.229365689,0.000000000,0.000000000,1052.000,1585.000,1585.000
1786746977050,XAUT_USDT,demo,0,microspread_below_threshold,0,0.000000000,1.000000000,1.020625231,1.020625231,0.229365689,0.000000000,0.000000000,0.000,1699.000,1699.000
1786746977164,XAUT_USDT,demo,0,microspread_below_threshold,0,0.000000000,1.000000000,1.020625231,1.020625231,0.229365689,0.000000000,0.000000000,114.000,1813.000,1813.000
1786746977282,XAUT_USDT,demo,0,microspread_below_threshold,0,0.000000000,1.000000000,1.020625231,1.020625231,0.229365689,0.000000000,0.000000000,232.000,1931.000,1931.000
1786746981025,XAUT_USDT,demo,0,stale_binance,0,0.000000000,1.000000000,0.000000000,0.000000000,0.229365689,0.000000000,0.000000000,519.000,0.000,0.000
1786746981180,XAUT_USDT,demo,0,stale_binance,0,0.000000000,1.000000000,0.000000000,0.000000000,0.229365689,0.000000000,0.000000000,674.000,62.000,62.000
1786746981304,XAUT_USDT,demo,0,stale_binance,0,0.000000000,1.000000000,0.000000000,0.000000000,0.229365689,0.000000000,0.000000000,798.000,186.000,186.000
1786746981443,XAUT_USDT,demo,0,microspread_below_threshold,0,0.000000000,1.000000000,1.020625231,1.020625231,0.229365689,0.000000000,0.000000000,58.000,54.000,54.000
1786746981599,XAUT_USDT,demo,0,microspread_below_threshold,0,0.000000000,1.000000000,1.020625231,1.020625231,0.229365689,0.000000000,0.000000000,214.000,117.000,117.000
1786746981723,XAUT_USDT,demo,0,microspread_below_threshold,0,0.000000000,1.000000000,1.020625231,1.020625231,0.229365689,0.000000000,0.000000000,120.000,54.000,54.000
1786746981834,XAUT_USDT,demo,0,microspread_below_threshold,0,0.000000000,1.000000000,1.020625231,1.020625231,0.229365689,0.000000000,0.000000000,231.000,0.000,0.000
1786746981960,XAUT_USDT,demo,0,stale_binance,0,0.000000000,1.000000000,0.000000000,0.000000000,0.229365689,0.000000000,0.000000000,357.000,126.000,126.000
1786746982101,XAUT_USDT,demo,0,stale_binance,0,0.000000000,1.000000000,0.000000000,0.000000000,0.229365689,0.000000000,0.000000000,498.000,65.000,65.000
1786746982245,XAUT_USDT,demo,0,stale_binance,0,0.000000000,1.000000000,0.000000000,0.000000000,0.229365689,0.000000000,0.000000000,642.000,117.000,117.000
1786746982383,XAUT_USDT,demo,0,stale_binance,0,0.000000000,1.000000000,0.000000000,0.000000000,0.229365689,0.000000000,0.000000000,780.000,120.000,120.000
1786746982506,XAUT_USDT,demo,0,microspread_below_threshold,0,0.000000000,1.000000000,1.020625231,1.020625231,0.229365689,0.000000000,0.000000000,0.000,243.000,243.000
1786746982610,XAUT_USDT,demo,0,microspread_below_threshold,0,0.000000000,1.000000000,1.020625231,1.020625231,0.229365689,0.000000000,0.000000000,104.000,0.000,0.000
1786746982757,XAUT_USDT,demo,0,microspread_below_threshold,0,0.000000000,1.000000000,1.020625231,1.020625231,0.229365689,0.000000000,0.000000000,251.000,59.000,59.000
1786746982882,XAUT_USDT,demo,0,stale_binance,0,0.000000000,1.000000000,0.000000000,0.000000000,0.229365689,0.000000000,0.000000000,376.000,184.000,184.000
1786746983007,XAUT_USDT,demo,0,stale_binance,0,0.000000000,1.000000000,0.000000000,0.000000000,0.229365689,0.000000000,0.000000000,501.000,309.000,309.000
1786746983132,XAUT_USDT,demo,0,stale_binance,0,0.000000000,1.000000000,0.000000000,0.000000000,0.229365689,0.000000000,0.000000000,626.000,434.000,434.000
1786746983255,XAUT_USDT,demo,0,stale_binance,0,0.000000000,1.000000000,0.000000000,0.000000000,0.229365689,0.000000000,0.000000000,749.000,557.000,557.000
1786746983379,XAUT_USDT,demo,0,stale_binance,0,0.000000000,1.000000000,0.000000000,0.000000000,0.229365689,0.000000000,0.000000000,873.000,681.000,681.000
1786746983503,XAUT_USDT,demo,0,stale_binance,0,0.000000000,1.000000000,0.000000000,0.000000000,0.229365689,0.000000000,0.000000000,997.000,805.000,805.000
1786746983625,XAUT_USDT,demo,0,microspread_below_threshold,0,0.000000000,1.000000000,1.020625231,1.020625231,0.229365689,0.000000000,0.000000000,116.000,927.000,927.000
1786746983750,XAUT_USDT,demo,0,microspread_below_threshold,0,0.000000000,1.000000000,1.020625231,1.020625231,0.229365689,0.000000000,0.000000000,241.000,1052.000,1052.000
1786746983875,XAUT_USDT,demo,0,stale_binance,0,0.000000000,1.000000000,0.000000000,0.000000000,0.229365689,0.000000000,0.000000000,366.000,1177.000,1177.000
1786746983999,XAUT_USDT,demo,0,stale_binance,0,0.000000000,1.000000000,0.000000000,0.000000000,0.229365689,0.000000000,0.000000000,490.000,1301.000,1301.000
1786746984124,XAUT_USDT,demo,0,stale_binance,0,0.000000000,1.000000000,0.000000000,0.000000000,0.229365689,0.000000000,0.000000000,615.000,1426.000,1426.000
1786746984249,XAUT_USDT,demo,0,stale_binance,0,0.000000000,1.000000000,0.000000000,0.000000000,0.229365689,0.000000000,0.000000000,740.000,1551.000,1551.000
1786746984372,XAUT_USDT,demo,0,stale_binance,0,0.000000000,1.000000000,0.000000000,0.000000000,0.229365689,0.000000000,0.000000000,863.000,1674.000,1674.000
1786746984497,XAUT_USDT,demo,0,stale_binance,0,0.000000000,1.000000000,0.000000000,0.000000000,0.229365689,0.000000000,0.000000000,988.000,1799.000,1799.000
1786746987696,XAUT_USDT,demo,0,stale_binance,0,0.000000000,1.000000000,0.000000000,0.000000000,0.229365689,0.000000000,0.000000000,2190.000,0.000,0.000
1786746987796,XAUT_USDT,demo,0,stale_binance,0,0.000000000,1.000000000,0.000000000,0.000000000,0.229365689,0.000000000,0.000000000,2290.000,0.000,0.000
1786746987927,XAUT_USDT,demo,0,stale_binance,0,0.000000000,1.000000000,0.000000000,0.000000000,0.229365689,0.000000000,0.000000000,2421.000,51.000,51.000
1786746988057,XAUT_USDT,demo,0,microspread_below_threshold,0,0.000000000,1.000000000,1.020625231,1.020625231,0.229365689,0.000000000,0.000000000,0.000,0.000,0.000
1786746988194,XAUT_USDT,demo,0,microspread_below_threshold,0,0.000000000,1.000000000,1.020625231,1.020625231,0.229365689,0.000000000,0.000000000,128.000,137.000,137.000
1786746988327,XAUT_USDT,demo,0,microspread_below_threshold,0,0.000000000,1.000000000,1.020625231,1.020625231,0.229365689,0.000000000,0.000000000,261.000,0.000,0.000
1786746988427,XAUT_USDT,demo,0,stale_binance,0,0.000000000,1.000000000,0.000000000,0.000000000,0.229365689,0.000000000,0.000000000,361.000,0.000,0.000
1786746988528,XAUT_USDT,demo,0,microspread_below_threshold,0,0.000000000,1.000000000,1.020625231,1.020625231,0.229365689,0.000000000,0.000000000,23.000,0.000,0.000
1786746988641,XAUT_USDT,demo,0,microspread_below_threshold,0,0.000000000,1.000000000,1.020625231,1.020625231,0.229365689,0.000000000,0.000000000,136.000,51.000,51.000
1786746988784,XAUT_USDT,demo,0,microspread_below_threshold,0,0.000000000,1.000000000,1.020625231,1.020625231,0.229365689,0.000000000,0.000000000,279.000,56.000,56.000
1786746988904,XAUT_USDT,demo,0,stale_binance,0,0.000000000,1.000000000,0.000000000,0.000000000,0.229365689,0.000000000,0.000000000,399.000,176.000,176.000
1786746989028,XAUT_USDT,demo,0,stale_binance,0,0.000000000,1.000000000,0.000000000,0.000000000,0.229365689,0.000000000,0.000000000,523.000,300.000,300.000
1786746989153,XAUT_USDT,demo,0,stale_binance,0,0.000000000,1.000000000,0.000000000,0.000000000,0.229365689,0.000000000,0.000000000,648.000,425.000,425.000
1786746989308,XAUT_USDT,demo,0,microspread_below_threshold,0,0.000000000,1.000000000,1.020625231,1.020625231,0.229365689,0.000000000,0.000000000,59.000,580.000,580.000
1786746989434,XAUT_USDT,demo,0,microspread_below_threshold,0,0.000000000,1.000000000,1.020625231,1.020625231,0.229365689,0.000000000,0.000000000,185.000,706.000,706.000
1786746989559,XAUT_USDT,demo,0,microspread_below_threshold,0,0.000000000,1.000000000,1.020625231,1.020625231,0.229365689,0.000000000,0.000000000,51.000,831.000,831.000
1786746989698,XAUT_USDT,demo,0,microspread_below_threshold,0,0.000000000,1.000000000,1.020625231,1.020625231,0.229365689,0.000000000,0.000000000,122.000,970.000,970.000
1786746989824,XAUT_USDT,demo,0,microspread_below_threshold,0,0.000000000,1.000000000,1.020625231,1.020625231,0.229365689,0.000000000,0.000000000,248.000,1096.000,1096.000
1786746989949,XAUT_USDT,demo,0,stale_binance,0,0.000000000,1.000000000,0.000000000,0.000000000,0.229365689,0.000000000,0.000000000,373.000,1221.000,1221.000
1786746990074,XAUT_USDT,demo,0,stale_binance,0,0.000000000,1.000000000,0.000000000,0.000000000,0.229365689,0.000000000,0.000000000,498.000,1346.000,1346.000
1786746990199,XAUT_USDT,demo,0,stale_binance,0,0.000000000,1.000000000,0.000000000,0.000000000,0.229365689,0.000000000,0.000000000,-169.000,1471.000,1471.000
1786746994524,XAUT_USDT,demo,0,stale_binance,0,0.000000000,1.000000000,0.000000000,0.000000000,0.229381473,0.000000000,0.000000000,3130.000,0.000,0.000
1786746994642,XAUT_USDT,demo,0,stale_binance,0,0.000000000,1.000000000,0.000000000,0.000000000,0.229381473,0.000000000,0.000000000,3248.000,118.000,118.000
1786746994766,XAUT_USDT,demo,0,stale_binance,0,0.000000000,1.000000000,0.000000000,0.000000000,0.229381473,0.000000000,0.000000000,3372.000,242.000,242.000
1786746994873,XAUT_USDT,demo,0,stale_binance,0,0.000000000,1.000000000,0.000000000,0.000000000,0.229381473,0.000000000,0.000000000,3479.000,0.000,0.000
1786746994998,XAUT_USDT,demo,0,stale_binance,0,0.000000000,1.000000000,0.000000000,0.000000000,0.229381473,0.000000000,0.000000000,3604.000,125.000,125.000
1786746995109,XAUT_USDT,demo,0,stale_binance,0,0.000000000,1.000000000,0.000000000,0.000000000,0.229381473,0.000000000,0.000000000,3715.000,59.000,59.000
1786746995233,XAUT_USDT,demo,0,stale_binance,0,0.000000000,1.000000000,0.000000000,0.000000000,0.229381473,0.000000000,0.000000000,3839.000,183.000,183.000
1786746995365,XAUT_USDT,demo,0,stale_binance,0,0.000000000,1.000000000,0.000000000,0.000000000,0.229381473,0.000000000,0.000000000,3971.000,58.000,58.000
1786746995486,XAUT_USDT,demo,0,stale_binance,0,0.000000000,1.000000000,0.000000000,0.000000000,0.229381473,0.000000000,0.000000000,4092.000,0.000,0.000
1786746995589,XAUT_USDT,demo,0,microspread_below_threshold,1,0.688120743,1.000000000,1.708745974,1.020625231,0.229381473,0.000000000,0.000000000,0.000,12.000,12.000
1786746995728,XAUT_USDT,demo,0,microspread_below_threshold,1,0.688120743,1.000000000,1.708745974,1.020625231,0.229381473,0.000000000,0.000000000,134.000,65.000,65.000
1786746995867,XAUT_USDT,demo,0,microspread_below_threshold,1,0.688120743,1.000000000,1.708745974,1.020625231,0.229381473,0.000000000,0.000000000,273.000,118.000,118.000
1786746996537,XAUT_USDT,demo,0,stale_binance,0,0.000000000,1.000000000,0.000000000,0.000000000,0.229381473,0.000000000,0.000000000,943.000,788.000,788.000
1786746996662,XAUT_USDT,demo,0,stale_binance,0,0.000000000,1.000000000,0.000000000,0.000000000,0.229381473,0.000000000,0.000000000,1068.000,913.000,913.000
1786746996786,XAUT_USDT,demo,0,stale_binance,0,0.000000000,1.000000000,0.000000000,0.000000000,0.229381473,0.000000000,0.000000000,1192.000,1037.000,1037.000
1786746996910,XAUT_USDT,demo,0,stale_binance,0,0.000000000,1.000000000,0.000000000,0.000000000,0.229381473,0.000000000,0.000000000,1316.000,1161.000,1161.000
1786746997036,XAUT_USDT,demo,0,stale_binance,0,0.000000000,1.000000000,0.000000000,0.000000000,0.229381473,0.000000000,0.000000000,1442.000,1287.000,1287.000
1786746997192,XAUT_USDT,demo,0,microspread_below_threshold,0,0.000000000,1.000000000,1.708745974,1.708745974,0.229381473,0.000000000,0.000000000,62.000,1443.000,1443.000
1786746997316,XAUT_USDT,demo,0,microspread_below_threshold,0,0.000000000,1.000000000,1.708745974,1.708745974,0.229381473,0.000000000,0.000000000,186.000,1567.000,1567.000
1786746997441,XAUT_USDT,demo,0,stale_binance,0,0.000000000,1.000000000,0.000000000,0.000000000,0.229381473,0.000000000,0.000000000,311.000,1692.000,1692.000
1786746997550,XAUT_USDT,demo,0,microspread_below_threshold,0,0.000000000,1.000000000,1.708745974,1.708745974,0.229381473,0.000000000,0.000000000,66.000,1801.000,1801.000
1786746997675,XAUT_USDT,demo,0,microspread_below_threshold,0,0.000000000,1.000000000,1.708745974,1.708745974,0.229381473,0.000000000,0.000000000,191.000,1926.000,1926.000
1786747000822,XAUT_USDT,demo,0,microspread_below_threshold,0,0.000000000,1.000000000,1.708745974,1.708745974,0.229381473,0.000000000,0.000000000,239.000,0.000,0.000
1786747000971,XAUT_USDT,demo,0,microspread_below_threshold,0,0.000000000,1.000000000,1.708745974,1.708745974,0.229381473,0.000000000,0.000000000,117.000,61.000,61.000
1786747001095,XAUT_USDT,demo,0,microspread_below_threshold,0,0.000000000,1.000000000,1.708745974,1.708745974,0.229381473,0.000000000,0.000000000,241.000,185.000,185.000
1786747001236,XAUT_USDT,demo,0,stale_binance,0,0.000000000,1.000000000,0.000000000,0.000000000,0.229381473,0.000000000,0.000000000,382.000,61.000,61.000
1786747001345,XAUT_USDT,demo,0,microspread_below_threshold,0,0.000000000,1.000000000,1.708745974,1.708745974,0.229381473,0.000000000,0.000000000,61.000,0.000,0.000
1786747002116,XAUT_USDT,demo,0,stale_binance,0,0.000000000,1.000000000,0.000000000,0.000000000,0.229381473,0.000000000,0.000000000,328.000,235.000,235.000
1786747002237,XAUT_USDT,demo,0,stale_binance,0,0.000000000,1.000000000,0.000000000,0.000000000,0.229381473,0.000000000,0.000000000,449.000,356.000,356.000
1786747002392,XAUT_USDT,demo,0,microspread_below_threshold,0,0.000000000,1.000000000,1.708745974,1.708745974,0.229381473,0.000000000,0.000000000,119.000,511.000,511.000
1786747002514,XAUT_USDT,demo,0,microspread_below_threshold,0,0.000000000,1.000000000,1.708745974,1.708745974,0.229381473,0.000000000,0.000000000,241.000,633.000,633.000
1786747002639,XAUT_USDT,demo,0,stale_binance,0,0.000000000,1.000000000,0.000000000,0.000000000,0.229381473,0.000000000,0.000000000,366.000,758.000,758.000
1786747002764,XAUT_USDT,demo,0,stale_binance,0,0.000000000,1.000000000,0.000000000,0.000000000,0.229381473,0.000000000,0.000000000,491.000,883.000,883.000
1786747002888,XAUT_USDT,demo,0,stale_binance,0,0.000000000,1.000000000,0.000000000,0.000000000,0.229381473,0.000000000,0.000000000,615.000,1007.000,1007.000
1786747003014,XAUT_USDT,demo,0,stale_binance,0,0.000000000,1.000000000,0.000000000,0.000000000,0.229381473,0.000000000,0.000000000,741.000,1133.000,1133.000
1786747003139,XAUT_USDT,demo,0,stale_binance,0,0.000000000,1.000000000,0.000000000,0.000000000,0.229381473,0.000000000,0.000000000,866.000,1258.000,1258.000
1786747003265,XAUT_USDT,demo,0,stale_binance,0,0.000000000,1.000000000,0.000000000,0.000000000,0.229381473,0.000000000,0.000000000,992.000,1384.000,1384.000
1786747003386,XAUT_USDT,demo,0,stale_binance,0,0.000000000,1.000000000,0.000000000,0.000000000,0.229381473,0.000000000,0.000000000,1113.000,1505.000,1505.000
1786747003490,XAUT_USDT,demo,0,stale_binance,0,0.000000000,1.000000000,0.000000000,0.000000000,0.229381473,0.000000000,0.000000000,1217.000,1609.000,1609.000
1786747003601,XAUT_USDT,demo,0,stale_binance,0,0.000000000,1.000000000,0.000000000,0.000000000,0.229381473,0.000000000,0.000000000,1328.000,1720.000,1720.000
1786747003712,XAUT_USDT,demo,0,stale_binance,0,0.000000000,1.000000000,0.000000000,0.000000000,0.229381473,0.000000000,0.000000000,1439.000,1831.000,1831.000
1786747003833,XAUT_USDT,demo,0,stale_binance,0,0.000000000,1.000000000,0.000000000,0.000000000,0.229381473,0.000000000,0.000000000,1560.000,1952.000,1952.000
1786747007781,XAUT_USDT,demo,0,microspread_below_threshold,-1,-0.045868561,1.000000000,1.662877412,1.708745974,0.229381473,0.000000000,0.000000000,39.000,62.000,62.000
1786747007896,XAUT_USDT,demo,0,microspread_below_threshold,-1,-0.045868561,1.000000000,1.662877412,1.708745974,0.229381473,0.000000000,0.000000000,105.000,0.000,0.000
1786747008035,XAUT_USDT,demo,0,microspread_below_threshold,-1,-0.068802921,1.000000000,1.639943053,1.708745974,0.229381473,0.000000000,0.000000000,0.000,47.000,47.000
1786747008136,XAUT_USDT,demo,0,microspread_below_threshold,-1,-0.068802921,1.000000000,1.639943053,1.708745974,0.229381473,0.000000000,0.000000000,0.000,148.000,148.000
1786747008248,XAUT_USDT,demo,0,microspread_below_threshold,-1,-0.091737333,1.000000000,1.617008641,1.708745974,0.229381473,-0.022934412,0.000000000,55.000,87.000,87.000
1786747008366,XAUT_USDT,demo,0,microspread_below_threshold,-1,-0.091737333,1.000000000,1.617008641,1.708745974,0.229381473,0.000000000,0.000000000,1.000,116.000,116.000
1786747008478,XAUT_USDT,demo,0,microspread_below_threshold,-1,-0.091737333,1.000000000,1.617008641,1.708745974,0.229381473,0.000000000,0.000000000,59.000,51.000,51.000
1786747008621,XAUT_USDT,demo,0,microspread_below_threshold,-1,-0.080270206,1.000000000,1.617008641,1.697278847,0.229381473,0.000000000,0.000000000,202.000,107.000,107.000
1786747008761,XAUT_USDT,demo,0,microspread_below_threshold,-1,-0.068803079,1.000000000,1.617008641,1.685811719,0.229381473,0.000000000,0.000000000,0.000,48.000,48.000
1786747008864,XAUT_USDT,demo,0,microspread_below_threshold,-1,-0.068803079,1.000000000,1.617008641,1.685811719,0.229381473,0.000000000,0.000000000,102.000,0.000,0.000
1786747009017,XAUT_USDT,demo,0,microspread_below_threshold,-1,-0.045868772,1.000000000,1.617008641,1.662877412,0.229381473,0.000000000,0.000000000,255.000,64.000,64.000
1786747009141,XAUT_USDT,demo,0,microspread_below_threshold,-1,-0.045868772,1.000000000,1.617008641,1.662877412,0.229381473,0.000000000,0.000000000,117.000,188.000,188.000
1786747009267,XAUT_USDT,demo,0,microspread_below_threshold,-1,-0.045868772,1.000000000,1.617008641,1.662877412,0.229381473,0.000000000,0.000000000,243.000,58.000,58.000
1786747009392,XAUT_USDT,demo,0,stale_binance,0,0.000000000,1.000000000,0.000000000,0.000000000,0.229381473,0.000000000,0.000000000,368.000,64.000,64.000
1786747009517,XAUT_USDT,demo,0,stale_binance,0,0.000000000,1.000000000,0.000000000,0.000000000,0.229381473,0.000000000,0.000000000,493.000,189.000,189.000
1786747009642,XAUT_USDT,demo,0,stale_binance,0,0.000000000,1.000000000,0.000000000,0.000000000,0.229381473,0.000000000,0.000000000,618.000,314.000,314.000
1786747009765,XAUT_USDT,demo,0,stale_binance,0,0.000000000,1.000000000,0.000000000,0.000000000,0.229381473,0.000000000,0.000000000,741.000,437.000,437.000
1786747009880,XAUT_USDT,demo,0,microspread_below_threshold,-1,-0.045868772,1.000000000,1.617008641,1.662877412,0.229381473,0.000000000,0.000000000,0.000,552.000,552.000
1786747010001,XAUT_USDT,demo,0,microspread_below_threshold,-1,-0.045868772,1.000000000,1.617008641,1.662877412,0.229381473,0.000000000,0.000000000,121.000,673.000,673.000
1786747010126,XAUT_USDT,demo,0,microspread_below_threshold,-1,-0.045868772,1.000000000,1.617008641,1.662877412,0.229381473,0.000000000,0.000000000,246.000,798.000,798.000
1786747010252,XAUT_USDT,demo,0,stale_binance,0,0.000000000,1.000000000,0.000000000,0.000000000,0.229381473,0.000000000,0.000000000,372.000,924.000,924.000
1786747010377,XAUT_USDT,demo,0,stale_binance,0,0.000000000,1.000000000,0.000000000,0.000000000,0.229381473,0.000000000,0.000000000,497.000,1049.000,1049.000
1786747010484,XAUT_USDT,demo,0,microspread_below_threshold,-1,-0.045868772,1.000000000,1.617008641,1.662877412,0.229381473,0.000000000,0.000000000,58.000,1156.000,1156.000
1786747010608,XAUT_USDT,demo,0,microspread_below_threshold,-1,-0.045868772,1.000000000,1.617008641,1.662877412,0.229381473,0.000000000,0.000000000,66.000,1280.000,1280.000
1786747010732,XAUT_USDT,demo,0,microspread_below_threshold,-1,-0.045868772,1.000000000,1.617008641,1.662877412,0.229381473,0.000000000,0.000000000,190.000,1404.000,1404.000
1786747010857,XAUT_USDT,demo,0,microspread_below_threshold,-1,-0.045868772,1.000000000,1.617008641,1.662877412,0.229381473,0.000000000,0.000000000,63.000,1529.000,1529.000
1786747010983,XAUT_USDT,demo,0,microspread_below_threshold,-1,-0.045868772,1.000000000,1.617008641,1.662877412,0.229381473,0.000000000,0.000000000,55.000,1655.000,1655.000
1786747011108,XAUT_USDT,demo,0,microspread_below_threshold,-1,-0.045868772,1.000000000,1.617008641,1.662877412,0.229381473,0.000000000,0.000000000,180.000,1780.000,1780.000
1786747011264,XAUT_USDT,demo,0,microspread_below_threshold,-1,-0.045868772,1.000000000,1.617008641,1.662877412,0.229381473,0.000000000,0.000000000,128.000,1936.000,1936.000
1786747014177,XAUT_USDT,demo,0,stale_binance,0,0.000000000,1.000000000,0.000000000,0.000000000,0.229381473,0.000000000,0.000000000,897.000,0.000,0.000
1786747014297,XAUT_USDT,demo,0,stale_binance,0,0.000000000,1.000000000,0.000000000,0.000000000,0.229381473,0.000000000,0.000000000,1017.000,120.000,120.000
1786747014423,XAUT_USDT,demo,0,stale_binance,0,0.000000000,1.000000000,0.000000000,0.000000000,0.229381473,0.000000000,0.000000000,1143.000,246.000,246.000
1786747014528,XAUT_USDT,demo,0,stale_binance,0,0.000000000,1.000000000,0.000000000,0.000000000,0.229381473,0.000000000,0.000000000,1248.000,0.000,0.000
1786747014656,XAUT_USDT,demo,0,stale_binance,0,0.000000000,1.000000000,0.000000000,0.000000000,0.229381473,0.000000000,0.000000000,1376.000,128.000,128.000
1786747014801,XAUT_USDT,demo,0,stale_binance,0,0.000000000,1.000000000,0.000000000,0.000000000,0.229381473,0.000000000,0.000000000,1521.000,273.000,273.000
1786747014935,XAUT_USDT,demo,0,stale_binance,0,0.000000000,1.000000000,0.000000000,0.000000000,0.229381473,0.000000000,0.000000000,1655.000,63.000,63.000
1786747015046,XAUT_USDT,demo,0,stale_binance,0,0.000000000,1.000000000,0.000000000,0.000000000,0.229381473,0.000000000,0.000000000,1766.000,0.000,0.000
1786747015185,XAUT_USDT,demo,0,stale_binance,0,0.000000000,1.000000000,0.000000000,0.000000000,0.229381473,0.000000000,0.000000000,1905.000,52.000,52.000
1786747015326,XAUT_USDT,demo,0,stale_binance,0,0.000000000,1.000000000,0.000000000,0.000000000,0.229381473,0.000000000,0.000000000,2046.000,193.000,193.000
1786747015451,XAUT_USDT,demo,0,stale_binance,0,0.000000000,1.000000000,0.000000000,0.000000000,0.229381473,0.000000000,0.000000000,2171.000,123.000,123.000
1786747015576,XAUT_USDT,demo,0,stale_binance,0,0.000000000,1.000000000,0.000000000,0.000000000,0.229381473,0.000000000,0.000000000,2296.000,248.000,248.000
1786747015700,XAUT_USDT,demo,0,stale_binance,0,0.000000000,1.000000000,0.000000000,0.000000000,0.229381473,0.000000000,0.000000000,2420.000,372.000,372.000
1786747015825,XAUT_USDT,demo,0,stale_binance,0,0.000000000,1.000000000,0.000000000,0.000000000,0.229381473,0.000000000,0.000000000,2545.000,497.000,497.000
1786747015949,XAUT_USDT,demo,0,stale_binance,0,0.000000000,1.000000000,0.000000000,0.000000000,0.229381473,0.000000000,0.000000000,2669.000,621.000,621.000
1786747016074,XAUT_USDT,demo,0,stale_binance,0,0.000000000,1.000000000,0.000000000,0.000000000,0.229381473,0.000000000,0.000000000,2794.000,746.000,746.000
1786747016199,XAUT_USDT,demo,0,stale_binance,0,0.000000000,1.000000000,0.000000000,0.000000000,0.229381473,0.000000000,0.000000000,2919.000,871.000,871.000
1786747016325,XAUT_USDT,demo,0,stale_binance,0,0.000000000,1.000000000,0.000000000,0.000000000,0.229381473,0.000000000,0.000000000,3045.000,997.000,997.000
1786747016449,XAUT_USDT,demo,0,stale_binance,0,0.000000000,1.000000000,0.000000000,0.000000000,0.229381473,0.000000000,0.000000000,3169.000,1121.000,1121.000
1786747016596,XAUT_USDT,demo,0,microspread_below_threshold,0,0.000000000,1.000000000,1.617008641,1.617008641,0.229381473,0.000000000,0.000000000,58.000,1268.000,1268.000
1786747016709,XAUT_USDT,demo,0,microspread_below_threshold,0,0.000000000,1.000000000,1.617008641,1.617008641,0.229381473,0.000000000,0.000000000,171.000,1381.000,1381.000
1786747016821,XAUT_USDT,demo,0,microspread_below_threshold,0,0.000000000,1.000000000,1.617008641,1.617008641,0.229381473,0.000000000,0.000000000,283.000,1493.000,1493.000
1786747016931,XAUT_USDT,demo,0,stale_binance,0,0.000000000,1.000000000,0.000000000,0.000000000,0.229381473,0.000000000,0.000000000,393.000,1603.000,1603.000
1786747017043,XAUT_USDT,demo,0,stale_binance,0,0.000000000,1.000000000,0.000000000,0.000000000,0.229381473,0.000000000,0.000000000,505.000,1715.000,1715.000
1786747017164,XAUT_USDT,demo,0,stale_binance,0,0.000000000,1.000000000,0.000000000,0.000000000,0.229381473,0.000000000,0.000000000,626.000,1836.000,1836.000
1786747017288,XAUT_USDT,demo,0,stale_binance,0,0.000000000,1.000000000,0.000000000,0.000000000,0.229381473,0.000000000,0.000000000,750.000,1960.000,1960.000
1786747020837,XAUT_USDT,demo,0,stale_binance,0,0.000000000,1.000000000,0.000000000,0.000000000,0.229381473,0.000000000,0.000000000,427.000,0.000,0.000
1786747020964,XAUT_USDT,demo,0,stale_binance,0,0.000000000,1.000000000,0.000000000,0.000000000,0.229381473,0.000000000,0.000000000,554.000,127.000,127.000
1786747021089,XAUT_USDT,demo,0,stale_binance,0,0.000000000,1.000000000,0.000000000,0.000000000,0.229381473,0.000000000,0.000000000,679.000,252.000,252.000
1786747021245,XAUT_USDT,demo,0,stale_binance,0,0.000000000,1.000000000,0.000000000,0.000000000,0.229381473,0.000000000,0.000000000,835.000,63.000,63.000
1786747021369,XAUT_USDT,demo,0,stale_binance,0,0.000000000,1.000000000,0.000000000,0.000000000,0.229381473,0.000000000,0.000000000,959.000,187.000,187.000
1786747021493,XAUT_USDT,demo,0,microspread_below_threshold,0,0.000000000,1.000000000,1.617008641,1.617008641,0.229381473,0.000000000,0.000000000,61.000,54.000,54.000
1786747021635,XAUT_USDT,demo,0,microspread_below_threshold,0,0.000000000,1.000000000,1.617008641,1.617008641,0.229381473,0.000000000,0.000000000,203.000,106.000,106.000
1786747021737,XAUT_USDT,demo,0,stale_binance,0,0.000000000,1.000000000,0.000000000,0.000000000,0.229381473,0.000000000,0.000000000,305.000,208.000,208.000
1786747021842,XAUT_USDT,demo,0,microspread_below_threshold,0,0.000000000,1.000000000,1.617008641,1.617008641,0.229381473,0.000000000,0.000000000,0.000,6.000,6.000
1786747021981,XAUT_USDT,demo,0,microspread_below_threshold,0,0.000000000,1.000000000,1.617008641,1.617008641,0.229381473,0.000000000,0.000000000,139.000,107.000,107.000
1786747022112,XAUT_USDT,demo,0,microspread_below_threshold,0,0.000000000,1.000000000,1.617008641,1.617008641,0.229381473,0.000000000,0.000000000,270.000,64.000,64.000
1786747022224,XAUT_USDT,demo,0,stale_binance,0,0.000000000,1.000000000,0.000000000,0.000000000,0.229381473,0.000000000,0.000000000,382.000,0.000,0.000
1786747022363,XAUT_USDT,demo,0,microspread_below_threshold,0,0.000000000,1.000000000,1.617008641,1.617008641,0.229381473,0.000000000,0.000000000,0.000,50.000,50.000
1786747022487,XAUT_USDT,demo,0,microspread_below_threshold,0,0.000000000,1.000000000,1.617008641,1.617008641,0.229381473,0.000000000,0.000000000,124.000,59.000,59.000
1786747022613,XAUT_USDT,demo,0,microspread_below_threshold,0,0.000000000,1.000000000,1.617008641,1.617008641,0.229381473,0.000000000,0.000000000,250.000,185.000,185.000
1786747022736,XAUT_USDT,demo,0,stale_binance,0,0.000000000,1.000000000,0.000000000,0.000000000,0.229381473,0.000000000,0.000000000,373.000,308.000,308.000
1786747022860,XAUT_USDT,demo,0,stale_binance,0,0.000000000,1.000000000,0.000000000,0.000000000,0.229381473,0.000000000,0.000000000,497.000,432.000,432.000
1786747022976,XAUT_USDT,demo,0,stale_binance,0,0.000000000,1.000000000,0.000000000,0.000000000,0.229381473,0.000000000,0.000000000,613.000,548.000,548.000
1786747023098,XAUT_USDT,demo,0,stale_binance,0,0.000000000,1.000000000,0.000000000,0.000000000,0.229381473,0.000000000,0.000000000,735.000,670.000,670.000
1786747023223,XAUT_USDT,demo,0,stale_binance,0,0.000000000,1.000000000,0.000000000,0.000000000,0.229381473,0.000000000,0.000000000,860.000,795.000,795.000
1786747023344,XAUT_USDT,demo,0,stale_binance,0,0.000000000,1.000000000,0.000000000,0.000000000,0.229381473,0.000000000,0.000000000,981.000,916.000,916.000
1786747023470,XAUT_USDT,demo,0,stale_binance,0,0.000000000,1.000000000,0.000000000,0.000000000,0.229381473,0.000000000,0.000000000,1107.000,1042.000,1042.000
1786747023593,XAUT_USDT,demo,0,stale_binance,0,0.000000000,1.000000000,0.000000000,0.000000000,0.229381473,0.000000000,0.000000000,1230.000,1165.000,1165.000
1786747023699,XAUT_USDT,demo,0,stale_binance,0,0.000000000,1.000000000,0.000000000,0.000000000,0.229381473,0.000000000,0.000000000,1336.000,1271.000,1271.000
1786747023819,XAUT_USDT,demo,0,stale_binance,0,0.000000000,1.000000000,0.000000000,0.000000000,0.229381473,0.000000000,0.000000000,1456.000,1391.000,1391.000
1786747023944,XAUT_USDT,demo,0,stale_binance,0,0.000000000,1.000000000,0.000000000,0.000000000,0.229381473,0.000000000,0.000000000,1581.000,1516.000,1516.000
1786747024069,XAUT_USDT,demo,0,stale_binance,0,0.000000000,1.000000000,0.000000000,0.000000000,0.229381473,0.000000000,0.000000000,1706.000,1641.000,1641.000
1786747027755,XAUT_USDT,demo,0,stale_binance,0,0.000000000,1.000000000,0.000000000,0.000000000,0.229381473,0.000000000,0.000000000,591.000,0.000,0.000
1786747027909,XAUT_USDT,demo,0,stale_binance,0,0.000000000,1.000000000,0.000000000,0.000000000,0.229381473,0.000000000,0.000000000,745.000,65.000,65.000
1786747028034,XAUT_USDT,demo,0,stale_binance,0,0.000000000,1.000000000,0.000000000,0.000000000,0.229381473,0.000000000,0.000000000,870.000,190.000,190.000
1786747028160,XAUT_USDT,demo,0,stale_binance,0,0.000000000,1.000000000,0.000000000,0.000000000,0.229381473,0.000000000,0.000000000,996.000,52.000,52.000
1786747028285,XAUT_USDT,demo,0,stale_binance,0,0.000000000,1.000000000,0.000000000,0.000000000,0.229381473,0.000000000,0.000000000,1121.000,177.000,177.000
1786747028426,XAUT_USDT,demo,0,stale_binance,0,0.000000000,1.000000000,0.000000000,0.000000000,0.229381473,0.000000000,0.000000000,1262.000,64.000,64.000
1786747028583,XAUT_USDT,demo,0,stale_binance,0,0.000000000,1.000000000,0.000000000,0.000000000,0.229381473,0.000000000,0.000000000,1419.000,120.000,120.000
1786747028700,XAUT_USDT,demo,0,stale_binance,0,0.000000000,1.000000000,0.000000000,0.000000000,0.229381473,0.000000000,0.000000000,1536.000,237.000,237.000
1786747028819,XAUT_USDT,demo,0,stale_binance,0,0.000000000,1.000000000,0.000000000,0.000000000,0.229381473,0.000000000,0.000000000,1655.000,356.000,356.000
1786747028944,XAUT_USDT,demo,0,stale_binance,0,0.000000000,1.000000000,0.000000000,0.000000000,0.229381473,0.000000000,0.000000000,1780.000,481.000,481.000
1786747029068,XAUT_USDT,demo,0,stale_binance,0,0.000000000,1.000000000,0.000000000,0.000000000,0.229381473,0.000000000,0.000000000,1904.000,605.000,605.000
1786747029192,XAUT_USDT,demo,0,stale_binance,0,0.000000000,1.000000000,0.000000000,0.000000000,0.229381473,0.000000000,0.000000000,2028.000,729.000,729.000
1786747029331,XAUT_USDT,demo,0,microspread_below_threshold,0,0.000000000,1.000000000,1.617008641,1.617008641,0.229381473,0.000000000,0.000000000,124.000,868.000,868.000
1786747029456,XAUT_USDT,demo,0,microspread_below_threshold,0,0.000000000,1.000000000,1.617008641,1.617008641,0.229381473,0.000000000,0.000000000,249.000,993.000,993.000
1786747029581,XAUT_USDT,demo,0,stale_binance,0,0.000000000,1.000000000,0.000000000,0.000000000,0.229381473,0.000000000,0.000000000,374.000,1118.000,1118.000
1786747029707,XAUT_USDT,demo,0,stale_binance,0,0.000000000,1.000000000,0.000000000,0.000000000,0.229381473,0.000000000,0.000000000,500.000,1244.000,1244.000
1786747030377,XAUT_USDT,demo,0,warming_baseline,0,0.000000000,1.000000000,1.617008641,0.000000000,0.229381473,0.000000000,0.000000000,12.000,1914.000,1914.000
1786747033950,XAUT_USDT,demo,0,microspread_below_threshold,0,0.000000000,1.000000000,1.617008641,1.617008641,0.229381473,0.000000000,0.000000000,226.000,0.000,0.000
1786747034095,XAUT_USDT,demo,0,stale_binance,0,0.000000000,1.000000000,0.000000000,0.000000000,0.229381473,0.000000000,0.000000000,371.000,64.000,64.000
1786747034196,XAUT_USDT,demo,0,stale_binance,0,0.000000000,1.000000000,0.000000000,0.000000000,0.229381473,0.000000000,0.000000000,472.000,0.000,0.000
1786747034297,XAUT_USDT,demo,0,stale_binance,0,0.000000000,1.000000000,0.000000000,0.000000000,0.229381473,0.000000000,0.000000000,573.000,0.000,0.000
1786747034424,XAUT_USDT,demo,0,stale_binance,0,0.000000000,1.000000000,0.000000000,0.000000000,0.229381473,0.000000000,0.000000000,700.000,127.000,127.000
1786747034555,XAUT_USDT,demo,0,stale_binance,0,0.000000000,1.000000000,0.000000000,0.000000000,0.229381473,0.000000000,0.000000000,831.000,0.000,0.000
1786747034670,XAUT_USDT,demo,0,stale_binance,0,0.000000000,1.000000000,0.000000000,0.000000000,0.229381473,0.000000000,0.000000000,946.000,115.000,115.000
1786747034809,XAUT_USDT,demo,0,stale_binance,0,0.000000000,1.000000000,0.000000000,0.000000000,0.229381473,0.000000000,0.000000000,1085.000,56.000,56.000
1786747034932,XAUT_USDT,demo,0,stale_binance,0,0.000000000,1.000000000,0.000000000,0.000000000,0.229381473,0.000000000,0.000000000,1208.000,110.000,110.000
1786747035043,XAUT_USDT,demo,0,stale_binance,0,0.000000000,1.000000000,0.000000000,0.000000000,0.229381473,0.000000000,0.000000000,1319.000,53.000,53.000
1786747035185,XAUT_USDT,demo,0,stale_binance,0,0.000000000,1.000000000,0.000000000,0.000000000,0.229381473,0.000000000,0.000000000,1461.000,104.000,104.000
1786747035298,XAUT_USDT,demo,0,stale_binance,0,0.000000000,1.000000000,0.000000000,0.000000000,0.229381473,0.000000000,0.000000000,1574.000,217.000,217.000
1786747036065,XAUT_USDT,demo,0,stale_binance,0,0.000000000,1.000000000,0.000000000,0.000000000,0.229381473,0.000000000,0.000000000,403.000,729.000,729.000
1786747036193,XAUT_USDT,demo,0,stale_binance,0,0.000000000,1.000000000,0.000000000,0.000000000,0.229381473,0.000000000,0.000000000,531.000,857.000,857.000
1786747036318,XAUT_USDT,demo,0,stale_binance,0,0.000000000,1.000000000,0.000000000,0.000000000,0.229381473,0.000000000,0.000000000,656.000,982.000,982.000
1786747036446,XAUT_USDT,demo,0,stale_binance,0,0.000000000,1.000000000,0.000000000,0.000000000,0.229381473,0.000000000,0.000000000,784.000,1110.000,1110.000
1786747036570,XAUT_USDT,demo,0,stale_binance,0,0.000000000,1.000000000,0.000000000,0.000000000,0.229381473,0.000000000,0.000000000,908.000,1234.000,1234.000
1786747036695,XAUT_USDT,demo,0,stale_binance,0,0.000000000,1.000000000,0.000000000,0.000000000,0.229381473,0.000000000,0.000000000,1033.000,1359.000,1359.000
1786747036811,XAUT_USDT,demo,0,stale_binance,0,0.000000000,1.000000000,0.000000000,0.000000000,0.229381473,0.000000000,0.000000000,1149.000,1475.000,1475.000
1786747036921,XAUT_USDT,demo,0,stale_binance,0,0.000000000,1.000000000,0.000000000,0.000000000,0.229381473,0.000000000,0.000000000,1259.000,1585.000,1585.000
1786747037032,XAUT_USDT,demo,0,stale_binance,0,0.000000000,1.000000000,0.000000000,0.000000000,0.229381473,0.000000000,0.000000000,1370.000,1696.000,1696.000
1786747037157,XAUT_USDT,demo,0,stale_binance,0,0.000000000,1.000000000,0.000000000,0.000000000,0.229381473,0.000000000,0.000000000,1495.000,1821.000,1821.000
1786747037281,XAUT_USDT,demo,0,stale_binance,0,0.000000000,1.000000000,0.000000000,0.000000000,0.229381473,0.000000000,0.000000000,1619.000,1945.000,1945.000
1786747040591,XAUT_USDT,demo,0,microspread_below_threshold,0,0.000000000,1.000000000,1.617008641,1.617008641,0.229381473,0.000000000,0.000000000,216.000,1.000,1.000
1786747040706,XAUT_USDT,demo,0,stale_binance,0,0.000000000,1.000000000,0.000000000,0.000000000,0.229381473,0.000000000,0.000000000,331.000,116.000,116.000
1786747040815,XAUT_USDT,demo,0,stale_binance,0,0.000000000,1.000000000,0.000000000,0.000000000,0.229381473,0.000000000,0.000000000,440.000,53.000,53.000
1786747040971,XAUT_USDT,demo,0,stale_binance,0,0.000000000,1.000000000,0.000000000,0.000000000,0.229381473,0.000000000,0.000000000,596.000,114.000,114.000
1786747041758,XAUT_USDT,demo,0,stale_binance,0,0.000000000,1.000000000,0.000000000,0.000000000,0.229381473,0.000000000,0.000000000,303.000,30.000,30.000
1786747041878,XAUT_USDT,demo,0,stale_binance,0,0.000000000,1.000000000,0.000000000,0.000000000,0.229381473,0.000000000,0.000000000,423.000,51.000,51.000
1786747041990,XAUT_USDT,demo,0,stale_binance,0,0.000000000,1.000000000,0.000000000,0.000000000,0.229381473,0.000000000,0.000000000,535.000,163.000,163.000
1786747042115,XAUT_USDT,demo,0,stale_binance,0,0.000000000,1.000000000,0.000000000,0.000000000,0.229381473,0.000000000,0.000000000,660.000,288.000,288.000
1786747042238,XAUT_USDT,demo,0,stale_binance,0,0.000000000,1.000000000,0.000000000,0.000000000,0.229381473,0.000000000,0.000000000,783.000,411.000,411.000
1786747042361,XAUT_USDT,demo,0,stale_binance,0,0.000000000,1.000000000,0.000000000,0.000000000,0.229381473,0.000000000,0.000000000,906.000,534.000,534.000
1786747042487,XAUT_USDT,demo,0,stale_binance,0,0.000000000,1.000000000,0.000000000,0.000000000,0.229381473,0.000000000,0.000000000,1032.000,660.000,660.000
1786747042610,XAUT_USDT,demo,0,stale_binance,0,0.000000000,1.000000000,0.000000000,0.000000000,0.229381473,0.000000000,0.000000000,1155.000,783.000,783.000
1786747042735,XAUT_USDT,demo,0,stale_binance,0,0.000000000,1.000000000,0.000000000,0.000000000,0.229381473,0.000000000,0.000000000,1280.000,908.000,908.000
1786747042860,XAUT_USDT,demo,0,stale_binance,0,0.000000000,1.000000000,0.000000000,0.000000000,0.229381473,0.000000000,0.000000000,1405.000,1033.000,1033.000
1786747042985,XAUT_USDT,demo,0,stale_binance,0,0.000000000,1.000000000,0.000000000,0.000000000,0.229381473,0.000000000,0.000000000,1530.000,1158.000,1158.000
1786747043141,XAUT_USDT,demo,0,microspread_below_threshold,0,0.000000000,1.000000000,1.617008641,1.617008641,0.229381473,0.000000000,0.000000000,60.000,1314.000,1314.000
1786747043265,XAUT_USDT,demo,0,microspread_below_threshold,0,0.000000000,1.000000000,1.617008641,1.617008641,0.229381473,0.000000000,0.000000000,184.000,1438.000,1438.000
1786747043389,XAUT_USDT,demo,0,stale_binance,0,0.000000000,1.000000000,0.000000000,0.000000000,0.229381473,0.000000000,0.000000000,308.000,1562.000,1562.000
1786747043515,XAUT_USDT,demo,0,stale_binance,0,0.000000000,1.000000000,0.000000000,0.000000000,0.229381473,0.000000000,0.000000000,434.000,1688.000,1688.000
1786747043638,XAUT_USDT,demo,0,stale_binance,0,0.000000000,1.000000000,0.000000000,0.000000000,0.229381473,0.000000000,0.000000000,557.000,1811.000,1811.000
1786747043764,XAUT_USDT,demo,0,stale_binance,0,0.000000000,1.000000000,0.000000000,0.000000000,0.229381473,0.000000000,0.000000000,683.000,1937.000,1937.000
1786747047462,XAUT_USDT,demo,0,stale_binance,0,0.000000000,1.000000000,0.000000000,0.000000000,0.229381473,0.000000000,0.000000000,808.000,15.000,15.000
1786747047580,XAUT_USDT,demo,0,stale_binance,0,0.000000000,1.000000000,0.000000000,0.000000000,0.229381473,0.000000000,0.000000000,926.000,53.000,53.000
1786747047704,XAUT_USDT,demo,0,stale_binance,0,0.000000000,1.000000000,0.000000000,0.000000000,0.229381473,0.000000000,0.000000000,1050.000,177.000,177.000
1786747047830,XAUT_USDT,demo,0,stale_binance,0,0.000000000,1.000000000,0.000000000,0.000000000,0.229381473,0.000000000,0.000000000,1176.000,64.000,64.000
1786747047946,XAUT_USDT,demo,0,stale_binance,0,0.000000000,1.000000000,0.000000000,0.000000000,0.229381473,0.000000000,0.000000000,1292.000,1.000,1.000
1786747048086,XAUT_USDT,demo,0,stale_binance,0,0.000000000,1.000000000,0.000000000,0.000000000,0.229381473,0.000000000,0.000000000,1432.000,51.000,51.000
1786747048188,XAUT_USDT,demo,0,stale_binance,0,0.000000000,1.000000000,0.000000000,0.000000000,0.229381473,0.000000000,0.000000000,1534.000,153.000,153.000
1786747048292,XAUT_USDT,demo,0,stale_binance,0,0.000000000,1.000000000,0.000000000,0.000000000,0.229381473,0.000000000,0.000000000,1638.000,60.000,60.000
1786747048436,XAUT_USDT,demo,0,microspread_below_threshold,0,0.000000000,1.000000000,1.617008641,1.617008641,0.229381473,0.000000000,0.000000000,95.000,55.000,55.000
1786747048537,XAUT_USDT,demo,0,microspread_below_threshold,0,0.000000000,1.000000000,1.617008641,1.617008641,0.229381473,0.000000000,0.000000000,196.000,156.000,156.000
1786747048661,XAUT_USDT,demo,0,stale_binance,0,0.000000000,1.000000000,0.000000000,0.000000000,0.229381473,0.000000000,0.000000000,320.000,280.000,280.000
1786747048785,XAUT_USDT,demo,0,stale_binance,0,0.000000000,1.000000000,0.000000000,0.000000000,0.229381473,0.000000000,0.000000000,444.000,404.000,404.000
1786747048899,XAUT_USDT,demo,0,stale_binance,0,0.000000000,1.000000000,0.000000000,0.000000000,0.229381473,0.000000000,0.000000000,558.000,0.000,0.000
1786747049021,XAUT_USDT,demo,0,stale_binance,0,0.000000000,1.000000000,0.000000000,0.000000000,0.229381473,0.000000000,0.000000000,680.000,122.000,122.000
1786747049130,XAUT_USDT,demo,0,stale_binance,0,0.000000000,1.000000000,0.000000000,0.000000000,0.229381473,0.000000000,0.000000000,789.000,62.000,62.000
1786747049257,XAUT_USDT,demo,0,stale_binance,0,0.000000000,1.000000000,0.000000000,0.000000000,0.229381473,0.000000000,0.000000000,916.000,189.000,189.000
1786747049379,XAUT_USDT,demo,0,stale_binance,0,0.000000000,1.000000000,0.000000000,0.000000000,0.229381473,0.000000000,0.000000000,1038.000,311.000,311.000
1786747049495,XAUT_USDT,demo,0,stale_binance,0,0.000000000,1.000000000,0.000000000,0.000000000,0.229381473,0.000000000,0.000000000,1154.000,0.000,0.000
1786747049614,XAUT_USDT,demo,0,stale_binance,0,0.000000000,1.000000000,0.000000000,0.000000000,0.229381473,0.000000000,0.000000000,1273.000,119.000,119.000
1786747049738,XAUT_USDT,demo,0,stale_binance,0,0.000000000,1.000000000,0.000000000,0.000000000,0.229381473,0.000000000,0.000000000,1397.000,243.000,243.000
1786747049839,XAUT_USDT,demo,0,stale_binance,0,0.000000000,1.000000000,0.000000000,0.000000000,0.229381473,0.000000000,0.000000000,1498.000,0.000,0.000
1786747049983,XAUT_USDT,demo,0,stale_binance,0,0.000000000,1.000000000,0.000000000,0.000000000,0.229381473,0.000000000,0.000000000,1642.000,57.000,57.000
1786747050125,XAUT_USDT,demo,0,stale_binance,0,0.000000000,1.000000000,0.000000000,0.000000000,0.229381473,0.000000000,0.000000000,1784.000,113.000,113.000
1786747050237,XAUT_USDT,demo,0,stale_binance,0,0.000000000,1.000000000,0.000000000,0.000000000,0.229381473,0.000000000,0.000000000,1896.000,225.000,225.000
1786747050350,XAUT_USDT,demo,0,stale_binance,0,0.000000000,1.000000000,0.000000000,0.000000000,0.229381473,0.000000000,0.000000000,2009.000,338.000,338.000
1786747050491,XAUT_USDT,demo,0,microspread_below_threshold,0,0.000000000,1.000000000,1.617008641,1.617008641,0.229381473,0.000000000,0.000000000,126.000,136.000,136.000
1786747050615,XAUT_USDT,demo,0,microspread_below_threshold,0,0.000000000,1.000000000,1.617008641,1.617008641,0.229381473,0.000000000,0.000000000,250.000,260.000,260.000
1786747050741,XAUT_USDT,demo,0,stale_binance,0,0.000000000,1.000000000,0.000000000,0.000000000,0.229381473,0.000000000,0.000000000,376.000,386.000,386.000
1786747050865,XAUT_USDT,demo,0,stale_binance,0,0.000000000,1.000000000,0.000000000,0.000000000,0.229381473,0.000000000,0.000000000,500.000,510.000,510.000
1786747050990,XAUT_USDT,demo,0,stale_binance,0,0.000000000,1.000000000,0.000000000,0.000000000,0.229381473,0.000000000,0.000000000,625.000,635.000,635.000
1786747051114,XAUT_USDT,demo,0,stale_binance,0,0.000000000,1.000000000,0.000000000,0.000000000,0.229381473,0.000000000,0.000000000,749.000,759.000,759.000
1786747051237,XAUT_USDT,demo,0,stale_binance,0,0.000000000,1.000000000,0.000000000,0.000000000,0.229381473,0.000000000,0.000000000,872.000,882.000,882.000
1786747051361,XAUT_USDT,demo,0,stale_binance,0,0.000000000,1.000000000,0.000000000,0.000000000,0.229381473,0.000000000,0.000000000,996.000,1006.000,1006.000
1786747051466,XAUT_USDT,demo,0,microspread_below_threshold,0,0.000000000,1.000000000,1.617008641,1.617008641,0.229381473,0.000000000,0.000000000,0.000,1111.000,1111.000
1786747051579,XAUT_USDT,demo,0,microspread_below_threshold,0,0.000000000,1.000000000,1.617008641,1.617008641,0.229381473,0.000000000,0.000000000,113.000,1224.000,1224.000
1786747051704,XAUT_USDT,demo,0,microspread_below_threshold,0,0.000000000,1.000000000,1.617008641,1.617008641,0.229381473,0.000000000,0.000000000,238.000,1349.000,1349.000
1786747051829,XAUT_USDT,demo,0,stale_binance,0,0.000000000,1.000000000,0.000000000,0.000000000,0.229381473,0.000000000,0.000000000,363.000,1474.000,1474.000
1786747051953,XAUT_USDT,demo,0,stale_binance,0,0.000000000,1.000000000,0.000000000,0.000000000,0.229381473,0.000000000,0.000000000,487.000,1598.000,1598.000
1786747052076,XAUT_USDT,demo,0,stale_binance,0,0.000000000,1.000000000,0.000000000,0.000000000,0.229381473,0.000000000,0.000000000,610.000,1721.000,1721.000
1786747052202,XAUT_USDT,demo,0,stale_binance,0,0.000000000,1.000000000,0.000000000,0.000000000,0.229381473,0.000000000,0.000000000,736.000,1847.000,1847.000
1786747052326,XAUT_USDT,demo,0,stale_binance,0,0.000000000,1.000000000,0.000000000,0.000000000,0.229381473,0.000000000,0.000000000,860.000,1971.000,1971.000
1786747053846,XAUT_USDT,demo,0,stale_binance,0,0.000000000,1.000000000,0.000000000,0.000000000,0.229381473,0.000000000,0.000000000,1472.000,0.000,0.000
1786747053990,XAUT_USDT,demo,0,microspread_below_threshold,0,0.000000000,1.000000000,1.617008641,1.617008641,0.229381473,0.000000000,0.000000000,55.000,144.000,144.000
1786747054096,XAUT_USDT,demo,0,microspread_below_threshold,0,0.000000000,1.000000000,1.617008641,1.617008641,0.229381473,0.000000000,0.000000000,161.000,72.000,72.000
1786747054198,XAUT_USDT,demo,0,microspread_below_threshold,0,0.000000000,1.000000000,1.617008641,1.617008641,0.229381473,0.000000000,0.000000000,263.000,0.000,0.000
1786747054349,XAUT_USDT,demo,0,stale_binance,0,0.000000000,1.000000000,0.000000000,0.000000000,0.229381473,0.000000000,0.000000000,414.000,59.000,59.000
1786747054461,XAUT_USDT,demo,0,stale_binance,0,0.000000000,1.000000000,0.000000000,0.000000000,0.229381473,0.000000000,0.000000000,526.000,0.000,0.000
1786747054615,XAUT_USDT,demo,0,stale_binance,0,0.000000000,1.000000000,0.000000000,0.000000000,0.229381473,0.000000000,0.000000000,680.000,60.000,60.000
1786747054738,XAUT_USDT,demo,0,stale_binance,0,0.000000000,1.000000000,0.000000000,0.000000000,0.229381473,0.000000000,0.000000000,803.000,183.000,183.000
1786747054864,XAUT_USDT,demo,0,stale_binance,0,0.000000000,1.000000000,0.000000000,0.000000000,0.229381473,0.000000000,0.000000000,929.000,54.000,54.000
1786747054984,XAUT_USDT,demo,0,stale_binance,0,0.000000000,1.000000000,0.000000000,0.000000000,0.229381473,0.000000000,0.000000000,1049.000,59.000,59.000
1786747055135,XAUT_USDT,demo,0,stale_binance,0,0.000000000,1.000000000,0.000000000,0.000000000,0.229381473,0.000000000,0.000000000,1200.000,63.000,63.000
1786747055252,XAUT_USDT,demo,0,stale_binance,0,0.000000000,1.000000000,0.000000000,0.000000000,0.229381473,0.000000000,0.000000000,1317.000,180.000,180.000
1786747055370,XAUT_USDT,demo,0,stale_binance,0,0.000000000,1.000000000,0.000000000,0.000000000,0.229381473,0.000000000,0.000000000,1435.000,298.000,298.000
1786747055494,XAUT_USDT,demo,0,microspread_below_threshold,0,0.000000000,1.000000000,1.617008641,1.617008641,0.229381473,0.000000000,0.000000000,0.000,84.000,84.000
1786747055618,XAUT_USDT,demo,0,microspread_below_threshold,0,0.000000000,1.000000000,1.617008641,1.617008641,0.229381473,0.000000000,0.000000000,122.000,122.000,122.000
1786747055742,XAUT_USDT,demo,0,microspread_below_threshold,0,0.000000000,1.000000000,1.617008641,1.617008641,0.229381473,0.000000000,0.000000000,246.000,246.000,246.000
1786747055842,XAUT_USDT,demo,0,stale_binance,0,0.000000000,1.000000000,0.000000000,0.000000000,0.229381473,0.000000000,0.000000000,346.000,0.000,0.000
1786747055992,XAUT_USDT,demo,0,stale_binance,0,0.000000000,1.000000000,0.000000000,0.000000000,0.229381473,0.000000000,0.000000000,496.000,63.000,63.000
1786747056108,XAUT_USDT,demo,0,microspread_below_threshold,0,0.000000000,1.000000000,1.617008641,1.617008641,0.229381473,0.000000000,0.000000000,0.000,82.000,82.000
1786747056226,XAUT_USDT,demo,0,microspread_below_threshold,0,0.000000000,1.000000000,1.617008641,1.617008641,0.229381473,0.000000000,0.000000000,64.000,200.000,200.000
1786747056353,XAUT_USDT,demo,0,microspread_below_threshold,0,0.000000000,1.000000000,1.617008641,1.617008641,0.229381473,0.000000000,0.000000000,191.000,327.000,327.000
1786747056494,XAUT_USDT,demo,0,stale_binance,0,0.000000000,1.000000000,0.000000000,0.000000000,0.229381473,0.000000000,0.000000000,332.000,54.000,54.000
1786747056649,XAUT_USDT,demo,0,microspread_below_threshold,0,0.000000000,1.000000000,1.617008641,1.617008641,0.229381473,0.000000000,0.000000000,139.000,125.000,125.000
1786747056774,XAUT_USDT,demo,0,microspread_below_threshold,0,0.000000000,1.000000000,1.617008641,1.617008641,0.229381473,0.000000000,0.000000000,264.000,250.000,250.000
1786747056913,XAUT_USDT,demo,0,stale_binance,0,0.000000000,1.000000000,0.000000000,0.000000000,0.229381473,0.000000000,0.000000000,403.000,120.000,120.000
1786747057039,XAUT_USDT,demo,0,stale_binance,0,0.000000000,1.000000000,0.000000000,0.000000000,0.229381473,0.000000000,0.000000000,529.000,0.000,0.000
1786747057198,XAUT_USDT,demo,0,microspread_below_threshold,0,0.000000000,1.000000000,1.617008641,1.617008641,0.229381473,0.000000000,0.000000000,62.000,159.000,159.000
1786747057312,XAUT_USDT,demo,0,microspread_below_threshold,-1,-0.802737565,1.000000000,0.814271076,1.617008641,0.229381473,-0.802737565,0.000000000,0.000,273.000,273.000
1786747057447,XAUT_USDT,demo,0,microspread_below_threshold,-1,-0.802737565,1.000000000,0.814271076,1.617008641,0.229381473,0.000000000,0.000000000,88.000,64.000,64.000
1786747057554,XAUT_USDT,demo,0,microspread_below_threshold,-1,-0.802737565,1.000000000,0.814271076,1.617008641,0.229381473,0.000000000,0.000000000,18.000,0.000,0.000
1786747057663,XAUT_USDT,demo,0,microspread_below_threshold,-1,-0.802737565,1.000000000,0.814271076,1.617008641,0.229381473,0.000000000,0.000000000,52.000,109.000,109.000
1786747057788,XAUT_USDT,demo,0,microspread_below_threshold,-1,-0.802737565,1.000000000,0.814271076,1.617008641,0.229381473,0.000000000,0.000000000,177.000,234.000,234.000
1786747057926,XAUT_USDT,demo,0,stale_binance,0,0.000000000,1.000000000,0.000000000,0.000000000,0.229381473,0.000000000,0.000000000,315.000,117.000,117.000
1786747058050,XAUT_USDT,demo,0,stale_binance,0,0.000000000,1.000000000,0.000000000,0.000000000,0.229381473,0.000000000,0.000000000,439.000,241.000,241.000
1786747058161,XAUT_USDT,demo,0,microspread_below_threshold,-1,-0.802737565,1.000000000,0.814271076,1.617008641,0.229381473,0.000000000,0.000000000,57.000,352.000,352.000
1786747058923,XAUT_USDT,demo,0,stale_binance,0,0.000000000,1.000000000,0.000000000,0.000000000,0.229381473,0.000000000,0.000000000,313.000,1114.000,1114.000
1786747059051,XAUT_USDT,demo,0,stale_binance,0,0.000000000,1.000000000,0.000000000,0.000000000,0.229381473,0.000000000,0.000000000,441.000,1242.000,1242.000
1786747059158,XAUT_USDT,demo,0,microspread_below_threshold,-1,-0.527520516,1.000000000,0.814271076,1.341791592,0.229381473,0.000000000,0.000000000,60.000,1349.000,1349.000
1786747059285,XAUT_USDT,demo,0,microspread_below_threshold,-1,-0.527520516,1.000000000,0.814271076,1.341791592,0.229381473,0.000000000,0.000000000,187.000,1476.000,1476.000
1786747059411,XAUT_USDT,demo,0,stale_binance,0,0.000000000,1.000000000,0.000000000,0.000000000,0.229381473,0.000000000,0.000000000,313.000,1602.000,1602.000
1786747059519,XAUT_USDT,demo,0,microspread_below_threshold,-1,-0.527520516,1.000000000,0.814271076,1.341791592,0.229381473,0.000000000,0.000000000,62.000,1710.000,1710.000
1786747059673,XAUT_USDT,demo,0,microspread_below_threshold,-1,-0.263763737,1.000000000,0.814271076,1.078034812,0.229381473,0.000000000,0.000000000,115.000,1864.000,1864.000
1786747060641,XAUT_USDT,demo,0,microspread_below_threshold,-1,-0.252295893,1.000000000,0.814271076,1.066566969,0.229381473,0.000000000,0.000000000,274.000,0.000,0.000
1786747060757,XAUT_USDT,demo,0,stale_binance,0,0.000000000,1.000000000,0.000000000,0.000000000,0.229381473,0.000000000,0.000000000,390.000,116.000,116.000
1786747060875,XAUT_USDT,demo,0,stale_binance,0,0.000000000,1.000000000,0.000000000,0.000000000,0.229381473,0.000000000,0.000000000,508.000,62.000,62.000
1786747060983,XAUT_USDT,demo,0,stale_binance,0,0.000000000,1.000000000,0.000000000,0.000000000,0.229381473,0.000000000,0.000000000,616.000,54.000,54.000
1786747061108,XAUT_USDT,demo,0,stale_binance,0,0.000000000,1.000000000,0.000000000,0.000000000,0.229381473,0.000000000,0.000000000,741.000,179.000,179.000
1786747061231,XAUT_USDT,demo,0,stale_binance,0,0.000000000,1.000000000,0.000000000,0.000000000,0.229381473,0.000000000,0.000000000,864.000,63.000,63.000
1786747061371,XAUT_USDT,demo,0,stale_binance,0,0.000000000,1.000000000,0.000000000,0.000000000,0.229381473,0.000000000,0.000000000,1004.000,115.000,115.000
1786747061480,XAUT_USDT,demo,0,microspread_below_threshold,-1,-0.252295893,1.000000000,0.814271076,1.066566969,0.229381473,0.000000000,0.000000000,105.000,54.000,54.000
1786747061599,XAUT_USDT,demo,0,microspread_below_threshold,-1,-0.252295893,1.000000000,0.814271076,1.066566969,0.229381473,0.000000000,0.000000000,224.000,0.000,0.000
1786747061715,XAUT_USDT,demo,0,stale_binance,0,0.000000000,1.000000000,0.000000000,0.000000000,0.229381473,0.000000000,0.000000000,340.000,116.000,116.000
1786747061823,XAUT_USDT,demo,0,stale_binance,0,0.000000000,1.000000000,0.000000000,0.000000000,0.229381473,0.000000000,0.000000000,448.000,54.000,54.000
1786747061944,XAUT_USDT,demo,0,stale_binance,0,0.000000000,1.000000000,0.000000000,0.000000000,0.229381473,0.000000000,0.000000000,569.000,1.000,1.000
1786747062089,XAUT_USDT,demo,0,stale_binance,0,0.000000000,1.000000000,0.000000000,0.000000000,0.229381473,0.000000000,0.000000000,714.000,62.000,62.000
1786747062213,XAUT_USDT,demo,0,stale_binance,0,0.000000000,1.000000000,0.000000000,0.000000000,0.229381473,0.000000000,0.000000000,838.000,186.000,186.000
1786747062337,XAUT_USDT,demo,0,stale_binance,0,0.000000000,1.000000000,0.000000000,0.000000000,0.229381473,0.000000000,0.000000000,962.000,310.000,310.000
1786747062455,XAUT_USDT,demo,0,stale_binance,0,0.000000000,1.000000000,0.000000000,0.000000000,0.229381473,0.000000000,0.000000000,1080.000,0.000,0.000
1786747062600,XAUT_USDT,demo,0,stale_binance,0,0.000000000,1.000000000,0.000000000,0.000000000,0.229381473,0.000000000,0.000000000,1225.000,59.000,59.000
1786747062726,XAUT_USDT,demo,0,stale_binance,0,0.000000000,1.000000000,0.000000000,0.000000000,0.229381473,0.000000000,0.000000000,1351.000,185.000,185.000
1786747062850,XAUT_USDT,demo,0,stale_binance,0,0.000000000,1.000000000,0.000000000,0.000000000,0.229381473,0.000000000,0.000000000,1475.000,309.000,309.000
1786747062970,XAUT_USDT,demo,0,microspread_below_threshold,-1,-0.252295893,1.000000000,0.814271076,1.066566969,0.229381473,0.000000000,0.000000000,56.000,1.000,1.000
1786747063118,XAUT_USDT,demo,0,microspread_below_threshold,-1,-0.252295893,1.000000000,0.814271076,1.066566969,0.229381473,0.000000000,0.000000000,204.000,59.000,59.000
1786747063236,XAUT_USDT,demo,0,stale_binance,0,0.000000000,1.000000000,0.000000000,0.000000000,0.229381473,0.000000000,0.000000000,322.000,177.000,177.000
1786747063351,XAUT_USDT,demo,0,stale_binance,0,0.000000000,1.000000000,0.000000000,0.000000000,0.229381473,0.000000000,0.000000000,437.000,292.000,292.000
1786747063453,XAUT_USDT,demo,0,stale_binance,0,0.000000000,1.000000000,0.000000000,0.000000000,0.229381473,0.000000000,0.000000000,539.000,54.000,54.000
1786747063570,XAUT_USDT,demo,0,microspread_below_threshold,-1,-0.252295893,1.000000000,0.814271076,1.066566969,0.229381473,0.000000000,0.000000000,36.000,0.000,0.000
1786747063709,XAUT_USDT,demo,0,microspread_below_threshold,-1,-0.252295893,1.000000000,0.814271076,1.066566969,0.229381473,0.000000000,0.000000000,175.000,54.000,54.000
1786747063829,XAUT_USDT,demo,0,microspread_below_threshold,-1,-0.252295893,1.000000000,0.814271076,1.066566969,0.229381473,0.000000000,0.000000000,295.000,0.000,0.000
1786747064589,XAUT_USDT,demo,0,stale_binance,0,0.000000000,1.000000000,0.000000000,0.000000000,0.229381473,0.000000000,0.000000000,565.000,72.000,72.000
1786747064722,XAUT_USDT,demo,0,stale_binance,0,0.000000000,1.000000000,0.000000000,0.000000000,0.229381473,0.000000000,0.000000000,698.000,121.000,121.000
1786747064831,XAUT_USDT,demo,0,stale_binance,0,0.000000000,1.000000000,0.000000000,0.000000000,0.229381473,0.000000000,0.000000000,807.000,57.000,57.000
1786747064947,XAUT_USDT,demo,0,stale_binance,0,0.000000000,1.000000000,0.000000000,0.000000000,0.229381473,0.000000000,0.000000000,923.000,0.000,0.000
1786747065097,XAUT_USDT,demo,0,stale_binance,0,0.000000000,1.000000000,0.000000000,0.000000000,0.229381473,0.000000000,0.000000000,1073.000,64.000,64.000
1786747065222,XAUT_USDT,demo,0,stale_binance,0,0.000000000,1.000000000,0.000000000,0.000000000,0.229381473,0.000000000,0.000000000,1198.000,189.000,189.000
1786747065346,XAUT_USDT,demo,0,stale_binance,0,0.000000000,1.000000000,0.000000000,0.000000000,0.229381473,0.000000000,0.000000000,1322.000,313.000,313.000
1786747065460,XAUT_USDT,demo,0,stale_binance,0,0.000000000,1.000000000,0.000000000,0.000000000,0.229381473,0.000000000,0.000000000,1436.000,0.000,0.000
1786747065595,XAUT_USDT,demo,0,stale_binance,0,0.000000000,1.000000000,0.000000000,0.000000000,0.229381473,0.000000000,0.000000000,1571.000,52.000,52.000
1786747065752,XAUT_USDT,demo,0,stale_binance,0,0.000000000,1.000000000,0.000000000,0.000000000,0.229381473,0.000000000,0.000000000,1728.000,122.000,122.000
1786747065876,XAUT_USDT,demo,0,stale_binance,0,0.000000000,1.000000000,0.000000000,0.000000000,0.229381473,0.000000000,0.000000000,1852.000,246.000,246.000
1786747065995,XAUT_USDT,demo,0,microspread_below_threshold,0,0.000000000,1.000000000,0.814271076,0.814271076,0.229381473,0.000000000,0.000000000,0.000,365.000,365.000
1786747066109,XAUT_USDT,demo,0,microspread_below_threshold,0,0.000000000,1.000000000,0.814271076,0.814271076,0.229381473,0.000000000,0.000000000,111.000,52.000,52.000
1786747066265,XAUT_USDT,demo,0,microspread_below_threshold,0,0.000000000,1.000000000,0.814271076,0.814271076,0.229381473,0.000000000,0.000000000,267.000,120.000,120.000
1786747066369,XAUT_USDT,demo,0,microspread_below_threshold,0,0.000000000,1.000000000,0.814271076,0.814271076,0.229381473,0.000000000,0.000000000,0.000,224.000,224.000
1786747066484,XAUT_USDT,demo,0,microspread_below_threshold,0,0.000000000,1.000000000,0.814271076,0.814271076,0.229381473,0.000000000,0.000000000,115.000,339.000,339.000
1786747066640,XAUT_USDT,demo,0,microspread_below_threshold,0,0.000000000,1.000000000,0.814271076,0.814271076,0.229381473,0.000000000,0.000000000,271.000,65.000,65.000
1786747066796,XAUT_USDT,demo,0,microspread_below_threshold,0,0.000000000,1.000000000,0.814271076,0.814271076,0.229381473,0.000000000,0.000000000,116.000,135.000,135.000
1786747066951,XAUT_USDT,demo,0,microspread_below_threshold,0,0.000000000,1.000000000,0.814271076,0.814271076,0.229381473,0.000000000,0.000000000,271.000,118.000,118.000
1786747067060,XAUT_USDT,demo,0,stale_binance,0,0.000000000,1.000000000,0.000000000,0.000000000,0.229381473,0.000000000,0.000000000,380.000,53.000,53.000
1786747067215,XAUT_USDT,demo,0,stale_binance,0,0.000000000,1.000000000,0.000000000,0.000000000,0.229381473,0.000000000,0.000000000,535.000,119.000,119.000
1786747067339,XAUT_USDT,demo,0,microspread_below_threshold,0,0.000000000,1.000000000,0.814271076,0.814271076,0.229381473,0.000000000,0.000000000,56.000,243.000,243.000
1786747067465,XAUT_USDT,demo,0,microspread_below_threshold,0,0.000000000,1.000000000,0.814271076,0.814271076,0.229381473,0.000000000,0.000000000,182.000,369.000,369.000
1786747067573,XAUT_USDT,demo,0,microspread_below_threshold,0,0.000000000,1.000000000,0.814271076,0.814271076,0.229381473,0.000000000,0.000000000,290.000,53.000,53.000
1786747067728,XAUT_USDT,demo,0,stale_binance,0,0.000000000,1.000000000,0.000000000,0.000000000,0.229381473,0.000000000,0.000000000,445.000,119.000,119.000
1786747067837,XAUT_USDT,demo,0,stale_binance,0,0.000000000,1.000000000,0.000000000,0.000000000,0.229381473,0.000000000,0.000000000,554.000,53.000,53.000
1786747067954,XAUT_USDT,demo,0,stale_binance,0,0.000000000,1.000000000,0.000000000,0.000000000,0.229381473,0.000000000,0.000000000,671.000,0.000,0.000
1786747068090,XAUT_USDT,demo,0,microspread_below_threshold,0,0.000000000,1.000000000,0.814271076,0.814271076,0.229381473,0.000000000,0.000000000,0.000,50.000,50.000
1786747068246,XAUT_USDT,demo,0,microspread_below_threshold,0,0.000000000,1.000000000,0.814271076,0.814271076,0.229381473,0.000000000,0.000000000,156.000,120.000,120.000
1786747068388,XAUT_USDT,demo,0,microspread_below_threshold,0,0.000000000,1.000000000,0.814271076,0.814271076,0.229381473,0.000000000,0.000000000,54.000,262.000,262.000
1786747068533,XAUT_USDT,demo,0,microspread_below_threshold,0,0.000000000,1.000000000,0.814271076,0.814271076,0.229381473,0.000000000,0.000000000,112.000,407.000,407.000
1786747068639,XAUT_USDT,demo,0,microspread_below_threshold,0,0.000000000,1.000000000,0.814271076,0.814271076,0.229381473,0.000000000,0.000000000,218.000,0.000,0.000
1786747068786,XAUT_USDT,demo,0,stale_binance,0,0.000000000,1.000000000,0.000000000,0.000000000,0.229381473,0.000000000,0.000000000,365.000,61.000,61.000
1786747068902,XAUT_USDT,demo,0,stale_binance,0,0.000000000,1.000000000,0.000000000,0.000000000,0.229381473,0.000000000,0.000000000,481.000,1.000,1.000
1786747069051,XAUT_USDT,demo,0,stale_binance,0,0.000000000,1.000000000,0.000000000,0.000000000,0.229381473,0.000000000,0.000000000,630.000,60.000,60.000
1786747069159,XAUT_USDT,demo,0,stale_binance,0,0.000000000,1.000000000,0.000000000,0.000000000,0.229381473,0.000000000,0.000000000,738.000,0.000,0.000
1786747069286,XAUT_USDT,demo,0,stale_binance,0,0.000000000,1.000000000,0.000000000,0.000000000,0.229381473,0.000000000,0.000000000,865.000,127.000,127.000
1786747069411,XAUT_USDT,demo,0,stale_binance,0,0.000000000,1.000000000,0.000000000,0.000000000,0.229381473,0.000000000,0.000000000,990.000,252.000,252.000
1786747069569,XAUT_USDT,demo,0,microspread_below_threshold,0,0.000000000,1.000000000,0.814271076,0.814271076,0.229381473,0.000000000,0.000000000,99.000,66.000,66.000
1786747070364,XAUT_USDT,demo,0,stale_binance,0,0.000000000,1.000000000,0.000000000,0.000000000,0.229381473,0.000000000,0.000000000,509.000,90.000,90.000
1786747070517,XAUT_USDT,demo,0,microspread_below_threshold,0,0.000000000,1.000000000,0.814271076,0.814271076,0.229381473,0.000000000,0.000000000,149.000,71.000,71.000
1786747070628,XAUT_USDT,demo,0,microspread_below_threshold,0,0.000000000,1.000000000,0.814271076,0.814271076,0.229381473,0.000000000,0.000000000,260.000,0.000,0.000
1786747070752,XAUT_USDT,demo,0,stale_binance,0,0.000000000,1.000000000,0.000000000,0.000000000,0.229381473,0.000000000,0.000000000,384.000,124.000,124.000
1786747070879,XAUT_USDT,demo,0,stale_binance,0,0.000000000,1.000000000,0.000000000,0.000000000,0.229381473,0.000000000,0.000000000,511.000,51.000,51.000
1786747071017,XAUT_USDT,demo,0,stale_binance,0,0.000000000,1.000000000,0.000000000,0.000000000,0.229381473,0.000000000,0.000000000,649.000,51.000,51.000
1786747071139,XAUT_USDT,demo,0,stale_binance,0,0.000000000,1.000000000,0.000000000,0.000000000,0.229381473,0.000000000,0.000000000,771.000,0.000,0.000
1786747071268,XAUT_USDT,demo,0,stale_binance,0,0.000000000,1.000000000,0.000000000,0.000000000,0.229381473,0.000000000,0.000000000,900.000,129.000,129.000
1786747071393,XAUT_USDT,demo,0,stale_binance,0,0.000000000,1.000000000,0.000000000,0.000000000,0.229381473,0.000000000,0.000000000,1025.000,254.000,254.000
1786747071533,XAUT_USDT,demo,0,microspread_below_threshold,0,0.000000000,1.000000000,0.814271076,0.814271076,0.229381473,0.000000000,0.000000000,129.000,54.000,54.000
1786747071689,XAUT_USDT,demo,0,microspread_below_threshold,0,0.000000000,1.000000000,0.814271076,0.814271076,0.229381473,0.000000000,0.000000000,285.000,117.000,117.000
1786747071824,XAUT_USDT,demo,0,microspread_below_threshold,0,0.000000000,1.000000000,0.814271076,0.814271076,0.229381473,0.000000000,0.000000000,114.000,0.000,0.000
1786747071953,XAUT_USDT,demo,0,microspread_below_threshold,0,0.000000000,1.000000000,0.814271076,0.814271076,0.229381473,0.000000000,0.000000000,243.000,129.000,129.000
1786747072081,XAUT_USDT,demo,0,microspread_below_threshold,0,0.000000000,1.000000000,0.814271076,0.814271076,0.229381473,0.000000000,0.000000000,91.000,0.000,0.000
1786747072219,XAUT_USDT,demo,0,microspread_below_threshold,0,0.000000000,1.000000000,0.814271076,0.814271076,0.229381473,0.000000000,0.000000000,229.000,54.000,54.000
1786747072359,XAUT_USDT,demo,0,microspread_below_threshold,0,0.000000000,1.000000000,0.814271076,0.814271076,0.229381473,0.000000000,0.000000000,51.000,194.000,194.000
1786747072486,XAUT_USDT,demo,0,microspread_below_threshold,0,0.000000000,1.000000000,0.814271076,0.814271076,0.229381473,0.000000000,0.000000000,178.000,321.000,321.000
1786747072592,XAUT_USDT,demo,0,microspread_below_threshold,0,0.000000000,1.000000000,0.814271076,0.814271076,0.229381473,0.000000000,0.000000000,51.000,0.000,0.000
1786747072719,XAUT_USDT,demo,0,microspread_below_threshold,0,0.000000000,1.000000000,0.814271076,0.814271076,0.229381473,0.000000000,0.000000000,178.000,127.000,127.000
1786747072843,XAUT_USDT,demo,0,stale_binance,0,0.000000000,1.000000000,0.000000000,0.000000000,0.229381473,0.000000000,0.000000000,302.000,251.000,251.000
1786747072967,XAUT_USDT,demo,0,stale_binance,0,0.000000000,1.000000000,0.000000000,0.000000000,0.229381473,0.000000000,0.000000000,426.000,116.000,116.000
1786747073092,XAUT_USDT,demo,0,stale_binance,0,0.000000000,1.000000000,0.000000000,0.000000000,0.229381473,0.000000000,0.000000000,551.000,63.000,63.000
1786747073233,XAUT_USDT,demo,0,stale_binance,0,0.000000000,1.000000000,0.000000000,0.000000000,0.229381473,0.000000000,0.000000000,692.000,120.000,120.000
1786747073358,XAUT_USDT,demo,0,stale_binance,0,0.000000000,1.000000000,0.000000000,0.000000000,0.229381473,0.000000000,0.000000000,817.000,245.000,245.000
1786747073513,XAUT_USDT,demo,0,stale_binance,0,0.000000000,1.000000000,0.000000000,0.000000000,0.229381473,0.000000000,0.000000000,972.000,58.000,58.000
1786747073627,XAUT_USDT,demo,0,stale_binance,0,0.000000000,1.000000000,0.000000000,0.000000000,0.229381473,0.000000000,0.000000000,1086.000,0.000,0.000
1786747073747,XAUT_USDT,demo,0,stale_binance,0,0.000000000,1.000000000,0.000000000,0.000000000,0.229381473,0.000000000,0.000000000,1206.000,120.000,120.000
1786747073856,XAUT_USDT,demo,0,stale_binance,0,0.000000000,1.000000000,0.000000000,0.000000000,0.229381473,0.000000000,0.000000000,1315.000,51.000,51.000
1786747073974,XAUT_USDT,demo,0,microspread_below_threshold,0,0.000000000,1.000000000,0.814271076,0.814271076,0.229381473,0.000000000,0.000000000,39.000,0.000,0.000
1786747074122,XAUT_USDT,demo,0,microspread_below_threshold,0,0.000000000,1.000000000,0.814271076,0.814271076,0.229381473,0.000000000,0.000000000,108.000,60.000,60.000
1786747074239,XAUT_USDT,demo,0,microspread_below_threshold,0,0.000000000,1.000000000,0.814271076,0.814271076,0.229381473,0.000000000,0.000000000,225.000,0.000,0.000
1786747074387,XAUT_USDT,demo,0,stale_binance,0,0.000000000,1.000000000,0.000000000,0.000000000,0.229381473,0.000000000,0.000000000,373.000,64.000,64.000
1786747074528,XAUT_USDT,demo,0,stale_binance,0,0.000000000,1.000000000,0.000000000,0.000000000,0.229381473,0.000000000,0.000000000,514.000,123.000,123.000
1786747074651,XAUT_USDT,demo,0,stale_binance,0,0.000000000,1.000000000,0.000000000,0.000000000,0.229381473,0.000000000,0.000000000,637.000,246.000,246.000
1786747074777,XAUT_USDT,demo,0,stale_binance,0,0.000000000,1.000000000,0.000000000,0.000000000,0.229381473,0.000000000,0.000000000,763.000,113.000,113.000
1786747074903,XAUT_USDT,demo,0,stale_binance,0,0.000000000,1.000000000,0.000000000,0.000000000,0.229381473,0.000000000,0.000000000,889.000,67.000,67.000
1786747075028,XAUT_USDT,demo,0,stale_binance,0,0.000000000,1.000000000,0.000000000,0.000000000,0.229381473,0.000000000,0.000000000,1014.000,192.000,192.000
1786747075169,XAUT_USDT,demo,0,microspread_below_threshold,0,0.000000000,1.000000000,0.814271076,0.814271076,0.229381473,0.000000000,0.000000000,57.000,74.000,74.000
1786747075304,XAUT_USDT,demo,0,microspread_below_threshold,0,0.000000000,1.000000000,0.814271076,0.814271076,0.229381473,0.000000000,0.000000000,192.000,122.000,122.000
1786747075959,XAUT_USDT,demo,0,microspread_below_threshold,0,0.000000000,1.000000000,0.814271076,0.814271076,0.229381473,0.000000000,0.000000000,16.000,173.000,173.000
1786747076102,XAUT_USDT,demo,0,microspread_below_threshold,0,0.000000000,1.000000000,0.814271076,0.814271076,0.229381473,0.000000000,0.000000000,125.000,61.000,61.000
1786747076211,XAUT_USDT,demo,0,microspread_below_threshold,0,0.000000000,1.000000000,0.814271076,0.814271076,0.229381473,0.000000000,0.000000000,234.000,0.000,0.000
1786747076351,XAUT_USDT,demo,0,stale_binance,0,0.000000000,1.000000000,0.000000000,0.000000000,0.229381473,0.000000000,0.000000000,374.000,55.000,55.000
1786747076508,XAUT_USDT,demo,0,stale_binance,0,0.000000000,1.000000000,0.000000000,0.000000000,0.229381473,0.000000000,0.000000000,531.000,123.000,123.000
1786747076616,XAUT_USDT,demo,0,microspread_below_threshold,0,0.000000000,1.000000000,0.814271076,0.814271076,0.229381473,0.000000000,0.000000000,0.000,60.000,60.000
1786747076759,XAUT_USDT,demo,0,microspread_below_threshold,0,0.000000000,1.000000000,0.814271076,0.814271076,0.229381473,0.000000000,0.000000000,143.000,119.000,119.000
1786747076885,XAUT_USDT,demo,0,microspread_below_threshold,0,0.000000000,1.000000000,0.814271076,0.814271076,0.229381473,0.000000000,0.000000000,269.000,53.000,53.000
1786747077010,XAUT_USDT,demo,0,stale_binance,0,0.000000000,1.000000000,0.000000000,0.000000000,0.229381473,0.000000000,0.000000000,394.000,178.000,178.000
1786747077136,XAUT_USDT,demo,0,stale_binance,0,0.000000000,1.000000000,0.000000000,0.000000000,0.229381473,0.000000000,0.000000000,520.000,64.000,64.000
1786747077246,XAUT_USDT,demo,0,microspread_below_threshold,0,0.000000000,1.000000000,0.814271076,0.814271076,0.229381473,0.000000000,0.000000000,63.000,88.000,88.000
1786747077355,XAUT_USDT,demo,0,microspread_below_threshold,0,0.000000000,1.000000000,0.814271076,0.814271076,0.229381473,0.000000000,0.000000000,61.000,197.000,197.000
1786747077480,XAUT_USDT,demo,0,microspread_below_threshold,0,0.000000000,1.000000000,0.814271076,0.814271076,0.229381473,0.000000000,0.000000000,52.000,322.000,322.000
1786747077584,XAUT_USDT,demo,0,microspread_below_threshold,0,0.000000000,1.000000000,0.814271076,0.814271076,0.229381473,0.000000000,0.000000000,156.000,0.000,0.000
1786747077727,XAUT_USDT,demo,0,microspread_below_threshold,0,0.000000000,1.000000000,0.814271076,0.814271076,0.229381473,0.000000000,0.000000000,299.000,58.000,58.000
1786747077852,XAUT_USDT,demo,0,stale_binance,0,0.000000000,1.000000000,0.000000000,0.000000000,0.229381473,0.000000000,0.000000000,424.000,183.000,183.000
1786747077977,XAUT_USDT,demo,0,stale_binance,0,0.000000000,1.000000000,0.000000000,0.000000000,0.229381473,0.000000000,0.000000000,549.000,308.000,308.000
1786747078099,XAUT_USDT,demo,0,stale_binance,0,0.000000000,1.000000000,0.000000000,0.000000000,0.229381473,0.000000000,0.000000000,671.000,0.000,0.000
1786747078243,XAUT_USDT,demo,0,stale_binance,0,0.000000000,1.000000000,0.000000000,0.000000000,0.229381473,0.000000000,0.000000000,815.000,56.000,56.000
1786747078369,XAUT_USDT,demo,0,stale_binance,0,0.000000000,1.000000000,0.000000000,0.000000000,0.229381473,0.000000000,0.000000000,941.000,182.000,182.000
1786747078493,XAUT_USDT,demo,0,stale_binance,0,0.000000000,1.000000000,0.000000000,0.000000000,0.229381473,0.000000000,0.000000000,1065.000,306.000,306.000
1786747078609,XAUT_USDT,demo,0,stale_binance,0,0.000000000,1.000000000,0.000000000,0.000000000,0.229381473,0.000000000,0.000000000,1181.000,0.000,0.000
1786747078745,XAUT_USDT,demo,0,stale_binance,0,0.000000000,1.000000000,0.000000000,0.000000000,0.229381473,0.000000000,0.000000000,1317.000,51.000,51.000
1786747078901,XAUT_USDT,demo,0,stale_binance,0,0.000000000,1.000000000,0.000000000,0.000000000,0.229381473,0.000000000,0.000000000,1473.000,119.000,119.000
1786747079009,XAUT_USDT,demo,0,microspread_below_threshold,0,0.000000000,1.000000000,0.814271076,0.814271076,0.229381473,0.000000000,0.000000000,58.000,227.000,227.000
1786747079130,XAUT_USDT,demo,0,microspread_below_threshold,0,0.000000000,1.000000000,0.814271076,0.814271076,0.229381473,0.000000000,0.000000000,179.000,0.000,0.000
1786747079258,XAUT_USDT,demo,0,stale_binance,0,0.000000000,1.000000000,0.000000000,0.000000000,0.229381473,0.000000000,0.000000000,307.000,128.000,128.000
1786747079384,XAUT_USDT,demo,0,stale_binance,0,0.000000000,1.000000000,0.000000000,0.000000000,0.229381473,0.000000000,0.000000000,433.000,0.000,0.000
1786747079524,XAUT_USDT,demo,0,stale_binance,0,0.000000000,1.000000000,0.000000000,0.000000000,0.229381473,0.000000000,0.000000000,573.000,55.000,55.000
1786747079644,XAUT_USDT,demo,0,stale_binance,0,0.000000000,1.000000000,0.000000000,0.000000000,0.229381473,0.000000000,0.000000000,693.000,1.000,1.000
1786747079756,XAUT_USDT,demo,0,microspread_below_threshold,0,0.000000000,1.000000000,0.814271076,0.814271076,0.229381473,0.000000000,0.000000000,0.000,29.000,29.000
1786747079884,XAUT_USDT,demo,0,microspread_below_threshold,0,0.000000000,1.000000000,0.814271076,0.814271076,0.229381473,0.000000000,0.000000000,120.000,157.000,157.000
1786747080009,XAUT_USDT,demo,0,microspread_below_threshold,0,0.000000000,1.000000000,0.814271076,0.814271076,0.229381473,0.000000000,0.000000000,245.000,282.000,282.000
1786747080135,XAUT_USDT,demo,0,stale_binance,0,0.000000000,1.000000000,0.000000000,0.000000000,0.229381473,0.000000000,0.000000000,371.000,408.000,408.000
1786747080268,XAUT_USDT,demo,0,microspread_below_threshold,0,0.000000000,1.000000000,0.814271076,0.814271076,0.229381473,0.000000000,0.000000000,0.000,107.000,107.000
1786747080369,XAUT_USDT,demo,0,microspread_below_threshold,0,0.000000000,1.000000000,0.814271076,0.814271076,0.229381473,0.000000000,0.000000000,0.000,208.000,208.000
1786747080491,XAUT_USDT,demo,0,microspread_below_threshold,0,0.000000000,1.000000000,0.814271076,0.814271076,0.229381473,0.000000000,0.000000000,122.000,330.000,330.000
1786747080647,XAUT_USDT,demo,0,microspread_below_threshold,0,0.000000000,1.000000000,0.814271076,0.814271076,0.229381473,0.000000000,0.000000000,278.000,61.000,61.000
1786747080778,XAUT_USDT,demo,0,stale_binance,0,0.000000000,1.000000000,0.000000000,0.000000000,0.229381473,0.000000000,0.000000000,409.000,107.000,107.000
1786747080896,XAUT_USDT,demo,0,stale_binance,0,0.000000000,1.000000000,0.000000000,0.000000000,0.229381473,0.000000000,0.000000000,527.000,51.000,51.000
1786747081668,XAUT_USDT,demo,0,microspread_below_threshold,0,0.000000000,1.000000000,0.814271076,0.814271076,0.229381473,0.000000000,0.000000000,86.000,49.000,49.000
1786747081812,XAUT_USDT,demo,0,microspread_below_threshold,0,0.000000000,1.000000000,0.814271076,0.814271076,0.229381473,0.000000000,0.000000000,230.000,108.000,108.000
1786747081929,XAUT_USDT,demo,0,microspread_below_threshold,0,0.000000000,1.000000000,0.814271076,0.814271076,0.229381473,0.000000000,0.000000000,0.000,225.000,225.000
1786747082050,XAUT_USDT,demo,0,microspread_below_threshold,0,0.000000000,1.000000000,0.814271076,0.814271076,0.229381473,0.000000000,0.000000000,121.000,0.000,0.000
1786747082163,XAUT_USDT,demo,0,microspread_below_threshold,0,0.000000000,1.000000000,0.814271076,0.814271076,0.229381473,0.000000000,0.000000000,0.000,26.000,26.000
1786747082286,XAUT_USDT,demo,0,microspread_below_threshold,0,0.000000000,1.000000000,0.814271076,0.814271076,0.229381473,0.000000000,0.000000000,123.000,61.000,61.000
1786747082442,XAUT_USDT,demo,0,microspread_below_threshold,0,0.000000000,1.000000000,0.814271076,0.814271076,0.229381473,0.000000000,0.000000000,279.000,124.000,124.000
1786747082560,XAUT_USDT,demo,0,stale_binance,0,0.000000000,1.000000000,0.000000000,0.000000000,0.229381473,0.000000000,0.000000000,397.000,0.000,0.000
1786747082706,XAUT_USDT,demo,0,stale_binance,0,0.000000000,1.000000000,0.000000000,0.000000000,0.229381473,0.000000000,0.000000000,543.000,61.000,61.000
1786747082824,XAUT_USDT,demo,0,stale_binance,0,0.000000000,1.000000000,0.000000000,0.000000000,0.229381473,0.000000000,0.000000000,661.000,0.000,0.000
1786747082942,XAUT_USDT,demo,0,stale_binance,0,0.000000000,1.000000000,0.000000000,0.000000000,0.229381473,0.000000000,0.000000000,779.000,118.000,118.000
1786747083067,XAUT_USDT,demo,0,stale_binance,0,0.000000000,1.000000000,0.000000000,0.000000000,0.229381473,0.000000000,0.000000000,904.000,243.000,243.000
1786747083174,XAUT_USDT,demo,0,microspread_below_threshold,0,0.000000000,1.000000000,0.814271076,0.814271076,0.229381473,0.000000000,0.000000000,0.000,11.000,11.000
1786747083275,XAUT_USDT,demo,0,microspread_below_threshold,0,0.000000000,1.000000000,0.814271076,0.814271076,0.229381473,0.000000000,0.000000000,1.000,112.000,112.000
1786747083414,XAUT_USDT,demo,0,microspread_below_threshold,0,0.000000000,1.000000000,0.814271076,0.814271076,0.229381473,0.000000000,0.000000000,50.000,251.000,251.000
1786747083566,XAUT_USDT,demo,0,microspread_below_threshold,0,0.000000000,1.000000000,0.814271076,0.814271076,0.229381473,0.000000000,0.000000000,202.000,61.000,61.000
1786747083674,XAUT_USDT,demo,0,stale_binance,0,0.000000000,1.000000000,0.000000000,0.000000000,0.229381473,0.000000000,0.000000000,310.000,0.000,0.000
1786747083800,XAUT_USDT,demo,0,stale_binance,0,0.000000000,1.000000000,0.000000000,0.000000000,0.229381473,0.000000000,0.000000000,436.000,126.000,126.000
1786747083909,XAUT_USDT,demo,0,stale_binance,0,0.000000000,1.000000000,0.000000000,0.000000000,0.229381473,0.000000000,0.000000000,545.000,64.000,64.000
1786747084016,XAUT_USDT,demo,0,stale_binance,0,0.000000000,1.000000000,0.000000000,0.000000000,0.229381473,0.000000000,0.000000000,652.000,0.000,0.000
1786747084160,XAUT_USDT,demo,0,microspread_below_threshold,0,0.000000000,1.000000000,0.814271076,0.814271076,0.229381473,0.000000000,0.000000000,111.000,54.000,54.000
1786747084314,XAUT_USDT,demo,0,microspread_below_threshold,0,0.000000000,1.000000000,0.814271076,0.814271076,0.229381473,0.000000000,0.000000000,265.000,119.000,119.000
1786747084423,XAUT_USDT,demo,0,microspread_below_threshold,0,0.000000000,1.000000000,0.814271076,0.814271076,0.229381473,0.000000000,0.000000000,62.000,228.000,228.000
1786747084548,XAUT_USDT,demo,0,microspread_below_threshold,0,0.000000000,1.000000000,0.814271076,0.814271076,0.229381473,0.000000000,0.000000000,187.000,353.000,353.000
1786747084673,XAUT_USDT,demo,0,stale_binance,0,0.000000000,1.000000000,0.000000000,0.000000000,0.229381473,0.000000000,0.000000000,312.000,51.000,51.000
1786747084794,XAUT_USDT,demo,0,stale_binance,0,0.000000000,1.000000000,0.000000000,0.000000000,0.229381473,0.000000000,0.000000000,433.000,0.000,0.000
1786747084898,XAUT_USDT,demo,0,microspread_below_threshold,0,0.000000000,1.000000000,0.814271076,0.814271076,0.229381473,0.000000000,0.000000000,24.000,0.000,0.000
1786747085032,XAUT_USDT,demo,0,microspread_below_threshold,0,0.000000000,1.000000000,0.814271076,0.814271076,0.229381473,0.000000000,0.000000000,129.000,66.000,66.000
1786747085171,XAUT_USDT,demo,0,microspread_below_threshold,0,0.000000000,1.000000000,0.814271076,0.814271076,0.229381473,0.000000000,0.000000000,268.000,120.000,120.000
1786747085295,XAUT_USDT,demo,0,stale_binance,0,0.000000000,1.000000000,0.000000000,0.000000000,0.229381473,0.000000000,0.000000000,392.000,244.000,244.000
1786747085437,XAUT_USDT,demo,0,microspread_below_threshold,0,0.000000000,1.000000000,0.814271076,0.814271076,0.229381473,0.000000000,0.000000000,124.000,128.000,128.000
1786747085562,XAUT_USDT,demo,0,microspread_below_threshold,0,0.000000000,1.000000000,0.814271076,0.814271076,0.229381473,0.000000000,0.000000000,249.000,253.000,253.000
1786747085717,XAUT_USDT,demo,0,microspread_below_threshold,0,0.000000000,1.000000000,0.814271076,0.814271076,0.229381473,0.000000000,0.000000000,70.000,66.000,66.000
1786747085826,XAUT_USDT,demo,0,microspread_below_threshold,0,0.000000000,1.000000000,0.814271076,0.814271076,0.229381473,0.000000000,0.000000000,179.000,1.000,1.000
1786747085953,XAUT_USDT,demo,0,stale_binance,0,0.000000000,1.000000000,0.000000000,0.000000000,0.229381473,0.000000000,0.000000000,306.000,128.000,128.000
1786747086077,XAUT_USDT,demo,0,stale_binance,0,0.000000000,1.000000000,0.000000000,0.000000000,0.229381473,0.000000000,0.000000000,430.000,252.000,252.000
1786747086231,XAUT_USDT,demo,0,microspread_below_threshold,0,0.000000000,1.000000000,0.814271076,0.814271076,0.229381473,0.000000000,0.000000000,120.000,63.000,63.000
1786747086388,XAUT_USDT,demo,0,microspread_below_threshold,0,0.000000000,1.000000000,0.814271076,0.814271076,0.229381473,0.000000000,0.000000000,64.000,135.000,135.000
1786747086507,XAUT_USDT,demo,0,microspread_below_threshold,0,0.000000000,1.000000000,0.814271076,0.814271076,0.229381473,0.000000000,0.000000000,183.000,0.000,0.000
1786747086654,XAUT_USDT,demo,0,stale_binance,0,0.000000000,1.000000000,0.000000000,0.000000000,0.229381473,0.000000000,0.000000000,330.000,61.000,61.000
1786747087344,XAUT_USDT,demo,0,microspread_below_threshold,0,0.000000000,1.000000000,0.814271076,0.814271076,0.229381473,0.000000000,0.000000000,37.000,54.000,54.000
1786747087465,XAUT_USDT,demo,0,microspread_below_threshold,0,0.000000000,1.000000000,0.814271076,0.814271076,0.229381473,0.000000000,0.000000000,158.000,175.000,175.000
1786747087605,XAUT_USDT,demo,0,microspread_below_threshold,0,0.000000000,1.000000000,0.814271076,0.814271076,0.229381473,0.000000000,0.000000000,64.000,315.000,315.000
1786747087717,XAUT_USDT,demo,0,microspread_below_threshold,0,0.000000000,1.000000000,0.814271076,0.814271076,0.229381473,0.000000000,0.000000000,176.000,0.000,0.000
1786747087870,XAUT_USDT,demo,0,stale_binance,0,0.000000000,1.000000000,0.000000000,0.000000000,0.229381473,0.000000000,0.000000000,329.000,58.000,58.000
1786747087994,XAUT_USDT,demo,0,stale_binance,0,0.000000000,1.000000000,0.000000000,0.000000000,0.229381473,0.000000000,0.000000000,453.000,182.000,182.000
1786747088119,XAUT_USDT,demo,0,stale_binance,0,0.000000000,1.000000000,0.000000000,0.000000000,0.229381473,0.000000000,0.000000000,578.000,57.000,57.000
1786747088240,XAUT_USDT,demo,0,stale_binance,0,0.000000000,1.000000000,0.000000000,0.000000000,0.229381473,0.000000000,0.000000000,699.000,0.000,0.000
1786747088367,XAUT_USDT,demo,0,stale_binance,0,0.000000000,1.000000000,0.000000000,0.000000000,0.229381473,0.000000000,0.000000000,826.000,52.000,52.000
1786747088468,XAUT_USDT,demo,0,microspread_below_threshold,0,0.000000000,1.000000000,0.814271076,0.814271076,0.229381473,0.000000000,0.000000000,0.000,153.000,153.000
1786747088575,XAUT_USDT,demo,0,microspread_below_threshold,0,0.000000000,1.000000000,0.814271076,0.814271076,0.229381473,0.000000000,0.000000000,1.000,260.000,260.000
1786747088721,XAUT_USDT,demo,0,microspread_below_threshold,0,0.000000000,1.000000000,0.814271076,0.814271076,0.229381473,0.000000000,0.000000000,95.000,59.000,59.000
1786747088833,XAUT_USDT,demo,0,microspread_below_threshold,0,0.000000000,1.000000000,0.814271076,0.814271076,0.229381473,0.000000000,0.000000000,207.000,0.000,0.000
1786747088955,XAUT_USDT,demo,0,stale_binance,0,0.000000000,1.000000000,0.000000000,0.000000000,0.229381473,0.000000000,0.000000000,329.000,122.000,122.000
1786747089079,XAUT_USDT,demo,0,stale_binance,0,0.000000000,1.000000000,0.000000000,0.000000000,0.229381473,0.000000000,0.000000000,453.000,246.000,246.000
1786747089179,XAUT_USDT,demo,0,stale_binance,0,0.000000000,1.000000000,0.000000000,0.000000000,0.229381473,0.000000000,0.000000000,553.000,0.000,0.000
1786747089288,XAUT_USDT,demo,0,microspread_below_threshold,0,0.000000000,1.000000000,0.814271076,0.814271076,0.229381473,0.000000000,0.000000000,0.000,26.000,26.000
1786747089406,XAUT_USDT,demo,0,microspread_below_threshold,0,0.000000000,1.000000000,0.814271076,0.814271076,0.229381473,0.000000000,0.000000000,61.000,144.000,144.000
1786747089532,XAUT_USDT,demo,0,microspread_below_threshold,0,0.000000000,1.000000000,0.814271076,0.814271076,0.229381473,0.000000000,0.000000000,187.000,270.000,270.000
1786747089638,XAUT_USDT,demo,0,microspread_below_threshold,0,0.000000000,1.000000000,0.814271076,0.814271076,0.229381473,0.000000000,0.000000000,0.000,35.000,35.000
1786747089751,XAUT_USDT,demo,0,microspread_below_threshold,0,0.000000000,1.000000000,0.814271076,0.814271076,0.229381473,0.000000000,0.000000000,113.000,60.000,60.000
1786747089878,XAUT_USDT,demo,0,microspread_below_threshold,0,0.000000000,1.000000000,0.814271076,0.814271076,0.229381473,0.000000000,0.000000000,0.000,103.000,103.000
1786747090001,XAUT_USDT,demo,0,microspread_below_threshold,0,0.000000000,1.000000000,0.814271076,0.814271076,0.229381473,0.000000000,0.000000000,123.000,51.000,51.000
1786747090119,XAUT_USDT,demo,0,microspread_below_threshold,0,0.000000000,1.000000000,0.814271076,0.814271076,0.229381473,0.000000000,0.000000000,241.000,0.000,0.000
1786747090251,XAUT_USDT,demo,0,microspread_below_threshold,0,0.000000000,1.000000000,0.814271076,0.814271076,0.229381473,0.000000000,0.000000000,0.000,45.000,45.000
1786747090366,XAUT_USDT,demo,0,microspread_below_threshold,0,0.000000000,1.000000000,0.814271076,0.814271076,0.229381473,0.000000000,0.000000000,0.000,74.000,74.000
1786747090503,XAUT_USDT,demo,0,microspread_below_threshold,0,0.000000000,1.000000000,0.814271076,0.814271076,0.229381473,0.000000000,0.000000000,137.000,127.000,127.000
1786747090627,XAUT_USDT,demo,0,microspread_below_threshold,0,0.000000000,1.000000000,0.814271076,0.814271076,0.229381473,0.000000000,0.000000000,261.000,251.000,251.000
1786747090782,XAUT_USDT,demo,0,stale_binance,0,0.000000000,1.000000000,0.000000000,0.000000000,0.229381473,0.000000000,0.000000000,416.000,64.000,64.000
1786747090922,XAUT_USDT,demo,0,stale_binance,0,0.000000000,1.000000000,0.000000000,0.000000000,0.229381473,0.000000000,0.000000000,556.000,117.000,117.000
1786747091060,XAUT_USDT,demo,0,stale_binance,0,0.000000000,1.000000000,0.000000000,0.000000000,0.229381473,0.000000000,0.000000000,694.000,255.000,255.000
1786747091217,XAUT_USDT,demo,0,stale_binance,0,0.000000000,1.000000000,0.000000000,0.000000000,0.229381473,0.000000000,0.000000000,851.000,66.000,66.000
1786747091359,XAUT_USDT,demo,0,stale_binance,0,0.000000000,1.000000000,0.000000000,0.000000000,0.229381473,0.000000000,0.000000000,993.000,124.000,124.000
1786747091483,XAUT_USDT,demo,0,stale_binance,0,0.000000000,1.000000000,0.000000000,0.000000000,0.229381473,0.000000000,0.000000000,1117.000,248.000,248.000
1786747091608,XAUT_USDT,demo,0,stale_binance,0,0.000000000,1.000000000,0.000000000,0.000000000,0.229381473,0.000000000,0.000000000,1242.000,373.000,373.000
1786747091748,XAUT_USDT,demo,0,microspread_below_threshold,0,0.000000000,1.000000000,0.814271076,0.814271076,0.229381473,0.000000000,0.000000000,64.000,84.000,84.000
1786747091888,XAUT_USDT,demo,0,microspread_below_threshold,0,0.000000000,1.000000000,0.814271076,0.814271076,0.229381473,0.000000000,0.000000000,204.000,52.000,52.000
1786747092014,XAUT_USDT,demo,0,stale_binance,0,0.000000000,1.000000000,0.000000000,0.000000000,0.229381473,0.000000000,0.000000000,330.000,178.000,178.000
1786747092155,XAUT_USDT,demo,0,stale_binance,0,0.000000000,1.000000000,0.000000000,0.000000000,0.229381473,0.000000000,0.000000000,471.000,62.000,62.000
1786747092265,XAUT_USDT,demo,0,microspread_below_threshold,0,0.000000000,1.000000000,0.814271076,0.814271076,0.229381473,0.000000000,0.000000000,16.000,1.000,1.000
1786747093083,XAUT_USDT,demo,0,microspread_below_threshold,0,0.000000000,1.000000000,0.814271076,0.814271076,0.229381473,0.000000000,0.000000000,222.000,304.000,304.000
1786747093192,XAUT_USDT,demo,0,stale_binance,0,0.000000000,1.000000000,0.000000000,0.000000000,0.229381473,0.000000000,0.000000000,331.000,64.000,64.000
1786747093295,XAUT_USDT,demo,0,stale_binance,0,0.000000000,1.000000000,0.000000000,0.000000000,0.229381473,0.000000000,0.000000000,434.000,1.000,1.000
1786747093409,XAUT_USDT,demo,0,stale_binance,0,0.000000000,1.000000000,0.000000000,0.000000000,0.229381473,0.000000000,0.000000000,548.000,115.000,115.000
1786747093536,XAUT_USDT,demo,0,stale_binance,0,0.000000000,1.000000000,0.000000000,0.000000000,0.229381473,0.000000000,0.000000000,675.000,242.000,242.000
1786747093636,XAUT_USDT,demo,0,stale_binance,0,0.000000000,1.000000000,0.000000000,0.000000000,0.229381473,0.000000000,0.000000000,775.000,0.000,0.000
1786747093787,XAUT_USDT,demo,0,stale_binance,0,0.000000000,1.000000000,0.000000000,0.000000000,0.229381473,0.000000000,0.000000000,926.000,65.000,65.000
1786747093927,XAUT_USDT,demo,0,stale_binance,0,0.000000000,1.000000000,0.000000000,0.000000000,0.229381473,0.000000000,0.000000000,1066.000,117.000,117.000
1786747094054,XAUT_USDT,demo,0,stale_binance,0,0.000000000,1.000000000,0.000000000,0.000000000,0.229381473,0.000000000,0.000000000,1193.000,244.000,244.000
1786747094156,XAUT_USDT,demo,0,stale_binance,0,0.000000000,1.000000000,0.000000000,0.000000000,0.229381473,0.000000000,0.000000000,1295.000,0.000,0.000
1786747094304,XAUT_USDT,demo,0,stale_binance,0,0.000000000,1.000000000,0.000000000,0.000000000,0.229381473,0.000000000,0.000000000,1443.000,62.000,62.000
1786747094436,XAUT_USDT,demo,0,stale_binance,0,0.000000000,1.000000000,0.000000000,0.000000000,0.229381473,0.000000000,0.000000000,1575.000,109.000,109.000
1786747094538,XAUT_USDT,demo,0,stale_binance,0,0.000000000,1.000000000,0.000000000,0.000000000,0.229381473,0.000000000,0.000000000,1677.000,211.000,211.000
1786747094640,XAUT_USDT,demo,0,stale_binance,0,0.000000000,1.000000000,0.000000000,0.000000000,0.229381473,0.000000000,0.000000000,1779.000,55.000,55.000
1786747094762,XAUT_USDT,demo,0,stale_binance,0,0.000000000,1.000000000,0.000000000,0.000000000,0.229381473,0.000000000,0.000000000,1901.000,1.000,1.000
1786747094895,XAUT_USDT,demo,0,stale_binance,0,0.000000000,1.000000000,0.000000000,0.000000000,0.229381473,0.000000000,0.000000000,2034.000,52.000,52.000
1786747095012,XAUT_USDT,demo,0,stale_binance,0,0.000000000,1.000000000,0.000000000,0.000000000,0.229381473,0.000000000,0.000000000,2151.000,169.000,169.000
1786747095165,XAUT_USDT,demo,0,stale_binance,0,0.000000000,1.000000000,0.000000000,0.000000000,0.229381473,0.000000000,0.000000000,2304.000,60.000,60.000
1786747095280,XAUT_USDT,demo,0,stale_binance,0,0.000000000,1.000000000,0.000000000,0.000000000,0.229381473,0.000000000,0.000000000,2419.000,0.000,0.000
1786747095428,XAUT_USDT,demo,0,stale_binance,0,0.000000000,1.000000000,0.000000000,0.000000000,0.229381473,0.000000000,0.000000000,2567.000,61.000,61.000
1786747095535,XAUT_USDT,demo,0,stale_binance,0,0.000000000,1.000000000,0.000000000,0.000000000,0.229381473,0.000000000,0.000000000,2674.000,0.000,0.000
1786747095677,XAUT_USDT,demo,0,stale_binance,0,0.000000000,1.000000000,0.000000000,0.000000000,0.229381473,0.000000000,0.000000000,2816.000,53.000,53.000
1786747095794,XAUT_USDT,demo,0,stale_binance,0,0.000000000,1.000000000,0.000000000,0.000000000,0.229381473,0.000000000,0.000000000,2933.000,0.000,0.000
1786747095912,XAUT_USDT,demo,0,stale_binance,0,0.000000000,1.000000000,0.000000000,0.000000000,0.229381473,0.000000000,0.000000000,3051.000,118.000,118.000
1786747096036,XAUT_USDT,demo,0,stale_binance,0,0.000000000,1.000000000,0.000000000,0.000000000,0.229381473,0.000000000,0.000000000,3175.000,242.000,242.000
1786747096136,XAUT_USDT,demo,0,stale_binance,0,0.000000000,1.000000000,0.000000000,0.000000000,0.229381473,0.000000000,0.000000000,3275.000,0.000,0.000
1786747096285,XAUT_USDT,demo,0,stale_binance,0,0.000000000,1.000000000,0.000000000,0.000000000,0.229381473,0.000000000,0.000000000,3424.000,62.000,62.000
1786747096402,XAUT_USDT,demo,0,stale_binance,0,0.000000000,1.000000000,0.000000000,0.000000000,0.229381473,0.000000000,0.000000000,3541.000,179.000,179.000
1786747096513,XAUT_USDT,demo,0,stale_binance,0,0.000000000,1.000000000,0.000000000,0.000000000,0.229381473,0.000000000,0.000000000,3652.000,290.000,290.000
1786747096620,XAUT_USDT,demo,0,stale_binance,0,0.000000000,1.000000000,0.000000000,0.000000000,0.229381473,0.000000000,0.000000000,3759.000,55.000,55.000
1786747096734,XAUT_USDT,demo,0,stale_binance,0,0.000000000,1.000000000,0.000000000,0.000000000,0.229381473,0.000000000,0.000000000,3873.000,0.000,0.000
1786747096851,XAUT_USDT,demo,0,stale_binance,0,0.000000000,1.000000000,0.000000000,0.000000000,0.229381473,0.000000000,0.000000000,3990.000,117.000,117.000
1786747096976,XAUT_USDT,demo,0,stale_binance,0,0.000000000,1.000000000,0.000000000,0.000000000,0.229381473,0.000000000,0.000000000,4115.000,242.000,242.000
1786747097101,XAUT_USDT,demo,0,stale_binance,0,0.000000000,1.000000000,0.000000000,0.000000000,0.229381473,0.000000000,0.000000000,4240.000,367.000,367.000
1786747097226,XAUT_USDT,demo,0,stale_binance,0,0.000000000,1.000000000,0.000000000,0.000000000,0.229381473,0.000000000,0.000000000,4365.000,62.000,62.000
1786747097380,XAUT_USDT,demo,0,microspread_below_threshold,0,0.000000000,1.000000000,0.814271076,0.814271076,0.229381473,0.000000000,0.000000000,63.000,130.000,130.000
1786747097503,XAUT_USDT,demo,0,microspread_below_threshold,0,0.000000000,1.000000000,0.814271076,0.814271076,0.229381473,0.000000000,0.000000000,186.000,253.000,253.000
1786747097643,XAUT_USDT,demo,0,stale_binance,0,0.000000000,1.000000000,0.000000000,0.000000000,0.229381473,0.000000000,0.000000000,326.000,53.000,53.000
1786747097761,XAUT_USDT,demo,0,stale_binance,0,0.000000000,1.000000000,0.000000000,0.000000000,0.229381473,0.000000000,0.000000000,444.000,0.000,0.000
1786747097906,XAUT_USDT,demo,0,microspread_below_threshold,0,0.000000000,1.000000000,0.814271076,0.814271076,0.229381473,0.000000000,0.000000000,101.000,58.000,58.000
1786747098033,XAUT_USDT,demo,0,microspread_below_threshold,0,0.000000000,1.000000000,0.814271076,0.814271076,0.229381473,0.000000000,0.000000000,228.000,185.000,185.000
1786747098711,XAUT_USDT,demo,0,stale_binance,0,0.000000000,1.000000000,0.000000000,0.000000000,0.229381473,0.000000000,0.000000000,906.000,8.000,8.000
1786747098859,XAUT_USDT,demo,0,microspread_below_threshold,0,0.000000000,1.000000000,0.814271076,0.814271076,0.229381473,0.000000000,0.000000000,128.000,156.000,156.000
1786747099000,XAUT_USDT,demo,0,microspread_below_threshold,0,0.000000000,1.000000000,0.814271076,0.814271076,0.229381473,0.000000000,0.000000000,269.000,127.000,127.000
1786747099109,XAUT_USDT,demo,0,stale_binance,0,0.000000000,1.000000000,0.000000000,0.000000000,0.229381473,0.000000000,0.000000000,378.000,62.000,62.000
1786747099220,XAUT_USDT,demo,0,stale_binance,0,0.000000000,1.000000000,0.000000000,0.000000000,0.229381473,0.000000000,0.000000000,489.000,0.000,0.000
1786747099358,XAUT_USDT,demo,0,stale_binance,0,0.000000000,1.000000000,0.000000000,0.000000000,0.229381473,0.000000000,0.000000000,627.000,52.000,52.000
1786747099483,XAUT_USDT,demo,0,stale_binance,0,0.000000000,1.000000000,0.000000000,0.000000000,0.229381473,0.000000000,0.000000000,752.000,177.000,177.000
1786747099607,XAUT_USDT,demo,0,stale_binance,0,0.000000000,1.000000000,0.000000000,0.000000000,0.229381473,0.000000000,0.000000000,876.000,301.000,301.000
1786747099734,XAUT_USDT,demo,0,stale_binance,0,0.000000000,1.000000000,0.000000000,0.000000000,0.229381473,0.000000000,0.000000000,1003.000,0.000,0.000
1786747099872,XAUT_USDT,demo,0,stale_binance,0,0.000000000,1.000000000,0.000000000,0.000000000,0.229381473,0.000000000,0.000000000,1141.000,52.000,52.000
1786747099997,XAUT_USDT,demo,0,stale_binance,0,0.000000000,1.000000000,0.000000000,0.000000000,0.229381473,0.000000000,0.000000000,1266.000,177.000,177.000
1786747100120,XAUT_USDT,demo,0,stale_binance,0,0.000000000,1.000000000,0.000000000,0.000000000,0.229381473,0.000000000,0.000000000,1389.000,300.000,300.000
1786747100229,XAUT_USDT,demo,0,microspread_below_threshold,0,0.000000000,1.000000000,0.814271076,0.814271076,0.229381473,0.000000000,0.000000000,65.000,65.000,65.000
1786747100341,XAUT_USDT,demo,0,microspread_below_threshold,0,0.000000000,1.000000000,0.814271076,0.814271076,0.229381473,0.000000000,0.000000000,71.000,0.000,0.000
1786747100479,XAUT_USDT,demo,0,microspread_below_threshold,0,0.000000000,1.000000000,0.814271076,0.814271076,0.229381473,0.000000000,0.000000000,86.000,54.000,54.000
1786747100600,XAUT_USDT,demo,0,microspread_below_threshold,0,0.000000000,1.000000000,0.814271076,0.814271076,0.229381473,0.000000000,0.000000000,207.000,0.000,0.000
1786747100741,XAUT_USDT,demo,0,stale_binance,0,0.000000000,1.000000000,0.000000000,0.000000000,0.229381473,0.000000000,0.000000000,348.000,57.000,57.000
1786747100857,XAUT_USDT,demo,0,stale_binance,0,0.000000000,1.000000000,0.000000000,0.000000000,0.229381473,0.000000000,0.000000000,464.000,1.000,1.000
1786747100975,XAUT_USDT,demo,0,microspread_below_threshold,0,0.000000000,1.000000000,0.814271076,0.814271076,0.229381473,0.000000000,0.000000000,0.000,31.000,31.000
1786747101101,XAUT_USDT,demo,0,microspread_below_threshold,0,0.000000000,1.000000000,0.814271076,0.814271076,0.229381473,0.000000000,0.000000000,1.000,157.000,157.000
1786747101203,XAUT_USDT,demo,0,microspread_below_threshold,0,0.000000000,1.000000000,0.814271076,0.814271076,0.229381473,0.000000000,0.000000000,95.000,0.000,0.000
1786747101310,XAUT_USDT,demo,0,microspread_below_threshold,0,0.000000000,1.000000000,0.814271076,0.814271076,0.229381473,0.000000000,0.000000000,0.000,107.000,107.000
1786747101420,XAUT_USDT,demo,0,microspread_below_threshold,0,0.000000000,1.000000000,0.814271076,0.814271076,0.229381473,0.000000000,0.000000000,110.000,217.000,217.000
1786747101532,XAUT_USDT,demo,0,microspread_below_threshold,0,0.000000000,1.000000000,0.814271076,0.814271076,0.229381473,0.000000000,0.000000000,222.000,329.000,329.000
1786747101642,XAUT_USDT,demo,0,stale_binance,0,0.000000000,1.000000000,0.000000000,0.000000000,0.229381473,0.000000000,0.000000000,332.000,439.000,439.000
1786747101742,XAUT_USDT,demo,0,microspread_below_threshold,0,0.000000000,1.000000000,0.814271076,0.814271076,0.229381473,0.000000000,0.000000000,0.000,26.000,26.000
1786747101869,XAUT_USDT,demo,0,microspread_below_threshold,0,0.000000000,1.000000000,0.814271076,0.814271076,0.229381473,0.000000000,0.000000000,124.000,62.000,62.000
1786747101993,XAUT_USDT,demo,0,microspread_below_threshold,0,0.000000000,1.000000000,0.814271076,0.814271076,0.229381473,0.000000000,0.000000000,248.000,186.000,186.000
1786747102131,XAUT_USDT,demo,0,microspread_below_threshold,0,0.000000000,1.000000000,0.814271076,0.814271076,0.229381473,0.000000000,0.000000000,95.000,62.000,62.000
1786747102238,XAUT_USDT,demo,0,microspread_below_threshold,0,0.000000000,1.000000000,0.814271076,0.814271076,0.229381473,0.000000000,0.000000000,202.000,0.000,0.000
1786747102364,XAUT_USDT,demo,0,stale_binance,0,0.000000000,1.000000000,0.000000000,0.000000000,0.229381473,0.000000000,0.000000000,328.000,126.000,126.000
1786747102489,XAUT_USDT,demo,0,stale_binance,0,0.000000000,1.000000000,0.000000000,0.000000000,0.229381473,0.000000000,0.000000000,453.000,251.000,251.000
1786747102627,XAUT_USDT,demo,0,microspread_below_threshold,0,0.000000000,1.000000000,0.814271076,0.814271076,0.229381473,0.000000000,0.000000000,125.000,389.000,389.000
1786747102748,XAUT_USDT,demo,0,microspread_below_threshold,0,0.000000000,1.000000000,0.814271076,0.814271076,0.229381473,0.000000000,0.000000000,246.000,0.000,0.000
1786747102895,XAUT_USDT,demo,0,stale_binance,0,0.000000000,1.000000000,0.000000000,0.000000000,0.229381473,0.000000000,0.000000000,393.000,59.000,59.000
1786747103021,XAUT_USDT,demo,0,stale_binance,0,0.000000000,1.000000000,0.000000000,0.000000000,0.229381473,0.000000000,0.000000000,519.000,185.000,185.000
1786747103146,XAUT_USDT,demo,0,microspread_below_threshold,0,0.000000000,1.000000000,0.814271076,0.814271076,0.229381473,0.000000000,0.000000000,57.000,52.000,52.000
1786747103263,XAUT_USDT,demo,0,microspread_below_threshold,0,0.000000000,1.000000000,0.814271076,0.814271076,0.229381473,0.000000000,0.000000000,174.000,0.000,0.000
1786747103377,XAUT_USDT,demo,0,microspread_below_threshold,0,0.000000000,1.000000000,0.814271076,0.814271076,0.229381473,0.000000000,0.000000000,288.000,114.000,114.000
1786747103499,XAUT_USDT,demo,0,stale_binance,0,0.000000000,1.000000000,0.000000000,0.000000000,0.229381473,0.000000000,0.000000000,410.000,236.000,236.000
1786747103608,XAUT_USDT,demo,0,stale_binance,0,0.000000000,1.000000000,0.000000000,0.000000000,0.229381473,0.000000000,0.000000000,519.000,0.000,0.000
1786747104826,XAUT_USDT,demo,0,stale_binance,0,0.000000000,1.000000000,0.000000000,0.000000000,0.229381473,0.000000000,0.000000000,1737.000,22.000,22.000
1786747104956,XAUT_USDT,demo,0,stale_binance,0,0.000000000,1.000000000,0.000000000,0.000000000,0.229381473,0.000000000,0.000000000,1867.000,152.000,152.000
1786747105081,XAUT_USDT,demo,0,stale_binance,0,0.000000000,1.000000000,0.000000000,0.000000000,0.229381473,0.000000000,0.000000000,1992.000,277.000,277.000
1786747105232,XAUT_USDT,demo,0,microspread_below_threshold,0,0.000000000,1.000000000,0.814271076,0.814271076,0.229381473,0.000000000,0.000000000,122.000,0.000,0.000
1786747105379,XAUT_USDT,demo,0,microspread_below_threshold,0,0.000000000,1.000000000,0.814271076,0.814271076,0.229381473,0.000000000,0.000000000,269.000,61.000,61.000
1786747105486,XAUT_USDT,demo,0,microspread_below_threshold,0,0.000000000,1.000000000,0.814271076,0.814271076,0.229381473,0.000000000,0.000000000,0.000,168.000,168.000
1786747105643,XAUT_USDT,demo,0,microspread_below_threshold,0,0.000000000,1.000000000,0.814271076,0.814271076,0.229381473,0.000000000,0.000000000,114.000,325.000,325.000
1786747105745,XAUT_USDT,demo,0,microspread_below_threshold,0,0.000000000,1.000000000,0.814271076,0.814271076,0.229381473,0.000000000,0.000000000,216.000,0.000,0.000
1786747105893,XAUT_USDT,demo,0,stale_binance,0,0.000000000,1.000000000,0.000000000,0.000000000,0.229381473,0.000000000,0.000000000,364.000,58.000,58.000
1786747106004,XAUT_USDT,demo,0,stale_binance,0,0.000000000,1.000000000,0.000000000,0.000000000,0.229381473,0.000000000,0.000000000,475.000,1.000,1.000
1786747106143,XAUT_USDT,demo,0,stale_binance,0,0.000000000,1.000000000,0.000000000,0.000000000,0.229381473,0.000000000,0.000000000,614.000,54.000,54.000
1786747106260,XAUT_USDT,demo,0,stale_binance,0,0.000000000,1.000000000,0.000000000,0.000000000,0.229381473,0.000000000,0.000000000,731.000,0.000,0.000
1786747106409,XAUT_USDT,demo,0,stale_binance,0,0.000000000,1.000000000,0.000000000,0.000000000,0.229381473,0.000000000,0.000000000,880.000,61.000,61.000
1786747106517,XAUT_USDT,demo,0,stale_binance,0,0.000000000,1.000000000,0.000000000,0.000000000,0.229381473,0.000000000,0.000000000,988.000,1.000,1.000
1786747106659,XAUT_USDT,demo,0,stale_binance,0,0.000000000,1.000000000,0.000000000,0.000000000,0.229381473,0.000000000,0.000000000,1130.000,54.000,54.000
1786747106816,XAUT_USDT,demo,0,stale_binance,0,0.000000000,1.000000000,0.000000000,0.000000000,0.229381473,0.000000000,0.000000000,1287.000,125.000,125.000
1786747106926,XAUT_USDT,demo,0,stale_binance,0,0.000000000,1.000000000,0.000000000,0.000000000,0.229381473,0.000000000,0.000000000,1397.000,57.000,57.000
1786747107052,XAUT_USDT,demo,0,stale_binance,0,0.000000000,1.000000000,0.000000000,0.000000000,0.229381473,0.000000000,0.000000000,1523.000,183.000,183.000
1786747107175,XAUT_USDT,demo,0,stale_binance,0,0.000000000,1.000000000,0.000000000,0.000000000,0.229381473,0.000000000,0.000000000,1646.000,306.000,306.000
1786747107284,XAUT_USDT,demo,0,microspread_below_threshold,0,0.000000000,1.000000000,0.814271076,0.814271076,0.229381473,0.000000000,0.000000000,0.000,56.000,56.000
1786747107395,XAUT_USDT,demo,0,microspread_below_threshold,0,0.000000000,1.000000000,0.814271076,0.814271076,0.229381473,0.000000000,0.000000000,66.000,93.000,93.000
1786747107522,XAUT_USDT,demo,0,microspread_below_threshold,0,0.000000000,1.000000000,0.814271076,0.814271076,0.229381473,0.000000000,0.000000000,193.000,220.000,220.000
1786747107644,XAUT_USDT,demo,0,stale_binance,0,0.000000000,1.000000000,0.000000000,0.000000000,0.229381473,0.000000000,0.000000000,315.000,0.000,0.000
1786747107787,XAUT_USDT,demo,0,stale_binance,0,0.000000000,1.000000000,0.000000000,0.000000000,0.229381473,0.000000000,0.000000000,458.000,59.000,59.000
1786747107943,XAUT_USDT,demo,0,stale_binance,0,0.000000000,1.000000000,0.000000000,0.000000000,0.229381473,0.000000000,0.000000000,614.000,125.000,125.000
1786747108069,XAUT_USDT,demo,0,stale_binance,0,0.000000000,1.000000000,0.000000000,0.000000000,0.229381473,0.000000000,0.000000000,740.000,251.000,251.000
1786747108192,XAUT_USDT,demo,0,stale_binance,0,0.000000000,1.000000000,0.000000000,0.000000000,0.229381473,0.000000000,0.000000000,863.000,115.000,115.000
1786747108300,XAUT_USDT,demo,0,stale_binance,0,0.000000000,1.000000000,0.000000000,0.000000000,0.229381473,0.000000000,0.000000000,971.000,56.000,56.000
1786747108425,XAUT_USDT,demo,0,stale_binance,0,0.000000000,1.000000000,0.000000000,0.000000000,0.229381473,0.000000000,0.000000000,1096.000,181.000,181.000
1786747108551,XAUT_USDT,demo,0,stale_binance,0,0.000000000,1.000000000,0.000000000,0.000000000,0.229381473,0.000000000,0.000000000,1222.000,307.000,307.000
1786747108654,XAUT_USDT,demo,0,microspread_below_threshold,0,0.000000000,1.000000000,0.814271076,0.814271076,0.229381473,0.000000000,0.000000000,1.000,64.000,64.000
1786747108761,XAUT_USDT,demo,0,microspread_below_threshold,0,0.000000000,1.000000000,0.814271076,0.814271076,0.229381473,0.000000000,0.000000000,108.000,0.000,0.000
1786747108911,XAUT_USDT,demo,0,microspread_below_threshold,0,0.000000000,1.000000000,0.814271076,0.814271076,0.229381473,0.000000000,0.000000000,258.000,64.000,64.000
1786747109038,XAUT_USDT,demo,0,stale_binance,0,0.000000000,1.000000000,0.000000000,0.000000000,0.229381473,0.000000000,0.000000000,385.000,191.000,191.000
1786747109162,XAUT_USDT,demo,0,stale_binance,0,0.000000000,1.000000000,0.000000000,0.000000000,0.229381473,0.000000000,0.000000000,509.000,315.000,315.000
1786747109275,XAUT_USDT,demo,0,stale_binance,0,0.000000000,1.000000000,0.000000000,0.000000000,0.229381473,0.000000000,0.000000000,622.000,0.000,0.000
1786747109428,XAUT_USDT,demo,0,stale_binance,0,0.000000000,1.000000000,0.000000000,0.000000000,0.229381473,0.000000000,0.000000000,775.000,65.000,65.000
1786747109556,XAUT_USDT,demo,0,microspread_below_threshold,0,0.000000000,1.000000000,0.814271076,0.814271076,0.229381473,0.000000000,0.000000000,51.000,193.000,193.000
1786747109658,XAUT_USDT,demo,0,microspread_below_threshold,0,0.000000000,1.000000000,0.814271076,0.814271076,0.229381473,0.000000000,0.000000000,153.000,295.000,295.000
1786747109761,XAUT_USDT,demo,0,microspread_below_threshold,0,0.000000000,1.000000000,0.814271076,0.814271076,0.229381473,0.000000000,0.000000000,256.000,55.000,55.000
1786747110506,XAUT_USDT,demo,0,microspread_below_threshold,0,0.000000000,1.000000000,0.814271076,0.814271076,0.229381473,0.000000000,0.000000000,158.000,201.000,201.000
1786747110606,XAUT_USDT,demo,0,microspread_below_threshold,0,0.000000000,1.000000000,0.814271076,0.814271076,0.229381473,0.000000000,0.000000000,0.000,45.000,45.000
1786747110731,XAUT_USDT,demo,0,microspread_below_threshold,0,0.000000000,1.000000000,0.814271076,0.814271076,0.229381473,0.000000000,0.000000000,125.000,170.000,170.000
1786747110871,XAUT_USDT,demo,0,microspread_below_threshold,0,0.000000000,1.000000000,0.814271076,0.814271076,0.229381473,0.000000000,0.000000000,265.000,50.000,50.000
1786747110995,XAUT_USDT,demo,0,stale_binance,0,0.000000000,1.000000000,0.000000000,0.000000000,0.229381473,0.000000000,0.000000000,389.000,174.000,174.000
1786747111137,XAUT_USDT,demo,0,stale_binance,0,0.000000000,1.000000000,0.000000000,0.000000000,0.229381473,0.000000000,0.000000000,531.000,59.000,59.000
1786747111251,XAUT_USDT,demo,0,stale_binance,0,0.000000000,1.000000000,0.000000000,0.000000000,0.229381473,0.000000000,0.000000000,645.000,0.000,0.000
1786747111378,XAUT_USDT,demo,0,microspread_below_threshold,0,0.000000000,1.000000000,0.814271076,0.814271076,0.229381473,0.000000000,0.000000000,0.000,40.000,40.000
1786747111479,XAUT_USDT,demo,0,microspread_below_threshold,0,0.000000000,1.000000000,0.814271076,0.814271076,0.229381473,0.000000000,0.000000000,101.000,55.000,55.000
1786747111615,XAUT_USDT,demo,0,microspread_below_threshold,0,0.000000000,1.000000000,0.814271076,0.814271076,0.229381473,0.000000000,0.000000000,0.000,105.000,105.000
1786747111731,XAUT_USDT,demo,0,microspread_below_threshold,0,0.000000000,1.000000000,0.814271076,0.814271076,0.229381473,0.000000000,0.000000000,116.000,221.000,221.000
1786747111852,XAUT_USDT,demo,0,microspread_below_threshold,0,0.000000000,1.000000000,0.814271076,0.814271076,0.229381473,0.000000000,0.000000000,237.000,0.000,0.000
1786747111982,XAUT_USDT,demo,0,stale_binance,0,0.000000000,1.000000000,0.000000000,0.000000000,0.229381473,0.000000000,0.000000000,367.000,130.000,130.000
1786747112107,XAUT_USDT,demo,0,stale_binance,0,0.000000000,1.000000000,0.000000000,0.000000000,0.229381473,0.000000000,0.000000000,492.000,255.000,255.000
1786747112230,XAUT_USDT,demo,0,stale_binance,0,0.000000000,1.000000000,0.000000000,0.000000000,0.229381473,0.000000000,0.000000000,615.000,0.000,0.000
1786747112340,XAUT_USDT,demo,0,stale_binance,0,0.000000000,1.000000000,0.000000000,0.000000000,0.229381473,0.000000000,0.000000000,725.000,59.000,59.000
1786747112450,XAUT_USDT,demo,0,stale_binance,0,0.000000000,1.000000000,0.000000000,0.000000000,0.229381473,0.000000000,0.000000000,835.000,0.000,0.000
1786747112572,XAUT_USDT,demo,0,stale_binance,0,0.000000000,1.000000000,0.000000000,0.000000000,0.229381473,0.000000000,0.000000000,957.000,122.000,122.000
1786747112681,XAUT_USDT,demo,0,microspread_below_threshold,0,0.000000000,1.000000000,0.814271076,0.814271076,0.229381473,0.000000000,0.000000000,91.000,58.000,58.000
1786747112795,XAUT_USDT,demo,0,microspread_below_threshold,0,0.000000000,1.000000000,0.814271076,0.814271076,0.229381473,0.000000000,0.000000000,205.000,0.000,0.000
1786747112946,XAUT_USDT,demo,0,stale_binance,0,0.000000000,1.000000000,0.000000000,0.000000000,0.229381473,0.000000000,0.000000000,356.000,62.000,62.000
1786747113059,XAUT_USDT,demo,0,stale_binance,0,0.000000000,1.000000000,0.000000000,0.000000000,0.229381473,0.000000000,0.000000000,469.000,0.000,0.000
1786747113211,XAUT_USDT,demo,0,stale_binance,0,0.000000000,1.000000000,0.000000000,0.000000000,0.229381473,0.000000000,0.000000000,621.000,65.000,65.000
1786747113325,XAUT_USDT,demo,0,stale_binance,0,0.000000000,1.000000000,0.000000000,0.000000000,0.229381473,0.000000000,0.000000000,735.000,1.000,1.000
1786747113444,XAUT_USDT,demo,0,stale_binance,0,0.000000000,1.000000000,0.000000000,0.000000000,0.229381473,0.000000000,0.000000000,854.000,120.000,120.000
1786747113569,XAUT_USDT,demo,0,microspread_below_threshold,0,0.000000000,1.000000000,0.814271076,0.814271076,0.229381473,0.000000000,0.000000000,61.000,245.000,245.000
1786747113689,XAUT_USDT,demo,0,microspread_below_threshold,0,0.000000000,1.000000000,0.814271076,0.814271076,0.229381473,0.000000000,0.000000000,0.000,29.000,29.000
1786747113804,XAUT_USDT,demo,0,microspread_below_threshold,0,0.000000000,1.000000000,0.814271076,0.814271076,0.229381473,0.000000000,0.000000000,102.000,57.000,57.000
1786747113912,XAUT_USDT,demo,0,microspread_below_threshold,0,0.000000000,1.000000000,0.814271076,0.814271076,0.229381473,0.000000000,0.000000000,0.000,77.000,77.000
1786747114067,XAUT_USDT,demo,0,microspread_below_threshold,0,0.000000000,1.000000000,0.814271076,0.814271076,0.229381473,0.000000000,0.000000000,114.000,232.000,232.000
1786747114178,XAUT_USDT,demo,0,microspread_below_threshold,0,0.000000000,1.000000000,0.814271076,0.814271076,0.229381473,0.000000000,0.000000000,225.000,0.000,0.000
1786747114316,XAUT_USDT,demo,0,stale_binance,0,0.000000000,1.000000000,0.000000000,0.000000000,0.229381473,0.000000000,0.000000000,363.000,53.000,53.000
1786747114474,XAUT_USDT,demo,0,stale_binance,0,0.000000000,1.000000000,0.000000000,0.000000000,0.229381473,0.000000000,0.000000000,521.000,125.000,125.000
1786747114619,XAUT_USDT,demo,0,microspread_below_threshold,0,0.000000000,1.000000000,0.814271076,0.814271076,0.229381473,0.000000000,0.000000000,59.000,270.000,270.000
1786747114742,XAUT_USDT,demo,0,microspread_below_threshold,0,0.000000000,1.000000000,0.814271076,0.814271076,0.229381473,0.000000000,0.000000000,182.000,51.000,51.000
1786747114863,XAUT_USDT,demo,0,stale_binance,0,0.000000000,1.000000000,0.000000000,0.000000000,0.229381473,0.000000000,0.000000000,303.000,0.000,0.000
1786747114986,XAUT_USDT,demo,0,stale_binance,0,0.000000000,1.000000000,0.000000000,0.000000000,0.229381473,0.000000000,0.000000000,426.000,123.000,123.000
1786747115105,XAUT_USDT,demo,0,stale_binance,0,0.000000000,1.000000000,0.000000000,0.000000000,0.229381473,0.000000000,0.000000000,545.000,242.000,242.000
1786747115210,XAUT_USDT,demo,0,microspread_below_threshold,0,0.000000000,1.000000000,0.814271076,0.814271076,0.229381473,0.000000000,0.000000000,23.000,0.000,0.000
1786747115355,XAUT_USDT,demo,0,microspread_below_threshold,0,0.000000000,1.000000000,0.814271076,0.814271076,0.229381473,0.000000000,0.000000000,168.000,59.000,59.000
1786747115482,XAUT_USDT,demo,0,microspread_below_threshold,0,0.000000000,1.000000000,0.814271076,0.814271076,0.229381473,0.000000000,0.000000000,295.000,186.000,186.000
1786747116108,XAUT_USDT,demo,0,microspread_below_threshold,0,0.000000000,1.000000000,0.814271076,0.814271076,0.229381473,0.000000000,0.000000000,35.000,298.000,298.000
1786747116216,XAUT_USDT,demo,0,microspread_below_threshold,0,0.000000000,1.000000000,0.814271076,0.814271076,0.229381473,0.000000000,0.000000000,143.000,63.000,63.000
1786747116323,XAUT_USDT,demo,0,microspread_below_threshold,0,0.000000000,1.000000000,0.814271076,0.814271076,0.229381473,0.000000000,0.000000000,250.000,0.000,0.000
1786747116450,XAUT_USDT,demo,0,stale_binance,0,0.000000000,1.000000000,0.000000000,0.000000000,0.229381473,0.000000000,0.000000000,377.000,127.000,127.000
1786747116560,XAUT_USDT,demo,0,microspread_below_threshold,0,0.000000000,1.000000000,0.814271076,0.814271076,0.229381473,0.000000000,0.000000000,54.000,237.000,237.000
1786747116667,XAUT_USDT,demo,0,microspread_below_threshold,0,0.000000000,1.000000000,0.814271076,0.814271076,0.229381473,0.000000000,0.000000000,103.000,0.000,0.000
1786747116810,XAUT_USDT,demo,0,microspread_below_threshold,0,0.000000000,1.000000000,0.814271076,0.814271076,0.229381473,0.000000000,0.000000000,110.000,59.000,59.000
1786747116950,XAUT_USDT,demo,0,microspread_below_threshold,0,0.000000000,1.000000000,0.814271076,0.814271076,0.229381473,0.000000000,0.000000000,250.000,112.000,112.000
1786747117075,XAUT_USDT,demo,0,stale_binance,0,0.000000000,1.000000000,0.000000000,0.000000000,0.229381473,0.000000000,0.000000000,375.000,237.000,237.000
1786747117183,XAUT_USDT,demo,0,microspread_below_threshold,0,0.000000000,1.000000000,0.814271076,0.814271076,0.229381473,0.000000000,0.000000000,64.000,0.000,0.000
1786747117308,XAUT_USDT,demo,0,microspread_below_threshold,0,0.000000000,1.000000000,0.814271076,0.814271076,0.229381473,0.000000000,0.000000000,189.000,125.000,125.000
1786747117449,XAUT_USDT,demo,0,microspread_below_threshold,0,0.000000000,1.000000000,0.814271076,0.814271076,0.229381473,0.000000000,0.000000000,66.000,92.000,92.000
1786747117565,XAUT_USDT,demo,0,microspread_below_threshold,0,0.000000000,1.000000000,0.814271076,0.814271076,0.229381473,0.000000000,0.000000000,182.000,208.000,208.000
1786747117696,XAUT_USDT,demo,0,microspread_below_threshold,0,0.000000000,1.000000000,0.814271076,0.814271076,0.229381473,0.000000000,0.000000000,93.000,1.000,1.000
1786747117844,XAUT_USDT,demo,0,microspread_below_threshold,0,0.000000000,1.000000000,0.814271076,0.814271076,0.229381473,0.000000000,0.000000000,241.000,62.000,62.000
1786747117985,XAUT_USDT,demo,0,stale_binance,0,0.000000000,1.000000000,0.000000000,0.000000000,0.229381473,0.000000000,0.000000000,382.000,117.000,117.000
1786747118110,XAUT_USDT,demo,0,stale_binance,0,0.000000000,1.000000000,0.000000000,0.000000000,0.229381473,0.000000000,0.000000000,507.000,242.000,242.000
1786747118212,XAUT_USDT,demo,0,stale_binance,0,0.000000000,1.000000000,0.000000000,0.000000000,0.229381473,0.000000000,0.000000000,609.000,0.000,0.000
1786747118377,XAUT_USDT,demo,0,microspread_below_threshold,0,0.000000000,1.000000000,0.814271076,0.814271076,0.229381473,0.000000000,0.000000000,67.000,80.000,80.000
1786747118507,XAUT_USDT,demo,0,microspread_below_threshold,0,0.000000000,1.000000000,0.814271076,0.814271076,0.229381473,0.000000000,0.000000000,1.000,39.000,39.000
1786747118609,XAUT_USDT,demo,0,microspread_below_threshold,0,0.000000000,1.000000000,0.814271076,0.814271076,0.229381473,0.000000000,0.000000000,103.000,56.000,56.000
1786747118723,XAUT_USDT,demo,0,microspread_below_threshold,0,0.000000000,1.000000000,0.814271076,0.814271076,0.229381473,0.000000000,0.000000000,22.000,0.000,0.000
1786747118874,XAUT_USDT,demo,0,microspread_below_threshold,0,0.000000000,1.000000000,0.814271076,0.814271076,0.229381473,0.000000000,0.000000000,173.000,64.000,64.000
1786747119016,XAUT_USDT,demo,0,stale_binance,0,0.000000000,1.000000000,0.000000000,0.000000000,0.229381473,0.000000000,0.000000000,315.000,115.000,115.000
1786747119141,XAUT_USDT,demo,0,stale_binance,0,0.000000000,1.000000000,0.000000000,0.000000000,0.229381473,0.000000000,0.000000000,440.000,240.000,240.000
1786747119248,XAUT_USDT,demo,0,stale_binance,0,0.000000000,1.000000000,0.000000000,0.000000000,0.229381473,0.000000000,0.000000000,547.000,0.000,0.000
1786747119391,XAUT_USDT,demo,0,microspread_below_threshold,0,0.000000000,1.000000000,0.814271076,0.814271076,0.229381473,0.000000000,0.000000000,126.000,143.000,143.000
1786747119507,XAUT_USDT,demo,0,microspread_below_threshold,0,0.000000000,1.000000000,0.814271076,0.814271076,0.229381473,0.000000000,0.000000000,0.000,77.000,77.000
1786747119626,XAUT_USDT,demo,0,microspread_below_threshold,0,0.000000000,1.000000000,0.814271076,0.814271076,0.229381473,0.000000000,0.000000000,0.000,196.000,196.000
1786747119734,XAUT_USDT,demo,0,microspread_below_threshold,0,0.000000000,1.000000000,0.814271076,0.814271076,0.229381473,0.000000000,0.000000000,108.000,65.000,65.000
1786747119845,XAUT_USDT,demo,0,microspread_below_threshold,0,0.000000000,1.000000000,0.814271076,0.814271076,0.229381473,0.000000000,0.000000000,219.000,1.000,1.000
1786747119969,XAUT_USDT,demo,0,stale_binance,0,0.000000000,1.000000000,0.000000000,0.000000000,0.229381473,0.000000000,0.000000000,343.000,125.000,125.000
1786747120080,XAUT_USDT,demo,0,microspread_below_threshold,0,0.000000000,1.000000000,0.814271076,0.814271076,0.229381473,0.000000000,0.000000000,0.000,236.000,236.000
1786747120200,XAUT_USDT,demo,0,microspread_below_threshold,0,0.000000000,1.000000000,0.814271076,0.814271076,0.229381473,0.000000000,0.000000000,120.000,0.000,0.000
1786747120331,XAUT_USDT,demo,0,microspread_below_threshold,0,0.000000000,1.000000000,0.814271076,0.814271076,0.229381473,0.000000000,0.000000000,251.000,56.000,56.000
1786747120487,XAUT_USDT,demo,0,microspread_below_threshold,0,0.000000000,1.000000000,0.814271076,0.814271076,0.229381473,0.000000000,0.000000000,116.000,127.000,127.000
1786747120606,XAUT_USDT,demo,0,microspread_below_threshold,0,0.000000000,1.000000000,0.814271076,0.814271076,0.229381473,0.000000000,0.000000000,0.000,246.000,246.000
1786747120753,XAUT_USDT,demo,0,microspread_below_threshold,0,0.000000000,1.000000000,0.814271076,0.814271076,0.229381473,0.000000000,0.000000000,147.000,52.000,52.000
1786747120876,XAUT_USDT,demo,0,microspread_below_threshold,0,0.000000000,1.000000000,0.814271076,0.814271076,0.229381473,0.000000000,0.000000000,270.000,1.000,1.000
1786747121005,XAUT_USDT,demo,0,stale_binance,0,0.000000000,1.000000000,0.000000000,0.000000000,0.229381473,0.000000000,0.000000000,399.000,130.000,130.000
1786747121823,XAUT_USDT,demo,0,microspread_below_threshold,0,0.000000000,1.000000000,0.814271076,0.814271076,0.229381473,0.000000000,0.000000000,230.000,173.000,173.000
1786747121967,XAUT_USDT,demo,0,stale_binance,0,0.000000000,1.000000000,0.000000000,0.000000000,0.229381473,0.000000000,0.000000000,374.000,57.000,57.000
1786747122081,XAUT_USDT,demo,0,stale_binance,0,0.000000000,1.000000000,0.000000000,0.000000000,0.229381473,0.000000000,0.000000000,488.000,1.000,1.000
1786747122233,XAUT_USDT,demo,0,stale_binance,0,0.000000000,1.000000000,0.000000000,0.000000000,0.229381473,0.000000000,0.000000000,640.000,67.000,67.000
1786747122383,XAUT_USDT,demo,0,microspread_below_threshold,0,0.000000000,1.000000000,0.814271076,0.814271076,0.229381473,0.000000000,0.000000000,0.000,217.000,217.000
1786747122507,XAUT_USDT,demo,0,microspread_below_threshold,0,0.000000000,1.000000000,0.814271076,0.814271076,0.229381473,0.000000000,0.000000000,0.000,341.000,341.000
1786747122654,XAUT_USDT,demo,0,microspread_below_threshold,0,0.000000000,1.000000000,0.814271076,0.814271076,0.229381473,0.000000000,0.000000000,147.000,59.000,59.000
1786747122763,XAUT_USDT,demo,0,microspread_below_threshold,0,0.000000000,1.000000000,0.814271076,0.814271076,0.229381473,0.000000000,0.000000000,28.000,0.000,0.000
1786747122918,XAUT_USDT,demo,0,microspread_below_threshold,0,0.000000000,1.000000000,0.814271076,0.814271076,0.229381473,0.000000000,0.000000000,183.000,66.000,66.000
1786747123058,XAUT_USDT,demo,0,stale_binance,0,0.000000000,1.000000000,0.000000000,0.000000000,0.229381473,0.000000000,0.000000000,323.000,117.000,117.000
1786747123197,XAUT_USDT,demo,0,microspread_below_threshold,0,0.000000000,1.000000000,0.814271076,0.814271076,0.229381473,0.000000000,0.000000000,60.000,0.000,0.000
1786747123354,XAUT_USDT,demo,0,microspread_below_threshold,0,0.000000000,1.000000000,0.814271076,0.814271076,0.229381473,0.000000000,0.000000000,217.000,66.000,66.000
1786747123505,XAUT_USDT,demo,0,microspread_below_threshold,0,0.000000000,1.000000000,0.814271076,0.814271076,0.229381473,0.000000000,0.000000000,0.000,53.000,53.000
1786747123648,XAUT_USDT,demo,0,microspread_below_threshold,0,0.000000000,1.000000000,0.814271076,0.814271076,0.229381473,0.000000000,0.000000000,59.000,196.000,196.000
1786747123772,XAUT_USDT,demo,0,microspread_below_threshold,0,0.000000000,1.000000000,0.814271076,0.814271076,0.229381473,0.000000000,0.000000000,183.000,61.000,61.000
1786747123914,XAUT_USDT,demo,0,stale_binance,0,0.000000000,1.000000000,0.000000000,0.000000000,0.229381473,0.000000000,0.000000000,325.000,117.000,117.000
1786747124039,XAUT_USDT,demo,0,stale_binance,0,0.000000000,1.000000000,0.000000000,0.000000000,0.229381473,0.000000000,0.000000000,450.000,242.000,242.000
1786747124139,XAUT_USDT,demo,0,microspread_below_threshold,0,0.000000000,1.000000000,0.814271076,0.814271076,0.229381473,0.000000000,0.000000000,80.000,0.000,0.000
1786747124287,XAUT_USDT,demo,0,microspread_below_threshold,0,0.000000000,1.000000000,0.814271076,0.814271076,0.229381473,0.000000000,0.000000000,74.000,61.000,61.000
1786747124397,XAUT_USDT,demo,0,microspread_below_threshold,0,0.000000000,1.000000000,0.814271076,0.814271076,0.229381473,0.000000000,0.000000000,0.000,83.000,83.000
1786747124507,XAUT_USDT,demo,0,microspread_below_threshold,0,0.000000000,1.000000000,0.814271076,0.814271076,0.229381473,0.000000000,0.000000000,0.000,78.000,78.000
1786747124630,XAUT_USDT,demo,0,microspread_below_threshold,0,0.000000000,1.000000000,0.814271076,0.814271076,0.229381473,0.000000000,0.000000000,123.000,65.000,65.000
1786747124737,XAUT_USDT,demo,0,microspread_below_threshold,0,0.000000000,1.000000000,0.814271076,0.814271076,0.229381473,0.000000000,0.000000000,230.000,0.000,0.000
1786747124879,XAUT_USDT,demo,0,stale_binance,0,0.000000000,1.000000000,0.000000000,0.000000000,0.229381473,0.000000000,0.000000000,372.000,54.000,54.000
1786747125003,XAUT_USDT,demo,0,stale_binance,0,0.000000000,1.000000000,0.000000000,0.000000000,0.229381473,0.000000000,0.000000000,496.000,178.000,178.000
1786747125144,XAUT_USDT,demo,0,stale_binance,0,0.000000000,1.000000000,0.000000000,0.000000000,0.229381473,0.000000000,0.000000000,637.000,62.000,62.000
1786747125286,XAUT_USDT,demo,0,stale_binance,0,0.000000000,1.000000000,0.000000000,0.000000000,0.229381473,0.000000000,0.000000000,779.000,118.000,118.000
1786747125395,XAUT_USDT,demo,0,stale_binance,0,0.000000000,1.000000000,0.000000000,0.000000000,0.229381473,0.000000000,0.000000000,888.000,54.000,54.000
1786747125508,XAUT_USDT,demo,0,microspread_below_threshold,0,0.000000000,1.000000000,0.814271076,0.814271076,0.229381473,0.000000000,0.000000000,0.000,84.000,84.000
1786747125630,XAUT_USDT,demo,0,microspread_below_threshold,0,0.000000000,1.000000000,0.814271076,0.814271076,0.229381473,0.000000000,0.000000000,122.000,206.000,206.000
1786747125737,XAUT_USDT,demo,0,microspread_below_threshold,0,0.000000000,1.000000000,0.814271076,0.814271076,0.229381473,0.000000000,0.000000000,229.000,56.000,56.000
1786747125852,XAUT_USDT,demo,0,stale_binance,0,0.000000000,1.000000000,0.000000000,0.000000000,0.229381473,0.000000000,0.000000000,344.000,0.000,0.000
1786747126001,XAUT_USDT,demo,0,microspread_below_threshold,0,0.000000000,1.000000000,0.814271076,0.814271076,0.229381473,0.000000000,0.000000000,99.000,56.000,56.000
1786747126126,XAUT_USDT,demo,0,microspread_below_threshold,0,0.000000000,1.000000000,0.814271076,0.814271076,0.229381473,0.000000000,0.000000000,224.000,181.000,181.000
1786747126264,XAUT_USDT,demo,0,microspread_below_threshold,0,0.000000000,1.000000000,0.814271076,0.814271076,0.229381473,0.000000000,0.000000000,101.000,65.000,65.000
1786747126405,XAUT_USDT,demo,0,microspread_below_threshold,0,0.000000000,1.000000000,0.814271076,0.814271076,0.229381473,0.000000000,0.000000000,242.000,119.000,119.000
1786747126506,XAUT_USDT,demo,0,microspread_below_threshold,0,0.000000000,1.000000000,0.814271076,0.814271076,0.229381473,0.000000000,0.000000000,0.000,48.000,48.000
1786747126656,XAUT_USDT,demo,0,microspread_below_threshold,0,0.000000000,1.000000000,0.814271076,0.814271076,0.229381473,0.000000000,0.000000000,63.000,198.000,198.000
1786747126759,XAUT_USDT,demo,0,microspread_below_threshold,0,0.000000000,1.000000000,0.814271076,0.814271076,0.229381473,0.000000000,0.000000000,0.000,31.000,31.000
1786747127579,XAUT_USDT,demo,0,microspread_below_threshold,0,0.000000000,1.000000000,0.814271076,0.814271076,0.229381473,0.000000000,0.000000000,226.000,173.000,173.000
1786747127688,XAUT_USDT,demo,0,microspread_below_threshold,0,0.000000000,1.000000000,0.814271076,0.814271076,0.229381473,0.000000000,0.000000000,0.000,282.000,282.000
1786747127806,XAUT_USDT,demo,0,microspread_below_threshold,0,0.000000000,1.000000000,0.814271076,0.814271076,0.229381473,0.000000000,0.000000000,118.000,55.000,55.000
1786747127928,XAUT_USDT,demo,0,microspread_below_threshold,0,0.000000000,1.000000000,0.814271076,0.814271076,0.229381473,0.000000000,0.000000000,240.000,177.000,177.000
1786747128050,XAUT_USDT,demo,0,stale_binance,0,0.000000000,1.000000000,0.000000000,0.000000000,0.229381473,0.000000000,0.000000000,362.000,299.000,299.000
1786747128152,XAUT_USDT,demo,0,stale_binance,0,0.000000000,1.000000000,0.000000000,0.000000000,0.229381473,0.000000000,0.000000000,464.000,58.000,58.000
1786747128263,XAUT_USDT,demo,0,microspread_below_threshold,0,0.000000000,1.000000000,0.814271076,0.814271076,0.229381473,0.000000000,0.000000000,1.000,86.000,86.000
1786747128399,XAUT_USDT,demo,0,microspread_below_threshold,0,0.000000000,1.000000000,0.814271076,0.814271076,0.229381473,0.000000000,0.000000000,137.000,51.000,51.000
1786747128507,XAUT_USDT,demo,0,microspread_below_threshold,0,0.000000000,1.000000000,0.814271076,0.814271076,0.229381473,0.000000000,0.000000000,0.000,75.000,75.000
1786747128635,XAUT_USDT,demo,0,microspread_below_threshold,0,0.000000000,1.000000000,0.814271076,0.814271076,0.229381473,0.000000000,0.000000000,128.000,203.000,203.000
1786747128762,XAUT_USDT,demo,0,microspread_below_threshold,0,0.000000000,1.000000000,0.814271076,0.814271076,0.229381473,0.000000000,0.000000000,255.000,330.000,330.000
1786747128916,XAUT_USDT,demo,0,stale_binance,0,0.000000000,1.000000000,0.000000000,0.000000000,0.229381473,0.000000000,0.000000000,409.000,56.000,56.000
1786747129072,XAUT_USDT,demo,0,stale_binance,0,0.000000000,1.000000000,0.000000000,0.000000000,0.229381473,0.000000000,0.000000000,565.000,124.000,124.000
1786747129207,XAUT_USDT,demo,0,microspread_below_threshold,0,0.000000000,1.000000000,0.814271076,0.814271076,0.229381473,0.000000000,0.000000000,105.000,0.000,0.000
1786747129352,XAUT_USDT,demo,0,microspread_below_threshold,0,0.000000000,1.000000000,0.814271076,0.814271076,0.229381473,0.000000000,0.000000000,250.000,61.000,61.000
1786747129461,XAUT_USDT,demo,0,stale_binance,0,0.000000000,1.000000000,0.000000000,0.000000000,0.229381473,0.000000000,0.000000000,359.000,0.000,0.000
1786747129585,XAUT_USDT,demo,0,stale_binance,0,0.000000000,1.000000000,0.000000000,0.000000000,0.229381473,0.000000000,0.000000000,483.000,124.000,124.000
1786747129702,XAUT_USDT,demo,0,stale_binance,0,0.000000000,1.000000000,0.000000000,0.000000000,0.229381473,0.000000000,0.000000000,600.000,241.000,241.000
1786747129807,XAUT_USDT,demo,0,stale_binance,0,0.000000000,1.000000000,0.000000000,0.000000000,0.229381473,0.000000000,0.000000000,705.000,0.000,0.000
1786747129946,XAUT_USDT,demo,0,stale_binance,0,0.000000000,1.000000000,0.000000000,0.000000000,0.229381473,0.000000000,0.000000000,844.000,52.000,52.000
1786747130070,XAUT_USDT,demo,0,stale_binance,0,0.000000000,1.000000000,0.000000000,0.000000000,0.229381473,0.000000000,0.000000000,968.000,176.000,176.000
1786747130182,XAUT_USDT,demo,0,microspread_below_threshold,0,0.000000000,1.000000000,0.814271076,0.814271076,0.229381473,0.000000000,0.000000000,0.000,29.000,29.000
1786747130304,XAUT_USDT,demo,0,microspread_below_threshold,0,0.000000000,1.000000000,0.814271076,0.814271076,0.229381473,0.000000000,0.000000000,122.000,64.000,64.000
1786747130406,XAUT_USDT,demo,0,microspread_below_threshold,0,0.000000000,1.000000000,0.814271076,0.814271076,0.229381473,0.000000000,0.000000000,40.000,0.000,0.000
1786747130508,XAUT_USDT,demo,0,microspread_below_threshold,0,0.000000000,1.000000000,0.814271076,0.814271076,0.229381473,0.000000000,0.000000000,1.000,102.000,102.000
1786747130625,XAUT_USDT,demo,0,microspread_below_threshold,0,0.000000000,1.000000000,0.814271076,0.814271076,0.229381473,0.000000000,0.000000000,0.000,219.000,219.000
1786747130747,XAUT_USDT,demo,0,microspread_below_threshold,0,0.000000000,1.000000000,0.814271076,0.814271076,0.229381473,0.000000000,0.000000000,122.000,0.000,0.000
1786747130896,XAUT_USDT,demo,0,microspread_below_threshold,0,0.000000000,1.000000000,0.814271076,0.814271076,0.229381473,0.000000000,0.000000000,271.000,61.000,61.000
1786747131036,XAUT_USDT,demo,0,stale_binance,0,0.000000000,1.000000000,0.000000000,0.000000000,0.229381473,0.000000000,0.000000000,411.000,115.000,115.000
1786747131138,XAUT_USDT,demo,0,microspread_below_threshold,0,0.000000000,1.000000000,0.814271076,0.814271076,0.229381473,0.000000000,0.000000000,0.000,217.000,217.000
1786747131256,XAUT_USDT,demo,0,microspread_below_threshold,0,0.000000000,1.000000000,0.814271076,0.814271076,0.229381473,0.000000000,0.000000000,118.000,335.000,335.000
1786747131412,XAUT_USDT,demo,0,microspread_below_threshold,0,0.000000000,1.000000000,0.814271076,0.814271076,0.229381473,0.000000000,0.000000000,274.000,61.000,61.000
1786747131567,XAUT_USDT,demo,0,microspread_below_threshold,0,0.000000000,1.000000000,0.814271076,0.814271076,0.229381473,0.000000000,0.000000000,59.000,130.000,130.000
1786747131692,XAUT_USDT,demo,0,microspread_below_threshold,0,0.000000000,1.000000000,0.814271076,0.814271076,0.229381473,0.000000000,0.000000000,184.000,255.000,255.000
1786747131816,XAUT_USDT,demo,0,stale_binance,0,0.000000000,1.000000000,0.000000000,0.000000000,0.229381473,0.000000000,0.000000000,308.000,123.000,123.000
1786747131926,XAUT_USDT,demo,0,stale_binance,0,0.000000000,1.000000000,0.000000000,0.000000000,0.229381473,0.000000000,0.000000000,418.000,60.000,60.000
1786747132066,XAUT_USDT,demo,0,stale_binance,0,0.000000000,1.000000000,0.000000000,0.000000000,0.229381473,0.000000000,0.000000000,558.000,113.000,113.000
1786747132191,XAUT_USDT,demo,0,stale_binance,0,0.000000000,1.000000000,0.000000000,0.000000000,0.229381473,0.000000000,0.000000000,683.000,238.000,238.000
1786747132295,XAUT_USDT,demo,0,stale_binance,0,0.000000000,1.000000000,0.000000000,0.000000000,0.229381473,0.000000000,0.000000000,787.000,0.000,0.000
1786747132441,XAUT_USDT,demo,0,stale_binance,0,0.000000000,1.000000000,0.000000000,0.000000000,0.229381473,0.000000000,0.000000000,933.000,62.000,62.000
1786747132549,XAUT_USDT,demo,0,stale_binance,0,0.000000000,1.000000000,0.000000000,0.000000000,0.229381473,0.000000000,0.000000000,1041.000,0.000,0.000
1786747133233,XAUT_USDT,demo,0,stale_binance,0,0.000000000,1.000000000,0.000000000,0.000000000,0.229381473,0.000000000,0.000000000,1725.000,429.000,429.000
1786747133362,XAUT_USDT,demo,0,stale_binance,0,0.000000000,1.000000000,0.000000000,0.000000000,0.229381473,0.000000000,0.000000000,1854.000,118.000,118.000
1786747133517,XAUT_USDT,demo,0,microspread_below_threshold,0,0.000000000,1.000000000,0.814271076,0.814271076,0.229381473,0.000000000,0.000000000,59.000,105.000,105.000
1786747133644,XAUT_USDT,demo,0,microspread_below_threshold,0,0.000000000,1.000000000,0.814271076,0.814271076,0.229381473,0.000000000,0.000000000,186.000,232.000,232.000
1786747133754,XAUT_USDT,demo,0,microspread_below_threshold,0,0.000000000,1.000000000,0.814271076,0.814271076,0.229381473,0.000000000,0.000000000,296.000,0.000,0.000
1786747133907,XAUT_USDT,demo,0,stale_binance,0,0.000000000,1.000000000,0.000000000,0.000000000,0.229381473,0.000000000,0.000000000,449.000,65.000,65.000
1786747134047,XAUT_USDT,demo,0,stale_binance,0,0.000000000,1.000000000,0.000000000,0.000000000,0.229381473,0.000000000,0.000000000,589.000,116.000,116.000
1786747134174,XAUT_USDT,demo,0,stale_binance,0,0.000000000,1.000000000,0.000000000,0.000000000,0.229381473,0.000000000,0.000000000,716.000,243.000,243.000
1786747134277,XAUT_USDT,demo,0,stale_binance,0,0.000000000,1.000000000,0.000000000,0.000000000,0.229381473,0.000000000,0.000000000,819.000,1.000,1.000
1786747134408,XAUT_USDT,demo,0,microspread_below_threshold,0,0.000000000,1.000000000,0.814271076,0.814271076,0.229381473,0.000000000,0.000000000,91.000,51.000,51.000
1786747134533,XAUT_USDT,demo,0,microspread_below_threshold,0,0.000000000,1.000000000,0.814271076,0.814271076,0.229381473,0.000000000,0.000000000,216.000,176.000,176.000
1786747134659,XAUT_USDT,demo,0,microspread_below_threshold,0,0.000000000,1.000000000,0.814271076,0.814271076,0.229381473,0.000000000,0.000000000,54.000,302.000,302.000
1786747134784,XAUT_USDT,demo,0,microspread_below_threshold,0,0.000000000,1.000000000,0.814271076,0.814271076,0.229381473,0.000000000,0.000000000,179.000,0.000,0.000
1786747134930,XAUT_USDT,demo,0,microspread_below_threshold,0,0.000000000,1.000000000,0.814271076,0.814271076,0.229381473,0.000000000,0.000000000,103.000,57.000,57.000
1786747135081,XAUT_USDT,demo,0,microspread_below_threshold,0,0.000000000,1.000000000,0.814271076,0.814271076,0.229381473,0.000000000,0.000000000,254.000,123.000,123.000
1786747135204,XAUT_USDT,demo,0,stale_binance,0,0.000000000,1.000000000,0.000000000,0.000000000,0.229381473,0.000000000,0.000000000,377.000,246.000,246.000
1786747135359,XAUT_USDT,demo,0,stale_binance,0,0.000000000,1.000000000,0.000000000,0.000000000,0.229381473,0.000000000,0.000000000,532.000,57.000,57.000
1786747135514,XAUT_USDT,demo,0,microspread_below_threshold,0,0.000000000,1.000000000,0.814271076,0.814271076,0.229381473,0.000000000,0.000000000,56.000,124.000,124.000
1786747135639,XAUT_USDT,demo,0,microspread_below_threshold,0,0.000000000,1.000000000,0.814271076,0.814271076,0.229381473,0.000000000,0.000000000,66.000,249.000,249.000
1786747135796,XAUT_USDT,demo,0,microspread_below_threshold,0,0.000000000,1.000000000,0.814271076,0.814271076,0.229381473,0.000000000,0.000000000,223.000,66.000,66.000
1786747135930,XAUT_USDT,demo,0,stale_binance,0,0.000000000,1.000000000,0.000000000,0.000000000,0.229381473,0.000000000,0.000000000,357.000,0.000,0.000
1786747136045,XAUT_USDT,demo,0,stale_binance,0,0.000000000,1.000000000,0.000000000,0.000000000,0.229381473,0.000000000,0.000000000,472.000,115.000,115.000
1786747136157,XAUT_USDT,demo,0,stale_binance,0,0.000000000,1.000000000,0.000000000,0.000000000,0.229381473,0.000000000,0.000000000,584.000,1.000,1.000
1786747136294,XAUT_USDT,demo,0,microspread_below_threshold,0,0.000000000,1.000000000,0.814271076,0.814271076,0.229381473,0.000000000,0.000000000,70.000,51.000,51.000
1786747136414,XAUT_USDT,demo,0,microspread_below_threshold,0,0.000000000,1.000000000,0.814271076,0.814271076,0.229381473,0.000000000,0.000000000,190.000,0.000,0.000
1786747136529,XAUT_USDT,demo,0,stale_binance,0,0.000000000,1.000000000,0.000000000,0.000000000,0.229381473,0.000000000,0.000000000,305.000,115.000,115.000
1786747136654,XAUT_USDT,demo,0,microspread_below_threshold,0,0.000000000,1.000000000,0.814271076,0.814271076,0.229381473,0.000000000,0.000000000,59.000,240.000,240.000
1786747136756,XAUT_USDT,demo,0,microspread_below_threshold,0,0.000000000,1.000000000,0.814271076,0.814271076,0.229381473,0.000000000,0.000000000,161.000,0.000,0.000
1786747136902,XAUT_USDT,demo,0,stale_binance,0,0.000000000,1.000000000,0.000000000,0.000000000,0.229381473,0.000000000,0.000000000,307.000,58.000,58.000
1786747137026,XAUT_USDT,demo,0,stale_binance,0,0.000000000,1.000000000,0.000000000,0.000000000,0.229381473,0.000000000,0.000000000,431.000,182.000,182.000
1786747137151,XAUT_USDT,demo,0,stale_binance,0,0.000000000,1.000000000,0.000000000,0.000000000,0.229381473,0.000000000,0.000000000,556.000,307.000,307.000
1786747137274,XAUT_USDT,demo,0,microspread_below_threshold,0,0.000000000,1.000000000,0.814271076,0.814271076,0.229381473,0.000000000,0.000000000,104.000,0.000,0.000
1786747137415,XAUT_USDT,demo,0,microspread_below_threshold,0,0.000000000,1.000000000,0.814271076,0.814271076,0.229381473,0.000000000,0.000000000,52.000,55.000,55.000
1786747137570,XAUT_USDT,demo,0,microspread_below_threshold,0,0.000000000,1.000000000,0.814271076,0.814271076,0.229381473,0.000000000,0.000000000,62.000,126.000,126.000
1786747137694,XAUT_USDT,demo,0,microspread_below_threshold,0,0.000000000,1.000000000,0.814271076,0.814271076,0.229381473,0.000000000,0.000000000,186.000,250.000,250.000
1786747137851,XAUT_USDT,demo,0,microspread_below_threshold,0,0.000000000,1.000000000,0.814271076,0.814271076,0.229381473,0.000000000,0.000000000,75.000,58.000,58.000
1786747137966,XAUT_USDT,demo,0,microspread_below_threshold,0,0.000000000,1.000000000,0.814271076,0.814271076,0.229381473,0.000000000,0.000000000,190.000,1.000,1.000
1786747138101,XAUT_USDT,demo,0,stale_binance,0,0.000000000,1.000000000,0.000000000,0.000000000,0.229381473,0.000000000,0.000000000,325.000,54.000,54.000
1786747138228,XAUT_USDT,demo,0,stale_binance,0,0.000000000,1.000000000,0.000000000,0.000000000,0.229381473,0.000000000,0.000000000,452.000,181.000,181.000
1786747139013,XAUT_USDT,demo,0,stale_binance,0,0.000000000,1.000000000,0.000000000,0.000000000,0.229381473,0.000000000,0.000000000,436.000,105.000,105.000
1786747139144,XAUT_USDT,demo,0,microspread_below_threshold,0,0.000000000,1.000000000,0.814271076,0.814271076,0.229381473,0.000000000,0.000000000,66.000,236.000,236.000
1786747139283,XAUT_USDT,demo,0,microspread_below_threshold,0,0.000000000,1.000000000,0.814271076,0.814271076,0.229381473,0.000000000,0.000000000,205.000,121.000,121.000
1786747139391,XAUT_USDT,demo,0,stale_binance,0,0.000000000,1.000000000,0.000000000,0.000000000,0.229381473,0.000000000,0.000000000,313.000,59.000,59.000
1786747139507,XAUT_USDT,demo,0,microspread_below_threshold,0,0.000000000,1.000000000,0.814271076,0.814271076,0.229381473,0.000000000,0.000000000,0.000,90.000,90.000
1786747139625,XAUT_USDT,demo,0,microspread_below_threshold,0,0.000000000,1.000000000,0.814271076,0.814271076,0.229381473,0.000000000,0.000000000,118.000,208.000,208.000
1786747139735,XAUT_USDT,demo,0,microspread_below_threshold,0,0.000000000,1.000000000,0.814271076,0.814271076,0.229381473,0.000000000,0.000000000,228.000,58.000,58.000
1786747139850,XAUT_USDT,demo,0,stale_binance,0,0.000000000,1.000000000,0.000000000,0.000000000,0.229381473,0.000000000,0.000000000,343.000,0.000,0.000
1786747139998,XAUT_USDT,demo,0,stale_binance,0,0.000000000,1.000000000,0.000000000,0.000000000,0.229381473,0.000000000,0.000000000,491.000,61.000,61.000
1786747140124,XAUT_USDT,demo,0,stale_binance,0,0.000000000,1.000000000,0.000000000,0.000000000,0.229381473,0.000000000,0.000000000,617.000,187.000,187.000
1786747140236,XAUT_USDT,demo,0,microspread_below_threshold,0,0.000000000,1.000000000,0.814271076,0.814271076,0.229381473,0.000000000,0.000000000,24.000,0.000,0.000
1786747140344,XAUT_USDT,demo,0,microspread_below_threshold,0,0.000000000,1.000000000,0.814271076,0.814271076,0.229381473,0.000000000,0.000000000,132.000,63.000,63.000
1786747140483,XAUT_USDT,demo,0,microspread_below_threshold,0,0.000000000,1.000000000,0.814271076,0.814271076,0.229381473,0.000000000,0.000000000,125.000,117.000,117.000
1786747140623,XAUT_USDT,demo,0,microspread_below_threshold,0,0.000000000,1.000000000,0.814271076,0.814271076,0.229381473,0.000000000,0.000000000,114.000,257.000,257.000
1786747140764,XAUT_USDT,demo,0,microspread_below_threshold,0,0.000000000,1.000000000,0.814271076,0.814271076,0.229381473,0.000000000,0.000000000,124.000,56.000,56.000
1786747140880,XAUT_USDT,demo,0,microspread_below_threshold,0,0.000000000,1.000000000,0.814271076,0.814271076,0.229381473,0.000000000,0.000000000,240.000,0.000,0.000
1786747141023,XAUT_USDT,demo,0,microspread_below_threshold,0,0.000000000,1.000000000,0.814271076,0.814271076,0.229381473,0.000000000,0.000000000,107.000,55.000,55.000
1786747141147,XAUT_USDT,demo,0,microspread_below_threshold,0,0.000000000,1.000000000,0.814271076,0.814271076,0.229381473,0.000000000,0.000000000,103.000,179.000,179.000
1786747141260,XAUT_USDT,demo,0,microspread_below_threshold,0,0.000000000,1.000000000,0.814271076,0.814271076,0.229381473,0.000000000,0.000000000,216.000,292.000,292.000
1786747141364,XAUT_USDT,demo,0,stale_binance,0,0.000000000,1.000000000,0.000000000,0.000000000,0.229381473,0.000000000,0.000000000,320.000,54.000,54.000
1786747141506,XAUT_USDT,demo,0,stale_binance,0,0.000000000,1.000000000,0.000000000,0.000000000,0.229381473,0.000000000,0.000000000,462.000,110.000,110.000
1786747141625,XAUT_USDT,demo,0,microspread_below_threshold,0,0.000000000,1.000000000,0.814271076,0.814271076,0.229381473,0.000000000,0.000000000,115.000,229.000,229.000
1786747141736,XAUT_USDT,demo,0,microspread_below_threshold,0,0.000000000,1.000000000,0.814271076,0.814271076,0.229381473,0.000000000,0.000000000,226.000,0.000,0.000
1786747141872,XAUT_USDT,demo,0,microspread_below_threshold,0,0.000000000,1.000000000,0.814271076,0.814271076,0.229381473,0.000000000,0.000000000,0.000,44.000,44.000
1786747142013,XAUT_USDT,demo,0,microspread_below_threshold,0,0.000000000,1.000000000,0.814271076,0.814271076,0.229381473,0.000000000,0.000000000,0.000,100.000,100.000
1786747142129,XAUT_USDT,demo,0,microspread_below_threshold,0,0.000000000,1.000000000,0.814271076,0.814271076,0.229381473,0.000000000,0.000000000,1.000,216.000,216.000
1786747142265,XAUT_USDT,demo,0,microspread_below_threshold,0,0.000000000,1.000000000,0.814271076,0.814271076,0.229381473,0.000000000,0.000000000,53.000,98.000,98.000
1786747142390,XAUT_USDT,demo,0,microspread_below_threshold,0,0.000000000,1.000000000,0.814271076,0.814271076,0.229381473,0.000000000,0.000000000,104.000,51.000,51.000
1786747142509,XAUT_USDT,demo,0,microspread_below_threshold,0,0.000000000,1.000000000,0.814271076,0.814271076,0.229381473,0.000000000,0.000000000,1.000,85.000,85.000
1786747142656,XAUT_USDT,demo,0,microspread_below_threshold,0,0.000000000,1.000000000,0.814271076,0.814271076,0.229381473,0.000000000,0.000000000,62.000,232.000,232.000
1786747142798,XAUT_USDT,demo,0,microspread_below_threshold,0,0.000000000,1.000000000,0.814271076,0.814271076,0.229381473,0.000000000,0.000000000,204.000,118.000,118.000
1786747142909,XAUT_USDT,demo,0,stale_binance,0,0.000000000,1.000000000,0.000000000,0.000000000,0.229381473,0.000000000,0.000000000,315.000,56.000,56.000
1786747143013,XAUT_USDT,demo,0,stale_binance,0,0.000000000,1.000000000,0.000000000,0.000000000,0.229381473,0.000000000,0.000000000,419.000,160.000,160.000
1786747143166,XAUT_USDT,demo,0,microspread_below_threshold,0,0.000000000,1.000000000,0.814271076,0.814271076,0.229381473,0.000000000,0.000000000,86.000,55.000,55.000
1786747143285,XAUT_USDT,demo,0,microspread_below_threshold,0,0.000000000,1.000000000,0.814271076,0.814271076,0.229381473,0.000000000,0.000000000,205.000,0.000,0.000
1786747143438,XAUT_USDT,demo,0,stale_binance,0,0.000000000,1.000000000,0.000000000,0.000000000,0.229381473,0.000000000,0.000000000,358.000,65.000,65.000
1786747143561,XAUT_USDT,demo,0,microspread_below_threshold,0,0.000000000,1.000000000,0.814271076,0.814271076,0.229381473,0.000000000,0.000000000,54.000,188.000,188.000
1786747143688,XAUT_USDT,demo,0,microspread_below_threshold,0,0.000000000,1.000000000,0.814271076,0.814271076,0.229381473,0.000000000,0.000000000,181.000,315.000,315.000
1786747143795,XAUT_USDT,demo,0,microspread_below_threshold,0,0.000000000,1.000000000,0.814271076,0.814271076,0.229381473,0.000000000,0.000000000,43.000,1.000,1.000
1786747143937,XAUT_USDT,demo,0,microspread_below_threshold,0,0.000000000,1.000000000,0.814271076,0.814271076,0.229381473,0.000000000,0.000000000,185.000,53.000,53.000
1786747144708,XAUT_USDT,demo,0,microspread_below_threshold,0,0.000000000,1.000000000,0.814271076,0.814271076,0.229381473,0.000000000,0.000000000,122.000,281.000,281.000
1786747144827,XAUT_USDT,demo,0,microspread_below_threshold,0,0.000000000,1.000000000,0.814271076,0.814271076,0.229381473,0.000000000,0.000000000,102.000,0.000,0.000
1786747144934,XAUT_USDT,demo,0,microspread_below_threshold,0,0.000000000,1.000000000,0.814271076,0.814271076,0.229381473,0.000000000,0.000000000,18.000,1.000,1.000
1786747145073,XAUT_USDT,demo,0,microspread_below_threshold,0,0.000000000,1.000000000,0.814271076,0.814271076,0.229381473,0.000000000,0.000000000,0.000,140.000,140.000
1786747145189,XAUT_USDT,demo,0,microspread_below_threshold,0,0.000000000,1.000000000,0.814271076,0.814271076,0.229381473,0.000000000,0.000000000,0.000,256.000,256.000
1786747145308,XAUT_USDT,demo,0,microspread_below_threshold,0,0.000000000,1.000000000,0.814271076,0.814271076,0.229381473,0.000000000,0.000000000,117.000,55.000,55.000
1786747145425,XAUT_USDT,demo,0,microspread_below_threshold,0,0.000000000,1.000000000,0.814271076,0.814271076,0.229381473,0.000000000,0.000000000,234.000,1.000,1.000
1786747145557,XAUT_USDT,demo,0,microspread_below_threshold,0,0.000000000,1.000000000,0.814271076,0.814271076,0.229381473,0.000000000,0.000000000,51.000,133.000,133.000
1786747145682,XAUT_USDT,demo,0,microspread_below_threshold,0,0.000000000,1.000000000,0.814271076,0.814271076,0.229381473,0.000000000,0.000000000,176.000,258.000,258.000
1786747145822,XAUT_USDT,demo,0,stale_binance,0,0.000000000,1.000000000,0.000000000,0.000000000,0.229381473,0.000000000,0.000000000,316.000,56.000,56.000
1786747145938,XAUT_USDT,demo,0,stale_binance,0,0.000000000,1.000000000,0.000000000,0.000000000,0.229381473,0.000000000,0.000000000,432.000,0.000,0.000
1786747146057,XAUT_USDT,demo,0,stale_binance,0,0.000000000,1.000000000,0.000000000,0.000000000,0.229381473,0.000000000,0.000000000,551.000,119.000,119.000
1786747146183,XAUT_USDT,demo,0,stale_binance,0,0.000000000,1.000000000,0.000000000,0.000000000,0.229381473,0.000000000,0.000000000,677.000,245.000,245.000
1786747146340,XAUT_USDT,demo,0,stale_binance,0,0.000000000,1.000000000,0.000000000,0.000000000,0.229381473,0.000000000,0.000000000,834.000,59.000,59.000
1786747146462,XAUT_USDT,demo,0,microspread_below_threshold,0,0.000000000,1.000000000,0.814271076,0.814271076,0.229381473,0.000000000,0.000000000,53.000,95.000,95.000
1786747146571,XAUT_USDT,demo,0,microspread_below_threshold,0,0.000000000,1.000000000,0.814271076,0.814271076,0.229381473,0.000000000,0.000000000,65.000,204.000,204.000
1786747146680,XAUT_USDT,demo,0,microspread_below_threshold,0,0.000000000,1.000000000,0.814271076,0.814271076,0.229381473,0.000000000,0.000000000,51.000,313.000,313.000
1786747146803,XAUT_USDT,demo,0,microspread_below_threshold,0,0.000000000,1.000000000,0.814271076,0.814271076,0.229381473,0.000000000,0.000000000,105.000,1.000,1.000
1786747146946,XAUT_USDT,demo,0,microspread_below_threshold,0,0.000000000,1.000000000,0.814271076,0.814271076,0.229381473,0.000000000,0.000000000,248.000,60.000,60.000
1786747147076,XAUT_USDT,demo,0,microspread_below_threshold,0,0.000000000,1.000000000,0.814271076,0.814271076,0.229381473,0.000000000,0.000000000,0.000,103.000,103.000
1786747147210,XAUT_USDT,demo,0,microspread_below_threshold,0,0.000000000,1.000000000,0.814271076,0.814271076,0.229381473,0.000000000,0.000000000,116.000,237.000,237.000
1786747147316,XAUT_USDT,demo,0,microspread_below_threshold,0,0.000000000,1.000000000,0.814271076,0.814271076,0.229381473,0.000000000,0.000000000,222.000,1.000,1.000
1786747147459,XAUT_USDT,demo,0,microspread_below_threshold,0,0.000000000,1.000000000,0.814271076,0.814271076,0.229381473,0.000000000,0.000000000,86.000,58.000,58.000
1786747147569,XAUT_USDT,demo,0,microspread_below_threshold,0,0.000000000,1.000000000,0.814271076,0.814271076,0.229381473,0.000000000,0.000000000,60.000,168.000,168.000
1786747147694,XAUT_USDT,demo,0,microspread_below_threshold,0,0.000000000,1.000000000,0.814271076,0.814271076,0.229381473,0.000000000,0.000000000,185.000,293.000,293.000
1786747147803,XAUT_USDT,demo,0,microspread_below_threshold,0,0.000000000,1.000000000,0.814271076,0.814271076,0.229381473,0.000000000,0.000000000,294.000,59.000,59.000
1786747147923,XAUT_USDT,demo,0,stale_binance,0,0.000000000,1.000000000,0.000000000,0.000000000,0.229381473,0.000000000,0.000000000,414.000,0.000,0.000
1786747148030,XAUT_USDT,demo,0,stale_binance,0,0.000000000,1.000000000,0.000000000,0.000000000,0.229381473,0.000000000,0.000000000,521.000,107.000,107.000
1786747148142,XAUT_USDT,demo,0,stale_binance,0,0.000000000,1.000000000,0.000000000,0.000000000,0.229381473,0.000000000,0.000000000,633.000,219.000,219.000
1786747148245,XAUT_USDT,demo,0,stale_binance,0,0.000000000,1.000000000,0.000000000,0.000000000,0.229381473,0.000000000,0.000000000,736.000,322.000,322.000
1786747148347,XAUT_USDT,demo,0,stale_binance,0,0.000000000,1.000000000,0.000000000,0.000000000,0.229381473,0.000000000,0.000000000,838.000,1.000,1.000
1786747148494,XAUT_USDT,demo,0,microspread_below_threshold,0,0.000000000,1.000000000,0.814271076,0.814271076,0.229381473,0.000000000,0.000000000,65.000,60.000,60.000
1786747148605,XAUT_USDT,demo,0,microspread_below_threshold,0,0.000000000,1.000000000,0.814271076,0.814271076,0.229381473,0.000000000,0.000000000,176.000,0.000,0.000
1786747148720,XAUT_USDT,demo,0,microspread_below_threshold,0,0.000000000,1.000000000,0.814271076,0.814271076,0.229381473,0.000000000,0.000000000,0.000,30.000,30.000
1786747148836,XAUT_USDT,demo,0,microspread_below_threshold,0,0.000000000,1.000000000,0.814271076,0.814271076,0.229381473,0.000000000,0.000000000,96.000,61.000,61.000
1786747148976,XAUT_USDT,demo,0,microspread_below_threshold,0,0.000000000,1.000000000,0.814271076,0.814271076,0.229381473,0.000000000,0.000000000,236.000,113.000,113.000
1786747149101,XAUT_USDT,demo,0,stale_binance,0,0.000000000,1.000000000,0.000000000,0.000000000,0.229381473,0.000000000,0.000000000,361.000,238.000,238.000
1786747149243,XAUT_USDT,demo,0,microspread_below_threshold,0,0.000000000,1.000000000,0.814271076,0.814271076,0.229381473,0.000000000,0.000000000,61.000,380.000,380.000
1786747149352,XAUT_USDT,demo,0,microspread_below_threshold,0,0.000000000,1.000000000,0.814271076,0.814271076,0.229381473,0.000000000,0.000000000,170.000,58.000,58.000
1786747149467,XAUT_USDT,demo,0,microspread_below_threshold,0,0.000000000,1.000000000,0.814271076,0.814271076,0.229381473,0.000000000,0.000000000,285.000,0.000,0.000
1786747149569,XAUT_USDT,demo,0,microspread_below_threshold,0,0.000000000,1.000000000,0.814271076,0.814271076,0.229381473,0.000000000,0.000000000,61.000,102.000,102.000
1786747149694,XAUT_USDT,demo,0,microspread_below_threshold,0,0.000000000,1.000000000,0.814271076,0.814271076,0.229381473,0.000000000,0.000000000,186.000,227.000,227.000
1786747150465,XAUT_USDT,demo,0,microspread_below_threshold,0,0.000000000,1.000000000,0.814271076,0.814271076,0.229381473,0.000000000,0.000000000,116.000,37.000,37.000
1786747150570,XAUT_USDT,demo,0,microspread_below_threshold,0,0.000000000,1.000000000,0.814271076,0.814271076,0.229381473,0.000000000,0.000000000,60.000,142.000,142.000
1786747150680,XAUT_USDT,demo,0,microspread_below_threshold,0,0.000000000,1.000000000,0.814271076,0.814271076,0.229381473,0.000000000,0.000000000,0.000,252.000,252.000
1786747150805,XAUT_USDT,demo,0,microspread_below_threshold,0,0.000000000,1.000000000,0.814271076,0.814271076,0.229381473,0.000000000,0.000000000,125.000,53.000,53.000
1786747150931,XAUT_USDT,demo,0,microspread_below_threshold,0,0.000000000,1.000000000,0.814271076,0.814271076,0.229381473,0.000000000,0.000000000,251.000,0.000,0.000
1786747151055,XAUT_USDT,demo,0,stale_binance,0,0.000000000,1.000000000,0.000000000,0.000000000,0.229381473,0.000000000,0.000000000,375.000,124.000,124.000
1786747151194,XAUT_USDT,demo,0,microspread_below_threshold,0,0.000000000,1.000000000,0.814271076,0.814271076,0.229381473,0.000000000,0.000000000,118.000,263.000,263.000
1786747151319,XAUT_USDT,demo,0,microspread_below_threshold,0,0.000000000,1.000000000,0.814271076,0.814271076,0.229381473,0.000000000,0.000000000,243.000,53.000,53.000
1786747151440,XAUT_USDT,demo,0,stale_binance,0,0.000000000,1.000000000,0.000000000,0.000000000,0.229381473,0.000000000,0.000000000,364.000,0.000,0.000
1786747151567,XAUT_USDT,demo,0,microspread_below_threshold,0,0.000000000,1.000000000,0.814271076,0.814271076,0.229381473,0.000000000,0.000000000,58.000,127.000,127.000
1786747151708,XAUT_USDT,demo,0,microspread_below_threshold,0,0.000000000,1.000000000,0.814271076,0.814271076,0.229381473,0.000000000,0.000000000,120.000,268.000,268.000
1786747151832,XAUT_USDT,demo,0,microspread_below_threshold,0,0.000000000,1.000000000,0.814271076,0.814271076,0.229381473,0.000000000,0.000000000,244.000,50.000,50.000
1786747151956,XAUT_USDT,demo,0,stale_binance,0,0.000000000,1.000000000,0.000000000,0.000000000,0.229381473,0.000000000,0.000000000,368.000,0.000,0.000
1786747152082,XAUT_USDT,demo,0,stale_binance,0,0.000000000,1.000000000,0.000000000,0.000000000,0.229381473,0.000000000,0.000000000,494.000,126.000,126.000
1786747152208,XAUT_USDT,demo,0,stale_binance,0,0.000000000,1.000000000,0.000000000,0.000000000,0.229381473,0.000000000,0.000000000,620.000,252.000,252.000
1786747152316,XAUT_USDT,demo,0,microspread_below_threshold,0,0.000000000,1.000000000,0.814271076,0.814271076,0.229381473,0.000000000,0.000000000,66.000,103.000,103.000
1786747152456,XAUT_USDT,demo,0,microspread_below_threshold,0,0.000000000,1.000000000,0.814271076,0.814271076,0.229381473,0.000000000,0.000000000,50.000,70.000,70.000
1786747152581,XAUT_USDT,demo,0,microspread_below_threshold,0,0.000000000,1.000000000,0.814271076,0.814271076,0.229381473,0.000000000,0.000000000,175.000,195.000,195.000
1786747152687,XAUT_USDT,demo,0,microspread_below_threshold,0,0.000000000,1.000000000,0.814271076,0.814271076,0.229381473,0.000000000,0.000000000,0.000,301.000,301.000
1786747152814,XAUT_USDT,demo,0,microspread_below_threshold,0,0.000000000,1.000000000,0.814271076,0.814271076,0.229381473,0.000000000,0.000000000,127.000,0.000,0.000
1786747152953,XAUT_USDT,demo,0,microspread_below_threshold,0,0.000000000,1.000000000,0.814271076,0.814271076,0.229381473,0.000000000,0.000000000,266.000,51.000,51.000
1786747153108,XAUT_USDT,demo,0,stale_binance,0,0.000000000,1.000000000,0.000000000,0.000000000,0.229381473,0.000000000,0.000000000,421.000,116.000,116.000
1786747153233,XAUT_USDT,demo,0,stale_binance,0,0.000000000,1.000000000,0.000000000,0.000000000,0.229381473,0.000000000,0.000000000,546.000,241.000,241.000
1786747153379,XAUT_USDT,demo,0,microspread_below_threshold,0,0.000000000,1.000000000,0.814271076,0.814271076,0.229381473,0.000000000,0.000000000,0.000,114.000,114.000
1786747153497,XAUT_USDT,demo,0,microspread_below_threshold,0,0.000000000,1.000000000,0.814271076,0.814271076,0.229381473,0.000000000,0.000000000,54.000,75.000,75.000
1786747153618,XAUT_USDT,demo,0,microspread_below_threshold,0,0.000000000,1.000000000,0.814271076,0.814271076,0.229381473,0.000000000,0.000000000,0.000,114.000,114.000
1786747153732,XAUT_USDT,demo,0,microspread_below_threshold,0,0.000000000,1.000000000,0.814271076,0.814271076,0.229381473,0.000000000,0.000000000,86.000,57.000,57.000
1786747153848,XAUT_USDT,demo,0,microspread_below_threshold,0,0.000000000,1.000000000,0.814271076,0.814271076,0.229381473,0.000000000,0.000000000,202.000,0.000,0.000
1786747153997,XAUT_USDT,demo,0,stale_binance,0,0.000000000,1.000000000,0.000000000,0.000000000,0.229381473,0.000000000,0.000000000,351.000,58.000,58.000
1786747154138,XAUT_USDT,demo,0,stale_binance,0,0.000000000,1.000000000,0.000000000,0.000000000,0.229381473,0.000000000,0.000000000,492.000,119.000,119.000
1786747154262,XAUT_USDT,demo,0,stale_binance,0,0.000000000,1.000000000,0.000000000,0.000000000,0.229381473,0.000000000,0.000000000,616.000,243.000,243.000
1786747154362,XAUT_USDT,demo,0,microspread_below_threshold,0,0.000000000,1.000000000,0.814271076,0.814271076,0.229381473,0.000000000,0.000000000,57.000,0.000,0.000
1786747154506,XAUT_USDT,demo,0,microspread_below_threshold,0,0.000000000,1.000000000,0.814271076,0.814271076,0.229381473,0.000000000,0.000000000,0.000,59.000,59.000
1786747154620,XAUT_USDT,demo,0,microspread_below_threshold,0,0.000000000,1.000000000,0.814271076,0.814271076,0.229381473,0.000000000,0.000000000,58.000,87.000,87.000
1786747154745,XAUT_USDT,demo,0,microspread_below_threshold,0,0.000000000,1.000000000,0.814271076,0.814271076,0.229381473,0.000000000,0.000000000,183.000,212.000,212.000
1786747154854,XAUT_USDT,demo,0,microspread_below_threshold,0,0.000000000,1.000000000,0.814271076,0.814271076,0.229381473,0.000000000,0.000000000,292.000,64.000,64.000
1786747155011,XAUT_USDT,demo,0,microspread_below_threshold,0,0.000000000,1.000000000,0.814271076,0.814271076,0.229381473,0.000000000,0.000000000,122.000,134.000,134.000
1786747155170,XAUT_USDT,demo,0,microspread_below_threshold,0,0.000000000,1.000000000,0.814271076,0.814271076,0.229381473,0.000000000,0.000000000,281.000,123.000,123.000
1786747155277,XAUT_USDT,demo,0,stale_binance,0,0.000000000,1.000000000,0.000000000,0.000000000,0.229381473,0.000000000,0.000000000,388.000,57.000,57.000
1786747155392,XAUT_USDT,demo,0,stale_binance,0,0.000000000,1.000000000,0.000000000,0.000000000,0.229381473,0.000000000,0.000000000,503.000,1.000,1.000
1786747156738,XAUT_USDT,demo,0,microspread_below_threshold,0,0.000000000,1.000000000,0.814271076,0.814271076,0.229381473,0.000000000,0.000000000,228.000,232.000,232.000
1786747156853,XAUT_USDT,demo,0,stale_binance,0,0.000000000,1.000000000,0.000000000,0.000000000,0.229381473,0.000000000,0.000000000,343.000,0.000,0.000
1786747156993,XAUT_USDT,demo,0,stale_binance,0,0.000000000,1.000000000,0.000000000,0.000000000,0.229381473,0.000000000,0.000000000,483.000,51.000,51.000
1786747157093,XAUT_USDT,demo,0,microspread_below_threshold,0,0.000000000,1.000000000,0.814271076,0.814271076,0.229381473,0.000000000,0.000000000,0.000,64.000,64.000
1786747157196,XAUT_USDT,demo,0,microspread_below_threshold,0,0.000000000,1.000000000,0.814271076,0.814271076,0.229381473,0.000000000,0.000000000,60.000,167.000,167.000
1786747157338,XAUT_USDT,demo,0,microspread_below_threshold,0,0.000000000,1.000000000,0.814271076,0.814271076,0.229381473,0.000000000,0.000000000,202.000,53.000,53.000
1786747157463,XAUT_USDT,demo,0,microspread_below_threshold,0,0.000000000,1.000000000,0.814271076,0.814271076,0.229381473,0.000000000,0.000000000,61.000,93.000,93.000
1786747157601,XAUT_USDT,demo,0,microspread_below_threshold,0,0.000000000,1.000000000,0.814271076,0.814271076,0.229381473,0.000000000,0.000000000,96.000,63.000,63.000
1786747157727,XAUT_USDT,demo,0,microspread_below_threshold,0,0.000000000,1.000000000,0.814271076,0.814271076,0.229381473,0.000000000,0.000000000,222.000,189.000,189.000
1786747157850,XAUT_USDT,demo,0,stale_binance,0,0.000000000,1.000000000,0.000000000,0.000000000,0.229381473,0.000000000,0.000000000,345.000,54.000,54.000
1786747157974,XAUT_USDT,demo,0,microspread_below_threshold,0,0.000000000,1.000000000,0.814271076,0.814271076,0.229381473,0.000000000,0.000000000,25.000,0.000,0.000
1786747158099,XAUT_USDT,demo,0,microspread_below_threshold,0,0.000000000,1.000000000,0.814271076,0.814271076,0.229381473,0.000000000,0.000000000,123.000,125.000,125.000
1786747158223,XAUT_USDT,demo,0,microspread_below_threshold,0,0.000000000,1.000000000,0.814271076,0.814271076,0.229381473,0.000000000,0.000000000,247.000,249.000,249.000
1786747158379,XAUT_USDT,demo,0,stale_binance,0,0.000000000,1.000000000,0.000000000,0.000000000,0.229381473,0.000000000,0.000000000,403.000,66.000,66.000
1786747158485,XAUT_USDT,demo,0,microspread_below_threshold,0,0.000000000,1.000000000,0.814271076,0.814271076,0.229381473,0.000000000,0.000000000,18.000,1.000,1.000
1786747158613,XAUT_USDT,demo,0,microspread_below_threshold,0,0.000000000,1.000000000,0.814271076,0.814271076,0.229381473,0.000000000,0.000000000,121.000,129.000,129.000
1786747158738,XAUT_USDT,demo,0,microspread_below_threshold,0,0.000000000,1.000000000,0.814271076,0.814271076,0.229381473,0.000000000,0.000000000,246.000,254.000,254.000
1786747158894,XAUT_USDT,demo,0,stale_binance,0,0.000000000,1.000000000,0.000000000,0.000000000,0.229381473,0.000000000,0.000000000,402.000,64.000,64.000
1786747158998,XAUT_USDT,demo,0,stale_binance,0,0.000000000,1.000000000,0.000000000,0.000000000,0.229381473,0.000000000,0.000000000,506.000,1.000,1.000
1786747159145,XAUT_USDT,demo,0,stale_binance,0,0.000000000,1.000000000,0.000000000,0.000000000,0.229381473,0.000000000,0.000000000,653.000,63.000,63.000
1786747159256,XAUT_USDT,demo,0,stale_binance,0,0.000000000,1.000000000,0.000000000,0.000000000,0.229381473,0.000000000,0.000000000,764.000,0.000,0.000
1786747159393,XAUT_USDT,demo,0,stale_binance,0,0.000000000,1.000000000,0.000000000,0.000000000,0.229381473,0.000000000,0.000000000,901.000,51.000,51.000
1786747159506,XAUT_USDT,demo,0,microspread_below_threshold,0,0.000000000,1.000000000,0.814271076,0.814271076,0.229381473,0.000000000,0.000000000,0.000,164.000,164.000
1786747159611,XAUT_USDT,demo,0,microspread_below_threshold,0,0.000000000,1.000000000,0.814271076,0.814271076,0.229381473,0.000000000,0.000000000,52.000,269.000,269.000
1786747159751,XAUT_USDT,demo,0,microspread_below_threshold,0,0.000000000,1.000000000,0.814271076,0.814271076,0.229381473,0.000000000,0.000000000,192.000,64.000,64.000
1786747159862,XAUT_USDT,demo,0,stale_binance,0,0.000000000,1.000000000,0.000000000,0.000000000,0.229381473,0.000000000,0.000000000,303.000,0.000,0.000
1786747159962,XAUT_USDT,demo,0,microspread_below_threshold,0,0.000000000,1.000000000,0.814271076,0.814271076,0.229381473,0.000000000,0.000000000,0.000,100.000,100.000
1786747160095,XAUT_USDT,demo,0,microspread_below_threshold,0,0.000000000,1.000000000,0.814271076,0.814271076,0.229381473,0.000000000,0.000000000,133.000,62.000,62.000
1786747160220,XAUT_USDT,demo,0,microspread_below_threshold,0,0.000000000,1.000000000,0.814271076,0.814271076,0.229381473,0.000000000,0.000000000,258.000,187.000,187.000
1786747160344,XAUT_USDT,demo,0,microspread_below_threshold,0,0.000000000,1.000000000,0.814271076,0.814271076,0.229381473,0.000000000,0.000000000,71.000,53.000,53.000
1786747160464,XAUT_USDT,demo,0,microspread_below_threshold,0,0.000000000,1.000000000,0.814271076,0.814271076,0.229381473,0.000000000,0.000000000,80.000,0.000,0.000
1786747160612,XAUT_USDT,demo,0,microspread_below_threshold,0,0.000000000,1.000000000,0.814271076,0.814271076,0.229381473,0.000000000,0.000000000,228.000,63.000,63.000
1786747160716,XAUT_USDT,demo,0,microspread_below_threshold,0,0.000000000,1.000000000,0.814271076,0.814271076,0.229381473,0.000000000,0.000000000,0.000,167.000,167.000
1786747160861,XAUT_USDT,demo,0,microspread_below_threshold,0,0.000000000,1.000000000,0.814271076,0.814271076,0.229381473,0.000000000,0.000000000,63.000,57.000,57.000
1786747160978,XAUT_USDT,demo,0,microspread_below_threshold,0,0.000000000,1.000000000,0.814271076,0.814271076,0.229381473,0.000000000,0.000000000,180.000,0.000,0.000
1786747161081,XAUT_USDT,demo,0,microspread_below_threshold,0,0.000000000,1.000000000,0.814271076,0.814271076,0.229381473,0.000000000,0.000000000,0.000,18.000,18.000
1786747161192,XAUT_USDT,demo,0,microspread_below_threshold,0,0.000000000,1.000000000,0.814271076,0.814271076,0.229381473,0.000000000,0.000000000,109.000,129.000,129.000
1786747161304,XAUT_USDT,demo,0,microspread_below_threshold,0,0.000000000,1.000000000,0.814271076,0.814271076,0.229381473,0.000000000,0.000000000,221.000,241.000,241.000
1786747161410,XAUT_USDT,demo,0,stale_binance,0,0.000000000,1.000000000,0.000000000,0.000000000,0.229381473,0.000000000,0.000000000,327.000,0.000,0.000
1786747161535,XAUT_USDT,demo,0,microspread_below_threshold,0,0.000000000,1.000000000,0.814271076,0.814271076,0.229381473,0.000000000,0.000000000,0.000,125.000,125.000
1786747161635,XAUT_USDT,demo,0,microspread_below_threshold,0,0.000000000,1.000000000,0.814271076,0.814271076,0.229381473,0.000000000,0.000000000,100.000,57.000,57.000
1786747162515,XAUT_USDT,demo,0,microspread_below_threshold,0,0.000000000,1.000000000,0.814271076,0.814271076,0.229381473,0.000000000,0.000000000,7.000,246.000,246.000
1786747162646,XAUT_USDT,demo,0,microspread_below_threshold,0,0.000000000,1.000000000,0.814271076,0.814271076,0.229381473,0.000000000,0.000000000,138.000,125.000,125.000
1786747162771,XAUT_USDT,demo,0,microspread_below_threshold,0,0.000000000,1.000000000,0.814271076,0.814271076,0.229381473,0.000000000,0.000000000,263.000,250.000,250.000
1786747162926,XAUT_USDT,demo,0,stale_binance,0,0.000000000,1.000000000,0.000000000,0.000000000,0.229381473,0.000000000,0.000000000,418.000,63.000,63.000
1786747163034,XAUT_USDT,demo,0,microspread_below_threshold,0,0.000000000,1.000000000,0.814271076,0.814271076,0.229381473,0.000000000,0.000000000,57.000,86.000,86.000
1786747163159,XAUT_USDT,demo,0,microspread_below_threshold,0,0.000000000,1.000000000,0.814271076,0.814271076,0.229381473,0.000000000,0.000000000,182.000,124.000,124.000
1786747163284,XAUT_USDT,demo,0,stale_binance,0,0.000000000,1.000000000,0.000000000,0.000000000,0.229381473,0.000000000,0.000000000,307.000,249.000,249.000
1786747163410,XAUT_USDT,demo,0,stale_binance,0,0.000000000,1.000000000,0.000000000,0.000000000,0.229381473,0.000000000,0.000000000,433.000,119.000,119.000
1786747163547,XAUT_USDT,demo,0,microspread_below_threshold,0,0.000000000,1.000000000,0.814271076,0.814271076,0.229381473,0.000000000,0.000000000,41.000,0.000,0.000
1786747163674,XAUT_USDT,demo,0,microspread_below_threshold,0,0.000000000,1.000000000,0.814271076,0.814271076,0.229381473,0.000000000,0.000000000,168.000,127.000,127.000
1786747163799,XAUT_USDT,demo,0,microspread_below_threshold,0,0.000000000,1.000000000,0.814271076,0.814271076,0.229381473,0.000000000,0.000000000,293.000,252.000,252.000
1786747163954,XAUT_USDT,demo,0,stale_binance,0,0.000000000,1.000000000,0.000000000,0.000000000,0.229381473,0.000000000,0.000000000,448.000,61.000,61.000
1786747164065,XAUT_USDT,demo,0,stale_binance,0,0.000000000,1.000000000,0.000000000,0.000000000,0.229381473,0.000000000,0.000000000,559.000,1.000,1.000
1786747164186,XAUT_USDT,demo,0,stale_binance,0,0.000000000,1.000000000,0.000000000,0.000000000,0.229381473,0.000000000,0.000000000,680.000,122.000,122.000
1786747164297,XAUT_USDT,demo,0,stale_binance,0,0.000000000,1.000000000,0.000000000,0.000000000,0.229381473,0.000000000,0.000000000,791.000,60.000,60.000
1786747164411,XAUT_USDT,demo,0,stale_binance,0,0.000000000,1.000000000,0.000000000,0.000000000,0.229381473,0.000000000,0.000000000,905.000,0.000,0.000
1786747164535,XAUT_USDT,demo,0,microspread_below_threshold,0,0.000000000,1.000000000,0.814271076,0.814271076,0.229381473,0.000000000,0.000000000,0.000,39.000,39.000
1786747164642,XAUT_USDT,demo,0,microspread_below_threshold,0,0.000000000,1.000000000,0.814271076,0.814271076,0.229381473,0.000000000,0.000000000,107.000,61.000,61.000
1786747164784,XAUT_USDT,demo,0,microspread_below_threshold,0,0.000000000,1.000000000,0.814271076,0.814271076,0.229381473,0.000000000,0.000000000,249.000,118.000,118.000
1786747164892,XAUT_USDT,demo,0,stale_binance,0,0.000000000,1.000000000,0.000000000,0.000000000,0.229381473,0.000000000,0.000000000,357.000,55.000,55.000
1786747165002,XAUT_USDT,demo,0,microspread_below_threshold,0,0.000000000,1.000000000,0.814271076,0.814271076,0.229381473,0.000000000,0.000000000,56.000,165.000,165.000
1786747165127,XAUT_USDT,demo,0,microspread_below_threshold,0,0.000000000,1.000000000,0.814271076,0.814271076,0.229381473,0.000000000,0.000000000,181.000,119.000,119.000
1786747165235,XAUT_USDT,demo,0,microspread_below_threshold,0,0.000000000,1.000000000,0.814271076,0.814271076,0.229381473,0.000000000,0.000000000,68.000,57.000,57.000
1786747165351,XAUT_USDT,demo,0,microspread_below_threshold,0,0.000000000,1.000000000,0.814271076,0.814271076,0.229381473,0.000000000,0.000000000,101.000,0.000,0.000
1786747165500,XAUT_USDT,demo,0,microspread_below_threshold,0,0.000000000,1.000000000,0.814271076,0.814271076,0.229381473,0.000000000,0.000000000,250.000,62.000,62.000
1786747165624,XAUT_USDT,demo,0,stale_binance,0,0.000000000,1.000000000,0.000000000,0.000000000,0.229381473,0.000000000,0.000000000,374.000,186.000,186.000
1786747165748,XAUT_USDT,demo,0,microspread_below_threshold,0,0.000000000,1.000000000,0.814271076,0.814271076,0.229381473,0.000000000,0.000000000,106.000,55.000,55.000
1786747165866,XAUT_USDT,demo,0,microspread_below_threshold,0,0.000000000,1.000000000,0.814271076,0.814271076,0.229381473,0.000000000,0.000000000,224.000,0.000,0.000
1786747166014,XAUT_USDT,demo,0,stale_binance,0,0.000000000,1.000000000,0.000000000,0.000000000,0.229381473,0.000000000,0.000000000,372.000,61.000,61.000
1786747166169,XAUT_USDT,demo,0,stale_binance,0,0.000000000,1.000000000,0.000000000,0.000000000,0.229381473,0.000000000,0.000000000,527.000,133.000,133.000
1786747166294,XAUT_USDT,demo,0,stale_binance,0,0.000000000,1.000000000,0.000000000,0.000000000,0.229381473,0.000000000,0.000000000,652.000,258.000,258.000
1786747166412,XAUT_USDT,demo,0,microspread_below_threshold,0,0.000000000,1.000000000,0.814271076,0.814271076,0.229381473,0.000000000,0.000000000,0.000,32.000,32.000
1786747166528,XAUT_USDT,demo,0,microspread_below_threshold,0,0.000000000,1.000000000,0.814271076,0.814271076,0.229381473,0.000000000,0.000000000,116.000,63.000,63.000
1786747166669,XAUT_USDT,demo,0,microspread_below_threshold,0,0.000000000,1.000000000,0.814271076,0.814271076,0.229381473,0.000000000,0.000000000,65.000,120.000,120.000
1786747166794,XAUT_USDT,demo,0,microspread_below_threshold,0,0.000000000,1.000000000,0.814271076,0.814271076,0.229381473,0.000000000,0.000000000,190.000,245.000,245.000
1786747166894,XAUT_USDT,demo,0,microspread_below_threshold,0,0.000000000,1.000000000,0.814271076,0.814271076,0.229381473,0.000000000,0.000000000,290.000,0.000,0.000
1786747167046,XAUT_USDT,demo,0,stale_binance,0,0.000000000,1.000000000,0.000000000,0.000000000,0.229381473,0.000000000,0.000000000,442.000,64.000,64.000
1786747167187,XAUT_USDT,demo,0,stale_binance,0,0.000000000,1.000000000,0.000000000,0.000000000,0.229381473,0.000000000,0.000000000,583.000,121.000,121.000
1786747167314,XAUT_USDT,demo,0,stale_binance,0,0.000000000,1.000000000,0.000000000,0.000000000,0.229381473,0.000000000,0.000000000,710.000,248.000,248.000
1786747167471,XAUT_USDT,demo,0,microspread_below_threshold,0,0.000000000,1.000000000,0.814271076,0.814271076,0.229381473,0.000000000,0.000000000,61.000,61.000,61.000
1786747168243,XAUT_USDT,demo,0,stale_binance,0,0.000000000,1.000000000,0.000000000,0.000000000,0.229381473,0.000000000,0.000000000,352.000,291.000,291.000
1786747168354,XAUT_USDT,demo,0,stale_binance,0,0.000000000,1.000000000,0.000000000,0.000000000,0.229381473,0.000000000,0.000000000,463.000,0.000,0.000
1786747168501,XAUT_USDT,demo,0,microspread_below_threshold,0,0.000000000,1.000000000,0.814271076,0.814271076,0.229381473,0.000000000,0.000000000,118.000,60.000,60.000
1786747168643,XAUT_USDT,demo,0,microspread_below_threshold,0,0.000000000,1.000000000,0.814271076,0.814271076,0.229381473,0.000000000,0.000000000,135.000,117.000,117.000
1786747168768,XAUT_USDT,demo,0,microspread_below_threshold,0,0.000000000,1.000000000,0.814271076,0.814271076,0.229381473,0.000000000,0.000000000,260.000,242.000,242.000
1786747168870,XAUT_USDT,demo,0,microspread_below_threshold,0,0.000000000,1.000000000,0.814271076,0.814271076,0.229381473,0.000000000,0.000000000,28.000,1.000,1.000
1786747169017,XAUT_USDT,demo,0,microspread_below_threshold,0,0.000000000,1.000000000,0.814271076,0.814271076,0.229381473,0.000000000,0.000000000,175.000,59.000,59.000
1786747169174,XAUT_USDT,demo,0,microspread_below_threshold,0,0.000000000,1.000000000,0.814271076,0.814271076,0.229381473,0.000000000,0.000000000,114.000,127.000,127.000
1786747169278,XAUT_USDT,demo,0,microspread_below_threshold,0,0.000000000,1.000000000,0.814271076,0.814271076,0.229381473,0.000000000,0.000000000,0.000,231.000,231.000
1786747169422,XAUT_USDT,demo,0,microspread_below_threshold,0,0.000000000,1.000000000,0.814271076,0.814271076,0.229381473,0.000000000,0.000000000,140.000,122.000,122.000
1786747169556,XAUT_USDT,demo,0,microspread_below_threshold,0,0.000000000,1.000000000,0.814271076,0.814271076,0.229381473,0.000000000,0.000000000,46.000,0.000,0.000
1786747169705,XAUT_USDT,demo,0,microspread_below_threshold,0,0.000000000,1.000000000,0.814271076,0.814271076,0.229381473,0.000000000,0.000000000,140.000,62.000,62.000
1786747169816,XAUT_USDT,demo,0,microspread_below_threshold,0,0.000000000,1.000000000,0.814271076,0.814271076,0.229381473,0.000000000,0.000000000,251.000,1.000,1.000
1786747169953,XAUT_USDT,demo,0,stale_binance,0,0.000000000,1.000000000,0.000000000,0.000000000,0.229381473,0.000000000,0.000000000,388.000,51.000,51.000
1786747170077,XAUT_USDT,demo,0,stale_binance,0,0.000000000,1.000000000,0.000000000,0.000000000,0.229381473,0.000000000,0.000000000,512.000,175.000,175.000
1786747170201,XAUT_USDT,demo,0,stale_binance,0,0.000000000,1.000000000,0.000000000,0.000000000,0.229381473,0.000000000,0.000000000,636.000,299.000,299.000
1786747170315,XAUT_USDT,demo,0,microspread_below_threshold,0,0.000000000,1.000000000,0.814271076,0.814271076,0.229381473,0.000000000,0.000000000,0.000,73.000,73.000
1786747170451,XAUT_USDT,demo,0,microspread_below_threshold,0,0.000000000,1.000000000,0.814271076,0.814271076,0.229381473,0.000000000,0.000000000,51.000,125.000,125.000
1786747170559,XAUT_USDT,demo,0,microspread_below_threshold,0,0.000000000,1.000000000,0.814271076,0.814271076,0.229381473,0.000000000,0.000000000,51.000,233.000,233.000
1786747170669,XAUT_USDT,demo,0,microspread_below_threshold,0,0.000000000,1.000000000,0.814271076,0.814271076,0.229381473,0.000000000,0.000000000,61.000,86.000,86.000
1786747170808,XAUT_USDT,demo,0,microspread_below_threshold,0,0.000000000,1.000000000,0.814271076,0.814271076,0.229381473,0.000000000,0.000000000,200.000,51.000,51.000
1786747170964,XAUT_USDT,demo,0,stale_binance,0,0.000000000,1.000000000,0.000000000,0.000000000,0.229381473,0.000000000,0.000000000,356.000,122.000,122.000
1786747171073,XAUT_USDT,demo,0,stale_binance,0,0.000000000,1.000000000,0.000000000,0.000000000,0.229381473,0.000000000,0.000000000,465.000,58.000,58.000
1786747171227,XAUT_USDT,demo,0,stale_binance,0,0.000000000,1.000000000,0.000000000,0.000000000,0.229381473,0.000000000,0.000000000,619.000,127.000,127.000
1786747171336,XAUT_USDT,demo,0,stale_binance,0,0.000000000,1.000000000,0.000000000,0.000000000,0.229381473,0.000000000,0.000000000,728.000,66.000,66.000
1786747171445,XAUT_USDT,demo,0,microspread_below_threshold,0,0.000000000,1.000000000,0.814271076,0.814271076,0.229381473,0.000000000,0.000000000,62.000,90.000,90.000
1786747171571,XAUT_USDT,demo,0,microspread_below_threshold,0,0.000000000,1.000000000,0.814271076,0.814271076,0.229381473,0.000000000,0.000000000,63.000,216.000,216.000
1786747171726,XAUT_USDT,demo,0,microspread_below_threshold,0,0.000000000,1.000000000,0.814271076,0.814271076,0.229381473,0.000000000,0.000000000,140.000,116.000,116.000
1786747171835,XAUT_USDT,demo,0,microspread_below_threshold,0,0.000000000,1.000000000,0.814271076,0.814271076,0.229381473,0.000000000,0.000000000,249.000,52.000,52.000
1786747171990,XAUT_USDT,demo,0,stale_binance,0,0.000000000,1.000000000,0.000000000,0.000000000,0.229381473,0.000000000,0.000000000,404.000,122.000,122.000
1786747172099,XAUT_USDT,demo,0,stale_binance,0,0.000000000,1.000000000,0.000000000,0.000000000,0.229381473,0.000000000,0.000000000,513.000,58.000,58.000
1786747172224,XAUT_USDT,demo,0,stale_binance,0,0.000000000,1.000000000,0.000000000,0.000000000,0.229381473,0.000000000,0.000000000,638.000,183.000,183.000
1786747172328,XAUT_USDT,demo,0,stale_binance,0,0.000000000,1.000000000,0.000000000,0.000000000,0.229381473,0.000000000,0.000000000,742.000,0.000,0.000
1786747172442,XAUT_USDT,demo,0,stale_binance,0,0.000000000,1.000000000,0.000000000,0.000000000,0.229381473,0.000000000,0.000000000,856.000,54.000,54.000
1786747172558,XAUT_USDT,demo,0,microspread_below_threshold,0,0.000000000,1.000000000,0.814271076,0.814271076,0.229381473,0.000000000,0.000000000,23.000,0.000,0.000
1786747172708,XAUT_USDT,demo,0,microspread_below_threshold,0,0.000000000,1.000000000,0.814271076,0.814271076,0.229381473,0.000000000,0.000000000,173.000,66.000,66.000
1786747172832,XAUT_USDT,demo,0,microspread_below_threshold,0,0.000000000,1.000000000,0.814271076,0.814271076,0.229381473,0.000000000,0.000000000,297.000,190.000,190.000
1786747172956,XAUT_USDT,demo,0,stale_binance,0,0.000000000,1.000000000,0.000000000,0.000000000,0.229381473,0.000000000,0.000000000,421.000,53.000,53.000
1786747173080,XAUT_USDT,demo,0,stale_binance,0,0.000000000,1.000000000,0.000000000,0.000000000,0.229381473,0.000000000,0.000000000,545.000,1.000,1.000
1786747173207,XAUT_USDT,demo,0,stale_binance,0,0.000000000,1.000000000,0.000000000,0.000000000,0.229381473,0.000000000,0.000000000,672.000,128.000,128.000
1786747174367,XAUT_USDT,demo,0,stale_binance,0,0.000000000,1.000000000,0.000000000,0.000000000,0.229381473,0.000000000,0.000000000,455.000,39.000,39.000
1786747174490,XAUT_USDT,demo,0,microspread_below_threshold,0,0.000000000,1.000000000,0.814271076,0.814271076,0.229381473,0.000000000,0.000000000,107.000,120.000,120.000
1786747174590,XAUT_USDT,demo,0,microspread_below_threshold,0,0.000000000,1.000000000,0.814271076,0.814271076,0.229381473,0.000000000,0.000000000,0.000,58.000,58.000
1786747174699,XAUT_USDT,demo,0,microspread_below_threshold,0,0.000000000,1.000000000,0.814271076,0.814271076,0.229381473,0.000000000,0.000000000,109.000,167.000,167.000
1786747174815,XAUT_USDT,demo,0,microspread_below_threshold,0,0.000000000,1.000000000,0.814271076,0.814271076,0.229381473,0.000000000,0.000000000,1.000,27.000,27.000
1786747174931,XAUT_USDT,demo,0,microspread_below_threshold,0,0.000000000,1.000000000,0.814271076,0.814271076,0.229381473,0.000000000,0.000000000,117.000,56.000,56.000
1786747175046,XAUT_USDT,demo,0,microspread_below_threshold,0,0.000000000,1.000000000,0.814271076,0.814271076,0.229381473,0.000000000,0.000000000,232.000,0.000,0.000
1786747175189,XAUT_USDT,demo,0,stale_binance,0,0.000000000,1.000000000,0.000000000,0.000000000,0.229381473,0.000000000,0.000000000,375.000,56.000,56.000
1786747175342,XAUT_USDT,demo,0,microspread_below_threshold,0,0.000000000,1.000000000,0.814271076,0.814271076,0.229381473,0.000000000,0.000000000,0.000,125.000,125.000
1786747175453,XAUT_USDT,demo,0,microspread_below_threshold,0,0.000000000,1.000000000,0.814271076,0.814271076,0.229381473,0.000000000,0.000000000,111.000,62.000,62.000
1786747175562,XAUT_USDT,demo,0,microspread_below_threshold,0,0.000000000,1.000000000,0.814271076,0.814271076,0.229381473,0.000000000,0.000000000,54.000,171.000,171.000
1786747175702,XAUT_USDT,demo,0,microspread_below_threshold,0,0.000000000,1.000000000,0.814271076,0.814271076,0.229381473,0.000000000,0.000000000,113.000,58.000,58.000
1786747175826,XAUT_USDT,demo,0,microspread_below_threshold,0,0.000000000,1.000000000,0.814271076,0.814271076,0.229381473,0.000000000,0.000000000,237.000,182.000,182.000
1786747175967,XAUT_USDT,demo,0,stale_binance,0,0.000000000,1.000000000,0.000000000,0.000000000,0.229381473,0.000000000,0.000000000,378.000,65.000,65.000
1786747176109,XAUT_USDT,demo,0,stale_binance,0,0.000000000,1.000000000,0.000000000,0.000000000,0.229381473,0.000000000,0.000000000,520.000,118.000,118.000
1786747176222,XAUT_USDT,demo,0,stale_binance,0,0.000000000,1.000000000,0.000000000,0.000000000,0.229381473,0.000000000,0.000000000,633.000,62.000,62.000
1786747176378,XAUT_USDT,demo,0,stale_binance,0,0.000000000,1.000000000,0.000000000,0.000000000,0.229381473,0.000000000,0.000000000,789.000,113.000,113.000
1786747176487,XAUT_USDT,demo,0,stale_binance,0,0.000000000,1.000000000,0.000000000,0.000000000,0.229381473,0.000000000,0.000000000,898.000,222.000,222.000
1786747176587,XAUT_USDT,demo,0,stale_binance,0,0.000000000,1.000000000,0.000000000,0.000000000,0.229381473,0.000000000,0.000000000,998.000,0.000,0.000
1786747176748,XAUT_USDT,demo,0,microspread_below_threshold,0,0.000000000,1.000000000,0.814271076,0.814271076,0.229381473,0.000000000,0.000000000,116.000,161.000,161.000
1786747176857,XAUT_USDT,demo,0,microspread_below_threshold,0,0.000000000,1.000000000,0.814271076,0.814271076,0.229381473,0.000000000,0.000000000,225.000,1.000,1.000
1786747176983,XAUT_USDT,demo,0,stale_binance,0,0.000000000,1.000000000,0.000000000,0.000000000,0.229381473,0.000000000,0.000000000,351.000,127.000,127.000
1786747177104,XAUT_USDT,demo,0,stale_binance,0,0.000000000,1.000000000,0.000000000,0.000000000,0.229381473,0.000000000,0.000000000,472.000,0.000,0.000
1786747177232,XAUT_USDT,demo,0,stale_binance,0,0.000000000,1.000000000,0.000000000,0.000000000,0.229381473,0.000000000,0.000000000,600.000,128.000,128.000
1786747177342,XAUT_USDT,demo,0,stale_binance,0,0.000000000,1.000000000,0.000000000,0.000000000,0.229381473,0.000000000,0.000000000,710.000,66.000,66.000
1786747177465,XAUT_USDT,demo,0,microspread_below_threshold,0,0.000000000,1.000000000,0.814271076,0.814271076,0.229381473,0.000000000,0.000000000,64.000,101.000,101.000
1786747177592,XAUT_USDT,demo,0,microspread_below_threshold,0,0.000000000,1.000000000,0.814271076,0.814271076,0.229381473,0.000000000,0.000000000,86.000,57.000,57.000
1786747177717,XAUT_USDT,demo,0,microspread_below_threshold,0,0.000000000,1.000000000,0.814271076,0.814271076,0.229381473,0.000000000,0.000000000,55.000,182.000,182.000
1786747177842,XAUT_USDT,demo,0,microspread_below_threshold,0,0.000000000,1.000000000,0.814271076,0.814271076,0.229381473,0.000000000,0.000000000,180.000,54.000,54.000
1786747177945,XAUT_USDT,demo,0,microspread_below_threshold,0,0.000000000,1.000000000,0.814271076,0.814271076,0.229381473,0.000000000,0.000000000,1.000,69.000,69.000
1786747178048,XAUT_USDT,demo,0,microspread_below_threshold,0,0.000000000,1.000000000,0.814271076,0.814271076,0.229381473,0.000000000,0.000000000,102.000,0.000,0.000
1786747178164,XAUT_USDT,demo,0,microspread_below_threshold,0,0.000000000,1.000000000,0.814271076,0.814271076,0.229381473,0.000000000,0.000000000,0.000,31.000,31.000
1786747178309,XAUT_USDT,demo,0,microspread_below_threshold,0,0.000000000,1.000000000,0.814271076,0.814271076,0.229381473,0.000000000,0.000000000,119.000,176.000,176.000
1786747178448,XAUT_USDT,demo,0,microspread_below_threshold,0,0.000000000,1.000000000,0.814271076,0.814271076,0.229381473,0.000000000,0.000000000,258.000,56.000,56.000
1786747178572,XAUT_USDT,demo,0,microspread_below_threshold,0,0.000000000,1.000000000,0.814271076,0.814271076,0.229381473,0.000000000,0.000000000,65.000,98.000,98.000
1786747178713,XAUT_USDT,demo,0,microspread_below_threshold,0,0.000000000,1.000000000,0.814271076,0.814271076,0.229381473,0.000000000,0.000000000,53.000,68.000,68.000
1786747178818,XAUT_USDT,demo,0,microspread_below_threshold,0,0.000000000,1.000000000,0.814271076,0.814271076,0.229381473,0.000000000,0.000000000,158.000,0.000,0.000
1786747178962,XAUT_USDT,demo,0,stale_binance,0,0.000000000,1.000000000,0.000000000,0.000000000,0.229381473,0.000000000,0.000000000,302.000,58.000,58.000
1786747179101,XAUT_USDT,demo,0,microspread_below_threshold,0,0.000000000,1.000000000,0.814271076,0.814271076,0.229381473,0.000000000,0.000000000,0.000,105.000,105.000
1786747179231,XAUT_USDT,demo,0,microspread_below_threshold,0,0.000000000,1.000000000,0.814271076,0.814271076,0.229381473,0.000000000,0.000000000,130.000,66.000,66.000
1786747179340,XAUT_USDT,demo,0,microspread_below_threshold,0,0.000000000,1.000000000,0.814271076,0.814271076,0.229381473,0.000000000,0.000000000,239.000,0.000,0.000
1786747180073,XAUT_USDT,demo,0,microspread_below_threshold,0,0.000000000,1.000000000,0.814271076,0.814271076,0.229381473,0.000000000,0.000000000,5.000,47.000,47.000
1786747180199,XAUT_USDT,demo,0,microspread_below_threshold,0,0.000000000,1.000000000,0.814271076,0.814271076,0.229381473,0.000000000,0.000000000,34.000,1.000,1.000
1786747180336,XAUT_USDT,demo,0,microspread_below_threshold,0,0.000000000,1.000000000,0.814271076,0.814271076,0.229381473,0.000000000,0.000000000,171.000,52.000,52.000
1786747180455,XAUT_USDT,demo,0,microspread_below_threshold,0,0.000000000,1.000000000,0.814271076,0.814271076,0.229381473,0.000000000,0.000000000,91.000,0.000,0.000
1786747180568,XAUT_USDT,demo,0,microspread_below_threshold,0,0.000000000,1.000000000,0.814271076,0.814271076,0.229381473,0.000000000,0.000000000,0.000,29.000,29.000
1786747180694,XAUT_USDT,demo,0,microspread_below_threshold,0,0.000000000,1.000000000,0.814271076,0.814271076,0.229381473,0.000000000,0.000000000,126.000,155.000,155.000
1786747180819,XAUT_USDT,demo,0,microspread_below_threshold,0,0.000000000,1.000000000,0.814271076,0.814271076,0.229381473,0.000000000,0.000000000,251.000,280.000,280.000
1786747180945,XAUT_USDT,demo,0,stale_binance,0,0.000000000,1.000000000,0.000000000,0.000000000,0.229381473,0.000000000,0.000000000,377.000,63.000,63.000
1786747181069,XAUT_USDT,demo,0,stale_binance,0,0.000000000,1.000000000,0.000000000,0.000000000,0.229381473,0.000000000,0.000000000,501.000,187.000,187.000
1786747181193,XAUT_USDT,demo,0,microspread_below_threshold,0,0.000000000,1.000000000,0.814271076,0.814271076,0.229381473,0.000000000,0.000000000,71.000,50.000,50.000
1786747181317,XAUT_USDT,demo,0,microspread_below_threshold,0,0.000000000,1.000000000,0.814271076,0.814271076,0.229381473,0.000000000,0.000000000,195.000,174.000,174.000
1786747181459,XAUT_USDT,demo,0,stale_binance,0,0.000000000,1.000000000,0.000000000,0.000000000,0.229381473,0.000000000,0.000000000,337.000,62.000,62.000
1786747181567,XAUT_USDT,demo,0,microspread_below_threshold,0,0.000000000,1.000000000,0.814271076,0.814271076,0.229381473,0.000000000,0.000000000,61.000,170.000,170.000
1786747181708,XAUT_USDT,demo,0,microspread_below_threshold,0,0.000000000,1.000000000,0.814271076,0.814271076,0.229381473,0.000000000,0.000000000,70.000,54.000,54.000
1786747181829,XAUT_USDT,demo,0,microspread_below_threshold,0,0.000000000,1.000000000,0.814271076,0.814271076,0.229381473,0.000000000,0.000000000,87.000,1.000,1.000
1786747181972,XAUT_USDT,demo,0,microspread_below_threshold,0,0.000000000,1.000000000,0.814271076,0.814271076,0.229381473,0.000000000,0.000000000,230.000,58.000,58.000
1786747182085,XAUT_USDT,demo,0,stale_binance,0,0.000000000,1.000000000,0.000000000,0.000000000,0.229381473,0.000000000,0.000000000,343.000,0.000,0.000
1786747182203,XAUT_USDT,demo,0,stale_binance,0,0.000000000,1.000000000,0.000000000,0.000000000,0.229381473,0.000000000,0.000000000,461.000,118.000,118.000
1786747182341,XAUT_USDT,demo,0,microspread_below_threshold,0,0.000000000,1.000000000,0.814271076,0.814271076,0.229381473,0.000000000,0.000000000,60.000,84.000,84.000
1786747182491,XAUT_USDT,demo,0,microspread_below_threshold,0,0.000000000,1.000000000,0.814271076,0.814271076,0.229381473,0.000000000,0.000000000,210.000,64.000,64.000
1786747182600,XAUT_USDT,demo,0,microspread_below_threshold,0,0.000000000,1.000000000,0.814271076,0.814271076,0.229381473,0.000000000,0.000000000,19.000,0.000,0.000
1786747182719,XAUT_USDT,demo,0,microspread_below_threshold,0,0.000000000,1.000000000,0.814271076,0.814271076,0.229381473,0.000000000,0.000000000,117.000,119.000,119.000
1786747182843,XAUT_USDT,demo,0,microspread_below_threshold,0,0.000000000,1.000000000,0.814271076,0.814271076,0.229381473,0.000000000,0.000000000,241.000,243.000,243.000
1786747182948,XAUT_USDT,demo,0,microspread_below_threshold,0,0.000000000,1.000000000,0.814271076,0.814271076,0.229381473,0.000000000,0.000000000,37.000,0.000,0.000
1786747183058,XAUT_USDT,demo,0,microspread_below_threshold,0,0.000000000,1.000000000,0.814271076,0.814271076,0.229381473,0.000000000,0.000000000,0.000,13.000,13.000
1786747183181,XAUT_USDT,demo,0,microspread_below_threshold,0,0.000000000,1.000000000,0.814271076,0.814271076,0.229381473,0.000000000,0.000000000,123.000,136.000,136.000
1786747183293,XAUT_USDT,demo,0,microspread_below_threshold,0,0.000000000,1.000000000,0.814271076,0.814271076,0.229381473,0.000000000,0.000000000,17.000,0.000,0.000
1786747183429,XAUT_USDT,demo,0,microspread_below_threshold,0,0.000000000,1.000000000,0.814271076,0.814271076,0.229381473,0.000000000,0.000000000,153.000,54.000,54.000
1786747183550,XAUT_USDT,demo,0,microspread_below_threshold,0,0.000000000,1.000000000,0.814271076,0.814271076,0.229381473,0.000000000,0.000000000,37.000,0.000,0.000
1786747183697,XAUT_USDT,demo,0,microspread_below_threshold,0,0.000000000,1.000000000,0.814271076,0.814271076,0.229381473,0.000000000,0.000000000,184.000,66.000,66.000
1786747183821,XAUT_USDT,demo,0,stale_binance,0,0.000000000,1.000000000,0.000000000,0.000000000,0.229381473,0.000000000,0.000000000,308.000,190.000,190.000
1786747183945,XAUT_USDT,demo,0,stale_binance,0,0.000000000,1.000000000,0.000000000,0.000000000,0.229381473,0.000000000,0.000000000,432.000,57.000,57.000
1786747184066,XAUT_USDT,demo,0,stale_binance,0,0.000000000,1.000000000,0.000000000,0.000000000,0.229381473,0.000000000,0.000000000,553.000,0.000,0.000
1786747184224,XAUT_USDT,demo,0,microspread_below_threshold,0,0.000000000,1.000000000,0.814271076,0.814271076,0.229381473,0.000000000,0.000000000,65.000,78.000,78.000
1786747184325,XAUT_USDT,demo,0,microspread_below_threshold,0,0.000000000,1.000000000,0.814271076,0.814271076,0.229381473,0.000000000,0.000000000,166.000,0.000,0.000
1786747184459,XAUT_USDT,demo,0,microspread_below_threshold,0,0.000000000,1.000000000,0.814271076,0.814271076,0.229381473,0.000000000,0.000000000,300.000,57.000,57.000
1786747184559,XAUT_USDT,demo,0,microspread_below_threshold,0,0.000000000,1.000000000,0.814271076,0.814271076,0.229381473,0.000000000,0.000000000,0.000,72.000,72.000
1786747184687,XAUT_USDT,demo,0,microspread_below_threshold,0,0.000000000,1.000000000,0.814271076,0.814271076,0.229381473,0.000000000,0.000000000,1.000,32.000,32.000
1786747184848,XAUT_USDT,demo,0,microspread_below_threshold,0,0.000000000,1.000000000,0.814271076,0.814271076,0.229381473,0.000000000,0.000000000,114.000,193.000,193.000
1786747184973,XAUT_USDT,demo,0,microspread_below_threshold,0,0.000000000,1.000000000,0.814271076,0.814271076,0.229381473,0.000000000,0.000000000,239.000,53.000,53.000
1786747185795,XAUT_USDT,demo,0,microspread_below_threshold,0,0.000000000,1.000000000,0.814271076,0.814271076,0.229381473,0.000000000,0.000000000,137.000,24.000,24.000
1786747185917,XAUT_USDT,demo,0,microspread_below_threshold,0,0.000000000,1.000000000,0.814271076,0.814271076,0.229381473,0.000000000,0.000000000,119.000,50.000,50.000
1786747186029,XAUT_USDT,demo,0,microspread_below_threshold,0,0.000000000,1.000000000,0.814271076,0.814271076,0.229381473,0.000000000,0.000000000,0.000,162.000,162.000
1786747186183,XAUT_USDT,demo,0,microspread_below_threshold,0,0.000000000,1.000000000,0.814271076,0.814271076,0.229381473,0.000000000,0.000000000,99.000,65.000,65.000
1786747186306,XAUT_USDT,demo,0,microspread_below_threshold,0,0.000000000,1.000000000,0.814271076,0.814271076,0.229381473,0.000000000,0.000000000,222.000,188.000,188.000
1786747186446,XAUT_USDT,demo,0,stale_binance,0,0.000000000,1.000000000,0.000000000,0.000000000,0.229381473,0.000000000,0.000000000,362.000,57.000,57.000
1786747186571,XAUT_USDT,demo,0,microspread_below_threshold,0,0.000000000,1.000000000,0.814271076,0.814271076,0.229381473,0.000000000,0.000000000,60.000,182.000,182.000
1786747186696,XAUT_USDT,demo,0,microspread_below_threshold,0,0.000000000,1.000000000,0.814271076,0.814271076,0.229381473,0.000000000,0.000000000,185.000,63.000,63.000
1786747186820,XAUT_USDT,demo,0,stale_binance,0,0.000000000,1.000000000,0.000000000,0.000000000,0.229381473,0.000000000,0.000000000,309.000,187.000,187.000
1786747186960,XAUT_USDT,demo,0,stale_binance,0,0.000000000,1.000000000,0.000000000,0.000000000,0.229381473,0.000000000,0.000000000,449.000,65.000,65.000
1786747187068,XAUT_USDT,demo,0,stale_binance,0,0.000000000,1.000000000,0.000000000,0.000000000,0.229381473,0.000000000,0.000000000,557.000,1.000,1.000
1786747187212,XAUT_USDT,demo,0,stale_binance,0,0.000000000,1.000000000,0.000000000,0.000000000,0.229381473,0.000000000,0.000000000,701.000,61.000,61.000
1786747187352,XAUT_USDT,demo,0,microspread_below_threshold,0,0.000000000,1.000000000,0.814271076,0.814271076,0.229381473,0.000000000,0.000000000,114.000,201.000,201.000
1786747187476,XAUT_USDT,demo,0,microspread_below_threshold,0,0.000000000,1.000000000,0.814271076,0.814271076,0.229381473,0.000000000,0.000000000,64.000,66.000,66.000
1786747187632,XAUT_USDT,demo,0,microspread_below_threshold,0,0.000000000,1.000000000,0.814271076,0.814271076,0.229381473,0.000000000,0.000000000,126.000,139.000,139.000
1786747187759,XAUT_USDT,demo,0,microspread_below_threshold,0,0.000000000,1.000000000,0.814271076,0.814271076,0.229381473,0.000000000,0.000000000,0.000,93.000,93.000
1786747187883,XAUT_USDT,demo,0,microspread_below_threshold,0,0.000000000,1.000000000,0.814271076,0.814271076,0.229381473,0.000000000,0.000000000,122.000,217.000,217.000
1786747188014,XAUT_USDT,demo,0,microspread_below_threshold,0,0.000000000,1.000000000,0.814271076,0.814271076,0.229381473,0.000000000,0.000000000,253.000,1.000,1.000
1786747188160,XAUT_USDT,demo,0,stale_binance,0,0.000000000,1.000000000,0.000000000,0.000000000,0.229381473,0.000000000,0.000000000,399.000,65.000,65.000
1786747188302,XAUT_USDT,demo,0,microspread_below_threshold,0,0.000000000,1.000000000,0.814271076,0.814271076,0.229381473,0.000000000,0.000000000,55.000,207.000,207.000
1786747188408,XAUT_USDT,demo,0,microspread_below_threshold,0,0.000000000,1.000000000,0.814271076,0.814271076,0.229381473,0.000000000,0.000000000,1.000,58.000,58.000
1786747188508,XAUT_USDT,demo,0,microspread_below_threshold,0,0.000000000,1.000000000,0.814271076,0.814271076,0.229381473,0.000000000,0.000000000,1.000,70.000,70.000
1786747188608,XAUT_USDT,demo,0,microspread_below_threshold,0,0.000000000,1.000000000,0.814271076,0.814271076,0.229381473,0.000000000,0.000000000,42.000,0.000,0.000
1786747188722,XAUT_USDT,demo,0,microspread_below_threshold,0,0.000000000,1.000000000,0.814271076,0.814271076,0.229381473,0.000000000,0.000000000,156.000,114.000,114.000
1786747188832,XAUT_USDT,demo,0,microspread_below_threshold,0,0.000000000,1.000000000,0.814271076,0.814271076,0.229381473,0.000000000,0.000000000,266.000,55.000,55.000
1786747188952,XAUT_USDT,demo,0,stale_binance,0,0.000000000,1.000000000,0.000000000,0.000000000,0.229381473,0.000000000,0.000000000,386.000,0.000,0.000
1786747189113,XAUT_USDT,demo,0,stale_binance,0,0.000000000,1.000000000,0.000000000,0.000000000,0.229381473,0.000000000,0.000000000,547.000,63.000,63.000
1786747189238,XAUT_USDT,demo,0,stale_binance,0,0.000000000,1.000000000,0.000000000,0.000000000,0.229381473,0.000000000,0.000000000,672.000,188.000,188.000
1786747189338,XAUT_USDT,demo,0,microspread_below_threshold,0,0.000000000,1.000000000,0.814271076,0.814271076,0.229381473,0.000000000,0.000000000,0.000,40.000,40.000
1786747189439,XAUT_USDT,demo,0,microspread_below_threshold,0,0.000000000,1.000000000,0.814271076,0.814271076,0.229381473,0.000000000,0.000000000,101.000,57.000,57.000
1786747189552,XAUT_USDT,demo,0,microspread_below_threshold,0,0.000000000,1.000000000,0.814271076,0.814271076,0.229381473,0.000000000,0.000000000,111.000,0.000,0.000
1786747189704,XAUT_USDT,demo,0,microspread_below_threshold,0,0.000000000,1.000000000,0.814271076,0.814271076,0.229381473,0.000000000,0.000000000,263.000,58.000,58.000
1786747189817,XAUT_USDT,demo,0,stale_binance,0,0.000000000,1.000000000,0.000000000,0.000000000,0.229381473,0.000000000,0.000000000,376.000,171.000,171.000
1786747189950,XAUT_USDT,demo,0,stale_binance,0,0.000000000,1.000000000,0.000000000,0.000000000,0.229381473,0.000000000,0.000000000,509.000,53.000,53.000
1786747190067,XAUT_USDT,demo,0,stale_binance,0,0.000000000,1.000000000,0.000000000,0.000000000,0.229381473,0.000000000,0.000000000,626.000,1.000,1.000
1786747190209,XAUT_USDT,demo,0,stale_binance,0,0.000000000,1.000000000,0.000000000,0.000000000,0.229381473,0.000000000,0.000000000,768.000,55.000,55.000
1786747190326,XAUT_USDT,demo,0,stale_binance,0,0.000000000,1.000000000,0.000000000,0.000000000,0.229381473,0.000000000,0.000000000,885.000,0.000,0.000
1786747190434,XAUT_USDT,demo,0,microspread_below_threshold,0,0.000000000,1.000000000,0.814271076,0.814271076,0.229381473,0.000000000,0.000000000,0.000,18.000,18.000
1786747190583,XAUT_USDT,demo,0,microspread_below_threshold,0,0.000000000,1.000000000,0.814271076,0.814271076,0.229381473,0.000000000,0.000000000,66.000,84.000,84.000
1786747190724,XAUT_USDT,demo,0,microspread_below_threshold,0,0.000000000,1.000000000,0.814271076,0.814271076,0.229381473,0.000000000,0.000000000,207.000,54.000,54.000
1786747191556,XAUT_USDT,demo,0,stale_binance,0,0.000000000,1.000000000,0.000000000,0.000000000,0.229381473,0.000000000,0.000000000,679.000,451.000,451.000
1786747191674,XAUT_USDT,demo,0,stale_binance,0,0.000000000,1.000000000,0.000000000,0.000000000,0.229381473,0.000000000,0.000000000,797.000,58.000,58.000
1786747191789,XAUT_USDT,demo,0,stale_binance,0,0.000000000,1.000000000,0.000000000,0.000000000,0.229381473,0.000000000,0.000000000,912.000,0.000,0.000
1786747191942,XAUT_USDT,demo,0,stale_binance,0,0.000000000,1.000000000,0.000000000,0.000000000,0.229381473,0.000000000,0.000000000,1065.000,65.000,65.000
1786747192048,XAUT_USDT,demo,0,stale_binance,0,0.000000000,1.000000000,0.000000000,0.000000000,0.229381473,0.000000000,0.000000000,1171.000,0.000,0.000
1786747192174,XAUT_USDT,demo,0,stale_binance,0,0.000000000,1.000000000,0.000000000,0.000000000,0.229381473,0.000000000,0.000000000,1297.000,126.000,126.000
1786747192299,XAUT_USDT,demo,0,stale_binance,0,0.000000000,1.000000000,0.000000000,0.000000000,0.229381473,0.000000000,0.000000000,1422.000,251.000,251.000
1786747192404,XAUT_USDT,demo,0,microspread_below_threshold,0,0.000000000,1.000000000,0.814271076,0.814271076,0.229381473,0.000000000,0.000000000,0.000,10.000,10.000
1786747192514,XAUT_USDT,demo,0,microspread_below_threshold,0,0.000000000,1.000000000,0.814271076,0.814271076,0.229381473,0.000000000,0.000000000,0.000,120.000,120.000
1786747192652,XAUT_USDT,demo,0,microspread_below_threshold,0,0.000000000,1.000000000,0.814271076,0.814271076,0.229381473,0.000000000,0.000000000,42.000,0.000,0.000
1786747192780,XAUT_USDT,demo,0,microspread_below_threshold,0,0.000000000,1.000000000,0.814271076,0.814271076,0.229381473,0.000000000,0.000000000,170.000,128.000,128.000
1786747192907,XAUT_USDT,demo,0,microspread_below_threshold,0,0.000000000,1.000000000,0.814271076,0.814271076,0.229381473,0.000000000,0.000000000,297.000,255.000,255.000
1786747193030,XAUT_USDT,demo,0,microspread_below_threshold,0,0.000000000,1.000000000,0.814271076,0.814271076,0.229381473,0.000000000,0.000000000,53.000,116.000,116.000
1786747193154,XAUT_USDT,demo,0,microspread_below_threshold,0,0.000000000,1.000000000,0.814271076,0.814271076,0.229381473,0.000000000,0.000000000,177.000,121.000,121.000
1786747193294,XAUT_USDT,demo,0,stale_binance,0,0.000000000,1.000000000,0.000000000,0.000000000,0.229381473,0.000000000,0.000000000,317.000,118.000,118.000
1786747193404,XAUT_USDT,demo,0,stale_binance,0,0.000000000,1.000000000,0.000000000,0.000000000,0.229381473,0.000000000,0.000000000,427.000,57.000,57.000
1786747193521,XAUT_USDT,demo,0,stale_binance,0,0.000000000,1.000000000,0.000000000,0.000000000,0.229381473,0.000000000,0.000000000,544.000,0.000,0.000
1786747193655,XAUT_USDT,demo,0,stale_binance,0,0.000000000,1.000000000,0.000000000,0.000000000,0.229381473,0.000000000,0.000000000,678.000,51.000,51.000
1786747193778,XAUT_USDT,demo,0,stale_binance,0,0.000000000,1.000000000,0.000000000,0.000000000,0.229381473,0.000000000,0.000000000,801.000,174.000,174.000
1786747193918,XAUT_USDT,demo,0,stale_binance,0,0.000000000,1.000000000,0.000000000,0.000000000,0.229381473,0.000000000,0.000000000,941.000,58.000,58.000
1786747194074,XAUT_USDT,demo,0,microspread_below_threshold,0,0.000000000,1.000000000,0.814271076,0.814271076,0.229381473,0.000000000,0.000000000,138.000,127.000,127.000
1786747194182,XAUT_USDT,demo,0,microspread_below_threshold,0,0.000000000,1.000000000,0.814271076,0.814271076,0.229381473,0.000000000,0.000000000,246.000,65.000,65.000
1786747194289,XAUT_USDT,demo,0,stale_binance,0,0.000000000,1.000000000,0.000000000,0.000000000,0.229381473,0.000000000,0.000000000,353.000,0.000,0.000
1786747194416,XAUT_USDT,demo,0,stale_binance,0,0.000000000,1.000000000,0.000000000,0.000000000,0.229381473,0.000000000,0.000000000,480.000,127.000,127.000
1786747194519,XAUT_USDT,demo,0,stale_binance,0,0.000000000,1.000000000,0.000000000,0.000000000,0.229381473,0.000000000,0.000000000,583.000,60.000,60.000
1786747194652,XAUT_USDT,demo,0,stale_binance,0,0.000000000,1.000000000,0.000000000,0.000000000,0.229381473,0.000000000,0.000000000,716.000,107.000,107.000
1786747194773,XAUT_USDT,demo,0,microspread_below_threshold,0,0.000000000,1.000000000,0.814271076,0.814271076,0.229381473,0.000000000,0.000000000,0.000,228.000,228.000
1786747194892,XAUT_USDT,demo,0,microspread_below_threshold,0,0.000000000,1.000000000,0.814271076,0.814271076,0.229381473,0.000000000,0.000000000,119.000,1.000,1.000
1786747195040,XAUT_USDT,demo,0,microspread_below_threshold,0,0.000000000,1.000000000,0.814271076,0.814271076,0.229381473,0.000000000,0.000000000,267.000,64.000,64.000
1786747195145,XAUT_USDT,demo,0,stale_binance,0,0.000000000,1.000000000,0.000000000,0.000000000,0.229381473,0.000000000,0.000000000,372.000,0.000,0.000
1786747195273,XAUT_USDT,demo,0,stale_binance,0,0.000000000,1.000000000,0.000000000,0.000000000,0.229381473,0.000000000,0.000000000,500.000,128.000,128.000
1786747195399,XAUT_USDT,demo,0,stale_binance,0,0.000000000,1.000000000,0.000000000,0.000000000,0.229381473,0.000000000,0.000000000,626.000,254.000,254.000
1786747195524,XAUT_USDT,demo,0,stale_binance,0,0.000000000,1.000000000,0.000000000,0.000000000,0.229381473,0.000000000,0.000000000,751.000,121.000,121.000
1786747195634,XAUT_USDT,demo,0,stale_binance,0,0.000000000,1.000000000,0.000000000,0.000000000,0.229381473,0.000000000,0.000000000,861.000,59.000,59.000
1786747195774,XAUT_USDT,demo,0,stale_binance,0,0.000000000,1.000000000,0.000000000,0.000000000,0.229381473,0.000000000,0.000000000,1001.000,113.000,113.000
1786747195898,XAUT_USDT,demo,0,stale_binance,0,0.000000000,1.000000000,0.000000000,0.000000000,0.229381473,0.000000000,0.000000000,1125.000,237.000,237.000
1786747196006,XAUT_USDT,demo,0,stale_binance,0,0.000000000,1.000000000,0.000000000,0.000000000,0.229381473,0.000000000,0.000000000,1233.000,0.000,0.000
1786747196149,XAUT_USDT,demo,0,stale_binance,0,0.000000000,1.000000000,0.000000000,0.000000000,0.229381473,0.000000000,0.000000000,1376.000,57.000,57.000
1786747196264,XAUT_USDT,demo,0,microspread_below_threshold,0,0.000000000,1.000000000,0.814271076,0.814271076,0.229381473,0.000000000,0.000000000,96.000,0.000,0.000
1786747196411,XAUT_USDT,demo,0,microspread_below_threshold,0,0.000000000,1.000000000,0.814271076,0.814271076,0.229381473,0.000000000,0.000000000,63.000,62.000,62.000
1786747196523,XAUT_USDT,demo,0,microspread_below_threshold,0,0.000000000,1.000000000,0.814271076,0.814271076,0.229381473,0.000000000,0.000000000,175.000,1.000,1.000
1786747197327,XAUT_USDT,demo,0,microspread_below_threshold,0,0.000000000,1.000000000,0.814271076,0.814271076,0.229381473,0.000000000,0.000000000,217.000,197.000,197.000
1786747197486,XAUT_USDT,demo,0,microspread_below_threshold,0,0.000000000,1.000000000,0.814271076,0.814271076,0.229381473,0.000000000,0.000000000,61.000,104.000,104.000
1786747197611,XAUT_USDT,demo,0,microspread_below_threshold,0,0.000000000,1.000000000,0.814271076,0.814271076,0.229381473,0.000000000,0.000000000,186.000,59.000,59.000
1786747197749,XAUT_USDT,demo,0,stale_binance,0,0.000000000,1.000000000,0.000000000,0.000000000,0.229381473,0.000000000,0.000000000,324.000,113.000,113.000
1786747197875,XAUT_USDT,demo,0,stale_binance,0,0.000000000,1.000000000,0.000000000,0.000000000,0.229381473,0.000000000,0.000000000,450.000,239.000,239.000
1786747197991,XAUT_USDT,demo,0,stale_binance,0,0.000000000,1.000000000,0.000000000,0.000000000,0.229381473,0.000000000,0.000000000,566.000,0.000,0.000
1786747198110,XAUT_USDT,demo,0,stale_binance,0,0.000000000,1.000000000,0.000000000,0.000000000,0.229381473,0.000000000,0.000000000,685.000,119.000,119.000
1786747198219,XAUT_USDT,demo,0,stale_binance,0,0.000000000,1.000000000,0.000000000,0.000000000,0.229381473,0.000000000,0.000000000,794.000,54.000,54.000
1786747198325,XAUT_USDT,demo,0,stale_binance,0,0.000000000,1.000000000,0.000000000,0.000000000,0.229381473,0.000000000,0.000000000,900.000,0.000,0.000
1786747198452,XAUT_USDT,demo,0,stale_binance,0,0.000000000,1.000000000,0.000000000,0.000000000,0.229381473,0.000000000,0.000000000,1027.000,127.000,127.000
1786747198560,XAUT_USDT,demo,0,stale_binance,0,0.000000000,1.000000000,0.000000000,0.000000000,0.229381473,0.000000000,0.000000000,1135.000,52.000,52.000
1786747198701,XAUT_USDT,demo,0,stale_binance,0,0.000000000,1.000000000,0.000000000,0.000000000,0.229381473,0.000000000,0.000000000,1276.000,117.000,117.000
1786747198810,XAUT_USDT,demo,0,stale_binance,0,0.000000000,1.000000000,0.000000000,0.000000000,0.229381473,0.000000000,0.000000000,1385.000,57.000,57.000
1786747198928,XAUT_USDT,demo,0,stale_binance,0,0.000000000,1.000000000,0.000000000,0.000000000,0.229381473,0.000000000,0.000000000,1503.000,0.000,0.000
1786747199028,XAUT_USDT,demo,0,stale_binance,0,0.000000000,1.000000000,0.000000000,0.000000000,0.229381473,0.000000000,0.000000000,1603.000,0.000,0.000
1786747199128,XAUT_USDT,demo,0,stale_binance,0,0.000000000,1.000000000,0.000000000,0.000000000,0.229381473,0.000000000,0.000000000,1703.000,0.000,0.000
1786747199247,XAUT_USDT,demo,0,stale_binance,0,0.000000000,1.000000000,0.000000000,0.000000000,0.229381473,0.000000000,0.000000000,1822.000,119.000,119.000
1786747199363,XAUT_USDT,demo,0,stale_binance,0,0.000000000,1.000000000,0.000000000,0.000000000,0.229381473,0.000000000,0.000000000,1938.000,0.000,0.000
1786747199483,XAUT_USDT,demo,0,stale_binance,0,0.000000000,1.000000000,0.000000000,0.000000000,0.229381473,0.000000000,0.000000000,2058.000,120.000,120.000
1786747199592,XAUT_USDT,demo,0,stale_binance,0,0.000000000,1.000000000,0.000000000,0.000000000,0.229381473,0.000000000,0.000000000,2167.000,55.000,55.000
1786747199748,XAUT_USDT,demo,0,stale_binance,0,0.000000000,1.000000000,0.000000000,0.000000000,0.229381473,0.000000000,0.000000000,2323.000,118.000,118.000
1786747199874,XAUT_USDT,demo,0,stale_binance,0,0.000000000,1.000000000,0.000000000,0.000000000,0.229381473,0.000000000,0.000000000,2449.000,244.000,244.000
1786747199999,XAUT_USDT,demo,0,stale_binance,0,0.000000000,1.000000000,0.000000000,0.000000000,0.229381473,0.000000000,0.000000000,2574.000,114.000,114.000
1786747200109,XAUT_USDT,demo,0,stale_binance,0,0.000000000,1.000000000,0.000000000,0.000000000,0.229381473,0.000000000,0.000000000,2684.000,53.000,53.000
1786747200213,XAUT_USDT,demo,0,microspread_below_threshold,0,0.000000000,1.000000000,0.814271076,0.814271076,0.229381473,0.000000000,0.000000000,0.000,66.000,66.000
1786747200368,XAUT_USDT,demo,0,microspread_below_threshold,0,0.000000000,1.000000000,0.814271076,0.814271076,0.229381473,0.000000000,0.000000000,0.000,221.000,221.000
1786747200482,XAUT_USDT,demo,0,microspread_below_threshold,0,0.000000000,1.000000000,0.814271076,0.814271076,0.229381473,0.000000000,0.000000000,89.000,0.000,0.000
1786747200606,XAUT_USDT,demo,0,microspread_below_threshold,0,0.000000000,1.000000000,0.814271076,0.814271076,0.229381473,0.000000000,0.000000000,213.000,124.000,124.000
1786747200715,XAUT_USDT,demo,0,stale_binance,0,0.000000000,1.000000000,0.000000000,0.000000000,0.229381473,0.000000000,0.000000000,322.000,64.000,64.000
1786747200823,XAUT_USDT,demo,0,microspread_below_threshold,0,0.000000000,1.000000000,0.814271076,0.814271076,0.229381473,0.000000000,0.000000000,59.000,0.000,0.000
1786747200966,XAUT_USDT,demo,0,microspread_below_threshold,0,0.000000000,1.000000000,0.814271076,0.814271076,0.229381473,0.000000000,0.000000000,132.000,54.000,54.000
1786747201120,XAUT_USDT,demo,0,microspread_below_threshold,0,0.000000000,1.000000000,0.814271076,0.814271076,0.229381473,0.000000000,0.000000000,286.000,119.000,119.000
1786747201247,XAUT_USDT,demo,0,stale_binance,0,0.000000000,1.000000000,0.000000000,0.000000000,0.229381473,0.000000000,0.000000000,413.000,246.000,246.000
1786747201402,XAUT_USDT,demo,0,stale_binance,0,0.000000000,1.000000000,0.000000000,0.000000000,0.229381473,0.000000000,0.000000000,568.000,61.000,61.000
1786747201520,XAUT_USDT,demo,0,stale_binance,0,0.000000000,1.000000000,0.000000000,0.000000000,0.229381473,0.000000000,0.000000000,686.000,1.000,1.000
1786747201657,XAUT_USDT,demo,0,stale_binance,0,0.000000000,1.000000000,0.000000000,0.000000000,0.229381473,0.000000000,0.000000000,823.000,59.000,59.000
1786747201766,XAUT_USDT,demo,0,microspread_below_threshold,0,0.000000000,1.000000000,0.814271076,0.814271076,0.229381473,0.000000000,0.000000000,15.000,0.000,0.000
1786747201907,XAUT_USDT,demo,0,microspread_below_threshold,0,0.000000000,1.000000000,0.814271076,0.814271076,0.229381473,0.000000000,0.000000000,109.000,53.000,53.000
1786747202065,XAUT_USDT,demo,0,microspread_below_threshold,0,0.000000000,1.000000000,0.814271076,0.814271076,0.229381473,0.000000000,0.000000000,267.000,122.000,122.000
1786747202175,XAUT_USDT,demo,0,stale_binance,0,0.000000000,1.000000000,0.000000000,0.000000000,0.229381473,0.000000000,0.000000000,377.000,62.000,62.000
1786747202300,XAUT_USDT,demo,0,stale_binance,0,0.000000000,1.000000000,0.000000000,0.000000000,0.229381473,0.000000000,0.000000000,502.000,187.000,187.000
1786747203090,XAUT_USDT,demo,0,stale_binance,0,0.000000000,1.000000000,0.000000000,0.000000000,0.229381473,0.000000000,0.000000000,417.000,32.000,32.000
1786747203207,XAUT_USDT,demo,0,stale_binance,0,0.000000000,1.000000000,0.000000000,0.000000000,0.229381473,0.000000000,0.000000000,534.000,63.000,63.000
1786747203332,XAUT_USDT,demo,0,stale_binance,0,0.000000000,1.000000000,0.000000000,0.000000000,0.229381473,0.000000000,0.000000000,659.000,188.000,188.000
1786747203458,XAUT_USDT,demo,0,stale_binance,0,0.000000000,1.000000000,0.000000000,0.000000000,0.229381473,0.000000000,0.000000000,785.000,57.000,57.000
1786747203613,XAUT_USDT,demo,0,stale_binance,0,0.000000000,1.000000000,0.000000000,0.000000000,0.229381473,0.000000000,0.000000000,940.000,124.000,124.000
1786747203721,XAUT_USDT,demo,0,stale_binance,0,0.000000000,1.000000000,0.000000000,0.000000000,0.229381473,0.000000000,0.000000000,1048.000,63.000,63.000
1786747203847,XAUT_USDT,demo,0,stale_binance,0,0.000000000,1.000000000,0.000000000,0.000000000,0.229381473,0.000000000,0.000000000,1174.000,189.000,189.000
1786747203971,XAUT_USDT,demo,0,stale_binance,0,0.000000000,1.000000000,0.000000000,0.000000000,0.229381473,0.000000000,0.000000000,1298.000,54.000,54.000
1786747204128,XAUT_USDT,demo,0,stale_binance,0,0.000000000,1.000000000,0.000000000,0.000000000,0.229381473,0.000000000,0.000000000,1455.000,120.000,120.000
1786747204238,XAUT_USDT,demo,0,microspread_below_threshold,0,0.000000000,1.000000000,0.814271076,0.814271076,0.229381473,0.000000000,0.000000000,53.000,230.000,230.000
1786747204350,XAUT_USDT,demo,0,microspread_below_threshold,0,0.000000000,1.000000000,0.814271076,0.814271076,0.229381473,0.000000000,0.000000000,165.000,0.000,0.000
1786747204467,XAUT_USDT,demo,0,microspread_below_threshold,0,0.000000000,1.000000000,0.814271076,0.814271076,0.229381473,0.000000000,0.000000000,0.000,30.000,30.000
1786747204584,XAUT_USDT,demo,0,microspread_below_threshold,0,0.000000000,1.000000000,0.814271076,0.814271076,0.229381473,0.000000000,0.000000000,76.000,56.000,56.000
1786747204714,XAUT_USDT,demo,0,microspread_below_threshold,0,0.000000000,1.000000000,0.814271076,0.814271076,0.229381473,0.000000000,0.000000000,0.000,109.000,109.000
1786747204836,XAUT_USDT,demo,0,microspread_below_threshold,0,0.000000000,1.000000000,0.814271076,0.814271076,0.229381473,0.000000000,0.000000000,122.000,231.000,231.000
1786747204955,XAUT_USDT,demo,0,microspread_below_threshold,0,0.000000000,1.000000000,0.814271076,0.814271076,0.229381473,0.000000000,0.000000000,241.000,0.000,0.000
1786747205056,XAUT_USDT,demo,0,microspread_below_threshold,0,0.000000000,1.000000000,0.814271076,0.814271076,0.229381473,0.000000000,0.000000000,0.000,16.000,16.000
1786747205179,XAUT_USDT,demo,0,microspread_below_threshold,0,0.000000000,1.000000000,0.814271076,0.814271076,0.229381473,0.000000000,0.000000000,114.000,54.000,54.000
1786747205305,XAUT_USDT,demo,0,microspread_below_threshold,0,0.000000000,1.000000000,0.814271076,0.814271076,0.229381473,0.000000000,0.000000000,240.000,180.000,180.000
1786747205444,XAUT_USDT,demo,0,stale_binance,0,0.000000000,1.000000000,0.000000000,0.000000000,0.229381473,0.000000000,0.000000000,379.000,62.000,62.000
1786747205554,XAUT_USDT,demo,0,microspread_below_threshold,0,0.000000000,1.000000000,0.814271076,0.814271076,0.229381473,0.000000000,0.000000000,16.000,0.000,0.000
1786747205693,XAUT_USDT,demo,0,microspread_below_threshold,0,0.000000000,1.000000000,0.814271076,0.814271076,0.229381473,0.000000000,0.000000000,155.000,52.000,52.000
1786747205817,XAUT_USDT,demo,0,microspread_below_threshold,0,0.000000000,1.000000000,0.814271076,0.814271076,0.229381473,0.000000000,0.000000000,279.000,176.000,176.000
1786747205958,XAUT_USDT,demo,0,stale_binance,0,0.000000000,1.000000000,0.000000000,0.000000000,0.229381473,0.000000000,0.000000000,420.000,55.000,55.000
1786747206115,XAUT_USDT,demo,0,stale_binance,0,0.000000000,1.000000000,0.000000000,0.000000000,0.229381473,0.000000000,0.000000000,577.000,126.000,126.000
1786747206223,XAUT_USDT,demo,0,stale_binance,0,0.000000000,1.000000000,0.000000000,0.000000000,0.229381473,0.000000000,0.000000000,685.000,64.000,64.000
1786747206348,XAUT_USDT,demo,0,stale_binance,0,0.000000000,1.000000000,0.000000000,0.000000000,0.229381473,0.000000000,0.000000000,810.000,189.000,189.000
1786747206488,XAUT_USDT,demo,0,stale_binance,0,0.000000000,1.000000000,0.000000000,0.000000000,0.229381473,0.000000000,0.000000000,950.000,65.000,65.000
1786747206627,XAUT_USDT,demo,0,stale_binance,0,0.000000000,1.000000000,0.000000000,0.000000000,0.229381473,0.000000000,0.000000000,1089.000,121.000,121.000
1786747206736,XAUT_USDT,demo,0,microspread_below_threshold,0,0.000000000,1.000000000,0.814271076,0.814271076,0.229381473,0.000000000,0.000000000,1.000,64.000,64.000
1786747206843,XAUT_USDT,demo,0,microspread_below_threshold,0,0.000000000,1.000000000,0.814271076,0.814271076,0.229381473,0.000000000,0.000000000,104.000,0.000,0.000
1786747206986,XAUT_USDT,demo,0,microspread_below_threshold,0,0.000000000,1.000000000,0.814271076,0.814271076,0.229381473,0.000000000,0.000000000,127.000,51.000,51.000
1786747207111,XAUT_USDT,demo,0,microspread_below_threshold,0,0.000000000,1.000000000,0.814271076,0.814271076,0.229381473,0.000000000,0.000000000,52.000,95.000,95.000
1786747207235,XAUT_USDT,demo,0,microspread_below_threshold,0,0.000000000,1.000000000,0.814271076,0.814271076,0.229381473,0.000000000,0.000000000,176.000,219.000,219.000
1786747207358,XAUT_USDT,demo,0,microspread_below_threshold,0,0.000000000,1.000000000,0.814271076,0.814271076,0.229381473,0.000000000,0.000000000,299.000,0.000,0.000
1786747207502,XAUT_USDT,demo,0,microspread_below_threshold,0,0.000000000,1.000000000,0.814271076,0.814271076,0.229381473,0.000000000,0.000000000,65.000,144.000,144.000
1786747207616,XAUT_USDT,demo,0,microspread_below_threshold,0,0.000000000,1.000000000,0.814271076,0.814271076,0.229381473,0.000000000,0.000000000,47.000,0.000,0.000
1786747207723,XAUT_USDT,demo,0,microspread_below_threshold,0,0.000000000,1.000000000,0.814271076,0.814271076,0.229381473,0.000000000,0.000000000,55.000,107.000,107.000
1786747207835,XAUT_USDT,demo,0,microspread_below_threshold,0,0.000000000,1.000000000,0.814271076,0.814271076,0.229381473,0.000000000,0.000000000,167.000,219.000,219.000
1786747207936,XAUT_USDT,demo,0,microspread_below_threshold,0,0.000000000,1.000000000,0.814271076,0.814271076,0.229381473,0.000000000,0.000000000,268.000,60.000,60.000
1786747208047,XAUT_USDT,demo,0,stale_binance,0,0.000000000,1.000000000,0.000000000,0.000000000,0.229381473,0.000000000,0.000000000,379.000,0.000,0.000
1786747208783,XAUT_USDT,demo,0,stale_binance,0,0.000000000,1.000000000,0.000000000,0.000000000,0.229381473,0.000000000,0.000000000,1115.000,137.000,137.000
1786747208900,XAUT_USDT,demo,0,stale_binance,0,0.000000000,1.000000000,0.000000000,0.000000000,0.229381473,0.000000000,0.000000000,1232.000,254.000,254.000
1786747209056,XAUT_USDT,demo,0,stale_binance,0,0.000000000,1.000000000,0.000000000,0.000000000,0.229381473,0.000000000,0.000000000,1388.000,63.000,63.000
1786747209163,XAUT_USDT,demo,0,microspread_below_threshold,0,0.000000000,1.000000000,0.814271076,0.814271076,0.229381473,0.000000000,0.000000000,0.000,83.000,83.000
1786747209289,XAUT_USDT,demo,0,microspread_below_threshold,0,0.000000000,1.000000000,0.814271076,0.814271076,0.229381473,0.000000000,0.000000000,124.000,122.000,122.000
1786747209415,XAUT_USDT,demo,0,microspread_below_threshold,0,0.000000000,1.000000000,0.814271076,0.814271076,0.229381473,0.000000000,0.000000000,250.000,248.000,248.000
1786747209571,XAUT_USDT,demo,0,stale_binance,0,0.000000000,1.000000000,0.000000000,0.000000000,0.229381473,0.000000000,0.000000000,406.000,62.000,62.000
1786747209681,XAUT_USDT,demo,0,microspread_below_threshold,0,0.000000000,1.000000000,0.814271076,0.814271076,0.229381473,0.000000000,0.000000000,60.000,83.000,83.000
1786747209802,XAUT_USDT,demo,0,microspread_below_threshold,0,0.000000000,1.000000000,0.814271076,0.814271076,0.229381473,0.000000000,0.000000000,181.000,204.000,204.000
1786747209914,XAUT_USDT,demo,0,microspread_below_threshold,0,0.000000000,1.000000000,0.814271076,0.814271076,0.229381473,0.000000000,0.000000000,293.000,316.000,316.000
1786747210054,XAUT_USDT,demo,0,stale_binance,0,0.000000000,1.000000000,0.000000000,0.000000000,0.229381473,0.000000000,0.000000000,433.000,117.000,117.000
1786747210163,XAUT_USDT,demo,0,stale_binance,0,0.000000000,1.000000000,0.000000000,0.000000000,0.229381473,0.000000000,0.000000000,542.000,53.000,53.000
1786747210288,XAUT_USDT,demo,0,stale_binance,0,0.000000000,1.000000000,0.000000000,0.000000000,0.229381473,0.000000000,0.000000000,667.000,178.000,178.000
1786747210429,XAUT_USDT,demo,0,microspread_below_threshold,0,0.000000000,1.000000000,0.814271076,0.814271076,0.229381473,0.000000000,0.000000000,69.000,61.000,61.000
1786747210539,XAUT_USDT,demo,0,microspread_below_threshold,0,0.000000000,1.000000000,0.814271076,0.814271076,0.229381473,0.000000000,0.000000000,33.000,0.000,0.000
1786747210679,XAUT_USDT,demo,0,microspread_below_threshold,0,0.000000000,1.000000000,0.814271076,0.814271076,0.229381473,0.000000000,0.000000000,117.000,140.000,140.000
1786747210803,XAUT_USDT,demo,0,microspread_below_threshold,0,0.000000000,1.000000000,0.814271076,0.814271076,0.229381473,0.000000000,0.000000000,241.000,264.000,264.000
1786747210943,XAUT_USDT,demo,0,microspread_below_threshold,0,0.000000000,1.000000000,0.814271076,0.814271076,0.229381473,0.000000000,0.000000000,87.000,58.000,58.000
1786747211062,XAUT_USDT,demo,0,microspread_below_threshold,0,0.000000000,1.000000000,0.814271076,0.814271076,0.229381473,0.000000000,0.000000000,206.000,0.000,0.000
1786747211209,XAUT_USDT,demo,0,microspread_below_threshold,0,0.000000000,1.000000000,0.814271076,0.814271076,0.229381473,0.000000000,0.000000000,62.000,65.000,65.000
1786747211349,XAUT_USDT,demo,0,microspread_below_threshold,0,0.000000000,1.000000000,0.814271076,0.814271076,0.229381473,0.000000000,0.000000000,202.000,205.000,205.000
1786747211475,XAUT_USDT,demo,0,stale_binance,0,0.000000000,1.000000000,0.000000000,0.000000000,0.229381473,0.000000000,0.000000000,328.000,331.000,331.000
1786747211581,XAUT_USDT,demo,0,microspread_below_threshold,0,0.000000000,1.000000000,0.814271076,0.814271076,0.229381473,0.000000000,0.000000000,13.000,0.000,0.000
1786747211725,XAUT_USDT,demo,0,microspread_below_threshold,0,0.000000000,1.000000000,0.814271076,0.814271076,0.229381473,0.000000000,0.000000000,122.000,64.000,64.000
1786747211849,XAUT_USDT,demo,0,microspread_below_threshold,0,0.000000000,1.000000000,0.814271076,0.814271076,0.229381473,0.000000000,0.000000000,122.000,188.000,188.000
1786747211974,XAUT_USDT,demo,0,microspread_below_threshold,0,0.000000000,1.000000000,0.814271076,0.814271076,0.229381473,0.000000000,0.000000000,247.000,55.000,55.000
1786747212093,XAUT_USDT,demo,0,stale_binance,0,0.000000000,1.000000000,0.000000000,0.000000000,0.229381473,0.000000000,0.000000000,366.000,0.000,0.000
1786747212241,XAUT_USDT,demo,0,stale_binance,0,0.000000000,1.000000000,0.000000000,0.000000000,0.229381473,0.000000000,0.000000000,514.000,65.000,65.000
1786747212351,XAUT_USDT,demo,0,microspread_below_threshold,0,0.000000000,1.000000000,0.814271076,0.814271076,0.229381473,0.000000000,0.000000000,68.000,0.000,0.000
1786747212475,XAUT_USDT,demo,0,microspread_below_threshold,0,0.000000000,1.000000000,0.814271076,0.814271076,0.229381473,0.000000000,0.000000000,192.000,124.000,124.000
1786747212584,XAUT_USDT,demo,0,stale_binance,0,0.000000000,1.000000000,0.000000000,0.000000000,0.229381473,0.000000000,0.000000000,301.000,63.000,63.000
1786747212724,XAUT_USDT,demo,0,stale_binance,0,0.000000000,1.000000000,0.000000000,0.000000000,0.229381473,0.000000000,0.000000000,441.000,116.000,116.000
1786747212850,XAUT_USDT,demo,0,stale_binance,0,0.000000000,1.000000000,0.000000000,0.000000000,0.229381473,0.000000000,0.000000000,567.000,242.000,242.000
1786747212956,XAUT_USDT,demo,0,stale_binance,0,0.000000000,1.000000000,0.000000000,0.000000000,0.229381473,0.000000000,0.000000000,673.000,0.000,0.000
1786747213098,XAUT_USDT,demo,0,microspread_below_threshold,0,0.000000000,1.000000000,0.814271076,0.814271076,0.229381473,0.000000000,0.000000000,56.000,58.000,58.000
1786747213201,XAUT_USDT,demo,0,microspread_below_threshold,0,0.000000000,1.000000000,0.814271076,0.814271076,0.229381473,0.000000000,0.000000000,0.000,74.000,74.000
1786747213317,XAUT_USDT,demo,0,microspread_below_threshold,0,0.000000000,1.000000000,0.814271076,0.814271076,0.229381473,0.000000000,0.000000000,0.000,190.000,190.000
1786747213441,XAUT_USDT,demo,0,microspread_below_threshold,0,0.000000000,1.000000000,0.814271076,0.814271076,0.229381473,0.000000000,0.000000000,124.000,55.000,55.000
1786747213555,XAUT_USDT,demo,0,microspread_below_threshold,0,0.000000000,1.000000000,0.814271076,0.814271076,0.229381473,0.000000000,0.000000000,238.000,0.000,0.000
1786747213672,XAUT_USDT,demo,0,microspread_below_threshold,0,0.000000000,1.000000000,0.814271076,0.814271076,0.229381473,0.000000000,0.000000000,0.000,31.000,31.000
1786747214456,XAUT_USDT,demo,0,stale_binance,0,0.000000000,1.000000000,0.000000000,0.000000000,0.229381473,0.000000000,0.000000000,464.000,41.000,41.000
1786747214561,XAUT_USDT,demo,0,stale_binance,0,0.000000000,1.000000000,0.000000000,0.000000000,0.229381473,0.000000000,0.000000000,569.000,61.000,61.000
1786747214680,XAUT_USDT,demo,0,microspread_below_threshold,0,0.000000000,1.000000000,0.814271076,0.814271076,0.229381473,0.000000000,0.000000000,60.000,95.000,95.000
1786747214792,XAUT_USDT,demo,0,microspread_below_threshold,0,0.000000000,1.000000000,0.814271076,0.814271076,0.229381473,0.000000000,0.000000000,172.000,207.000,207.000
1786747214894,XAUT_USDT,demo,0,microspread_below_threshold,0,0.000000000,1.000000000,0.814271076,0.814271076,0.229381473,0.000000000,0.000000000,274.000,52.000,52.000
1786747215019,XAUT_USDT,demo,0,microspread_below_threshold,0,0.000000000,1.000000000,0.814271076,0.814271076,0.229381473,0.000000000,0.000000000,51.000,0.000,0.000
1786747215144,XAUT_USDT,demo,0,microspread_below_threshold,0,0.000000000,1.000000000,0.814271076,0.814271076,0.229381473,0.000000000,0.000000000,0.000,39.000,39.000
1786747215270,XAUT_USDT,demo,0,microspread_below_threshold,0,0.000000000,1.000000000,0.814271076,0.814271076,0.229381473,0.000000000,0.000000000,126.000,165.000,165.000
1786747215397,XAUT_USDT,demo,0,microspread_below_threshold,0,0.000000000,1.000000000,0.814271076,0.814271076,0.229381473,0.000000000,0.000000000,253.000,292.000,292.000
1786747215506,XAUT_USDT,demo,0,stale_binance,0,0.000000000,1.000000000,0.000000000,0.000000000,0.229381473,0.000000000,0.000000000,362.000,57.000,57.000
1786747215619,XAUT_USDT,demo,0,stale_binance,0,0.000000000,1.000000000,0.000000000,0.000000000,0.229381473,0.000000000,0.000000000,475.000,0.000,0.000
1786747215741,XAUT_USDT,demo,0,stale_binance,0,0.000000000,1.000000000,0.000000000,0.000000000,0.229381473,0.000000000,0.000000000,597.000,122.000,122.000
1786747215866,XAUT_USDT,demo,0,stale_binance,0,0.000000000,1.000000000,0.000000000,0.000000000,0.229381473,0.000000000,0.000000000,722.000,247.000,247.000
1786747215991,XAUT_USDT,demo,0,stale_binance,0,0.000000000,1.000000000,0.000000000,0.000000000,0.229381473,0.000000000,0.000000000,847.000,113.000,113.000
1786747216101,XAUT_USDT,demo,0,stale_binance,0,0.000000000,1.000000000,0.000000000,0.000000000,0.229381473,0.000000000,0.000000000,957.000,52.000,52.000
1786747216218,XAUT_USDT,demo,0,stale_binance,0,0.000000000,1.000000000,0.000000000,0.000000000,0.229381473,0.000000000,0.000000000,1074.000,0.000,0.000
1786747216333,XAUT_USDT,demo,0,stale_binance,0,0.000000000,1.000000000,0.000000000,0.000000000,0.229381473,0.000000000,0.000000000,1189.000,115.000,115.000
1786747216443,XAUT_USDT,demo,0,stale_binance,0,0.000000000,1.000000000,0.000000000,0.000000000,0.229381473,0.000000000,0.000000000,1299.000,55.000,55.000
1786747216600,XAUT_USDT,demo,0,stale_binance,0,0.000000000,1.000000000,0.000000000,0.000000000,0.229381473,0.000000000,0.000000000,1456.000,125.000,125.000
1786747216725,XAUT_USDT,demo,0,stale_binance,0,0.000000000,1.000000000,0.000000000,0.000000000,0.229381473,0.000000000,0.000000000,1581.000,250.000,250.000
1786747216850,XAUT_USDT,demo,0,stale_binance,0,0.000000000,1.000000000,0.000000000,0.000000000,0.229381473,0.000000000,0.000000000,1706.000,120.000,120.000
1786747216958,XAUT_USDT,demo,0,stale_binance,0,0.000000000,1.000000000,0.000000000,0.000000000,0.229381473,0.000000000,0.000000000,1814.000,53.000,53.000
1786747217114,XAUT_USDT,demo,0,stale_binance,0,0.000000000,1.000000000,0.000000000,0.000000000,0.229381473,0.000000000,0.000000000,1970.000,125.000,125.000
1786747217223,XAUT_USDT,demo,0,microspread_below_threshold,0,0.000000000,1.000000000,0.814271076,0.814271076,0.229381473,0.000000000,0.000000000,97.000,61.000,61.000
1786747217333,XAUT_USDT,demo,0,microspread_below_threshold,0,0.000000000,1.000000000,0.814271076,0.814271076,0.229381473,0.000000000,0.000000000,207.000,0.000,0.000
1786747217438,XAUT_USDT,demo,0,microspread_below_threshold,0,0.000000000,1.000000000,0.814271076,0.814271076,0.229381473,0.000000000,0.000000000,0.000,21.000,21.000
1786747217565,XAUT_USDT,demo,0,microspread_below_threshold,0,0.000000000,1.000000000,0.814271076,0.814271076,0.229381473,0.000000000,0.000000000,118.000,62.000,62.000
1786747217676,XAUT_USDT,demo,0,microspread_below_threshold,0,0.000000000,1.000000000,0.814271076,0.814271076,0.229381473,0.000000000,0.000000000,229.000,0.000,0.000
1786747217798,XAUT_USDT,demo,0,stale_binance,0,0.000000000,1.000000000,0.000000000,0.000000000,0.229381473,0.000000000,0.000000000,351.000,122.000,122.000
1786747217922,XAUT_USDT,demo,0,stale_binance,0,0.000000000,1.000000000,0.000000000,0.000000000,0.229381473,0.000000000,0.000000000,475.000,246.000,246.000
1786747218060,XAUT_USDT,demo,0,stale_binance,0,0.000000000,1.000000000,0.000000000,0.000000000,0.229381473,0.000000000,0.000000000,613.000,124.000,124.000
1786747218185,XAUT_USDT,demo,0,stale_binance,0,0.000000000,1.000000000,0.000000000,0.000000000,0.229381473,0.000000000,0.000000000,738.000,249.000,249.000
1786747218310,XAUT_USDT,demo,0,stale_binance,0,0.000000000,1.000000000,0.000000000,0.000000000,0.229381473,0.000000000,0.000000000,863.000,115.000,115.000
1786747218434,XAUT_USDT,demo,0,stale_binance,0,0.000000000,1.000000000,0.000000000,0.000000000,0.229381473,0.000000000,0.000000000,987.000,239.000,239.000
1786747218575,XAUT_USDT,demo,0,stale_binance,0,0.000000000,1.000000000,0.000000000,0.000000000,0.229381473,0.000000000,0.000000000,1128.000,124.000,124.000
1786747218682,XAUT_USDT,demo,0,stale_binance,0,0.000000000,1.000000000,0.000000000,0.000000000,0.229381473,0.000000000,0.000000000,1235.000,52.000,52.000
1786747218793,XAUT_USDT,demo,0,stale_binance,0,0.000000000,1.000000000,0.000000000,0.000000000,0.229381473,0.000000000,0.000000000,1346.000,63.000,63.000
1786747218933,XAUT_USDT,demo,0,stale_binance,0,0.000000000,1.000000000,0.000000000,0.000000000,0.229381473,0.000000000,0.000000000,1486.000,53.000,53.000
1786747219058,XAUT_USDT,demo,0,stale_binance,0,0.000000000,1.000000000,0.000000000,0.000000000,0.229381473,0.000000000,0.000000000,1611.000,178.000,178.000
1786747219197,XAUT_USDT,demo,0,stale_binance,0,0.000000000,1.000000000,0.000000000,0.000000000,0.229381473,0.000000000,0.000000000,1750.000,62.000,62.000
1786747219336,XAUT_USDT,demo,0,stale_binance,0,0.000000000,1.000000000,0.000000000,0.000000000,0.229381473,0.000000000,0.000000000,1889.000,114.000,114.000
1786747220217,XAUT_USDT,demo,0,stale_binance,0,0.000000000,1.000000000,0.000000000,0.000000000,0.229381473,0.000000000,0.000000000,2770.000,47.000,47.000
1786747220336,XAUT_USDT,demo,0,stale_binance,0,0.000000000,1.000000000,0.000000000,0.000000000,0.229381473,0.000000000,0.000000000,2889.000,166.000,166.000
1786747220490,XAUT_USDT,demo,0,microspread_below_threshold,0,0.000000000,1.000000000,0.814271076,0.814271076,0.229381473,0.000000000,0.000000000,114.000,64.000,64.000
1786747220646,XAUT_USDT,demo,0,microspread_below_threshold,0,0.000000000,1.000000000,0.814271076,0.814271076,0.229381473,0.000000000,0.000000000,270.000,128.000,128.000
1786747220786,XAUT_USDT,demo,0,microspread_below_threshold,0,0.000000000,1.000000000,0.814271076,0.814271076,0.229381473,0.000000000,0.000000000,132.000,55.000,55.000
1786747220898,XAUT_USDT,demo,0,microspread_below_threshold,0,0.000000000,1.000000000,0.814271076,0.814271076,0.229381473,0.000000000,0.000000000,244.000,167.000,167.000
1786747221008,XAUT_USDT,demo,0,stale_binance,0,0.000000000,1.000000000,0.000000000,0.000000000,0.229381473,0.000000000,0.000000000,354.000,61.000,61.000
1786747221117,XAUT_USDT,demo,0,stale_binance,0,0.000000000,1.000000000,0.000000000,0.000000000,0.229381473,0.000000000,0.000000000,463.000,0.000,0.000
1786747221260,XAUT_USDT,demo,0,stale_binance,0,0.000000000,1.000000000,0.000000000,0.000000000,0.229381473,0.000000000,0.000000000,606.000,52.000,52.000
1786747221378,XAUT_USDT,demo,0,microspread_below_threshold,0,0.000000000,1.000000000,0.814271076,0.814271076,0.229381473,0.000000000,0.000000000,24.000,0.000,0.000
1786747221485,XAUT_USDT,demo,0,microspread_below_threshold,0,0.000000000,1.000000000,0.814271076,0.814271076,0.229381473,0.000000000,0.000000000,131.000,107.000,107.000
1786747221586,XAUT_USDT,demo,0,microspread_below_threshold,0,0.000000000,1.000000000,0.814271076,0.814271076,0.229381473,0.000000000,0.000000000,0.000,208.000,208.000
1786747221702,XAUT_USDT,demo,0,microspread_below_threshold,0,0.000000000,1.000000000,0.814271076,0.814271076,0.229381473,0.000000000,0.000000000,116.000,65.000,65.000
1786747221843,XAUT_USDT,demo,0,microspread_below_threshold,0,0.000000000,1.000000000,0.814271076,0.814271076,0.229381473,0.000000000,0.000000000,257.000,123.000,123.000
1786747221954,XAUT_USDT,demo,0,stale_binance,0,0.000000000,1.000000000,0.000000000,0.000000000,0.229381473,0.000000000,0.000000000,368.000,58.000,58.000
1786747222108,XAUT_USDT,demo,0,stale_binance,0,0.000000000,1.000000000,0.000000000,0.000000000,0.229381473,0.000000000,0.000000000,522.000,122.000,122.000
1786747222233,XAUT_USDT,demo,0,stale_binance,0,0.000000000,1.000000000,0.000000000,0.000000000,0.229381473,0.000000000,0.000000000,647.000,247.000,247.000
1786747222357,XAUT_USDT,demo,0,stale_binance,0,0.000000000,1.000000000,0.000000000,0.000000000,0.229381473,0.000000000,0.000000000,771.000,119.000,119.000
1786747222481,XAUT_USDT,demo,0,stale_binance,0,0.000000000,1.000000000,0.000000000,0.000000000,0.229381473,0.000000000,0.000000000,895.000,243.000,243.000
1786747222590,XAUT_USDT,demo,0,stale_binance,0,0.000000000,1.000000000,0.000000000,0.000000000,0.229381473,0.000000000,0.000000000,1004.000,62.000,62.000
1786747222732,XAUT_USDT,demo,0,stale_binance,0,0.000000000,1.000000000,0.000000000,0.000000000,0.229381473,0.000000000,0.000000000,1146.000,64.000,64.000
1786747222843,XAUT_USDT,demo,0,stale_binance,0,0.000000000,1.000000000,0.000000000,0.000000000,0.229381473,0.000000000,0.000000000,1257.000,0.000,0.000
1786747222983,XAUT_USDT,demo,0,stale_binance,0,0.000000000,1.000000000,0.000000000,0.000000000,0.229381473,0.000000000,0.000000000,1397.000,57.000,57.000
1786747223116,XAUT_USDT,demo,0,stale_binance,0,0.000000000,1.000000000,0.000000000,0.000000000,0.229381473,0.000000000,0.000000000,1530.000,103.000,103.000
1786747223238,XAUT_USDT,demo,0,stale_binance,0,0.000000000,1.000000000,0.000000000,0.000000000,0.229381473,0.000000000,0.000000000,1652.000,225.000,225.000
1786747223357,XAUT_USDT,demo,0,stale_binance,0,0.000000000,1.000000000,0.000000000,0.000000000,0.229381473,0.000000000,0.000000000,1771.000,0.000,0.000
1786747223474,XAUT_USDT,demo,0,stale_binance,0,0.000000000,1.000000000,0.000000000,0.000000000,0.229381473,0.000000000,0.000000000,1888.000,117.000,117.000
1786747223598,XAUT_USDT,demo,0,stale_binance,0,0.000000000,1.000000000,0.000000000,0.000000000,0.229381473,0.000000000,0.000000000,2012.000,241.000,241.000
1786747223699,XAUT_USDT,demo,0,stale_binance,0,0.000000000,1.000000000,0.000000000,0.000000000,0.229381473,0.000000000,0.000000000,2113.000,0.000,0.000
1786747223816,XAUT_USDT,demo,0,stale_binance,0,0.000000000,1.000000000,0.000000000,0.000000000,0.229381473,0.000000000,0.000000000,2230.000,117.000,117.000
1786747223924,XAUT_USDT,demo,0,stale_binance,0,0.000000000,1.000000000,0.000000000,0.000000000,0.229381473,0.000000000,0.000000000,2338.000,55.000,55.000
1786747224081,XAUT_USDT,demo,0,stale_binance,0,0.000000000,1.000000000,0.000000000,0.000000000,0.229381473,0.000000000,0.000000000,2495.000,123.000,123.000
1786747224190,XAUT_USDT,demo,0,stale_binance,0,0.000000000,1.000000000,0.000000000,0.000000000,0.229381473,0.000000000,0.000000000,2604.000,61.000,61.000
1786747224316,XAUT_USDT,demo,0,stale_binance,0,0.000000000,1.000000000,0.000000000,0.000000000,0.229381473,0.000000000,0.000000000,2730.000,187.000,187.000
1786747224438,XAUT_USDT,demo,0,microspread_below_threshold,0,0.000000000,1.000000000,0.814271076,0.814271076,0.229381473,0.000000000,0.000000000,74.000,55.000,55.000
1786747224593,XAUT_USDT,demo,0,microspread_below_threshold,0,0.000000000,1.000000000,0.814271076,0.814271076,0.229381473,0.000000000,0.000000000,229.000,124.000,124.000
1786747224702,XAUT_USDT,demo,0,stale_binance,0,0.000000000,1.000000000,0.000000000,0.000000000,0.229381473,0.000000000,0.000000000,338.000,61.000,61.000
1786747224842,XAUT_USDT,demo,0,stale_binance,0,0.000000000,1.000000000,0.000000000,0.000000000,0.229381473,0.000000000,0.000000000,478.000,115.000,115.000
1786747224953,XAUT_USDT,demo,0,stale_binance,0,0.000000000,1.000000000,0.000000000,0.000000000,0.229381473,0.000000000,0.000000000,589.000,52.000,52.000
1786747225072,XAUT_USDT,demo,0,stale_binance,0,0.000000000,1.000000000,0.000000000,0.000000000,0.229381473,0.000000000,0.000000000,708.000,0.000,0.000
1786747225936,XAUT_USDT,demo,0,stale_binance,0,0.000000000,1.000000000,0.000000000,0.000000000,0.229381473,0.000000000,0.000000000,640.000,8.000,8.000
1786747226082,XAUT_USDT,demo,0,stale_binance,0,0.000000000,1.000000000,0.000000000,0.000000000,0.229381473,0.000000000,0.000000000,786.000,65.000,65.000
1786747226184,XAUT_USDT,demo,0,stale_binance,0,0.000000000,1.000000000,0.000000000,0.000000000,0.229381473,0.000000000,0.000000000,888.000,0.000,0.000
1786747226318,XAUT_USDT,demo,0,stale_binance,0,0.000000000,1.000000000,0.000000000,0.000000000,0.229381473,0.000000000,0.000000000,1022.000,134.000,134.000
1786747226442,XAUT_USDT,demo,0,stale_binance,0,0.000000000,1.000000000,0.000000000,0.000000000,0.229381473,0.000000000,0.000000000,1146.000,258.000,258.000
1786747226585,XAUT_USDT,demo,0,stale_binance,0,0.000000000,1.000000000,0.000000000,0.000000000,0.229381473,0.000000000,0.000000000,1289.000,54.000,54.000
1786747226742,XAUT_USDT,demo,0,stale_binance,0,0.000000000,1.000000000,0.000000000,0.000000000,0.229381473,0.000000000,0.000000000,1446.000,128.000,128.000
1786747226868,XAUT_USDT,demo,0,stale_binance,0,0.000000000,1.000000000,0.000000000,0.000000000,0.229381473,0.000000000,0.000000000,1572.000,254.000,254.000
1786747227008,XAUT_USDT,demo,0,stale_binance,0,0.000000000,1.000000000,0.000000000,0.000000000,0.229381473,0.000000000,0.000000000,1712.000,51.000,51.000
1786747227130,XAUT_USDT,demo,0,stale_binance,0,0.000000000,1.000000000,0.000000000,0.000000000,0.229381473,0.000000000,0.000000000,1834.000,1.000,1.000
1786747227271,XAUT_USDT,demo,0,microspread_below_threshold,0,0.000000000,1.000000000,0.814271076,0.814271076,0.229381473,0.000000000,0.000000000,75.000,52.000,52.000
1786747227396,XAUT_USDT,demo,0,microspread_below_threshold,0,0.000000000,1.000000000,0.814271076,0.814271076,0.229381473,0.000000000,0.000000000,119.000,177.000,177.000
1786747227519,XAUT_USDT,demo,0,microspread_below_threshold,0,0.000000000,1.000000000,0.814271076,0.814271076,0.229381473,0.000000000,0.000000000,62.000,300.000,300.000
1786747227642,XAUT_USDT,demo,0,microspread_below_threshold,0,0.000000000,1.000000000,0.814271076,0.814271076,0.229381473,0.000000000,0.000000000,185.000,0.000,0.000
1786747227783,XAUT_USDT,demo,0,stale_binance,0,0.000000000,1.000000000,0.000000000,0.000000000,0.229381473,0.000000000,0.000000000,326.000,53.000,53.000
1786747227897,XAUT_USDT,demo,0,stale_binance,0,0.000000000,1.000000000,0.000000000,0.000000000,0.229381473,0.000000000,0.000000000,440.000,167.000,167.000
1786747228039,XAUT_USDT,demo,0,stale_binance,0,0.000000000,1.000000000,0.000000000,0.000000000,0.229381473,0.000000000,0.000000000,582.000,52.000,52.000
1786747228159,XAUT_USDT,demo,0,stale_binance,0,0.000000000,1.000000000,0.000000000,0.000000000,0.229381473,0.000000000,0.000000000,702.000,0.000,0.000
1786747228272,XAUT_USDT,demo,0,microspread_below_threshold,0,0.000000000,1.000000000,0.814271076,0.814271076,0.229381473,0.000000000,0.000000000,1.000,28.000,28.000
1786747228379,XAUT_USDT,demo,0,microspread_below_threshold,0,0.000000000,1.000000000,0.814271076,0.814271076,0.229381473,0.000000000,0.000000000,52.000,135.000,135.000
1786747228502,XAUT_USDT,demo,0,microspread_below_threshold,0,0.000000000,1.000000000,0.814271076,0.814271076,0.229381473,0.000000000,0.000000000,56.000,258.000,258.000
1786747228641,XAUT_USDT,demo,0,microspread_below_threshold,0,0.000000000,1.000000000,0.814271076,0.814271076,0.229381473,0.000000000,0.000000000,195.000,53.000,53.000
1786747228765,XAUT_USDT,demo,0,stale_binance,0,0.000000000,1.000000000,0.000000000,0.000000000,0.229381473,0.000000000,0.000000000,319.000,0.000,0.000
1786747228892,XAUT_USDT,demo,0,stale_binance,0,0.000000000,1.000000000,0.000000000,0.000000000,0.229381473,0.000000000,0.000000000,446.000,127.000,127.000
1786747229020,XAUT_USDT,demo,0,stale_binance,0,0.000000000,1.000000000,0.000000000,0.000000000,0.229381473,0.000000000,0.000000000,574.000,0.000,0.000
1786747229156,XAUT_USDT,demo,0,stale_binance,0,0.000000000,1.000000000,0.000000000,0.000000000,0.229381473,0.000000000,0.000000000,710.000,51.000,51.000
1786747229313,XAUT_USDT,demo,0,stale_binance,0,0.000000000,1.000000000,0.000000000,0.000000000,0.229381473,0.000000000,0.000000000,867.000,124.000,124.000
1786747229437,XAUT_USDT,demo,0,microspread_below_threshold,0,0.000000000,1.000000000,0.814271076,0.814271076,0.229381473,0.000000000,0.000000000,53.000,248.000,248.000
1786747229592,XAUT_USDT,demo,0,microspread_below_threshold,0,0.000000000,1.000000000,0.814271076,0.814271076,0.229381473,0.000000000,0.000000000,208.000,58.000,58.000
1786747229733,XAUT_USDT,demo,0,stale_binance,0,0.000000000,1.000000000,0.000000000,0.000000000,0.229381473,0.000000000,0.000000000,349.000,116.000,116.000
1786747229848,XAUT_USDT,demo,0,stale_binance,0,0.000000000,1.000000000,0.000000000,0.000000000,0.229381473,0.000000000,0.000000000,464.000,231.000,231.000
1786747229962,XAUT_USDT,demo,0,stale_binance,0,0.000000000,1.000000000,0.000000000,0.000000000,0.229381473,0.000000000,0.000000000,578.000,1.000,1.000
1786747230098,XAUT_USDT,demo,0,stale_binance,0,0.000000000,1.000000000,0.000000000,0.000000000,0.229381473,0.000000000,0.000000000,714.000,51.000,51.000
1786747230216,XAUT_USDT,demo,0,microspread_below_threshold,0,0.000000000,1.000000000,0.814271076,0.814271076,0.229381473,0.000000000,0.000000000,110.000,0.000,0.000
1786747230332,XAUT_USDT,demo,0,microspread_below_threshold,0,0.000000000,1.000000000,0.814271076,0.814271076,0.229381473,0.000000000,0.000000000,226.000,116.000,116.000
1786747230455,XAUT_USDT,demo,0,microspread_below_threshold,0,0.000000000,1.000000000,0.814271076,0.814271076,0.229381473,0.000000000,0.000000000,53.000,239.000,239.000
1786747230561,XAUT_USDT,demo,0,microspread_below_threshold,0,0.000000000,1.000000000,0.814271076,0.814271076,0.229381473,0.000000000,0.000000000,159.000,1.000,1.000
1786747230705,XAUT_USDT,demo,0,microspread_below_threshold,0,0.000000000,1.000000000,0.814271076,0.814271076,0.229381473,0.000000000,0.000000000,142.000,56.000,56.000
1786747230845,XAUT_USDT,demo,0,microspread_below_threshold,0,0.000000000,1.000000000,0.814271076,0.814271076,0.229381473,0.000000000,0.000000000,282.000,116.000,116.000
1786747231723,XAUT_USDT,demo,0,stale_binance,0,0.000000000,1.000000000,0.000000000,0.000000000,0.229381473,0.000000000,0.000000000,313.000,134.000,134.000
1786747231877,XAUT_USDT,demo,0,stale_binance,0,0.000000000,1.000000000,0.000000000,0.000000000,0.229381473,0.000000000,0.000000000,467.000,119.000,119.000
1786747231986,XAUT_USDT,demo,0,stale_binance,0,0.000000000,1.000000000,0.000000000,0.000000000,0.229381473,0.000000000,0.000000000,576.000,52.000,52.000
1786747232129,XAUT_USDT,demo,0,stale_binance,0,0.000000000,1.000000000,0.000000000,0.000000000,0.229381473,0.000000000,0.000000000,719.000,0.000,0.000
1786747232252,XAUT_USDT,demo,0,stale_binance,0,0.000000000,1.000000000,0.000000000,0.000000000,0.229381473,0.000000000,0.000000000,842.000,123.000,123.000
1786747232361,XAUT_USDT,demo,0,stale_binance,0,0.000000000,1.000000000,0.000000000,0.000000000,0.229381473,0.000000000,0.000000000,951.000,0.000,0.000
1786747232501,XAUT_USDT,demo,0,stale_binance,0,0.000000000,1.000000000,0.000000000,0.000000000,0.229381473,0.000000000,0.000000000,1091.000,51.000,51.000
1786747232622,XAUT_USDT,demo,0,stale_binance,0,0.000000000,1.000000000,0.000000000,0.000000000,0.229381473,0.000000000,0.000000000,1212.000,0.000,0.000
1786747232765,XAUT_USDT,demo,0,microspread_below_threshold,0,0.000000000,1.000000000,0.814271076,0.814271076,0.229381473,0.000000000,0.000000000,101.000,58.000,58.000
1786747232891,XAUT_USDT,demo,0,microspread_below_threshold,0,0.000000000,1.000000000,0.814271076,0.814271076,0.229381473,0.000000000,0.000000000,63.000,184.000,184.000
1786747233016,XAUT_USDT,demo,0,microspread_below_threshold,0,0.000000000,1.000000000,0.814271076,0.814271076,0.229381473,0.000000000,0.000000000,60.000,309.000,309.000
1786747233140,XAUT_USDT,demo,0,microspread_below_threshold,0,0.000000000,1.000000000,0.814271076,0.814271076,0.229381473,0.000000000,0.000000000,184.000,0.000,0.000
1786747233283,XAUT_USDT,demo,0,stale_binance,0,0.000000000,1.000000000,0.000000000,0.000000000,0.229381473,0.000000000,0.000000000,327.000,58.000,58.000
1786747233399,XAUT_USDT,demo,0,stale_binance,0,0.000000000,1.000000000,0.000000000,0.000000000,0.229381473,0.000000000,0.000000000,443.000,0.000,0.000
1786747233548,XAUT_USDT,demo,0,stale_binance,0,0.000000000,1.000000000,0.000000000,0.000000000,0.229381473,0.000000000,0.000000000,592.000,63.000,63.000
1786747233688,XAUT_USDT,demo,0,stale_binance,0,0.000000000,1.000000000,0.000000000,0.000000000,0.229381473,0.000000000,0.000000000,732.000,119.000,119.000
1786747233813,XAUT_USDT,demo,0,stale_binance,0,0.000000000,1.000000000,0.000000000,0.000000000,0.229381473,0.000000000,0.000000000,857.000,244.000,244.000
1786747233914,XAUT_USDT,demo,0,stale_binance,0,0.000000000,1.000000000,0.000000000,0.000000000,0.229381473,0.000000000,0.000000000,958.000,0.000,0.000
1786747234062,XAUT_USDT,demo,0,microspread_below_threshold,0,0.000000000,1.000000000,0.814271076,0.814271076,0.229381473,0.000000000,0.000000000,117.000,148.000,148.000
1786747234219,XAUT_USDT,demo,0,microspread_below_threshold,0,0.000000000,1.000000000,0.814271076,0.814271076,0.229381473,0.000000000,0.000000000,274.000,122.000,122.000
1786747234374,XAUT_USDT,demo,0,stale_binance,0,0.000000000,1.000000000,0.000000000,0.000000000,0.229381473,0.000000000,0.000000000,429.000,120.000,120.000
1786747234498,XAUT_USDT,demo,0,stale_binance,0,0.000000000,1.000000000,0.000000000,0.000000000,0.229381473,0.000000000,0.000000000,553.000,244.000,244.000
1786747234603,XAUT_USDT,demo,0,stale_binance,0,0.000000000,1.000000000,0.000000000,0.000000000,0.229381473,0.000000000,0.000000000,658.000,0.000,0.000
1786747234748,XAUT_USDT,demo,0,stale_binance,0,0.000000000,1.000000000,0.000000000,0.000000000,0.229381473,0.000000000,0.000000000,803.000,59.000,59.000
1786747234873,XAUT_USDT,demo,0,stale_binance,0,0.000000000,1.000000000,0.000000000,0.000000000,0.229381473,0.000000000,0.000000000,928.000,184.000,184.000
1786747234997,XAUT_USDT,demo,0,stale_binance,0,0.000000000,1.000000000,0.000000000,0.000000000,0.229381473,0.000000000,0.000000000,1052.000,51.000,51.000
1786747235117,XAUT_USDT,demo,0,stale_binance,0,0.000000000,1.000000000,0.000000000,0.000000000,0.229381473,0.000000000,0.000000000,1172.000,0.000,0.000
1786747235235,XAUT_USDT,demo,0,stale_binance,0,0.000000000,1.000000000,0.000000000,0.000000000,0.229381473,0.000000000,0.000000000,1290.000,118.000,118.000
1786747235356,XAUT_USDT,demo,0,stale_binance,0,0.000000000,1.000000000,0.000000000,0.000000000,0.229381473,0.000000000,0.000000000,1411.000,239.000,239.000
1786747235467,XAUT_USDT,demo,0,stale_binance,0,0.000000000,1.000000000,0.000000000,0.000000000,0.229381473,0.000000000,0.000000000,1522.000,0.000,0.000
1786747235604,XAUT_USDT,demo,0,stale_binance,0,0.000000000,1.000000000,0.000000000,0.000000000,0.229381473,0.000000000,0.000000000,1659.000,56.000,56.000
1786747235715,XAUT_USDT,demo,0,stale_binance,0,0.000000000,1.000000000,0.000000000,0.000000000,0.229381473,0.000000000,0.000000000,1770.000,0.000,0.000
1786747235840,XAUT_USDT,demo,0,stale_binance,0,0.000000000,1.000000000,0.000000000,0.000000000,0.229381473,0.000000000,0.000000000,1895.000,125.000,125.000
1786747235946,XAUT_USDT,demo,0,stale_binance,0,0.000000000,1.000000000,0.000000000,0.000000000,0.229381473,0.000000000,0.000000000,2001.000,231.000,231.000
1786747236057,XAUT_USDT,demo,0,stale_binance,0,0.000000000,1.000000000,0.000000000,0.000000000,0.229381473,0.000000000,0.000000000,2112.000,342.000,342.000
1786747236209,XAUT_USDT,demo,0,stale_binance,0,0.000000000,1.000000000,0.000000000,0.000000000,0.229381473,0.000000000,0.000000000,2264.000,60.000,60.000
1786747236341,XAUT_USDT,demo,0,stale_binance,0,0.000000000,1.000000000,0.000000000,0.000000000,0.229381473,0.000000000,0.000000000,2396.000,111.000,111.000
1786747236483,XAUT_USDT,demo,0,microspread_below_threshold,0,0.000000000,1.000000000,0.814271076,0.814271076,0.229381473,0.000000000,0.000000000,57.000,253.000,253.000
1786747236632,XAUT_USDT,demo,0,microspread_below_threshold,0,0.000000000,1.000000000,0.814271076,0.814271076,0.229381473,0.000000000,0.000000000,206.000,54.000,54.000
1786747237404,XAUT_USDT,demo,0,stale_binance,0,0.000000000,1.000000000,0.000000000,0.000000000,0.229381473,0.000000000,0.000000000,543.000,143.000,143.000
1786747237519,XAUT_USDT,demo,0,microspread_below_threshold,0,0.000000000,1.000000000,0.814271076,0.814271076,0.229381473,0.000000000,0.000000000,51.000,0.000,0.000
1786747237665,XAUT_USDT,demo,0,microspread_below_threshold,0,0.000000000,1.000000000,0.814271076,0.814271076,0.229381473,0.000000000,0.000000000,197.000,61.000,61.000
1786747237789,XAUT_USDT,demo,0,stale_binance,0,0.000000000,1.000000000,0.000000000,0.000000000,0.229381473,0.000000000,0.000000000,321.000,185.000,185.000
1786747237913,XAUT_USDT,demo,0,stale_binance,0,0.000000000,1.000000000,0.000000000,0.000000000,0.229381473,0.000000000,0.000000000,445.000,309.000,309.000
1786747238070,XAUT_USDT,demo,0,stale_binance,0,0.000000000,1.000000000,0.000000000,0.000000000,0.229381473,0.000000000,0.000000000,602.000,113.000,113.000
1786747238180,XAUT_USDT,demo,0,stale_binance,0,0.000000000,1.000000000,0.000000000,0.000000000,0.229381473,0.000000000,0.000000000,712.000,59.000,59.000
1786747238320,XAUT_USDT,demo,0,stale_binance,0,0.000000000,1.000000000,0.000000000,0.000000000,0.229381473,0.000000000,0.000000000,852.000,116.000,116.000
1786747238424,XAUT_USDT,demo,0,microspread_below_threshold,0,0.000000000,1.000000000,0.814271076,0.814271076,0.229381473,0.000000000,0.000000000,0.000,220.000,220.000
1786747238546,XAUT_USDT,demo,0,microspread_below_threshold,0,0.000000000,1.000000000,0.814271076,0.814271076,0.229381473,0.000000000,0.000000000,122.000,0.000,0.000
1786747238696,XAUT_USDT,demo,0,microspread_below_threshold,0,0.000000000,1.000000000,0.814271076,0.814271076,0.229381473,0.000000000,0.000000000,272.000,64.000,64.000
1786747238802,XAUT_USDT,demo,0,stale_binance,0,0.000000000,1.000000000,0.000000000,0.000000000,0.229381473,0.000000000,0.000000000,378.000,0.000,0.000
1786747238962,XAUT_USDT,demo,0,stale_binance,0,0.000000000,1.000000000,0.000000000,0.000000000,0.229381473,0.000000000,0.000000000,538.000,63.000,63.000
1786747239066,XAUT_USDT,demo,0,microspread_below_threshold,0,0.000000000,1.000000000,0.814271076,0.814271076,0.229381473,0.000000000,0.000000000,29.000,0.000,0.000
1786747239181,XAUT_USDT,demo,0,microspread_below_threshold,0,0.000000000,1.000000000,0.814271076,0.814271076,0.229381473,0.000000000,0.000000000,144.000,115.000,115.000
1786747239305,XAUT_USDT,demo,0,microspread_below_threshold,0,0.000000000,1.000000000,0.814271076,0.814271076,0.229381473,0.000000000,0.000000000,268.000,239.000,239.000
1786747239430,XAUT_USDT,demo,0,stale_binance,0,0.000000000,1.000000000,0.000000000,0.000000000,0.229381473,0.000000000,0.000000000,393.000,364.000,364.000
1786747239554,XAUT_USDT,demo,0,microspread_below_threshold,0,0.000000000,1.000000000,0.814271076,0.814271076,0.229381473,0.000000000,0.000000000,52.000,57.000,57.000
1786747239709,XAUT_USDT,demo,0,microspread_below_threshold,0,0.000000000,1.000000000,0.814271076,0.814271076,0.229381473,0.000000000,0.000000000,207.000,127.000,127.000
1786747239818,XAUT_USDT,demo,0,stale_binance,0,0.000000000,1.000000000,0.000000000,0.000000000,0.229381473,0.000000000,0.000000000,316.000,64.000,64.000
1786747239942,XAUT_USDT,demo,0,stale_binance,0,0.000000000,1.000000000,0.000000000,0.000000000,0.229381473,0.000000000,0.000000000,440.000,188.000,188.000
1786747240067,XAUT_USDT,demo,0,stale_binance,0,0.000000000,1.000000000,0.000000000,0.000000000,0.229381473,0.000000000,0.000000000,565.000,313.000,313.000
1786747240176,XAUT_USDT,demo,0,stale_binance,0,0.000000000,1.000000000,0.000000000,0.000000000,0.229381473,0.000000000,0.000000000,674.000,51.000,51.000
1786747240332,XAUT_USDT,demo,0,stale_binance,0,0.000000000,1.000000000,0.000000000,0.000000000,0.229381473,0.000000000,0.000000000,830.000,63.000,63.000
1786747240441,XAUT_USDT,demo,0,microspread_below_threshold,0,0.000000000,1.000000000,0.814271076,0.814271076,0.229381473,0.000000000,0.000000000,0.000,172.000,172.000
1786747240580,XAUT_USDT,demo,0,microspread_below_threshold,0,0.000000000,1.000000000,0.814271076,0.814271076,0.229381473,0.000000000,0.000000000,139.000,57.000,57.000
1786747240696,XAUT_USDT,demo,0,microspread_below_threshold,0,0.000000000,1.000000000,0.814271076,0.814271076,0.229381473,0.000000000,0.000000000,97.000,0.000,0.000
1786747240831,XAUT_USDT,demo,0,microspread_below_threshold,0,0.000000000,1.000000000,0.814271076,0.814271076,0.229381473,0.000000000,0.000000000,128.000,135.000,135.000
1786747240947,XAUT_USDT,demo,0,microspread_below_threshold,0,0.000000000,1.000000000,0.814271076,0.814271076,0.229381473,0.000000000,0.000000000,244.000,251.000,251.000
1786747241090,XAUT_USDT,demo,0,stale_binance,0,0.000000000,1.000000000,0.000000000,0.000000000,0.229381473,0.000000000,0.000000000,387.000,51.000,51.000
1786747241193,XAUT_USDT,demo,0,stale_binance,0,0.000000000,1.000000000,0.000000000,0.000000000,0.229381473,0.000000000,0.000000000,490.000,154.000,154.000
1786747241336,XAUT_USDT,demo,0,stale_binance,0,0.000000000,1.000000000,0.000000000,0.000000000,0.229381473,0.000000000,0.000000000,633.000,125.000,125.000
1786747241438,XAUT_USDT,demo,0,microspread_below_threshold,0,0.000000000,1.000000000,0.814271076,0.814271076,0.229381473,0.000000000,0.000000000,0.000,227.000,227.000
1786747241554,XAUT_USDT,demo,0,microspread_below_threshold,0,0.000000000,1.000000000,0.814271076,0.814271076,0.229381473,0.000000000,0.000000000,89.000,0.000,0.000
1786747241697,XAUT_USDT,demo,0,microspread_below_threshold,0,0.000000000,1.000000000,0.814271076,0.814271076,0.229381473,0.000000000,0.000000000,232.000,59.000,59.000
1786747241820,XAUT_USDT,demo,0,microspread_below_threshold,0,0.000000000,1.000000000,0.814271076,0.814271076,0.229381473,0.000000000,0.000000000,119.000,182.000,182.000
1786747241961,XAUT_USDT,demo,0,microspread_below_threshold,0,0.000000000,1.000000000,0.814271076,0.814271076,0.229381473,0.000000000,0.000000000,260.000,64.000,64.000
1786747242102,XAUT_USDT,demo,0,stale_binance,0,0.000000000,1.000000000,0.000000000,0.000000000,0.229381473,0.000000000,0.000000000,401.000,117.000,117.000
1786747242211,XAUT_USDT,demo,0,stale_binance,0,0.000000000,1.000000000,0.000000000,0.000000000,0.229381473,0.000000000,0.000000000,510.000,52.000,52.000
1786747242367,XAUT_USDT,demo,0,stale_binance,0,0.000000000,1.000000000,0.000000000,0.000000000,0.229381473,0.000000000,0.000000000,666.000,124.000,124.000
1786747243101,XAUT_USDT,demo,0,stale_binance,0,0.000000000,1.000000000,0.000000000,0.000000000,0.229381473,0.000000000,0.000000000,692.000,171.000,171.000
1786747243247,XAUT_USDT,demo,0,stale_binance,0,0.000000000,1.000000000,0.000000000,0.000000000,0.229381473,0.000000000,0.000000000,838.000,60.000,60.000
1786747243388,XAUT_USDT,demo,0,stale_binance,0,0.000000000,1.000000000,0.000000000,0.000000000,0.229381473,0.000000000,0.000000000,979.000,117.000,117.000
1786747243513,XAUT_USDT,demo,0,stale_binance,0,0.000000000,1.000000000,0.000000000,0.000000000,0.229381473,0.000000000,0.000000000,1104.000,242.000,242.000
1786747243615,XAUT_USDT,demo,0,stale_binance,0,0.000000000,1.000000000,0.000000000,0.000000000,0.229381473,0.000000000,0.000000000,1206.000,0.000,0.000
1786747243761,XAUT_USDT,demo,0,stale_binance,0,0.000000000,1.000000000,0.000000000,0.000000000,0.229381473,0.000000000,0.000000000,1352.000,62.000,62.000
1786747243885,XAUT_USDT,demo,0,stale_binance,0,0.000000000,1.000000000,0.000000000,0.000000000,0.229381473,0.000000000,0.000000000,1476.000,186.000,186.000
1786747244012,XAUT_USDT,demo,0,stale_binance,0,0.000000000,1.000000000,0.000000000,0.000000000,0.229381473,0.000000000,0.000000000,1603.000,53.000,53.000
1786747244131,XAUT_USDT,demo,0,stale_binance,0,0.000000000,1.000000000,0.000000000,0.000000000,0.229381473,0.000000000,0.000000000,1722.000,0.000,0.000
1786747244275,XAUT_USDT,demo,0,stale_binance,0,0.000000000,1.000000000,0.000000000,0.000000000,0.229381473,0.000000000,0.000000000,1866.000,61.000,61.000
1786747244387,XAUT_USDT,demo,0,stale_binance,0,0.000000000,1.000000000,0.000000000,0.000000000,0.229381473,0.000000000,0.000000000,1978.000,0.000,0.000
1786747244524,XAUT_USDT,demo,0,stale_binance,0,0.000000000,1.000000000,0.000000000,0.000000000,0.229381473,0.000000000,0.000000000,2115.000,51.000,51.000
1786747244643,XAUT_USDT,demo,0,stale_binance,0,0.000000000,1.000000000,0.000000000,0.000000000,0.229381473,0.000000000,0.000000000,2234.000,1.000,1.000
1786747244804,XAUT_USDT,demo,0,microspread_below_threshold,0,0.000000000,1.000000000,0.814271076,0.814271076,0.229381473,0.000000000,0.000000000,65.000,162.000,162.000
1786747244909,XAUT_USDT,demo,0,microspread_below_threshold,0,0.000000000,1.000000000,0.814271076,0.814271076,0.229381473,0.000000000,0.000000000,170.000,0.000,0.000
1786747245024,XAUT_USDT,demo,0,microspread_below_threshold,0,0.000000000,1.000000000,0.814271076,0.814271076,0.229381473,0.000000000,0.000000000,285.000,115.000,115.000
1786747245133,XAUT_USDT,demo,0,stale_binance,0,0.000000000,1.000000000,0.000000000,0.000000000,0.229381473,0.000000000,0.000000000,394.000,63.000,63.000
1786747245241,XAUT_USDT,demo,0,stale_binance,0,0.000000000,1.000000000,0.000000000,0.000000000,0.229381473,0.000000000,0.000000000,502.000,0.000,0.000
1786747245368,XAUT_USDT,demo,0,stale_binance,0,0.000000000,1.000000000,0.000000000,0.000000000,0.229381473,0.000000000,0.000000000,629.000,127.000,127.000
1786747245507,XAUT_USDT,demo,0,microspread_below_threshold,0,0.000000000,1.000000000,0.814271076,0.814271076,0.229381473,0.000000000,0.000000000,52.000,266.000,266.000
1786747245631,XAUT_USDT,demo,0,microspread_below_threshold,0,0.000000000,1.000000000,0.814271076,0.814271076,0.229381473,0.000000000,0.000000000,176.000,390.000,390.000
1786747245755,XAUT_USDT,demo,0,microspread_below_threshold,0,0.000000000,1.000000000,0.814271076,0.814271076,0.229381473,0.000000000,0.000000000,300.000,0.000,0.000
1786747245882,XAUT_USDT,demo,0,stale_binance,0,0.000000000,1.000000000,0.000000000,0.000000000,0.229381473,0.000000000,0.000000000,427.000,127.000,127.000
1786747246037,XAUT_USDT,demo,0,microspread_below_threshold,0,0.000000000,1.000000000,0.814271076,0.814271076,0.229381473,0.000000000,0.000000000,62.000,109.000,109.000
1786747246163,XAUT_USDT,demo,0,microspread_below_threshold,0,0.000000000,1.000000000,0.814271076,0.814271076,0.229381473,0.000000000,0.000000000,111.000,62.000,62.000
1786747246270,XAUT_USDT,demo,0,microspread_below_threshold,0,0.000000000,1.000000000,0.814271076,0.814271076,0.229381473,0.000000000,0.000000000,218.000,0.000,0.000
1786747246396,XAUT_USDT,demo,0,stale_binance,0,0.000000000,1.000000000,0.000000000,0.000000000,0.229381473,0.000000000,0.000000000,344.000,126.000,126.000
1786747246504,XAUT_USDT,demo,0,microspread_below_threshold,0,0.000000000,1.000000000,0.814271076,0.814271076,0.229381473,0.000000000,0.000000000,53.000,234.000,234.000
1786747246628,XAUT_USDT,demo,0,microspread_below_threshold,0,0.000000000,1.000000000,0.814271076,0.814271076,0.229381473,0.000000000,0.000000000,177.000,358.000,358.000
1786747246753,XAUT_USDT,demo,0,stale_binance,0,0.000000000,1.000000000,0.000000000,0.000000000,0.229381473,0.000000000,0.000000000,302.000,52.000,52.000
1786747246878,XAUT_USDT,demo,0,stale_binance,0,0.000000000,1.000000000,0.000000000,0.000000000,0.229381473,0.000000000,0.000000000,427.000,177.000,177.000
1786747247018,XAUT_USDT,demo,0,stale_binance,0,0.000000000,1.000000000,0.000000000,0.000000000,0.229381473,0.000000000,0.000000000,567.000,57.000,57.000
1786747247137,XAUT_USDT,demo,0,stale_binance,0,0.000000000,1.000000000,0.000000000,0.000000000,0.229381473,0.000000000,0.000000000,686.000,0.000,0.000
1786747247283,XAUT_USDT,demo,0,stale_binance,0,0.000000000,1.000000000,0.000000000,0.000000000,0.229381473,0.000000000,0.000000000,832.000,55.000,55.000
1786747247407,XAUT_USDT,demo,0,stale_binance,0,0.000000000,1.000000000,0.000000000,0.000000000,0.229381473,0.000000000,0.000000000,956.000,179.000,179.000
1786747247533,XAUT_USDT,demo,0,microspread_below_threshold,0,0.000000000,1.000000000,0.814271076,0.814271076,0.229381473,0.000000000,0.000000000,53.000,305.000,305.000
1786747247648,XAUT_USDT,demo,0,microspread_below_threshold,0,0.000000000,1.000000000,0.814271076,0.814271076,0.229381473,0.000000000,0.000000000,168.000,0.000,0.000
1786747247782,XAUT_USDT,demo,0,stale_binance,0,0.000000000,1.000000000,0.000000000,0.000000000,0.229381473,0.000000000,0.000000000,302.000,51.000,51.000
1786747247907,XAUT_USDT,demo,0,stale_binance,0,0.000000000,1.000000000,0.000000000,0.000000000,0.229381473,0.000000000,0.000000000,427.000,176.000,176.000
1786747248017,XAUT_USDT,demo,0,microspread_below_threshold,0,0.000000000,1.000000000,0.814271076,0.814271076,0.229381473,0.000000000,0.000000000,64.000,286.000,286.000
1786747248801,XAUT_USDT,demo,0,stale_binance,0,0.000000000,1.000000000,0.000000000,0.000000000,0.229381473,0.000000000,0.000000000,419.000,37.000,37.000
1786747248929,XAUT_USDT,demo,0,stale_binance,0,0.000000000,1.000000000,0.000000000,0.000000000,0.229381473,0.000000000,0.000000000,547.000,165.000,165.000
1786747249055,XAUT_USDT,demo,0,stale_binance,0,0.000000000,1.000000000,0.000000000,0.000000000,0.229381473,0.000000000,0.000000000,673.000,117.000,117.000
1786747249164,XAUT_USDT,demo,0,stale_binance,0,0.000000000,1.000000000,0.000000000,0.000000000,0.229381473,0.000000000,0.000000000,782.000,56.000,56.000
1786747249280,XAUT_USDT,demo,0,stale_binance,0,0.000000000,1.000000000,0.000000000,0.000000000,0.229381473,0.000000000,0.000000000,898.000,0.000,0.000
1786747249429,XAUT_USDT,demo,0,microspread_below_threshold,0,0.000000000,1.000000000,0.814271076,0.814271076,0.229381473,0.000000000,0.000000000,116.000,63.000,63.000
1786747249538,XAUT_USDT,demo,0,microspread_below_threshold,0,0.000000000,1.000000000,0.814271076,0.814271076,0.229381473,0.000000000,0.000000000,225.000,0.000,0.000
1786747249660,XAUT_USDT,demo,0,stale_binance,0,0.000000000,1.000000000,0.000000000,0.000000000,0.229381473,0.000000000,0.000000000,347.000,122.000,122.000
1786747249770,XAUT_USDT,demo,0,stale_binance,0,0.000000000,1.000000000,0.000000000,0.000000000,0.229381473,0.000000000,0.000000000,457.000,61.000,61.000
1786747249879,XAUT_USDT,demo,0,stale_binance,0,0.000000000,1.000000000,0.000000000,0.000000000,0.229381473,0.000000000,0.000000000,566.000,0.000,0.000
1786747250006,XAUT_USDT,demo,0,stale_binance,0,0.000000000,1.000000000,0.000000000,0.000000000,0.229381473,0.000000000,0.000000000,693.000,127.000,127.000
1786747250115,XAUT_USDT,demo,0,stale_binance,0,0.000000000,1.000000000,0.000000000,0.000000000,0.229381473,0.000000000,0.000000000,802.000,62.000,62.000
1786747250225,XAUT_USDT,demo,0,stale_binance,0,0.000000000,1.000000000,0.000000000,0.000000000,0.229381473,0.000000000,0.000000000,912.000,0.000,0.000
1786747250348,XAUT_USDT,demo,0,stale_binance,0,0.000000000,1.000000000,0.000000000,0.000000000,0.229381473,0.000000000,0.000000000,1035.000,123.000,123.000
1786747250479,XAUT_USDT,demo,0,microspread_below_threshold,0,0.000000000,1.000000000,0.814271076,0.814271076,0.229381473,0.000000000,0.000000000,88.000,0.000,0.000
1786747250631,XAUT_USDT,demo,0,microspread_below_threshold,0,0.000000000,1.000000000,0.814271076,0.814271076,0.229381473,0.000000000,0.000000000,240.000,63.000,63.000
1786747250771,XAUT_USDT,demo,0,stale_binance,0,0.000000000,1.000000000,0.000000000,0.000000000,0.229381473,0.000000000,0.000000000,380.000,117.000,117.000
1786747250895,XAUT_USDT,demo,0,stale_binance,0,0.000000000,1.000000000,0.000000000,0.000000000,0.229381473,0.000000000,0.000000000,504.000,241.000,241.000
1786747251039,XAUT_USDT,demo,0,stale_binance,0,0.000000000,1.000000000,0.000000000,0.000000000,0.229381473,0.000000000,0.000000000,648.000,111.000,111.000
1786747251144,XAUT_USDT,demo,0,stale_binance,0,0.000000000,1.000000000,0.000000000,0.000000000,0.229381473,0.000000000,0.000000000,753.000,62.000,62.000
1786747251253,XAUT_USDT,demo,0,stale_binance,0,0.000000000,1.000000000,0.000000000,0.000000000,0.229381473,0.000000000,0.000000000,862.000,0.000,0.000
1786747251377,XAUT_USDT,demo,0,stale_binance,0,0.000000000,1.000000000,0.000000000,0.000000000,0.229381473,0.000000000,0.000000000,986.000,124.000,124.000
1786747251503,XAUT_USDT,demo,0,stale_binance,0,0.000000000,1.000000000,0.000000000,0.000000000,0.229381473,0.000000000,0.000000000,1112.000,250.000,250.000
1786747251627,XAUT_USDT,demo,0,stale_binance,0,0.000000000,1.000000000,0.000000000,0.000000000,0.229381473,0.000000000,0.000000000,1236.000,374.000,374.000
1786747251753,XAUT_USDT,demo,0,microspread_below_threshold,0,0.000000000,1.000000000,0.814271076,0.814271076,0.229381473,0.000000000,0.000000000,58.000,74.000,74.000
1786747251879,XAUT_USDT,demo,0,microspread_below_threshold,0,0.000000000,1.000000000,0.814271076,0.814271076,0.229381473,0.000000000,0.000000000,184.000,115.000,115.000
1786747251987,XAUT_USDT,demo,0,microspread_below_threshold,0,0.000000000,1.000000000,0.814271076,0.814271076,0.229381473,0.000000000,0.000000000,292.000,50.000,50.000
1786747252111,XAUT_USDT,demo,0,stale_binance,0,0.000000000,1.000000000,0.000000000,0.000000000,0.229381473,0.000000000,0.000000000,416.000,0.000,0.000
1786747252254,XAUT_USDT,demo,0,stale_binance,0,0.000000000,1.000000000,0.000000000,0.000000000,0.229381473,0.000000000,0.000000000,559.000,58.000,58.000
1786747252379,XAUT_USDT,demo,0,stale_binance,0,0.000000000,1.000000000,0.000000000,0.000000000,0.229381473,0.000000000,0.000000000,684.000,183.000,183.000
1786747252502,XAUT_USDT,demo,0,microspread_below_threshold,0,0.000000000,1.000000000,0.814271076,0.814271076,0.229381473,0.000000000,0.000000000,57.000,306.000,306.000
1786747252624,XAUT_USDT,demo,0,microspread_below_threshold,0,0.000000000,1.000000000,0.814271076,0.814271076,0.229381473,0.000000000,0.000000000,179.000,0.000,0.000
1786747252728,XAUT_USDT,demo,0,microspread_below_threshold,0,0.000000000,1.000000000,0.814271076,0.814271076,0.229381473,0.000000000,0.000000000,283.000,0.000,0.000
1786747252845,XAUT_USDT,demo,0,stale_binance,0,0.000000000,1.000000000,0.000000000,0.000000000,0.229381473,0.000000000,0.000000000,400.000,117.000,117.000
1786747253000,XAUT_USDT,demo,0,stale_binance,0,0.000000000,1.000000000,0.000000000,0.000000000,0.229381473,0.000000000,0.000000000,555.000,120.000,120.000
1786747253127,XAUT_USDT,demo,0,stale_binance,0,0.000000000,1.000000000,0.000000000,0.000000000,0.229381473,0.000000000,0.000000000,682.000,64.000,64.000
1786747253265,XAUT_USDT,demo,0,stale_binance,0,0.000000000,1.000000000,0.000000000,0.000000000,0.229381473,0.000000000,0.000000000,820.000,123.000,123.000
1786747253390,XAUT_USDT,demo,0,stale_binance,0,0.000000000,1.000000000,0.000000000,0.000000000,0.229381473,0.000000000,0.000000000,945.000,248.000,248.000
1786747253515,XAUT_USDT,demo,0,stale_binance,0,0.000000000,1.000000000,0.000000000,0.000000000,0.229381473,0.000000000,0.000000000,1070.000,373.000,373.000
1786747253623,XAUT_USDT,demo,0,stale_binance,0,0.000000000,1.000000000,0.000000000,0.000000000,0.229381473,0.000000000,0.000000000,1178.000,51.000,51.000
1786747253743,XAUT_USDT,demo,0,stale_binance,0,0.000000000,1.000000000,0.000000000,0.000000000,0.229381473,0.000000000,0.000000000,1298.000,0.000,0.000
1786747254579,XAUT_USDT,demo,0,stale_binance,0,0.000000000,1.000000000,0.000000000,0.000000000,0.229381473,0.000000000,0.000000000,2134.000,44.000,44.000
1786747254728,XAUT_USDT,demo,0,stale_binance,0,0.000000000,1.000000000,0.000000000,0.000000000,0.229381473,0.000000000,0.000000000,2283.000,119.000,119.000
1786747254837,XAUT_USDT,demo,0,stale_binance,0,0.000000000,1.000000000,0.000000000,0.000000000,0.229381473,0.000000000,0.000000000,2392.000,64.000,64.000
1786747254946,XAUT_USDT,demo,0,stale_binance,0,0.000000000,1.000000000,0.000000000,0.000000000,0.229381473,0.000000000,0.000000000,2501.000,0.000,0.000
1786747255070,XAUT_USDT,demo,0,stale_binance,0,0.000000000,1.000000000,0.000000000,0.000000000,0.229381473,0.000000000,0.000000000,2625.000,124.000,124.000
1786747255194,XAUT_USDT,demo,0,stale_binance,0,0.000000000,1.000000000,0.000000000,0.000000000,0.229381473,0.000000000,0.000000000,2749.000,248.000,248.000
1786747255317,XAUT_USDT,demo,0,stale_binance,0,0.000000000,1.000000000,0.000000000,0.000000000,0.229381473,0.000000000,0.000000000,2872.000,114.000,114.000
1786747255440,XAUT_USDT,demo,0,stale_binance,0,0.000000000,1.000000000,0.000000000,0.000000000,0.229381473,0.000000000,0.000000000,2995.000,237.000,237.000
1786747255565,XAUT_USDT,demo,0,stale_binance,0,0.000000000,1.000000000,0.000000000,0.000000000,0.229381473,0.000000000,0.000000000,3120.000,362.000,362.000
1786747255689,XAUT_USDT,demo,0,stale_binance,0,0.000000000,1.000000000,0.000000000,0.000000000,0.229381473,0.000000000,0.000000000,3244.000,53.000,53.000
1786747255844,XAUT_USDT,demo,0,stale_binance,0,0.000000000,1.000000000,0.000000000,0.000000000,0.229381473,0.000000000,0.000000000,3399.000,126.000,126.000
1786747255954,XAUT_USDT,demo,0,stale_binance,0,0.000000000,1.000000000,0.000000000,0.000000000,0.229381473,0.000000000,0.000000000,3509.000,64.000,64.000
1786747256060,XAUT_USDT,demo,0,stale_binance,0,0.000000000,1.000000000,0.000000000,0.000000000,0.229381473,0.000000000,0.000000000,3615.000,0.000,0.000
1786747256204,XAUT_USDT,demo,0,stale_binance,0,0.000000000,1.000000000,0.000000000,0.000000000,0.229381473,0.000000000,0.000000000,3759.000,58.000,58.000
1786747256345,XAUT_USDT,demo,0,stale_binance,0,0.000000000,1.000000000,0.000000000,0.000000000,0.229381473,0.000000000,0.000000000,3900.000,199.000,199.000
1786747256448,XAUT_USDT,demo,0,microspread_below_threshold,0,0.000000000,1.000000000,0.814271076,0.814271076,0.229381473,0.000000000,0.000000000,51.000,302.000,302.000
1786747256571,XAUT_USDT,demo,0,microspread_below_threshold,0,0.000000000,1.000000000,0.814271076,0.814271076,0.229381473,0.000000000,0.000000000,174.000,0.000,0.000
1786747256714,XAUT_USDT,demo,0,stale_binance,0,0.000000000,1.000000000,0.000000000,0.000000000,0.229381473,0.000000000,0.000000000,317.000,55.000,55.000
1786747256869,XAUT_USDT,demo,0,stale_binance,0,0.000000000,1.000000000,0.000000000,0.000000000,0.229381473,0.000000000,0.000000000,472.000,127.000,127.000
1786747256995,XAUT_USDT,demo,0,stale_binance,0,0.000000000,1.000000000,0.000000000,0.000000000,0.229381473,0.000000000,0.000000000,598.000,253.000,253.000
1786747257119,XAUT_USDT,demo,0,stale_binance,0,0.000000000,1.000000000,0.000000000,0.000000000,0.229381473,0.000000000,0.000000000,722.000,377.000,377.000
1786747257228,XAUT_USDT,demo,0,stale_binance,0,0.000000000,1.000000000,0.000000000,0.000000000,0.229381473,0.000000000,0.000000000,831.000,54.000,54.000
1786747257382,XAUT_USDT,demo,0,stale_binance,0,0.000000000,1.000000000,0.000000000,0.000000000,0.229381473,0.000000000,0.000000000,985.000,123.000,123.000
1786747257490,XAUT_USDT,demo,0,microspread_below_threshold,0,0.000000000,1.000000000,0.814271076,0.814271076,0.229381473,0.000000000,0.000000000,1.000,231.000,231.000
1786747257605,XAUT_USDT,demo,0,microspread_below_threshold,0,0.000000000,1.000000000,0.814271076,0.814271076,0.229381473,0.000000000,0.000000000,116.000,0.000,0.000
1786747257757,XAUT_USDT,demo,0,microspread_below_threshold,0,0.000000000,1.000000000,0.814271076,0.814271076,0.229381473,0.000000000,0.000000000,268.000,64.000,64.000
1786747257897,XAUT_USDT,demo,0,stale_binance,0,0.000000000,1.000000000,0.000000000,0.000000000,0.229381473,0.000000000,0.000000000,408.000,119.000,119.000
1786747258006,XAUT_USDT,demo,0,stale_binance,0,0.000000000,1.000000000,0.000000000,0.000000000,0.229381473,0.000000000,0.000000000,517.000,56.000,56.000
1786747258123,XAUT_USDT,demo,0,microspread_below_threshold,0,0.000000000,1.000000000,0.814271076,0.814271076,0.229381473,0.000000000,0.000000000,81.000,0.000,0.000
1786747258270,XAUT_USDT,demo,0,microspread_below_threshold,0,0.000000000,1.000000000,0.814271076,0.814271076,0.229381473,0.000000000,0.000000000,228.000,60.000,60.000
1786747258394,XAUT_USDT,demo,0,stale_binance,0,0.000000000,1.000000000,0.000000000,0.000000000,0.229381473,0.000000000,0.000000000,352.000,184.000,184.000
1786747258519,XAUT_USDT,demo,0,stale_binance,0,0.000000000,1.000000000,0.000000000,0.000000000,0.229381473,0.000000000,0.000000000,477.000,309.000,309.000
1786747258638,XAUT_USDT,demo,0,stale_binance,0,0.000000000,1.000000000,0.000000000,0.000000000,0.229381473,0.000000000,0.000000000,596.000,0.000,0.000
1786747258785,XAUT_USDT,demo,0,stale_binance,0,0.000000000,1.000000000,0.000000000,0.000000000,0.229381473,0.000000000,0.000000000,743.000,62.000,62.000
1786747258897,XAUT_USDT,demo,0,stale_binance,0,0.000000000,1.000000000,0.000000000,0.000000000,0.229381473,0.000000000,0.000000000,855.000,0.000,0.000
1786747259019,XAUT_USDT,demo,0,stale_binance,0,0.000000000,1.000000000,0.000000000,0.000000000,0.229381473,0.000000000,0.000000000,977.000,122.000,122.000
1786747259144,XAUT_USDT,demo,0,stale_binance,0,0.000000000,1.000000000,0.000000000,0.000000000,0.229381473,0.000000000,0.000000000,1102.000,247.000,247.000
1786747259300,XAUT_USDT,demo,0,stale_binance,0,0.000000000,1.000000000,0.000000000,0.000000000,0.229381473,0.000000000,0.000000000,1258.000,59.000,59.000
1786747259423,XAUT_USDT,demo,0,stale_binance,0,0.000000000,1.000000000,0.000000000,0.000000000,0.229381473,0.000000000,0.000000000,1381.000,182.000,182.000
1786747259563,XAUT_USDT,demo,0,microspread_below_threshold,0,0.000000000,1.000000000,0.814271076,0.814271076,0.229381473,0.000000000,0.000000000,53.000,322.000,322.000
1786747260289,XAUT_USDT,demo,0,microspread_below_threshold,0,0.000000000,1.000000000,0.814271076,0.814271076,0.229381473,0.000000000,0.000000000,76.000,102.000,102.000
1786747260407,XAUT_USDT,demo,0,microspread_below_threshold,0,0.000000000,1.000000000,0.814271076,0.814271076,0.229381473,0.000000000,0.000000000,194.000,220.000,220.000
1786747260531,XAUT_USDT,demo,0,microspread_below_threshold,0,0.000000000,1.000000000,0.814271076,0.814271076,0.229381473,0.000000000,0.000000000,117.000,344.000,344.000
1786747260671,XAUT_USDT,demo,0,microspread_below_threshold,0,0.000000000,1.000000000,0.814271076,0.814271076,0.229381473,0.000000000,0.000000000,257.000,57.000,57.000
1786747260785,XAUT_USDT,demo,0,stale_binance,0,0.000000000,1.000000000,0.000000000,0.000000000,0.229381473,0.000000000,0.000000000,371.000,0.000,0.000
1786747260903,XAUT_USDT,demo,0,microspread_below_threshold,0,0.000000000,1.000000000,0.814271076,0.814271076,0.229381473,0.000000000,0.000000000,61.000,118.000,118.000
1786747261010,XAUT_USDT,demo,0,microspread_below_threshold,0,0.000000000,1.000000000,0.814271076,0.814271076,0.229381473,0.000000000,0.000000000,0.000,225.000,225.000
1786747261136,XAUT_USDT,demo,0,microspread_below_threshold,0,0.000000000,1.000000000,0.814271076,0.814271076,0.229381473,0.000000000,0.000000000,101.000,1.000,1.000
1786747261285,XAUT_USDT,demo,0,microspread_below_threshold,0,0.000000000,1.000000000,0.814271076,0.814271076,0.229381473,0.000000000,0.000000000,250.000,56.000,56.000
1786747261408,XAUT_USDT,demo,0,stale_binance,0,0.000000000,1.000000000,0.000000000,0.000000000,0.229381473,0.000000000,0.000000000,373.000,179.000,179.000
1786747261508,XAUT_USDT,demo,0,microspread_below_threshold,0,0.000000000,1.000000000,0.814271076,0.814271076,0.229381473,0.000000000,0.000000000,0.000,279.000,279.000
1786747261642,XAUT_USDT,demo,0,microspread_below_threshold,0,0.000000000,1.000000000,0.814271076,0.814271076,0.229381473,0.000000000,0.000000000,51.000,80.000,80.000
1786747261797,XAUT_USDT,demo,0,microspread_below_threshold,0,0.000000000,1.000000000,0.814271076,0.814271076,0.229381473,0.000000000,0.000000000,206.000,61.000,61.000
1786747261906,XAUT_USDT,demo,0,microspread_below_threshold,0,0.000000000,1.000000000,0.814271076,0.814271076,0.229381473,0.000000000,0.000000000,53.000,0.000,0.000
1786747262030,XAUT_USDT,demo,0,microspread_below_threshold,0,0.000000000,1.000000000,0.814271076,0.814271076,0.229381473,0.000000000,0.000000000,177.000,124.000,124.000
1786747262139,XAUT_USDT,demo,0,microspread_below_threshold,0,0.000000000,1.000000000,0.814271076,0.814271076,0.229381473,0.000000000,0.000000000,286.000,52.000,52.000
1786747262252,XAUT_USDT,demo,0,stale_binance,0,0.000000000,1.000000000,0.000000000,0.000000000,0.229381473,0.000000000,0.000000000,399.000,0.000,0.000
1786747262373,XAUT_USDT,demo,0,stale_binance,0,0.000000000,1.000000000,0.000000000,0.000000000,0.229381473,0.000000000,0.000000000,520.000,121.000,121.000
1786747262498,XAUT_USDT,demo,0,stale_binance,0,0.000000000,1.000000000,0.000000000,0.000000000,0.229381473,0.000000000,0.000000000,645.000,246.000,246.000
1786747262599,XAUT_USDT,demo,0,stale_binance,0,0.000000000,1.000000000,0.000000000,0.000000000,0.229381473,0.000000000,0.000000000,746.000,0.000,0.000
1786747262703,XAUT_USDT,demo,0,microspread_below_threshold,0,0.000000000,1.000000000,0.814271076,0.814271076,0.229381473,0.000000000,0.000000000,0.000,20.000,20.000
1786747262840,XAUT_USDT,demo,0,microspread_below_threshold,0,0.000000000,1.000000000,0.814271076,0.814271076,0.229381473,0.000000000,0.000000000,53.000,157.000,157.000
1786747262963,XAUT_USDT,demo,0,microspread_below_threshold,0,0.000000000,1.000000000,0.814271076,0.814271076,0.229381473,0.000000000,0.000000000,176.000,280.000,280.000
1786747263088,XAUT_USDT,demo,0,stale_binance,0,0.000000000,1.000000000,0.000000000,0.000000000,0.229381473,0.000000000,0.000000000,301.000,405.000,405.000
1786747263212,XAUT_USDT,demo,0,stale_binance,0,0.000000000,1.000000000,0.000000000,0.000000000,0.229381473,0.000000000,0.000000000,425.000,529.000,529.000
1786747263339,XAUT_USDT,demo,0,stale_binance,0,0.000000000,1.000000000,0.000000000,0.000000000,0.229381473,0.000000000,0.000000000,552.000,656.000,656.000
1786747263463,XAUT_USDT,demo,0,stale_binance,0,0.000000000,1.000000000,0.000000000,0.000000000,0.229381473,0.000000000,0.000000000,676.000,780.000,780.000
1786747263587,XAUT_USDT,demo,0,stale_binance,0,0.000000000,1.000000000,0.000000000,0.000000000,0.229381473,0.000000000,0.000000000,800.000,904.000,904.000
1786747263711,XAUT_USDT,demo,0,stale_binance,0,0.000000000,1.000000000,0.000000000,0.000000000,0.229381473,0.000000000,0.000000000,924.000,1028.000,1028.000
1786747263837,XAUT_USDT,demo,0,stale_binance,0,0.000000000,1.000000000,0.000000000,0.000000000,0.229381473,0.000000000,0.000000000,1050.000,1154.000,1154.000
1786747263962,XAUT_USDT,demo,0,stale_binance,0,0.000000000,1.000000000,0.000000000,0.000000000,0.229381473,0.000000000,0.000000000,1175.000,1279.000,1279.000
1786747264068,XAUT_USDT,demo,0,microspread_below_threshold,0,0.000000000,1.000000000,0.814271076,0.814271076,0.229381473,0.000000000,0.000000000,0.000,1385.000,1385.000
1786747264211,XAUT_USDT,demo,0,microspread_below_threshold,0,0.000000000,1.000000000,0.814271076,0.814271076,0.229381473,0.000000000,0.000000000,63.000,1528.000,1528.000
1786747264336,XAUT_USDT,demo,0,microspread_below_threshold,0,0.000000000,1.000000000,0.814271076,0.814271076,0.229381473,0.000000000,0.000000000,188.000,1653.000,1653.000
1786747264461,XAUT_USDT,demo,0,stale_binance,0,0.000000000,1.000000000,0.000000000,0.000000000,0.229381473,0.000000000,0.000000000,313.000,1778.000,1778.000
1786747264569,XAUT_USDT,demo,0,microspread_below_threshold,0,0.000000000,1.000000000,0.814271076,0.814271076,0.229381473,0.000000000,0.000000000,0.000,1886.000,1886.000
1786747266050,XAUT_USDT,demo,0,microspread_below_threshold,0,0.000000000,1.000000000,0.814271076,0.814271076,0.229381473,0.000000000,0.000000000,172.000,70.000,70.000
1786747266152,XAUT_USDT,demo,0,microspread_below_threshold,0,0.000000000,1.000000000,0.814271076,0.814271076,0.229381473,0.000000000,0.000000000,274.000,1.000,1.000
1786747266300,XAUT_USDT,demo,0,stale_binance,0,0.000000000,1.000000000,0.000000000,0.000000000,0.229381473,0.000000000,0.000000000,422.000,62.000,62.000
1786747266440,XAUT_USDT,demo,0,stale_binance,0,0.000000000,1.000000000,0.000000000,0.000000000,0.229381473,0.000000000,0.000000000,562.000,117.000,117.000
1786747266550,XAUT_USDT,demo,0,microspread_below_threshold,0,0.000000000,1.000000000,0.814271076,0.814271076,0.229381473,0.000000000,0.000000000,59.000,227.000,227.000
1786747266666,XAUT_USDT,demo,0,microspread_below_threshold,0,0.000000000,1.000000000,0.814271076,0.814271076,0.229381473,0.000000000,0.000000000,175.000,0.000,0.000
1786747266783,XAUT_USDT,demo,0,microspread_below_threshold,0,0.000000000,1.000000000,0.814271076,0.814271076,0.229381473,0.000000000,0.000000000,292.000,117.000,117.000
1786747266893,XAUT_USDT,demo,0,stale_binance,0,0.000000000,1.000000000,0.000000000,0.000000000,0.229381473,0.000000000,0.000000000,402.000,58.000,58.000
1786747267050,XAUT_USDT,demo,0,stale_binance,0,0.000000000,1.000000000,0.000000000,0.000000000,0.229381473,0.000000000,0.000000000,559.000,128.000,128.000
1786747267159,XAUT_USDT,demo,0,microspread_below_threshold,0,0.000000000,1.000000000,0.814271076,0.814271076,0.229381473,0.000000000,0.000000000,62.000,66.000,66.000
1786747267264,XAUT_USDT,demo,0,microspread_below_threshold,0,0.000000000,1.000000000,0.814271076,0.814271076,0.229381473,0.000000000,0.000000000,167.000,0.000,0.000
1786747267374,XAUT_USDT,demo,0,microspread_below_threshold,0,0.000000000,1.000000000,0.814271076,0.814271076,0.229381473,0.000000000,0.000000000,54.000,110.000,110.000
1786747267487,XAUT_USDT,demo,0,microspread_below_threshold,0,0.000000000,1.000000000,0.814271076,0.814271076,0.229381473,0.000000000,0.000000000,167.000,223.000,223.000
1786747267609,XAUT_USDT,demo,0,microspread_below_threshold,0,0.000000000,1.000000000,0.814271076,0.814271076,0.229381473,0.000000000,0.000000000,106.000,345.000,345.000
1786747267721,XAUT_USDT,demo,0,microspread_below_threshold,0,0.000000000,1.000000000,0.814271076,0.814271076,0.229381473,0.000000000,0.000000000,218.000,457.000,457.000
1786747267824,XAUT_USDT,demo,0,microspread_below_threshold,0,0.000000000,1.000000000,0.814271076,0.814271076,0.229381473,0.000000000,0.000000000,56.000,560.000,560.000
1786747267936,XAUT_USDT,demo,0,microspread_below_threshold,0,0.000000000,1.000000000,0.814271076,0.814271076,0.229381473,0.000000000,0.000000000,168.000,672.000,672.000
1786747268044,XAUT_USDT,demo,0,microspread_below_threshold,0,0.000000000,1.000000000,0.814271076,0.814271076,0.229381473,0.000000000,0.000000000,276.000,780.000,780.000
1786747268169,XAUT_USDT,demo,0,stale_binance,0,0.000000000,1.000000000,0.000000000,0.000000000,0.229381473,0.000000000,0.000000000,401.000,905.000,905.000
1786747268293,XAUT_USDT,demo,0,stale_binance,0,0.000000000,1.000000000,0.000000000,0.000000000,0.229381473,0.000000000,0.000000000,525.000,1029.000,1029.000
1786747268419,XAUT_USDT,demo,0,stale_binance,0,0.000000000,1.000000000,0.000000000,0.000000000,0.229381473,0.000000000,0.000000000,651.000,1155.000,1155.000
1786747268545,XAUT_USDT,demo,0,stale_binance,0,0.000000000,1.000000000,0.000000000,0.000000000,0.229381473,0.000000000,0.000000000,777.000,1281.000,1281.000
1786747268669,XAUT_USDT,demo,0,stale_binance,0,0.000000000,1.000000000,0.000000000,0.000000000,0.229381473,0.000000000,0.000000000,901.000,1405.000,1405.000
1786747268794,XAUT_USDT,demo,0,stale_binance,0,0.000000000,1.000000000,0.000000000,0.000000000,0.229381473,0.000000000,0.000000000,1026.000,1530.000,1530.000
1786747268950,XAUT_USDT,demo,0,microspread_below_threshold,0,0.000000000,1.000000000,0.814271076,0.814271076,0.229381473,0.000000000,0.000000000,57.000,1686.000,1686.000
1786747269074,XAUT_USDT,demo,0,microspread_below_threshold,0,0.000000000,1.000000000,0.814271076,0.814271076,0.229381473,0.000000000,0.000000000,123.000,1810.000,1810.000
1786747269200,XAUT_USDT,demo,0,microspread_below_threshold,0,0.000000000,1.000000000,0.814271076,0.814271076,0.229381473,0.000000000,0.000000000,249.000,1936.000,1936.000
1786747272159,XAUT_USDT,demo,0,microspread_below_threshold,0,0.000000000,1.000000000,0.814271076,0.814271076,0.229381473,0.000000000,0.000000000,296.000,0.000,0.000
1786747272301,XAUT_USDT,demo,0,microspread_below_threshold,0,0.000000000,1.000000000,0.814271076,0.814271076,0.229381473,0.000000000,0.000000000,0.000,53.000,53.000
1786747272447,XAUT_USDT,demo,0,microspread_below_threshold,0,0.000000000,1.000000000,0.814271076,0.814271076,0.229381473,0.000000000,0.000000000,115.000,199.000,199.000
1786747272571,XAUT_USDT,demo,0,microspread_below_threshold,0,0.000000000,1.000000000,0.814271076,0.814271076,0.229381473,0.000000000,0.000000000,239.000,62.000,62.000
1786747272695,XAUT_USDT,demo,0,microspread_below_threshold,0,0.000000000,1.000000000,0.814271076,0.814271076,0.229381473,0.000000000,0.000000000,52.000,97.000,97.000
1786747272820,XAUT_USDT,demo,0,microspread_below_threshold,0,0.000000000,1.000000000,0.814271076,0.814271076,0.229381473,0.000000000,0.000000000,177.000,222.000,222.000
1786747272941,XAUT_USDT,demo,0,microspread_below_threshold,0,0.000000000,1.000000000,0.814271076,0.814271076,0.229381473,0.000000000,0.000000000,298.000,0.000,0.000
1786747273086,XAUT_USDT,demo,0,stale_binance,0,0.000000000,1.000000000,0.000000000,0.000000000,0.229381473,0.000000000,0.000000000,443.000,50.000,50.000
1786747273208,XAUT_USDT,demo,0,stale_binance,0,0.000000000,1.000000000,0.000000000,0.000000000,0.229381473,0.000000000,0.000000000,565.000,0.000,0.000
1786747273365,XAUT_USDT,demo,0,microspread_below_threshold,0,0.000000000,1.000000000,0.814271076,0.814271076,0.229381473,0.000000000,0.000000000,60.000,65.000,65.000
1786747273493,XAUT_USDT,demo,0,microspread_below_threshold,0,0.000000000,1.000000000,0.814271076,0.814271076,0.229381473,0.000000000,0.000000000,0.000,103.000,103.000
1786747273615,XAUT_USDT,demo,0,microspread_below_threshold,0,0.000000000,1.000000000,0.814271076,0.814271076,0.229381473,0.000000000,0.000000000,94.000,54.000,54.000
1786747273733,XAUT_USDT,demo,0,microspread_below_threshold,0,0.000000000,1.000000000,0.814271076,0.814271076,0.229381473,0.000000000,0.000000000,83.000,1.000,1.000
1786747273849,XAUT_USDT,demo,0,microspread_below_threshold,0,0.000000000,1.000000000,0.814271076,0.814271076,0.229381473,0.000000000,0.000000000,199.000,117.000,117.000
1786747273959,XAUT_USDT,demo,0,microspread_below_threshold,0,0.000000000,1.000000000,0.814271076,0.814271076,0.229381473,0.000000000,0.000000000,68.000,53.000,53.000
1786747274080,XAUT_USDT,demo,0,microspread_below_threshold,0,0.000000000,1.000000000,0.814271076,0.814271076,0.229381473,0.000000000,0.000000000,189.000,1.000,1.000
1786747274222,XAUT_USDT,demo,0,stale_binance,0,0.000000000,1.000000000,0.000000000,0.000000000,0.229381473,0.000000000,0.000000000,331.000,56.000,56.000
1786747274337,XAUT_USDT,demo,0,stale_binance,0,0.000000000,1.000000000,0.000000000,0.000000000,0.229381473,0.000000000,0.000000000,446.000,0.000,0.000
1786747274443,XAUT_USDT,demo,0,stale_binance,0,0.000000000,1.000000000,0.000000000,0.000000000,0.229381473,0.000000000,0.000000000,552.000,106.000,106.000
1786747274556,XAUT_USDT,demo,0,stale_binance,0,0.000000000,1.000000000,0.000000000,0.000000000,0.229381473,0.000000000,0.000000000,665.000,219.000,219.000
1786747274668,XAUT_USDT,demo,0,stale_binance,0,0.000000000,1.000000000,0.000000000,0.000000000,0.229381473,0.000000000,0.000000000,777.000,331.000,331.000
1786747274788,XAUT_USDT,demo,0,stale_binance,0,0.000000000,1.000000000,0.000000000,0.000000000,0.229381473,0.000000000,0.000000000,897.000,451.000,451.000
1786747274913,XAUT_USDT,demo,0,stale_binance,0,0.000000000,1.000000000,0.000000000,0.000000000,0.229381473,0.000000000,0.000000000,1022.000,576.000,576.000
1786747275036,XAUT_USDT,demo,0,stale_binance,0,0.000000000,1.000000000,0.000000000,0.000000000,0.229381473,0.000000000,0.000000000,1145.000,699.000,699.000
1786747275162,XAUT_USDT,demo,0,stale_binance,0,0.000000000,1.000000000,0.000000000,0.000000000,0.229381473,0.000000000,0.000000000,1271.000,825.000,825.000
1786747275286,XAUT_USDT,demo,0,stale_binance,0,0.000000000,1.000000000,0.000000000,0.000000000,0.229381473,0.000000000,0.000000000,1395.000,949.000,949.000
1786747275412,XAUT_USDT,demo,0,stale_binance,0,0.000000000,1.000000000,0.000000000,0.000000000,0.229381473,0.000000000,0.000000000,1521.000,1075.000,1075.000
1786747275535,XAUT_USDT,demo,0,stale_binance,0,0.000000000,1.000000000,0.000000000,0.000000000,0.229381473,0.000000000,0.000000000,1644.000,1198.000,1198.000
1786747275661,XAUT_USDT,demo,0,stale_binance,0,0.000000000,1.000000000,0.000000000,0.000000000,0.229381473,0.000000000,0.000000000,1770.000,1324.000,1324.000
1786747275787,XAUT_USDT,demo,0,stale_binance,0,0.000000000,1.000000000,0.000000000,0.000000000,0.229381473,0.000000000,0.000000000,1896.000,1450.000,1450.000
1786747275911,XAUT_USDT,demo,0,stale_binance,0,0.000000000,1.000000000,0.000000000,0.000000000,0.229381473,0.000000000,0.000000000,2020.000,1574.000,1574.000
1786747276036,XAUT_USDT,demo,0,stale_binance,0,0.000000000,1.000000000,0.000000000,0.000000000,0.229381473,0.000000000,0.000000000,2145.000,1699.000,1699.000
1786747276160,XAUT_USDT,demo,0,stale_binance,0,0.000000000,1.000000000,0.000000000,0.000000000,0.229381473,0.000000000,0.000000000,2269.000,1823.000,1823.000
1786747276314,XAUT_USDT,demo,0,microspread_below_threshold,0,0.000000000,1.000000000,0.814271076,0.814271076,0.229381473,0.000000000,0.000000000,63.000,1977.000,1977.000
1786747279054,XAUT_USDT,demo,0,microspread_below_threshold,0,0.000000000,1.000000000,0.814271076,0.814271076,0.229381473,0.000000000,0.000000000,7.000,0.000,0.000
1786747279202,XAUT_USDT,demo,0,microspread_below_threshold,0,0.000000000,1.000000000,0.814271076,0.814271076,0.229381473,0.000000000,0.000000000,135.000,53.000,53.000
1786747279324,XAUT_USDT,demo,0,microspread_below_threshold,0,0.000000000,1.000000000,0.814271076,0.814271076,0.229381473,0.000000000,0.000000000,257.000,0.000,0.000
1786747279467,XAUT_USDT,demo,0,microspread_below_threshold,0,0.000000000,1.000000000,0.814271076,0.814271076,0.229381473,0.000000000,0.000000000,139.000,56.000,56.000
1786747279593,XAUT_USDT,demo,0,microspread_below_threshold,0,0.000000000,1.000000000,0.814271076,0.814271076,0.229381473,0.000000000,0.000000000,265.000,1.000,1.000
1786747279716,XAUT_USDT,demo,0,stale_binance,0,0.000000000,1.000000000,0.000000000,0.000000000,0.229381473,0.000000000,0.000000000,388.000,124.000,124.000
1786747279853,XAUT_USDT,demo,0,microspread_below_threshold,0,0.000000000,1.000000000,0.814271076,0.814271076,0.229381473,0.000000000,0.000000000,40.000,0.000,0.000
1786747279971,XAUT_USDT,demo,0,microspread_below_threshold,0,0.000000000,1.000000000,0.814271076,0.814271076,0.229381473,0.000000000,0.000000000,0.000,118.000,118.000
1786747280090,XAUT_USDT,demo,0,microspread_below_threshold,0,0.000000000,1.000000000,0.814271076,0.814271076,0.229381473,0.000000000,0.000000000,61.000,237.000,237.000
1786747280214,XAUT_USDT,demo,0,microspread_below_threshold,0,0.000000000,1.000000000,0.814271076,0.814271076,0.229381473,0.000000000,0.000000000,185.000,361.000,361.000
1786747280339,XAUT_USDT,demo,0,stale_binance,0,0.000000000,1.000000000,0.000000000,0.000000000,0.229381473,0.000000000,0.000000000,310.000,486.000,486.000
1786747280449,XAUT_USDT,demo,0,microspread_below_threshold,0,0.000000000,1.000000000,0.814271076,0.814271076,0.229381473,0.000000000,0.000000000,60.000,596.000,596.000
1786747280575,XAUT_USDT,demo,0,microspread_below_threshold,0,0.000000000,1.000000000,0.814271076,0.814271076,0.229381473,0.000000000,0.000000000,59.000,722.000,722.000
1786747280699,XAUT_USDT,demo,0,microspread_below_threshold,0,0.000000000,1.000000000,0.814271076,0.814271076,0.229381473,0.000000000,0.000000000,183.000,846.000,846.000
1786747280823,XAUT_USDT,demo,0,stale_binance,0,0.000000000,1.000000000,0.000000000,0.000000000,0.229381473,0.000000000,0.000000000,307.000,970.000,970.000
1786747280948,XAUT_USDT,demo,0,stale_binance,0,0.000000000,1.000000000,0.000000000,0.000000000,0.229381473,0.000000000,0.000000000,432.000,1095.000,1095.000
1786747281074,XAUT_USDT,demo,0,stale_binance,0,0.000000000,1.000000000,0.000000000,0.000000000,0.229381473,0.000000000,0.000000000,558.000,1221.000,1221.000
1786747281230,XAUT_USDT,demo,0,microspread_below_threshold,0,0.000000000,1.000000000,0.814271076,0.814271076,0.229381473,0.000000000,0.000000000,59.000,1377.000,1377.000
1786747281386,XAUT_USDT,demo,0,microspread_below_threshold,0,0.000000000,1.000000000,0.814271076,0.814271076,0.229381473,0.000000000,0.000000000,61.000,1533.000,1533.000
1786747281511,XAUT_USDT,demo,0,microspread_below_threshold,0,0.000000000,1.000000000,0.814271076,0.814271076,0.229381473,0.000000000,0.000000000,186.000,1658.000,1658.000
1786747281633,XAUT_USDT,demo,0,stale_binance,0,0.000000000,1.000000000,0.000000000,0.000000000,0.229381473,0.000000000,0.000000000,308.000,1780.000,1780.000
1786747281759,XAUT_USDT,demo,0,stale_binance,0,0.000000000,1.000000000,0.000000000,0.000000000,0.229381473,0.000000000,0.000000000,434.000,1906.000,1906.000
1786747285584,XAUT_USDT,demo,0,stale_binance,0,0.000000000,1.000000000,0.000000000,0.000000000,0.229381473,0.000000000,0.000000000,359.000,1.000,1.000
1786747285737,XAUT_USDT,demo,0,stale_binance,0,0.000000000,1.000000000,0.000000000,0.000000000,0.229381473,0.000000000,0.000000000,512.000,64.000,64.000
1786747285846,XAUT_USDT,demo,0,stale_binance,0,0.000000000,1.000000000,0.000000000,0.000000000,0.229381473,0.000000000,0.000000000,621.000,0.000,0.000
1786747285987,XAUT_USDT,demo,0,stale_binance,0,0.000000000,1.000000000,0.000000000,0.000000000,0.229381473,0.000000000,0.000000000,762.000,52.000,52.000
1786747286112,XAUT_USDT,demo,0,stale_binance,0,0.000000000,1.000000000,0.000000000,0.000000000,0.229381473,0.000000000,0.000000000,887.000,0.000,0.000
1786747286253,XAUT_USDT,demo,0,stale_binance,0,0.000000000,1.000000000,0.000000000,0.000000000,0.229381473,0.000000000,0.000000000,1028.000,53.000,53.000
1786747286372,XAUT_USDT,demo,0,stale_binance,0,0.000000000,1.000000000,0.000000000,0.000000000,0.229381473,0.000000000,0.000000000,1147.000,0.000,0.000
1786747286518,XAUT_USDT,demo,0,microspread_below_threshold,0,0.000000000,1.000000000,0.814271076,0.814271076,0.229381473,0.000000000,0.000000000,67.000,56.000,56.000
1786747286642,XAUT_USDT,demo,0,microspread_below_threshold,0,0.000000000,1.000000000,0.814271076,0.814271076,0.229381473,0.000000000,0.000000000,191.000,180.000,180.000
1786747286767,XAUT_USDT,demo,0,stale_binance,0,0.000000000,1.000000000,0.000000000,0.000000000,0.229381473,0.000000000,0.000000000,316.000,119.000,119.000
1786747286893,XAUT_USDT,demo,0,stale_binance,0,0.000000000,1.000000000,0.000000000,0.000000000,0.229381473,0.000000000,0.000000000,442.000,65.000,65.000
1786747287049,XAUT_USDT,demo,0,stale_binance,0,0.000000000,1.000000000,0.000000000,0.000000000,0.229381473,0.000000000,0.000000000,598.000,63.000,63.000
1786747287160,XAUT_USDT,demo,0,stale_binance,0,0.000000000,1.000000000,0.000000000,0.000000000,0.229381473,0.000000000,0.000000000,709.000,0.000,0.000
1786747287299,XAUT_USDT,demo,0,microspread_below_threshold,0,0.000000000,1.000000000,0.814271076,0.814271076,0.229381473,0.000000000,0.000000000,126.000,139.000,139.000
1786747287449,XAUT_USDT,demo,0,microspread_below_threshold,0,0.000000000,1.000000000,0.814271076,0.814271076,0.229381473,0.000000000,0.000000000,276.000,118.000,118.000
1786747287582,XAUT_USDT,demo,0,microspread_below_threshold,0,0.000000000,1.000000000,0.814271076,0.814271076,0.229381473,0.000000000,0.000000000,53.000,251.000,251.000
1786747287695,XAUT_USDT,demo,0,microspread_below_threshold,0,0.000000000,1.000000000,0.814271076,0.814271076,0.229381473,0.000000000,0.000000000,166.000,364.000,364.000
1786747287809,XAUT_USDT,demo,0,microspread_below_threshold,0,0.000000000,1.000000000,0.814271076,0.814271076,0.229381473,0.000000000,0.000000000,280.000,478.000,478.000
1786747287911,XAUT_USDT,demo,0,stale_binance,0,0.000000000,1.000000000,0.000000000,0.000000000,0.229381473,0.000000000,0.000000000,382.000,580.000,580.000
1786747288058,XAUT_USDT,demo,0,stale_binance,0,0.000000000,1.000000000,0.000000000,0.000000000,0.229381473,0.000000000,0.000000000,529.000,54.000,54.000
1786747288181,XAUT_USDT,demo,0,stale_binance,0,0.000000000,1.000000000,0.000000000,0.000000000,0.229381473,0.000000000,0.000000000,652.000,177.000,177.000
1786747288980,XAUT_USDT,demo,0,stale_binance,0,0.000000000,1.000000000,0.000000000,0.000000000,0.229381473,0.000000000,0.000000000,679.000,976.000,976.000
1786747289100,XAUT_USDT,demo,0,stale_binance,0,0.000000000,1.000000000,0.000000000,0.000000000,0.229381473,0.000000000,0.000000000,799.000,1096.000,1096.000
1786747289225,XAUT_USDT,demo,0,stale_binance,0,0.000000000,1.000000000,0.000000000,0.000000000,0.229381473,0.000000000,0.000000000,924.000,1221.000,1221.000
1786747289351,XAUT_USDT,demo,0,stale_binance,0,0.000000000,1.000000000,0.000000000,0.000000000,0.229381473,0.000000000,0.000000000,1050.000,1347.000,1347.000
1786747289467,XAUT_USDT,demo,0,stale_binance,0,0.000000000,1.000000000,0.000000000,0.000000000,0.229381473,0.000000000,0.000000000,1166.000,1463.000,1463.000
1786747289578,XAUT_USDT,demo,0,stale_binance,0,0.000000000,1.000000000,0.000000000,0.000000000,0.229381473,0.000000000,0.000000000,1277.000,1574.000,1574.000
1786747289698,XAUT_USDT,demo,0,stale_binance,0,0.000000000,1.000000000,0.000000000,0.000000000,0.229381473,0.000000000,0.000000000,1397.000,1694.000,1694.000
1786747289821,XAUT_USDT,demo,0,stale_binance,0,0.000000000,1.000000000,0.000000000,0.000000000,0.229381473,0.000000000,0.000000000,1520.000,1817.000,1817.000
1786747289947,XAUT_USDT,demo,0,stale_binance,0,0.000000000,1.000000000,0.000000000,0.000000000,0.229381473,0.000000000,0.000000000,1646.000,1943.000,1943.000
1786747292243,XAUT_USDT,demo,0,stale_binance,0,0.000000000,1.000000000,0.000000000,0.000000000,0.229381473,0.000000000,0.000000000,426.000,1.000,1.000
1786747292366,XAUT_USDT,demo,0,stale_binance,0,0.000000000,1.000000000,0.000000000,0.000000000,0.229381473,0.000000000,0.000000000,549.000,124.000,124.000
1786747292491,XAUT_USDT,demo,0,stale_binance,0,0.000000000,1.000000000,0.000000000,0.000000000,0.229381473,0.000000000,0.000000000,674.000,0.000,0.000
1786747292614,XAUT_USDT,demo,0,stale_binance,0,0.000000000,1.000000000,0.000000000,0.000000000,0.229381473,0.000000000,0.000000000,797.000,123.000,123.000
1786747292731,XAUT_USDT,demo,0,stale_binance,0,0.000000000,1.000000000,0.000000000,0.000000000,0.229381473,0.000000000,0.000000000,914.000,0.000,0.000
1786747292835,XAUT_USDT,demo,0,stale_binance,0,0.000000000,1.000000000,0.000000000,0.000000000,0.229381473,0.000000000,0.000000000,1018.000,0.000,0.000
1786747292990,XAUT_USDT,demo,0,stale_binance,0,0.000000000,1.000000000,0.000000000,0.000000000,0.229381473,0.000000000,0.000000000,1173.000,61.000,61.000
1786747293114,XAUT_USDT,demo,0,stale_binance,0,0.000000000,1.000000000,0.000000000,0.000000000,0.229381473,0.000000000,0.000000000,1297.000,185.000,185.000
1786747293224,XAUT_USDT,demo,0,microspread_below_threshold,0,0.000000000,1.000000000,0.814271076,0.814271076,0.229381473,0.000000000,0.000000000,0.000,295.000,295.000
1786747293350,XAUT_USDT,demo,0,microspread_below_threshold,0,0.000000000,1.000000000,0.814271076,0.814271076,0.229381473,0.000000000,0.000000000,125.000,421.000,421.000
1786747293474,XAUT_USDT,demo,0,microspread_below_threshold,0,0.000000000,1.000000000,0.814271076,0.814271076,0.229381473,0.000000000,0.000000000,249.000,545.000,545.000
1786747293616,XAUT_USDT,demo,0,microspread_below_threshold,0,0.000000000,1.000000000,0.814271076,0.814271076,0.229381473,0.000000000,0.000000000,55.000,687.000,687.000
1786747293758,XAUT_USDT,demo,0,microspread_below_threshold,0,0.000000000,1.000000000,0.814271076,0.814271076,0.229381473,0.000000000,0.000000000,54.000,829.000,829.000
1786747293871,XAUT_USDT,demo,0,microspread_below_threshold,0,0.000000000,1.000000000,0.814271076,0.814271076,0.229381473,0.000000000,0.000000000,0.000,942.000,942.000
1786747294024,XAUT_USDT,demo,0,stale_binance,0,0.000000000,1.000000000,0.000000000,0.000000000,0.229381473,0.000000000,0.000000000,-715.000,1095.000,1095.000
1786747294780,XAUT_USDT,demo,0,microspread_below_threshold,0,0.000000000,1.000000000,0.814271076,0.814271076,0.229381473,0.000000000,0.000000000,41.000,1851.000,1851.000
1786747294902,XAUT_USDT,demo,0,microspread_below_threshold,0,0.000000000,1.000000000,0.814271076,0.814271076,0.229381473,0.000000000,0.000000000,163.000,1973.000,1973.000
1786747298948,XAUT_USDT,demo,0,stale_binance,0,0.000000000,1.000000000,0.000000000,0.000000000,0.229381473,0.000000000,0.000000000,1410.000,0.000,0.000
1786747299097,XAUT_USDT,demo,0,microspread_below_threshold,0,0.000000000,1.000000000,0.814271076,0.814271076,0.229381473,0.000000000,0.000000000,147.000,51.000,51.000
1786747299217,XAUT_USDT,demo,0,microspread_below_threshold,0,0.000000000,1.000000000,0.814271076,0.814271076,0.229381473,0.000000000,0.000000000,267.000,0.000,0.000
1786747299331,XAUT_USDT,demo,0,stale_binance,0,0.000000000,1.000000000,0.000000000,0.000000000,0.229381473,0.000000000,0.000000000,381.000,114.000,114.000
1786747299442,XAUT_USDT,demo,0,stale_binance,0,0.000000000,1.000000000,0.000000000,0.000000000,0.229381473,0.000000000,0.000000000,492.000,51.000,51.000
1786747299584,XAUT_USDT,demo,0,stale_binance,0,0.000000000,1.000000000,0.000000000,0.000000000,0.229381473,0.000000000,0.000000000,634.000,56.000,56.000
1786747299709,XAUT_USDT,demo,0,stale_binance,0,0.000000000,1.000000000,0.000000000,0.000000000,0.229381473,0.000000000,0.000000000,759.000,56.000,56.000
1786747300547,XAUT_USDT,demo,0,microspread_below_threshold,0,0.000000000,1.000000000,0.814271076,0.814271076,0.229381473,0.000000000,0.000000000,172.000,189.000,189.000
1786747300667,XAUT_USDT,demo,0,microspread_below_threshold,0,0.000000000,1.000000000,0.814271076,0.814271076,0.229381473,0.000000000,0.000000000,292.000,55.000,55.000
1786747300798,XAUT_USDT,demo,0,stale_binance,0,0.000000000,1.000000000,0.000000000,0.000000000,0.229381473,0.000000000,0.000000000,423.000,101.000,101.000
1786747300919,XAUT_USDT,demo,0,stale_binance,0,0.000000000,1.000000000,0.000000000,0.000000000,0.229381473,0.000000000,0.000000000,544.000,222.000,222.000
1786747301031,XAUT_USDT,demo,0,stale_binance,0,0.000000000,1.000000000,0.000000000,0.000000000,0.229381473,0.000000000,0.000000000,656.000,334.000,334.000
1786747301173,XAUT_USDT,demo,0,stale_binance,0,0.000000000,1.000000000,0.000000000,0.000000000,0.229381473,0.000000000,0.000000000,798.000,57.000,57.000
1786747301291,XAUT_USDT,demo,0,stale_binance,0,0.000000000,1.000000000,0.000000000,0.000000000,0.229381473,0.000000000,0.000000000,916.000,175.000,175.000
1786747301416,XAUT_USDT,demo,0,stale_binance,0,0.000000000,1.000000000,0.000000000,0.000000000,0.229381473,0.000000000,0.000000000,1041.000,300.000,300.000
1786747301540,XAUT_USDT,demo,0,stale_binance,0,0.000000000,1.000000000,0.000000000,0.000000000,0.229381473,0.000000000,0.000000000,1165.000,424.000,424.000
1786747301664,XAUT_USDT,demo,0,stale_binance,0,0.000000000,1.000000000,0.000000000,0.000000000,0.229381473,0.000000000,0.000000000,1289.000,548.000,548.000
1786747301789,XAUT_USDT,demo,0,stale_binance,0,0.000000000,1.000000000,0.000000000,0.000000000,0.229381473,0.000000000,0.000000000,1414.000,673.000,673.000
1786747301930,XAUT_USDT,demo,0,stale_binance,0,0.000000000,1.000000000,0.000000000,0.000000000,0.229381473,0.000000000,0.000000000,1555.000,814.000,814.000
1786747302056,XAUT_USDT,demo,0,stale_binance,0,0.000000000,1.000000000,0.000000000,0.000000000,0.229381473,0.000000000,0.000000000,1681.000,940.000,940.000
1786747302166,XAUT_USDT,demo,0,microspread_below_threshold,0,0.000000000,1.000000000,0.814271076,0.814271076,0.229381473,0.000000000,0.000000000,62.000,1050.000,1050.000
1786747302290,XAUT_USDT,demo,0,microspread_below_threshold,0,0.000000000,1.000000000,0.814271076,0.814271076,0.229381473,0.000000000,0.000000000,186.000,1174.000,1174.000
1786747302407,XAUT_USDT,demo,0,microspread_below_threshold,0,0.000000000,1.000000000,0.814271076,0.814271076,0.229381473,0.000000000,0.000000000,0.000,1291.000,1291.000
1786747302556,XAUT_USDT,demo,0,microspread_below_threshold,0,0.000000000,1.000000000,0.814271076,0.814271076,0.229381473,0.000000000,0.000000000,122.000,1440.000,1440.000
1786747302660,XAUT_USDT,demo,0,microspread_below_threshold,0,0.000000000,1.000000000,0.814271076,0.814271076,0.229381473,0.000000000,0.000000000,226.000,1544.000,1544.000
1786747302773,XAUT_USDT,demo,0,stale_binance,0,0.000000000,1.000000000,0.000000000,0.000000000,0.229381473,0.000000000,0.000000000,339.000,1657.000,1657.000
1786747302885,XAUT_USDT,demo,0,stale_binance,0,0.000000000,1.000000000,0.000000000,0.000000000,0.229381473,0.000000000,0.000000000,451.000,1769.000,1769.000
1786747303029,XAUT_USDT,demo,0,microspread_below_threshold,0,0.000000000,1.000000000,0.814271076,0.814271076,0.229381473,0.000000000,0.000000000,59.000,1913.000,1913.000
1786747306288,XAUT_USDT,demo,0,microspread_below_threshold,0,0.000000000,1.000000000,0.814271076,0.814271076,0.229381473,0.000000000,0.000000000,36.000,60.000,60.000
1786747306405,XAUT_USDT,demo,0,microspread_below_threshold,0,0.000000000,1.000000000,0.814271076,0.814271076,0.229381473,0.000000000,0.000000000,153.000,177.000,177.000
1786747306546,XAUT_USDT,demo,0,microspread_below_threshold,0,0.000000000,1.000000000,0.814271076,0.814271076,0.229381473,0.000000000,0.000000000,80.000,53.000,53.000
1786747306671,XAUT_USDT,demo,0,microspread_below_threshold,0,0.000000000,1.000000000,0.814271076,0.814271076,0.229381473,0.000000000,0.000000000,64.000,178.000,178.000
1786747306796,XAUT_USDT,demo,0,microspread_below_threshold,0,0.000000000,1.000000000,0.814271076,0.814271076,0.229381473,0.000000000,0.000000000,189.000,303.000,303.000
1786747306921,XAUT_USDT,demo,0,stale_binance,0,0.000000000,1.000000000,0.000000000,0.000000000,0.229381473,0.000000000,0.000000000,314.000,428.000,428.000
1786747307033,XAUT_USDT,demo,0,microspread_below_threshold,0,0.000000000,1.000000000,0.814271076,0.814271076,0.229381473,0.000000000,0.000000000,0.000,540.000,540.000
1786747307158,XAUT_USDT,demo,0,microspread_below_threshold,0,0.000000000,1.000000000,0.814271076,0.814271076,0.229381473,0.000000000,0.000000000,125.000,665.000,665.000
1786747307268,XAUT_USDT,demo,0,microspread_below_threshold,0,0.000000000,1.000000000,0.814271076,0.814271076,0.229381473,0.000000000,0.000000000,66.000,775.000,775.000
1786747307393,XAUT_USDT,demo,0,microspread_below_threshold,0,0.000000000,1.000000000,0.814271076,0.814271076,0.229381473,0.000000000,0.000000000,191.000,900.000,900.000
1786747307508,XAUT_USDT,demo,0,microspread_below_threshold,0,0.000000000,1.000000000,0.814271076,0.814271076,0.229381473,0.000000000,0.000000000,0.000,1015.000,1015.000
1786747307611,XAUT_USDT,demo,0,microspread_below_threshold,0,0.000000000,1.000000000,0.814271076,0.814271076,0.229381473,0.000000000,0.000000000,61.000,1118.000,1118.000
1786747307724,XAUT_USDT,demo,0,microspread_below_threshold,0,0.000000000,1.000000000,0.814271076,0.814271076,0.229381473,0.000000000,0.000000000,174.000,1231.000,1231.000
1786747307827,XAUT_USDT,demo,0,microspread_below_threshold,0,0.000000000,1.000000000,0.814271076,0.814271076,0.229381473,0.000000000,0.000000000,277.000,1334.000,1334.000
1786747307935,XAUT_USDT,demo,0,microspread_below_threshold,0,0.000000000,1.000000000,0.814271076,0.814271076,0.229381473,0.000000000,0.000000000,64.000,1442.000,1442.000
1786747308061,XAUT_USDT,demo,0,microspread_below_threshold,0,0.000000000,1.000000000,0.814271076,0.814271076,0.229381473,0.000000000,0.000000000,190.000,1568.000,1568.000
1786747308186,XAUT_USDT,demo,0,stale_binance,0,0.000000000,1.000000000,0.000000000,0.000000000,0.229381473,0.000000000,0.000000000,315.000,1693.000,1693.000
1786747308309,XAUT_USDT,demo,0,microspread_below_threshold,0,0.000000000,1.000000000,0.814271076,0.814271076,0.229381473,0.000000000,0.000000000,0.000,1816.000,1816.000
1786747308465,XAUT_USDT,demo,0,microspread_below_threshold,0,0.000000000,1.000000000,0.814271076,0.814271076,0.229381473,0.000000000,0.000000000,126.000,1972.000,1972.000
1786747312517,XAUT_USDT,demo,0,microspread_below_threshold,0,0.000000000,1.000000000,0.814271076,0.814271076,0.229381473,0.000000000,0.000000000,8.000,0.000,0.000
1786747312663,XAUT_USDT,demo,0,microspread_below_threshold,0,0.000000000,1.000000000,0.814271076,0.814271076,0.229381473,0.000000000,0.000000000,154.000,61.000,61.000
1786747312784,XAUT_USDT,demo,0,microspread_below_threshold,0,0.000000000,1.000000000,0.814271076,0.814271076,0.229381473,0.000000000,0.000000000,275.000,0.000,0.000
1786747312884,XAUT_USDT,demo,0,stale_binance,0,0.000000000,1.000000000,0.000000000,0.000000000,0.229381473,0.000000000,0.000000000,375.000,0.000,0.000
1786747313038,XAUT_USDT,demo,0,microspread_below_threshold,0,0.000000000,1.000000000,0.814271076,0.814271076,0.229381473,0.000000000,0.000000000,64.000,154.000,154.000
1786747313195,XAUT_USDT,demo,0,microspread_below_threshold,0,0.000000000,1.000000000,0.814271076,0.814271076,0.229381473,0.000000000,0.000000000,221.000,66.000,66.000
1786747313321,XAUT_USDT,demo,0,stale_binance,0,0.000000000,1.000000000,0.000000000,0.000000000,0.229381473,0.000000000,0.000000000,347.000,192.000,192.000
1786747313431,XAUT_USDT,demo,0,stale_binance,0,0.000000000,1.000000000,0.000000000,0.000000000,0.229381473,0.000000000,0.000000000,457.000,0.000,0.000
1786747313570,XAUT_USDT,demo,0,microspread_below_threshold,0,0.000000000,1.000000000,0.814271076,0.814271076,0.229381473,0.000000000,0.000000000,55.000,95.000,95.000
1786747313697,XAUT_USDT,demo,0,microspread_below_threshold,0,0.000000000,1.000000000,0.814271076,0.814271076,0.229381473,0.000000000,0.000000000,182.000,51.000,51.000
1786747313827,XAUT_USDT,demo,0,stale_binance,0,0.000000000,1.000000000,0.000000000,0.000000000,0.229381473,0.000000000,0.000000000,312.000,0.000,0.000
1786747313971,XAUT_USDT,demo,0,stale_binance,0,0.000000000,1.000000000,0.000000000,0.000000000,0.229381473,0.000000000,0.000000000,456.000,56.000,56.000
1786747314083,XAUT_USDT,demo,0,stale_binance,0,0.000000000,1.000000000,0.000000000,0.000000000,0.229381473,0.000000000,0.000000000,568.000,168.000,168.000
1786747314227,XAUT_USDT,demo,0,stale_binance,0,0.000000000,1.000000000,0.000000000,0.000000000,0.229381473,0.000000000,0.000000000,712.000,56.000,56.000
1786747314362,XAUT_USDT,demo,0,stale_binance,0,0.000000000,1.000000000,0.000000000,0.000000000,0.229381473,0.000000000,0.000000000,847.000,107.000,107.000
1786747314485,XAUT_USDT,demo,0,stale_binance,0,0.000000000,1.000000000,0.000000000,0.000000000,0.229381473,0.000000000,0.000000000,970.000,58.000,58.000
1786747314635,XAUT_USDT,demo,0,microspread_below_threshold,0,0.000000000,1.000000000,0.814271076,0.814271076,0.229381473,0.000000000,0.000000000,125.000,122.000,122.000
1786747314760,XAUT_USDT,demo,0,microspread_below_threshold,0,0.000000000,1.000000000,0.814271076,0.814271076,0.229381473,0.000000000,0.000000000,250.000,247.000,247.000
1786747314883,XAUT_USDT,demo,0,stale_binance,0,0.000000000,1.000000000,0.000000000,0.000000000,0.229381473,0.000000000,0.000000000,373.000,113.000,113.000
1786747314992,XAUT_USDT,demo,0,stale_binance,0,0.000000000,1.000000000,0.000000000,0.000000000,0.229381473,0.000000000,0.000000000,482.000,52.000,52.000
1786747315103,XAUT_USDT,demo,0,microspread_below_threshold,0,0.000000000,1.000000000,0.814271076,0.814271076,0.229381473,0.000000000,0.000000000,64.000,77.000,77.000
1786747315204,XAUT_USDT,demo,0,microspread_below_threshold,0,0.000000000,1.000000000,0.814271076,0.814271076,0.229381473,0.000000000,0.000000000,165.000,0.000,0.000
1786747315321,XAUT_USDT,demo,0,microspread_below_threshold,0,0.000000000,1.000000000,0.814271076,0.814271076,0.229381473,0.000000000,0.000000000,282.000,117.000,117.000
1786747315461,XAUT_USDT,demo,0,microspread_below_threshold,0,0.000000000,1.000000000,0.814271076,0.814271076,0.229381473,0.000000000,0.000000000,121.000,257.000,257.000
1786747315602,XAUT_USDT,demo,0,microspread_below_threshold,0,0.000000000,1.000000000,0.814271076,0.814271076,0.229381473,0.000000000,0.000000000,57.000,398.000,398.000
1786747315726,XAUT_USDT,demo,0,microspread_below_threshold,0,0.000000000,1.000000000,0.814271076,0.814271076,0.229381473,0.000000000,0.000000000,181.000,522.000,522.000
1786747315852,XAUT_USDT,demo,0,stale_binance,0,0.000000000,1.000000000,0.000000000,0.000000000,0.229381473,0.000000000,0.000000000,307.000,648.000,648.000
1786747315967,XAUT_USDT,demo,0,stale_binance,0,0.000000000,1.000000000,0.000000000,0.000000000,0.229381473,0.000000000,0.000000000,422.000,763.000,763.000
1786747316077,XAUT_USDT,demo,0,stale_binance,0,0.000000000,1.000000000,0.000000000,0.000000000,0.229381473,0.000000000,0.000000000,532.000,873.000,873.000
1786747316199,XAUT_USDT,demo,0,stale_binance,0,0.000000000,1.000000000,0.000000000,0.000000000,0.229381473,0.000000000,0.000000000,654.000,995.000,995.000
1786747316317,XAUT_USDT,demo,0,stale_binance,0,0.000000000,1.000000000,0.000000000,0.000000000,0.229381473,0.000000000,0.000000000,772.000,1113.000,1113.000
1786747316442,XAUT_USDT,demo,0,stale_binance,0,0.000000000,1.000000000,0.000000000,0.000000000,0.229381473,0.000000000,0.000000000,897.000,1238.000,1238.000
1786747316598,XAUT_USDT,demo,0,microspread_below_threshold,0,0.000000000,1.000000000,0.814271076,0.814271076,0.229381473,0.000000000,0.000000000,61.000,1394.000,1394.000
1786747316722,XAUT_USDT,demo,0,microspread_below_threshold,0,0.000000000,1.000000000,0.814271076,0.814271076,0.229381473,0.000000000,0.000000000,185.000,1518.000,1518.000
1786747316848,XAUT_USDT,demo,0,stale_binance,0,0.000000000,1.000000000,0.000000000,0.000000000,0.229381473,0.000000000,0.000000000,311.000,1644.000,1644.000
1786747316990,XAUT_USDT,demo,0,stale_binance,0,0.000000000,1.000000000,0.000000000,0.000000000,0.229381473,0.000000000,0.000000000,453.000,1786.000,1786.000
1786747318974,XAUT_USDT,demo,0,stale_binance,0,0.000000000,1.000000000,0.000000000,0.000000000,0.229381473,0.000000000,0.000000000,467.000,1.000,1.000
1786747319123,XAUT_USDT,demo,0,stale_binance,0,0.000000000,1.000000000,0.000000000,0.000000000,0.229381473,0.000000000,0.000000000,616.000,61.000,61.000
1786747319242,XAUT_USDT,demo,0,stale_binance,0,0.000000000,1.000000000,0.000000000,0.000000000,0.229381473,0.000000000,0.000000000,735.000,0.000,0.000
1786747319387,XAUT_USDT,demo,0,stale_binance,0,0.000000000,1.000000000,0.000000000,0.000000000,0.229381473,0.000000000,0.000000000,880.000,62.000,62.000
1786747319528,XAUT_USDT,demo,0,stale_binance,0,0.000000000,1.000000000,0.000000000,0.000000000,0.229381473,0.000000000,0.000000000,1021.000,115.000,115.000
1786747319628,XAUT_USDT,demo,0,microspread_below_threshold,0,0.000000000,1.000000000,0.814271076,0.814271076,0.229381473,0.000000000,0.000000000,33.000,0.000,0.000
1786747319730,XAUT_USDT,demo,0,microspread_below_threshold,0,0.000000000,1.000000000,0.814271076,0.814271076,0.229381473,0.000000000,0.000000000,135.000,0.000,0.000
1786747319858,XAUT_USDT,demo,0,microspread_below_threshold,0,0.000000000,1.000000000,0.814271076,0.814271076,0.229381473,0.000000000,0.000000000,263.000,0.000,0.000
1786747320000,XAUT_USDT,demo,0,stale_binance,0,0.000000000,1.000000000,0.000000000,0.000000000,0.229381473,0.000000000,0.000000000,405.000,59.000,59.000
1786747320111,XAUT_USDT,demo,0,stale_binance,0,0.000000000,1.000000000,0.000000000,0.000000000,0.229381473,0.000000000,0.000000000,516.000,0.000,0.000
1786747320214,XAUT_USDT,demo,0,microspread_below_threshold,0,0.000000000,1.000000000,0.814271076,0.814271076,0.229381473,0.000000000,0.000000000,0.000,103.000,103.000
1786747320335,XAUT_USDT,demo,0,microspread_below_threshold,0,0.000000000,1.000000000,0.814271076,0.814271076,0.229381473,0.000000000,0.000000000,0.000,224.000,224.000
1786747320468,XAUT_USDT,demo,0,microspread_below_threshold,0,0.000000000,1.000000000,0.814271076,0.814271076,0.229381473,0.000000000,0.000000000,120.000,357.000,357.000
1786747320577,XAUT_USDT,demo,0,microspread_below_threshold,0,0.000000000,1.000000000,0.814271076,0.814271076,0.229381473,0.000000000,0.000000000,61.000,466.000,466.000
1786747320734,XAUT_USDT,demo,0,microspread_below_threshold,0,0.000000000,1.000000000,0.814271076,0.814271076,0.229381473,0.000000000,0.000000000,117.000,623.000,623.000
1786747320846,XAUT_USDT,demo,0,microspread_below_threshold,0,0.000000000,1.000000000,0.814271076,0.814271076,0.229381473,0.000000000,0.000000000,229.000,735.000,735.000
1786747320953,XAUT_USDT,demo,0,stale_binance,0,0.000000000,1.000000000,0.000000000,0.000000000,0.229381473,0.000000000,0.000000000,336.000,842.000,842.000
1786747321064,XAUT_USDT,demo,0,stale_binance,0,0.000000000,1.000000000,0.000000000,0.000000000,0.229381473,0.000000000,0.000000000,447.000,953.000,953.000
1786747321168,XAUT_USDT,demo,0,stale_binance,0,0.000000000,1.000000000,0.000000000,0.000000000,0.229381473,0.000000000,0.000000000,551.000,1057.000,1057.000
1786747321317,XAUT_USDT,demo,0,microspread_below_threshold,0,0.000000000,1.000000000,0.814271076,0.814271076,0.229381473,0.000000000,0.000000000,63.000,1206.000,1206.000
1786747321441,XAUT_USDT,demo,0,microspread_below_threshold,0,0.000000000,1.000000000,0.814271076,0.814271076,0.229381473,0.000000000,0.000000000,187.000,1330.000,1330.000
1786747321566,XAUT_USDT,demo,0,microspread_below_threshold,0,0.000000000,1.000000000,0.814271076,0.814271076,0.229381473,0.000000000,0.000000000,59.000,1455.000,1455.000
1786747321683,XAUT_USDT,demo,0,microspread_below_threshold,0,0.000000000,1.000000000,0.814271076,0.814271076,0.229381473,0.000000000,0.000000000,0.000,1572.000,1572.000
1786747321802,XAUT_USDT,demo,0,microspread_below_threshold,0,0.000000000,1.000000000,0.814271076,0.814271076,0.229381473,0.000000000,0.000000000,119.000,1691.000,1691.000
1786747321926,XAUT_USDT,demo,0,microspread_below_threshold,0,0.000000000,1.000000000,0.814271076,0.814271076,0.229381473,0.000000000,0.000000000,243.000,1815.000,1815.000
1786747322050,XAUT_USDT,demo,0,stale_binance,0,0.000000000,1.000000000,0.000000000,0.000000000,0.229381473,0.000000000,0.000000000,367.000,1939.000,1939.000
1786747325272,XAUT_USDT,demo,0,stale_binance,0,0.000000000,1.000000000,0.000000000,0.000000000,0.229381473,0.000000000,0.000000000,751.000,0.000,0.000
1786747325389,XAUT_USDT,demo,0,stale_binance,0,0.000000000,1.000000000,0.000000000,0.000000000,0.229381473,0.000000000,0.000000000,868.000,117.000,117.000
1786747325508,XAUT_USDT,demo,0,microspread_below_threshold,0,0.000000000,1.000000000,0.814271076,0.814271076,0.229381473,0.000000000,0.000000000,1.000,236.000,236.000
1786747325610,XAUT_USDT,demo,0,microspread_below_threshold,0,0.000000000,1.000000000,0.814271076,0.814271076,0.229381473,0.000000000,0.000000000,0.000,81.000,81.000
1786747325762,XAUT_USDT,demo,0,microspread_below_threshold,0,0.000000000,1.000000000,0.814271076,0.814271076,0.229381473,0.000000000,0.000000000,125.000,141.000,141.000
1786747325891,XAUT_USDT,demo,0,microspread_below_threshold,0,0.000000000,1.000000000,0.814271076,0.814271076,0.229381473,0.000000000,0.000000000,254.000,0.000,0.000
1786747325993,XAUT_USDT,demo,0,microspread_below_threshold,0,0.000000000,1.000000000,0.814271076,0.814271076,0.229381473,0.000000000,0.000000000,0.000,102.000,102.000
1786747326102,XAUT_USDT,demo,0,microspread_below_threshold,0,0.000000000,1.000000000,0.814271076,0.814271076,0.229381473,0.000000000,0.000000000,0.000,37.000,37.000
1786747326216,XAUT_USDT,demo,0,microspread_below_threshold,0,0.000000000,1.000000000,0.814271076,0.814271076,0.229381473,0.000000000,0.000000000,114.000,63.000,63.000
1786747326357,XAUT_USDT,demo,0,microspread_below_threshold,0,0.000000000,1.000000000,0.814271076,0.814271076,0.229381473,0.000000000,0.000000000,255.000,115.000,115.000
1786747326482,XAUT_USDT,demo,0,stale_binance,0,0.000000000,1.000000000,0.000000000,0.000000000,0.229381473,0.000000000,0.000000000,380.000,62.000,62.000
1786747326592,XAUT_USDT,demo,0,microspread_below_threshold,0,0.000000000,1.000000000,0.814271076,0.814271076,0.229381473,0.000000000,0.000000000,83.000,0.000,0.000
1786747326732,XAUT_USDT,demo,0,microspread_below_threshold,0,0.000000000,1.000000000,0.814271076,0.814271076,0.229381473,0.000000000,0.000000000,116.000,140.000,140.000
1786747326850,XAUT_USDT,demo,0,microspread_below_threshold,0,0.000000000,1.000000000,0.814271076,0.814271076,0.229381473,0.000000000,0.000000000,234.000,1.000,1.000
1786747326966,XAUT_USDT,demo,0,stale_binance,0,0.000000000,1.000000000,0.000000000,0.000000000,0.229381473,0.000000000,0.000000000,350.000,117.000,117.000
1786747327090,XAUT_USDT,demo,0,stale_binance,0,0.000000000,1.000000000,0.000000000,0.000000000,0.229381473,0.000000000,0.000000000,474.000,61.000,61.000
1786747327215,XAUT_USDT,demo,0,stale_binance,0,0.000000000,1.000000000,0.000000000,0.000000000,0.229381473,0.000000000,0.000000000,599.000,186.000,186.000
1786747327377,XAUT_USDT,demo,0,microspread_below_threshold,0,0.000000000,1.000000000,0.814271076,0.814271076,0.229381473,0.000000000,0.000000000,66.000,348.000,348.000
1786747327508,XAUT_USDT,demo,0,microspread_below_threshold,0,0.000000000,1.000000000,0.814271076,0.814271076,0.229381473,0.000000000,0.000000000,0.000,479.000,479.000
1786747327626,XAUT_USDT,demo,0,microspread_below_threshold,0,0.000000000,1.000000000,0.814271076,0.814271076,0.229381473,0.000000000,0.000000000,56.000,597.000,597.000
1786747327736,XAUT_USDT,demo,0,microspread_below_threshold,0,0.000000000,1.000000000,0.814271076,0.814271076,0.229381473,0.000000000,0.000000000,1.000,707.000,707.000
1786747327863,XAUT_USDT,demo,0,microspread_below_threshold,0,0.000000000,1.000000000,0.814271076,0.814271076,0.229381473,0.000000000,0.000000000,128.000,834.000,834.000
1786747327987,XAUT_USDT,demo,0,microspread_below_threshold,0,0.000000000,1.000000000,0.814271076,0.814271076,0.229381473,0.000000000,0.000000000,252.000,958.000,958.000
1786747328110,XAUT_USDT,demo,0,stale_binance,0,0.000000000,1.000000000,0.000000000,0.000000000,0.229381473,0.000000000,0.000000000,375.000,1081.000,1081.000
1786747328235,XAUT_USDT,demo,0,stale_binance,0,0.000000000,1.000000000,0.000000000,0.000000000,0.229381473,0.000000000,0.000000000,500.000,1206.000,1206.000
1786747328359,XAUT_USDT,demo,0,stale_binance,0,0.000000000,1.000000000,0.000000000,0.000000000,0.229381473,0.000000000,0.000000000,624.000,1330.000,1330.000
1786747328484,XAUT_USDT,demo,0,stale_binance,0,0.000000000,1.000000000,0.000000000,0.000000000,0.229381473,0.000000000,0.000000000,-415.000,1455.000,1455.000
1786747331763,XAUT_USDT,demo,0,microspread_below_threshold,0,0.000000000,1.000000000,0.814271076,0.814271076,0.229381473,0.000000000,0.000000000,168.000,0.000,0.000
1786747331927,XAUT_USDT,demo,0,stale_binance,0,0.000000000,1.000000000,0.000000000,0.000000000,0.229381473,0.000000000,0.000000000,332.000,69.000,69.000
1786747332055,XAUT_USDT,demo,0,stale_binance,0,0.000000000,1.000000000,0.000000000,0.000000000,0.229381473,0.000000000,0.000000000,460.000,197.000,197.000
1786747332196,XAUT_USDT,demo,0,microspread_below_threshold,0,0.000000000,1.000000000,0.814271076,0.814271076,0.229381473,0.000000000,0.000000000,115.000,65.000,65.000
1786747332323,XAUT_USDT,demo,0,microspread_below_threshold,0,0.000000000,1.000000000,0.814271076,0.814271076,0.229381473,0.000000000,0.000000000,0.000,28.000,28.000
1786747332462,XAUT_USDT,demo,0,microspread_below_threshold,0,0.000000000,1.000000000,0.814271076,0.814271076,0.229381473,0.000000000,0.000000000,114.000,167.000,167.000
1786747332565,XAUT_USDT,demo,0,microspread_below_threshold,0,0.000000000,1.000000000,0.814271076,0.814271076,0.229381473,0.000000000,0.000000000,0.000,9.000,9.000
1786747332681,XAUT_USDT,demo,0,microspread_below_threshold,0,0.000000000,1.000000000,0.814271076,0.814271076,0.229381473,0.000000000,0.000000000,51.000,125.000,125.000
1786747332806,XAUT_USDT,demo,0,microspread_below_threshold,0,0.000000000,1.000000000,0.814271076,0.814271076,0.229381473,0.000000000,0.000000000,176.000,250.000,250.000
1786747332962,XAUT_USDT,demo,0,stale_binance,0,0.000000000,1.000000000,0.000000000,0.000000000,0.229381473,0.000000000,0.000000000,332.000,61.000,61.000
1786747333104,XAUT_USDT,demo,0,microspread_below_threshold,0,0.000000000,1.000000000,0.814271076,0.814271076,0.229381473,0.000000000,0.000000000,64.000,203.000,203.000
1786747333263,XAUT_USDT,demo,0,microspread_below_threshold,0,0.000000000,1.000000000,0.814271076,0.814271076,0.229381473,0.000000000,0.000000000,130.000,362.000,362.000
1786747333386,XAUT_USDT,demo,0,microspread_below_threshold,0,0.000000000,1.000000000,0.814271076,0.814271076,0.229381473,0.000000000,0.000000000,253.000,485.000,485.000
1786747333511,XAUT_USDT,demo,0,stale_binance,0,0.000000000,1.000000000,0.000000000,0.000000000,0.229381473,0.000000000,0.000000000,378.000,610.000,610.000
1786747333636,XAUT_USDT,demo,0,stale_binance,0,0.000000000,1.000000000,0.000000000,0.000000000,0.229381473,0.000000000,0.000000000,503.000,735.000,735.000
1786747333761,XAUT_USDT,demo,0,stale_binance,0,0.000000000,1.000000000,0.000000000,0.000000000,0.229381473,0.000000000,0.000000000,628.000,860.000,860.000
1786747333886,XAUT_USDT,demo,0,stale_binance,0,0.000000000,1.000000000,0.000000000,0.000000000,0.229381473,0.000000000,0.000000000,753.000,985.000,985.000
1786747334002,XAUT_USDT,demo,0,stale_binance,0,0.000000000,1.000000000,0.000000000,0.000000000,0.229381473,0.000000000,0.000000000,869.000,1101.000,1101.000
1786747334124,XAUT_USDT,demo,0,stale_binance,0,0.000000000,1.000000000,0.000000000,0.000000000,0.229381473,0.000000000,0.000000000,991.000,1223.000,1223.000
1786747338324,XAUT_USDT,demo,0,microspread_below_threshold,0,0.000000000,1.000000000,0.814271076,0.814271076,0.229381473,0.000000000,0.000000000,195.000,0.000,0.000
1786747338450,XAUT_USDT,demo,0,stale_binance,0,0.000000000,1.000000000,0.000000000,0.000000000,0.229381473,0.000000000,0.000000000,321.000,126.000,126.000
1786747338576,XAUT_USDT,demo,0,stale_binance,0,0.000000000,1.000000000,0.000000000,0.000000000,0.229381473,0.000000000,0.000000000,447.000,64.000,64.000
1786747338683,XAUT_USDT,demo,0,stale_binance,0,0.000000000,1.000000000,0.000000000,0.000000000,0.229381473,0.000000000,0.000000000,554.000,0.000,0.000
1786747338829,XAUT_USDT,demo,0,stale_binance,0,0.000000000,1.000000000,0.000000000,0.000000000,0.229381473,0.000000000,0.000000000,700.000,63.000,63.000
1786747338942,XAUT_USDT,demo,0,stale_binance,0,0.000000000,1.000000000,0.000000000,0.000000000,0.229381473,0.000000000,0.000000000,813.000,0.000,0.000
1786747339079,XAUT_USDT,demo,0,stale_binance,0,0.000000000,1.000000000,0.000000000,0.000000000,0.229381473,0.000000000,0.000000000,950.000,51.000,51.000
1786747339188,XAUT_USDT,demo,0,microspread_below_threshold,0,0.000000000,1.000000000,0.814271076,0.814271076,0.229381473,0.000000000,0.000000000,53.000,70.000,70.000
1786747339297,XAUT_USDT,demo,0,microspread_below_threshold,0,0.000000000,1.000000000,0.814271076,0.814271076,0.229381473,0.000000000,0.000000000,162.000,0.000,0.000
1786747339421,XAUT_USDT,demo,0,microspread_below_threshold,0,0.000000000,1.000000000,0.814271076,0.814271076,0.229381473,0.000000000,0.000000000,286.000,124.000,124.000
1786747339530,XAUT_USDT,demo,0,stale_binance,0,0.000000000,1.000000000,0.000000000,0.000000000,0.229381473,0.000000000,0.000000000,395.000,58.000,58.000
1786747339648,XAUT_USDT,demo,0,microspread_below_threshold,0,0.000000000,1.000000000,0.814271076,0.814271076,0.229381473,0.000000000,0.000000000,40.000,0.000,0.000
1786747339794,XAUT_USDT,demo,0,microspread_below_threshold,0,0.000000000,1.000000000,0.814271076,0.814271076,0.229381473,0.000000000,0.000000000,134.000,59.000,59.000
1786747339907,XAUT_USDT,demo,0,microspread_below_threshold,0,0.000000000,1.000000000,0.814271076,0.814271076,0.229381473,0.000000000,0.000000000,247.000,0.000,0.000
1786747340058,XAUT_USDT,demo,0,microspread_below_threshold,0,0.000000000,1.000000000,0.814271076,0.814271076,0.229381473,0.000000000,0.000000000,65.000,151.000,151.000
1786747340183,XAUT_USDT,demo,0,microspread_below_threshold,0,0.000000000,1.000000000,0.814271076,0.814271076,0.229381473,0.000000000,0.000000000,190.000,55.000,55.000
1786747340867,XAUT_USDT,demo,0,stale_binance,0,0.000000000,1.000000000,0.000000000,0.000000000,0.229381473,0.000000000,0.000000000,459.000,739.000,739.000
1786747340995,XAUT_USDT,demo,0,microspread_below_threshold,0,0.000000000,1.000000000,0.814271076,0.814271076,0.229381473,0.000000000,0.000000000,65.000,867.000,867.000
1786747341100,XAUT_USDT,demo,0,microspread_below_threshold,0,0.000000000,1.000000000,0.814271076,0.814271076,0.229381473,0.000000000,0.000000000,170.000,972.000,972.000
1786747341239,XAUT_USDT,demo,0,microspread_below_threshold,0,0.000000000,1.000000000,0.814271076,0.814271076,0.229381473,0.000000000,0.000000000,52.000,1111.000,1111.000
1786747341363,XAUT_USDT,demo,0,microspread_below_threshold,0,0.000000000,1.000000000,0.814271076,0.814271076,0.229381473,0.000000000,0.000000000,176.000,1235.000,1235.000
1786747341489,XAUT_USDT,demo,0,stale_binance,0,0.000000000,1.000000000,0.000000000,0.000000000,0.229381473,0.000000000,0.000000000,302.000,1361.000,1361.000
1786747341629,XAUT_USDT,demo,0,microspread_below_threshold,0,0.000000000,1.000000000,0.814271076,0.814271076,0.229381473,0.000000000,0.000000000,62.000,1501.000,1501.000
1786747341753,XAUT_USDT,demo,0,microspread_below_threshold,0,0.000000000,1.000000000,0.814271076,0.814271076,0.229381473,0.000000000,0.000000000,186.000,1625.000,1625.000
1786747341878,XAUT_USDT,demo,0,stale_binance,0,0.000000000,1.000000000,0.000000000,0.000000000,0.229381473,0.000000000,0.000000000,311.000,1750.000,1750.000
1786747342005,XAUT_USDT,demo,0,stale_binance,0,0.000000000,1.000000000,0.000000000,0.000000000,0.229381473,0.000000000,0.000000000,438.000,1877.000,1877.000
1786747342127,XAUT_USDT,demo,0,microspread_below_threshold,0,0.000000000,1.000000000,0.814271076,0.814271076,0.229381473,0.000000000,0.000000000,65.000,1999.000,1999.000
1786747345055,XAUT_USDT,demo,0,microspread_below_threshold,0,0.000000000,1.000000000,0.814271076,0.814271076,0.229381473,0.000000000,0.000000000,24.000,1.000,1.000
1786747345200,XAUT_USDT,demo,0,microspread_below_threshold,0,0.000000000,1.000000000,0.814271076,0.814271076,0.229381473,0.000000000,0.000000000,101.000,59.000,59.000
1786747345303,XAUT_USDT,demo,0,microspread_below_threshold,0,0.000000000,1.000000000,0.814271076,0.814271076,0.229381473,0.000000000,0.000000000,0.000,162.000,162.000
1786747345408,XAUT_USDT,demo,0,microspread_below_threshold,0,0.000000000,1.000000000,0.814271076,0.814271076,0.229381473,0.000000000,0.000000000,103.000,0.000,0.000
1786747345558,XAUT_USDT,demo,0,microspread_below_threshold,0,0.000000000,1.000000000,0.814271076,0.814271076,0.229381473,0.000000000,0.000000000,51.000,150.000,150.000
1786747345666,XAUT_USDT,demo,0,microspread_below_threshold,0,0.000000000,1.000000000,0.814271076,0.814271076,0.229381473,0.000000000,0.000000000,159.000,0.000,0.000
1786747345794,XAUT_USDT,demo,0,microspread_below_threshold,0,0.000000000,1.000000000,0.814271076,0.814271076,0.229381473,0.000000000,0.000000000,287.000,128.000,128.000
1786747346574,XAUT_USDT,demo,0,microspread_below_threshold,0,0.000000000,1.000000000,0.814271076,0.814271076,0.229381473,0.000000000,0.000000000,129.000,45.000,45.000
1786747346683,XAUT_USDT,demo,0,microspread_below_threshold,0,0.000000000,1.000000000,0.814271076,0.814271076,0.229381473,0.000000000,0.000000000,76.000,55.000,55.000
1786747346823,XAUT_USDT,demo,0,microspread_below_threshold,0,0.000000000,1.000000000,0.814271076,0.814271076,0.229381473,0.000000000,0.000000000,216.000,124.000,124.000
1786747346933,XAUT_USDT,demo,0,stale_binance,0,0.000000000,1.000000000,0.000000000,0.000000000,0.229381473,0.000000000,0.000000000,326.000,65.000,65.000
1786747347056,XAUT_USDT,demo,0,stale_binance,0,0.000000000,1.000000000,0.000000000,0.000000000,0.229381473,0.000000000,0.000000000,449.000,188.000,188.000
1786747347181,XAUT_USDT,demo,0,stale_binance,0,0.000000000,1.000000000,0.000000000,0.000000000,0.229381473,0.000000000,0.000000000,574.000,54.000,54.000
1786747347294,XAUT_USDT,demo,0,stale_binance,0,0.000000000,1.000000000,0.000000000,0.000000000,0.229381473,0.000000000,0.000000000,687.000,167.000,167.000
1786747347397,XAUT_USDT,demo,0,stale_binance,0,0.000000000,1.000000000,0.000000000,0.000000000,0.229381473,0.000000000,0.000000000,790.000,270.000,270.000
1786747347519,XAUT_USDT,demo,0,stale_binance,0,0.000000000,1.000000000,0.000000000,0.000000000,0.229381473,0.000000000,0.000000000,912.000,392.000,392.000
1786747347633,XAUT_USDT,demo,0,microspread_below_threshold,0,0.000000000,1.000000000,0.814271076,0.814271076,0.229381473,0.000000000,0.000000000,0.000,506.000,506.000
1786747347743,XAUT_USDT,demo,0,microspread_below_threshold,0,0.000000000,1.000000000,0.814271076,0.814271076,0.229381473,0.000000000,0.000000000,110.000,616.000,616.000
1786747347862,XAUT_USDT,demo,0,microspread_below_threshold,0,0.000000000,1.000000000,0.814271076,0.814271076,0.229381473,0.000000000,0.000000000,229.000,735.000,735.000
1786747347987,XAUT_USDT,demo,0,stale_binance,0,0.000000000,1.000000000,0.000000000,0.000000000,0.229381473,0.000000000,0.000000000,354.000,860.000,860.000
1786747348112,XAUT_USDT,demo,0,microspread_below_threshold,0,0.000000000,1.000000000,0.814271076,0.814271076,0.229381473,0.000000000,0.000000000,115.000,985.000,985.000
1786747348236,XAUT_USDT,demo,0,microspread_below_threshold,0,0.000000000,1.000000000,0.814271076,0.814271076,0.229381473,0.000000000,0.000000000,54.000,105.000,105.000
1786747348362,XAUT_USDT,demo,0,microspread_below_threshold,0,0.000000000,1.000000000,0.814271076,0.814271076,0.229381473,0.000000000,0.000000000,180.000,231.000,231.000
1786747348500,XAUT_USDT,demo,0,microspread_below_threshold,0,0.000000000,1.000000000,0.814271076,0.814271076,0.229381473,0.000000000,0.000000000,53.000,369.000,369.000
1786747348626,XAUT_USDT,demo,0,microspread_below_threshold,0,0.000000000,1.000000000,0.814271076,0.814271076,0.229381473,0.000000000,0.000000000,117.000,495.000,495.000
1786747348738,XAUT_USDT,demo,0,microspread_below_threshold,0,0.000000000,1.000000000,0.814271076,0.814271076,0.229381473,0.000000000,0.000000000,0.000,607.000,607.000
1786747348860,XAUT_USDT,demo,0,microspread_below_threshold,0,0.000000000,1.000000000,0.814271076,0.814271076,0.229381473,0.000000000,0.000000000,122.000,729.000,729.000
1786747348983,XAUT_USDT,demo,0,microspread_below_threshold,0,0.000000000,1.000000000,0.814271076,0.814271076,0.229381473,0.000000000,0.000000000,245.000,852.000,852.000
1786747349104,XAUT_USDT,demo,0,microspread_below_threshold,0,0.000000000,1.000000000,0.814271076,0.814271076,0.229381473,0.000000000,0.000000000,60.000,973.000,973.000
1786747349226,XAUT_USDT,demo,0,microspread_below_threshold,0,0.000000000,1.000000000,0.814271076,0.814271076,0.229381473,0.000000000,0.000000000,182.000,1095.000,1095.000
1786747349338,XAUT_USDT,demo,0,microspread_below_threshold,0,0.000000000,1.000000000,0.814271076,0.814271076,0.229381473,0.000000000,0.000000000,294.000,1207.000,1207.000
1786747349451,XAUT_USDT,demo,0,stale_binance,0,0.000000000,1.000000000,0.000000000,0.000000000,0.229381473,0.000000000,0.000000000,407.000,1320.000,1320.000
1786747349565,XAUT_USDT,demo,0,stale_binance,0,0.000000000,1.000000000,0.000000000,0.000000000,0.229381473,0.000000000,0.000000000,521.000,1434.000,1434.000
1786747349691,XAUT_USDT,demo,0,stale_binance,0,0.000000000,1.000000000,0.000000000,0.000000000,0.229381473,0.000000000,0.000000000,647.000,1560.000,1560.000
1786747349816,XAUT_USDT,demo,0,stale_binance,0,0.000000000,1.000000000,0.000000000,0.000000000,0.229381473,0.000000000,0.000000000,772.000,1685.000,1685.000
1786747349942,XAUT_USDT,demo,0,stale_binance,0,0.000000000,1.000000000,0.000000000,0.000000000,0.229381473,0.000000000,0.000000000,898.000,1811.000,1811.000
1786747350068,XAUT_USDT,demo,0,stale_binance,0,0.000000000,1.000000000,0.000000000,0.000000000,0.229381473,0.000000000,0.000000000,1024.000,1937.000,1937.000
1786747352341,XAUT_USDT,demo,0,stale_binance,0,0.000000000,1.000000000,0.000000000,0.000000000,0.229381473,0.000000000,0.000000000,688.000,12.000,12.000
1786747352462,XAUT_USDT,demo,0,stale_binance,0,0.000000000,1.000000000,0.000000000,0.000000000,0.229381473,0.000000000,0.000000000,809.000,133.000,133.000
1786747352572,XAUT_USDT,demo,0,stale_binance,0,0.000000000,1.000000000,0.000000000,0.000000000,0.229381473,0.000000000,0.000000000,919.000,64.000,64.000
1786747352678,XAUT_USDT,demo,0,stale_binance,0,0.000000000,1.000000000,0.000000000,0.000000000,0.229381473,0.000000000,0.000000000,1025.000,0.000,0.000
1786747352821,XAUT_USDT,demo,0,stale_binance,0,0.000000000,1.000000000,0.000000000,0.000000000,0.229381473,0.000000000,0.000000000,1168.000,58.000,58.000
1786747352962,XAUT_USDT,demo,0,stale_binance,0,0.000000000,1.000000000,0.000000000,0.000000000,0.229381473,0.000000000,0.000000000,1309.000,114.000,114.000
1786747353087,XAUT_USDT,demo,0,stale_binance,0,0.000000000,1.000000000,0.000000000,0.000000000,0.229381473,0.000000000,0.000000000,1434.000,65.000,65.000
1786747353228,XAUT_USDT,demo,0,stale_binance,0,0.000000000,1.000000000,0.000000000,0.000000000,0.229381473,0.000000000,0.000000000,1575.000,121.000,121.000
1786747353354,XAUT_USDT,demo,0,stale_binance,0,0.000000000,1.000000000,0.000000000,0.000000000,0.229381473,0.000000000,0.000000000,1701.000,247.000,247.000
1786747353514,XAUT_USDT,demo,0,stale_binance,0,0.000000000,1.000000000,0.000000000,0.000000000,0.229381473,0.000000000,0.000000000,1861.000,62.000,62.000
1786747353637,XAUT_USDT,demo,0,stale_binance,0,0.000000000,1.000000000,0.000000000,0.000000000,0.229381473,0.000000000,0.000000000,1984.000,0.000,0.000
1786747353764,XAUT_USDT,demo,0,stale_binance,0,0.000000000,1.000000000,0.000000000,0.000000000,0.229381473,0.000000000,0.000000000,2111.000,127.000,127.000
1786747353878,XAUT_USDT,demo,0,stale_binance,0,0.000000000,1.000000000,0.000000000,0.000000000,0.229381473,0.000000000,0.000000000,2225.000,0.000,0.000
1786747354031,XAUT_USDT,demo,0,stale_binance,0,0.000000000,1.000000000,0.000000000,0.000000000,0.229381473,0.000000000,0.000000000,2378.000,66.000,66.000
1786747354168,XAUT_USDT,demo,0,microspread_below_threshold,0,0.000000000,1.000000000,0.814271076,0.814271076,0.229381473,0.000000000,0.000000000,0.000,120.000,120.000
1786747354281,XAUT_USDT,demo,0,microspread_below_threshold,0,0.000000000,1.000000000,0.814271076,0.814271076,0.229381473,0.000000000,0.000000000,110.000,233.000,233.000
1786747354384,XAUT_USDT,demo,0,microspread_below_threshold,0,0.000000000,1.000000000,0.814271076,0.814271076,0.229381473,0.000000000,0.000000000,213.000,336.000,336.000
1786747354539,XAUT_USDT,demo,0,stale_binance,0,0.000000000,1.000000000,0.000000000,0.000000000,0.229381473,0.000000000,0.000000000,368.000,65.000,65.000
1786747354646,XAUT_USDT,demo,0,stale_binance,0,0.000000000,1.000000000,0.000000000,0.000000000,0.229381473,0.000000000,0.000000000,475.000,0.000,0.000
1786747354806,XAUT_USDT,demo,0,microspread_below_threshold,0,0.000000000,1.000000000,0.814271076,0.814271076,0.229381473,0.000000000,0.000000000,125.000,160.000,160.000
1786747354932,XAUT_USDT,demo,0,microspread_below_threshold,0,0.000000000,1.000000000,0.814271076,0.814271076,0.229381473,0.000000000,0.000000000,251.000,286.000,286.000
1786747355056,XAUT_USDT,demo,0,stale_binance,0,0.000000000,1.000000000,0.000000000,0.000000000,0.229381473,0.000000000,0.000000000,375.000,65.000,65.000
1786747355164,XAUT_USDT,demo,0,stale_binance,0,0.000000000,1.000000000,0.000000000,0.000000000,0.229381473,0.000000000,0.000000000,483.000,0.000,0.000
1786747355305,XAUT_USDT,demo,0,microspread_below_threshold,0,0.000000000,1.000000000,0.814271076,0.814271076,0.229381473,0.000000000,0.000000000,63.000,141.000,141.000
1786747355437,XAUT_USDT,demo,0,microspread_below_threshold,0,0.000000000,1.000000000,0.814271076,0.814271076,0.229381473,0.000000000,0.000000000,195.000,0.000,0.000
1786747355585,XAUT_USDT,demo,0,microspread_below_threshold,0,0.000000000,1.000000000,0.814271076,0.814271076,0.229381473,0.000000000,0.000000000,76.000,57.000,57.000
1786747355710,XAUT_USDT,demo,0,microspread_below_threshold,0,0.000000000,1.000000000,0.814271076,0.814271076,0.229381473,0.000000000,0.000000000,201.000,121.000,121.000
1786747355835,XAUT_USDT,demo,0,stale_binance,0,0.000000000,1.000000000,0.000000000,0.000000000,0.229381473,0.000000000,0.000000000,326.000,246.000,246.000
1786747355959,XAUT_USDT,demo,0,stale_binance,0,0.000000000,1.000000000,0.000000000,0.000000000,0.229381473,0.000000000,0.000000000,450.000,370.000,370.000
1786747356084,XAUT_USDT,demo,0,stale_binance,0,0.000000000,1.000000000,0.000000000,0.000000000,0.229381473,0.000000000,0.000000000,575.000,495.000,495.000
1786747356209,XAUT_USDT,demo,0,stale_binance,0,0.000000000,1.000000000,0.000000000,0.000000000,0.229381473,0.000000000,0.000000000,700.000,620.000,620.000
1786747356335,XAUT_USDT,demo,0,stale_binance,0,0.000000000,1.000000000,0.000000000,0.000000000,0.229381473,0.000000000,0.000000000,826.000,746.000,746.000
1786747356460,XAUT_USDT,demo,0,stale_binance,0,0.000000000,1.000000000,0.000000000,0.000000000,0.229381473,0.000000000,0.000000000,951.000,871.000,871.000
1786747356570,XAUT_USDT,demo,0,microspread_below_threshold,0,0.000000000,1.000000000,0.814271076,0.814271076,0.229381473,0.000000000,0.000000000,61.000,981.000,981.000
1786747356694,XAUT_USDT,demo,0,microspread_below_threshold,0,0.000000000,1.000000000,0.814271076,0.814271076,0.229381473,0.000000000,0.000000000,185.000,1105.000,1105.000
1786747356815,XAUT_USDT,demo,0,microspread_below_threshold,0,0.000000000,1.000000000,0.814271076,0.814271076,0.229381473,0.000000000,0.000000000,0.000,1226.000,1226.000
1786747356975,XAUT_USDT,demo,0,microspread_below_threshold,0,0.000000000,1.000000000,0.814271076,0.814271076,0.229381473,0.000000000,0.000000000,126.000,1386.000,1386.000
1786747357099,XAUT_USDT,demo,0,microspread_below_threshold,0,0.000000000,1.000000000,0.814271076,0.814271076,0.229381473,0.000000000,0.000000000,250.000,1510.000,1510.000
1786747357224,XAUT_USDT,demo,0,stale_binance,0,0.000000000,1.000000000,0.000000000,0.000000000,0.229381473,0.000000000,0.000000000,375.000,1635.000,1635.000
1786747358040,XAUT_USDT,demo,0,stale_binance,0,0.000000000,1.000000000,0.000000000,0.000000000,0.229381473,0.000000000,0.000000000,422.000,25.000,25.000
1786747358162,XAUT_USDT,demo,0,stale_binance,0,0.000000000,1.000000000,0.000000000,0.000000000,0.229381473,0.000000000,0.000000000,544.000,58.000,58.000
1786747358281,XAUT_USDT,demo,0,microspread_below_threshold,0,0.000000000,1.000000000,0.814271076,0.814271076,0.229381473,0.000000000,0.000000000,0.000,177.000,177.000
1786747358425,XAUT_USDT,demo,0,microspread_below_threshold,0,0.000000000,1.000000000,0.814271076,0.814271076,0.229381473,0.000000000,0.000000000,144.000,56.000,56.000
1786747358536,XAUT_USDT,demo,0,microspread_below_threshold,0,0.000000000,1.000000000,0.814271076,0.814271076,0.229381473,0.000000000,0.000000000,1.000,83.000,83.000
1786747358690,XAUT_USDT,demo,0,microspread_below_threshold,0,0.000000000,1.000000000,0.814271076,0.814271076,0.229381473,0.000000000,0.000000000,155.000,60.000,60.000
1786747358831,XAUT_USDT,demo,0,microspread_below_threshold,0,0.000000000,1.000000000,0.814271076,0.814271076,0.229381473,0.000000000,0.000000000,296.000,0.000,0.000
1786747358974,XAUT_USDT,demo,0,stale_binance,0,0.000000000,1.000000000,0.000000000,0.000000000,0.229381473,0.000000000,0.000000000,439.000,0.000,0.000
1786747359128,XAUT_USDT,demo,0,stale_binance,0,0.000000000,1.000000000,0.000000000,0.000000000,0.229381473,0.000000000,0.000000000,593.000,65.000,65.000
1786747359236,XAUT_USDT,demo,0,microspread_below_threshold,0,0.000000000,1.000000000,0.814271076,0.814271076,0.229381473,0.000000000,0.000000000,61.000,89.000,89.000
1786747359360,XAUT_USDT,demo,0,microspread_below_threshold,0,0.000000000,1.000000000,0.814271076,0.814271076,0.229381473,0.000000000,0.000000000,185.000,213.000,213.000
1786747359491,XAUT_USDT,demo,0,microspread_below_threshold,0,0.000000000,1.000000000,0.814271076,0.814271076,0.229381473,0.000000000,0.000000000,40.000,0.000,0.000
1786747359641,XAUT_USDT,demo,0,microspread_below_threshold,0,0.000000000,1.000000000,0.814271076,0.814271076,0.229381473,0.000000000,0.000000000,190.000,61.000,61.000
1786747359767,XAUT_USDT,demo,0,stale_binance,0,0.000000000,1.000000000,0.000000000,0.000000000,0.229381473,0.000000000,0.000000000,316.000,187.000,187.000
1786747359891,XAUT_USDT,demo,0,stale_binance,0,0.000000000,1.000000000,0.000000000,0.000000000,0.229381473,0.000000000,0.000000000,440.000,311.000,311.000
1786747360006,XAUT_USDT,demo,0,stale_binance,0,0.000000000,1.000000000,0.000000000,0.000000000,0.229381473,0.000000000,0.000000000,555.000,1.000,1.000
1786747360155,XAUT_USDT,demo,0,stale_binance,0,0.000000000,1.000000000,0.000000000,0.000000000,0.229381473,0.000000000,0.000000000,704.000,61.000,61.000
1786747360295,XAUT_USDT,demo,0,stale_binance,0,0.000000000,1.000000000,0.000000000,0.000000000,0.229381473,0.000000000,0.000000000,844.000,111.000,111.000
1786747360438,XAUT_USDT,demo,0,microspread_below_threshold,0,0.000000000,1.000000000,0.814271076,0.814271076,0.229381473,0.000000000,0.000000000,47.000,0.000,0.000
1786747360578,XAUT_USDT,demo,0,microspread_below_threshold,0,0.000000000,1.000000000,0.814271076,0.814271076,0.229381473,0.000000000,0.000000000,67.000,56.000,56.000
1786747360695,XAUT_USDT,demo,0,microspread_below_threshold,0,0.000000000,1.000000000,0.814271076,0.814271076,0.229381473,0.000000000,0.000000000,19.000,0.000,0.000
1786747360834,XAUT_USDT,demo,0,microspread_below_threshold,0,0.000000000,1.000000000,0.814271076,0.814271076,0.229381473,0.000000000,0.000000000,158.000,53.000,53.000
1786747360953,XAUT_USDT,demo,0,microspread_below_threshold,0,0.000000000,1.000000000,0.814271076,0.814271076,0.229381473,0.000000000,0.000000000,277.000,0.000,0.000
1786747361059,XAUT_USDT,demo,0,stale_binance,0,0.000000000,1.000000000,0.000000000,0.000000000,0.229381473,0.000000000,0.000000000,383.000,106.000,106.000
1786747361214,XAUT_USDT,demo,0,microspread_below_threshold,0,0.000000000,1.000000000,0.814271076,0.814271076,0.229381473,0.000000000,0.000000000,57.000,261.000,261.000
1786747361333,XAUT_USDT,demo,0,microspread_below_threshold,0,0.000000000,1.000000000,0.814271076,0.814271076,0.229381473,0.000000000,0.000000000,176.000,380.000,380.000
1786747361459,XAUT_USDT,demo,0,stale_binance,0,0.000000000,1.000000000,0.000000000,0.000000000,0.229381473,0.000000000,0.000000000,302.000,506.000,506.000
1786747361569,XAUT_USDT,demo,0,microspread_below_threshold,0,0.000000000,1.000000000,0.814271076,0.814271076,0.229381473,0.000000000,0.000000000,62.000,101.000,101.000
1786747361725,XAUT_USDT,demo,0,microspread_below_threshold,0,0.000000000,1.000000000,0.814271076,0.814271076,0.229381473,0.000000000,0.000000000,62.000,84.000,84.000
1786747361851,XAUT_USDT,demo,0,microspread_below_threshold,0,0.000000000,1.000000000,0.814271076,0.814271076,0.229381473,0.000000000,0.000000000,188.000,210.000,210.000
1786747361978,XAUT_USDT,demo,0,stale_binance,0,0.000000000,1.000000000,0.000000000,0.000000000,0.229381473,0.000000000,0.000000000,315.000,79.000,79.000
1786747362136,XAUT_USDT,demo,0,microspread_below_threshold,0,0.000000000,1.000000000,0.814271076,0.814271076,0.229381473,0.000000000,0.000000000,73.000,66.000,66.000
1786747362267,XAUT_USDT,demo,0,microspread_below_threshold,0,0.000000000,1.000000000,0.814271076,0.814271076,0.229381473,0.000000000,0.000000000,204.000,109.000,109.000
1786747362377,XAUT_USDT,demo,0,stale_binance,0,0.000000000,1.000000000,0.000000000,0.000000000,0.229381473,0.000000000,0.000000000,314.000,219.000,219.000
1786747362502,XAUT_USDT,demo,0,stale_binance,0,0.000000000,1.000000000,0.000000000,0.000000000,0.229381473,0.000000000,0.000000000,439.000,0.000,0.000
1786747362649,XAUT_USDT,demo,0,microspread_below_threshold,0,0.000000000,1.000000000,0.814271076,0.814271076,0.229381473,0.000000000,0.000000000,140.000,62.000,62.000
1786747362782,XAUT_USDT,demo,0,microspread_below_threshold,0,0.000000000,1.000000000,0.814271076,0.814271076,0.229381473,0.000000000,0.000000000,119.000,195.000,195.000
1786747362908,XAUT_USDT,demo,0,microspread_below_threshold,0,0.000000000,1.000000000,0.814271076,0.814271076,0.229381473,0.000000000,0.000000000,245.000,321.000,321.000
1786747363010,XAUT_USDT,demo,0,stale_binance,0,0.000000000,1.000000000,0.000000000,0.000000000,0.229381473,0.000000000,0.000000000,347.000,0.000,0.000
1786747363727,XAUT_USDT,demo,0,microspread_below_threshold,0,0.000000000,1.000000000,0.814271076,0.814271076,0.229381473,0.000000000,0.000000000,81.000,629.000,629.000
1786747363845,XAUT_USDT,demo,0,microspread_below_threshold,0,0.000000000,1.000000000,0.814271076,0.814271076,0.229381473,0.000000000,0.000000000,199.000,747.000,747.000
1786747363970,XAUT_USDT,demo,0,stale_binance,0,0.000000000,1.000000000,0.000000000,0.000000000,0.229381473,0.000000000,0.000000000,324.000,872.000,872.000
1786747364080,XAUT_USDT,demo,0,microspread_below_threshold,0,0.000000000,1.000000000,0.814271076,0.814271076,0.229381473,0.000000000,0.000000000,63.000,982.000,982.000
1786747364204,XAUT_USDT,demo,0,microspread_below_threshold,0,0.000000000,1.000000000,0.814271076,0.814271076,0.229381473,0.000000000,0.000000000,187.000,1106.000,1106.000
1786747364330,XAUT_USDT,demo,0,stale_binance,0,0.000000000,1.000000000,0.000000000,0.000000000,0.229381473,0.000000000,0.000000000,313.000,1232.000,1232.000
1786747364454,XAUT_USDT,demo,0,stale_binance,0,0.000000000,1.000000000,0.000000000,0.000000000,0.229381473,0.000000000,0.000000000,437.000,1356.000,1356.000
1786747364565,XAUT_USDT,demo,0,microspread_below_threshold,0,0.000000000,1.000000000,0.814271076,0.814271076,0.229381473,0.000000000,0.000000000,57.000,1467.000,1467.000
1786747364689,XAUT_USDT,demo,0,microspread_below_threshold,0,0.000000000,1.000000000,0.814271076,0.814271076,0.229381473,0.000000000,0.000000000,181.000,1591.000,1591.000
1786747364813,XAUT_USDT,demo,0,microspread_below_threshold,0,0.000000000,1.000000000,0.814271076,0.814271076,0.229381473,0.000000000,0.000000000,120.000,1715.000,1715.000
1786747364938,XAUT_USDT,demo,0,microspread_below_threshold,0,0.000000000,1.000000000,0.814271076,0.814271076,0.229381473,0.000000000,0.000000000,245.000,1840.000,1840.000
1786747365093,XAUT_USDT,demo,0,stale_binance,0,0.000000000,1.000000000,0.000000000,0.000000000,0.229381473,0.000000000,0.000000000,400.000,58.000,58.000
1786747365210,XAUT_USDT,demo,0,microspread_below_threshold,0,0.000000000,1.000000000,0.814271076,0.814271076,0.229381473,0.000000000,0.000000000,55.000,0.000,0.000
1786747365327,XAUT_USDT,demo,0,microspread_below_threshold,0,0.000000000,1.000000000,0.814271076,0.814271076,0.229381473,0.000000000,0.000000000,172.000,117.000,117.000
1786747365430,XAUT_USDT,demo,0,microspread_below_threshold,0,0.000000000,1.000000000,0.814271076,0.814271076,0.229381473,0.000000000,0.000000000,275.000,0.000,0.000
1786747365533,XAUT_USDT,demo,0,stale_binance,0,0.000000000,1.000000000,0.000000000,0.000000000,0.229381473,0.000000000,0.000000000,378.000,0.000,0.000
1786747365648,XAUT_USDT,demo,0,stale_binance,0,0.000000000,1.000000000,0.000000000,0.000000000,0.229381473,0.000000000,0.000000000,493.000,1.000,1.000
1786747365781,XAUT_USDT,demo,0,microspread_below_threshold,0,0.000000000,1.000000000,0.814271076,0.814271076,0.229381473,0.000000000,0.000000000,63.000,134.000,134.000
1786747365902,XAUT_USDT,demo,0,microspread_below_threshold,0,0.000000000,1.000000000,0.814271076,0.814271076,0.229381473,0.000000000,0.000000000,184.000,0.000,0.000
1786747366047,XAUT_USDT,demo,0,stale_binance,0,0.000000000,1.000000000,0.000000000,0.000000000,0.229381473,0.000000000,0.000000000,329.000,60.000,60.000
1786747366160,XAUT_USDT,demo,0,stale_binance,0,0.000000000,1.000000000,0.000000000,0.000000000,0.229381473,0.000000000,0.000000000,442.000,0.000,0.000
1786747366314,XAUT_USDT,demo,0,microspread_below_threshold,0,0.000000000,1.000000000,0.814271076,0.814271076,0.229381473,0.000000000,0.000000000,56.000,68.000,68.000
1786747366470,XAUT_USDT,demo,0,microspread_below_threshold,0,0.000000000,1.000000000,0.814271076,0.814271076,0.229381473,0.000000000,0.000000000,59.000,224.000,224.000
1786747366628,XAUT_USDT,demo,0,microspread_below_threshold,0,0.000000000,1.000000000,0.814271076,0.814271076,0.229381473,0.000000000,0.000000000,117.000,128.000,128.000
1786747366753,XAUT_USDT,demo,0,microspread_below_threshold,0,0.000000000,1.000000000,0.814271076,0.814271076,0.229381473,0.000000000,0.000000000,242.000,253.000,253.000
1786747366879,XAUT_USDT,demo,0,stale_binance,0,0.000000000,1.000000000,0.000000000,0.000000000,0.229381473,0.000000000,0.000000000,368.000,121.000,121.000
1786747366986,XAUT_USDT,demo,0,stale_binance,0,0.000000000,1.000000000,0.000000000,0.000000000,0.229381473,0.000000000,0.000000000,475.000,58.000,58.000
1786747367105,XAUT_USDT,demo,0,stale_binance,0,0.000000000,1.000000000,0.000000000,0.000000000,0.229381473,0.000000000,0.000000000,594.000,1.000,1.000
1786747367251,XAUT_USDT,demo,0,stale_binance,0,0.000000000,1.000000000,0.000000000,0.000000000,0.229381473,0.000000000,0.000000000,740.000,62.000,62.000
1786747367359,XAUT_USDT,demo,0,stale_binance,0,0.000000000,1.000000000,0.000000000,0.000000000,0.229381473,0.000000000,0.000000000,848.000,0.000,0.000
1786747367472,XAUT_USDT,demo,0,microspread_below_threshold,0,0.000000000,1.000000000,0.814271076,0.814271076,0.229381473,0.000000000,0.000000000,0.000,29.000,29.000
1786747367602,XAUT_USDT,demo,0,microspread_below_threshold,0,0.000000000,1.000000000,0.814271076,0.814271076,0.229381473,0.000000000,0.000000000,0.000,159.000,159.000
1786747367705,XAUT_USDT,demo,0,microspread_below_threshold,0,0.000000000,1.000000000,0.814271076,0.814271076,0.229381473,0.000000000,0.000000000,93.000,0.000,0.000
1786747367860,XAUT_USDT,demo,0,microspread_below_threshold,0,0.000000000,1.000000000,0.814271076,0.814271076,0.229381473,0.000000000,0.000000000,58.000,155.000,155.000
1786747368017,XAUT_USDT,demo,0,microspread_below_threshold,0,0.000000000,1.000000000,0.814271076,0.814271076,0.229381473,0.000000000,0.000000000,105.000,59.000,59.000
1786747368132,XAUT_USDT,demo,0,microspread_below_threshold,0,0.000000000,1.000000000,0.814271076,0.814271076,0.229381473,0.000000000,0.000000000,220.000,0.000,0.000
1786747368234,XAUT_USDT,demo,0,microspread_below_threshold,0,0.000000000,1.000000000,0.814271076,0.814271076,0.229381473,0.000000000,0.000000000,0.000,102.000,102.000
1786747368387,XAUT_USDT,demo,0,microspread_below_threshold,0,0.000000000,1.000000000,0.814271076,0.814271076,0.229381473,0.000000000,0.000000000,123.000,0.000,0.000
1786747368531,XAUT_USDT,demo,0,microspread_below_threshold,0,0.000000000,1.000000000,0.814271076,0.814271076,0.229381473,0.000000000,0.000000000,267.000,61.000,61.000
1786747368648,XAUT_USDT,demo,0,stale_binance,0,0.000000000,1.000000000,0.000000000,0.000000000,0.229381473,0.000000000,0.000000000,384.000,1.000,1.000
1786747369374,XAUT_USDT,demo,0,microspread_below_threshold,0,0.000000000,1.000000000,0.814271076,0.814271076,0.229381473,0.000000000,0.000000000,247.000,132.000,132.000
1786747369508,XAUT_USDT,demo,0,microspread_below_threshold,0,0.000000000,1.000000000,0.814271076,0.814271076,0.229381473,0.000000000,0.000000000,0.000,92.000,92.000
1786747369638,XAUT_USDT,demo,0,microspread_below_threshold,0,0.000000000,1.000000000,0.814271076,0.814271076,0.229381473,0.000000000,0.000000000,127.000,222.000,222.000
1786747369755,XAUT_USDT,demo,0,microspread_below_threshold,0,0.000000000,1.000000000,0.814271076,0.814271076,0.229381473,0.000000000,0.000000000,244.000,0.000,0.000
1786747369887,XAUT_USDT,demo,0,microspread_below_threshold,0,0.000000000,1.000000000,0.814271076,0.814271076,0.229381473,0.000000000,0.000000000,63.000,132.000,132.000
1786747370012,XAUT_USDT,demo,0,microspread_below_threshold,0,0.000000000,1.000000000,0.814271076,0.814271076,0.229381473,0.000000000,0.000000000,188.000,0.000,0.000
1786747370134,XAUT_USDT,demo,0,stale_binance,0,0.000000000,1.000000000,0.000000000,0.000000000,0.229381473,0.000000000,0.000000000,310.000,122.000,122.000
1786747370244,XAUT_USDT,demo,0,stale_binance,0,0.000000000,1.000000000,0.000000000,0.000000000,0.229381473,0.000000000,0.000000000,420.000,59.000,59.000
1786747370355,XAUT_USDT,demo,0,microspread_below_threshold,0,0.000000000,1.000000000,0.814271076,0.814271076,0.229381473,0.000000000,0.000000000,19.000,0.000,0.000
1786747370493,XAUT_USDT,demo,0,microspread_below_threshold,0,0.000000000,1.000000000,0.814271076,0.814271076,0.229381473,0.000000000,0.000000000,114.000,138.000,138.000
1786747370613,XAUT_USDT,demo,0,microspread_below_threshold,0,0.000000000,1.000000000,0.814271076,0.814271076,0.229381473,0.000000000,0.000000000,105.000,0.000,0.000
1786747370729,XAUT_USDT,demo,0,microspread_below_threshold,0,0.000000000,1.000000000,0.814271076,0.814271076,0.229381473,0.000000000,0.000000000,86.000,0.000,0.000
1786747370852,XAUT_USDT,demo,0,microspread_below_threshold,0,0.000000000,1.000000000,0.814271076,0.814271076,0.229381473,0.000000000,0.000000000,209.000,64.000,64.000
1786747370960,XAUT_USDT,demo,0,stale_binance,0,0.000000000,1.000000000,0.000000000,0.000000000,0.229381473,0.000000000,0.000000000,317.000,0.000,0.000
1786747371101,XAUT_USDT,demo,0,stale_binance,0,0.000000000,1.000000000,0.000000000,0.000000000,0.229381473,0.000000000,0.000000000,458.000,53.000,53.000
1786747371212,XAUT_USDT,demo,0,microspread_below_threshold,0,0.000000000,1.000000000,0.814271076,0.814271076,0.229381473,0.000000000,0.000000000,1.000,75.000,75.000
1786747371365,XAUT_USDT,demo,0,microspread_below_threshold,0,0.000000000,1.000000000,0.814271076,0.814271076,0.229381473,0.000000000,0.000000000,154.000,59.000,59.000
1786747371475,XAUT_USDT,demo,0,microspread_below_threshold,0,0.000000000,1.000000000,0.814271076,0.814271076,0.229381473,0.000000000,0.000000000,264.000,0.000,0.000
1786747371618,XAUT_USDT,demo,0,stale_binance,0,0.000000000,1.000000000,0.000000000,0.000000000,0.229381473,0.000000000,0.000000000,407.000,53.000,53.000
1786747371743,XAUT_USDT,demo,0,stale_binance,0,0.000000000,1.000000000,0.000000000,0.000000000,0.229381473,0.000000000,0.000000000,532.000,178.000,178.000
1786747371867,XAUT_USDT,demo,0,stale_binance,0,0.000000000,1.000000000,0.000000000,0.000000000,0.229381473,0.000000000,0.000000000,656.000,302.000,302.000
1786747371991,XAUT_USDT,demo,0,stale_binance,0,0.000000000,1.000000000,0.000000000,0.000000000,0.229381473,0.000000000,0.000000000,780.000,426.000,426.000
1786747372147,XAUT_USDT,demo,0,microspread_below_threshold,0,0.000000000,1.000000000,0.814271076,0.814271076,0.229381473,0.000000000,0.000000000,97.000,65.000,65.000
1786747372257,XAUT_USDT,demo,0,microspread_below_threshold,0,0.000000000,1.000000000,0.814271076,0.814271076,0.229381473,0.000000000,0.000000000,207.000,0.000,0.000
1786747372380,XAUT_USDT,demo,0,stale_binance,0,0.000000000,1.000000000,0.000000000,0.000000000,0.229381473,0.000000000,0.000000000,330.000,123.000,123.000
1786747372489,XAUT_USDT,demo,0,stale_binance,0,0.000000000,1.000000000,0.000000000,0.000000000,0.229381473,0.000000000,0.000000000,439.000,64.000,64.000
1786747372598,XAUT_USDT,demo,0,stale_binance,0,0.000000000,1.000000000,0.000000000,0.000000000,0.229381473,0.000000000,0.000000000,548.000,0.000,0.000
1786747372740,XAUT_USDT,demo,0,stale_binance,0,0.000000000,1.000000000,0.000000000,0.000000000,0.229381473,0.000000000,0.000000000,690.000,59.000,59.000
1786747372860,XAUT_USDT,demo,0,stale_binance,0,0.000000000,1.000000000,0.000000000,0.000000000,0.229381473,0.000000000,0.000000000,810.000,0.000,0.000
1786747372975,XAUT_USDT,demo,0,stale_binance,0,0.000000000,1.000000000,0.000000000,0.000000000,0.229381473,0.000000000,0.000000000,925.000,115.000,115.000
1786747373085,XAUT_USDT,demo,0,stale_binance,0,0.000000000,1.000000000,0.000000000,0.000000000,0.229381473,0.000000000,0.000000000,1035.000,56.000,56.000
1786747373202,XAUT_USDT,demo,0,stale_binance,0,0.000000000,1.000000000,0.000000000,0.000000000,0.229381473,0.000000000,0.000000000,1152.000,0.000,0.000
1786747373321,XAUT_USDT,demo,0,stale_binance,0,0.000000000,1.000000000,0.000000000,0.000000000,0.229381473,0.000000000,0.000000000,1271.000,119.000,119.000
1786747373430,XAUT_USDT,demo,0,microspread_below_threshold,0,0.000000000,1.000000000,0.814271076,0.814271076,0.229381473,0.000000000,0.000000000,75.000,58.000,58.000
1786747373586,XAUT_USDT,demo,0,microspread_below_threshold,0,0.000000000,1.000000000,0.814271076,0.814271076,0.229381473,0.000000000,0.000000000,115.000,129.000,129.000
1786747373710,XAUT_USDT,demo,0,microspread_below_threshold,0,0.000000000,1.000000000,0.814271076,0.814271076,0.229381473,0.000000000,0.000000000,239.000,61.000,61.000
1786747373834,XAUT_USDT,demo,0,stale_binance,0,0.000000000,1.000000000,0.000000000,0.000000000,0.229381473,0.000000000,0.000000000,363.000,185.000,185.000
1786747373943,XAUT_USDT,demo,0,stale_binance,0,0.000000000,1.000000000,0.000000000,0.000000000,0.229381473,0.000000000,0.000000000,472.000,57.000,57.000
1786747374058,XAUT_USDT,demo,0,stale_binance,0,0.000000000,1.000000000,0.000000000,0.000000000,0.229381473,0.000000000,0.000000000,587.000,0.000,0.000
1786747374186,XAUT_USDT,demo,0,stale_binance,0,0.000000000,1.000000000,0.000000000,0.000000000,0.229381473,0.000000000,0.000000000,715.000,128.000,128.000
1786747374345,XAUT_USDT,demo,0,stale_binance,0,0.000000000,1.000000000,0.000000000,0.000000000,0.229381473,0.000000000,0.000000000,874.000,116.000,116.000
1786747375673,XAUT_USDT,demo,0,microspread_below_threshold,0,0.000000000,1.000000000,0.814271076,0.814271076,0.229381473,0.000000000,0.000000000,166.000,161.000,161.000
1786747375803,XAUT_USDT,demo,0,microspread_below_threshold,0,0.000000000,1.000000000,0.814271076,0.814271076,0.229381473,0.000000000,0.000000000,296.000,119.000,119.000
1786747375928,XAUT_USDT,demo,0,microspread_below_threshold,0,0.000000000,1.000000000,0.814271076,0.814271076,0.229381473,0.000000000,0.000000000,52.000,73.000,73.000
1786747376031,XAUT_USDT,demo,0,microspread_below_threshold,0,0.000000000,1.000000000,0.814271076,0.814271076,0.229381473,0.000000000,0.000000000,155.000,0.000,0.000
1786747376176,XAUT_USDT,demo,0,microspread_below_threshold,0,0.000000000,1.000000000,0.814271076,0.814271076,0.229381473,0.000000000,0.000000000,143.000,60.000,60.000
1786747376301,XAUT_USDT,demo,0,microspread_below_threshold,0,0.000000000,1.000000000,0.814271076,0.814271076,0.229381473,0.000000000,0.000000000,268.000,185.000,185.000
1786747376426,XAUT_USDT,demo,0,microspread_below_threshold,0,0.000000000,1.000000000,0.814271076,0.814271076,0.229381473,0.000000000,0.000000000,110.000,56.000,56.000
1786747376542,XAUT_USDT,demo,0,microspread_below_threshold,0,0.000000000,1.000000000,0.814271076,0.814271076,0.229381473,0.000000000,0.000000000,34.000,0.000,0.000
1786747376694,XAUT_USDT,demo,0,microspread_below_threshold,0,0.000000000,1.000000000,0.814271076,0.814271076,0.229381473,0.000000000,0.000000000,186.000,65.000,65.000
1786747376799,XAUT_USDT,demo,0,microspread_below_threshold,0,0.000000000,1.000000000,0.814271076,0.814271076,0.229381473,0.000000000,0.000000000,291.000,0.000,0.000
1786747376943,XAUT_USDT,demo,0,microspread_below_threshold,0,0.000000000,1.000000000,0.814271076,0.814271076,0.229381473,0.000000000,0.000000000,92.000,58.000,58.000
1786747377052,XAUT_USDT,demo,0,microspread_below_threshold,0,0.000000000,1.000000000,0.814271076,0.814271076,0.229381473,0.000000000,0.000000000,0.000,84.000,84.000
1786747377176,XAUT_USDT,demo,0,microspread_below_threshold,0,0.000000000,1.000000000,0.814271076,0.814271076,0.229381473,0.000000000,0.000000000,124.000,208.000,208.000
1786747377302,XAUT_USDT,demo,0,microspread_below_threshold,0,0.000000000,1.000000000,0.814271076,0.814271076,0.229381473,0.000000000,0.000000000,250.000,334.000,334.000
1786747377426,XAUT_USDT,demo,0,stale_binance,0,0.000000000,1.000000000,0.000000000,0.000000000,0.229381473,0.000000000,0.000000000,374.000,458.000,458.000
1786747377565,XAUT_USDT,demo,0,microspread_below_threshold,0,0.000000000,1.000000000,0.814271076,0.814271076,0.229381473,0.000000000,0.000000000,55.000,76.000,76.000
1786747377723,XAUT_USDT,demo,0,microspread_below_threshold,0,0.000000000,1.000000000,0.814271076,0.814271076,0.229381473,0.000000000,0.000000000,84.000,59.000,59.000
1786747377879,XAUT_USDT,demo,0,microspread_below_threshold,0,0.000000000,1.000000000,0.814271076,0.814271076,0.229381473,0.000000000,0.000000000,240.000,127.000,127.000
1786747378004,XAUT_USDT,demo,0,microspread_below_threshold,0,0.000000000,1.000000000,0.814271076,0.814271076,0.229381473,0.000000000,0.000000000,56.000,73.000,73.000
1786747378130,XAUT_USDT,demo,0,microspread_below_threshold,0,0.000000000,1.000000000,0.814271076,0.814271076,0.229381473,0.000000000,0.000000000,182.000,199.000,199.000
1786747378238,XAUT_USDT,demo,0,microspread_below_threshold,0,0.000000000,1.000000000,0.814271076,0.814271076,0.229381473,0.000000000,0.000000000,290.000,56.000,56.000
1786747378394,XAUT_USDT,demo,0,microspread_below_threshold,0,0.000000000,1.000000000,0.814271076,0.814271076,0.229381473,0.000000000,0.000000000,61.000,124.000,124.000
1786747378503,XAUT_USDT,demo,0,microspread_below_threshold,0,0.000000000,1.000000000,0.814271076,0.814271076,0.229381473,0.000000000,0.000000000,170.000,61.000,61.000
1786747378658,XAUT_USDT,demo,0,microspread_below_threshold,0,0.000000000,1.000000000,0.814271076,0.814271076,0.229381473,0.000000000,0.000000000,118.000,129.000,129.000
1786747378767,XAUT_USDT,demo,0,microspread_below_threshold,0,0.000000000,1.000000000,0.814271076,0.814271076,0.229381473,0.000000000,0.000000000,98.000,65.000,65.000
1786747378870,XAUT_USDT,demo,0,microspread_below_threshold,0,0.000000000,1.000000000,0.814271076,0.814271076,0.229381473,0.000000000,0.000000000,201.000,1.000,1.000
1786747379017,XAUT_USDT,demo,0,stale_binance,0,0.000000000,1.000000000,0.000000000,0.000000000,0.229381473,0.000000000,0.000000000,348.000,62.000,62.000
1786747379157,XAUT_USDT,demo,0,stale_binance,0,0.000000000,1.000000000,0.000000000,0.000000000,0.229381473,0.000000000,0.000000000,488.000,115.000,115.000
1786747379267,XAUT_USDT,demo,0,stale_binance,0,0.000000000,1.000000000,0.000000000,0.000000000,0.229381473,0.000000000,0.000000000,598.000,52.000,52.000
1786747379389,XAUT_USDT,demo,0,microspread_below_threshold,0,0.000000000,1.000000000,0.814271076,0.814271076,0.229381473,0.000000000,0.000000000,42.000,0.000,0.000
1786747379509,XAUT_USDT,demo,0,microspread_below_threshold,0,0.000000000,1.000000000,0.814271076,0.814271076,0.229381473,0.000000000,0.000000000,0.000,120.000,120.000
1786747379610,XAUT_USDT,demo,0,microspread_below_threshold,0,0.000000000,1.000000000,0.814271076,0.814271076,0.229381473,0.000000000,0.000000000,101.000,52.000,52.000
1786747379732,XAUT_USDT,demo,0,microspread_below_threshold,0,0.000000000,1.000000000,0.814271076,0.814271076,0.229381473,0.000000000,0.000000000,223.000,0.000,0.000
1786747379859,XAUT_USDT,demo,0,stale_binance,0,0.000000000,1.000000000,0.000000000,0.000000000,0.229381473,0.000000000,0.000000000,350.000,127.000,127.000
1786747379985,XAUT_USDT,demo,0,microspread_below_threshold,0,0.000000000,1.000000000,0.814271076,0.814271076,0.229381473,0.000000000,0.000000000,63.000,253.000,253.000
1786747380106,XAUT_USDT,demo,0,microspread_below_threshold,0,0.000000000,1.000000000,0.814271076,0.814271076,0.229381473,0.000000000,0.000000000,0.000,30.000,30.000
1786747380212,XAUT_USDT,demo,0,microspread_below_threshold,0,0.000000000,1.000000000,0.814271076,0.814271076,0.229381473,0.000000000,0.000000000,0.000,50.000,50.000
1786747380313,XAUT_USDT,demo,0,microspread_below_threshold,0,0.000000000,1.000000000,0.814271076,0.814271076,0.229381473,0.000000000,0.000000000,101.000,63.000,63.000
1786747380422,XAUT_USDT,demo,0,microspread_below_threshold,0,0.000000000,1.000000000,0.814271076,0.814271076,0.229381473,0.000000000,0.000000000,51.000,172.000,172.000
1786747380558,XAUT_USDT,demo,0,microspread_below_threshold,0,0.000000000,1.000000000,0.814271076,0.814271076,0.229381473,0.000000000,0.000000000,187.000,54.000,54.000
1786747380659,XAUT_USDT,demo,0,microspread_below_threshold,0,0.000000000,1.000000000,0.814271076,0.814271076,0.229381473,0.000000000,0.000000000,52.000,155.000,155.000
1786747381406,XAUT_USDT,demo,0,microspread_below_threshold,0,0.000000000,1.000000000,0.814271076,0.814271076,0.229381473,0.000000000,0.000000000,69.000,217.000,217.000
1786747381507,XAUT_USDT,demo,0,microspread_below_threshold,0,0.000000000,1.000000000,0.814271076,0.814271076,0.229381473,0.000000000,0.000000000,0.000,61.000,61.000
1786747381617,XAUT_USDT,demo,0,microspread_below_threshold,0,0.000000000,1.000000000,0.814271076,0.814271076,0.229381473,0.000000000,0.000000000,110.000,0.000,0.000
1786747381758,XAUT_USDT,demo,0,microspread_below_threshold,0,0.000000000,1.000000000,0.814271076,0.814271076,0.229381473,0.000000000,0.000000000,56.000,141.000,141.000
1786747381876,XAUT_USDT,demo,0,microspread_below_threshold,0,0.000000000,1.000000000,0.814271076,0.814271076,0.229381473,0.000000000,0.000000000,47.000,0.000,0.000
1786747382025,XAUT_USDT,demo,0,microspread_below_threshold,0,0.000000000,1.000000000,0.814271076,0.814271076,0.229381473,0.000000000,0.000000000,196.000,62.000,62.000
1786747382135,XAUT_USDT,demo,0,stale_binance,0,0.000000000,1.000000000,0.000000000,0.000000000,0.229381473,0.000000000,0.000000000,306.000,0.000,0.000
1786747382273,XAUT_USDT,demo,0,microspread_below_threshold,0,0.000000000,1.000000000,0.814271076,0.814271076,0.229381473,0.000000000,0.000000000,62.000,51.000,51.000
1786747382430,XAUT_USDT,demo,0,microspread_below_threshold,0,0.000000000,1.000000000,0.814271076,0.814271076,0.229381473,0.000000000,0.000000000,219.000,123.000,123.000
1786747382540,XAUT_USDT,demo,0,stale_binance,0,0.000000000,1.000000000,0.000000000,0.000000000,0.229381473,0.000000000,0.000000000,329.000,233.000,233.000
1786747382642,XAUT_USDT,demo,0,stale_binance,0,0.000000000,1.000000000,0.000000000,0.000000000,0.229381473,0.000000000,0.000000000,431.000,335.000,335.000
1786747382787,XAUT_USDT,demo,0,stale_binance,0,0.000000000,1.000000000,0.000000000,0.000000000,0.229381473,0.000000000,0.000000000,576.000,51.000,51.000
1786747382906,XAUT_USDT,demo,0,stale_binance,0,0.000000000,1.000000000,0.000000000,0.000000000,0.229381473,0.000000000,0.000000000,695.000,0.000,0.000
1786747383054,XAUT_USDT,demo,0,stale_binance,0,0.000000000,1.000000000,0.000000000,0.000000000,0.229381473,0.000000000,0.000000000,843.000,63.000,63.000
1786747383164,XAUT_USDT,demo,0,stale_binance,0,0.000000000,1.000000000,0.000000000,0.000000000,0.229381473,0.000000000,0.000000000,953.000,0.000,0.000
1786747383289,XAUT_USDT,demo,0,stale_binance,0,0.000000000,1.000000000,0.000000000,0.000000000,0.229381473,0.000000000,0.000000000,1078.000,125.000,125.000
1786747383413,XAUT_USDT,demo,0,stale_binance,0,0.000000000,1.000000000,0.000000000,0.000000000,0.229381473,0.000000000,0.000000000,1202.000,249.000,249.000
1786747383569,XAUT_USDT,demo,0,microspread_below_threshold,0,0.000000000,1.000000000,0.814271076,0.814271076,0.229381473,0.000000000,0.000000000,57.000,59.000,59.000
1786747383683,XAUT_USDT,demo,0,microspread_below_threshold,0,0.000000000,1.000000000,0.814271076,0.814271076,0.229381473,0.000000000,0.000000000,92.000,0.000,0.000
1786747383820,XAUT_USDT,demo,0,microspread_below_threshold,0,0.000000000,1.000000000,0.814271076,0.814271076,0.229381473,0.000000000,0.000000000,86.000,53.000,53.000
1786747383946,XAUT_USDT,demo,0,microspread_below_threshold,0,0.000000000,1.000000000,0.814271076,0.814271076,0.229381473,0.000000000,0.000000000,212.000,179.000,179.000
1786747384087,XAUT_USDT,demo,0,microspread_below_threshold,0,0.000000000,1.000000000,0.814271076,0.814271076,0.229381473,0.000000000,0.000000000,105.000,65.000,65.000
1786747384227,XAUT_USDT,demo,0,microspread_below_threshold,0,0.000000000,1.000000000,0.814271076,0.814271076,0.229381473,0.000000000,0.000000000,245.000,118.000,118.000
1786747384352,XAUT_USDT,demo,0,stale_binance,0,0.000000000,1.000000000,0.000000000,0.000000000,0.229381473,0.000000000,0.000000000,370.000,121.000,121.000
1786747384453,XAUT_USDT,demo,0,stale_binance,0,0.000000000,1.000000000,0.000000000,0.000000000,0.229381473,0.000000000,0.000000000,471.000,0.000,0.000
1786747384570,XAUT_USDT,demo,0,microspread_below_threshold,0,0.000000000,1.000000000,0.814271076,0.814271076,0.229381473,0.000000000,0.000000000,62.000,117.000,117.000
1786747384680,XAUT_USDT,demo,0,microspread_below_threshold,0,0.000000000,1.000000000,0.814271076,0.814271076,0.229381473,0.000000000,0.000000000,172.000,53.000,53.000
1786747384835,XAUT_USDT,demo,0,microspread_below_threshold,0,0.000000000,1.000000000,0.814271076,0.814271076,0.229381473,0.000000000,0.000000000,112.000,124.000,124.000
1786747384961,XAUT_USDT,demo,0,microspread_below_threshold,0,0.000000000,1.000000000,0.814271076,0.814271076,0.229381473,0.000000000,0.000000000,238.000,250.000,250.000
1786747385117,XAUT_USDT,demo,0,stale_binance,0,0.000000000,1.000000000,0.000000000,0.000000000,0.229381473,0.000000000,0.000000000,394.000,60.000,60.000
1786747385231,XAUT_USDT,demo,0,microspread_below_threshold,0,0.000000000,1.000000000,0.814271076,0.814271076,0.229381473,0.000000000,0.000000000,31.000,0.000,0.000
1786747385352,XAUT_USDT,demo,0,microspread_below_threshold,0,0.000000000,1.000000000,0.814271076,0.814271076,0.229381473,0.000000000,0.000000000,152.000,121.000,121.000
1786747385478,XAUT_USDT,demo,0,microspread_below_threshold,0,0.000000000,1.000000000,0.814271076,0.814271076,0.229381473,0.000000000,0.000000000,278.000,247.000,247.000
1786747385633,XAUT_USDT,demo,0,microspread_below_threshold,0,0.000000000,1.000000000,0.814271076,0.814271076,0.229381473,0.000000000,0.000000000,124.000,61.000,61.000
1786747385744,XAUT_USDT,demo,0,microspread_below_threshold,0,0.000000000,1.000000000,0.814271076,0.814271076,0.229381473,0.000000000,0.000000000,235.000,0.000,0.000
1786747385869,XAUT_USDT,demo,0,stale_binance,0,0.000000000,1.000000000,0.000000000,0.000000000,0.229381473,0.000000000,0.000000000,360.000,125.000,125.000
1786747385994,XAUT_USDT,demo,0,stale_binance,0,0.000000000,1.000000000,0.000000000,0.000000000,0.229381473,0.000000000,0.000000000,485.000,250.000,250.000
1786747386119,XAUT_USDT,demo,0,stale_binance,0,0.000000000,1.000000000,0.000000000,0.000000000,0.229381473,0.000000000,0.000000000,610.000,119.000,119.000
1786747386228,XAUT_USDT,demo,0,stale_binance,0,0.000000000,1.000000000,0.000000000,0.000000000,0.229381473,0.000000000,0.000000000,719.000,54.000,54.000
1786747386382,XAUT_USDT,demo,0,stale_binance,0,0.000000000,1.000000000,0.000000000,0.000000000,0.229381473,0.000000000,0.000000000,873.000,122.000,122.000
1786747387111,XAUT_USDT,demo,0,microspread_below_threshold,0,0.000000000,1.000000000,0.814271076,0.814271076,0.229381473,0.000000000,0.000000000,169.000,167.000,167.000
1786747387267,XAUT_USDT,demo,0,microspread_below_threshold,0,0.000000000,1.000000000,0.814271076,0.814271076,0.229381473,0.000000000,0.000000000,81.000,63.000,63.000
1786747387375,XAUT_USDT,demo,0,microspread_below_threshold,0,0.000000000,1.000000000,0.814271076,0.814271076,0.229381473,0.000000000,0.000000000,189.000,0.000,0.000
1786747387507,XAUT_USDT,demo,0,microspread_below_threshold,0,0.000000000,1.000000000,0.814271076,0.814271076,0.229381473,0.000000000,0.000000000,0.000,45.000,45.000
1786747387615,XAUT_USDT,demo,0,microspread_below_threshold,0,0.000000000,1.000000000,0.814271076,0.814271076,0.229381473,0.000000000,0.000000000,0.000,52.000,52.000
1786747387719,XAUT_USDT,demo,0,microspread_below_threshold,0,0.000000000,1.000000000,0.814271076,0.814271076,0.229381473,0.000000000,0.000000000,85.000,0.000,0.000
1786747387840,XAUT_USDT,demo,0,microspread_below_threshold,0,0.000000000,1.000000000,0.814271076,0.814271076,0.229381473,0.000000000,0.000000000,206.000,121.000,121.000
1786747387966,XAUT_USDT,demo,0,stale_binance,0,0.000000000,1.000000000,0.000000000,0.000000000,0.229381473,0.000000000,0.000000000,332.000,247.000,247.000
1786747388121,XAUT_USDT,demo,0,stale_binance,0,0.000000000,1.000000000,0.000000000,0.000000000,0.229381473,0.000000000,0.000000000,487.000,57.000,57.000
1786747388232,XAUT_USDT,demo,0,stale_binance,0,0.000000000,1.000000000,0.000000000,0.000000000,0.229381473,0.000000000,0.000000000,598.000,0.000,0.000
1786747388355,XAUT_USDT,demo,0,stale_binance,0,0.000000000,1.000000000,0.000000000,0.000000000,0.229381473,0.000000000,0.000000000,721.000,123.000,123.000
1786747388490,XAUT_USDT,demo,0,microspread_below_threshold,0,0.000000000,1.000000000,0.814271076,0.814271076,0.229381473,0.000000000,0.000000000,106.000,0.000,0.000
1786747388634,XAUT_USDT,demo,0,microspread_below_threshold,0,0.000000000,1.000000000,0.814271076,0.814271076,0.229381473,0.000000000,0.000000000,0.000,56.000,56.000
1786747388750,XAUT_USDT,demo,0,microspread_below_threshold,0,0.000000000,1.000000000,0.814271076,0.814271076,0.229381473,0.000000000,0.000000000,116.000,0.000,0.000
1786747388902,XAUT_USDT,demo,0,microspread_below_threshold,0,0.000000000,1.000000000,0.814271076,0.814271076,0.229381473,0.000000000,0.000000000,268.000,64.000,64.000
1786747389028,XAUT_USDT,demo,0,stale_binance,0,0.000000000,1.000000000,0.000000000,0.000000000,0.229381473,0.000000000,0.000000000,394.000,190.000,190.000
1786747389154,XAUT_USDT,demo,0,stale_binance,0,0.000000000,1.000000000,0.000000000,0.000000000,0.229381473,0.000000000,0.000000000,520.000,61.000,61.000
1786747389265,XAUT_USDT,demo,0,microspread_below_threshold,0,0.000000000,1.000000000,0.814271076,0.814271076,0.229381473,0.000000000,0.000000000,13.000,0.000,0.000
1786747389404,XAUT_USDT,demo,0,microspread_below_threshold,0,0.000000000,1.000000000,0.814271076,0.814271076,0.229381473,0.000000000,0.000000000,124.000,139.000,139.000
1786747389508,XAUT_USDT,demo,0,microspread_below_threshold,0,0.000000000,1.000000000,0.814271076,0.814271076,0.229381473,0.000000000,0.000000000,0.000,243.000,243.000
1786747389608,XAUT_USDT,demo,0,microspread_below_threshold,0,0.000000000,1.000000000,0.814271076,0.814271076,0.229381473,0.000000000,0.000000000,97.000,1.000,1.000
1786747389731,XAUT_USDT,demo,0,microspread_below_threshold,0,0.000000000,1.000000000,0.814271076,0.814271076,0.229381473,0.000000000,0.000000000,0.000,36.000,36.000
1786747389858,XAUT_USDT,demo,0,microspread_below_threshold,0,0.000000000,1.000000000,0.814271076,0.814271076,0.229381473,0.000000000,0.000000000,127.000,163.000,163.000
1786747390014,XAUT_USDT,demo,0,microspread_below_threshold,0,0.000000000,1.000000000,0.814271076,0.814271076,0.229381473,0.000000000,0.000000000,131.000,60.000,60.000
1786747390128,XAUT_USDT,demo,0,microspread_below_threshold,0,0.000000000,1.000000000,0.814271076,0.814271076,0.229381473,0.000000000,0.000000000,51.000,0.000,0.000
1786747390278,XAUT_USDT,demo,0,microspread_below_threshold,0,0.000000000,1.000000000,0.814271076,0.814271076,0.229381473,0.000000000,0.000000000,201.000,62.000,62.000
1786747390419,XAUT_USDT,demo,0,microspread_below_threshold,0,0.000000000,1.000000000,0.814271076,0.814271076,0.229381473,0.000000000,0.000000000,55.000,203.000,203.000
1786747390557,XAUT_USDT,demo,0,microspread_below_threshold,0,0.000000000,1.000000000,0.814271076,0.814271076,0.229381473,0.000000000,0.000000000,48.000,0.000,0.000
1786747390685,XAUT_USDT,demo,0,microspread_below_threshold,0,0.000000000,1.000000000,0.814271076,0.814271076,0.229381473,0.000000000,0.000000000,51.000,128.000,128.000
1786747390842,XAUT_USDT,demo,0,microspread_below_threshold,0,0.000000000,1.000000000,0.814271076,0.814271076,0.229381473,0.000000000,0.000000000,208.000,115.000,115.000
1786747390948,XAUT_USDT,demo,0,microspread_below_threshold,0,0.000000000,1.000000000,0.814271076,0.814271076,0.229381473,0.000000000,0.000000000,1.000,221.000,221.000
1786747391071,XAUT_USDT,demo,0,microspread_below_threshold,0,0.000000000,1.000000000,0.814271076,0.814271076,0.229381473,0.000000000,0.000000000,124.000,0.000,0.000
1786747391215,XAUT_USDT,demo,0,microspread_below_threshold,0,0.000000000,1.000000000,0.814271076,0.814271076,0.229381473,0.000000000,0.000000000,76.000,58.000,58.000
1786747391341,XAUT_USDT,demo,0,microspread_below_threshold,0,0.000000000,1.000000000,0.814271076,0.814271076,0.229381473,0.000000000,0.000000000,202.000,184.000,184.000
1786747391466,XAUT_USDT,demo,0,stale_binance,0,0.000000000,1.000000000,0.000000000,0.000000000,0.229381473,0.000000000,0.000000000,327.000,309.000,309.000
1786747391574,XAUT_USDT,demo,0,microspread_below_threshold,0,0.000000000,1.000000000,0.814271076,0.814271076,0.229381473,0.000000000,0.000000000,66.000,71.000,71.000
1786747391675,XAUT_USDT,demo,0,microspread_below_threshold,0,0.000000000,1.000000000,0.814271076,0.814271076,0.229381473,0.000000000,0.000000000,27.000,0.000,0.000
1786747391792,XAUT_USDT,demo,0,microspread_below_threshold,0,0.000000000,1.000000000,0.814271076,0.814271076,0.229381473,0.000000000,0.000000000,144.000,117.000,117.000
1786747391946,XAUT_USDT,demo,0,microspread_below_threshold,0,0.000000000,1.000000000,0.814271076,0.814271076,0.229381473,0.000000000,0.000000000,298.000,114.000,114.000
1786747392052,XAUT_USDT,demo,0,microspread_below_threshold,0,0.000000000,1.000000000,0.814271076,0.814271076,0.229381473,0.000000000,0.000000000,0.000,220.000,220.000
1786747393006,XAUT_USDT,demo,0,microspread_below_threshold,0,0.000000000,1.000000000,0.814271076,0.814271076,0.229381473,0.000000000,0.000000000,209.000,128.000,128.000
1786747393114,XAUT_USDT,demo,0,stale_binance,0,0.000000000,1.000000000,0.000000000,0.000000000,0.229381473,0.000000000,0.000000000,317.000,65.000,65.000
1786747393220,XAUT_USDT,demo,0,stale_binance,0,0.000000000,1.000000000,0.000000000,0.000000000,0.229381473,0.000000000,0.000000000,423.000,1.000,1.000
1786747393349,XAUT_USDT,demo,0,microspread_below_threshold,0,0.000000000,1.000000000,0.814271076,0.814271076,0.229381473,0.000000000,0.000000000,65.000,130.000,130.000
1786747393473,XAUT_USDT,demo,0,microspread_below_threshold,0,0.000000000,1.000000000,0.814271076,0.814271076,0.229381473,0.000000000,0.000000000,61.000,254.000,254.000
1786747393594,XAUT_USDT,demo,0,microspread_below_threshold,0,0.000000000,1.000000000,0.814271076,0.814271076,0.229381473,0.000000000,0.000000000,182.000,375.000,375.000
1786747393706,XAUT_USDT,demo,0,microspread_below_threshold,0,0.000000000,1.000000000,0.814271076,0.814271076,0.229381473,0.000000000,0.000000000,294.000,58.000,58.000
1786747393839,XAUT_USDT,demo,0,microspread_below_threshold,0,0.000000000,1.000000000,0.814271076,0.814271076,0.229381473,0.000000000,0.000000000,60.000,108.000,108.000
1786747393952,XAUT_USDT,demo,0,microspread_below_threshold,0,0.000000000,1.000000000,0.814271076,0.814271076,0.229381473,0.000000000,0.000000000,173.000,221.000,221.000
1786747394055,XAUT_USDT,demo,0,microspread_below_threshold,0,0.000000000,1.000000000,0.814271076,0.814271076,0.229381473,0.000000000,0.000000000,276.000,58.000,58.000
1786747394169,XAUT_USDT,demo,0,stale_binance,0,0.000000000,1.000000000,0.000000000,0.000000000,0.229381473,0.000000000,0.000000000,390.000,0.000,0.000
1786747394312,XAUT_USDT,demo,0,stale_binance,0,0.000000000,1.000000000,0.000000000,0.000000000,0.229381473,0.000000000,0.000000000,533.000,58.000,58.000
1786747394432,XAUT_USDT,demo,0,stale_binance,0,0.000000000,1.000000000,0.000000000,0.000000000,0.229381473,0.000000000,0.000000000,653.000,178.000,178.000
1786747394573,XAUT_USDT,demo,0,microspread_below_threshold,0,0.000000000,1.000000000,0.814271076,0.814271076,0.229381473,0.000000000,0.000000000,58.000,62.000,62.000
1786747394713,XAUT_USDT,demo,0,microspread_below_threshold,0,0.000000000,1.000000000,0.814271076,0.814271076,0.229381473,0.000000000,0.000000000,198.000,121.000,121.000
1786747394824,XAUT_USDT,demo,0,stale_binance,0,0.000000000,1.000000000,0.000000000,0.000000000,0.229381473,0.000000000,0.000000000,309.000,62.000,62.000
1786747394935,XAUT_USDT,demo,0,stale_binance,0,0.000000000,1.000000000,0.000000000,0.000000000,0.229381473,0.000000000,0.000000000,420.000,0.000,0.000
1786747395073,XAUT_USDT,demo,0,stale_binance,0,0.000000000,1.000000000,0.000000000,0.000000000,0.229381473,0.000000000,0.000000000,558.000,54.000,54.000
1786747395198,XAUT_USDT,demo,0,stale_binance,0,0.000000000,1.000000000,0.000000000,0.000000000,0.229381473,0.000000000,0.000000000,683.000,0.000,0.000
1786747395325,XAUT_USDT,demo,0,stale_binance,0,0.000000000,1.000000000,0.000000000,0.000000000,0.229381473,0.000000000,0.000000000,810.000,127.000,127.000
1786747395448,XAUT_USDT,demo,0,stale_binance,0,0.000000000,1.000000000,0.000000000,0.000000000,0.229381473,0.000000000,0.000000000,933.000,250.000,250.000
1786747395604,XAUT_USDT,demo,0,stale_binance,0,0.000000000,1.000000000,0.000000000,0.000000000,0.229381473,0.000000000,0.000000000,1089.000,59.000,59.000
1786747395729,XAUT_USDT,demo,0,stale_binance,0,0.000000000,1.000000000,0.000000000,0.000000000,0.229381473,0.000000000,0.000000000,1214.000,0.000,0.000
1786747395839,XAUT_USDT,demo,0,stale_binance,0,0.000000000,1.000000000,0.000000000,0.000000000,0.229381473,0.000000000,0.000000000,1324.000,110.000,110.000
1786747395951,XAUT_USDT,demo,0,stale_binance,0,0.000000000,1.000000000,0.000000000,0.000000000,0.229381473,0.000000000,0.000000000,1436.000,222.000,222.000
1786747396056,XAUT_USDT,demo,0,stale_binance,0,0.000000000,1.000000000,0.000000000,0.000000000,0.229381473,0.000000000,0.000000000,1541.000,0.000,0.000
1786747396200,XAUT_USDT,demo,0,stale_binance,0,0.000000000,1.000000000,0.000000000,0.000000000,0.229381473,0.000000000,0.000000000,1685.000,59.000,59.000
1786747396323,XAUT_USDT,demo,0,microspread_below_threshold,0,0.000000000,1.000000000,0.814271076,0.814271076,0.229381473,0.000000000,0.000000000,60.000,97.000,97.000
1786747396451,XAUT_USDT,demo,0,microspread_below_threshold,0,0.000000000,1.000000000,0.814271076,0.814271076,0.229381473,0.000000000,0.000000000,188.000,225.000,225.000
1786747396607,XAUT_USDT,demo,0,stale_binance,0,0.000000000,1.000000000,0.000000000,0.000000000,0.229381473,0.000000000,0.000000000,344.000,125.000,125.000
1786747396717,XAUT_USDT,demo,0,stale_binance,0,0.000000000,1.000000000,0.000000000,0.000000000,0.229381473,0.000000000,0.000000000,454.000,60.000,60.000
1786747396858,XAUT_USDT,demo,0,stale_binance,0,0.000000000,1.000000000,0.000000000,0.000000000,0.229381473,0.000000000,0.000000000,595.000,118.000,118.000
1786747396984,XAUT_USDT,demo,0,stale_binance,0,0.000000000,1.000000000,0.000000000,0.000000000,0.229381473,0.000000000,0.000000000,721.000,244.000,244.000
1786747397084,XAUT_USDT,demo,0,stale_binance,0,0.000000000,1.000000000,0.000000000,0.000000000,0.229381473,0.000000000,0.000000000,821.000,0.000,0.000
1786747397200,XAUT_USDT,demo,0,stale_binance,0,0.000000000,1.000000000,0.000000000,0.000000000,0.229381473,0.000000000,0.000000000,937.000,116.000,116.000
1786747397310,XAUT_USDT,demo,0,stale_binance,0,0.000000000,1.000000000,0.000000000,0.000000000,0.229381473,0.000000000,0.000000000,1047.000,51.000,51.000
1786747397433,XAUT_USDT,demo,0,stale_binance,0,0.000000000,1.000000000,0.000000000,0.000000000,0.229381473,0.000000000,0.000000000,1170.000,174.000,174.000
1786747397573,XAUT_USDT,demo,0,stale_binance,0,0.000000000,1.000000000,0.000000000,0.000000000,0.229381473,0.000000000,0.000000000,1310.000,60.000,60.000
1786747397698,XAUT_USDT,demo,0,microspread_below_threshold,0,0.000000000,1.000000000,0.814271076,0.814271076,0.229381473,0.000000000,0.000000000,51.000,99.000,99.000
1786747397822,XAUT_USDT,demo,0,microspread_below_threshold,0,0.000000000,1.000000000,0.814271076,0.814271076,0.229381473,0.000000000,0.000000000,175.000,52.000,52.000
1786747397942,XAUT_USDT,demo,0,microspread_below_threshold,0,0.000000000,1.000000000,0.814271076,0.814271076,0.229381473,0.000000000,0.000000000,295.000,0.000,0.000
1786747398674,XAUT_USDT,demo,0,stale_binance,0,0.000000000,1.000000000,0.000000000,0.000000000,0.229381473,0.000000000,0.000000000,487.000,128.000,128.000
1786747398790,XAUT_USDT,demo,0,stale_binance,0,0.000000000,1.000000000,0.000000000,0.000000000,0.229381473,0.000000000,0.000000000,603.000,61.000,61.000
1786747398915,XAUT_USDT,demo,0,stale_binance,0,0.000000000,1.000000000,0.000000000,0.000000000,0.229381473,0.000000000,0.000000000,728.000,186.000,186.000
1786747399024,XAUT_USDT,demo,0,stale_binance,0,0.000000000,1.000000000,0.000000000,0.000000000,0.229381473,0.000000000,0.000000000,837.000,51.000,51.000
1786747399181,XAUT_USDT,demo,0,stale_binance,0,0.000000000,1.000000000,0.000000000,0.000000000,0.229381473,0.000000000,0.000000000,994.000,121.000,121.000
1786747399291,XAUT_USDT,demo,0,stale_binance,0,0.000000000,1.000000000,0.000000000,0.000000000,0.229381473,0.000000000,0.000000000,1104.000,60.000,60.000
1786747399449,XAUT_USDT,demo,0,microspread_below_threshold,0,0.000000000,1.000000000,0.814271076,0.814271076,0.229381473,0.000000000,0.000000000,66.000,218.000,218.000
1786747399576,XAUT_USDT,demo,0,microspread_below_threshold,0,0.000000000,1.000000000,0.814271076,0.814271076,0.229381473,0.000000000,0.000000000,193.000,0.000,0.000
1786747399716,XAUT_USDT,demo,0,stale_binance,0,0.000000000,1.000000000,0.000000000,0.000000000,0.229381473,0.000000000,0.000000000,333.000,53.000,53.000
1786747399841,XAUT_USDT,demo,0,stale_binance,0,0.000000000,1.000000000,0.000000000,0.000000000,0.229381473,0.000000000,0.000000000,458.000,178.000,178.000
1786747399965,XAUT_USDT,demo,0,stale_binance,0,0.000000000,1.000000000,0.000000000,0.000000000,0.229381473,0.000000000,0.000000000,582.000,302.000,302.000
1786747400091,XAUT_USDT,demo,0,stale_binance,0,0.000000000,1.000000000,0.000000000,0.000000000,0.229381473,0.000000000,0.000000000,708.000,0.000,0.000
1786747400229,XAUT_USDT,demo,0,stale_binance,0,0.000000000,1.000000000,0.000000000,0.000000000,0.229381473,0.000000000,0.000000000,846.000,54.000,54.000
1786747400351,XAUT_USDT,demo,0,microspread_below_threshold,0,0.000000000,1.000000000,0.814271076,0.814271076,0.229381473,0.000000000,0.000000000,1.000,91.000,91.000
1786747400480,XAUT_USDT,demo,0,microspread_below_threshold,0,0.000000000,1.000000000,0.814271076,0.814271076,0.229381473,0.000000000,0.000000000,63.000,220.000,220.000
1786747400604,XAUT_USDT,demo,0,microspread_below_threshold,0,0.000000000,1.000000000,0.814271076,0.814271076,0.229381473,0.000000000,0.000000000,187.000,344.000,344.000
1786747400715,XAUT_USDT,demo,0,microspread_below_threshold,0,0.000000000,1.000000000,0.814271076,0.814271076,0.229381473,0.000000000,0.000000000,298.000,109.000,109.000
1786747400828,XAUT_USDT,demo,0,stale_binance,0,0.000000000,1.000000000,0.000000000,0.000000000,0.229381473,0.000000000,0.000000000,411.000,52.000,52.000
1786747400946,XAUT_USDT,demo,0,stale_binance,0,0.000000000,1.000000000,0.000000000,0.000000000,0.229381473,0.000000000,0.000000000,529.000,0.000,0.000
1786747401085,XAUT_USDT,demo,0,stale_binance,0,0.000000000,1.000000000,0.000000000,0.000000000,0.229381473,0.000000000,0.000000000,668.000,54.000,54.000
1786747401208,XAUT_USDT,demo,0,stale_binance,0,0.000000000,1.000000000,0.000000000,0.000000000,0.229381473,0.000000000,0.000000000,791.000,1.000,1.000
1786747401320,XAUT_USDT,demo,0,stale_binance,0,0.000000000,1.000000000,0.000000000,0.000000000,0.229381473,0.000000000,0.000000000,903.000,113.000,113.000
1786747401444,XAUT_USDT,demo,0,stale_binance,0,0.000000000,1.000000000,0.000000000,0.000000000,0.229381473,0.000000000,0.000000000,1027.000,237.000,237.000
1786747401549,XAUT_USDT,demo,0,stale_binance,0,0.000000000,1.000000000,0.000000000,0.000000000,0.229381473,0.000000000,0.000000000,1132.000,0.000,0.000
1786747401664,XAUT_USDT,demo,0,stale_binance,0,0.000000000,1.000000000,0.000000000,0.000000000,0.229381473,0.000000000,0.000000000,1247.000,115.000,115.000
1786747401784,XAUT_USDT,demo,0,microspread_below_threshold,0,0.000000000,1.000000000,0.814271076,0.814271076,0.229381473,0.000000000,0.000000000,0.000,63.000,63.000
1786747401899,XAUT_USDT,demo,0,microspread_below_threshold,0,0.000000000,1.000000000,0.814271076,0.814271076,0.229381473,0.000000000,0.000000000,115.000,178.000,178.000
1786747402040,XAUT_USDT,demo,0,microspread_below_threshold,0,0.000000000,1.000000000,0.814271076,0.814271076,0.229381473,0.000000000,0.000000000,256.000,61.000,61.000
1786747402155,XAUT_USDT,demo,0,stale_binance,0,0.000000000,1.000000000,0.000000000,0.000000000,0.229381473,0.000000000,0.000000000,371.000,0.000,0.000
1786747402273,XAUT_USDT,demo,0,stale_binance,0,0.000000000,1.000000000,0.000000000,0.000000000,0.229381473,0.000000000,0.000000000,489.000,118.000,118.000
1786747402399,XAUT_USDT,demo,0,microspread_below_threshold,0,0.000000000,1.000000000,0.814271076,0.814271076,0.229381473,0.000000000,0.000000000,115.000,244.000,244.000
1786747402557,XAUT_USDT,demo,0,microspread_below_threshold,0,0.000000000,1.000000000,0.814271076,0.814271076,0.229381473,0.000000000,0.000000000,273.000,62.000,62.000
1786747402697,XAUT_USDT,demo,0,stale_binance,0,0.000000000,1.000000000,0.000000000,0.000000000,0.229381473,0.000000000,0.000000000,413.000,114.000,114.000
1786747402807,XAUT_USDT,demo,0,stale_binance,0,0.000000000,1.000000000,0.000000000,0.000000000,0.229381473,0.000000000,0.000000000,523.000,54.000,54.000
1786747402929,XAUT_USDT,demo,0,stale_binance,0,0.000000000,1.000000000,0.000000000,0.000000000,0.229381473,0.000000000,0.000000000,645.000,176.000,176.000
1786747403071,XAUT_USDT,demo,0,stale_binance,0,0.000000000,1.000000000,0.000000000,0.000000000,0.229381473,0.000000000,0.000000000,787.000,62.000,62.000
1786747403196,XAUT_USDT,demo,0,stale_binance,0,0.000000000,1.000000000,0.000000000,0.000000000,0.229381473,0.000000000,0.000000000,912.000,0.000,0.000
1786747403319,XAUT_USDT,demo,0,stale_binance,0,0.000000000,1.000000000,0.000000000,0.000000000,0.229381473,0.000000000,0.000000000,1035.000,51.000,51.000
1786747403441,XAUT_USDT,demo,0,microspread_below_threshold,0,0.000000000,1.000000000,0.814271076,0.814271076,0.229381473,0.000000000,0.000000000,45.000,1.000,1.000
1786747403583,XAUT_USDT,demo,0,microspread_below_threshold,0,0.000000000,1.000000000,0.814271076,0.814271076,0.229381473,0.000000000,0.000000000,187.000,55.000,55.000
1786747404330,XAUT_USDT,demo,0,stale_binance,0,0.000000000,1.000000000,0.000000000,0.000000000,0.229381473,0.000000000,0.000000000,934.000,117.000,117.000
1786747404456,XAUT_USDT,demo,0,stale_binance,0,0.000000000,1.000000000,0.000000000,0.000000000,0.229381473,0.000000000,0.000000000,1060.000,243.000,243.000
1786747404558,XAUT_USDT,demo,0,stale_binance,0,0.000000000,1.000000000,0.000000000,0.000000000,0.229381473,0.000000000,0.000000000,1162.000,0.000,0.000
1786747404706,XAUT_USDT,demo,0,stale_binance,0,0.000000000,1.000000000,0.000000000,0.000000000,0.229381473,0.000000000,0.000000000,1310.000,62.000,62.000
1786747404847,XAUT_USDT,demo,0,stale_binance,0,0.000000000,1.000000000,0.000000000,0.000000000,0.229381473,0.000000000,0.000000000,1451.000,115.000,115.000
1786747404971,XAUT_USDT,demo,0,stale_binance,0,0.000000000,1.000000000,0.000000000,0.000000000,0.229381473,0.000000000,0.000000000,1575.000,239.000,239.000
1786747405074,XAUT_USDT,demo,0,stale_binance,0,0.000000000,1.000000000,0.000000000,0.000000000,0.229381473,0.000000000,0.000000000,1678.000,0.000,0.000
1786747405222,XAUT_USDT,demo,0,stale_binance,0,0.000000000,1.000000000,0.000000000,0.000000000,0.229381473,0.000000000,0.000000000,1826.000,60.000,60.000
1786747405379,XAUT_USDT,demo,0,microspread_below_threshold,0,0.000000000,1.000000000,0.814271076,0.814271076,0.229381473,0.000000000,0.000000000,119.000,131.000,131.000
1786747405504,XAUT_USDT,demo,0,microspread_below_threshold,0,0.000000000,1.000000000,0.814271076,0.814271076,0.229381473,0.000000000,0.000000000,244.000,256.000,256.000
1786747405643,XAUT_USDT,demo,0,microspread_below_threshold,0,0.000000000,1.000000000,0.814271076,0.814271076,0.229381473,0.000000000,0.000000000,135.000,52.000,52.000
1786747405762,XAUT_USDT,demo,0,microspread_below_threshold,0,0.000000000,1.000000000,0.814271076,0.814271076,0.229381473,0.000000000,0.000000000,254.000,0.000,0.000
1786747405878,XAUT_USDT,demo,0,stale_binance,0,0.000000000,1.000000000,0.000000000,0.000000000,0.229381473,0.000000000,0.000000000,370.000,116.000,116.000
1786747406005,XAUT_USDT,demo,0,stale_binance,0,0.000000000,1.000000000,0.000000000,0.000000000,0.229381473,0.000000000,0.000000000,497.000,243.000,243.000
1786747406110,XAUT_USDT,demo,0,stale_binance,0,0.000000000,1.000000000,0.000000000,0.000000000,0.229381473,0.000000000,0.000000000,602.000,0.000,0.000
1786747406238,XAUT_USDT,demo,0,stale_binance,0,0.000000000,1.000000000,0.000000000,0.000000000,0.229381473,0.000000000,0.000000000,730.000,128.000,128.000
1786747406364,XAUT_USDT,demo,0,stale_binance,0,0.000000000,1.000000000,0.000000000,0.000000000,0.229381473,0.000000000,0.000000000,856.000,254.000,254.000
1786747406507,XAUT_USDT,demo,0,microspread_below_threshold,0,0.000000000,1.000000000,0.814271076,0.814271076,0.229381473,0.000000000,0.000000000,0.000,54.000,54.000
1786747406623,XAUT_USDT,demo,0,microspread_below_threshold,0,0.000000000,1.000000000,0.814271076,0.814271076,0.229381473,0.000000000,0.000000000,116.000,0.000,0.000
1786747406769,XAUT_USDT,demo,0,microspread_below_threshold,0,0.000000000,1.000000000,0.814271076,0.814271076,0.229381473,0.000000000,0.000000000,262.000,60.000,60.000
1786747406882,XAUT_USDT,demo,0,stale_binance,0,0.000000000,1.000000000,0.000000000,0.000000000,0.229381473,0.000000000,0.000000000,375.000,0.000,0.000
1786747407033,XAUT_USDT,demo,0,stale_binance,0,0.000000000,1.000000000,0.000000000,0.000000000,0.229381473,0.000000000,0.000000000,526.000,67.000,67.000
1786747407140,XAUT_USDT,demo,0,stale_binance,0,0.000000000,1.000000000,0.000000000,0.000000000,0.229381473,0.000000000,0.000000000,633.000,0.000,0.000
1786747407258,XAUT_USDT,demo,0,microspread_below_threshold,0,0.000000000,1.000000000,0.814271076,0.814271076,0.229381473,0.000000000,0.000000000,0.000,33.000,33.000
1786747407360,XAUT_USDT,demo,0,microspread_below_threshold,0,0.000000000,1.000000000,0.814271076,0.814271076,0.229381473,0.000000000,0.000000000,52.000,135.000,135.000
1786747407485,XAUT_USDT,demo,0,microspread_below_threshold,0,0.000000000,1.000000000,0.814271076,0.814271076,0.229381473,0.000000000,0.000000000,177.000,260.000,260.000
1786747407640,XAUT_USDT,demo,0,microspread_below_threshold,0,0.000000000,1.000000000,0.814271076,0.814271076,0.229381473,0.000000000,0.000000000,56.000,153.000,153.000
1786747407743,XAUT_USDT,demo,0,microspread_below_threshold,0,0.000000000,1.000000000,0.814271076,0.814271076,0.229381473,0.000000000,0.000000000,84.000,0.000,0.000
1786747407858,XAUT_USDT,demo,0,microspread_below_threshold,0,0.000000000,1.000000000,0.814271076,0.814271076,0.229381473,0.000000000,0.000000000,199.000,115.000,115.000
1786747407983,XAUT_USDT,demo,0,stale_binance,0,0.000000000,1.000000000,0.000000000,0.000000000,0.229381473,0.000000000,0.000000000,324.000,240.000,240.000
1786747408087,XAUT_USDT,demo,0,stale_binance,0,0.000000000,1.000000000,0.000000000,0.000000000,0.229381473,0.000000000,0.000000000,428.000,0.000,0.000
1786747408203,XAUT_USDT,demo,0,stale_binance,0,0.000000000,1.000000000,0.000000000,0.000000000,0.229381473,0.000000000,0.000000000,544.000,116.000,116.000
1786747408329,XAUT_USDT,demo,0,microspread_below_threshold,0,0.000000000,1.000000000,0.814271076,0.814271076,0.229381473,0.000000000,0.000000000,90.000,65.000,65.000
1786747408436,XAUT_USDT,demo,0,microspread_below_threshold,0,0.000000000,1.000000000,0.814271076,0.814271076,0.229381473,0.000000000,0.000000000,197.000,0.000,0.000
1786747408580,XAUT_USDT,demo,0,microspread_below_threshold,0,0.000000000,1.000000000,0.814271076,0.814271076,0.229381473,0.000000000,0.000000000,69.000,61.000,61.000
1786747408692,XAUT_USDT,demo,0,microspread_below_threshold,0,0.000000000,1.000000000,0.814271076,0.814271076,0.229381473,0.000000000,0.000000000,181.000,1.000,1.000
1786747408830,XAUT_USDT,demo,0,microspread_below_threshold,0,0.000000000,1.000000000,0.814271076,0.814271076,0.229381473,0.000000000,0.000000000,129.000,53.000,53.000
1786747408985,XAUT_USDT,demo,0,microspread_below_threshold,0,0.000000000,1.000000000,0.814271076,0.814271076,0.229381473,0.000000000,0.000000000,284.000,124.000,124.000
1786747409109,XAUT_USDT,demo,0,stale_binance,0,0.000000000,1.000000000,0.000000000,0.000000000,0.229381473,0.000000000,0.000000000,408.000,248.000,248.000
1786747409233,XAUT_USDT,demo,0,stale_binance,0,0.000000000,1.000000000,0.000000000,0.000000000,0.229381473,0.000000000,0.000000000,532.000,116.000,116.000
1786747410044,XAUT_USDT,demo,0,stale_binance,0,0.000000000,1.000000000,0.000000000,0.000000000,0.229381473,0.000000000,0.000000000,533.000,328.000,328.000
1786747410181,XAUT_USDT,demo,0,stale_binance,0,0.000000000,1.000000000,0.000000000,0.000000000,0.229381473,0.000000000,0.000000000,670.000,116.000,116.000
1786747410292,XAUT_USDT,demo,0,microspread_below_threshold,0,0.000000000,1.000000000,0.814271076,0.814271076,0.229381473,0.000000000,0.000000000,105.000,55.000,55.000
1786747410431,XAUT_USDT,demo,0,microspread_below_threshold,0,0.000000000,1.000000000,0.814271076,0.814271076,0.229381473,0.000000000,0.000000000,65.000,194.000,194.000
1786747410555,XAUT_USDT,demo,0,microspread_below_threshold,0,0.000000000,1.000000000,0.814271076,0.814271076,0.229381473,0.000000000,0.000000000,189.000,64.000,64.000
1786747410663,XAUT_USDT,demo,0,microspread_below_threshold,0,0.000000000,1.000000000,0.814271076,0.814271076,0.229381473,0.000000000,0.000000000,96.000,0.000,0.000
1786747410805,XAUT_USDT,demo,0,microspread_below_threshold,0,0.000000000,1.000000000,0.814271076,0.814271076,0.229381473,0.000000000,0.000000000,238.000,56.000,56.000
1786747410929,XAUT_USDT,demo,0,stale_binance,0,0.000000000,1.000000000,0.000000000,0.000000000,0.229381473,0.000000000,0.000000000,362.000,180.000,180.000
1786747411069,XAUT_USDT,demo,0,stale_binance,0,0.000000000,1.000000000,0.000000000,0.000000000,0.229381473,0.000000000,0.000000000,502.000,63.000,63.000
1786747411211,XAUT_USDT,demo,0,stale_binance,0,0.000000000,1.000000000,0.000000000,0.000000000,0.229381473,0.000000000,0.000000000,644.000,114.000,114.000
1786747411322,XAUT_USDT,demo,0,microspread_below_threshold,0,0.000000000,1.000000000,0.814271076,0.814271076,0.229381473,0.000000000,0.000000000,57.000,52.000,52.000
1786747411446,XAUT_USDT,demo,0,microspread_below_threshold,0,0.000000000,1.000000000,0.814271076,0.814271076,0.229381473,0.000000000,0.000000000,181.000,176.000,176.000
1786747411585,XAUT_USDT,demo,0,stale_binance,0,0.000000000,1.000000000,0.000000000,0.000000000,0.229381473,0.000000000,0.000000000,320.000,59.000,59.000
1786747411725,XAUT_USDT,demo,0,stale_binance,0,0.000000000,1.000000000,0.000000000,0.000000000,0.229381473,0.000000000,0.000000000,460.000,113.000,113.000
1786747411852,XAUT_USDT,demo,0,microspread_below_threshold,0,0.000000000,1.000000000,0.814271076,0.814271076,0.229381473,0.000000000,0.000000000,63.000,240.000,240.000
1786747411955,XAUT_USDT,demo,0,microspread_below_threshold,0,0.000000000,1.000000000,0.814271076,0.814271076,0.229381473,0.000000000,0.000000000,166.000,0.000,0.000
1786747412071,XAUT_USDT,demo,0,microspread_below_threshold,0,0.000000000,1.000000000,0.814271076,0.814271076,0.229381473,0.000000000,0.000000000,282.000,116.000,116.000
1786747412181,XAUT_USDT,demo,0,stale_binance,0,0.000000000,1.000000000,0.000000000,0.000000000,0.229381473,0.000000000,0.000000000,392.000,52.000,52.000
1786747412284,XAUT_USDT,demo,0,microspread_below_threshold,0,0.000000000,1.000000000,0.814271076,0.814271076,0.229381473,0.000000000,0.000000000,0.000,55.000,55.000
1786747412399,XAUT_USDT,demo,0,microspread_below_threshold,0,0.000000000,1.000000000,0.814271076,0.814271076,0.229381473,0.000000000,0.000000000,113.000,170.000,170.000
1786747412524,XAUT_USDT,demo,0,microspread_below_threshold,0,0.000000000,1.000000000,0.814271076,0.814271076,0.229381473,0.000000000,0.000000000,238.000,295.000,295.000
1786747412633,XAUT_USDT,demo,0,stale_binance,0,0.000000000,1.000000000,0.000000000,0.000000000,0.229381473,0.000000000,0.000000000,347.000,59.000,59.000
1786747412789,XAUT_USDT,demo,0,stale_binance,0,0.000000000,1.000000000,0.000000000,0.000000000,0.229381473,0.000000000,0.000000000,503.000,59.000,59.000
1786747412903,XAUT_USDT,demo,0,stale_binance,0,0.000000000,1.000000000,0.000000000,0.000000000,0.229381473,0.000000000,0.000000000,617.000,0.000,0.000
1786747413038,XAUT_USDT,demo,0,stale_binance,0,0.000000000,1.000000000,0.000000000,0.000000000,0.229381473,0.000000000,0.000000000,752.000,53.000,53.000
1786747413164,XAUT_USDT,demo,0,stale_binance,0,0.000000000,1.000000000,0.000000000,0.000000000,0.229381473,0.000000000,0.000000000,878.000,0.000,0.000
1786747413302,XAUT_USDT,demo,0,stale_binance,0,0.000000000,1.000000000,0.000000000,0.000000000,0.229381473,0.000000000,0.000000000,1016.000,56.000,56.000
1786747413426,XAUT_USDT,demo,0,stale_binance,0,0.000000000,1.000000000,0.000000000,0.000000000,0.229381473,0.000000000,0.000000000,1140.000,180.000,180.000
1786747413569,XAUT_USDT,demo,0,stale_binance,0,0.000000000,1.000000000,0.000000000,0.000000000,0.229381473,0.000000000,0.000000000,1283.000,66.000,66.000
1786747413676,XAUT_USDT,demo,0,stale_binance,0,0.000000000,1.000000000,0.000000000,0.000000000,0.229381473,0.000000000,0.000000000,1390.000,0.000,0.000
1786747413813,XAUT_USDT,demo,0,stale_binance,0,0.000000000,1.000000000,0.000000000,0.000000000,0.229381473,0.000000000,0.000000000,1527.000,51.000,51.000
1786747413934,XAUT_USDT,demo,0,stale_binance,0,0.000000000,1.000000000,0.000000000,0.000000000,0.229381473,0.000000000,0.000000000,1648.000,0.000,0.000
1786747414084,XAUT_USDT,demo,0,stale_binance,0,0.000000000,1.000000000,0.000000000,0.000000000,0.229381473,0.000000000,0.000000000,1798.000,55.000,55.000
1786747414187,XAUT_USDT,demo,0,stale_binance,0,0.000000000,1.000000000,0.000000000,0.000000000,0.229381473,0.000000000,0.000000000,1901.000,58.000,58.000
1786747414291,XAUT_USDT,demo,0,microspread_below_threshold,0,0.000000000,1.000000000,0.814271076,0.814271076,0.229381473,0.000000000,0.000000000,0.000,12.000,12.000
1786747414419,XAUT_USDT,demo,0,microspread_below_threshold,0,0.000000000,1.000000000,0.814271076,0.814271076,0.229381473,0.000000000,0.000000000,57.000,140.000,140.000
1786747414544,XAUT_USDT,demo,0,microspread_below_threshold,0,0.000000000,1.000000000,0.814271076,0.814271076,0.229381473,0.000000000,0.000000000,182.000,265.000,265.000
1786747414684,XAUT_USDT,demo,0,stale_binance,0,0.000000000,1.000000000,0.000000000,0.000000000,0.229381473,0.000000000,0.000000000,322.000,66.000,66.000
1786747414808,XAUT_USDT,demo,0,stale_binance,0,0.000000000,1.000000000,0.000000000,0.000000000,0.229381473,0.000000000,0.000000000,446.000,190.000,190.000
1786747414935,XAUT_USDT,demo,0,stale_binance,0,0.000000000,1.000000000,0.000000000,0.000000000,0.229381473,0.000000000,0.000000000,573.000,317.000,317.000
1786747415668,XAUT_USDT,demo,0,microspread_below_threshold,0,0.000000000,1.000000000,0.814271076,0.814271076,0.229381473,0.000000000,0.000000000,160.000,23.000,23.000
1786747415794,XAUT_USDT,demo,0,microspread_below_threshold,0,0.000000000,1.000000000,0.814271076,0.814271076,0.229381473,0.000000000,0.000000000,286.000,64.000,64.000
1786747415908,XAUT_USDT,demo,0,microspread_below_threshold,0,0.000000000,1.000000000,0.814271076,0.814271076,0.229381473,0.000000000,0.000000000,107.000,178.000,178.000
1786747416052,XAUT_USDT,demo,0,microspread_below_threshold,0,0.000000000,1.000000000,0.814271076,0.814271076,0.229381473,0.000000000,0.000000000,251.000,64.000,64.000
1786747416166,XAUT_USDT,demo,0,stale_binance,0,0.000000000,1.000000000,0.000000000,0.000000000,0.229381473,0.000000000,0.000000000,365.000,0.000,0.000
1786747416304,XAUT_USDT,demo,0,stale_binance,0,0.000000000,1.000000000,0.000000000,0.000000000,0.229381473,0.000000000,0.000000000,503.000,57.000,57.000
1786747416430,XAUT_USDT,demo,0,stale_binance,0,0.000000000,1.000000000,0.000000000,0.000000000,0.229381473,0.000000000,0.000000000,629.000,183.000,183.000
1786747416542,XAUT_USDT,demo,0,microspread_below_threshold,0,0.000000000,1.000000000,0.814271076,0.814271076,0.229381473,0.000000000,0.000000000,0.000,35.000,35.000
1786747416648,XAUT_USDT,demo,0,microspread_below_threshold,0,0.000000000,1.000000000,0.814271076,0.814271076,0.229381473,0.000000000,0.000000000,53.000,56.000,56.000
1786747416762,XAUT_USDT,demo,0,microspread_below_threshold,0,0.000000000,1.000000000,0.814271076,0.814271076,0.229381473,0.000000000,0.000000000,167.000,1.000,1.000
1786747416882,XAUT_USDT,demo,0,microspread_below_threshold,0,0.000000000,1.000000000,0.814271076,0.814271076,0.229381473,0.000000000,0.000000000,287.000,121.000,121.000
1786747417008,XAUT_USDT,demo,0,stale_binance,0,0.000000000,1.000000000,0.000000000,0.000000000,0.229381473,0.000000000,0.000000000,413.000,247.000,247.000
1786747417164,XAUT_USDT,demo,0,stale_binance,0,0.000000000,1.000000000,0.000000000,0.000000000,0.229381473,0.000000000,0.000000000,569.000,58.000,58.000
1786747417284,XAUT_USDT,demo,0,microspread_below_threshold,0,0.000000000,1.000000000,0.814271076,0.814271076,0.229381473,0.000000000,0.000000000,0.000,93.000,93.000
1786747417398,XAUT_USDT,demo,0,microspread_below_threshold,0,0.000000000,1.000000000,0.814271076,0.814271076,0.229381473,0.000000000,0.000000000,114.000,207.000,207.000
1786747417507,XAUT_USDT,demo,0,microspread_below_threshold,0,0.000000000,1.000000000,0.814271076,0.814271076,0.229381473,0.000000000,0.000000000,0.000,316.000,316.000
1786747417621,XAUT_USDT,demo,0,microspread_below_threshold,0,0.000000000,1.000000000,0.814271076,0.814271076,0.229381473,0.000000000,0.000000000,39.000,0.000,0.000
1786747417771,XAUT_USDT,demo,0,microspread_below_threshold,0,0.000000000,1.000000000,0.814271076,0.814271076,0.229381473,0.000000000,0.000000000,102.000,63.000,63.000
1786747417910,XAUT_USDT,demo,0,microspread_below_threshold,0,0.000000000,1.000000000,0.814271076,0.814271076,0.229381473,0.000000000,0.000000000,241.000,116.000,116.000
1786747418037,XAUT_USDT,demo,0,stale_binance,0,0.000000000,1.000000000,0.000000000,0.000000000,0.229381473,0.000000000,0.000000000,368.000,243.000,243.000
1786747418140,XAUT_USDT,demo,0,stale_binance,0,0.000000000,1.000000000,0.000000000,0.000000000,0.229381473,0.000000000,0.000000000,471.000,0.000,0.000
1786747418287,XAUT_USDT,demo,0,stale_binance,0,0.000000000,1.000000000,0.000000000,0.000000000,0.229381473,0.000000000,0.000000000,618.000,62.000,62.000
1786747418428,XAUT_USDT,demo,0,stale_binance,0,0.000000000,1.000000000,0.000000000,0.000000000,0.229381473,0.000000000,0.000000000,759.000,116.000,116.000
1786747418535,XAUT_USDT,demo,0,microspread_below_threshold,0,0.000000000,1.000000000,0.814271076,0.814271076,0.229381473,0.000000000,0.000000000,0.000,223.000,223.000
1786747418692,XAUT_USDT,demo,0,microspread_below_threshold,0,0.000000000,1.000000000,0.814271076,0.814271076,0.229381473,0.000000000,0.000000000,157.000,123.000,123.000
1786747418802,XAUT_USDT,demo,0,microspread_below_threshold,0,0.000000000,1.000000000,0.814271076,0.814271076,0.229381473,0.000000000,0.000000000,267.000,62.000,62.000
1786747418916,XAUT_USDT,demo,0,stale_binance,0,0.000000000,1.000000000,0.000000000,0.000000000,0.229381473,0.000000000,0.000000000,381.000,0.000,0.000
1786747419051,XAUT_USDT,demo,0,stale_binance,0,0.000000000,1.000000000,0.000000000,0.000000000,0.229381473,0.000000000,0.000000000,516.000,54.000,54.000
1786747419176,XAUT_USDT,demo,0,stale_binance,0,0.000000000,1.000000000,0.000000000,0.000000000,0.229381473,0.000000000,0.000000000,641.000,0.000,0.000
1786747419319,XAUT_USDT,demo,0,stale_binance,0,0.000000000,1.000000000,0.000000000,0.000000000,0.229381473,0.000000000,0.000000000,784.000,62.000,62.000
1786747419430,XAUT_USDT,demo,0,stale_binance,0,0.000000000,1.000000000,0.000000000,0.000000000,0.229381473,0.000000000,0.000000000,895.000,0.000,0.000
1786747419552,XAUT_USDT,demo,0,stale_binance,0,0.000000000,1.000000000,0.000000000,0.000000000,0.229381473,0.000000000,0.000000000,1017.000,122.000,122.000
1786747419675,XAUT_USDT,demo,0,microspread_below_threshold,0,0.000000000,1.000000000,0.814271076,0.814271076,0.229381473,0.000000000,0.000000000,57.000,245.000,245.000
1786747419801,XAUT_USDT,demo,0,microspread_below_threshold,0,0.000000000,1.000000000,0.814271076,0.814271076,0.229381473,0.000000000,0.000000000,183.000,113.000,113.000
1786747419926,XAUT_USDT,demo,0,stale_binance,0,0.000000000,1.000000000,0.000000000,0.000000000,0.229381473,0.000000000,0.000000000,308.000,66.000,66.000
1786747420052,XAUT_USDT,demo,0,stale_binance,0,0.000000000,1.000000000,0.000000000,0.000000000,0.229381473,0.000000000,0.000000000,434.000,192.000,192.000
1786747420177,XAUT_USDT,demo,0,microspread_below_threshold,0,0.000000000,1.000000000,0.814271076,0.814271076,0.229381473,0.000000000,0.000000000,122.000,59.000,59.000
1786747420290,XAUT_USDT,demo,0,microspread_below_threshold,0,0.000000000,1.000000000,0.814271076,0.814271076,0.229381473,0.000000000,0.000000000,235.000,0.000,0.000
1786747420413,XAUT_USDT,demo,0,stale_binance,0,0.000000000,1.000000000,0.000000000,0.000000000,0.229381473,0.000000000,0.000000000,358.000,123.000,123.000
1786747420544,XAUT_USDT,demo,0,microspread_below_threshold,0,0.000000000,1.000000000,0.814271076,0.814271076,0.229381473,0.000000000,0.000000000,96.000,0.000,0.000
1786747421319,XAUT_USDT,demo,0,microspread_below_threshold,0,0.000000000,1.000000000,0.814271076,0.814271076,0.229381473,0.000000000,0.000000000,19.000,84.000,84.000
1786747421436,XAUT_USDT,demo,0,microspread_below_threshold,0,0.000000000,1.000000000,0.814271076,0.814271076,0.229381473,0.000000000,0.000000000,136.000,201.000,201.000
1786747421562,XAUT_USDT,demo,0,microspread_below_threshold,0,0.000000000,1.000000000,0.814271076,0.814271076,0.229381473,0.000000000,0.000000000,262.000,327.000,327.000
1786747421665,XAUT_USDT,demo,0,stale_binance,0,0.000000000,1.000000000,0.000000000,0.000000000,0.229381473,0.000000000,0.000000000,365.000,0.000,0.000
1786747421811,XAUT_USDT,demo,0,stale_binance,0,0.000000000,1.000000000,0.000000000,0.000000000,0.229381473,0.000000000,0.000000000,511.000,60.000,60.000
1786747421951,XAUT_USDT,demo,0,stale_binance,0,0.000000000,1.000000000,0.000000000,0.000000000,0.229381473,0.000000000,0.000000000,651.000,117.000,117.000
1786747422076,XAUT_USDT,demo,0,stale_binance,0,0.000000000,1.000000000,0.000000000,0.000000000,0.229381473,0.000000000,0.000000000,776.000,242.000,242.000
1786747422182,XAUT_USDT,demo,0,stale_binance,0,0.000000000,1.000000000,0.000000000,0.000000000,0.229381473,0.000000000,0.000000000,882.000,0.000,0.000
1786747422306,XAUT_USDT,demo,0,microspread_below_threshold,0,0.000000000,1.000000000,0.814271076,0.814271076,0.229381473,0.000000000,0.000000000,0.000,39.000,39.000
1786747422467,XAUT_USDT,demo,0,microspread_below_threshold,0,0.000000000,1.000000000,0.814271076,0.814271076,0.229381473,0.000000000,0.000000000,158.000,115.000,115.000
1786747422607,XAUT_USDT,demo,0,microspread_below_threshold,0,0.000000000,1.000000000,0.814271076,0.814271076,0.229381473,0.000000000,0.000000000,113.000,0.000,0.000
1786747422747,XAUT_USDT,demo,0,microspread_below_threshold,0,0.000000000,1.000000000,0.814271076,0.814271076,0.229381473,0.000000000,0.000000000,60.000,53.000,53.000
1786747422863,XAUT_USDT,demo,0,microspread_below_threshold,0,0.000000000,1.000000000,0.814271076,0.814271076,0.229381473,0.000000000,0.000000000,176.000,0.000,0.000
1786747422980,XAUT_USDT,demo,0,microspread_below_threshold,0,0.000000000,1.000000000,0.814271076,0.814271076,0.229381473,0.000000000,0.000000000,293.000,117.000,117.000
1786747423105,XAUT_USDT,demo,0,stale_binance,0,0.000000000,1.000000000,0.000000000,0.000000000,0.229381473,0.000000000,0.000000000,418.000,242.000,242.000
1786747423209,XAUT_USDT,demo,0,stale_binance,0,0.000000000,1.000000000,0.000000000,0.000000000,0.229381473,0.000000000,0.000000000,522.000,1.000,1.000
1786747423313,XAUT_USDT,demo,0,microspread_below_threshold,0,0.000000000,1.000000000,0.814271076,0.814271076,0.229381473,0.000000000,0.000000000,0.000,19.000,19.000
1786747423433,XAUT_USDT,demo,0,microspread_below_threshold,0,0.000000000,1.000000000,0.814271076,0.814271076,0.229381473,0.000000000,0.000000000,116.000,139.000,139.000
1786747423551,XAUT_USDT,demo,0,microspread_below_threshold,0,0.000000000,1.000000000,0.814271076,0.814271076,0.229381473,0.000000000,0.000000000,234.000,0.000,0.000
1786747423699,XAUT_USDT,demo,0,stale_binance,0,0.000000000,1.000000000,0.000000000,0.000000000,0.229381473,0.000000000,0.000000000,382.000,64.000,64.000
1786747423842,XAUT_USDT,demo,0,stale_binance,0,0.000000000,1.000000000,0.000000000,0.000000000,0.229381473,0.000000000,0.000000000,525.000,122.000,122.000
1786747423966,XAUT_USDT,demo,0,stale_binance,0,0.000000000,1.000000000,0.000000000,0.000000000,0.229381473,0.000000000,0.000000000,649.000,246.000,246.000
1786747424123,XAUT_USDT,demo,0,stale_binance,0,0.000000000,1.000000000,0.000000000,0.000000000,0.229381473,0.000000000,0.000000000,806.000,58.000,58.000
1786747424238,XAUT_USDT,demo,0,stale_binance,0,0.000000000,1.000000000,0.000000000,0.000000000,0.229381473,0.000000000,0.000000000,921.000,0.000,0.000
1786747424388,XAUT_USDT,demo,0,stale_binance,0,0.000000000,1.000000000,0.000000000,0.000000000,0.229381473,0.000000000,0.000000000,1071.000,66.000,66.000
1786747424493,XAUT_USDT,demo,0,stale_binance,0,0.000000000,1.000000000,0.000000000,0.000000000,0.229381473,0.000000000,0.000000000,1176.000,0.000,0.000
1786747424620,XAUT_USDT,demo,0,microspread_below_threshold,0,0.000000000,1.000000000,0.814271076,0.814271076,0.229381473,0.000000000,0.000000000,0.000,42.000,42.000
1786747424732,XAUT_USDT,demo,0,microspread_below_threshold,0,0.000000000,1.000000000,0.814271076,0.814271076,0.229381473,0.000000000,0.000000000,112.000,65.000,65.000
1786747424837,XAUT_USDT,demo,0,microspread_below_threshold,0,0.000000000,1.000000000,0.814271076,0.814271076,0.229381473,0.000000000,0.000000000,217.000,0.000,0.000
1786747424981,XAUT_USDT,demo,0,stale_binance,0,0.000000000,1.000000000,0.000000000,0.000000000,0.229381473,0.000000000,0.000000000,361.000,59.000,59.000
1786747425100,XAUT_USDT,demo,0,stale_binance,0,0.000000000,1.000000000,0.000000000,0.000000000,0.229381473,0.000000000,0.000000000,480.000,0.000,0.000
1786747425246,XAUT_USDT,demo,0,stale_binance,0,0.000000000,1.000000000,0.000000000,0.000000000,0.229381473,0.000000000,0.000000000,626.000,65.000,65.000
1786747425353,XAUT_USDT,demo,0,stale_binance,0,0.000000000,1.000000000,0.000000000,0.000000000,0.229381473,0.000000000,0.000000000,733.000,0.000,0.000
1786747425480,XAUT_USDT,demo,0,stale_binance,0,0.000000000,1.000000000,0.000000000,0.000000000,0.229381473,0.000000000,0.000000000,860.000,127.000,127.000
1786747425610,XAUT_USDT,demo,0,microspread_below_threshold,0,0.000000000,1.000000000,0.814271076,0.814271076,0.229381473,0.000000000,0.000000000,102.000,0.000,0.000
1786747425731,XAUT_USDT,demo,0,microspread_below_threshold,0,0.000000000,1.000000000,0.814271076,0.814271076,0.229381473,0.000000000,0.000000000,223.000,121.000,121.000
1786747425840,XAUT_USDT,demo,0,stale_binance,0,0.000000000,1.000000000,0.000000000,0.000000000,0.229381473,0.000000000,0.000000000,332.000,57.000,57.000
1786747425997,XAUT_USDT,demo,0,stale_binance,0,0.000000000,1.000000000,0.000000000,0.000000000,0.229381473,0.000000000,0.000000000,489.000,127.000,127.000
1786747426129,XAUT_USDT,demo,0,stale_binance,0,0.000000000,1.000000000,0.000000000,0.000000000,0.229381473,0.000000000,0.000000000,621.000,0.000,0.000
1786747426262,XAUT_USDT,demo,0,microspread_below_threshold,0,0.000000000,1.000000000,0.814271076,0.814271076,0.229381473,0.000000000,0.000000000,0.000,45.000,45.000
1786747427020,XAUT_USDT,demo,0,stale_binance,0,0.000000000,1.000000000,0.000000000,0.000000000,0.229381473,0.000000000,0.000000000,510.000,283.000,283.000
1786747427140,XAUT_USDT,demo,0,stale_binance,0,0.000000000,1.000000000,0.000000000,0.000000000,0.229381473,0.000000000,0.000000000,630.000,57.000,57.000
1786747427262,XAUT_USDT,demo,0,microspread_below_threshold,0,0.000000000,1.000000000,0.814271076,0.814271076,0.229381473,0.000000000,0.000000000,0.000,101.000,101.000
1786747427386,XAUT_USDT,demo,0,microspread_below_threshold,0,0.000000000,1.000000000,0.814271076,0.814271076,0.229381473,0.000000000,0.000000000,51.000,53.000,53.000
1786747427498,XAUT_USDT,demo,0,microspread_below_threshold,0,0.000000000,1.000000000,0.814271076,0.814271076,0.229381473,0.000000000,0.000000000,163.000,165.000,165.000
1786747427623,XAUT_USDT,demo,0,microspread_below_threshold,0,0.000000000,1.000000000,0.814271076,0.814271076,0.229381473,0.000000000,0.000000000,288.000,290.000,290.000
1786747427733,XAUT_USDT,demo,0,microspread_below_threshold,0,0.000000000,1.000000000,0.814271076,0.814271076,0.229381473,0.000000000,0.000000000,51.000,58.000,58.000
1786747427845,XAUT_USDT,demo,0,microspread_below_threshold,0,0.000000000,1.000000000,0.814271076,0.814271076,0.229381473,0.000000000,0.000000000,163.000,1.000,1.000
1786747427969,XAUT_USDT,demo,0,microspread_below_threshold,0,0.000000000,1.000000000,0.814271076,0.814271076,0.229381473,0.000000000,0.000000000,287.000,125.000,125.000
1786747428093,XAUT_USDT,demo,0,stale_binance,0,0.000000000,1.000000000,0.000000000,0.000000000,0.229381473,0.000000000,0.000000000,411.000,249.000,249.000
1786747428232,XAUT_USDT,demo,0,stale_binance,0,0.000000000,1.000000000,0.000000000,0.000000000,0.229381473,0.000000000,0.000000000,550.000,125.000,125.000
1786747428335,XAUT_USDT,demo,0,microspread_below_threshold,0,0.000000000,1.000000000,0.814271076,0.814271076,0.229381473,0.000000000,0.000000000,0.000,56.000,56.000
1786747428481,XAUT_USDT,demo,0,microspread_below_threshold,0,0.000000000,1.000000000,0.814271076,0.814271076,0.229381473,0.000000000,0.000000000,143.000,116.000,116.000
1786747428590,XAUT_USDT,demo,0,microspread_below_threshold,0,0.000000000,1.000000000,0.814271076,0.814271076,0.229381473,0.000000000,0.000000000,52.000,225.000,225.000
1786747428730,XAUT_USDT,demo,0,microspread_below_threshold,0,0.000000000,1.000000000,0.814271076,0.814271076,0.229381473,0.000000000,0.000000000,192.000,0.000,0.000
1786747428890,XAUT_USDT,demo,0,stale_binance,0,0.000000000,1.000000000,0.000000000,0.000000000,0.229381473,0.000000000,0.000000000,352.000,61.000,61.000
1786747429014,XAUT_USDT,demo,0,stale_binance,0,0.000000000,1.000000000,0.000000000,0.000000000,0.229381473,0.000000000,0.000000000,476.000,185.000,185.000
1786747429135,XAUT_USDT,demo,0,microspread_below_threshold,0,0.000000000,1.000000000,0.814271076,0.814271076,0.229381473,0.000000000,0.000000000,0.000,86.000,86.000
1786747429282,XAUT_USDT,demo,0,microspread_below_threshold,0,0.000000000,1.000000000,0.814271076,0.814271076,0.229381473,0.000000000,0.000000000,147.000,53.000,53.000
1786747429405,XAUT_USDT,demo,0,microspread_below_threshold,0,0.000000000,1.000000000,0.814271076,0.814271076,0.229381473,0.000000000,0.000000000,270.000,176.000,176.000
1786747429546,XAUT_USDT,demo,0,stale_binance,0,0.000000000,1.000000000,0.000000000,0.000000000,0.229381473,0.000000000,0.000000000,411.000,63.000,63.000
1786747429656,XAUT_USDT,demo,0,stale_binance,0,0.000000000,1.000000000,0.000000000,0.000000000,0.229381473,0.000000000,0.000000000,521.000,0.000,0.000
1786747429795,XAUT_USDT,demo,0,stale_binance,0,0.000000000,1.000000000,0.000000000,0.000000000,0.229381473,0.000000000,0.000000000,660.000,56.000,56.000
1786747429912,XAUT_USDT,demo,0,stale_binance,0,0.000000000,1.000000000,0.000000000,0.000000000,0.229381473,0.000000000,0.000000000,777.000,0.000,0.000
1786747430060,XAUT_USDT,demo,0,stale_binance,0,0.000000000,1.000000000,0.000000000,0.000000000,0.229381473,0.000000000,0.000000000,925.000,64.000,64.000
1786747430183,XAUT_USDT,demo,0,microspread_below_threshold,0,0.000000000,1.000000000,0.814271076,0.814271076,0.229381473,0.000000000,0.000000000,55.000,187.000,187.000
1786747430309,XAUT_USDT,demo,0,microspread_below_threshold,0,0.000000000,1.000000000,0.814271076,0.814271076,0.229381473,0.000000000,0.000000000,62.000,313.000,313.000
1786747430414,XAUT_USDT,demo,0,microspread_below_threshold,0,0.000000000,1.000000000,0.814271076,0.814271076,0.229381473,0.000000000,0.000000000,0.000,418.000,418.000
1786747430543,XAUT_USDT,demo,0,microspread_below_threshold,0,0.000000000,1.000000000,0.814271076,0.814271076,0.229381473,0.000000000,0.000000000,129.000,118.000,118.000
1786747430652,XAUT_USDT,demo,0,microspread_below_threshold,0,0.000000000,1.000000000,0.814271076,0.814271076,0.229381473,0.000000000,0.000000000,238.000,56.000,56.000
1786747430779,XAUT_USDT,demo,0,stale_binance,0,0.000000000,1.000000000,0.000000000,0.000000000,0.229381473,0.000000000,0.000000000,365.000,50.000,50.000
1786747430920,XAUT_USDT,demo,0,stale_binance,0,0.000000000,1.000000000,0.000000000,0.000000000,0.229381473,0.000000000,0.000000000,506.000,59.000,59.000
1786747431062,XAUT_USDT,demo,0,stale_binance,0,0.000000000,1.000000000,0.000000000,0.000000000,0.229381473,0.000000000,0.000000000,648.000,123.000,123.000
1786747431173,XAUT_USDT,demo,0,stale_binance,0,0.000000000,1.000000000,0.000000000,0.000000000,0.229381473,0.000000000,0.000000000,759.000,58.000,58.000
1786747431287,XAUT_USDT,demo,0,stale_binance,0,0.000000000,1.000000000,0.000000000,0.000000000,0.229381473,0.000000000,0.000000000,873.000,0.000,0.000
1786747431423,XAUT_USDT,demo,0,microspread_below_threshold,0,0.000000000,1.000000000,0.814271076,0.814271076,0.229381473,0.000000000,0.000000000,128.000,136.000,136.000
1786747431580,XAUT_USDT,demo,0,microspread_below_threshold,0,0.000000000,1.000000000,0.814271076,0.814271076,0.229381473,0.000000000,0.000000000,285.000,119.000,119.000
1786747431689,XAUT_USDT,demo,0,stale_binance,0,0.000000000,1.000000000,0.000000000,0.000000000,0.229381473,0.000000000,0.000000000,394.000,54.000,54.000
1786747431807,XAUT_USDT,demo,0,microspread_below_threshold,0,0.000000000,1.000000000,0.814271076,0.814271076,0.229381473,0.000000000,0.000000000,91.000,0.000,0.000
1786747431954,XAUT_USDT,demo,0,microspread_below_threshold,0,0.000000000,1.000000000,0.814271076,0.814271076,0.229381473,0.000000000,0.000000000,238.000,58.000,58.000
1786747432717,XAUT_USDT,demo,0,stale_binance,0,0.000000000,1.000000000,0.000000000,0.000000000,0.229381473,0.000000000,0.000000000,403.000,51.000,51.000
1786747432820,XAUT_USDT,demo,0,microspread_below_threshold,0,0.000000000,1.000000000,0.814271076,0.814271076,0.229381473,0.000000000,0.000000000,0.000,154.000,154.000
1786747432920,XAUT_USDT,demo,0,microspread_below_threshold,0,0.000000000,1.000000000,0.814271076,0.814271076,0.229381473,0.000000000,0.000000000,100.000,0.000,0.000
1786747433047,XAUT_USDT,demo,0,microspread_below_threshold,0,0.000000000,1.000000000,0.814271076,0.814271076,0.229381473,0.000000000,0.000000000,227.000,127.000,127.000
1786747433157,XAUT_USDT,demo,0,stale_binance,0,0.000000000,1.000000000,0.000000000,0.000000000,0.229381473,0.000000000,0.000000000,337.000,61.000,61.000
1786747433313,XAUT_USDT,demo,0,stale_binance,0,0.000000000,1.000000000,0.000000000,0.000000000,0.229381473,0.000000000,0.000000000,493.000,128.000,128.000
1786747433417,XAUT_USDT,demo,0,microspread_below_threshold,0,0.000000000,1.000000000,0.814271076,0.814271076,0.229381473,0.000000000,0.000000000,0.000,59.000,59.000
1786747433545,XAUT_USDT,demo,0,microspread_below_threshold,0,0.000000000,1.000000000,0.814271076,0.814271076,0.229381473,0.000000000,0.000000000,126.000,187.000,187.000
1786747433670,XAUT_USDT,demo,0,microspread_below_threshold,0,0.000000000,1.000000000,0.814271076,0.814271076,0.229381473,0.000000000,0.000000000,251.000,59.000,59.000
1786747433809,XAUT_USDT,demo,0,stale_binance,0,0.000000000,1.000000000,0.000000000,0.000000000,0.229381473,0.000000000,0.000000000,390.000,113.000,113.000
1786747433934,XAUT_USDT,demo,0,stale_binance,0,0.000000000,1.000000000,0.000000000,0.000000000,0.229381473,0.000000000,0.000000000,515.000,63.000,63.000
1786747434069,XAUT_USDT,demo,0,stale_binance,0,0.000000000,1.000000000,0.000000000,0.000000000,0.229381473,0.000000000,0.000000000,650.000,113.000,113.000
1786747434191,XAUT_USDT,demo,0,stale_binance,0,0.000000000,1.000000000,0.000000000,0.000000000,0.229381473,0.000000000,0.000000000,772.000,63.000,63.000
1786747434302,XAUT_USDT,demo,0,stale_binance,0,0.000000000,1.000000000,0.000000000,0.000000000,0.229381473,0.000000000,0.000000000,883.000,0.000,0.000
1786747434438,XAUT_USDT,demo,0,microspread_below_threshold,0,0.000000000,1.000000000,0.814271076,0.814271076,0.229381473,0.000000000,0.000000000,95.000,51.000,51.000
1786747434559,XAUT_USDT,demo,0,microspread_below_threshold,0,0.000000000,1.000000000,0.814271076,0.814271076,0.229381473,0.000000000,0.000000000,22.000,0.000,0.000
1786747434689,XAUT_USDT,demo,0,microspread_below_threshold,0,0.000000000,1.000000000,0.814271076,0.814271076,0.229381473,0.000000000,0.000000000,124.000,130.000,130.000
1786747434814,XAUT_USDT,demo,0,microspread_below_threshold,0,0.000000000,1.000000000,0.814271076,0.814271076,0.229381473,0.000000000,0.000000000,249.000,255.000,255.000
1786747434955,XAUT_USDT,demo,0,stale_binance,0,0.000000000,1.000000000,0.000000000,0.000000000,0.229381473,0.000000000,0.000000000,390.000,52.000,52.000
1786747435075,XAUT_USDT,demo,0,stale_binance,0,0.000000000,1.000000000,0.000000000,0.000000000,0.229381473,0.000000000,0.000000000,510.000,1.000,1.000
1786747435220,XAUT_USDT,demo,0,stale_binance,0,0.000000000,1.000000000,0.000000000,0.000000000,0.229381473,0.000000000,0.000000000,655.000,58.000,58.000
1786747435332,XAUT_USDT,demo,0,stale_binance,0,0.000000000,1.000000000,0.000000000,0.000000000,0.229381473,0.000000000,0.000000000,767.000,0.000,0.000
1786747435471,XAUT_USDT,demo,0,microspread_below_threshold,0,0.000000000,1.000000000,0.814271076,0.814271076,0.229381473,0.000000000,0.000000000,91.000,54.000,54.000
1786747435596,XAUT_USDT,demo,0,microspread_below_threshold,0,0.000000000,1.000000000,0.814271076,0.814271076,0.229381473,0.000000000,0.000000000,216.000,179.000,179.000
1786747435738,XAUT_USDT,demo,0,microspread_below_threshold,0,0.000000000,1.000000000,0.814271076,0.814271076,0.229381473,0.000000000,0.000000000,135.000,64.000,64.000
1786747435862,XAUT_USDT,demo,0,microspread_below_threshold,0,0.000000000,1.000000000,0.814271076,0.814271076,0.229381473,0.000000000,0.000000000,259.000,188.000,188.000
1786747435987,XAUT_USDT,demo,0,stale_binance,0,0.000000000,1.000000000,0.000000000,0.000000000,0.229381473,0.000000000,0.000000000,384.000,57.000,57.000
1786747436105,XAUT_USDT,demo,0,stale_binance,0,0.000000000,1.000000000,0.000000000,0.000000000,0.229381473,0.000000000,0.000000000,502.000,0.000,0.000
1786747436254,XAUT_USDT,demo,0,stale_binance,0,0.000000000,1.000000000,0.000000000,0.000000000,0.229381473,0.000000000,0.000000000,651.000,64.000,64.000
1786747436362,XAUT_USDT,demo,0,stale_binance,0,0.000000000,1.000000000,0.000000000,0.000000000,0.229381473,0.000000000,0.000000000,759.000,0.000,0.000
1786747436487,XAUT_USDT,demo,0,microspread_below_threshold,0,0.000000000,1.000000000,0.814271076,0.814271076,0.229381473,0.000000000,0.000000000,114.000,125.000,125.000
1786747436624,XAUT_USDT,demo,0,microspread_below_threshold,0,0.000000000,1.000000000,0.814271076,0.814271076,0.229381473,0.000000000,0.000000000,117.000,0.000,0.000
1786747436766,XAUT_USDT,demo,0,microspread_below_threshold,0,0.000000000,1.000000000,0.814271076,0.814271076,0.229381473,0.000000000,0.000000000,259.000,60.000,60.000
1786747436876,XAUT_USDT,demo,0,stale_binance,0,0.000000000,1.000000000,0.000000000,0.000000000,0.229381473,0.000000000,0.000000000,369.000,0.000,0.000
1786747437017,XAUT_USDT,demo,0,stale_binance,0,0.000000000,1.000000000,0.000000000,0.000000000,0.229381473,0.000000000,0.000000000,510.000,58.000,58.000
1786747437137,XAUT_USDT,demo,0,stale_binance,0,0.000000000,1.000000000,0.000000000,0.000000000,0.229381473,0.000000000,0.000000000,630.000,0.000,0.000
1786747437252,XAUT_USDT,demo,0,stale_binance,0,0.000000000,1.000000000,0.000000000,0.000000000,0.229381473,0.000000000,0.000000000,745.000,115.000,115.000
1786747437361,XAUT_USDT,demo,0,stale_binance,0,0.000000000,1.000000000,0.000000000,0.000000000,0.229381473,0.000000000,0.000000000,854.000,55.000,55.000
1786747437508,XAUT_USDT,demo,0,microspread_below_threshold,0,0.000000000,1.000000000,0.814271076,0.814271076,0.229381473,0.000000000,0.000000000,0.000,112.000,112.000
1786747437627,XAUT_USDT,demo,0,microspread_below_threshold,0,0.000000000,1.000000000,0.814271076,0.814271076,0.229381473,0.000000000,0.000000000,119.000,231.000,231.000
1786747438420,XAUT_USDT,demo,0,stale_binance,0,0.000000000,1.000000000,0.000000000,0.000000000,0.229381473,0.000000000,0.000000000,728.000,157.000,157.000
1786747438564,XAUT_USDT,demo,0,microspread_below_threshold,0,0.000000000,1.000000000,0.814271076,0.814271076,0.229381473,0.000000000,0.000000000,55.000,131.000,131.000
1786747438673,XAUT_USDT,demo,0,microspread_below_threshold,0,0.000000000,1.000000000,0.814271076,0.814271076,0.229381473,0.000000000,0.000000000,62.000,240.000,240.000
1786747438777,XAUT_USDT,demo,0,microspread_below_threshold,0,0.000000000,1.000000000,0.814271076,0.814271076,0.229381473,0.000000000,0.000000000,166.000,0.000,0.000
1786747438905,XAUT_USDT,demo,0,microspread_below_threshold,0,0.000000000,1.000000000,0.814271076,0.814271076,0.229381473,0.000000000,0.000000000,294.000,128.000,128.000
1786747439012,XAUT_USDT,demo,0,stale_binance,0,0.000000000,1.000000000,0.000000000,0.000000000,0.229381473,0.000000000,0.000000000,401.000,65.000,65.000
1786747439124,XAUT_USDT,demo,0,stale_binance,0,0.000000000,1.000000000,0.000000000,0.000000000,0.229381473,0.000000000,0.000000000,513.000,1.000,1.000
1786747439263,XAUT_USDT,demo,0,stale_binance,0,0.000000000,1.000000000,0.000000000,0.000000000,0.229381473,0.000000000,0.000000000,652.000,55.000,55.000
1786747439374,XAUT_USDT,demo,0,microspread_below_threshold,0,0.000000000,1.000000000,0.814271076,0.814271076,0.229381473,0.000000000,0.000000000,92.000,66.000,66.000
1786747439509,XAUT_USDT,demo,0,microspread_below_threshold,0,0.000000000,1.000000000,0.814271076,0.814271076,0.229381473,0.000000000,0.000000000,0.000,46.000,46.000
1786747439627,XAUT_USDT,demo,0,microspread_below_threshold,0,0.000000000,1.000000000,0.814271076,0.814271076,0.229381473,0.000000000,0.000000000,118.000,164.000,164.000
1786747439728,XAUT_USDT,demo,0,microspread_below_threshold,0,0.000000000,1.000000000,0.814271076,0.814271076,0.229381473,0.000000000,0.000000000,1.000,265.000,265.000
1786747439837,XAUT_USDT,demo,0,microspread_below_threshold,0,0.000000000,1.000000000,0.814271076,0.814271076,0.229381473,0.000000000,0.000000000,82.000,0.000,0.000
1786747439955,XAUT_USDT,demo,0,microspread_below_threshold,0,0.000000000,1.000000000,0.814271076,0.814271076,0.229381473,0.000000000,0.000000000,200.000,118.000,118.000
1786747440069,XAUT_USDT,demo,0,stale_binance,0,0.000000000,1.000000000,0.000000000,0.000000000,0.229381473,0.000000000,0.000000000,314.000,0.000,0.000
1786747440206,XAUT_USDT,demo,0,stale_binance,0,0.000000000,1.000000000,0.000000000,0.000000000,0.229381473,0.000000000,0.000000000,451.000,51.000,51.000
1786747440324,XAUT_USDT,demo,0,microspread_below_threshold,0,0.000000000,1.000000000,0.814271076,0.814271076,0.229381473,0.000000000,0.000000000,83.000,0.000,0.000
1786747440461,XAUT_USDT,demo,0,microspread_below_threshold,0,0.000000000,1.000000000,0.814271076,0.814271076,0.229381473,0.000000000,0.000000000,78.000,52.000,52.000
1786747440564,XAUT_USDT,demo,0,microspread_below_threshold,0,0.000000000,1.000000000,0.814271076,0.814271076,0.229381473,0.000000000,0.000000000,56.000,69.000,69.000
1786747440686,XAUT_USDT,demo,0,microspread_below_threshold,0,0.000000000,1.000000000,0.814271076,0.814271076,0.229381473,0.000000000,0.000000000,178.000,107.000,107.000
1786747440824,XAUT_USDT,demo,0,microspread_below_threshold,0,0.000000000,1.000000000,0.814271076,0.814271076,0.229381473,0.000000000,0.000000000,59.000,74.000,74.000
1786747440980,XAUT_USDT,demo,0,microspread_below_threshold,0,0.000000000,1.000000000,0.814271076,0.814271076,0.229381473,0.000000000,0.000000000,215.000,60.000,60.000
1786747441104,XAUT_USDT,demo,0,stale_binance,0,0.000000000,1.000000000,0.000000000,0.000000000,0.229381473,0.000000000,0.000000000,339.000,184.000,184.000
1786747441229,XAUT_USDT,demo,0,stale_binance,0,0.000000000,1.000000000,0.000000000,0.000000000,0.229381473,0.000000000,0.000000000,464.000,309.000,309.000
1786747441349,XAUT_USDT,demo,0,microspread_below_threshold,0,0.000000000,1.000000000,0.814271076,0.814271076,0.229381473,0.000000000,0.000000000,57.000,0.000,0.000
1786747441497,XAUT_USDT,demo,0,microspread_below_threshold,0,0.000000000,1.000000000,0.814271076,0.814271076,0.229381473,0.000000000,0.000000000,137.000,62.000,62.000
1786747441639,XAUT_USDT,demo,0,microspread_below_threshold,0,0.000000000,1.000000000,0.814271076,0.814271076,0.229381473,0.000000000,0.000000000,129.000,204.000,204.000
1786747441747,XAUT_USDT,demo,0,microspread_below_threshold,0,0.000000000,1.000000000,0.814271076,0.814271076,0.229381473,0.000000000,0.000000000,237.000,53.000,53.000
1786747441867,XAUT_USDT,demo,0,stale_binance,0,0.000000000,1.000000000,0.000000000,0.000000000,0.229381473,0.000000000,0.000000000,357.000,1.000,1.000
1786747441974,XAUT_USDT,demo,0,microspread_below_threshold,0,0.000000000,1.000000000,0.814271076,0.814271076,0.229381473,0.000000000,0.000000000,0.000,24.000,24.000
1786747442109,XAUT_USDT,demo,0,microspread_below_threshold,0,0.000000000,1.000000000,0.814271076,0.814271076,0.229381473,0.000000000,0.000000000,0.000,159.000,159.000
1786747442213,XAUT_USDT,demo,0,microspread_below_threshold,0,0.000000000,1.000000000,0.814271076,0.814271076,0.229381473,0.000000000,0.000000000,100.000,1.000,1.000
1786747442355,XAUT_USDT,demo,0,microspread_below_threshold,0,0.000000000,1.000000000,0.814271076,0.814271076,0.229381473,0.000000000,0.000000000,101.000,56.000,56.000
1786747442467,XAUT_USDT,demo,0,microspread_below_threshold,0,0.000000000,1.000000000,0.814271076,0.814271076,0.229381473,0.000000000,0.000000000,213.000,168.000,168.000
1786747442607,XAUT_USDT,demo,0,microspread_below_threshold,0,0.000000000,1.000000000,0.814271076,0.814271076,0.229381473,0.000000000,0.000000000,65.000,138.000,138.000
1786747442763,XAUT_USDT,demo,0,microspread_below_threshold,0,0.000000000,1.000000000,0.814271076,0.814271076,0.229381473,0.000000000,0.000000000,221.000,122.000,122.000
1786747442873,XAUT_USDT,demo,0,stale_binance,0,0.000000000,1.000000000,0.000000000,0.000000000,0.229381473,0.000000000,0.000000000,331.000,62.000,62.000
1786747442982,XAUT_USDT,demo,0,stale_binance,0,0.000000000,1.000000000,0.000000000,0.000000000,0.229381473,0.000000000,0.000000000,440.000,0.000,0.000
1786747443125,XAUT_USDT,demo,0,stale_binance,0,0.000000000,1.000000000,0.000000000,0.000000000,0.229381473,0.000000000,0.000000000,583.000,56.000,56.000
1786747443240,XAUT_USDT,demo,0,stale_binance,0,0.000000000,1.000000000,0.000000000,0.000000000,0.229381473,0.000000000,0.000000000,698.000,0.000,0.000
1786747443391,XAUT_USDT,demo,0,stale_binance,0,0.000000000,1.000000000,0.000000000,0.000000000,0.229381473,0.000000000,0.000000000,849.000,65.000,65.000
1786747444147,XAUT_USDT,demo,0,stale_binance,0,0.000000000,1.000000000,0.000000000,0.000000000,0.229381473,0.000000000,0.000000000,535.000,47.000,47.000
1786747444248,XAUT_USDT,demo,0,stale_binance,0,0.000000000,1.000000000,0.000000000,0.000000000,0.229381473,0.000000000,0.000000000,636.000,61.000,61.000
1786747444352,XAUT_USDT,demo,0,microspread_below_threshold,0,0.000000000,1.000000000,0.814271076,0.814271076,0.229381473,0.000000000,0.000000000,0.000,165.000,165.000
1786747444500,XAUT_USDT,demo,0,microspread_below_threshold,0,0.000000000,1.000000000,0.814271076,0.814271076,0.229381473,0.000000000,0.000000000,120.000,56.000,56.000
1786747444641,XAUT_USDT,demo,0,microspread_below_threshold,0,0.000000000,1.000000000,0.814271076,0.814271076,0.229381473,0.000000000,0.000000000,128.000,197.000,197.000
1786747444766,XAUT_USDT,demo,0,microspread_below_threshold,0,0.000000000,1.000000000,0.814271076,0.814271076,0.229381473,0.000000000,0.000000000,253.000,62.000,62.000
1786747444906,XAUT_USDT,demo,0,stale_binance,0,0.000000000,1.000000000,0.000000000,0.000000000,0.229381473,0.000000000,0.000000000,393.000,115.000,115.000
1786747445015,XAUT_USDT,demo,0,stale_binance,0,0.000000000,1.000000000,0.000000000,0.000000000,0.229381473,0.000000000,0.000000000,502.000,56.000,56.000
1786747445137,XAUT_USDT,demo,0,stale_binance,0,0.000000000,1.000000000,0.000000000,0.000000000,0.229381473,0.000000000,0.000000000,624.000,0.000,0.000
1786747445251,XAUT_USDT,demo,0,microspread_below_threshold,0,0.000000000,1.000000000,0.814271076,0.814271076,0.229381473,0.000000000,0.000000000,0.000,26.000,26.000
1786747445374,XAUT_USDT,demo,0,microspread_below_threshold,0,0.000000000,1.000000000,0.814271076,0.814271076,0.229381473,0.000000000,0.000000000,123.000,64.000,64.000
1786747445479,XAUT_USDT,demo,0,microspread_below_threshold,0,0.000000000,1.000000000,0.814271076,0.814271076,0.229381473,0.000000000,0.000000000,228.000,0.000,0.000
1786747445625,XAUT_USDT,demo,0,microspread_below_threshold,0,0.000000000,1.000000000,0.814271076,0.814271076,0.229381473,0.000000000,0.000000000,113.000,59.000,59.000
1786747445751,XAUT_USDT,demo,0,microspread_below_threshold,0,0.000000000,1.000000000,0.814271076,0.814271076,0.229381473,0.000000000,0.000000000,239.000,0.000,0.000
1786747445891,XAUT_USDT,demo,0,stale_binance,0,0.000000000,1.000000000,0.000000000,0.000000000,0.229381473,0.000000000,0.000000000,379.000,60.000,60.000
1786747446048,XAUT_USDT,demo,0,stale_binance,0,0.000000000,1.000000000,0.000000000,0.000000000,0.229381473,0.000000000,0.000000000,536.000,119.000,119.000
1786747446203,XAUT_USDT,demo,0,stale_binance,0,0.000000000,1.000000000,0.000000000,0.000000000,0.229381473,0.000000000,0.000000000,691.000,121.000,121.000
1786747446311,XAUT_USDT,demo,0,stale_binance,0,0.000000000,1.000000000,0.000000000,0.000000000,0.229381473,0.000000000,0.000000000,799.000,57.000,57.000
1786747446424,XAUT_USDT,demo,0,microspread_below_threshold,0,0.000000000,1.000000000,0.814271076,0.814271076,0.229381473,0.000000000,0.000000000,21.000,0.000,0.000
1786747446546,XAUT_USDT,demo,0,microspread_below_threshold,0,0.000000000,1.000000000,0.814271076,0.814271076,0.229381473,0.000000000,0.000000000,143.000,122.000,122.000
1786747446661,XAUT_USDT,demo,0,microspread_below_threshold,0,0.000000000,1.000000000,0.814271076,0.814271076,0.229381473,0.000000000,0.000000000,113.000,237.000,237.000
1786747446769,XAUT_USDT,demo,0,microspread_below_threshold,0,0.000000000,1.000000000,0.814271076,0.814271076,0.229381473,0.000000000,0.000000000,221.000,0.000,0.000
1786747446911,XAUT_USDT,demo,0,stale_binance,0,0.000000000,1.000000000,0.000000000,0.000000000,0.229381473,0.000000000,0.000000000,363.000,59.000,59.000
1786747447049,XAUT_USDT,demo,0,stale_binance,0,0.000000000,1.000000000,0.000000000,0.000000000,0.229381473,0.000000000,0.000000000,501.000,112.000,112.000
1786747447169,XAUT_USDT,demo,0,stale_binance,0,0.000000000,1.000000000,0.000000000,0.000000000,0.229381473,0.000000000,0.000000000,621.000,56.000,56.000
1786747447301,XAUT_USDT,demo,0,stale_binance,0,0.000000000,1.000000000,0.000000000,0.000000000,0.229381473,0.000000000,0.000000000,753.000,101.000,101.000
1786747447423,XAUT_USDT,demo,0,stale_binance,0,0.000000000,1.000000000,0.000000000,0.000000000,0.229381473,0.000000000,0.000000000,875.000,51.000,51.000
1786747447578,XAUT_USDT,demo,0,stale_binance,0,0.000000000,1.000000000,0.000000000,0.000000000,0.229381473,0.000000000,0.000000000,1030.000,121.000,121.000
1786747447692,XAUT_USDT,demo,0,microspread_below_threshold,0,0.000000000,1.000000000,0.814271076,0.814271076,0.229381473,0.000000000,0.000000000,0.000,235.000,235.000
1786747447837,XAUT_USDT,demo,0,microspread_below_threshold,0,0.000000000,1.000000000,0.814271076,0.814271076,0.229381473,0.000000000,0.000000000,117.000,0.000,0.000
1786747447967,XAUT_USDT,demo,0,microspread_below_threshold,0,0.000000000,1.000000000,0.814271076,0.814271076,0.229381473,0.000000000,0.000000000,247.000,130.000,130.000
1786747448092,XAUT_USDT,demo,0,stale_binance,0,0.000000000,1.000000000,0.000000000,0.000000000,0.229381473,0.000000000,0.000000000,372.000,120.000,120.000
1786747448201,XAUT_USDT,demo,0,stale_binance,0,0.000000000,1.000000000,0.000000000,0.000000000,0.229381473,0.000000000,0.000000000,481.000,55.000,55.000
1786747448316,XAUT_USDT,demo,0,microspread_below_threshold,0,0.000000000,1.000000000,0.814271076,0.814271076,0.229381473,0.000000000,0.000000000,113.000,0.000,0.000
1786747448432,XAUT_USDT,demo,0,microspread_below_threshold,0,0.000000000,1.000000000,0.814271076,0.814271076,0.229381473,0.000000000,0.000000000,229.000,116.000,116.000
1786747448573,XAUT_USDT,demo,0,microspread_below_threshold,0,0.000000000,1.000000000,0.814271076,0.814271076,0.229381473,0.000000000,0.000000000,65.000,257.000,257.000
1786747448714,XAUT_USDT,demo,0,microspread_below_threshold,0,0.000000000,1.000000000,0.814271076,0.814271076,0.229381473,0.000000000,0.000000000,206.000,54.000,54.000
1786747448830,XAUT_USDT,demo,0,stale_binance,0,0.000000000,1.000000000,0.000000000,0.000000000,0.229381473,0.000000000,0.000000000,322.000,1.000,1.000
1786747448980,XAUT_USDT,demo,0,stale_binance,0,0.000000000,1.000000000,0.000000000,0.000000000,0.229381473,0.000000000,0.000000000,472.000,63.000,63.000
1786747449122,XAUT_USDT,demo,0,stale_binance,0,0.000000000,1.000000000,0.000000000,0.000000000,0.229381473,0.000000000,0.000000000,614.000,119.000,119.000
1786747449908,XAUT_USDT,demo,0,stale_binance,0,0.000000000,1.000000000,0.000000000,0.000000000,0.229381473,0.000000000,0.000000000,1400.000,45.000,45.000
1786747450069,XAUT_USDT,demo,0,stale_binance,0,0.000000000,1.000000000,0.000000000,0.000000000,0.229381473,0.000000000,0.000000000,1561.000,118.000,118.000
1786747450177,XAUT_USDT,demo,0,stale_binance,0,0.000000000,1.000000000,0.000000000,0.000000000,0.229381473,0.000000000,0.000000000,1669.000,53.000,53.000
1786747450300,XAUT_USDT,demo,0,stale_binance,0,0.000000000,1.000000000,0.000000000,0.000000000,0.229381473,0.000000000,0.000000000,1792.000,0.000,0.000
1786747450444,XAUT_USDT,demo,0,microspread_below_threshold,0,0.000000000,1.000000000,0.814271076,0.814271076,0.229381473,0.000000000,0.000000000,57.000,144.000,144.000
1786747450585,XAUT_USDT,demo,0,microspread_below_threshold,0,0.000000000,1.000000000,0.814271076,0.814271076,0.229381473,0.000000000,0.000000000,198.000,115.000,115.000
1786747450711,XAUT_USDT,demo,0,stale_binance,0,0.000000000,1.000000000,0.000000000,0.000000000,0.229381473,0.000000000,0.000000000,324.000,64.000,64.000
1786747450814,XAUT_USDT,demo,0,stale_binance,0,0.000000000,1.000000000,0.000000000,0.000000000,0.229381473,0.000000000,0.000000000,427.000,0.000,0.000
1786747450961,XAUT_USDT,demo,0,stale_binance,0,0.000000000,1.000000000,0.000000000,0.000000000,0.229381473,0.000000000,0.000000000,574.000,58.000,58.000
1786747451076,XAUT_USDT,demo,0,microspread_below_threshold,0,0.000000000,1.000000000,0.814271076,0.814271076,0.229381473,0.000000000,0.000000000,0.000,87.000,87.000
1786747451228,XAUT_USDT,demo,0,microspread_below_threshold,0,0.000000000,1.000000000,0.814271076,0.814271076,0.229381473,0.000000000,0.000000000,150.000,61.000,61.000
1786747451369,XAUT_USDT,demo,0,microspread_below_threshold,0,0.000000000,1.000000000,0.814271076,0.814271076,0.229381473,0.000000000,0.000000000,291.000,116.000,116.000
1786747451478,XAUT_USDT,demo,0,stale_binance,0,0.000000000,1.000000000,0.000000000,0.000000000,0.229381473,0.000000000,0.000000000,400.000,56.000,56.000
1786747451603,XAUT_USDT,demo,0,stale_binance,0,0.000000000,1.000000000,0.000000000,0.000000000,0.229381473,0.000000000,0.000000000,525.000,181.000,181.000
1786747451742,XAUT_USDT,demo,0,stale_binance,0,0.000000000,1.000000000,0.000000000,0.000000000,0.229381473,0.000000000,0.000000000,664.000,64.000,64.000
1786747451884,XAUT_USDT,demo,0,stale_binance,0,0.000000000,1.000000000,0.000000000,0.000000000,0.229381473,0.000000000,0.000000000,806.000,120.000,120.000
1786747451990,XAUT_USDT,demo,0,stale_binance,0,0.000000000,1.000000000,0.000000000,0.000000000,0.229381473,0.000000000,0.000000000,912.000,56.000,56.000
1786747452108,XAUT_USDT,demo,0,microspread_below_threshold,0,0.000000000,1.000000000,0.814271076,0.814271076,0.229381473,0.000000000,0.000000000,62.000,1.000,1.000
1786747452253,XAUT_USDT,demo,0,microspread_below_threshold,0,0.000000000,1.000000000,0.814271076,0.814271076,0.229381473,0.000000000,0.000000000,207.000,58.000,58.000
1786747452365,XAUT_USDT,demo,0,stale_binance,0,0.000000000,1.000000000,0.000000000,0.000000000,0.229381473,0.000000000,0.000000000,319.000,0.000,0.000
1786747452488,XAUT_USDT,demo,0,stale_binance,0,0.000000000,1.000000000,0.000000000,0.000000000,0.229381473,0.000000000,0.000000000,442.000,123.000,123.000
1786747452613,XAUT_USDT,demo,0,stale_binance,0,0.000000000,1.000000000,0.000000000,0.000000000,0.229381473,0.000000000,0.000000000,567.000,248.000,248.000
1786747452771,XAUT_USDT,demo,0,microspread_below_threshold,0,0.000000000,1.000000000,0.814271076,0.814271076,0.229381473,0.000000000,0.000000000,79.000,60.000,60.000
1786747452879,XAUT_USDT,demo,0,microspread_below_threshold,0,0.000000000,1.000000000,0.814271076,0.814271076,0.229381473,0.000000000,0.000000000,187.000,0.000,0.000
1786747453021,XAUT_USDT,demo,0,stale_binance,0,0.000000000,1.000000000,0.000000000,0.000000000,0.229381473,0.000000000,0.000000000,329.000,57.000,57.000
1786747453146,XAUT_USDT,demo,0,stale_binance,0,0.000000000,1.000000000,0.000000000,0.000000000,0.229381473,0.000000000,0.000000000,454.000,182.000,182.000
1786747453272,XAUT_USDT,demo,0,stale_binance,0,0.000000000,1.000000000,0.000000000,0.000000000,0.229381473,0.000000000,0.000000000,580.000,308.000,308.000
1786747453400,XAUT_USDT,demo,0,microspread_below_threshold,0,0.000000000,1.000000000,0.814271076,0.814271076,0.229381473,0.000000000,0.000000000,35.000,0.000,0.000
1786747453517,XAUT_USDT,demo,0,microspread_below_threshold,0,0.000000000,1.000000000,0.814271076,0.814271076,0.229381473,0.000000000,0.000000000,0.000,117.000,117.000
1786747453654,XAUT_USDT,demo,0,microspread_below_threshold,0,0.000000000,1.000000000,0.814271076,0.814271076,0.229381473,0.000000000,0.000000000,42.000,0.000,0.000
1786747453770,XAUT_USDT,demo,0,microspread_below_threshold,0,0.000000000,1.000000000,0.814271076,0.814271076,0.229381473,0.000000000,0.000000000,158.000,116.000,116.000
1786747453880,XAUT_USDT,demo,0,microspread_below_threshold,0,0.000000000,1.000000000,0.814271076,0.814271076,0.229381473,0.000000000,0.000000000,268.000,55.000,55.000
1786747454034,XAUT_USDT,demo,0,stale_binance,0,0.000000000,1.000000000,0.000000000,0.000000000,0.229381473,0.000000000,0.000000000,422.000,122.000,122.000
1786747454159,XAUT_USDT,demo,0,microspread_below_threshold,0,0.000000000,1.000000000,0.814271076,0.814271076,0.229381473,0.000000000,0.000000000,54.000,75.000,75.000
1786747454316,XAUT_USDT,demo,0,microspread_below_threshold,0,0.000000000,1.000000000,0.814271076,0.814271076,0.229381473,0.000000000,0.000000000,211.000,61.000,61.000
1786747454426,XAUT_USDT,demo,0,stale_binance,0,0.000000000,1.000000000,0.000000000,0.000000000,0.229381473,0.000000000,0.000000000,321.000,1.000,1.000
1786747454565,XAUT_USDT,demo,0,microspread_below_threshold,0,0.000000000,1.000000000,0.814271076,0.814271076,0.229381473,0.000000000,0.000000000,127.000,140.000,140.000
1786747454686,XAUT_USDT,demo,0,microspread_below_threshold,0,0.000000000,1.000000000,0.814271076,0.814271076,0.229381473,0.000000000,0.000000000,248.000,0.000,0.000
1786747454830,XAUT_USDT,demo,0,stale_binance,0,0.000000000,1.000000000,0.000000000,0.000000000,0.229381473,0.000000000,0.000000000,392.000,65.000,65.000
1786747455600,XAUT_USDT,demo,0,stale_binance,0,0.000000000,1.000000000,0.000000000,0.000000000,0.229381473,0.000000000,0.000000000,713.000,148.000,148.000
1786747455704,XAUT_USDT,demo,0,stale_binance,0,0.000000000,1.000000000,0.000000000,0.000000000,0.229381473,0.000000000,0.000000000,817.000,252.000,252.000
1786747455859,XAUT_USDT,demo,0,microspread_below_threshold,0,0.000000000,1.000000000,0.814271076,0.814271076,0.229381473,0.000000000,0.000000000,131.000,62.000,62.000
1786747455968,XAUT_USDT,demo,0,microspread_below_threshold,0,0.000000000,1.000000000,0.814271076,0.814271076,0.229381473,0.000000000,0.000000000,240.000,0.000,0.000
1786747456110,XAUT_USDT,demo,0,stale_binance,0,0.000000000,1.000000000,0.000000000,0.000000000,0.229381473,0.000000000,0.000000000,382.000,55.000,55.000
1786747456227,XAUT_USDT,demo,0,stale_binance,0,0.000000000,1.000000000,0.000000000,0.000000000,0.229381473,0.000000000,0.000000000,499.000,0.000,0.000
1786747456376,XAUT_USDT,demo,0,microspread_below_threshold,0,0.000000000,1.000000000,0.814271076,0.814271076,0.229381473,0.000000000,0.000000000,110.000,63.000,63.000
1786747456485,XAUT_USDT,demo,0,microspread_below_threshold,0,0.000000000,1.000000000,0.814271076,0.814271076,0.229381473,0.000000000,0.000000000,219.000,0.000,0.000
1786747456626,XAUT_USDT,demo,0,stale_binance,0,0.000000000,1.000000000,0.000000000,0.000000000,0.229381473,0.000000000,0.000000000,360.000,57.000,57.000
1786747456741,XAUT_USDT,demo,0,stale_binance,0,0.000000000,1.000000000,0.000000000,0.000000000,0.229381473,0.000000000,0.000000000,475.000,0.000,0.000
1786747456874,XAUT_USDT,demo,0,microspread_below_threshold,0,0.000000000,1.000000000,0.814271076,0.814271076,0.229381473,0.000000000,0.000000000,55.000,133.000,133.000
1786747457029,XAUT_USDT,demo,0,microspread_below_threshold,0,0.000000000,1.000000000,0.814271076,0.814271076,0.229381473,0.000000000,0.000000000,210.000,117.000,117.000
1786747457153,XAUT_USDT,demo,0,stale_binance,0,0.000000000,1.000000000,0.000000000,0.000000000,0.229381473,0.000000000,0.000000000,334.000,241.000,241.000
1786747457257,XAUT_USDT,demo,0,stale_binance,0,0.000000000,1.000000000,0.000000000,0.000000000,0.229381473,0.000000000,0.000000000,438.000,1.000,1.000
1786747457403,XAUT_USDT,demo,0,stale_binance,0,0.000000000,1.000000000,0.000000000,0.000000000,0.229381473,0.000000000,0.000000000,584.000,62.000,62.000
1786747457515,XAUT_USDT,demo,0,microspread_below_threshold,0,0.000000000,1.000000000,0.814271076,0.814271076,0.229381473,0.000000000,0.000000000,0.000,85.000,85.000
1786747457637,XAUT_USDT,demo,0,microspread_below_threshold,0,0.000000000,1.000000000,0.814271076,0.814271076,0.229381473,0.000000000,0.000000000,122.000,207.000,207.000
1786747457778,XAUT_USDT,demo,0,microspread_below_threshold,0,0.000000000,1.000000000,0.814271076,0.814271076,0.229381473,0.000000000,0.000000000,62.000,90.000,90.000
1786747457918,XAUT_USDT,demo,0,microspread_below_threshold,0,0.000000000,1.000000000,0.814271076,0.814271076,0.229381473,0.000000000,0.000000000,202.000,54.000,54.000
1786747458074,XAUT_USDT,demo,0,stale_binance,0,0.000000000,1.000000000,0.000000000,0.000000000,0.229381473,0.000000000,0.000000000,358.000,127.000,127.000
1786747458184,XAUT_USDT,demo,0,stale_binance,0,0.000000000,1.000000000,0.000000000,0.000000000,0.229381473,0.000000000,0.000000000,468.000,61.000,61.000
1786747458292,XAUT_USDT,demo,0,stale_binance,0,0.000000000,1.000000000,0.000000000,0.000000000,0.229381473,0.000000000,0.000000000,576.000,0.000,0.000
1786747458419,XAUT_USDT,demo,0,stale_binance,0,0.000000000,1.000000000,0.000000000,0.000000000,0.229381473,0.000000000,0.000000000,703.000,127.000,127.000
1786747458574,XAUT_USDT,demo,0,stale_binance,0,0.000000000,1.000000000,0.000000000,0.000000000,0.229381473,0.000000000,0.000000000,858.000,113.000,113.000
1786747458699,XAUT_USDT,demo,0,stale_binance,0,0.000000000,1.000000000,0.000000000,0.000000000,0.229381473,0.000000000,0.000000000,983.000,238.000,238.000
1786747458829,XAUT_USDT,demo,0,stale_binance,0,0.000000000,1.000000000,0.000000000,0.000000000,0.229381473,0.000000000,0.000000000,1113.000,0.000,0.000
1786747458931,XAUT_USDT,demo,0,stale_binance,0,0.000000000,1.000000000,0.000000000,0.000000000,0.229381473,0.000000000,0.000000000,1215.000,0.000,0.000
1786747459061,XAUT_USDT,demo,0,stale_binance,0,0.000000000,1.000000000,0.000000000,0.000000000,0.229381473,0.000000000,0.000000000,1345.000,130.000,130.000
1786747459200,XAUT_USDT,demo,0,stale_binance,0,0.000000000,1.000000000,0.000000000,0.000000000,0.229381473,0.000000000,0.000000000,1484.000,51.000,51.000
1786747459321,XAUT_USDT,demo,0,stale_binance,0,0.000000000,1.000000000,0.000000000,0.000000000,0.229381473,0.000000000,0.000000000,1605.000,0.000,0.000
1786747459450,XAUT_USDT,demo,0,stale_binance,0,0.000000000,1.000000000,0.000000000,0.000000000,0.229381473,0.000000000,0.000000000,1734.000,129.000,129.000
1786747459558,XAUT_USDT,demo,0,stale_binance,0,0.000000000,1.000000000,0.000000000,0.000000000,0.229381473,0.000000000,0.000000000,1842.000,58.000,58.000
1786747459683,XAUT_USDT,demo,0,stale_binance,0,0.000000000,1.000000000,0.000000000,0.000000000,0.229381473,0.000000000,0.000000000,1967.000,183.000,183.000
1786747459807,XAUT_USDT,demo,0,stale_binance,0,0.000000000,1.000000000,0.000000000,0.000000000,0.229381473,0.000000000,0.000000000,2091.000,56.000,56.000
1786747459921,XAUT_USDT,demo,0,microspread_below_threshold,0,0.000000000,1.000000000,0.814271076,0.814271076,0.229381473,0.000000000,0.000000000,95.000,0.000,0.000
1786747460041,XAUT_USDT,demo,0,microspread_below_threshold,0,0.000000000,1.000000000,0.814271076,0.814271076,0.229381473,0.000000000,0.000000000,215.000,120.000,120.000
1786747460149,XAUT_USDT,demo,0,stale_binance,0,0.000000000,1.000000000,0.000000000,0.000000000,0.229381473,0.000000000,0.000000000,323.000,51.000,51.000
1786747460308,XAUT_USDT,demo,0,stale_binance,0,0.000000000,1.000000000,0.000000000,0.000000000,0.229381473,0.000000000,0.000000000,482.000,122.000,122.000
1786747460411,XAUT_USDT,demo,0,stale_binance,0,0.000000000,1.000000000,0.000000000,0.000000000,0.229381473,0.000000000,0.000000000,585.000,51.000,51.000
1786747460549,XAUT_USDT,demo,0,microspread_below_threshold,0,0.000000000,1.000000000,0.814271076,0.814271076,0.229381473,0.000000000,0.000000000,136.000,109.000,109.000
1786747461265,XAUT_USDT,demo,0,stale_binance,0,0.000000000,1.000000000,0.000000000,0.000000000,0.229381473,0.000000000,0.000000000,852.000,45.000,45.000
1786747461369,XAUT_USDT,demo,0,stale_binance,0,0.000000000,1.000000000,0.000000000,0.000000000,0.229381473,0.000000000,0.000000000,956.000,63.000,63.000
1786747461474,XAUT_USDT,demo,0,stale_binance,0,0.000000000,1.000000000,0.000000000,0.000000000,0.229381473,0.000000000,0.000000000,1061.000,0.000,0.000
1786747461634,XAUT_USDT,demo,0,microspread_below_threshold,0,0.000000000,1.000000000,0.814271076,0.814271076,0.229381473,0.000000000,0.000000000,62.000,74.000,74.000
1786747461745,XAUT_USDT,demo,0,microspread_below_threshold,0,0.000000000,1.000000000,0.814271076,0.814271076,0.229381473,0.000000000,0.000000000,173.000,0.000,0.000
1786747461901,XAUT_USDT,demo,0,microspread_below_threshold,0,0.000000000,1.000000000,0.814271076,0.814271076,0.229381473,0.000000000,0.000000000,65.000,81.000,81.000
1786747462026,XAUT_USDT,demo,0,microspread_below_threshold,0,0.000000000,1.000000000,0.814271076,0.814271076,0.229381473,0.000000000,0.000000000,190.000,118.000,118.000
1786747462149,XAUT_USDT,demo,0,stale_binance,0,0.000000000,1.000000000,0.000000000,0.000000000,0.229381473,0.000000000,0.000000000,313.000,65.000,65.000
1786747462255,XAUT_USDT,demo,0,microspread_below_threshold,0,0.000000000,1.000000000,0.814271076,0.814271076,0.229381473,0.000000000,0.000000000,7.000,0.000,0.000
1786747462396,XAUT_USDT,demo,0,microspread_below_threshold,0,0.000000000,1.000000000,0.814271076,0.814271076,0.229381473,0.000000000,0.000000000,148.000,57.000,57.000
1786747462504,XAUT_USDT,demo,0,microspread_below_threshold,0,0.000000000,1.000000000,0.814271076,0.814271076,0.229381473,0.000000000,0.000000000,64.000,79.000,79.000
1786747462629,XAUT_USDT,demo,0,microspread_below_threshold,0,0.000000000,1.000000000,0.814271076,0.814271076,0.229381473,0.000000000,0.000000000,118.000,204.000,204.000
1786747462754,XAUT_USDT,demo,0,microspread_below_threshold,0,0.000000000,1.000000000,0.814271076,0.814271076,0.229381473,0.000000000,0.000000000,243.000,329.000,329.000
1786747462865,XAUT_USDT,demo,0,microspread_below_threshold,0,0.000000000,1.000000000,0.814271076,0.814271076,0.229381473,0.000000000,0.000000000,0.000,16.000,16.000
1786747462988,XAUT_USDT,demo,0,microspread_below_threshold,0,0.000000000,1.000000000,0.814271076,0.814271076,0.229381473,0.000000000,0.000000000,97.000,52.000,52.000
1786747463090,XAUT_USDT,demo,0,microspread_below_threshold,0,0.000000000,1.000000000,0.814271076,0.814271076,0.229381473,0.000000000,0.000000000,1.000,154.000,154.000
1786747463198,XAUT_USDT,demo,0,microspread_below_threshold,0,0.000000000,1.000000000,0.814271076,0.814271076,0.229381473,0.000000000,0.000000000,106.000,0.000,0.000
1786747463316,XAUT_USDT,demo,0,microspread_below_threshold,0,0.000000000,1.000000000,0.814271076,0.814271076,0.229381473,0.000000000,0.000000000,224.000,118.000,118.000
1786747463425,XAUT_USDT,demo,0,stale_binance,0,0.000000000,1.000000000,0.000000000,0.000000000,0.229381473,0.000000000,0.000000000,333.000,55.000,55.000
1786747463581,XAUT_USDT,demo,0,stale_binance,0,0.000000000,1.000000000,0.000000000,0.000000000,0.229381473,0.000000000,0.000000000,489.000,126.000,126.000
1786747463705,XAUT_USDT,demo,0,stale_binance,0,0.000000000,1.000000000,0.000000000,0.000000000,0.229381473,0.000000000,0.000000000,613.000,250.000,250.000
1786747463862,XAUT_USDT,demo,0,stale_binance,0,0.000000000,1.000000000,0.000000000,0.000000000,0.229381473,0.000000000,0.000000000,770.000,65.000,65.000
1786747463968,XAUT_USDT,demo,0,stale_binance,0,0.000000000,1.000000000,0.000000000,0.000000000,0.229381473,0.000000000,0.000000000,876.000,0.000,0.000
1786747464082,XAUT_USDT,demo,0,stale_binance,0,0.000000000,1.000000000,0.000000000,0.000000000,0.229381473,0.000000000,0.000000000,990.000,114.000,114.000
1786747464208,XAUT_USDT,demo,0,microspread_below_threshold,0,0.000000000,1.000000000,0.814271076,0.814271076,0.229381473,0.000000000,0.000000000,51.000,69.000,69.000
1786747464315,XAUT_USDT,demo,0,microspread_below_threshold,0,0.000000000,1.000000000,0.814271076,0.814271076,0.229381473,0.000000000,0.000000000,158.000,0.000,0.000
1786747464473,XAUT_USDT,demo,0,microspread_below_threshold,0,0.000000000,1.000000000,0.814271076,0.814271076,0.229381473,0.000000000,0.000000000,62.000,158.000,158.000
1786747464598,XAUT_USDT,demo,0,microspread_below_threshold,0,0.000000000,1.000000000,0.814271076,0.814271076,0.229381473,0.000000000,0.000000000,187.000,283.000,283.000
1786747464724,XAUT_USDT,demo,0,stale_binance,0,0.000000000,1.000000000,0.000000000,0.000000000,0.229381473,0.000000000,0.000000000,313.000,409.000,409.000
1786747464837,XAUT_USDT,demo,0,stale_binance,0,0.000000000,1.000000000,0.000000000,0.000000000,0.229381473,0.000000000,0.000000000,426.000,0.000,0.000
1786747464976,XAUT_USDT,demo,0,stale_binance,0,0.000000000,1.000000000,0.000000000,0.000000000,0.229381473,0.000000000,0.000000000,565.000,54.000,54.000
1786747465100,XAUT_USDT,demo,0,stale_binance,0,0.000000000,1.000000000,0.000000000,0.000000000,0.229381473,0.000000000,0.000000000,689.000,178.000,178.000
1786747465224,XAUT_USDT,demo,0,stale_binance,0,0.000000000,1.000000000,0.000000000,0.000000000,0.229381473,0.000000000,0.000000000,813.000,302.000,302.000
1786747465351,XAUT_USDT,demo,0,stale_binance,0,0.000000000,1.000000000,0.000000000,0.000000000,0.229381473,0.000000000,0.000000000,940.000,0.000,0.000
1786747465488,XAUT_USDT,demo,0,microspread_below_threshold,0,0.000000000,1.000000000,0.814271076,0.814271076,0.229381473,0.000000000,0.000000000,58.000,51.000,51.000
1786747465628,XAUT_USDT,demo,0,microspread_below_threshold,0,0.000000000,1.000000000,0.814271076,0.814271076,0.229381473,0.000000000,0.000000000,62.000,191.000,191.000
1786747465753,XAUT_USDT,demo,0,microspread_below_threshold,0,0.000000000,1.000000000,0.814271076,0.814271076,0.229381473,0.000000000,0.000000000,88.000,59.000,59.000
1786747465865,XAUT_USDT,demo,0,microspread_below_threshold,0,0.000000000,1.000000000,0.814271076,0.814271076,0.229381473,0.000000000,0.000000000,200.000,0.000,0.000
1786747466003,XAUT_USDT,demo,0,stale_binance,0,0.000000000,1.000000000,0.000000000,0.000000000,0.229381473,0.000000000,0.000000000,338.000,53.000,53.000
1786747466123,XAUT_USDT,demo,0,stale_binance,0,0.000000000,1.000000000,0.000000000,0.000000000,0.229381473,0.000000000,0.000000000,458.000,0.000,0.000
1786747466229,XAUT_USDT,demo,0,stale_binance,0,0.000000000,1.000000000,0.000000000,0.000000000,0.229381473,0.000000000,0.000000000,564.000,0.000,0.000
1786747467027,XAUT_USDT,demo,0,stale_binance,0,0.000000000,1.000000000,0.000000000,0.000000000,0.229381473,0.000000000,0.000000000,517.000,49.000,49.000
1786747467132,XAUT_USDT,demo,0,stale_binance,0,0.000000000,1.000000000,0.000000000,0.000000000,0.229381473,0.000000000,0.000000000,622.000,68.000,68.000
1786747467237,XAUT_USDT,demo,0,stale_binance,0,0.000000000,1.000000000,0.000000000,0.000000000,0.229381473,0.000000000,0.000000000,727.000,0.000,0.000
1786747467351,XAUT_USDT,demo,0,stale_binance,0,0.000000000,1.000000000,0.000000000,0.000000000,0.229381473,0.000000000,0.000000000,841.000,114.000,114.000
1786747467459,XAUT_USDT,demo,0,stale_binance,0,0.000000000,1.000000000,0.000000000,0.000000000,0.229381473,0.000000000,0.000000000,949.000,54.000,54.000
1786747467583,XAUT_USDT,demo,0,stale_binance,0,0.000000000,1.000000000,0.000000000,0.000000000,0.229381473,0.000000000,0.000000000,1073.000,178.000,178.000
1786747467716,XAUT_USDT,demo,0,microspread_below_threshold,0,0.000000000,1.000000000,0.814271076,0.814271076,0.229381473,0.000000000,0.000000000,0.000,54.000,54.000
1786747467854,XAUT_USDT,demo,0,microspread_below_threshold,0,0.000000000,1.000000000,0.814271076,0.814271076,0.229381473,0.000000000,0.000000000,0.000,106.000,106.000
1786747467984,XAUT_USDT,demo,0,microspread_below_threshold,0,0.000000000,1.000000000,0.814271076,0.814271076,0.229381473,0.000000000,0.000000000,128.000,65.000,65.000
1786747468090,XAUT_USDT,demo,0,microspread_below_threshold,0,0.000000000,1.000000000,0.814271076,0.814271076,0.229381473,0.000000000,0.000000000,234.000,1.000,1.000
1786747468235,XAUT_USDT,demo,0,stale_binance,0,0.000000000,1.000000000,0.000000000,0.000000000,0.229381473,0.000000000,0.000000000,379.000,60.000,60.000
1786747468375,XAUT_USDT,demo,0,stale_binance,0,0.000000000,1.000000000,0.000000000,0.000000000,0.229381473,0.000000000,0.000000000,519.000,115.000,115.000
1786747468483,XAUT_USDT,demo,0,stale_binance,0,0.000000000,1.000000000,0.000000000,0.000000000,0.229381473,0.000000000,0.000000000,627.000,51.000,51.000
1786747468607,XAUT_USDT,demo,0,stale_binance,0,0.000000000,1.000000000,0.000000000,0.000000000,0.229381473,0.000000000,0.000000000,751.000,175.000,175.000
1786747468748,XAUT_USDT,demo,0,stale_binance,0,0.000000000,1.000000000,0.000000000,0.000000000,0.229381473,0.000000000,0.000000000,892.000,57.000,57.000
1786747468862,XAUT_USDT,demo,0,stale_binance,0,0.000000000,1.000000000,0.000000000,0.000000000,0.229381473,0.000000000,0.000000000,1006.000,0.000,0.000
1786747469014,XAUT_USDT,demo,0,stale_binance,0,0.000000000,1.000000000,0.000000000,0.000000000,0.229381473,0.000000000,0.000000000,1158.000,63.000,63.000
1786747469139,XAUT_USDT,demo,0,microspread_below_threshold,0,0.000000000,1.000000000,0.814271076,0.814271076,0.229381473,0.000000000,0.000000000,121.000,188.000,188.000
1786747469264,XAUT_USDT,demo,0,microspread_below_threshold,0,0.000000000,1.000000000,0.814271076,0.814271076,0.229381473,0.000000000,0.000000000,246.000,313.000,313.000
1786747469377,XAUT_USDT,demo,0,stale_binance,0,0.000000000,1.000000000,0.000000000,0.000000000,0.229381473,0.000000000,0.000000000,359.000,1.000,1.000
1786747469514,XAUT_USDT,demo,0,microspread_below_threshold,0,0.000000000,1.000000000,0.814271076,0.814271076,0.229381473,0.000000000,0.000000000,86.000,51.000,51.000
1786747469639,XAUT_USDT,demo,0,microspread_below_threshold,0,0.000000000,1.000000000,0.814271076,0.814271076,0.229381473,0.000000000,0.000000000,211.000,176.000,176.000
1786747469783,XAUT_USDT,demo,0,stale_binance,0,0.000000000,1.000000000,0.000000000,0.000000000,0.229381473,0.000000000,0.000000000,355.000,59.000,59.000
1786747469896,XAUT_USDT,demo,0,stale_binance,0,0.000000000,1.000000000,0.000000000,0.000000000,0.229381473,0.000000000,0.000000000,468.000,0.000,0.000
1786747470033,XAUT_USDT,demo,0,stale_binance,0,0.000000000,1.000000000,0.000000000,0.000000000,0.229381473,0.000000000,0.000000000,605.000,53.000,53.000
1786747470151,XAUT_USDT,demo,0,stale_binance,0,0.000000000,1.000000000,0.000000000,0.000000000,0.229381473,0.000000000,0.000000000,723.000,0.000,0.000
1786747470269,XAUT_USDT,demo,0,stale_binance,0,0.000000000,1.000000000,0.000000000,0.000000000,0.229381473,0.000000000,0.000000000,841.000,118.000,118.000
1786747470394,XAUT_USDT,demo,0,microspread_below_threshold,0,0.000000000,1.000000000,0.814271076,0.814271076,0.229381473,0.000000000,0.000000000,0.000,64.000,64.000
1786747470550,XAUT_USDT,demo,0,microspread_below_threshold,0,0.000000000,1.000000000,0.814271076,0.814271076,0.229381473,0.000000000,0.000000000,156.000,121.000,121.000
1786747470677,XAUT_USDT,demo,0,microspread_below_threshold,0,0.000000000,1.000000000,0.814271076,0.814271076,0.229381473,0.000000000,0.000000000,283.000,248.000,248.000
1786747470802,XAUT_USDT,demo,0,microspread_below_threshold,0,0.000000000,1.000000000,0.814271076,0.814271076,0.229381473,0.000000000,0.000000000,61.000,53.000,53.000
1786747470918,XAUT_USDT,demo,0,microspread_below_threshold,0,0.000000000,1.000000000,0.814271076,0.814271076,0.229381473,0.000000000,0.000000000,0.000,81.000,81.000
1786747471037,XAUT_USDT,demo,0,microspread_below_threshold,0,0.000000000,1.000000000,0.814271076,0.814271076,0.229381473,0.000000000,0.000000000,119.000,200.000,200.000
1786747471162,XAUT_USDT,demo,0,microspread_below_threshold,0,0.000000000,1.000000000,0.814271076,0.814271076,0.229381473,0.000000000,0.000000000,244.000,63.000,63.000
1786747471266,XAUT_USDT,demo,0,microspread_below_threshold,0,0.000000000,1.000000000,0.814271076,0.814271076,0.229381473,0.000000000,0.000000000,1.000,167.000,167.000
1786747471426,XAUT_USDT,demo,0,microspread_below_threshold,0,0.000000000,1.000000000,0.814271076,0.814271076,0.229381473,0.000000000,0.000000000,159.000,67.000,67.000
1786747471581,XAUT_USDT,demo,0,microspread_below_threshold,0,0.000000000,1.000000000,0.814271076,0.814271076,0.229381473,0.000000000,0.000000000,117.000,134.000,134.000
1786747471706,XAUT_USDT,demo,0,microspread_below_threshold,0,0.000000000,1.000000000,0.814271076,0.814271076,0.229381473,0.000000000,0.000000000,242.000,259.000,259.000
1786747471812,XAUT_USDT,demo,0,microspread_below_threshold,0,0.000000000,1.000000000,0.814271076,0.814271076,0.229381473,0.000000000,0.000000000,0.000,365.000,365.000
1786747471926,XAUT_USDT,demo,0,microspread_below_threshold,0,0.000000000,1.000000000,0.814271076,0.814271076,0.229381473,0.000000000,0.000000000,87.000,53.000,53.000
1786747472709,XAUT_USDT,demo,0,microspread_below_threshold,0,0.000000000,1.000000000,0.814271076,0.814271076,0.229381473,0.000000000,0.000000000,41.000,231.000,231.000
1786747472837,XAUT_USDT,demo,0,microspread_below_threshold,0,0.000000000,1.000000000,0.814271076,0.814271076,0.229381473,0.000000000,0.000000000,169.000,359.000,359.000
1786747472963,XAUT_USDT,demo,0,microspread_below_threshold,0,0.000000000,1.000000000,0.814271076,0.814271076,0.229381473,0.000000000,0.000000000,295.000,60.000,60.000
1786747473072,XAUT_USDT,demo,0,stale_binance,0,0.000000000,1.000000000,0.000000000,0.000000000,0.229381473,0.000000000,0.000000000,404.000,0.000,0.000
1786747473213,XAUT_USDT,demo,0,stale_binance,0,0.000000000,1.000000000,0.000000000,0.000000000,0.229381473,0.000000000,0.000000000,545.000,53.000,53.000
1786747473368,XAUT_USDT,demo,0,stale_binance,0,0.000000000,1.000000000,0.000000000,0.000000000,0.229381473,0.000000000,0.000000000,700.000,123.000,123.000
1786747473472,XAUT_USDT,demo,0,stale_binance,0,0.000000000,1.000000000,0.000000000,0.000000000,0.229381473,0.000000000,0.000000000,804.000,53.000,53.000
1786747473623,XAUT_USDT,demo,0,stale_binance,0,0.000000000,1.000000000,0.000000000,0.000000000,0.229381473,0.000000000,0.000000000,955.000,115.000,115.000
1786747473726,XAUT_USDT,demo,0,stale_binance,0,0.000000000,1.000000000,0.000000000,0.000000000,0.229381473,0.000000000,0.000000000,1058.000,218.000,218.000
1786747473865,XAUT_USDT,demo,0,stale_binance,0,0.000000000,1.000000000,0.000000000,0.000000000,0.229381473,0.000000000,0.000000000,1197.000,0.000,0.000
1786747473995,XAUT_USDT,demo,0,stale_binance,0,0.000000000,1.000000000,0.000000000,0.000000000,0.229381473,0.000000000,0.000000000,1327.000,58.000,58.000
1786747474107,XAUT_USDT,demo,0,stale_binance,0,0.000000000,1.000000000,0.000000000,0.000000000,0.229381473,0.000000000,0.000000000,1439.000,0.000,0.000
1786747474230,XAUT_USDT,demo,0,stale_binance,0,0.000000000,1.000000000,0.000000000,0.000000000,0.229381473,0.000000000,0.000000000,1562.000,123.000,123.000
1786747474338,XAUT_USDT,demo,0,stale_binance,0,0.000000000,1.000000000,0.000000000,0.000000000,0.229381473,0.000000000,0.000000000,1670.000,57.000,57.000
1786747474449,XAUT_USDT,demo,0,stale_binance,0,0.000000000,1.000000000,0.000000000,0.000000000,0.229381473,0.000000000,0.000000000,1781.000,0.000,0.000
1786747474602,XAUT_USDT,demo,0,stale_binance,0,0.000000000,1.000000000,0.000000000,0.000000000,0.229381473,0.000000000,0.000000000,1934.000,65.000,65.000
1786747474727,XAUT_USDT,demo,0,stale_binance,0,0.000000000,1.000000000,0.000000000,0.000000000,0.229381473,0.000000000,0.000000000,2059.000,190.000,190.000
1786747474834,XAUT_USDT,demo,0,microspread_below_threshold,0,0.000000000,1.000000000,0.814271076,0.814271076,0.229381473,0.000000000,0.000000000,0.000,297.000,297.000
1786747474944,XAUT_USDT,demo,0,microspread_below_threshold,0,0.000000000,1.000000000,0.814271076,0.814271076,0.229381473,0.000000000,0.000000000,110.000,63.000,63.000
1786747475054,XAUT_USDT,demo,0,microspread_below_threshold,0,0.000000000,1.000000000,0.814271076,0.814271076,0.229381473,0.000000000,0.000000000,220.000,0.000,0.000
1786747475208,XAUT_USDT,demo,0,stale_binance,0,0.000000000,1.000000000,0.000000000,0.000000000,0.229381473,0.000000000,0.000000000,374.000,65.000,65.000
1786747475313,XAUT_USDT,demo,0,stale_binance,0,0.000000000,1.000000000,0.000000000,0.000000000,0.229381473,0.000000000,0.000000000,479.000,1.000,1.000
1786747475458,XAUT_USDT,demo,0,stale_binance,0,0.000000000,1.000000000,0.000000000,0.000000000,0.229381473,0.000000000,0.000000000,624.000,60.000,60.000
1786747475600,XAUT_USDT,demo,0,stale_binance,0,0.000000000,1.000000000,0.000000000,0.000000000,0.229381473,0.000000000,0.000000000,766.000,117.000,117.000
1786747475724,XAUT_USDT,demo,0,stale_binance,0,0.000000000,1.000000000,0.000000000,0.000000000,0.229381473,0.000000000,0.000000000,890.000,241.000,241.000
1786747475824,XAUT_USDT,demo,0,stale_binance,0,0.000000000,1.000000000,0.000000000,0.000000000,0.229381473,0.000000000,0.000000000,990.000,0.000,0.000
1786747475972,XAUT_USDT,demo,0,stale_binance,0,0.000000000,1.000000000,0.000000000,0.000000000,0.229381473,0.000000000,0.000000000,1138.000,61.000,61.000
1786747476112,XAUT_USDT,demo,0,stale_binance,0,0.000000000,1.000000000,0.000000000,0.000000000,0.229381473,0.000000000,0.000000000,1278.000,116.000,116.000
1786747476222,XAUT_USDT,demo,0,stale_binance,0,0.000000000,1.000000000,0.000000000,0.000000000,0.229381473,0.000000000,0.000000000,1388.000,55.000,55.000
1786747476340,XAUT_USDT,demo,0,stale_binance,0,0.000000000,1.000000000,0.000000000,0.000000000,0.229381473,0.000000000,0.000000000,1506.000,0.000,0.000
1786747476489,XAUT_USDT,demo,0,stale_binance,0,0.000000000,1.000000000,0.000000000,0.000000000,0.229381473,0.000000000,0.000000000,1655.000,65.000,65.000
1786747476615,XAUT_USDT,demo,0,stale_binance,0,0.000000000,1.000000000,0.000000000,0.000000000,0.229381473,0.000000000,0.000000000,1781.000,191.000,191.000
1786747476741,XAUT_USDT,demo,0,stale_binance,0,0.000000000,1.000000000,0.000000000,0.000000000,0.229381473,0.000000000,0.000000000,1907.000,317.000,317.000
1786747476864,XAUT_USDT,demo,0,stale_binance,0,0.000000000,1.000000000,0.000000000,0.000000000,0.229381473,0.000000000,0.000000000,2030.000,0.000,0.000
1786747476991,XAUT_USDT,demo,0,stale_binance,0,0.000000000,1.000000000,0.000000000,0.000000000,0.229381473,0.000000000,0.000000000,2157.000,53.000,53.000
1786747477148,XAUT_USDT,demo,0,stale_binance,0,0.000000000,1.000000000,0.000000000,0.000000000,0.229381473,0.000000000,0.000000000,2314.000,126.000,126.000
1786747477272,XAUT_USDT,demo,0,stale_binance,0,0.000000000,1.000000000,0.000000000,0.000000000,0.229381473,0.000000000,0.000000000,2438.000,250.000,250.000
1786747477427,XAUT_USDT,demo,0,stale_binance,0,0.000000000,1.000000000,0.000000000,0.000000000,0.229381473,0.000000000,0.000000000,2593.000,60.000,60.000
1786747477567,XAUT_USDT,demo,0,stale_binance,0,0.000000000,1.000000000,0.000000000,0.000000000,0.229381473,0.000000000,0.000000000,2733.000,114.000,114.000
1786747477691,XAUT_USDT,demo,0,stale_binance,0,0.000000000,1.000000000,0.000000000,0.000000000,0.229381473,0.000000000,0.000000000,2857.000,62.000,62.000
1786747478435,XAUT_USDT,demo,0,stale_binance,0,0.000000000,1.000000000,0.000000000,0.000000000,0.229381473,0.000000000,0.000000000,701.000,28.000,28.000
1786747478552,XAUT_USDT,demo,0,stale_binance,0,0.000000000,1.000000000,0.000000000,0.000000000,0.229381473,0.000000000,0.000000000,818.000,58.000,58.000
1786747478675,XAUT_USDT,demo,0,stale_binance,0,0.000000000,1.000000000,0.000000000,0.000000000,0.229381473,0.000000000,0.000000000,941.000,181.000,181.000
1786747478799,XAUT_USDT,demo,0,stale_binance,0,0.000000000,1.000000000,0.000000000,0.000000000,0.229381473,0.000000000,0.000000000,1065.000,305.000,305.000
1786747478923,XAUT_USDT,demo,0,stale_binance,0,0.000000000,1.000000000,0.000000000,0.000000000,0.229381473,0.000000000,0.000000000,1189.000,0.000,0.000
1786747479064,XAUT_USDT,demo,0,stale_binance,0,0.000000000,1.000000000,0.000000000,0.000000000,0.229381473,0.000000000,0.000000000,1330.000,56.000,56.000
1786747479222,XAUT_USDT,demo,0,stale_binance,0,0.000000000,1.000000000,0.000000000,0.000000000,0.229381473,0.000000000,0.000000000,1488.000,127.000,127.000
1786747479378,XAUT_USDT,demo,0,stale_binance,0,0.000000000,1.000000000,0.000000000,0.000000000,0.229381473,0.000000000,0.000000000,1644.000,112.000,112.000
1786747479489,XAUT_USDT,demo,0,stale_binance,0,0.000000000,1.000000000,0.000000000,0.000000000,0.229381473,0.000000000,0.000000000,1755.000,52.000,52.000
1786747479645,XAUT_USDT,demo,0,stale_binance,0,0.000000000,1.000000000,0.000000000,0.000000000,0.229381473,0.000000000,0.000000000,1911.000,123.000,123.000
1786747479771,XAUT_USDT,demo,0,stale_binance,0,0.000000000,1.000000000,0.000000000,0.000000000,0.229381473,0.000000000,0.000000000,2037.000,249.000,249.000
1786747479928,XAUT_USDT,demo,0,stale_binance,0,0.000000000,1.000000000,0.000000000,0.000000000,0.229381473,0.000000000,0.000000000,2194.000,64.000,64.000
1786747480036,XAUT_USDT,demo,0,stale_binance,0,0.000000000,1.000000000,0.000000000,0.000000000,0.229381473,0.000000000,0.000000000,2302.000,0.000,0.000
1786747480176,XAUT_USDT,demo,0,stale_binance,0,0.000000000,1.000000000,0.000000000,0.000000000,0.229381473,0.000000000,0.000000000,2442.000,51.000,51.000
1786747480300,XAUT_USDT,demo,0,stale_binance,0,0.000000000,1.000000000,0.000000000,0.000000000,0.229381473,0.000000000,0.000000000,2566.000,0.000,0.000
1786747480442,XAUT_USDT,demo,0,microspread_below_threshold,0,0.000000000,1.000000000,0.814271076,0.814271076,0.229381473,0.000000000,0.000000000,91.000,58.000,58.000
1786747480572,XAUT_USDT,demo,0,microspread_below_threshold,0,0.000000000,1.000000000,0.814271076,0.814271076,0.229381473,0.000000000,0.000000000,221.000,103.000,103.000
1786747480672,XAUT_USDT,demo,0,microspread_below_threshold,0,0.000000000,1.000000000,0.814271076,0.814271076,0.229381473,0.000000000,0.000000000,0.000,203.000,203.000
1786747480792,XAUT_USDT,demo,0,microspread_below_threshold,0,0.000000000,1.000000000,0.814271076,0.814271076,0.229381473,0.000000000,0.000000000,120.000,323.000,323.000
1786747480900,XAUT_USDT,demo,0,microspread_below_threshold,0,0.000000000,1.000000000,0.814271076,0.814271076,0.229381473,0.000000000,0.000000000,228.000,0.000,0.000
1786747481043,XAUT_USDT,demo,0,stale_binance,0,0.000000000,1.000000000,0.000000000,0.000000000,0.229381473,0.000000000,0.000000000,371.000,62.000,62.000
1786747481183,XAUT_USDT,demo,0,stale_binance,0,0.000000000,1.000000000,0.000000000,0.000000000,0.229381473,0.000000000,0.000000000,511.000,117.000,117.000
1786747481306,XAUT_USDT,demo,0,stale_binance,0,0.000000000,1.000000000,0.000000000,0.000000000,0.229381473,0.000000000,0.000000000,634.000,240.000,240.000
1786747481411,XAUT_USDT,demo,0,stale_binance,0,0.000000000,1.000000000,0.000000000,0.000000000,0.229381473,0.000000000,0.000000000,739.000,0.000,0.000
1786747481556,XAUT_USDT,demo,0,stale_binance,0,0.000000000,1.000000000,0.000000000,0.000000000,0.229381473,0.000000000,0.000000000,884.000,58.000,58.000
1786747481666,XAUT_USDT,demo,0,microspread_below_threshold,0,0.000000000,1.000000000,0.814271076,0.814271076,0.229381473,0.000000000,0.000000000,0.000,168.000,168.000
1786747481792,XAUT_USDT,demo,0,microspread_below_threshold,0,0.000000000,1.000000000,0.814271076,0.814271076,0.229381473,0.000000000,0.000000000,126.000,294.000,294.000
1786747481900,XAUT_USDT,demo,0,microspread_below_threshold,0,0.000000000,1.000000000,0.814271076,0.814271076,0.229381473,0.000000000,0.000000000,234.000,65.000,65.000
1786747482009,XAUT_USDT,demo,0,stale_binance,0,0.000000000,1.000000000,0.000000000,0.000000000,0.229381473,0.000000000,0.000000000,343.000,0.000,0.000
1786747482151,XAUT_USDT,demo,0,stale_binance,0,0.000000000,1.000000000,0.000000000,0.000000000,0.229381473,0.000000000,0.000000000,485.000,53.000,53.000
1786747482276,XAUT_USDT,demo,0,stale_binance,0,0.000000000,1.000000000,0.000000000,0.000000000,0.229381473,0.000000000,0.000000000,610.000,178.000,178.000
1786747482416,XAUT_USDT,demo,0,stale_binance,0,0.000000000,1.000000000,0.000000000,0.000000000,0.229381473,0.000000000,0.000000000,750.000,60.000,60.000
1786747482529,XAUT_USDT,demo,0,microspread_below_threshold,0,0.000000000,1.000000000,0.814271076,0.814271076,0.229381473,0.000000000,0.000000000,19.000,0.000,0.000
1786747482668,XAUT_USDT,demo,0,microspread_below_threshold,0,0.000000000,1.000000000,0.814271076,0.814271076,0.229381473,0.000000000,0.000000000,130.000,55.000,55.000
1786747482824,XAUT_USDT,demo,0,microspread_below_threshold,0,0.000000000,1.000000000,0.814271076,0.814271076,0.229381473,0.000000000,0.000000000,286.000,126.000,126.000
1786747482932,XAUT_USDT,demo,0,stale_binance,0,0.000000000,1.000000000,0.000000000,0.000000000,0.229381473,0.000000000,0.000000000,394.000,60.000,60.000
1786747483043,XAUT_USDT,demo,0,stale_binance,0,0.000000000,1.000000000,0.000000000,0.000000000,0.229381473,0.000000000,0.000000000,505.000,0.000,0.000
1786747483181,XAUT_USDT,demo,0,stale_binance,0,0.000000000,1.000000000,0.000000000,0.000000000,0.229381473,0.000000000,0.000000000,643.000,51.000,51.000
1786747483306,XAUT_USDT,demo,0,stale_binance,0,0.000000000,1.000000000,0.000000000,0.000000000,0.229381473,0.000000000,0.000000000,768.000,176.000,176.000
1786747483432,XAUT_USDT,demo,0,stale_binance,0,0.000000000,1.000000000,0.000000000,0.000000000,0.229381473,0.000000000,0.000000000,894.000,302.000,302.000
1786747484242,XAUT_USDT,demo,0,stale_binance,0,0.000000000,1.000000000,0.000000000,0.000000000,0.229381473,0.000000000,0.000000000,656.000,85.000,85.000
1786747484369,XAUT_USDT,demo,0,stale_binance,0,0.000000000,1.000000000,0.000000000,0.000000000,0.229381473,0.000000000,0.000000000,783.000,212.000,212.000
1786747484478,XAUT_USDT,demo,0,stale_binance,0,0.000000000,1.000000000,0.000000000,0.000000000,0.229381473,0.000000000,0.000000000,892.000,62.000,62.000
1786747484635,XAUT_USDT,demo,0,microspread_below_threshold,0,0.000000000,1.000000000,0.814271076,0.814271076,0.229381473,0.000000000,0.000000000,124.000,132.000,132.000
1786747484760,XAUT_USDT,demo,0,microspread_below_threshold,0,0.000000000,1.000000000,0.814271076,0.814271076,0.229381473,0.000000000,0.000000000,249.000,257.000,257.000
1786747484900,XAUT_USDT,demo,0,stale_binance,0,0.000000000,1.000000000,0.000000000,0.000000000,0.229381473,0.000000000,0.000000000,389.000,56.000,56.000
1786747485015,XAUT_USDT,demo,0,stale_binance,0,0.000000000,1.000000000,0.000000000,0.000000000,0.229381473,0.000000000,0.000000000,504.000,0.000,0.000
1786747485165,XAUT_USDT,demo,0,stale_binance,0,0.000000000,1.000000000,0.000000000,0.000000000,0.229381473,0.000000000,0.000000000,654.000,62.000,62.000
1786747485289,XAUT_USDT,demo,0,stale_binance,0,0.000000000,1.000000000,0.000000000,0.000000000,0.229381473,0.000000000,0.000000000,778.000,186.000,186.000
1786747485415,XAUT_USDT,demo,0,stale_binance,0,0.000000000,1.000000000,0.000000000,0.000000000,0.229381473,0.000000000,0.000000000,904.000,51.000,51.000
1786747485536,XAUT_USDT,demo,0,microspread_below_threshold,0,0.000000000,1.000000000,0.814271076,0.814271076,0.229381473,0.000000000,0.000000000,28.000,0.000,0.000
1786747485648,XAUT_USDT,demo,0,microspread_below_threshold,0,0.000000000,1.000000000,0.814271076,0.814271076,0.229381473,0.000000000,0.000000000,56.000,112.000,112.000
1786747485774,XAUT_USDT,demo,0,microspread_below_threshold,0,0.000000000,1.000000000,0.814271076,0.814271076,0.229381473,0.000000000,0.000000000,182.000,238.000,238.000
1786747485898,XAUT_USDT,demo,0,stale_binance,0,0.000000000,1.000000000,0.000000000,0.000000000,0.229381473,0.000000000,0.000000000,306.000,362.000,362.000
1786747486022,XAUT_USDT,demo,0,stale_binance,0,0.000000000,1.000000000,0.000000000,0.000000000,0.229381473,0.000000000,0.000000000,430.000,59.000,59.000
1786747486134,XAUT_USDT,demo,0,microspread_below_threshold,0,0.000000000,1.000000000,0.814271076,0.814271076,0.229381473,0.000000000,0.000000000,68.000,0.000,0.000
1786747486256,XAUT_USDT,demo,0,microspread_below_threshold,0,0.000000000,1.000000000,0.814271076,0.814271076,0.229381473,0.000000000,0.000000000,190.000,122.000,122.000
1786747486393,XAUT_USDT,demo,0,microspread_below_threshold,0,0.000000000,1.000000000,0.814271076,0.814271076,0.229381473,0.000000000,0.000000000,126.000,0.000,0.000
1786747486538,XAUT_USDT,demo,0,microspread_below_threshold,0,0.000000000,1.000000000,0.814271076,0.814271076,0.229381473,0.000000000,0.000000000,271.000,60.000,60.000
1786747486680,XAUT_USDT,demo,0,stale_binance,0,0.000000000,1.000000000,0.000000000,0.000000000,0.229381473,0.000000000,0.000000000,413.000,114.000,114.000
1786747486793,XAUT_USDT,demo,0,stale_binance,0,0.000000000,1.000000000,0.000000000,0.000000000,0.229381473,0.000000000,0.000000000,526.000,227.000,227.000
1786747486906,XAUT_USDT,demo,0,stale_binance,0,0.000000000,1.000000000,0.000000000,0.000000000,0.229381473,0.000000000,0.000000000,639.000,340.000,340.000
1786747487049,XAUT_USDT,demo,0,stale_binance,0,0.000000000,1.000000000,0.000000000,0.000000000,0.229381473,0.000000000,0.000000000,782.000,58.000,58.000
1786747487152,XAUT_USDT,demo,0,stale_binance,0,0.000000000,1.000000000,0.000000000,0.000000000,0.229381473,0.000000000,0.000000000,885.000,161.000,161.000
1786747487264,XAUT_USDT,demo,0,stale_binance,0,0.000000000,1.000000000,0.000000000,0.000000000,0.229381473,0.000000000,0.000000000,997.000,102.000,102.000
1786747487387,XAUT_USDT,demo,0,stale_binance,0,0.000000000,1.000000000,0.000000000,0.000000000,0.229381473,0.000000000,0.000000000,1120.000,53.000,53.000
1786747487508,XAUT_USDT,demo,0,stale_binance,0,0.000000000,1.000000000,0.000000000,0.000000000,0.229381473,0.000000000,0.000000000,1241.000,0.000,0.000
1786747487638,XAUT_USDT,demo,0,microspread_below_threshold,0,0.000000000,1.000000000,0.814271076,0.814271076,0.229381473,0.000000000,0.000000000,127.000,130.000,130.000
1786747487743,XAUT_USDT,demo,0,microspread_below_threshold,0,0.000000000,1.000000000,0.814271076,0.814271076,0.229381473,0.000000000,0.000000000,0.000,235.000,235.000
1786747487847,XAUT_USDT,demo,0,microspread_below_threshold,0,0.000000000,1.000000000,0.814271076,0.814271076,0.229381473,0.000000000,0.000000000,84.000,0.000,0.000
1786747487996,XAUT_USDT,demo,0,microspread_below_threshold,0,0.000000000,1.000000000,0.814271076,0.814271076,0.229381473,0.000000000,0.000000000,233.000,63.000,63.000
1786747488106,XAUT_USDT,demo,0,stale_binance,0,0.000000000,1.000000000,0.000000000,0.000000000,0.229381473,0.000000000,0.000000000,343.000,0.000,0.000
1786747488260,XAUT_USDT,demo,0,stale_binance,0,0.000000000,1.000000000,0.000000000,0.000000000,0.229381473,0.000000000,0.000000000,497.000,64.000,64.000
1786747488365,XAUT_USDT,demo,0,stale_binance,0,0.000000000,1.000000000,0.000000000,0.000000000,0.229381473,0.000000000,0.000000000,602.000,0.000,0.000
1786747488510,XAUT_USDT,demo,0,microspread_below_threshold,0,0.000000000,1.000000000,0.814271076,0.814271076,0.229381473,0.000000000,0.000000000,0.000,145.000,145.000
1786747488645,XAUT_USDT,demo,0,microspread_below_threshold,0,0.000000000,1.000000000,0.814271076,0.814271076,0.229381473,0.000000000,0.000000000,135.000,109.000,109.000
1786747488767,XAUT_USDT,demo,0,microspread_below_threshold,0,0.000000000,1.000000000,0.814271076,0.814271076,0.229381473,0.000000000,0.000000000,257.000,231.000,231.000
1786747488871,XAUT_USDT,demo,0,stale_binance,0,0.000000000,1.000000000,0.000000000,0.000000000,0.229381473,0.000000000,0.000000000,361.000,335.000,335.000
1786747489013,XAUT_USDT,demo,0,microspread_below_threshold,0,0.000000000,1.000000000,0.814271076,0.814271076,0.229381473,0.000000000,0.000000000,66.000,54.000,54.000
1786747489133,XAUT_USDT,demo,0,microspread_below_threshold,0,0.000000000,1.000000000,0.814271076,0.814271076,0.229381473,0.000000000,0.000000000,186.000,0.000,0.000
1786747489991,XAUT_USDT,demo,0,stale_binance,0,0.000000000,1.000000000,0.000000000,0.000000000,0.229381473,0.000000000,0.000000000,656.000,87.000,87.000
1786747490122,XAUT_USDT,demo,0,stale_binance,0,0.000000000,1.000000000,0.000000000,0.000000000,0.229381473,0.000000000,0.000000000,787.000,129.000,129.000
1786747490279,XAUT_USDT,demo,0,stale_binance,0,0.000000000,1.000000000,0.000000000,0.000000000,0.229381473,0.000000000,0.000000000,944.000,120.000,120.000
1786747490389,XAUT_USDT,demo,0,microspread_below_threshold,0,0.000000000,1.000000000,0.814271076,0.814271076,0.229381473,0.000000000,0.000000000,0.000,230.000,230.000
1786747490501,XAUT_USDT,demo,0,microspread_below_threshold,0,0.000000000,1.000000000,0.814271076,0.814271076,0.229381473,0.000000000,0.000000000,112.000,0.000,0.000
1786747490608,XAUT_USDT,demo,0,microspread_below_threshold,0,0.000000000,1.000000000,0.814271076,0.814271076,0.229381473,0.000000000,0.000000000,0.000,107.000,107.000
1786747490729,XAUT_USDT,demo,0,microspread_below_threshold,0,0.000000000,1.000000000,0.814271076,0.814271076,0.229381473,0.000000000,0.000000000,121.000,228.000,228.000
1786747490848,XAUT_USDT,demo,0,microspread_below_threshold,0,0.000000000,1.000000000,0.814271076,0.814271076,0.229381473,0.000000000,0.000000000,240.000,1.000,1.000
1786747490994,XAUT_USDT,demo,0,stale_binance,0,0.000000000,1.000000000,0.000000000,0.000000000,0.229381473,0.000000000,0.000000000,386.000,59.000,59.000
1786747491111,XAUT_USDT,demo,0,stale_binance,0,0.000000000,1.000000000,0.000000000,0.000000000,0.229381473,0.000000000,0.000000000,503.000,0.000,0.000
1786747491227,XAUT_USDT,demo,0,microspread_below_threshold,0,0.000000000,1.000000000,0.814271076,0.814271076,0.229381473,0.000000000,0.000000000,60.000,116.000,116.000
1786747491353,XAUT_USDT,demo,0,microspread_below_threshold,0,0.000000000,1.000000000,0.814271076,0.814271076,0.229381473,0.000000000,0.000000000,186.000,242.000,242.000
1786747491455,XAUT_USDT,demo,0,microspread_below_threshold,0,0.000000000,1.000000000,0.814271076,0.814271076,0.229381473,0.000000000,0.000000000,75.000,0.000,0.000
1786747491572,XAUT_USDT,demo,0,microspread_below_threshold,0,0.000000000,1.000000000,0.814271076,0.814271076,0.229381473,0.000000000,0.000000000,64.000,117.000,117.000
1786747491676,XAUT_USDT,demo,0,microspread_below_threshold,0,0.000000000,1.000000000,0.814271076,0.814271076,0.229381473,0.000000000,0.000000000,0.000,221.000,221.000
1786747491821,XAUT_USDT,demo,0,microspread_below_threshold,0,0.000000000,1.000000000,0.814271076,0.814271076,0.229381473,0.000000000,0.000000000,122.000,366.000,366.000
1786747491946,XAUT_USDT,demo,0,microspread_below_threshold,0,0.000000000,1.000000000,0.814271076,0.814271076,0.229381473,0.000000000,0.000000000,247.000,62.000,62.000
1786747492056,XAUT_USDT,demo,0,stale_binance,0,0.000000000,1.000000000,0.000000000,0.000000000,0.229381473,0.000000000,0.000000000,357.000,0.000,0.000
1786747492180,XAUT_USDT,demo,0,stale_binance,0,0.000000000,1.000000000,0.000000000,0.000000000,0.229381473,0.000000000,0.000000000,481.000,124.000,124.000
1786747492335,XAUT_USDT,demo,0,microspread_below_threshold,0,0.000000000,1.000000000,0.814271076,0.814271076,0.229381473,0.000000000,0.000000000,120.000,279.000,279.000
1786747492461,XAUT_USDT,demo,0,microspread_below_threshold,0,0.000000000,1.000000000,0.814271076,0.814271076,0.229381473,0.000000000,0.000000000,246.000,59.000,59.000
1786747492570,XAUT_USDT,demo,0,stale_binance,0,0.000000000,1.000000000,0.000000000,0.000000000,0.229381473,0.000000000,0.000000000,355.000,0.000,0.000
1786747492697,XAUT_USDT,demo,0,stale_binance,0,0.000000000,1.000000000,0.000000000,0.000000000,0.229381473,0.000000000,0.000000000,482.000,127.000,127.000
1786747492823,XAUT_USDT,demo,0,stale_binance,0,0.000000000,1.000000000,0.000000000,0.000000000,0.229381473,0.000000000,0.000000000,608.000,253.000,253.000
1786747492930,XAUT_USDT,demo,0,stale_binance,0,0.000000000,1.000000000,0.000000000,0.000000000,0.229381473,0.000000000,0.000000000,715.000,0.000,0.000
1786747493058,XAUT_USDT,demo,0,stale_binance,0,0.000000000,1.000000000,0.000000000,0.000000000,0.229381473,0.000000000,0.000000000,843.000,54.000,54.000
1786747493169,XAUT_USDT,demo,0,microspread_below_threshold,0,0.000000000,1.000000000,0.814271076,0.814271076,0.229381473,0.000000000,0.000000000,53.000,165.000,165.000
1786747493325,XAUT_USDT,demo,0,microspread_below_threshold,0,0.000000000,1.000000000,0.814271076,0.814271076,0.229381473,0.000000000,0.000000000,209.000,63.000,63.000
1786747493437,XAUT_USDT,demo,0,stale_binance,0,0.000000000,1.000000000,0.000000000,0.000000000,0.229381473,0.000000000,0.000000000,321.000,0.000,0.000
1786747493579,XAUT_USDT,demo,0,stale_binance,0,0.000000000,1.000000000,0.000000000,0.000000000,0.229381473,0.000000000,0.000000000,463.000,60.000,60.000
1786747493690,XAUT_USDT,demo,0,stale_binance,0,0.000000000,1.000000000,0.000000000,0.000000000,0.229381473,0.000000000,0.000000000,574.000,0.000,0.000
1786747493803,XAUT_USDT,demo,0,stale_binance,0,0.000000000,1.000000000,0.000000000,0.000000000,0.229381473,0.000000000,0.000000000,687.000,113.000,113.000
1786747493923,XAUT_USDT,demo,0,stale_binance,0,0.000000000,1.000000000,0.000000000,0.000000000,0.229381473,0.000000000,0.000000000,807.000,233.000,233.000
1786747494033,XAUT_USDT,demo,0,stale_binance,0,0.000000000,1.000000000,0.000000000,0.000000000,0.229381473,0.000000000,0.000000000,917.000,0.000,0.000
1786747494173,XAUT_USDT,demo,0,stale_binance,0,0.000000000,1.000000000,0.000000000,0.000000000,0.229381473,0.000000000,0.000000000,1057.000,55.000,55.000
1786747494298,XAUT_USDT,demo,0,stale_binance,0,0.000000000,1.000000000,0.000000000,0.000000000,0.229381473,0.000000000,0.000000000,1182.000,180.000,180.000
1786747494439,XAUT_USDT,demo,0,stale_binance,0,0.000000000,1.000000000,0.000000000,0.000000000,0.229381473,0.000000000,0.000000000,1323.000,62.000,62.000
1786747494547,XAUT_USDT,demo,0,stale_binance,0,0.000000000,1.000000000,0.000000000,0.000000000,0.229381473,0.000000000,0.000000000,1431.000,0.000,0.000
1786747494672,XAUT_USDT,demo,0,stale_binance,0,0.000000000,1.000000000,0.000000000,0.000000000,0.229381473,0.000000000,0.000000000,1556.000,125.000,125.000
1786747494797,XAUT_USDT,demo,0,stale_binance,0,0.000000000,1.000000000,0.000000000,0.000000000,0.229381473,0.000000000,0.000000000,1681.000,250.000,250.000
1786747494921,XAUT_USDT,demo,0,stale_binance,0,0.000000000,1.000000000,0.000000000,0.000000000,0.229381473,0.000000000,0.000000000,1805.000,374.000,374.000
1786747495719,XAUT_USDT,demo,0,stale_binance,0,0.000000000,1.000000000,0.000000000,0.000000000,0.229381473,0.000000000,0.000000000,558.000,231.000,231.000
1786747495849,XAUT_USDT,demo,0,stale_binance,0,0.000000000,1.000000000,0.000000000,0.000000000,0.229381473,0.000000000,0.000000000,688.000,361.000,361.000
1786747495973,XAUT_USDT,demo,0,stale_binance,0,0.000000000,1.000000000,0.000000000,0.000000000,0.229381473,0.000000000,0.000000000,812.000,54.000,54.000
1786747496129,XAUT_USDT,demo,0,stale_binance,0,0.000000000,1.000000000,0.000000000,0.000000000,0.229381473,0.000000000,0.000000000,968.000,125.000,125.000
1786747496254,XAUT_USDT,demo,0,stale_binance,0,0.000000000,1.000000000,0.000000000,0.000000000,0.229381473,0.000000000,0.000000000,1093.000,250.000,250.000
1786747496379,XAUT_USDT,demo,0,stale_binance,0,0.000000000,1.000000000,0.000000000,0.000000000,0.229381473,0.000000000,0.000000000,1218.000,375.000,375.000
1786747496489,XAUT_USDT,demo,0,stale_binance,0,0.000000000,1.000000000,0.000000000,0.000000000,0.229381473,0.000000000,0.000000000,1328.000,54.000,54.000
1786747496632,XAUT_USDT,demo,0,stale_binance,0,0.000000000,1.000000000,0.000000000,0.000000000,0.229381473,0.000000000,0.000000000,1471.000,115.000,115.000
1786747496774,XAUT_USDT,demo,0,microspread_below_threshold,0,0.000000000,1.000000000,0.814271076,0.814271076,0.229381473,0.000000000,0.000000000,121.000,257.000,257.000
1786747496900,XAUT_USDT,demo,0,microspread_below_threshold,0,0.000000000,1.000000000,0.814271076,0.814271076,0.229381473,0.000000000,0.000000000,247.000,383.000,383.000
1786747497029,XAUT_USDT,demo,0,stale_binance,0,0.000000000,1.000000000,0.000000000,0.000000000,0.229381473,0.000000000,0.000000000,376.000,0.000,0.000
1786747497182,XAUT_USDT,demo,0,stale_binance,0,0.000000000,1.000000000,0.000000000,0.000000000,0.229381473,0.000000000,0.000000000,529.000,65.000,65.000
1786747497307,XAUT_USDT,demo,0,stale_binance,0,0.000000000,1.000000000,0.000000000,0.000000000,0.229381473,0.000000000,0.000000000,654.000,190.000,190.000
1786747497433,XAUT_USDT,demo,0,stale_binance,0,0.000000000,1.000000000,0.000000000,0.000000000,0.229381473,0.000000000,0.000000000,780.000,316.000,316.000
1786747497546,XAUT_USDT,demo,0,microspread_below_threshold,0,0.000000000,1.000000000,0.814271076,0.814271076,0.229381473,0.000000000,0.000000000,90.000,0.000,0.000
1786747497667,XAUT_USDT,demo,0,microspread_below_threshold,0,0.000000000,1.000000000,0.814271076,0.814271076,0.229381473,0.000000000,0.000000000,211.000,121.000,121.000
1786747497809,XAUT_USDT,demo,0,microspread_below_threshold,0,0.000000000,1.000000000,0.814271076,0.814271076,0.229381473,0.000000000,0.000000000,54.000,263.000,263.000
1786747497949,XAUT_USDT,demo,0,microspread_below_threshold,0,0.000000000,1.000000000,0.814271076,0.814271076,0.229381473,0.000000000,0.000000000,194.000,51.000,51.000
1786747498105,XAUT_USDT,demo,0,stale_binance,0,0.000000000,1.000000000,0.000000000,0.000000000,0.229381473,0.000000000,0.000000000,350.000,122.000,122.000
1786747498213,XAUT_USDT,demo,0,stale_binance,0,0.000000000,1.000000000,0.000000000,0.000000000,0.229381473,0.000000000,0.000000000,458.000,59.000,59.000
1786747498338,XAUT_USDT,demo,0,stale_binance,0,0.000000000,1.000000000,0.000000000,0.000000000,0.229381473,0.000000000,0.000000000,583.000,184.000,184.000
1786747498477,XAUT_USDT,demo,0,stale_binance,0,0.000000000,1.000000000,0.000000000,0.000000000,0.229381473,0.000000000,0.000000000,722.000,64.000,64.000
1786747498586,XAUT_USDT,demo,0,stale_binance,0,0.000000000,1.000000000,0.000000000,0.000000000,0.229381473,0.000000000,0.000000000,831.000,0.000,0.000
1786747498727,XAUT_USDT,demo,0,stale_binance,0,0.000000000,1.000000000,0.000000000,0.000000000,0.229381473,0.000000000,0.000000000,972.000,53.000,53.000
1786747498845,XAUT_USDT,demo,0,stale_binance,0,0.000000000,1.000000000,0.000000000,0.000000000,0.229381473,0.000000000,0.000000000,1090.000,0.000,0.000
1786747498993,XAUT_USDT,demo,0,stale_binance,0,0.000000000,1.000000000,0.000000000,0.000000000,0.229381473,0.000000000,0.000000000,1238.000,64.000,64.000
1786747499104,XAUT_USDT,demo,0,stale_binance,0,0.000000000,1.000000000,0.000000000,0.000000000,0.229381473,0.000000000,0.000000000,1349.000,1.000,1.000
1786747499229,XAUT_USDT,demo,0,stale_binance,0,0.000000000,1.000000000,0.000000000,0.000000000,0.229381473,0.000000000,0.000000000,1474.000,126.000,126.000
1786747499354,XAUT_USDT,demo,0,stale_binance,0,0.000000000,1.000000000,0.000000000,0.000000000,0.229381473,0.000000000,0.000000000,1599.000,251.000,251.000
1786747499510,XAUT_USDT,demo,0,microspread_below_threshold,0,0.000000000,1.000000000,0.814271076,0.814271076,0.229381473,0.000000000,0.000000000,118.000,66.000,66.000
1786747499652,XAUT_USDT,demo,0,microspread_below_threshold,0,0.000000000,1.000000000,0.814271076,0.814271076,0.229381473,0.000000000,0.000000000,260.000,119.000,119.000
1786747499776,XAUT_USDT,demo,0,stale_binance,0,0.000000000,1.000000000,0.000000000,0.000000000,0.229381473,0.000000000,0.000000000,384.000,243.000,243.000
1786747499876,XAUT_USDT,demo,0,stale_binance,0,0.000000000,1.000000000,0.000000000,0.000000000,0.229381473,0.000000000,0.000000000,484.000,0.000,0.000
1786747500013,XAUT_USDT,demo,0,stale_binance,0,0.000000000,1.000000000,0.000000000,0.000000000,0.229381473,0.000000000,0.000000000,621.000,53.000,53.000
1786747500134,XAUT_USDT,demo,0,stale_binance,0,0.000000000,1.000000000,0.000000000,0.000000000,0.229381473,0.000000000,0.000000000,742.000,0.000,0.000
1786747500277,XAUT_USDT,demo,0,microspread_below_threshold,0,0.000000000,1.000000000,0.814271076,0.814271076,0.229381473,0.000000000,0.000000000,61.000,143.000,143.000
1786747500410,XAUT_USDT,demo,0,microspread_below_threshold,0,0.000000000,1.000000000,0.814271076,0.814271076,0.229381473,0.000000000,0.000000000,0.000,276.000,276.000
1786747500540,XAUT_USDT,demo,0,microspread_below_threshold,0,0.000000000,1.000000000,0.814271076,0.814271076,0.229381473,0.000000000,0.000000000,130.000,60.000,60.000
1786747500682,XAUT_USDT,demo,0,microspread_below_threshold,0,0.000000000,1.000000000,0.814271076,0.814271076,0.229381473,0.000000000,0.000000000,272.000,117.000,117.000
1786747501426,XAUT_USDT,demo,0,microspread_below_threshold,0,0.000000000,1.000000000,0.814271076,0.814271076,0.229381473,0.000000000,0.000000000,158.000,261.000,261.000
1786747501569,XAUT_USDT,demo,0,stale_binance,0,0.000000000,1.000000000,0.000000000,0.000000000,0.229381473,0.000000000,0.000000000,301.000,57.000,57.000
1786747501677,XAUT_USDT,demo,0,stale_binance,0,0.000000000,1.000000000,0.000000000,0.000000000,0.229381473,0.000000000,0.000000000,409.000,165.000,165.000
1786747501830,XAUT_USDT,demo,0,microspread_below_threshold,0,0.000000000,1.000000000,0.814271076,0.814271076,0.229381473,0.000000000,0.000000000,113.000,318.000,318.000
1786747501945,XAUT_USDT,demo,0,microspread_below_threshold,0,0.000000000,1.000000000,0.814271076,0.814271076,0.229381473,0.000000000,0.000000000,228.000,433.000,433.000
1786747502088,XAUT_USDT,demo,0,stale_binance,0,0.000000000,1.000000000,0.000000000,0.000000000,0.229381473,0.000000000,0.000000000,371.000,61.000,61.000
1786747502232,XAUT_USDT,demo,0,stale_binance,0,0.000000000,1.000000000,0.000000000,0.000000000,0.229381473,0.000000000,0.000000000,515.000,118.000,118.000
1786747502356,XAUT_USDT,demo,0,stale_binance,0,0.000000000,1.000000000,0.000000000,0.000000000,0.229381473,0.000000000,0.000000000,639.000,242.000,242.000
1786747502497,XAUT_USDT,demo,0,stale_binance,0,0.000000000,1.000000000,0.000000000,0.000000000,0.229381473,0.000000000,0.000000000,780.000,120.000,120.000
1786747502606,XAUT_USDT,demo,0,stale_binance,0,0.000000000,1.000000000,0.000000000,0.000000000,0.229381473,0.000000000,0.000000000,889.000,55.000,55.000
1786747502731,XAUT_USDT,demo,0,stale_binance,0,0.000000000,1.000000000,0.000000000,0.000000000,0.229381473,0.000000000,0.000000000,1014.000,180.000,180.000
1786747502855,XAUT_USDT,demo,0,stale_binance,0,0.000000000,1.000000000,0.000000000,0.000000000,0.229381473,0.000000000,0.000000000,1138.000,304.000,304.000
1786747502996,XAUT_USDT,demo,0,microspread_below_threshold,0,0.000000000,1.000000000,0.814271076,0.814271076,0.229381473,0.000000000,0.000000000,61.000,445.000,445.000
1786747503121,XAUT_USDT,demo,0,microspread_below_threshold,0,0.000000000,1.000000000,0.814271076,0.814271076,0.229381473,0.000000000,0.000000000,186.000,570.000,570.000
1786747503260,XAUT_USDT,demo,0,stale_binance,0,0.000000000,1.000000000,0.000000000,0.000000000,0.229381473,0.000000000,0.000000000,325.000,117.000,117.000
1786747503385,XAUT_USDT,demo,0,stale_binance,0,0.000000000,1.000000000,0.000000000,0.000000000,0.229381473,0.000000000,0.000000000,450.000,242.000,242.000
1786747503508,XAUT_USDT,demo,0,stale_binance,0,0.000000000,1.000000000,0.000000000,0.000000000,0.229381473,0.000000000,0.000000000,573.000,365.000,365.000
1786747503633,XAUT_USDT,demo,0,stale_binance,0,0.000000000,1.000000000,0.000000000,0.000000000,0.229381473,0.000000000,0.000000000,698.000,490.000,490.000
1786747503791,XAUT_USDT,demo,0,microspread_below_threshold,0,0.000000000,1.000000000,0.814271076,0.814271076,0.229381473,0.000000000,0.000000000,119.000,648.000,648.000
1786747503915,XAUT_USDT,demo,0,microspread_below_threshold,0,0.000000000,1.000000000,0.814271076,0.814271076,0.229381473,0.000000000,0.000000000,54.000,772.000,772.000
1786747504040,XAUT_USDT,demo,0,microspread_below_threshold,0,0.000000000,1.000000000,0.814271076,0.814271076,0.229381473,0.000000000,0.000000000,179.000,897.000,897.000
1786747504144,XAUT_USDT,demo,0,microspread_below_threshold,0,0.000000000,1.000000000,0.814271076,0.814271076,0.229381473,0.000000000,0.000000000,283.000,0.000,0.000
1786747504259,XAUT_USDT,demo,0,stale_binance,0,0.000000000,1.000000000,0.000000000,0.000000000,0.229381473,0.000000000,0.000000000,398.000,115.000,115.000
1786747504382,XAUT_USDT,demo,0,stale_binance,0,0.000000000,1.000000000,0.000000000,0.000000000,0.229381473,0.000000000,0.000000000,521.000,238.000,238.000
1786747504494,XAUT_USDT,demo,0,stale_binance,0,0.000000000,1.000000000,0.000000000,0.000000000,0.229381473,0.000000000,0.000000000,633.000,0.000,0.000
1786747504647,XAUT_USDT,demo,0,stale_binance,0,0.000000000,1.000000000,0.000000000,0.000000000,0.229381473,0.000000000,0.000000000,786.000,63.000,63.000
1786747504773,XAUT_USDT,demo,0,stale_binance,0,0.000000000,1.000000000,0.000000000,0.000000000,0.229381473,0.000000000,0.000000000,912.000,189.000,189.000
1786747504900,XAUT_USDT,demo,0,stale_binance,0,0.000000000,1.000000000,0.000000000,0.000000000,0.229381473,0.000000000,0.000000000,1039.000,316.000,316.000
1786747505013,XAUT_USDT,demo,0,stale_binance,0,0.000000000,1.000000000,0.000000000,0.000000000,0.229381473,0.000000000,0.000000000,1152.000,0.000,0.000
1786747505166,XAUT_USDT,demo,0,stale_binance,0,0.000000000,1.000000000,0.000000000,0.000000000,0.229381473,0.000000000,0.000000000,1305.000,63.000,63.000
1786747505293,XAUT_USDT,demo,0,stale_binance,0,0.000000000,1.000000000,0.000000000,0.000000000,0.229381473,0.000000000,0.000000000,1432.000,190.000,190.000
1786747505415,XAUT_USDT,demo,0,stale_binance,0,0.000000000,1.000000000,0.000000000,0.000000000,0.229381473,0.000000000,0.000000000,1554.000,312.000,312.000
1786747505535,XAUT_USDT,demo,0,stale_binance,0,0.000000000,1.000000000,0.000000000,0.000000000,0.229381473,0.000000000,0.000000000,1674.000,0.000,0.000
1786747505650,XAUT_USDT,demo,0,stale_binance,0,0.000000000,1.000000000,0.000000000,0.000000000,0.229381473,0.000000000,0.000000000,1789.000,115.000,115.000
1786747505776,XAUT_USDT,demo,0,stale_binance,0,0.000000000,1.000000000,0.000000000,0.000000000,0.229381473,0.000000000,0.000000000,1915.000,241.000,241.000
1786747505902,XAUT_USDT,demo,0,stale_binance,0,0.000000000,1.000000000,0.000000000,0.000000000,0.229381473,0.000000000,0.000000000,2041.000,367.000,367.000
1786747506025,XAUT_USDT,demo,0,stale_binance,0,0.000000000,1.000000000,0.000000000,0.000000000,0.229381473,0.000000000,0.000000000,2164.000,64.000,64.000
1786747506148,XAUT_USDT,demo,0,stale_binance,0,0.000000000,1.000000000,0.000000000,0.000000000,0.229381473,0.000000000,0.000000000,2287.000,187.000,187.000
1786747506273,XAUT_USDT,demo,0,stale_binance,0,0.000000000,1.000000000,0.000000000,0.000000000,0.229381473,0.000000000,0.000000000,2412.000,312.000,312.000
1786747506398,XAUT_USDT,demo,0,stale_binance,0,0.000000000,1.000000000,0.000000000,0.000000000,0.229381473,0.000000000,0.000000000,2537.000,437.000,437.000
1786747507120,XAUT_USDT,demo,0,stale_binance,0,0.000000000,1.000000000,0.000000000,0.000000000,0.229381473,0.000000000,0.000000000,319.000,1159.000,1159.000
1786747507231,XAUT_USDT,demo,0,stale_binance,0,0.000000000,1.000000000,0.000000000,0.000000000,0.229381473,0.000000000,0.000000000,430.000,1270.000,1270.000
1786747507359,XAUT_USDT,demo,0,stale_binance,0,0.000000000,1.000000000,0.000000000,0.000000000,0.229381473,0.000000000,0.000000000,558.000,1398.000,1398.000
1786747507483,XAUT_USDT,demo,0,stale_binance,0,0.000000000,1.000000000,0.000000000,0.000000000,0.229381473,0.000000000,0.000000000,682.000,1522.000,1522.000
1786747507608,XAUT_USDT,demo,0,stale_binance,0,0.000000000,1.000000000,0.000000000,0.000000000,0.229381473,0.000000000,0.000000000,807.000,1647.000,1647.000
1786747507733,XAUT_USDT,demo,0,stale_binance,0,0.000000000,1.000000000,0.000000000,0.000000000,0.229381473,0.000000000,0.000000000,932.000,1772.000,1772.000
1786747507888,XAUT_USDT,demo,0,microspread_below_threshold,0,0.000000000,1.000000000,0.814271076,0.814271076,0.229381473,0.000000000,0.000000000,122.000,1927.000,1927.000
1786747511173,XAUT_USDT,demo,0,stale_binance,0,0.000000000,1.000000000,0.000000000,0.000000000,0.229381473,0.000000000,0.000000000,311.000,0.000,0.000
1786747511322,XAUT_USDT,demo,0,microspread_below_threshold,0,0.000000000,1.000000000,0.814271076,0.814271076,0.229381473,0.000000000,0.000000000,118.000,61.000,61.000
1786747511435,XAUT_USDT,demo,0,microspread_below_threshold,0,0.000000000,1.000000000,0.814271076,0.814271076,0.229381473,0.000000000,0.000000000,231.000,0.000,0.000
1786747511554,XAUT_USDT,demo,0,microspread_below_threshold,0,0.000000000,1.000000000,0.814271076,0.814271076,0.229381473,0.000000000,0.000000000,0.000,30.000,30.000
1786747511682,XAUT_USDT,demo,0,microspread_below_threshold,0,0.000000000,1.000000000,0.814271076,0.814271076,0.229381473,0.000000000,0.000000000,125.000,158.000,158.000
1786747511837,XAUT_USDT,demo,0,microspread_below_threshold,0,0.000000000,1.000000000,0.814271076,0.814271076,0.229381473,0.000000000,0.000000000,280.000,59.000,59.000
1786747511992,XAUT_USDT,demo,0,stale_binance,0,0.000000000,1.000000000,0.000000000,0.000000000,0.229381473,0.000000000,0.000000000,435.000,115.000,115.000
1786747512101,XAUT_USDT,demo,0,stale_binance,0,0.000000000,1.000000000,0.000000000,0.000000000,0.229381473,0.000000000,0.000000000,544.000,61.000,61.000
1786747512864,XAUT_USDT,demo,0,stale_binance,0,0.000000000,1.000000000,0.000000000,0.000000000,0.229381473,0.000000000,0.000000000,545.000,299.000,299.000
1786747512988,XAUT_USDT,demo,0,stale_binance,0,0.000000000,1.000000000,0.000000000,0.000000000,0.229381473,0.000000000,0.000000000,669.000,0.000,0.000
1786747513131,XAUT_USDT,demo,0,stale_binance,0,0.000000000,1.000000000,0.000000000,0.000000000,0.229381473,0.000000000,0.000000000,812.000,58.000,58.000
1786747513287,XAUT_USDT,demo,0,microspread_below_threshold,0,0.000000000,1.000000000,0.814271076,0.814271076,0.229381473,0.000000000,0.000000000,128.000,214.000,214.000
1786747513412,XAUT_USDT,demo,0,microspread_below_threshold,0,0.000000000,1.000000000,0.814271076,0.814271076,0.229381473,0.000000000,0.000000000,253.000,339.000,339.000
1786747513568,XAUT_USDT,demo,0,stale_binance,0,0.000000000,1.000000000,0.000000000,0.000000000,0.229381473,0.000000000,0.000000000,409.000,63.000,63.000
1786747513708,XAUT_USDT,demo,0,stale_binance,0,0.000000000,1.000000000,0.000000000,0.000000000,0.229381473,0.000000000,0.000000000,549.000,118.000,118.000
1786747513834,XAUT_USDT,demo,0,stale_binance,0,0.000000000,1.000000000,0.000000000,0.000000000,0.229381473,0.000000000,0.000000000,675.000,244.000,244.000
1786747513947,XAUT_USDT,demo,0,stale_binance,0,0.000000000,1.000000000,0.000000000,0.000000000,0.229381473,0.000000000,0.000000000,788.000,357.000,357.000
1786747514071,XAUT_USDT,demo,0,stale_binance,0,0.000000000,1.000000000,0.000000000,0.000000000,0.229381473,0.000000000,0.000000000,912.000,481.000,481.000
1786747514176,XAUT_USDT,demo,0,stale_binance,0,0.000000000,1.000000000,0.000000000,0.000000000,0.229381473,0.000000000,0.000000000,1017.000,0.000,0.000
1786747514305,XAUT_USDT,demo,0,microspread_below_threshold,0,0.000000000,1.000000000,0.814271076,0.814271076,0.229381473,0.000000000,0.000000000,115.000,129.000,129.000
1786747514431,XAUT_USDT,demo,0,microspread_below_threshold,0,0.000000000,1.000000000,0.814271076,0.814271076,0.229381473,0.000000000,0.000000000,241.000,255.000,255.000
1786747514558,XAUT_USDT,demo,0,stale_binance,0,0.000000000,1.000000000,0.000000000,0.000000000,0.229381473,0.000000000,0.000000000,368.000,382.000,382.000
1786747514714,XAUT_USDT,demo,0,microspread_below_threshold,0,0.000000000,1.000000000,0.814271076,0.814271076,0.229381473,0.000000000,0.000000000,60.000,538.000,538.000
1786747514841,XAUT_USDT,demo,0,microspread_below_threshold,0,0.000000000,1.000000000,0.814271076,0.814271076,0.229381473,0.000000000,0.000000000,187.000,665.000,665.000
1786747514965,XAUT_USDT,demo,0,stale_binance,0,0.000000000,1.000000000,0.000000000,0.000000000,0.229381473,0.000000000,0.000000000,311.000,789.000,789.000
1786747515091,XAUT_USDT,demo,0,stale_binance,0,0.000000000,1.000000000,0.000000000,0.000000000,0.229381473,0.000000000,0.000000000,437.000,915.000,915.000
1786747515214,XAUT_USDT,demo,0,stale_binance,0,0.000000000,1.000000000,0.000000000,0.000000000,0.229381473,0.000000000,0.000000000,560.000,1038.000,1038.000
1786747515339,XAUT_USDT,demo,0,microspread_below_threshold,0,0.000000000,1.000000000,0.814271076,0.814271076,0.229381473,0.000000000,0.000000000,57.000,1163.000,1163.000
1786747515463,XAUT_USDT,demo,0,microspread_below_threshold,0,0.000000000,1.000000000,0.814271076,0.814271076,0.229381473,0.000000000,0.000000000,181.000,1287.000,1287.000
1786747515589,XAUT_USDT,demo,0,stale_binance,0,0.000000000,1.000000000,0.000000000,0.000000000,0.229381473,0.000000000,0.000000000,307.000,1413.000,1413.000
1786747515713,XAUT_USDT,demo,0,stale_binance,0,0.000000000,1.000000000,0.000000000,0.000000000,0.229381473,0.000000000,0.000000000,431.000,1537.000,1537.000
1786747515836,XAUT_USDT,demo,0,stale_binance,0,0.000000000,1.000000000,0.000000000,0.000000000,0.229381473,0.000000000,0.000000000,554.000,1660.000,1660.000
1786747515977,XAUT_USDT,demo,0,microspread_below_threshold,0,0.000000000,1.000000000,0.814271076,0.814271076,0.229381473,0.000000000,0.000000000,51.000,1801.000,1801.000
1786747516103,XAUT_USDT,demo,0,microspread_below_threshold,0,0.000000000,1.000000000,0.814271076,0.814271076,0.229381473,0.000000000,0.000000000,177.000,1927.000,1927.000
1786747518629,XAUT_USDT,demo,0,stale_binance,0,0.000000000,1.000000000,0.000000000,0.000000000,0.229381473,0.000000000,0.000000000,851.000,21.000,21.000
1786747518740,XAUT_USDT,demo,0,stale_binance,0,0.000000000,1.000000000,0.000000000,0.000000000,0.229381473,0.000000000,0.000000000,962.000,52.000,52.000
1786747518865,XAUT_USDT,demo,0,stale_binance,0,0.000000000,1.000000000,0.000000000,0.000000000,0.229381473,0.000000000,0.000000000,1087.000,177.000,177.000
1786747518991,XAUT_USDT,demo,0,stale_binance,0,0.000000000,1.000000000,0.000000000,0.000000000,0.229381473,0.000000000,0.000000000,1213.000,303.000,303.000
1786747519146,XAUT_USDT,demo,0,microspread_below_threshold,0,0.000000000,1.000000000,0.814271076,0.814271076,0.229381473,0.000000000,0.000000000,115.000,458.000,458.000
1786747519270,XAUT_USDT,demo,0,microspread_below_threshold,0,0.000000000,1.000000000,0.814271076,0.814271076,0.229381473,0.000000000,0.000000000,239.000,582.000,582.000
1786747519395,XAUT_USDT,demo,0,stale_binance,0,0.000000000,1.000000000,0.000000000,0.000000000,0.229381473,0.000000000,0.000000000,364.000,707.000,707.000
1786747519521,XAUT_USDT,demo,0,stale_binance,0,0.000000000,1.000000000,0.000000000,0.000000000,0.229381473,0.000000000,0.000000000,490.000,833.000,833.000
1786747519645,XAUT_USDT,demo,0,stale_binance,0,0.000000000,1.000000000,0.000000000,0.000000000,0.229381473,0.000000000,0.000000000,614.000,957.000,957.000
1786747519769,XAUT_USDT,demo,0,stale_binance,0,0.000000000,1.000000000,0.000000000,0.000000000,0.229381473,0.000000000,0.000000000,738.000,1081.000,1081.000
1786747519893,XAUT_USDT,demo,0,stale_binance,0,0.000000000,1.000000000,0.000000000,0.000000000,0.229381473,0.000000000,0.000000000,862.000,1205.000,1205.000
1786747519997,XAUT_USDT,demo,0,stale_binance,0,0.000000000,1.000000000,0.000000000,0.000000000,0.229381473,0.000000000,0.000000000,966.000,1309.000,1309.000
1786747520101,XAUT_USDT,demo,0,stale_binance,0,0.000000000,1.000000000,0.000000000,0.000000000,0.229381473,0.000000000,0.000000000,1070.000,1413.000,1413.000
1786747520205,XAUT_USDT,demo,0,stale_binance,0,0.000000000,1.000000000,0.000000000,0.000000000,0.229381473,0.000000000,0.000000000,1174.000,1517.000,1517.000
1786747520314,XAUT_USDT,demo,0,stale_binance,0,0.000000000,1.000000000,0.000000000,0.000000000,0.229381473,0.000000000,0.000000000,1283.000,1626.000,1626.000
1786747520438,XAUT_USDT,demo,0,microspread_below_threshold,0,0.000000000,1.000000000,0.814271076,0.814271076,0.229381473,0.000000000,0.000000000,52.000,1750.000,1750.000
1786747520559,XAUT_USDT,demo,0,microspread_below_threshold,0,0.000000000,1.000000000,0.814271076,0.814271076,0.229381473,0.000000000,0.000000000,173.000,1871.000,1871.000
1786747520683,XAUT_USDT,demo,0,microspread_below_threshold,0,0.000000000,1.000000000,0.814271076,0.814271076,0.229381473,0.000000000,0.000000000,297.000,1995.000,1995.000
1786747524358,XAUT_USDT,demo,0,microspread_below_threshold,0,0.000000000,1.000000000,0.814271076,0.814271076,0.229381473,0.000000000,0.000000000,56.000,36.000,36.000
1786747524473,XAUT_USDT,demo,0,microspread_below_threshold,0,0.000000000,1.000000000,0.814271076,0.814271076,0.229381473,0.000000000,0.000000000,171.000,151.000,151.000
1786747524585,XAUT_USDT,demo,0,microspread_below_threshold,0,0.000000000,1.000000000,0.814271076,0.814271076,0.229381473,0.000000000,0.000000000,283.000,0.000,0.000
1786747524722,XAUT_USDT,demo,0,microspread_below_threshold,0,0.000000000,1.000000000,0.814271076,0.814271076,0.229381473,0.000000000,0.000000000,61.000,137.000,137.000
1786747524831,XAUT_USDT,demo,0,microspread_below_threshold,0,0.000000000,1.000000000,0.814271076,0.814271076,0.229381473,0.000000000,0.000000000,57.000,71.000,71.000
1786747524940,XAUT_USDT,demo,0,microspread_below_threshold,0,0.000000000,1.000000000,0.814271076,0.814271076,0.229381473,0.000000000,0.000000000,62.000,95.000,95.000
1786747525080,XAUT_USDT,demo,0,microspread_below_threshold,0,0.000000000,1.000000000,0.814271076,0.814271076,0.229381473,0.000000000,0.000000000,202.000,57.000,57.000
1786747525197,XAUT_USDT,demo,0,stale_binance,0,0.000000000,1.000000000,0.000000000,0.000000000,0.229381473,0.000000000,0.000000000,319.000,0.000,0.000
1786747525345,XAUT_USDT,demo,0,microspread_below_threshold,0,0.000000000,1.000000000,0.814271076,0.814271076,0.229381473,0.000000000,0.000000000,140.000,55.000,55.000
1786747525463,XAUT_USDT,demo,0,microspread_below_threshold,0,0.000000000,1.000000000,0.814271076,0.814271076,0.229381473,0.000000000,0.000000000,258.000,0.000,0.000
1786747525627,XAUT_USDT,demo,0,microspread_below_threshold,0,0.000000000,1.000000000,0.814271076,0.814271076,0.229381473,0.000000000,0.000000000,65.000,76.000,76.000
1786747525729,XAUT_USDT,demo,0,microspread_below_threshold,0,0.000000000,1.000000000,0.814271076,0.814271076,0.229381473,0.000000000,0.000000000,167.000,0.000,0.000
1786747525860,XAUT_USDT,demo,0,microspread_below_threshold,0,0.000000000,1.000000000,0.814271076,0.814271076,0.229381473,0.000000000,0.000000000,118.000,131.000,131.000
1786747525985,XAUT_USDT,demo,0,microspread_below_threshold,0,0.000000000,1.000000000,0.814271076,0.814271076,0.229381473,0.000000000,0.000000000,243.000,256.000,256.000
1786747526140,XAUT_USDT,demo,0,microspread_below_threshold,0,0.000000000,1.000000000,0.814271076,0.814271076,0.229381473,0.000000000,0.000000000,119.000,411.000,411.000
1786747526281,XAUT_USDT,demo,0,microspread_below_threshold,0,0.000000000,1.000000000,0.814271076,0.814271076,0.229381473,0.000000000,0.000000000,59.000,134.000,134.000
1786747526405,XAUT_USDT,demo,0,microspread_below_threshold,0,0.000000000,1.000000000,0.814271076,0.814271076,0.229381473,0.000000000,0.000000000,183.000,258.000,258.000
1786747526509,XAUT_USDT,demo,0,microspread_below_threshold,0,0.000000000,1.000000000,0.814271076,0.814271076,0.229381473,0.000000000,0.000000000,0.000,362.000,362.000
1786747526656,XAUT_USDT,demo,0,microspread_below_threshold,0,0.000000000,1.000000000,0.814271076,0.814271076,0.229381473,0.000000000,0.000000000,119.000,509.000,509.000
1786747526776,XAUT_USDT,demo,0,microspread_below_threshold,0,0.000000000,1.000000000,0.814271076,0.814271076,0.229381473,0.000000000,0.000000000,0.000,629.000,629.000
1786747526905,XAUT_USDT,demo,0,microspread_below_threshold,0,0.000000000,1.000000000,0.814271076,0.814271076,0.229381473,0.000000000,0.000000000,129.000,758.000,758.000
1786747527020,XAUT_USDT,demo,0,microspread_below_threshold,0,0.000000000,1.000000000,0.814271076,0.814271076,0.229381473,0.000000000,0.000000000,244.000,873.000,873.000
1786747527141,XAUT_USDT,demo,0,stale_binance,0,0.000000000,1.000000000,0.000000000,0.000000000,0.229381473,0.000000000,0.000000000,365.000,994.000,994.000
1786747527276,XAUT_USDT,demo,0,stale_binance,0,0.000000000,1.000000000,0.000000000,0.000000000,0.229381473,0.000000000,0.000000000,500.000,1129.000,1129.000
1786747527400,XAUT_USDT,demo,0,stale_binance,0,0.000000000,1.000000000,0.000000000,0.000000000,0.229381473,0.000000000,0.000000000,624.000,1253.000,1253.000
1786747527510,XAUT_USDT,demo,0,microspread_below_threshold,0,0.000000000,1.000000000,0.814271076,0.814271076,0.229381473,0.000000000,0.000000000,0.000,1363.000,1363.000
1786747527633,XAUT_USDT,demo,0,microspread_below_threshold,0,0.000000000,1.000000000,0.814271076,0.814271076,0.229381473,0.000000000,0.000000000,122.000,1486.000,1486.000
1786747527757,XAUT_USDT,demo,0,microspread_below_threshold,0,0.000000000,1.000000000,0.814271076,0.814271076,0.229381473,0.000000000,0.000000000,246.000,1610.000,1610.000
1786747527914,XAUT_USDT,demo,0,microspread_below_threshold,0,0.000000000,1.000000000,0.814271076,0.814271076,0.229381473,0.000000000,0.000000000,127.000,1767.000,1767.000
1786747528040,XAUT_USDT,demo,0,microspread_below_threshold,0,0.000000000,1.000000000,0.814271076,0.814271076,0.229381473,0.000000000,0.000000000,63.000,1893.000,1893.000
1786747530950,XAUT_USDT,demo,0,microspread_below_threshold,0,0.000000000,1.000000000,0.814271076,0.814271076,0.229381473,0.000000000,0.000000000,175.000,0.000,0.000
1786747531095,XAUT_USDT,demo,0,microspread_below_threshold,0,0.000000000,1.000000000,0.814271076,0.814271076,0.229381473,0.000000000,0.000000000,59.000,145.000,145.000
1786747531219,XAUT_USDT,demo,0,microspread_below_threshold,0,0.000000000,1.000000000,0.814271076,0.814271076,0.229381473,0.000000000,0.000000000,183.000,269.000,269.000
1786747531360,XAUT_USDT,demo,0,microspread_below_threshold,0,0.000000000,1.000000000,0.814271076,0.814271076,0.229381473,0.000000000,0.000000000,73.000,52.000,52.000
1786747531485,XAUT_USDT,demo,0,microspread_below_threshold,0,0.000000000,1.000000000,0.814271076,0.814271076,0.229381473,0.000000000,0.000000000,198.000,177.000,177.000
1786747531594,XAUT_USDT,demo,0,microspread_below_threshold,0,0.000000000,1.000000000,0.814271076,0.814271076,0.229381473,0.000000000,0.000000000,0.000,29.000,29.000
1786747531719,XAUT_USDT,demo,0,microspread_below_threshold,0,0.000000000,1.000000000,0.814271076,0.814271076,0.229381473,0.000000000,0.000000000,125.000,63.000,63.000
1786747531843,XAUT_USDT,demo,0,microspread_below_threshold,0,0.000000000,1.000000000,0.814271076,0.814271076,0.229381473,0.000000000,0.000000000,249.000,187.000,187.000
1786747532000,XAUT_USDT,demo,0,microspread_below_threshold,0,0.000000000,1.000000000,0.814271076,0.814271076,0.229381473,0.000000000,0.000000000,63.000,71.000,71.000
1786747532124,XAUT_USDT,demo,0,microspread_below_threshold,0,0.000000000,1.000000000,0.814271076,0.814271076,0.229381473,0.000000000,0.000000000,187.000,195.000,195.000
1786747532233,XAUT_USDT,demo,0,microspread_below_threshold,0,0.000000000,1.000000000,0.814271076,0.814271076,0.229381473,0.000000000,0.000000000,296.000,56.000,56.000
1786747532358,XAUT_USDT,demo,0,stale_binance,0,0.000000000,1.000000000,0.000000000,0.000000000,0.229381473,0.000000000,0.000000000,421.000,181.000,181.000
1786747532485,XAUT_USDT,demo,0,stale_binance,0,0.000000000,1.000000000,0.000000000,0.000000000,0.229381473,0.000000000,0.000000000,548.000,308.000,308.000
1786747532593,XAUT_USDT,demo,0,microspread_below_threshold,0,0.000000000,1.000000000,0.814271076,0.814271076,0.229381473,0.000000000,0.000000000,55.000,416.000,416.000
1786747532719,XAUT_USDT,demo,0,microspread_below_threshold,0,0.000000000,1.000000000,0.814271076,0.814271076,0.229381473,0.000000000,0.000000000,181.000,542.000,542.000
1786747532844,XAUT_USDT,demo,0,stale_binance,0,0.000000000,1.000000000,0.000000000,0.000000000,0.229381473,0.000000000,0.000000000,306.000,667.000,667.000
1786747532983,XAUT_USDT,demo,0,microspread_below_threshold,0,0.000000000,1.000000000,0.814271076,0.814271076,0.229381473,0.000000000,0.000000000,56.000,806.000,806.000
1786747533099,XAUT_USDT,demo,0,microspread_below_threshold,0,0.000000000,1.000000000,0.814271076,0.814271076,0.229381473,0.000000000,0.000000000,172.000,922.000,922.000
1786747533210,XAUT_USDT,demo,0,microspread_below_threshold,0,0.000000000,1.000000000,0.814271076,0.814271076,0.229381473,0.000000000,0.000000000,283.000,1033.000,1033.000
1786747533331,XAUT_USDT,demo,0,microspread_below_threshold,0,0.000000000,1.000000000,0.814271076,0.814271076,0.229381473,0.000000000,0.000000000,59.000,1154.000,1154.000
1786747533443,XAUT_USDT,demo,0,microspread_below_threshold,0,0.000000000,1.000000000,0.814271076,0.814271076,0.229381473,0.000000000,0.000000000,171.000,1266.000,1266.000
1786747533565,XAUT_USDT,demo,0,microspread_below_threshold,0,0.000000000,1.000000000,0.814271076,0.814271076,0.229381473,0.000000000,0.000000000,55.000,1388.000,1388.000
1786747533716,XAUT_USDT,demo,0,microspread_below_threshold,0,0.000000000,1.000000000,0.814271076,0.814271076,0.229381473,0.000000000,0.000000000,117.000,1539.000,1539.000
1786747533842,XAUT_USDT,demo,0,microspread_below_threshold,0,0.000000000,1.000000000,0.814271076,0.814271076,0.229381473,0.000000000,0.000000000,54.000,1665.000,1665.000
1786747534003,XAUT_USDT,demo,0,microspread_below_threshold,0,0.000000000,1.000000000,0.814271076,0.814271076,0.229381473,0.000000000,0.000000000,118.000,1826.000,1826.000
1786747534127,XAUT_USDT,demo,0,microspread_below_threshold,0,0.000000000,1.000000000,0.814271076,0.814271076,0.229381473,0.000000000,0.000000000,53.000,1950.000,1950.000
1786747537635,XAUT_USDT,demo,0,microspread_below_threshold,0,0.000000000,1.000000000,0.814271076,0.814271076,0.229381473,0.000000000,0.000000000,127.000,0.000,0.000
1786747537757,XAUT_USDT,demo,0,microspread_below_threshold,0,0.000000000,1.000000000,0.814271076,0.814271076,0.229381473,0.000000000,0.000000000,249.000,122.000,122.000
1786747537913,XAUT_USDT,demo,0,microspread_below_threshold,0,0.000000000,1.000000000,0.814271076,0.814271076,0.229381473,0.000000000,0.000000000,117.000,278.000,278.000
1786747538029,XAUT_USDT,demo,0,microspread_below_threshold,0,0.000000000,1.000000000,0.814271076,0.814271076,0.229381473,0.000000000,0.000000000,48.000,0.000,0.000
1786747538147,XAUT_USDT,demo,0,microspread_below_threshold,0,0.000000000,1.000000000,0.814271076,0.814271076,0.229381473,0.000000000,0.000000000,166.000,118.000,118.000
1786747538254,XAUT_USDT,demo,0,microspread_below_threshold,0,0.000000000,1.000000000,0.814271076,0.814271076,0.229381473,0.000000000,0.000000000,273.000,1.000,1.000
1786747538381,XAUT_USDT,demo,0,stale_binance,0,0.000000000,1.000000000,0.000000000,0.000000000,0.229381473,0.000000000,0.000000000,400.000,128.000,128.000
1786747538491,XAUT_USDT,demo,0,stale_binance,0,0.000000000,1.000000000,0.000000000,0.000000000,0.229381473,0.000000000,0.000000000,510.000,64.000,64.000
1786747538631,XAUT_USDT,demo,0,microspread_below_threshold,0,0.000000000,1.000000000,0.814271076,0.814271076,0.229381473,0.000000000,0.000000000,121.000,118.000,118.000
1786747538756,XAUT_USDT,demo,0,microspread_below_threshold,0,0.000000000,1.000000000,0.814271076,0.814271076,0.229381473,0.000000000,0.000000000,246.000,243.000,243.000
1786747538860,XAUT_USDT,demo,0,stale_binance,0,0.000000000,1.000000000,0.000000000,0.000000000,0.229381473,0.000000000,0.000000000,350.000,0.000,0.000
1786747539006,XAUT_USDT,demo,0,stale_binance,0,0.000000000,1.000000000,0.000000000,0.000000000,0.229381473,0.000000000,0.000000000,496.000,57.000,57.000
1786747539145,XAUT_USDT,demo,0,stale_binance,0,0.000000000,1.000000000,0.000000000,0.000000000,0.229381473,0.000000000,0.000000000,635.000,1.000,1.000
1786747539269,XAUT_USDT,demo,0,stale_binance,0,0.000000000,1.000000000,0.000000000,0.000000000,0.229381473,0.000000000,0.000000000,759.000,54.000,54.000
1786747539395,XAUT_USDT,demo,0,stale_binance,0,0.000000000,1.000000000,0.000000000,0.000000000,0.229381473,0.000000000,0.000000000,885.000,180.000,180.000
1786747539510,XAUT_USDT,demo,0,microspread_below_threshold,0,0.000000000,1.000000000,0.814271076,0.814271076,0.229381473,0.000000000,0.000000000,0.000,295.000,295.000
1786747539660,XAUT_USDT,demo,0,microspread_below_threshold,0,0.000000000,1.000000000,0.814271076,0.814271076,0.229381473,0.000000000,0.000000000,116.000,445.000,445.000
1786747539786,XAUT_USDT,demo,0,microspread_below_threshold,0,0.000000000,1.000000000,0.814271076,0.814271076,0.229381473,0.000000000,0.000000000,242.000,571.000,571.000
1786747539911,XAUT_USDT,demo,0,stale_binance,0,0.000000000,1.000000000,0.000000000,0.000000000,0.229381473,0.000000000,0.000000000,367.000,696.000,696.000
1786747540036,XAUT_USDT,demo,0,stale_binance,0,0.000000000,1.000000000,0.000000000,0.000000000,0.229381473,0.000000000,0.000000000,492.000,821.000,821.000
1786747540157,XAUT_USDT,demo,0,stale_binance,0,0.000000000,1.000000000,0.000000000,0.000000000,0.229381473,0.000000000,0.000000000,613.000,942.000,942.000
1786747540291,XAUT_USDT,demo,0,microspread_below_threshold,0,0.000000000,1.000000000,0.814271076,0.814271076,0.229381473,0.000000000,0.000000000,109.000,1076.000,1076.000
1786747540445,XAUT_USDT,demo,0,microspread_below_threshold,0,0.000000000,1.000000000,0.814271076,0.814271076,0.229381473,0.000000000,0.000000000,55.000,1230.000,1230.000
1786747540566,XAUT_USDT,demo,0,microspread_below_threshold,0,0.000000000,1.000000000,0.814271076,0.814271076,0.229381473,0.000000000,0.000000000,0.000,1351.000,1351.000
1786747540693,XAUT_USDT,demo,0,microspread_below_threshold,0,0.000000000,1.000000000,0.814271076,0.814271076,0.229381473,0.000000000,0.000000000,127.000,1478.000,1478.000
1786747540818,XAUT_USDT,demo,0,microspread_below_threshold,0,0.000000000,1.000000000,0.814271076,0.814271076,0.229381473,0.000000000,0.000000000,252.000,1603.000,1603.000
1786747544537,XAUT_USDT,demo,0,microspread_below_threshold,0,0.000000000,1.000000000,0.814271076,0.814271076,0.229381473,0.000000000,0.000000000,26.000,0.000,0.000
1786747544687,XAUT_USDT,demo,0,microspread_below_threshold,0,0.000000000,1.000000000,0.814271076,0.814271076,0.229381473,0.000000000,0.000000000,176.000,60.000,60.000
1786747544794,XAUT_USDT,demo,0,microspread_below_threshold,0,0.000000000,1.000000000,0.814271076,0.814271076,0.229381473,0.000000000,0.000000000,283.000,0.000,0.000
1786747544913,XAUT_USDT,demo,0,microspread_below_threshold,0,0.000000000,1.000000000,0.814271076,0.814271076,0.229381473,0.000000000,0.000000000,1.000,27.000,27.000
1786747545031,XAUT_USDT,demo,0,microspread_below_threshold,0,0.000000000,1.000000000,0.814271076,0.814271076,0.229381473,0.000000000,0.000000000,115.000,145.000,145.000
1786747545141,XAUT_USDT,demo,0,microspread_below_threshold,0,0.000000000,1.000000000,0.814271076,0.814271076,0.229381473,0.000000000,0.000000000,225.000,53.000,53.000
1786747545266,XAUT_USDT,demo,0,stale_binance,0,0.000000000,1.000000000,0.000000000,0.000000000,0.229381473,0.000000000,0.000000000,350.000,118.000,118.000
1786747545390,XAUT_USDT,demo,0,stale_binance,0,0.000000000,1.000000000,0.000000000,0.000000000,0.229381473,0.000000000,0.000000000,474.000,242.000,242.000
1786747545510,XAUT_USDT,demo,0,microspread_below_threshold,0,0.000000000,1.000000000,0.814271076,0.814271076,0.229381473,0.000000000,0.000000000,0.000,362.000,362.000
1786747545654,XAUT_USDT,demo,0,microspread_below_threshold,0,0.000000000,1.000000000,0.814271076,0.814271076,0.229381473,0.000000000,0.000000000,122.000,506.000,506.000
1786747545778,XAUT_USDT,demo,0,microspread_below_threshold,0,0.000000000,1.000000000,0.814271076,0.814271076,0.229381473,0.000000000,0.000000000,0.000,630.000,630.000
1786747545903,XAUT_USDT,demo,0,microspread_below_threshold,0,0.000000000,1.000000000,0.814271076,0.814271076,0.229381473,0.000000000,0.000000000,125.000,755.000,755.000
1786747546060,XAUT_USDT,demo,0,microspread_below_threshold,0,0.000000000,1.000000000,0.814271076,0.814271076,0.229381473,0.000000000,0.000000000,59.000,912.000,912.000
1786747546186,XAUT_USDT,demo,0,microspread_below_threshold,0,0.000000000,1.000000000,0.814271076,0.814271076,0.229381473,0.000000000,0.000000000,0.000,1038.000,1038.000
1786747546310,XAUT_USDT,demo,0,microspread_below_threshold,0,0.000000000,1.000000000,0.814271076,0.814271076,0.229381473,0.000000000,0.000000000,124.000,1162.000,1162.000
1786747546435,XAUT_USDT,demo,0,microspread_below_threshold,0,0.000000000,1.000000000,0.814271076,0.814271076,0.229381473,0.000000000,0.000000000,249.000,1287.000,1287.000
1786747546560,XAUT_USDT,demo,0,stale_binance,0,0.000000000,1.000000000,0.000000000,0.000000000,0.229381473,0.000000000,0.000000000,-722.000,1412.000,1412.000
