timestamp_ms,symbol,signal_source,ready,reason,direction,residual_bps,threshold_bps,raw_gap_bps,baseline_gap_bps,spread_bps,binance_move_bps,mexc_move_bps,binance_age_ms,mexc_age_ms,demo_book_age_ms
1786789375205,XAUT_USDT,demo,0,stale_binance,0,0.000000000,0.500000000,0.000000000,0.000000000,0.229413047,0.000000000,0.000000000,1460.000,1.000,1.000
1786789375346,XAUT_USDT,demo,0,stale_binance,0,0.000000000,0.500000000,0.000000000,0.000000000,0.229413047,0.000000000,0.000000000,1601.000,57.000,57.000
1786789375462,XAUT_USDT,demo,0,stale_binance,0,0.000000000,0.500000000,0.000000000,0.000000000,0.229413047,0.000000000,0.000000000,1717.000,173.000,173.000
1786789375569,XAUT_USDT,demo,0,warming_baseline,0,0.000000000,0.500000000,0.309702817,0.000000000,0.229413047,0.000000000,0.000000000,0.000,97.000,97.000
1786789375683,XAUT_USDT,demo,0,warming_baseline,0,0.000000000,0.500000000,0.309702817,0.000000000,0.229413047,0.000000000,0.000000000,1.000,49.000,49.000
1786789375832,XAUT_USDT,demo,0,warming_baseline,0,0.000000000,0.500000000,0.309702817,0.000000000,0.229413047,0.000000000,0.000000000,150.000,115.000,115.000
1786789375941,XAUT_USDT,demo,0,microspread_below_threshold,0,0.000000000,0.500000000,0.309702817,0.309702817,0.229413047,0.000000000,0.000000000,259.000,51.000,51.000
1786789376060,XAUT_USDT,demo,0,microspread_below_threshold,0,0.000000000,0.500000000,0.309702817,0.309702817,0.229413047,0.000000000,0.000000000,24.000,0.000,0.000
1786789376165,XAUT_USDT,demo,0,microspread_below_threshold,0,0.000000000,0.500000000,0.309702817,0.309702817,0.229413047,0.000000000,0.000000000,129.000,105.000,105.000
1786789376296,XAUT_USDT,demo,0,microspread_below_threshold,0,0.000000000,0.500000000,0.309702817,0.309702817,0.229413047,0.000000000,0.000000000,260.000,56.000,56.000
1786789376403,XAUT_USDT,demo,0,stale_binance,0,0.000000000,0.500000000,0.000000000,0.000000000,0.229413047,0.000000000,0.000000000,367.000,0.000,0.000
1786789376555,XAUT_USDT,demo,0,stale_binance,0,0.000000000,0.500000000,0.000000000,0.000000000,0.229413047,0.000000000,0.000000000,519.000,59.000,59.000
1786789376665,XAUT_USDT,demo,0,microspread_below_threshold,0,0.000000000,0.500000000,0.309702817,0.309702817,0.229413047,0.000000000,0.000000000,18.000,0.000,0.000
1786789376803,XAUT_USDT,demo,0,microspread_below_threshold,0,0.000000000,0.500000000,0.309702817,0.309702817,0.229413047,0.000000000,0.000000000,127.000,138.000,138.000
1786789376962,XAUT_USDT,demo,0,microspread_below_threshold,0,0.000000000,0.500000000,0.309702817,0.309702817,0.229413047,0.000000000,0.000000000,286.000,120.000,120.000
1786789377062,XAUT_USDT,demo,0,stale_binance,0,0.000000000,0.500000000,0.000000000,0.000000000,0.229413047,0.000000000,0.000000000,386.000,54.000,54.000
1786789377184,XAUT_USDT,demo,0,stale_binance,0,0.000000000,0.500000000,0.000000000,0.000000000,0.229413047,0.000000000,0.000000000,508.000,1.000,1.000
1786789377335,XAUT_USDT,demo,0,microspread_below_threshold,0,0.000000000,0.500000000,0.309702817,0.309702817,0.229413047,0.000000000,0.000000000,146.000,53.000,53.000
1786789377450,XAUT_USDT,demo,0,microspread_below_threshold,0,0.000000000,0.500000000,0.309702817,0.309702817,0.229413047,0.000000000,0.000000000,261.000,168.000,168.000
1786789377598,XAUT_USDT,demo,0,microspread_below_threshold,0,0.000000000,0.500000000,0.309702817,0.309702817,0.229413047,0.000000000,0.000000000,111.000,316.000,316.000
1786789377712,XAUT_USDT,demo,0,microspread_below_threshold,0,0.000000000,0.500000000,0.309702817,0.309702817,0.229413047,0.000000000,0.000000000,0.000,98.000,98.000
1786789377861,XAUT_USDT,demo,0,microspread_below_threshold,0,0.000000000,0.500000000,0.309702817,0.309702817,0.229413047,0.000000000,0.000000000,146.000,57.000,57.000
1786789378007,XAUT_USDT,demo,0,microspread_below_threshold,0,0.000000000,0.500000000,0.309702817,0.309702817,0.229413047,0.000000000,0.000000000,292.000,53.000,53.000
1786789378129,XAUT_USDT,demo,0,microspread_below_threshold,0,0.000000000,0.500000000,0.309702817,0.309702817,0.229413047,0.000000000,0.000000000,30.000,0.000,0.000
1786789378268,XAUT_USDT,demo,0,microspread_below_threshold,0,0.000000000,0.500000000,0.309702817,0.309702817,0.229413047,0.000000000,0.000000000,169.000,56.000,56.000
1786789378375,XAUT_USDT,demo,0,microspread_below_threshold,0,0.000000000,0.500000000,0.309702817,0.309702817,0.229413047,0.000000000,0.000000000,276.000,62.000,62.000
1786789379180,XAUT_USDT,demo,0,stale_binance,0,0.000000000,0.500000000,0.000000000,0.000000000,0.229413047,0.000000000,0.000000000,381.000,107.000,107.000
1786789379297,XAUT_USDT,demo,0,stale_binance,0,0.000000000,0.500000000,0.000000000,0.000000000,0.229413047,0.000000000,0.000000000,498.000,55.000,55.000
1786789379413,XAUT_USDT,demo,0,stale_binance,0,0.000000000,0.500000000,0.000000000,0.000000000,0.229413047,0.000000000,0.000000000,614.000,171.000,171.000
1786789379517,XAUT_USDT,demo,0,stale_binance,0,0.000000000,0.500000000,0.000000000,0.000000000,0.229413047,0.000000000,0.000000000,718.000,1.000,1.000
1786789379627,XAUT_USDT,demo,0,stale_binance,0,0.000000000,0.500000000,0.000000000,0.000000000,0.229413047,0.000000000,0.000000000,828.000,111.000,111.000
1786789379736,XAUT_USDT,demo,0,stale_binance,0,0.000000000,0.500000000,0.000000000,0.000000000,0.229413047,0.000000000,0.000000000,937.000,220.000,220.000
1786789379846,XAUT_USDT,demo,0,stale_binance,0,0.000000000,0.500000000,0.000000000,0.000000000,0.229413047,0.000000000,0.000000000,1047.000,0.000,0.000
1786789379975,XAUT_USDT,demo,0,stale_binance,0,0.000000000,0.500000000,0.000000000,0.000000000,0.229413047,0.000000000,0.000000000,1176.000,129.000,129.000
1786789380105,XAUT_USDT,demo,0,microspread_below_threshold,0,0.000000000,0.500000000,0.309702817,0.309702817,0.229413047,0.000000000,0.000000000,41.000,0.000,0.000
1786789380222,XAUT_USDT,demo,0,microspread_below_threshold,0,0.000000000,0.500000000,0.309702817,0.309702817,0.229413047,0.000000000,0.000000000,158.000,117.000,117.000
1786789380324,XAUT_USDT,demo,0,microspread_below_threshold,0,0.000000000,0.500000000,0.309702817,0.309702817,0.229413047,0.000000000,0.000000000,0.000,29.000,29.000
1786789380427,XAUT_USDT,demo,0,microspread_below_threshold,0,0.000000000,0.500000000,0.309702817,0.309702817,0.229413047,0.000000000,0.000000000,103.000,56.000,56.000
1786789380538,XAUT_USDT,demo,0,microspread_below_threshold,0,0.000000000,0.500000000,0.309702817,0.309702817,0.229413047,0.000000000,0.000000000,214.000,0.000,0.000
1786789380646,XAUT_USDT,demo,0,microspread_below_threshold,0,0.000000000,0.500000000,0.309702817,0.309702817,0.229413047,0.000000000,0.000000000,0.000,24.000,24.000
1786789380790,XAUT_USDT,demo,0,microspread_below_threshold,0,0.000000000,0.500000000,0.309702817,0.309702817,0.229413047,0.000000000,0.000000000,120.000,1.000,1.000
1786789380912,XAUT_USDT,demo,0,microspread_below_threshold,0,0.000000000,0.500000000,0.309702817,0.309702817,0.229413047,0.000000000,0.000000000,242.000,123.000,123.000
1786789381062,XAUT_USDT,demo,0,microspread_below_threshold,0,0.000000000,0.500000000,0.309702817,0.309702817,0.229413047,0.000000000,0.000000000,53.000,96.000,96.000
1786789381187,XAUT_USDT,demo,0,microspread_below_threshold,0,0.000000000,0.500000000,0.309702817,0.309702817,0.229413047,0.000000000,0.000000000,53.000,54.000,54.000
1786789381300,XAUT_USDT,demo,0,microspread_below_threshold,0,0.000000000,0.500000000,0.309702817,0.309702817,0.229413047,0.000000000,0.000000000,19.000,0.000,0.000
1786789381425,XAUT_USDT,demo,0,microspread_below_threshold,0,0.000000000,0.500000000,0.309702817,0.309702817,0.229413047,0.000000000,0.000000000,144.000,125.000,125.000
1786789381535,XAUT_USDT,demo,0,microspread_below_threshold,0,0.000000000,0.500000000,0.309702817,0.309702817,0.229413047,0.000000000,0.000000000,254.000,59.000,59.000
1786789381684,XAUT_USDT,demo,0,stale_binance,0,0.000000000,0.500000000,0.000000000,0.000000000,0.229413047,0.000000000,0.000000000,403.000,110.000,110.000
1786789381799,XAUT_USDT,demo,0,stale_binance,0,0.000000000,0.500000000,0.000000000,0.000000000,0.229413047,0.000000000,0.000000000,518.000,63.000,63.000
1786789381915,XAUT_USDT,demo,0,stale_binance,0,0.000000000,0.500000000,0.000000000,0.000000000,0.229413047,0.000000000,0.000000000,634.000,0.000,0.000
1786789382043,XAUT_USDT,demo,0,stale_binance,0,0.000000000,0.500000000,0.000000000,0.000000000,0.229413047,0.000000000,0.000000000,762.000,60.000,60.000
1786789382163,XAUT_USDT,demo,0,stale_binance,0,0.000000000,0.500000000,0.000000000,0.000000000,0.229413047,0.000000000,0.000000000,882.000,180.000,180.000
1786789382306,XAUT_USDT,demo,0,stale_binance,0,0.000000000,0.500000000,0.000000000,0.000000000,0.229413047,0.000000000,0.000000000,1025.000,64.000,64.000
1786789382422,XAUT_USDT,demo,0,stale_binance,0,0.000000000,0.500000000,0.000000000,0.000000000,0.229413047,0.000000000,0.000000000,1141.000,0.000,0.000
1786789382551,XAUT_USDT,demo,0,stale_binance,0,0.000000000,0.500000000,0.000000000,0.000000000,0.229413047,0.000000000,0.000000000,1270.000,53.000,53.000
1786789382694,XAUT_USDT,demo,0,stale_binance,0,0.000000000,0.500000000,0.000000000,0.000000000,0.229413047,0.000000000,0.000000000,1413.000,109.000,109.000
1786789382808,XAUT_USDT,demo,0,microspread_below_threshold,0,0.000000000,0.500000000,0.309702817,0.309702817,0.229413047,0.000000000,0.000000000,0.000,223.000,223.000
1786789382968,XAUT_USDT,demo,0,microspread_below_threshold,0,0.000000000,0.500000000,0.309702817,0.309702817,0.229413047,0.000000000,0.000000000,160.000,125.000,125.000
1786789383071,XAUT_USDT,demo,0,microspread_below_threshold,0,0.000000000,0.500000000,0.309702817,0.309702817,0.229413047,0.000000000,0.000000000,52.000,228.000,228.000
1786789383185,XAUT_USDT,demo,0,microspread_below_threshold,0,0.000000000,0.500000000,0.309702817,0.309702817,0.229413047,0.000000000,0.000000000,0.000,79.000,79.000
1786789383341,XAUT_USDT,demo,0,microspread_below_threshold,0,0.000000000,0.500000000,0.309702817,0.309702817,0.229413047,0.000000000,0.000000000,156.000,64.000,64.000
1786789383450,XAUT_USDT,demo,0,microspread_below_threshold,0,0.000000000,0.500000000,0.309702817,0.309702817,0.229413047,0.000000000,0.000000000,265.000,0.000,0.000
1786789384194,XAUT_USDT,demo,0,microspread_below_threshold,0,0.000000000,0.500000000,0.309702817,0.309702817,0.229413047,0.000000000,0.000000000,81.000,62.000,62.000
1786789384314,XAUT_USDT,demo,0,microspread_below_threshold,0,0.000000000,0.500000000,0.309702817,0.309702817,0.229413047,0.000000000,0.000000000,201.000,1.000,1.000
1786789384442,XAUT_USDT,demo,0,stale_binance,0,0.000000000,0.500000000,0.000000000,0.000000000,0.229413047,0.000000000,0.000000000,329.000,129.000,129.000
1786789384543,XAUT_USDT,demo,0,stale_binance,0,0.000000000,0.500000000,0.000000000,0.000000000,0.229413047,0.000000000,0.000000000,430.000,52.000,52.000
1786789384675,XAUT_USDT,demo,0,stale_binance,0,0.000000000,0.500000000,0.000000000,0.000000000,0.229413047,0.000000000,0.000000000,562.000,109.000,109.000
1786789384810,XAUT_USDT,demo,0,stale_binance,0,0.000000000,0.500000000,0.000000000,0.000000000,0.229413047,0.000000000,0.000000000,697.000,244.000,244.000
1786789384956,XAUT_USDT,demo,0,microspread_below_threshold,0,0.000000000,0.500000000,0.309702817,0.309702817,0.229413047,0.000000000,0.000000000,125.000,138.000,138.000
1786789385071,XAUT_USDT,demo,0,microspread_below_threshold,0,0.000000000,0.500000000,0.309702817,0.309702817,0.229413047,0.000000000,0.000000000,54.000,87.000,87.000
1786789385188,XAUT_USDT,demo,0,microspread_below_threshold,0,0.000000000,0.500000000,0.309702817,0.309702817,0.229413047,0.000000000,0.000000000,171.000,108.000,108.000
1786789385309,XAUT_USDT,demo,0,microspread_below_threshold,0,0.000000000,0.500000000,0.309702817,0.309702817,0.229413047,0.000000000,0.000000000,292.000,57.000,57.000
1786789385411,XAUT_USDT,demo,0,stale_binance,0,0.000000000,0.500000000,0.000000000,0.000000000,0.229413047,0.000000000,0.000000000,394.000,64.000,64.000
1786789385550,XAUT_USDT,demo,0,stale_binance,0,0.000000000,0.500000000,0.000000000,0.000000000,0.229413047,0.000000000,0.000000000,533.000,115.000,115.000
1786789385697,XAUT_USDT,demo,0,stale_binance,0,0.000000000,0.500000000,0.000000000,0.000000000,0.229413047,0.000000000,0.000000000,680.000,111.000,111.000
1786789385826,XAUT_USDT,demo,0,stale_binance,0,0.000000000,0.500000000,0.000000000,0.000000000,0.229413047,0.000000000,0.000000000,809.000,59.000,59.000
1786789385975,XAUT_USDT,demo,0,stale_binance,0,0.000000000,0.500000000,0.000000000,0.000000000,0.229413047,0.000000000,0.000000000,958.000,208.000,208.000
1786789386127,XAUT_USDT,demo,0,microspread_below_threshold,0,0.000000000,0.500000000,0.309702817,0.309702817,0.229413047,0.000000000,0.000000000,112.000,107.000,107.000
1786789386258,XAUT_USDT,demo,0,microspread_below_threshold,0,0.000000000,0.500000000,0.309702817,0.309702817,0.229413047,0.000000000,0.000000000,243.000,61.000,61.000
1786789386388,XAUT_USDT,demo,0,stale_binance,0,0.000000000,0.500000000,0.000000000,0.000000000,0.229413047,0.000000000,0.000000000,373.000,111.000,111.000
1786789386501,XAUT_USDT,demo,0,stale_binance,0,0.000000000,0.500000000,0.000000000,0.000000000,0.229413047,0.000000000,0.000000000,486.000,51.000,51.000
1786789386618,XAUT_USDT,demo,0,microspread_below_threshold,0,0.000000000,0.500000000,0.309702817,0.309702817,0.229413047,0.000000000,0.000000000,21.000,0.000,0.000
1786789386725,XAUT_USDT,demo,0,microspread_below_threshold,0,0.000000000,0.500000000,0.309702817,0.309702817,0.229413047,0.000000000,0.000000000,128.000,107.000,107.000
1786789386839,XAUT_USDT,demo,0,microspread_below_threshold,0,0.000000000,0.500000000,0.309702817,0.309702817,0.229413047,0.000000000,0.000000000,242.000,221.000,221.000
1786789386956,XAUT_USDT,demo,0,stale_binance,0,0.000000000,0.500000000,0.000000000,0.000000000,0.229413047,0.000000000,0.000000000,359.000,338.000,338.000
1786789387103,XAUT_USDT,demo,0,stale_binance,0,0.000000000,0.500000000,0.000000000,0.000000000,0.229413047,0.000000000,0.000000000,506.000,54.000,54.000
1786789387218,XAUT_USDT,demo,0,stale_binance,0,0.000000000,0.500000000,0.000000000,0.000000000,0.229413047,0.000000000,0.000000000,621.000,0.000,0.000
1786789387365,XAUT_USDT,demo,0,stale_binance,0,0.000000000,0.500000000,0.000000000,0.000000000,0.229413047,0.000000000,0.000000000,768.000,59.000,59.000
1786789387471,XAUT_USDT,demo,0,stale_binance,0,0.000000000,0.500000000,0.000000000,0.000000000,0.229413047,0.000000000,0.000000000,874.000,165.000,165.000
1786789387621,XAUT_USDT,demo,0,stale_binance,0,0.000000000,0.500000000,0.000000000,0.000000000,0.229413047,0.000000000,0.000000000,1024.000,62.000,62.000
1786789387734,XAUT_USDT,demo,0,stale_binance,0,0.000000000,0.500000000,0.000000000,0.000000000,0.229413047,0.000000000,0.000000000,1137.000,0.000,0.000
1786789387875,XAUT_USDT,demo,0,stale_binance,0,0.000000000,0.500000000,0.000000000,0.000000000,0.229413047,0.000000000,0.000000000,1278.000,55.000,55.000
1786789388025,XAUT_USDT,demo,0,stale_binance,0,0.000000000,0.500000000,0.000000000,0.000000000,0.229413047,0.000000000,0.000000000,1428.000,116.000,116.000
1786789388127,XAUT_USDT,demo,0,microspread_below_threshold,0,0.000000000,0.500000000,0.309702817,0.309702817,0.229413047,0.000000000,0.000000000,0.000,218.000,218.000
1786789388227,XAUT_USDT,demo,0,microspread_below_threshold,0,0.000000000,0.500000000,0.309702817,0.309702817,0.229413047,0.000000000,0.000000000,0.000,318.000,318.000
1786789388357,XAUT_USDT,demo,0,microspread_below_threshold,0,0.000000000,0.500000000,0.309702817,0.309702817,0.229413047,0.000000000,0.000000000,65.000,86.000,86.000
1786789388457,XAUT_USDT,demo,0,microspread_below_threshold,0,0.000000000,0.500000000,0.309702817,0.309702817,0.229413047,0.000000000,0.000000000,54.000,186.000,186.000
1786789389197,XAUT_USDT,demo,0,microspread_below_threshold,0,0.000000000,0.500000000,0.309702817,0.309702817,0.229413047,0.000000000,0.000000000,37.000,7.000,7.000
1786789389310,XAUT_USDT,demo,0,microspread_below_threshold,0,0.000000000,0.500000000,0.309702817,0.309702817,0.229413047,0.000000000,0.000000000,150.000,120.000,120.000
1786789389442,XAUT_USDT,demo,0,microspread_below_threshold,0,0.000000000,0.500000000,0.309702817,0.309702817,0.229413047,0.000000000,0.000000000,282.000,252.000,252.000
1786789389544,XAUT_USDT,demo,0,microspread_below_threshold,0,0.000000000,0.500000000,0.309702817,0.309702817,0.229413047,0.000000000,0.000000000,0.000,5.000,5.000
1786789389692,XAUT_USDT,demo,0,microspread_below_threshold,0,0.000000000,0.500000000,0.309702817,0.309702817,0.229413047,0.000000000,0.000000000,148.000,56.000,56.000
1786789389840,XAUT_USDT,demo,0,microspread_below_threshold,0,0.000000000,0.500000000,0.309702817,0.309702817,0.229413047,0.000000000,0.000000000,55.000,131.000,131.000
1786789389965,XAUT_USDT,demo,0,microspread_below_threshold,0,0.000000000,0.500000000,0.309702817,0.309702817,0.229413047,0.000000000,0.000000000,52.000,78.000,78.000
1786789390117,XAUT_USDT,demo,0,microspread_below_threshold,0,0.000000000,0.500000000,0.309702817,0.309702817,0.229413047,0.000000000,0.000000000,77.000,55.000,55.000
1786789390241,XAUT_USDT,demo,0,microspread_below_threshold,0,0.000000000,0.500000000,0.309702817,0.309702817,0.229413047,0.000000000,0.000000000,35.000,0.000,0.000
1786789390366,XAUT_USDT,demo,0,microspread_below_threshold,0,0.000000000,0.500000000,0.309702817,0.309702817,0.229413047,0.000000000,0.000000000,0.000,125.000,125.000
1786789390473,XAUT_USDT,demo,0,microspread_below_threshold,0,0.000000000,0.500000000,0.309702817,0.309702817,0.229413047,0.000000000,0.000000000,1.000,69.000,69.000
1786789390593,XAUT_USDT,demo,0,microspread_below_threshold,0,0.000000000,0.500000000,0.309702817,0.309702817,0.229413047,0.000000000,0.000000000,0.000,89.000,89.000
1786789390716,XAUT_USDT,demo,0,microspread_below_threshold,0,0.000000000,0.500000000,0.309702817,0.309702817,0.229413047,0.000000000,0.000000000,108.000,55.000,55.000
1786789390851,XAUT_USDT,demo,0,microspread_below_threshold,0,0.000000000,0.500000000,0.309702817,0.309702817,0.229413047,0.000000000,0.000000000,243.000,190.000,190.000
1786789390963,XAUT_USDT,demo,0,microspread_below_threshold,0,0.000000000,0.500000000,0.309702817,0.309702817,0.229413047,0.000000000,0.000000000,61.000,109.000,109.000
1786789391084,XAUT_USDT,demo,0,microspread_below_threshold,0,0.000000000,0.500000000,0.309702817,0.309702817,0.229413047,0.000000000,0.000000000,182.000,0.000,0.000
1786789391186,XAUT_USDT,demo,0,microspread_below_threshold,0,0.000000000,0.500000000,0.309702817,0.309702817,0.229413047,0.000000000,0.000000000,57.000,102.000,102.000
1786789391335,XAUT_USDT,demo,0,microspread_below_threshold,0,0.000000000,0.500000000,0.309702817,0.309702817,0.229413047,0.000000000,0.000000000,206.000,53.000,53.000
1786789391475,XAUT_USDT,demo,0,stale_binance,0,0.000000000,0.500000000,0.000000000,0.000000000,0.229413047,0.000000000,0.000000000,346.000,110.000,110.000
1786789391589,XAUT_USDT,demo,0,stale_binance,0,0.000000000,0.500000000,0.000000000,0.000000000,0.229413047,0.000000000,0.000000000,460.000,224.000,224.000
1786789391701,XAUT_USDT,demo,0,stale_binance,0,0.000000000,0.500000000,0.000000000,0.000000000,0.229413047,0.000000000,0.000000000,572.000,0.000,0.000
1786789391818,XAUT_USDT,demo,0,stale_binance,0,0.000000000,0.500000000,0.000000000,0.000000000,0.229413047,0.000000000,0.000000000,689.000,117.000,117.000
1786789391941,XAUT_USDT,demo,0,stale_binance,0,0.000000000,0.500000000,0.000000000,0.000000000,0.229413047,0.000000000,0.000000000,812.000,240.000,240.000
1786789392042,XAUT_USDT,demo,0,stale_binance,0,0.000000000,0.500000000,0.000000000,0.000000000,0.229413047,0.000000000,0.000000000,913.000,0.000,0.000
1786789392180,XAUT_USDT,demo,0,microspread_below_threshold,0,0.000000000,0.500000000,0.309702817,0.309702817,0.229413047,0.000000000,0.000000000,73.000,63.000,63.000
1786789392292,XAUT_USDT,demo,0,microspread_below_threshold,0,0.000000000,0.500000000,0.309702817,0.309702817,0.229413047,0.000000000,0.000000000,185.000,1.000,1.000
1786789392402,XAUT_USDT,demo,0,microspread_below_threshold,0,0.000000000,0.500000000,0.309702817,0.309702817,0.229413047,0.000000000,0.000000000,295.000,111.000,111.000
1786789392515,XAUT_USDT,demo,0,stale_binance,0,0.000000000,0.500000000,0.000000000,0.000000000,0.229413047,0.000000000,0.000000000,408.000,55.000,55.000
1786789392636,XAUT_USDT,demo,0,stale_binance,0,0.000000000,0.500000000,0.000000000,0.000000000,0.229413047,0.000000000,0.000000000,529.000,0.000,0.000
1786789392774,XAUT_USDT,demo,0,stale_binance,0,0.000000000,0.500000000,0.000000000,0.000000000,0.229413047,0.000000000,0.000000000,667.000,52.000,52.000
1786789392884,XAUT_USDT,demo,0,microspread_below_threshold,0,0.000000000,0.500000000,0.309702817,0.309702817,0.229413047,0.000000000,0.000000000,56.000,162.000,162.000
1786789393031,XAUT_USDT,demo,0,microspread_below_threshold,0,0.000000000,0.500000000,0.309702817,0.309702817,0.229413047,0.000000000,0.000000000,203.000,57.000,57.000
1786789393142,XAUT_USDT,demo,0,stale_binance,0,0.000000000,0.500000000,0.000000000,0.000000000,0.229413047,0.000000000,0.000000000,314.000,1.000,1.000
1786789393283,XAUT_USDT,demo,0,microspread_below_threshold,0,0.000000000,0.500000000,0.309702817,0.309702817,0.229413047,0.000000000,0.000000000,71.000,50.000,50.000
1786789393437,XAUT_USDT,demo,0,microspread_below_threshold,0,0.000000000,0.500000000,0.309702817,0.309702817,0.229413047,0.000000000,0.000000000,225.000,111.000,111.000
1786789394184,XAUT_USDT,demo,0,stale_binance,0,0.000000000,0.500000000,0.000000000,0.000000000,0.229413047,0.000000000,0.000000000,474.000,11.000,11.000
1786789394323,XAUT_USDT,demo,0,microspread_below_threshold,0,0.000000000,0.500000000,0.309702817,0.309702817,0.229413047,0.000000000,0.000000000,81.000,55.000,55.000
1786789394440,XAUT_USDT,demo,0,microspread_below_threshold,0,0.000000000,0.500000000,0.309702817,0.309702817,0.229413047,0.000000000,0.000000000,198.000,172.000,172.000
1786789394573,XAUT_USDT,demo,0,microspread_below_threshold,0,0.000000000,0.500000000,0.309702817,0.309702817,0.229413047,0.000000000,0.000000000,101.000,305.000,305.000
1786789394678,XAUT_USDT,demo,0,microspread_below_threshold,0,0.000000000,0.500000000,0.309702817,0.309702817,0.229413047,0.000000000,0.000000000,77.000,67.000,67.000
1786789394802,XAUT_USDT,demo,0,microspread_below_threshold,0,0.000000000,0.500000000,0.309702817,0.309702817,0.229413047,0.000000000,0.000000000,201.000,191.000,191.000
1786789394920,XAUT_USDT,demo,0,stale_binance,0,0.000000000,0.500000000,0.000000000,0.000000000,0.229413047,0.000000000,0.000000000,319.000,53.000,53.000
1786789395034,XAUT_USDT,demo,0,stale_binance,0,0.000000000,0.500000000,0.000000000,0.000000000,0.229413047,0.000000000,0.000000000,433.000,0.000,0.000
1786789395172,XAUT_USDT,demo,0,stale_binance,0,0.000000000,0.500000000,0.000000000,0.000000000,0.229413047,0.000000000,0.000000000,571.000,53.000,53.000
1786789395280,XAUT_USDT,demo,0,stale_binance,0,0.000000000,0.500000000,0.000000000,0.000000000,0.229413047,0.000000000,0.000000000,679.000,61.000,61.000
1786789395385,XAUT_USDT,demo,0,stale_binance,0,0.000000000,0.500000000,0.000000000,0.000000000,0.229413047,0.000000000,0.000000000,784.000,166.000,166.000
1786789395506,XAUT_USDT,demo,0,stale_binance,0,0.000000000,0.500000000,0.000000000,0.000000000,0.229413047,0.000000000,0.000000000,905.000,287.000,287.000
1786789395615,XAUT_USDT,demo,0,stale_binance,0,0.000000000,0.500000000,0.000000000,0.000000000,0.229413047,0.000000000,0.000000000,1014.000,65.000,65.000
1786789395728,XAUT_USDT,demo,0,stale_binance,0,0.000000000,0.500000000,0.000000000,0.000000000,0.229413047,0.000000000,0.000000000,1127.000,0.000,0.000
1786789395845,XAUT_USDT,demo,0,stale_binance,0,0.000000000,0.500000000,0.000000000,0.000000000,0.229413047,0.000000000,0.000000000,1244.000,117.000,117.000
1786789395955,XAUT_USDT,demo,0,stale_binance,0,0.000000000,0.500000000,0.000000000,0.000000000,0.229413047,0.000000000,0.000000000,1354.000,60.000,60.000
1786789396056,XAUT_USDT,demo,0,microspread_below_threshold,0,0.000000000,0.500000000,0.309702817,0.309702817,0.229413047,0.000000000,0.000000000,58.000,75.000,75.000
1786789396163,XAUT_USDT,demo,0,microspread_below_threshold,0,0.000000000,0.500000000,0.309702817,0.309702817,0.229413047,0.000000000,0.000000000,69.000,1.000,1.000
1786789396306,XAUT_USDT,demo,0,microspread_below_threshold,0,0.000000000,0.500000000,0.309702817,0.309702817,0.229413047,0.000000000,0.000000000,212.000,59.000,59.000
1786789396436,XAUT_USDT,demo,0,microspread_below_threshold,0,0.000000000,0.500000000,0.309702817,0.309702817,0.229413047,0.000000000,0.000000000,52.000,189.000,189.000
1786789396555,XAUT_USDT,demo,0,microspread_below_threshold,0,0.000000000,0.500000000,0.309702817,0.309702817,0.229413047,0.000000000,0.000000000,171.000,52.000,52.000
1786789396663,XAUT_USDT,demo,0,microspread_below_threshold,0,0.000000000,0.500000000,0.309702817,0.309702817,0.229413047,0.000000000,0.000000000,52.000,76.000,76.000
1786789396818,XAUT_USDT,demo,0,microspread_below_threshold,0,0.000000000,0.500000000,0.309702817,0.309702817,0.229413047,0.000000000,0.000000000,207.000,59.000,59.000
1786789396964,XAUT_USDT,demo,0,stale_binance,0,0.000000000,0.500000000,0.000000000,0.000000000,0.229413047,0.000000000,0.000000000,353.000,119.000,119.000
1786789397072,XAUT_USDT,demo,0,stale_binance,0,0.000000000,0.500000000,0.000000000,0.000000000,0.229413047,0.000000000,0.000000000,461.000,227.000,227.000
1786789397191,XAUT_USDT,demo,0,stale_binance,0,0.000000000,0.500000000,0.000000000,0.000000000,0.229413047,0.000000000,0.000000000,580.000,0.000,0.000
1786789397341,XAUT_USDT,demo,0,stale_binance,0,0.000000000,0.500000000,0.000000000,0.000000000,0.229413047,0.000000000,0.000000000,730.000,61.000,61.000
1786789397474,XAUT_USDT,demo,0,stale_binance,0,0.000000000,0.500000000,0.000000000,0.000000000,0.229413047,0.000000000,0.000000000,863.000,115.000,115.000
1786789397610,XAUT_USDT,demo,0,stale_binance,0,0.000000000,0.500000000,0.000000000,0.000000000,0.229413047,0.000000000,0.000000000,999.000,66.000,66.000
1786789397755,XAUT_USDT,demo,0,stale_binance,0,0.000000000,0.500000000,0.000000000,0.000000000,0.229413047,0.000000000,0.000000000,1144.000,53.000,53.000
1786789397908,XAUT_USDT,demo,0,stale_binance,0,0.000000000,0.500000000,0.000000000,0.000000000,0.229413047,0.000000000,0.000000000,1297.000,118.000,118.000
1786789398067,XAUT_USDT,demo,0,stale_binance,0,0.000000000,0.500000000,0.000000000,0.000000000,0.229413047,0.000000000,0.000000000,1456.000,277.000,277.000
1786789398196,XAUT_USDT,demo,0,stale_binance,0,0.000000000,0.500000000,0.000000000,0.000000000,0.229413047,0.000000000,0.000000000,1585.000,63.000,63.000
1786789398302,XAUT_USDT,demo,0,stale_binance,0,0.000000000,0.500000000,0.000000000,0.000000000,0.229413047,0.000000000,0.000000000,1691.000,0.000,0.000
1786789398448,XAUT_USDT,demo,0,stale_binance,0,0.000000000,0.500000000,0.000000000,0.000000000,0.229413047,0.000000000,0.000000000,1837.000,50.000,50.000
1786789399233,XAUT_USDT,demo,0,stale_binance,0,0.000000000,0.500000000,0.000000000,0.000000000,0.229413047,0.000000000,0.000000000,2622.000,133.000,133.000
1786789399336,XAUT_USDT,demo,0,stale_binance,0,0.000000000,0.500000000,0.000000000,0.000000000,0.229413047,0.000000000,0.000000000,2725.000,0.000,0.000
1786789399481,XAUT_USDT,demo,0,stale_binance,0,0.000000000,0.500000000,0.000000000,0.000000000,0.229413047,0.000000000,0.000000000,2870.000,55.000,55.000
1786789399593,XAUT_USDT,demo,0,stale_binance,0,0.000000000,0.500000000,0.000000000,0.000000000,0.229413047,0.000000000,0.000000000,2982.000,1.000,1.000
1786789399737,XAUT_USDT,demo,0,stale_binance,0,0.000000000,0.500000000,0.000000000,0.000000000,0.229413047,0.000000000,0.000000000,3126.000,58.000,58.000
1786789399858,XAUT_USDT,demo,0,stale_binance,0,0.000000000,0.500000000,0.000000000,0.000000000,0.229413047,0.000000000,0.000000000,3247.000,179.000,179.000
1786789399977,XAUT_USDT,demo,0,stale_binance,0,0.000000000,0.500000000,0.000000000,0.000000000,0.229413047,0.000000000,0.000000000,3366.000,298.000,298.000
1786789400086,XAUT_USDT,demo,0,stale_binance,0,0.000000000,0.500000000,0.000000000,0.000000000,0.229413047,0.000000000,0.000000000,3475.000,66.000,66.000
1786789400203,XAUT_USDT,demo,0,microspread_below_threshold,0,0.000000000,0.500000000,0.309702817,0.309702817,0.229413047,0.000000000,0.000000000,66.000,96.000,96.000
1786789400335,XAUT_USDT,demo,0,microspread_below_threshold,0,0.000000000,0.500000000,0.309702817,0.309702817,0.229413047,0.000000000,0.000000000,198.000,56.000,56.000
1786789400477,XAUT_USDT,demo,0,stale_binance,0,0.000000000,0.500000000,0.000000000,0.000000000,0.229413047,0.000000000,0.000000000,340.000,114.000,114.000
1786789400607,XAUT_USDT,demo,0,microspread_below_threshold,0,0.000000000,0.500000000,0.309702817,0.309702817,0.229413047,0.000000000,0.000000000,56.000,244.000,244.000
1786789400722,XAUT_USDT,demo,0,microspread_below_threshold,0,0.000000000,0.500000000,0.309702817,0.309702817,0.229413047,0.000000000,0.000000000,171.000,1.000,1.000
1786789400857,XAUT_USDT,demo,0,stale_binance,0,0.000000000,0.500000000,0.000000000,0.000000000,0.229413047,0.000000000,0.000000000,306.000,62.000,62.000
1786789400987,XAUT_USDT,demo,0,stale_binance,0,0.000000000,0.500000000,0.000000000,0.000000000,0.229413047,0.000000000,0.000000000,436.000,192.000,192.000
1786789401110,XAUT_USDT,demo,0,stale_binance,0,0.000000000,0.500000000,0.000000000,0.000000000,0.229413047,0.000000000,0.000000000,559.000,54.000,54.000
1786789401227,XAUT_USDT,demo,0,stale_binance,0,0.000000000,0.500000000,0.000000000,0.000000000,0.229413047,0.000000000,0.000000000,676.000,0.000,0.000
1786789401330,XAUT_USDT,demo,0,microspread_below_threshold,0,0.000000000,0.500000000,0.309702817,0.309702817,0.229413047,0.000000000,0.000000000,0.000,9.000,9.000
1786789401468,XAUT_USDT,demo,0,microspread_below_threshold,0,0.000000000,0.500000000,0.309702817,0.309702817,0.229413047,0.000000000,0.000000000,64.000,147.000,147.000
1786789401572,XAUT_USDT,demo,0,microspread_below_threshold,0,0.000000000,0.500000000,0.309702817,0.309702817,0.229413047,0.000000000,0.000000000,168.000,1.000,1.000
1786789401715,XAUT_USDT,demo,0,stale_binance,0,0.000000000,0.500000000,0.000000000,0.000000000,0.229413047,0.000000000,0.000000000,311.000,57.000,57.000
1786789401826,XAUT_USDT,demo,0,stale_binance,0,0.000000000,0.500000000,0.000000000,0.000000000,0.229413047,0.000000000,0.000000000,422.000,0.000,0.000
1786789401963,XAUT_USDT,demo,0,stale_binance,0,0.000000000,0.500000000,0.000000000,0.000000000,0.229413047,0.000000000,0.000000000,559.000,51.000,51.000
1786789402082,XAUT_USDT,demo,0,stale_binance,0,0.000000000,0.500000000,0.000000000,0.000000000,0.229413047,0.000000000,0.000000000,678.000,0.000,0.000
1786789402205,XAUT_USDT,demo,0,stale_binance,0,0.000000000,0.500000000,0.000000000,0.000000000,0.229413047,0.000000000,0.000000000,801.000,123.000,123.000
1786789402318,XAUT_USDT,demo,0,stale_binance,0,0.000000000,0.500000000,0.000000000,0.000000000,0.229413047,0.000000000,0.000000000,914.000,54.000,54.000
1786789402433,XAUT_USDT,demo,0,stale_binance,0,0.000000000,0.500000000,0.000000000,0.000000000,0.229413047,0.000000000,0.000000000,1029.000,169.000,169.000
1786789402557,XAUT_USDT,demo,0,microspread_below_threshold,0,0.000000000,0.500000000,0.309702817,0.309702817,0.229413047,0.000000000,0.000000000,0.000,40.000,40.000
1786789402663,XAUT_USDT,demo,0,microspread_below_threshold,0,0.000000000,0.500000000,0.309702817,0.309702817,0.229413047,0.000000000,0.000000000,106.000,63.000,63.000
1786789402775,XAUT_USDT,demo,0,microspread_below_threshold,0,0.000000000,0.500000000,0.309702817,0.309702817,0.229413047,0.000000000,0.000000000,218.000,0.000,0.000
1786789402917,XAUT_USDT,demo,0,stale_binance,0,0.000000000,0.500000000,0.000000000,0.000000000,0.229413047,0.000000000,0.000000000,360.000,62.000,62.000
1786789403035,XAUT_USDT,demo,0,stale_binance,0,0.000000000,0.500000000,0.000000000,0.000000000,0.229413047,0.000000000,0.000000000,478.000,180.000,180.000
1786789403174,XAUT_USDT,demo,0,stale_binance,0,0.000000000,0.500000000,0.000000000,0.000000000,0.229413047,0.000000000,0.000000000,617.000,62.000,62.000
1786789403299,XAUT_USDT,demo,0,stale_binance,0,0.000000000,0.500000000,0.000000000,0.000000000,0.229413047,0.000000000,0.000000000,742.000,0.000,0.000
1786789403433,XAUT_USDT,demo,0,stale_binance,0,0.000000000,0.500000000,0.000000000,0.000000000,0.229413047,0.000000000,0.000000000,876.000,63.000,63.000
1786789404350,XAUT_USDT,demo,0,microspread_below_threshold,0,0.000000000,0.500000000,0.309702817,0.309702817,0.229413047,0.000000000,0.000000000,74.000,26.000,26.000
1786789404475,XAUT_USDT,demo,0,microspread_below_threshold,0,0.000000000,0.500000000,0.309702817,0.309702817,0.229413047,0.000000000,0.000000000,199.000,151.000,151.000
1786789404576,XAUT_USDT,demo,0,microspread_below_threshold,0,0.000000000,0.500000000,0.309702817,0.309702817,0.229413047,0.000000000,0.000000000,300.000,1.000,1.000
1786789404715,XAUT_USDT,demo,0,stale_binance,0,0.000000000,0.500000000,0.000000000,0.000000000,0.229413047,0.000000000,0.000000000,439.000,55.000,55.000
1786789404837,XAUT_USDT,demo,0,stale_binance,0,0.000000000,0.500000000,0.000000000,0.000000000,0.229413047,0.000000000,0.000000000,561.000,0.000,0.000
1786789404989,XAUT_USDT,demo,0,stale_binance,0,0.000000000,0.500000000,0.000000000,0.000000000,0.229413047,0.000000000,0.000000000,713.000,67.000,67.000
1786789405091,XAUT_USDT,demo,0,microspread_below_threshold,0,0.000000000,0.500000000,0.309702817,0.309702817,0.229413047,0.000000000,0.000000000,35.000,0.000,0.000
1786789405198,XAUT_USDT,demo,0,microspread_below_threshold,0,0.000000000,0.500000000,0.309702817,0.309702817,0.229413047,0.000000000,0.000000000,0.000,107.000,107.000
1786789405327,XAUT_USDT,demo,0,microspread_below_threshold,0,0.000000000,0.500000000,0.309702817,0.309702817,0.229413047,0.000000000,0.000000000,102.000,65.000,65.000
1786789405446,XAUT_USDT,demo,0,microspread_below_threshold,0,0.000000000,0.500000000,0.309702817,0.309702817,0.229413047,0.000000000,0.000000000,221.000,184.000,184.000
1786789405584,XAUT_USDT,demo,0,stale_binance,0,0.000000000,0.500000000,0.000000000,0.000000000,0.229413047,0.000000000,0.000000000,359.000,55.000,55.000
1786789405732,XAUT_USDT,demo,0,stale_binance,0,0.000000000,0.500000000,0.000000000,0.000000000,0.229413047,0.000000000,0.000000000,507.000,105.000,105.000
1786789405850,XAUT_USDT,demo,0,stale_binance,0,0.000000000,0.500000000,0.000000000,0.000000000,0.229413047,0.000000000,0.000000000,625.000,62.000,62.000
1786789405985,XAUT_USDT,demo,0,microspread_below_threshold,0,0.000000000,0.500000000,0.309702817,0.309702817,0.229413047,0.000000000,0.000000000,121.000,197.000,197.000
1786789406117,XAUT_USDT,demo,0,microspread_below_threshold,0,0.000000000,0.500000000,0.309702817,0.309702817,0.229413047,0.000000000,0.000000000,253.000,0.000,0.000
1786789406239,XAUT_USDT,demo,0,stale_binance,0,0.000000000,0.500000000,0.000000000,0.000000000,0.229413047,0.000000000,0.000000000,375.000,122.000,122.000
1786789406347,XAUT_USDT,demo,0,stale_binance,0,0.000000000,0.500000000,0.000000000,0.000000000,0.229413047,0.000000000,0.000000000,483.000,58.000,58.000
1786789406485,XAUT_USDT,demo,0,stale_binance,0,0.000000000,0.500000000,0.000000000,0.000000000,0.229413047,0.000000000,0.000000000,621.000,105.000,105.000
1786789406611,XAUT_USDT,demo,0,microspread_below_threshold,0,0.000000000,0.500000000,0.309702817,0.309702817,0.229413047,0.000000000,0.000000000,0.000,231.000,231.000
1786789406723,XAUT_USDT,demo,0,microspread_below_threshold,0,0.000000000,0.500000000,0.309702817,0.309702817,0.229413047,0.000000000,0.000000000,102.000,0.000,0.000
1786789406867,XAUT_USDT,demo,0,microspread_below_threshold,0,0.000000000,0.500000000,0.309702817,0.309702817,0.229413047,0.000000000,0.000000000,246.000,57.000,57.000
1786789406982,XAUT_USDT,demo,0,stale_binance,0,0.000000000,0.500000000,0.000000000,0.000000000,0.229413047,0.000000000,0.000000000,361.000,172.000,172.000
1786789407133,XAUT_USDT,demo,0,stale_binance,0,0.000000000,0.500000000,0.000000000,0.000000000,0.229413047,0.000000000,0.000000000,512.000,66.000,66.000
1786789407240,XAUT_USDT,demo,0,stale_binance,0,0.000000000,0.500000000,0.000000000,0.000000000,0.229413047,0.000000000,0.000000000,619.000,0.000,0.000
1786789407378,XAUT_USDT,demo,0,stale_binance,0,0.000000000,0.500000000,0.000000000,0.000000000,0.229413047,0.000000000,0.000000000,757.000,53.000,53.000
1786789407497,XAUT_USDT,demo,0,stale_binance,0,0.000000000,0.500000000,0.000000000,0.000000000,0.229413047,0.000000000,0.000000000,876.000,0.000,0.000
1786789407625,XAUT_USDT,demo,0,stale_binance,0,0.000000000,0.500000000,0.000000000,0.000000000,0.229413047,0.000000000,0.000000000,1004.000,128.000,128.000
1786789407729,XAUT_USDT,demo,0,stale_binance,0,0.000000000,0.500000000,0.000000000,0.000000000,0.229413047,0.000000000,0.000000000,1108.000,59.000,59.000
1786789407843,XAUT_USDT,demo,0,stale_binance,0,0.000000000,0.500000000,0.000000000,0.000000000,0.229413047,0.000000000,0.000000000,1222.000,0.000,0.000
1786789407992,XAUT_USDT,demo,0,stale_binance,0,0.000000000,0.500000000,0.000000000,0.000000000,0.229413047,0.000000000,0.000000000,1371.000,66.000,66.000
1786789408098,XAUT_USDT,demo,0,microspread_below_threshold,0,0.000000000,0.500000000,0.309702817,0.309702817,0.229413047,0.000000000,0.000000000,21.000,0.000,0.000
1786789408208,XAUT_USDT,demo,0,microspread_below_threshold,0,0.000000000,0.500000000,0.309702817,0.309702817,0.229413047,0.000000000,0.000000000,131.000,110.000,110.000
1786789408336,XAUT_USDT,demo,0,microspread_below_threshold,0,0.000000000,0.500000000,0.309702817,0.309702817,0.229413047,0.000000000,0.000000000,259.000,65.000,65.000
1786789408452,XAUT_USDT,demo,0,stale_binance,0,0.000000000,0.500000000,0.000000000,0.000000000,0.229413047,0.000000000,0.000000000,375.000,181.000,181.000
1786789408590,XAUT_USDT,demo,0,stale_binance,0,0.000000000,0.500000000,0.000000000,0.000000000,0.229413047,0.000000000,0.000000000,513.000,58.000,58.000
1786789409252,XAUT_USDT,demo,0,stale_binance,0,0.000000000,0.500000000,0.000000000,0.000000000,0.229413047,0.000000000,0.000000000,1175.000,126.000,126.000
1786789409355,XAUT_USDT,demo,0,stale_binance,0,0.000000000,0.500000000,0.000000000,0.000000000,0.229413047,0.000000000,0.000000000,1278.000,54.000,54.000
1786789409460,XAUT_USDT,demo,0,stale_binance,0,0.000000000,0.500000000,0.000000000,0.000000000,0.229413047,0.000000000,0.000000000,1383.000,159.000,159.000
1786789409579,XAUT_USDT,demo,0,stale_binance,0,0.000000000,0.500000000,0.000000000,0.000000000,0.229413047,0.000000000,0.000000000,1502.000,278.000,278.000
1786789409699,XAUT_USDT,demo,0,stale_binance,0,0.000000000,0.500000000,0.000000000,0.000000000,0.229413047,0.000000000,0.000000000,1622.000,58.000,58.000
1786789409845,XAUT_USDT,demo,0,stale_binance,0,0.000000000,0.500000000,0.000000000,0.000000000,0.229413047,0.000000000,0.000000000,1768.000,116.000,116.000
1786789409967,XAUT_USDT,demo,0,stale_binance,0,0.000000000,0.500000000,0.000000000,0.000000000,0.229413047,0.000000000,0.000000000,1890.000,59.000,59.000
1786789410094,XAUT_USDT,demo,0,stale_binance,0,0.000000000,0.500000000,0.000000000,0.000000000,0.229413047,0.000000000,0.000000000,2017.000,1.000,1.000
1786789410201,XAUT_USDT,demo,0,stale_binance,0,0.000000000,0.500000000,0.000000000,0.000000000,0.229413047,0.000000000,0.000000000,2124.000,52.000,52.000
1786789410365,XAUT_USDT,demo,0,stale_binance,0,0.000000000,0.500000000,0.000000000,0.000000000,0.229413047,0.000000000,0.000000000,2288.000,118.000,118.000
1786789410481,XAUT_USDT,demo,0,stale_binance,0,0.000000000,0.500000000,0.000000000,0.000000000,0.229413047,0.000000000,0.000000000,2404.000,234.000,234.000
1786789410613,XAUT_USDT,demo,0,stale_binance,0,0.000000000,0.500000000,0.000000000,0.000000000,0.229413047,0.000000000,0.000000000,2536.000,116.000,116.000
1786789410725,XAUT_USDT,demo,0,stale_binance,0,0.000000000,0.500000000,0.000000000,0.000000000,0.229413047,0.000000000,0.000000000,2648.000,56.000,56.000
1786789410864,XAUT_USDT,demo,0,stale_binance,0,0.000000000,0.500000000,0.000000000,0.000000000,0.229413047,0.000000000,0.000000000,2787.000,108.000,108.000
1786789410981,XAUT_USDT,demo,0,stale_binance,0,0.000000000,0.500000000,0.000000000,0.000000000,0.229413047,0.000000000,0.000000000,2904.000,225.000,225.000
1786789411108,XAUT_USDT,demo,0,stale_binance,0,0.000000000,0.500000000,0.000000000,0.000000000,0.229413047,0.000000000,0.000000000,3031.000,0.000,0.000
1786789411229,XAUT_USDT,demo,0,stale_binance,0,0.000000000,0.500000000,0.000000000,0.000000000,0.229413047,0.000000000,0.000000000,3152.000,121.000,121.000
1786789411381,XAUT_USDT,demo,0,stale_binance,0,0.000000000,0.500000000,0.000000000,0.000000000,0.229413047,0.000000000,0.000000000,3304.000,111.000,111.000
1786789411495,XAUT_USDT,demo,0,stale_binance,0,0.000000000,0.500000000,0.000000000,0.000000000,0.229413047,0.000000000,0.000000000,3418.000,225.000,225.000
1786789411613,XAUT_USDT,demo,0,stale_binance,0,0.000000000,0.500000000,0.000000000,0.000000000,0.229413047,0.000000000,0.000000000,3536.000,0.000,0.000
1786789411722,XAUT_USDT,demo,0,stale_binance,0,0.000000000,0.500000000,0.000000000,0.000000000,0.229413047,0.000000000,0.000000000,3645.000,109.000,109.000
1786789411840,XAUT_USDT,demo,0,stale_binance,0,0.000000000,0.500000000,0.000000000,0.000000000,0.229413047,0.000000000,0.000000000,3763.000,59.000,59.000
1786789411967,XAUT_USDT,demo,0,stale_binance,0,0.000000000,0.500000000,0.000000000,0.000000000,0.229413047,0.000000000,0.000000000,3890.000,186.000,186.000
1786789412099,XAUT_USDT,demo,0,stale_binance,0,0.000000000,0.500000000,0.000000000,0.000000000,0.229413047,0.000000000,0.000000000,4022.000,57.000,57.000
1786789412215,XAUT_USDT,demo,0,stale_binance,0,0.000000000,0.500000000,0.000000000,0.000000000,0.229413047,0.000000000,0.000000000,4138.000,0.000,0.000
1786789412367,XAUT_USDT,demo,0,stale_binance,0,0.000000000,0.500000000,0.000000000,0.000000000,0.229413047,0.000000000,0.000000000,4290.000,63.000,63.000
1786789412483,XAUT_USDT,demo,0,stale_binance,0,0.000000000,0.500000000,0.000000000,0.000000000,0.229413047,0.000000000,0.000000000,4406.000,179.000,179.000
1786789412600,XAUT_USDT,demo,0,stale_binance,0,0.000000000,0.500000000,0.000000000,0.000000000,0.229413047,0.000000000,0.000000000,4523.000,296.000,296.000
1786789412732,XAUT_USDT,demo,0,stale_binance,0,0.000000000,0.500000000,0.000000000,0.000000000,0.229413047,0.000000000,0.000000000,4655.000,0.000,0.000
1786789412878,XAUT_USDT,demo,0,stale_binance,0,0.000000000,0.500000000,0.000000000,0.000000000,0.229413047,0.000000000,0.000000000,4801.000,63.000,63.000
1786789412994,XAUT_USDT,demo,0,stale_binance,0,0.000000000,0.500000000,0.000000000,0.000000000,0.229413047,0.000000000,0.000000000,4917.000,179.000,179.000
1786789413128,XAUT_USDT,demo,0,stale_binance,0,0.000000000,0.500000000,0.000000000,0.000000000,0.229413047,0.000000000,0.000000000,5051.000,58.000,58.000
1786789413246,XAUT_USDT,demo,0,stale_binance,0,0.000000000,0.500000000,0.000000000,0.000000000,0.229413047,0.000000000,0.000000000,5169.000,1.000,1.000
1786789413359,XAUT_USDT,demo,0,stale_binance,0,0.000000000,0.500000000,0.000000000,0.000000000,0.229413047,0.000000000,0.000000000,5282.000,114.000,114.000
1786789413480,XAUT_USDT,demo,0,stale_binance,0,0.000000000,0.500000000,0.000000000,0.000000000,0.229413047,0.000000000,0.000000000,5403.000,235.000,235.000
1786789413591,XAUT_USDT,demo,0,microspread_below_threshold,0,0.000000000,0.500000000,0.309702817,0.309702817,0.229413047,0.000000000,0.000000000,44.000,1.000,1.000
1786789414273,XAUT_USDT,demo,0,stale_binance,0,0.000000000,0.500000000,0.000000000,0.000000000,0.229413047,0.000000000,0.000000000,726.000,84.000,84.000
1786789414430,XAUT_USDT,demo,0,stale_binance,0,0.000000000,0.500000000,0.000000000,0.000000000,0.229413047,0.000000000,0.000000000,883.000,66.000,66.000
1786789414532,XAUT_USDT,demo,0,stale_binance,0,0.000000000,0.500000000,0.000000000,0.000000000,0.229413047,0.000000000,0.000000000,985.000,0.000,0.000
1786789414649,XAUT_USDT,demo,0,stale_binance,0,0.000000000,0.500000000,0.000000000,0.000000000,0.229413047,0.000000000,0.000000000,1102.000,117.000,117.000
1786789414763,XAUT_USDT,demo,0,stale_binance,0,0.000000000,0.500000000,0.000000000,0.000000000,0.229413047,0.000000000,0.000000000,1216.000,54.000,54.000
1786789414879,XAUT_USDT,demo,0,stale_binance,0,0.000000000,0.500000000,0.000000000,0.000000000,0.229413047,0.000000000,0.000000000,1332.000,170.000,170.000
1786789414999,XAUT_USDT,demo,0,stale_binance,0,0.000000000,0.500000000,0.000000000,0.000000000,0.229413047,0.000000000,0.000000000,1452.000,290.000,290.000
1786789415112,XAUT_USDT,demo,0,stale_binance,0,0.000000000,0.500000000,0.000000000,0.000000000,0.229413047,0.000000000,0.000000000,1565.000,65.000,65.000
1786789415220,XAUT_USDT,demo,0,stale_binance,0,0.000000000,0.500000000,0.000000000,0.000000000,0.229413047,0.000000000,0.000000000,1673.000,0.000,0.000
1786789415367,XAUT_USDT,demo,0,stale_binance,0,0.000000000,0.500000000,0.000000000,0.000000000,0.229413047,0.000000000,0.000000000,1820.000,59.000,59.000
1786789415481,XAUT_USDT,demo,0,microspread_below_threshold,0,0.000000000,0.500000000,0.309702817,0.309702817,0.229413047,0.000000000,0.000000000,93.000,0.000,0.000
1786789415616,XAUT_USDT,demo,0,microspread_below_threshold,0,0.000000000,0.500000000,0.309702817,0.309702817,0.229413047,0.000000000,0.000000000,228.000,56.000,56.000
1786789415736,XAUT_USDT,demo,0,stale_binance,0,0.000000000,0.500000000,0.000000000,0.000000000,0.229413047,0.000000000,0.000000000,348.000,0.000,0.000
1786789415882,XAUT_USDT,demo,0,stale_binance,0,0.000000000,0.500000000,0.000000000,0.000000000,0.229413047,0.000000000,0.000000000,494.000,64.000,64.000
1786789415999,XAUT_USDT,demo,0,stale_binance,0,0.000000000,0.500000000,0.000000000,0.000000000,0.229413047,0.000000000,0.000000000,611.000,181.000,181.000
1786789416123,XAUT_USDT,demo,0,stale_binance,0,0.000000000,0.500000000,0.000000000,0.000000000,0.229413047,0.000000000,0.000000000,735.000,305.000,305.000
1786789416228,XAUT_USDT,demo,0,stale_binance,0,0.000000000,0.500000000,0.000000000,0.000000000,0.229413047,0.000000000,0.000000000,840.000,61.000,61.000
1786789416334,XAUT_USDT,demo,0,microspread_below_threshold,0,0.000000000,0.500000000,0.309702817,0.309702817,0.229413047,0.000000000,0.000000000,0.000,82.000,82.000
1786789416478,XAUT_USDT,demo,0,microspread_below_threshold,0,0.000000000,0.500000000,0.309702817,0.309702817,0.229413047,0.000000000,0.000000000,144.000,115.000,115.000
1786789416588,XAUT_USDT,demo,0,microspread_below_threshold,0,0.000000000,0.500000000,0.309702817,0.309702817,0.229413047,0.000000000,0.000000000,254.000,225.000,225.000
1786789416743,XAUT_USDT,demo,0,microspread_below_threshold,0,0.000000000,0.500000000,0.309702817,0.309702817,0.229413047,0.000000000,0.000000000,113.000,60.000,60.000
1786789416882,XAUT_USDT,demo,0,microspread_below_threshold,0,0.000000000,0.500000000,0.309702817,0.309702817,0.229413047,0.000000000,0.000000000,252.000,112.000,112.000
1786789416992,XAUT_USDT,demo,0,stale_binance,0,0.000000000,0.500000000,0.000000000,0.000000000,0.229413047,0.000000000,0.000000000,362.000,222.000,222.000
1786789417106,XAUT_USDT,demo,0,stale_binance,0,0.000000000,0.500000000,0.000000000,0.000000000,0.229413047,0.000000000,0.000000000,476.000,0.000,0.000
1786789417248,XAUT_USDT,demo,0,stale_binance,0,0.000000000,0.500000000,0.000000000,0.000000000,0.229413047,0.000000000,0.000000000,618.000,51.000,51.000
1786789417397,XAUT_USDT,demo,0,stale_binance,0,0.000000000,0.500000000,0.000000000,0.000000000,0.229413047,0.000000000,0.000000000,767.000,110.000,110.000
1786789417523,XAUT_USDT,demo,0,stale_binance,0,0.000000000,0.500000000,0.000000000,0.000000000,0.229413047,0.000000000,0.000000000,893.000,236.000,236.000
1786789417657,XAUT_USDT,demo,0,stale_binance,0,0.000000000,0.500000000,0.000000000,0.000000000,0.229413047,0.000000000,0.000000000,1027.000,121.000,121.000
1786789417765,XAUT_USDT,demo,0,stale_binance,0,0.000000000,0.500000000,0.000000000,0.000000000,0.229413047,0.000000000,0.000000000,1135.000,58.000,58.000
1786789417892,XAUT_USDT,demo,0,stale_binance,0,0.000000000,0.500000000,0.000000000,0.000000000,0.229413047,0.000000000,0.000000000,1262.000,185.000,185.000
1786789418008,XAUT_USDT,demo,0,stale_binance,0,0.000000000,0.500000000,0.000000000,0.000000000,0.229413047,0.000000000,0.000000000,1378.000,301.000,301.000
1786789418109,XAUT_USDT,demo,0,stale_binance,0,0.000000000,0.500000000,0.000000000,0.000000000,0.229413047,0.000000000,0.000000000,1479.000,61.000,61.000
1786789418221,XAUT_USDT,demo,0,stale_binance,0,0.000000000,0.500000000,0.000000000,0.000000000,0.229413047,0.000000000,0.000000000,1591.000,0.000,0.000
1786789418362,XAUT_USDT,demo,0,stale_binance,0,0.000000000,0.500000000,0.000000000,0.000000000,0.229413047,0.000000000,0.000000000,1732.000,52.000,52.000
1786789418476,XAUT_USDT,demo,0,stale_binance,0,0.000000000,0.500000000,0.000000000,0.000000000,0.229413047,0.000000000,0.000000000,1846.000,166.000,166.000
1786789418635,XAUT_USDT,demo,0,stale_binance,0,0.000000000,0.500000000,0.000000000,0.000000000,0.229413047,0.000000000,0.000000000,2005.000,325.000,325.000
1786789419733,XAUT_USDT,demo,0,microspread_below_threshold,0,0.000000000,0.500000000,0.309702817,0.309702817,0.229413047,0.000000000,0.000000000,274.000,56.000,56.000
1786789419851,XAUT_USDT,demo,0,stale_binance,0,0.000000000,0.500000000,0.000000000,0.000000000,0.229413047,0.000000000,0.000000000,392.000,0.000,0.000
1786789419989,XAUT_USDT,demo,0,stale_binance,0,0.000000000,0.500000000,0.000000000,0.000000000,0.229413047,0.000000000,0.000000000,530.000,53.000,53.000
1786789420142,XAUT_USDT,demo,0,stale_binance,0,0.000000000,0.500000000,0.000000000,0.000000000,0.229413047,0.000000000,0.000000000,683.000,118.000,118.000
1786789420243,XAUT_USDT,demo,0,microspread_below_threshold,0,0.000000000,0.500000000,0.309702817,0.309702817,0.229413047,0.000000000,0.000000000,52.000,54.000,54.000
1786789420367,XAUT_USDT,demo,0,microspread_below_threshold,0,0.000000000,0.500000000,0.309702817,0.309702817,0.229413047,0.000000000,0.000000000,36.000,0.000,0.000
1786789420496,XAUT_USDT,demo,0,microspread_below_threshold,0,0.000000000,0.500000000,0.309702817,0.309702817,0.229413047,0.000000000,0.000000000,165.000,129.000,129.000
1786789420597,XAUT_USDT,demo,0,microspread_below_threshold,0,0.000000000,0.500000000,0.309702817,0.309702817,0.229413047,0.000000000,0.000000000,266.000,58.000,58.000
1786789420720,XAUT_USDT,demo,0,stale_binance,0,0.000000000,0.500000000,0.000000000,0.000000000,0.229413047,0.000000000,0.000000000,389.000,0.000,0.000
1786789420840,XAUT_USDT,demo,0,stale_binance,0,0.000000000,0.500000000,0.000000000,0.000000000,0.229413047,0.000000000,0.000000000,509.000,51.000,51.000
1786789420941,XAUT_USDT,demo,0,stale_binance,0,0.000000000,0.500000000,0.000000000,0.000000000,0.229413047,0.000000000,0.000000000,610.000,62.000,62.000
1786789421059,XAUT_USDT,demo,0,stale_binance,0,0.000000000,0.500000000,0.000000000,0.000000000,0.229413047,0.000000000,0.000000000,728.000,180.000,180.000
1786789421196,XAUT_USDT,demo,0,stale_binance,0,0.000000000,0.500000000,0.000000000,0.000000000,0.229413047,0.000000000,0.000000000,865.000,62.000,62.000
1786789421339,XAUT_USDT,demo,0,stale_binance,0,0.000000000,0.500000000,0.000000000,0.000000000,0.229413047,0.000000000,0.000000000,1008.000,119.000,119.000
1786789421463,XAUT_USDT,demo,0,microspread_below_threshold,0,0.000000000,0.500000000,0.309702817,0.309702817,0.229413047,0.000000000,0.000000000,51.000,243.000,243.000
1786789421576,XAUT_USDT,demo,0,microspread_below_threshold,0,0.000000000,0.500000000,0.309702817,0.309702817,0.229413047,0.000000000,0.000000000,164.000,1.000,1.000
1786789421708,XAUT_USDT,demo,0,microspread_below_threshold,0,0.000000000,0.500000000,0.309702817,0.309702817,0.229413047,0.000000000,0.000000000,296.000,59.000,59.000
1786789421847,XAUT_USDT,demo,0,stale_binance,0,0.000000000,0.500000000,0.000000000,0.000000000,0.229413047,0.000000000,0.000000000,435.000,109.000,109.000
1786789421962,XAUT_USDT,demo,0,stale_binance,0,0.000000000,0.500000000,0.000000000,0.000000000,0.229413047,0.000000000,0.000000000,550.000,52.000,52.000
1786789422085,XAUT_USDT,demo,0,stale_binance,0,0.000000000,0.500000000,0.000000000,0.000000000,0.229413047,0.000000000,0.000000000,673.000,175.000,175.000
1786789422221,XAUT_USDT,demo,0,stale_binance,0,0.000000000,0.500000000,0.000000000,0.000000000,0.229413047,0.000000000,0.000000000,809.000,57.000,57.000
1786789422335,XAUT_USDT,demo,0,stale_binance,0,0.000000000,0.500000000,0.000000000,0.000000000,0.229413047,0.000000000,0.000000000,923.000,171.000,171.000
1786789422488,XAUT_USDT,demo,0,stale_binance,0,0.000000000,0.500000000,0.000000000,0.000000000,0.229413047,0.000000000,0.000000000,1076.000,60.000,60.000
1786789422595,XAUT_USDT,demo,0,stale_binance,0,0.000000000,0.500000000,0.000000000,0.000000000,0.229413047,0.000000000,0.000000000,1183.000,167.000,167.000
1786789422745,XAUT_USDT,demo,0,stale_binance,0,0.000000000,0.500000000,0.000000000,0.000000000,0.229413047,0.000000000,0.000000000,1333.000,65.000,65.000
1786789422847,XAUT_USDT,demo,0,stale_binance,0,0.000000000,0.500000000,0.000000000,0.000000000,0.229413047,0.000000000,0.000000000,1435.000,0.000,0.000
1786789422964,XAUT_USDT,demo,0,stale_binance,0,0.000000000,0.500000000,0.000000000,0.000000000,0.229413047,0.000000000,0.000000000,1552.000,117.000,117.000
1786789423091,XAUT_USDT,demo,0,stale_binance,0,0.000000000,0.500000000,0.000000000,0.000000000,0.229413047,0.000000000,0.000000000,1679.000,244.000,244.000
1786789423191,XAUT_USDT,demo,0,stale_binance,0,0.000000000,0.500000000,0.000000000,0.000000000,0.229413047,0.000000000,0.000000000,1779.000,0.000,0.000
1786789423333,XAUT_USDT,demo,0,stale_binance,0,0.000000000,0.500000000,0.000000000,0.000000000,0.229413047,0.000000000,0.000000000,1921.000,55.000,55.000
1786789423491,XAUT_USDT,demo,0,stale_binance,0,0.000000000,0.500000000,0.000000000,0.000000000,0.229413047,0.000000000,0.000000000,2079.000,120.000,120.000
1786789423627,XAUT_USDT,demo,0,stale_binance,0,0.000000000,0.500000000,0.000000000,0.000000000,0.229413047,0.000000000,0.000000000,2215.000,67.000,67.000
1786789424337,XAUT_USDT,demo,0,stale_binance,0,0.000000000,0.500000000,0.000000000,0.000000000,0.229413047,0.000000000,0.000000000,2925.000,15.000,15.000
1786789424457,XAUT_USDT,demo,0,stale_binance,0,0.000000000,0.500000000,0.000000000,0.000000000,0.229413047,0.000000000,0.000000000,3045.000,53.000,53.000
1786789424570,XAUT_USDT,demo,0,stale_binance,0,0.000000000,0.500000000,0.000000000,0.000000000,0.229413047,0.000000000,0.000000000,3158.000,166.000,166.000
1786789424727,XAUT_USDT,demo,0,stale_binance,0,0.000000000,0.500000000,0.000000000,0.000000000,0.229413047,0.000000000,0.000000000,3315.000,65.000,65.000
1786789424836,XAUT_USDT,demo,0,stale_binance,0,0.000000000,0.500000000,0.000000000,0.000000000,0.229413047,0.000000000,0.000000000,3424.000,0.000,0.000
1786789424980,XAUT_USDT,demo,0,stale_binance,0,0.000000000,0.500000000,0.000000000,0.000000000,0.229413047,0.000000000,0.000000000,3568.000,57.000,57.000
1786789425128,XAUT_USDT,demo,0,stale_binance,0,0.000000000,0.500000000,0.000000000,0.000000000,0.229413047,0.000000000,0.000000000,3716.000,121.000,121.000
1786789425245,XAUT_USDT,demo,0,stale_binance,0,0.000000000,0.500000000,0.000000000,0.000000000,0.229413047,0.000000000,0.000000000,3833.000,65.000,65.000
1786789425372,XAUT_USDT,demo,0,stale_binance,0,0.000000000,0.500000000,0.000000000,0.000000000,0.229413047,0.000000000,0.000000000,3960.000,192.000,192.000
1786789425496,XAUT_USDT,demo,0,microspread_below_threshold,0,0.000000000,0.500000000,0.309702817,0.309702817,0.229413047,0.000000000,0.000000000,108.000,55.000,55.000
1786789425611,XAUT_USDT,demo,0,microspread_below_threshold,0,0.000000000,0.500000000,0.309702817,0.309702817,0.229413047,0.000000000,0.000000000,223.000,170.000,170.000
1786789425711,XAUT_USDT,demo,0,stale_binance,0,0.000000000,0.500000000,0.000000000,0.000000000,0.229413047,0.000000000,0.000000000,323.000,0.000,0.000
1786789425836,XAUT_USDT,demo,0,stale_binance,0,0.000000000,0.500000000,0.000000000,0.000000000,0.229413047,0.000000000,0.000000000,448.000,51.000,51.000
1786789425963,XAUT_USDT,demo,0,stale_binance,0,0.000000000,0.500000000,0.000000000,0.000000000,0.229413047,0.000000000,0.000000000,575.000,0.000,0.000
1786789426104,XAUT_USDT,demo,0,stale_binance,0,0.000000000,0.500000000,0.000000000,0.000000000,0.229413047,0.000000000,0.000000000,716.000,63.000,63.000
1786789426207,XAUT_USDT,demo,0,stale_binance,0,0.000000000,0.500000000,0.000000000,0.000000000,0.229413047,0.000000000,0.000000000,819.000,166.000,166.000
1786789426362,XAUT_USDT,demo,0,stale_binance,0,0.000000000,0.500000000,0.000000000,0.000000000,0.229413047,0.000000000,0.000000000,974.000,65.000,65.000
1786789426513,XAUT_USDT,demo,0,stale_binance,0,0.000000000,0.500000000,0.000000000,0.000000000,0.229413047,0.000000000,0.000000000,1125.000,126.000,126.000
1786789426628,XAUT_USDT,demo,0,stale_binance,0,0.000000000,0.500000000,0.000000000,0.000000000,0.229413047,0.000000000,0.000000000,1240.000,241.000,241.000
1786789426728,XAUT_USDT,demo,0,microspread_below_threshold,0,0.000000000,0.500000000,0.309702817,0.309702817,0.229413047,0.000000000,0.000000000,87.000,0.000,0.000
1786789426850,XAUT_USDT,demo,0,microspread_below_threshold,0,0.000000000,0.500000000,0.309702817,0.309702817,0.229413047,0.000000000,0.000000000,209.000,122.000,122.000
1786789426958,XAUT_USDT,demo,0,stale_binance,0,0.000000000,0.500000000,0.000000000,0.000000000,0.229413047,0.000000000,0.000000000,317.000,55.000,55.000
1786789427062,XAUT_USDT,demo,0,stale_binance,0,0.000000000,0.500000000,0.000000000,0.000000000,0.229413047,0.000000000,0.000000000,421.000,159.000,159.000
1786789427167,XAUT_USDT,demo,0,stale_binance,0,0.000000000,0.500000000,0.000000000,0.000000000,0.229413047,0.000000000,0.000000000,526.000,0.000,0.000
1786789427312,XAUT_USDT,demo,0,stale_binance,0,0.000000000,0.500000000,0.000000000,0.000000000,0.229413047,0.000000000,0.000000000,671.000,65.000,65.000
1786789427450,XAUT_USDT,demo,0,stale_binance,0,0.000000000,0.500000000,0.000000000,0.000000000,0.229413047,0.000000000,0.000000000,809.000,110.000,110.000
1786789427562,XAUT_USDT,demo,0,stale_binance,0,0.000000000,0.500000000,0.000000000,0.000000000,0.229413047,0.000000000,0.000000000,921.000,222.000,222.000
1786789427680,XAUT_USDT,demo,0,stale_binance,0,0.000000000,0.500000000,0.000000000,0.000000000,0.229413047,0.000000000,0.000000000,1039.000,1.000,1.000
1786789427792,XAUT_USDT,demo,0,stale_binance,0,0.000000000,0.500000000,0.000000000,0.000000000,0.229413047,0.000000000,0.000000000,1151.000,113.000,113.000
1786789427909,XAUT_USDT,demo,0,stale_binance,0,0.000000000,0.500000000,0.000000000,0.000000000,0.229413047,0.000000000,0.000000000,1268.000,55.000,55.000
1786789428055,XAUT_USDT,demo,0,stale_binance,0,0.000000000,0.500000000,0.000000000,0.000000000,0.229413047,0.000000000,0.000000000,1414.000,107.000,107.000
1786789428175,XAUT_USDT,demo,0,stale_binance,0,0.000000000,0.500000000,0.000000000,0.000000000,0.229413047,0.000000000,0.000000000,1534.000,227.000,227.000
1786789428285,XAUT_USDT,demo,0,microspread_below_threshold,0,0.000000000,0.500000000,0.309702817,0.309702817,0.229413047,0.000000000,0.000000000,73.000,0.000,0.000
1786789428433,XAUT_USDT,demo,0,microspread_below_threshold,0,0.000000000,0.500000000,0.309702817,0.309702817,0.229413047,0.000000000,0.000000000,56.000,148.000,148.000
1786789428568,XAUT_USDT,demo,0,microspread_below_threshold,0,0.000000000,0.500000000,0.309702817,0.309702817,0.229413047,0.000000000,0.000000000,51.000,111.000,111.000
1786789429324,XAUT_USDT,demo,0,stale_binance,0,0.000000000,0.500000000,0.000000000,0.000000000,0.229413047,0.000000000,0.000000000,807.000,95.000,95.000
1786789429469,XAUT_USDT,demo,0,stale_binance,0,0.000000000,0.500000000,0.000000000,0.000000000,0.229413047,0.000000000,0.000000000,952.000,65.000,65.000
1786789429575,XAUT_USDT,demo,0,stale_binance,0,0.000000000,0.500000000,0.000000000,0.000000000,0.229413047,0.000000000,0.000000000,1058.000,0.000,0.000
1786789429700,XAUT_USDT,demo,0,stale_binance,0,0.000000000,0.500000000,0.000000000,0.000000000,0.229413047,0.000000000,0.000000000,1183.000,125.000,125.000
1786789429803,XAUT_USDT,demo,0,stale_binance,0,0.000000000,0.500000000,0.000000000,0.000000000,0.229413047,0.000000000,0.000000000,1286.000,57.000,57.000
1786789429944,XAUT_USDT,demo,0,stale_binance,0,0.000000000,0.500000000,0.000000000,0.000000000,0.229413047,0.000000000,0.000000000,1427.000,112.000,112.000
1786789430075,XAUT_USDT,demo,0,microspread_below_threshold,0,0.000000000,0.500000000,0.309702817,0.309702817,0.229413047,0.000000000,0.000000000,63.000,243.000,243.000
1786789430221,XAUT_USDT,demo,0,microspread_below_threshold,0,0.000000000,0.500000000,0.309702817,0.309702817,0.229413047,0.000000000,0.000000000,209.000,51.000,51.000
1786789430323,XAUT_USDT,demo,0,stale_binance,0,0.000000000,0.500000000,0.000000000,0.000000000,0.229413047,0.000000000,0.000000000,311.000,66.000,66.000
1786789430431,XAUT_USDT,demo,0,stale_binance,0,0.000000000,0.500000000,0.000000000,0.000000000,0.229413047,0.000000000,0.000000000,419.000,0.000,0.000
1786789430542,XAUT_USDT,demo,0,stale_binance,0,0.000000000,0.500000000,0.000000000,0.000000000,0.229413047,0.000000000,0.000000000,530.000,111.000,111.000
1786789430660,XAUT_USDT,demo,0,stale_binance,0,0.000000000,0.500000000,0.000000000,0.000000000,0.229413047,0.000000000,0.000000000,648.000,229.000,229.000
1786789430775,XAUT_USDT,demo,0,microspread_below_threshold,0,0.000000000,0.500000000,0.309702817,0.309702817,0.229413047,0.000000000,0.000000000,1.000,87.000,87.000
1786789430923,XAUT_USDT,demo,0,microspread_below_threshold,0,0.000000000,0.500000000,0.309702817,0.309702817,0.229413047,0.000000000,0.000000000,149.000,50.000,50.000
1786789431041,XAUT_USDT,demo,0,microspread_below_threshold,0,0.000000000,0.500000000,0.309702817,0.309702817,0.229413047,0.000000000,0.000000000,267.000,168.000,168.000
1786789431174,XAUT_USDT,demo,0,stale_binance,0,0.000000000,0.500000000,0.000000000,0.000000000,0.229413047,0.000000000,0.000000000,400.000,57.000,57.000
1786789431299,XAUT_USDT,demo,0,stale_binance,0,0.000000000,0.500000000,0.000000000,0.000000000,0.229413047,0.000000000,0.000000000,525.000,1.000,1.000
1786789431444,XAUT_USDT,demo,0,stale_binance,0,0.000000000,0.500000000,0.000000000,0.000000000,0.229413047,0.000000000,0.000000000,670.000,62.000,62.000
1786789431570,XAUT_USDT,demo,0,stale_binance,0,0.000000000,0.500000000,0.000000000,0.000000000,0.229413047,0.000000000,0.000000000,796.000,188.000,188.000
1786789431708,XAUT_USDT,demo,0,stale_binance,0,0.000000000,0.500000000,0.000000000,0.000000000,0.229413047,0.000000000,0.000000000,934.000,55.000,55.000
1786789431817,XAUT_USDT,demo,0,stale_binance,0,0.000000000,0.500000000,0.000000000,0.000000000,0.229413047,0.000000000,0.000000000,1043.000,0.000,0.000
1786789431960,XAUT_USDT,demo,0,stale_binance,0,0.000000000,0.500000000,0.000000000,0.000000000,0.229413047,0.000000000,0.000000000,1186.000,60.000,60.000
1786789432069,XAUT_USDT,demo,0,stale_binance,0,0.000000000,0.500000000,0.000000000,0.000000000,0.229413047,0.000000000,0.000000000,1295.000,0.000,0.000
1786789432181,XAUT_USDT,demo,0,stale_binance,0,0.000000000,0.500000000,0.000000000,0.000000000,0.229413047,0.000000000,0.000000000,1407.000,112.000,112.000
1786789432295,XAUT_USDT,demo,0,stale_binance,0,0.000000000,0.500000000,0.000000000,0.000000000,0.229413047,0.000000000,0.000000000,1521.000,54.000,54.000
1786789432420,XAUT_USDT,demo,0,stale_binance,0,0.000000000,0.500000000,0.000000000,0.000000000,0.229413047,0.000000000,0.000000000,1646.000,0.000,0.000
1786789432548,XAUT_USDT,demo,0,stale_binance,0,0.000000000,0.500000000,0.000000000,0.000000000,0.229413047,0.000000000,0.000000000,1774.000,128.000,128.000
1786789432659,XAUT_USDT,demo,0,stale_binance,0,0.000000000,0.500000000,0.000000000,0.000000000,0.229413047,0.000000000,0.000000000,1885.000,239.000,239.000
1786789432808,XAUT_USDT,demo,0,stale_binance,0,0.000000000,0.500000000,0.000000000,0.000000000,0.229413047,0.000000000,0.000000000,2034.000,52.000,52.000
1786789432959,XAUT_USDT,demo,0,stale_binance,0,0.000000000,0.500000000,0.000000000,0.000000000,0.229413047,0.000000000,0.000000000,2185.000,116.000,116.000
1786789433072,XAUT_USDT,demo,0,stale_binance,0,0.000000000,0.500000000,0.000000000,0.000000000,0.229413047,0.000000000,0.000000000,2298.000,229.000,229.000
1786789433184,XAUT_USDT,demo,0,stale_binance,0,0.000000000,0.500000000,0.000000000,0.000000000,0.229413047,0.000000000,0.000000000,2410.000,0.000,0.000
1786789433337,XAUT_USDT,demo,0,microspread_below_threshold,0,0.000000000,0.500000000,0.309702817,0.309702817,0.229413047,0.000000000,0.000000000,57.000,67.000,67.000
1786789433486,XAUT_USDT,demo,0,microspread_below_threshold,0,0.000000000,0.500000000,0.309702817,0.309702817,0.229413047,0.000000000,0.000000000,206.000,115.000,115.000
1786789433600,XAUT_USDT,demo,0,microspread_below_threshold,0,0.000000000,0.500000000,0.309702817,0.309702817,0.229413047,0.000000000,0.000000000,0.000,229.000,229.000
1786789434364,XAUT_USDT,demo,0,stale_binance,0,0.000000000,0.500000000,0.000000000,0.000000000,0.229413047,0.000000000,0.000000000,764.000,54.000,54.000
1786789434512,XAUT_USDT,demo,0,stale_binance,0,0.000000000,0.500000000,0.000000000,0.000000000,0.229413047,0.000000000,0.000000000,912.000,119.000,119.000
1786789434619,XAUT_USDT,demo,0,stale_binance,0,0.000000000,0.500000000,0.000000000,0.000000000,0.229413047,0.000000000,0.000000000,1019.000,226.000,226.000
1786789434719,XAUT_USDT,demo,0,stale_binance,0,0.000000000,0.500000000,0.000000000,0.000000000,0.229413047,0.000000000,0.000000000,1119.000,57.000,57.000
1786789434821,XAUT_USDT,demo,0,stale_binance,0,0.000000000,0.500000000,0.000000000,0.000000000,0.229413047,0.000000000,0.000000000,1221.000,1.000,1.000
1786789434963,XAUT_USDT,demo,0,stale_binance,0,0.000000000,0.500000000,0.000000000,0.000000000,0.229413047,0.000000000,0.000000000,1363.000,56.000,56.000
1786789435076,XAUT_USDT,demo,0,stale_binance,0,0.000000000,0.500000000,0.000000000,0.000000000,0.229413047,0.000000000,0.000000000,1476.000,169.000,169.000
1786789435224,XAUT_USDT,demo,0,stale_binance,0,0.000000000,0.500000000,0.000000000,0.000000000,0.229413047,0.000000000,0.000000000,1624.000,57.000,57.000
1786789435338,XAUT_USDT,demo,0,stale_binance,0,0.000000000,0.500000000,0.000000000,0.000000000,0.229413047,0.000000000,0.000000000,1738.000,0.000,0.000
1786789435483,XAUT_USDT,demo,0,stale_binance,0,0.000000000,0.500000000,0.000000000,0.000000000,0.229413047,0.000000000,0.000000000,1883.000,55.000,55.000
1786789435595,XAUT_USDT,demo,0,stale_binance,0,0.000000000,0.500000000,0.000000000,0.000000000,0.229413047,0.000000000,0.000000000,1995.000,0.000,0.000
1786789435739,XAUT_USDT,demo,0,stale_binance,0,0.000000000,0.500000000,0.000000000,0.000000000,0.229413047,0.000000000,0.000000000,2139.000,58.000,58.000
1786789435858,XAUT_USDT,demo,0,stale_binance,0,0.000000000,0.500000000,0.000000000,0.000000000,0.229413047,0.000000000,0.000000000,2258.000,177.000,177.000
1786789436002,XAUT_USDT,demo,0,stale_binance,0,0.000000000,0.500000000,0.000000000,0.000000000,0.229413047,0.000000000,0.000000000,2402.000,65.000,65.000
1786789436120,XAUT_USDT,demo,0,stale_binance,0,0.000000000,0.500000000,0.000000000,0.000000000,0.229413047,0.000000000,0.000000000,2520.000,183.000,183.000
1786789436255,XAUT_USDT,demo,0,stale_binance,0,0.000000000,0.500000000,0.000000000,0.000000000,0.229413047,0.000000000,0.000000000,2655.000,53.000,53.000
1786789436382,XAUT_USDT,demo,0,stale_binance,0,0.000000000,0.500000000,0.000000000,0.000000000,0.229413047,0.000000000,0.000000000,2782.000,0.000,0.000
1786789436523,XAUT_USDT,demo,0,microspread_below_threshold,0,0.000000000,0.500000000,0.309702817,0.309702817,0.229413047,0.000000000,0.000000000,118.000,61.000,61.000
1786789436624,XAUT_USDT,demo,0,microspread_below_threshold,0,0.000000000,0.500000000,0.309702817,0.309702817,0.229413047,0.000000000,0.000000000,219.000,0.000,0.000
1786789436768,XAUT_USDT,demo,0,microspread_below_threshold,0,0.000000000,0.500000000,0.309702817,0.309702817,0.229413047,0.000000000,0.000000000,113.000,144.000,144.000
1786789436875,XAUT_USDT,demo,0,microspread_below_threshold,0,0.000000000,0.500000000,0.309702817,0.309702817,0.229413047,0.000000000,0.000000000,220.000,251.000,251.000
1786789437033,XAUT_USDT,demo,0,stale_binance,0,0.000000000,0.500000000,0.000000000,0.000000000,0.229413047,0.000000000,0.000000000,378.000,64.000,64.000
1786789437152,XAUT_USDT,demo,0,stale_binance,0,0.000000000,0.500000000,0.000000000,0.000000000,0.229413047,0.000000000,0.000000000,497.000,183.000,183.000
1786789437285,XAUT_USDT,demo,0,stale_binance,0,0.000000000,0.500000000,0.000000000,0.000000000,0.229413047,0.000000000,0.000000000,630.000,57.000,57.000
1786789437410,XAUT_USDT,demo,0,stale_binance,0,0.000000000,0.500000000,0.000000000,0.000000000,0.229413047,0.000000000,0.000000000,755.000,0.000,0.000
1786789437527,XAUT_USDT,demo,0,stale_binance,0,0.000000000,0.500000000,0.000000000,0.000000000,0.229413047,0.000000000,0.000000000,872.000,117.000,117.000
1786789437636,XAUT_USDT,demo,0,microspread_below_threshold,0,0.000000000,0.500000000,0.309702817,0.309702817,0.229413047,0.000000000,0.000000000,0.000,226.000,226.000
1786789437781,XAUT_USDT,demo,0,microspread_below_threshold,0,0.000000000,0.500000000,0.309702817,0.309702817,0.229413047,0.000000000,0.000000000,143.000,105.000,105.000
1786789437887,XAUT_USDT,demo,0,microspread_below_threshold,0,0.000000000,0.500000000,0.309702817,0.309702817,0.229413047,0.000000000,0.000000000,249.000,55.000,55.000
1786789437999,XAUT_USDT,demo,0,stale_binance,0,0.000000000,0.500000000,0.000000000,0.000000000,0.229413047,0.000000000,0.000000000,361.000,0.000,0.000
1786789438121,XAUT_USDT,demo,0,stale_binance,0,0.000000000,0.500000000,0.000000000,0.000000000,0.229413047,0.000000000,0.000000000,483.000,122.000,122.000
1786789438239,XAUT_USDT,demo,0,stale_binance,0,0.000000000,0.500000000,0.000000000,0.000000000,0.229413047,0.000000000,0.000000000,601.000,62.000,62.000
1786789438344,XAUT_USDT,demo,0,stale_binance,0,0.000000000,0.500000000,0.000000000,0.000000000,0.229413047,0.000000000,0.000000000,706.000,0.000,0.000
1786789438464,XAUT_USDT,demo,0,stale_binance,0,0.000000000,0.500000000,0.000000000,0.000000000,0.229413047,0.000000000,0.000000000,826.000,120.000,120.000
1786789438583,XAUT_USDT,demo,0,stale_binance,0,0.000000000,0.500000000,0.000000000,0.000000000,0.229413047,0.000000000,0.000000000,945.000,239.000,239.000
1786789438687,XAUT_USDT,demo,0,stale_binance,0,0.000000000,0.500000000,0.000000000,0.000000000,0.229413047,0.000000000,0.000000000,1049.000,0.000,0.000
1786789439454,XAUT_USDT,demo,0,stale_binance,0,0.000000000,0.500000000,0.000000000,0.000000000,0.229413047,0.000000000,0.000000000,1816.000,79.000,79.000
1786789439582,XAUT_USDT,demo,0,stale_binance,0,0.000000000,0.500000000,0.000000000,0.000000000,0.229413047,0.000000000,0.000000000,1944.000,123.000,123.000
1786789439704,XAUT_USDT,demo,0,stale_binance,0,0.000000000,0.500000000,0.000000000,0.000000000,0.229413047,0.000000000,0.000000000,2066.000,1.000,1.000
1786789439807,XAUT_USDT,demo,0,stale_binance,0,0.000000000,0.500000000,0.000000000,0.000000000,0.229413047,0.000000000,0.000000000,2169.000,0.000,0.000
1786789439925,XAUT_USDT,demo,0,stale_binance,0,0.000000000,0.500000000,0.000000000,0.000000000,0.229413047,0.000000000,0.000000000,2287.000,0.000,0.000
1786789440032,XAUT_USDT,demo,0,microspread_below_threshold,0,0.000000000,0.500000000,0.309702817,0.309702817,0.229413047,0.000000000,0.000000000,0.000,107.000,107.000
1786789440145,XAUT_USDT,demo,0,microspread_below_threshold,0,0.000000000,0.500000000,0.309702817,0.309702817,0.229413047,0.000000000,0.000000000,113.000,0.000,0.000
1786789440274,XAUT_USDT,demo,0,microspread_below_threshold,0,0.000000000,0.500000000,0.309702817,0.309702817,0.229413047,0.000000000,0.000000000,0.000,41.000,41.000
1786789440385,XAUT_USDT,demo,0,microspread_below_threshold,0,0.000000000,0.500000000,0.309702817,0.309702817,0.229413047,0.000000000,0.000000000,61.000,57.000,57.000
1786789440524,XAUT_USDT,demo,0,microspread_below_threshold,0,0.000000000,0.500000000,0.309702817,0.309702817,0.229413047,0.000000000,0.000000000,200.000,116.000,116.000
1786789440641,XAUT_USDT,demo,0,stale_binance,0,0.000000000,0.500000000,0.000000000,0.000000000,0.229413047,0.000000000,0.000000000,317.000,233.000,233.000
1786789440755,XAUT_USDT,demo,0,stale_binance,0,0.000000000,0.500000000,0.000000000,0.000000000,0.229413047,0.000000000,0.000000000,431.000,63.000,63.000
1786789440878,XAUT_USDT,demo,0,microspread_below_threshold,0,0.000000000,0.500000000,0.309702817,0.309702817,0.229413047,0.000000000,0.000000000,0.000,31.000,31.000
1786789440996,XAUT_USDT,demo,0,microspread_below_threshold,0,0.000000000,0.500000000,0.309702817,0.309702817,0.229413047,0.000000000,0.000000000,118.000,63.000,63.000
1786789441130,XAUT_USDT,demo,0,microspread_below_threshold,0,0.000000000,0.500000000,0.309702817,0.309702817,0.229413047,0.000000000,0.000000000,252.000,197.000,197.000
1786789441234,XAUT_USDT,demo,0,stale_binance,0,0.000000000,0.500000000,0.000000000,0.000000000,0.229413047,0.000000000,0.000000000,356.000,56.000,56.000
1786789441354,XAUT_USDT,demo,0,stale_binance,0,0.000000000,0.500000000,0.000000000,0.000000000,0.229413047,0.000000000,0.000000000,476.000,0.000,0.000
1786789441462,XAUT_USDT,demo,0,microspread_below_threshold,0,0.000000000,0.500000000,0.309702817,0.309702817,0.229413047,0.000000000,0.000000000,1.000,108.000,108.000
1786789441576,XAUT_USDT,demo,0,microspread_below_threshold,0,0.000000000,0.500000000,0.309702817,0.309702817,0.229413047,0.000000000,0.000000000,0.000,222.000,222.000
1786789441693,XAUT_USDT,demo,0,microspread_below_threshold,0,0.000000000,0.500000000,0.309702817,0.309702817,0.229413047,0.000000000,0.000000000,117.000,0.000,0.000
1786789441848,XAUT_USDT,demo,0,microspread_below_threshold,0,0.000000000,0.500000000,0.309702817,0.309702817,0.229413047,0.000000000,0.000000000,272.000,62.000,62.000
1786789441995,XAUT_USDT,demo,0,stale_binance,0,0.000000000,0.500000000,0.000000000,0.000000000,0.229413047,0.000000000,0.000000000,419.000,126.000,126.000
1786789442122,XAUT_USDT,demo,0,stale_binance,0,0.000000000,0.500000000,0.000000000,0.000000000,0.229413047,0.000000000,0.000000000,546.000,124.000,124.000
1786789442257,XAUT_USDT,demo,0,stale_binance,0,0.000000000,0.500000000,0.000000000,0.000000000,0.229413047,0.000000000,0.000000000,681.000,119.000,119.000
1786789442364,XAUT_USDT,demo,0,stale_binance,0,0.000000000,0.500000000,0.000000000,0.000000000,0.229413047,0.000000000,0.000000000,788.000,65.000,65.000
1786789442472,XAUT_USDT,demo,0,stale_binance,0,0.000000000,0.500000000,0.000000000,0.000000000,0.229413047,0.000000000,0.000000000,896.000,173.000,173.000
1786789442615,XAUT_USDT,demo,0,microspread_below_threshold,0,0.000000000,0.500000000,0.309702817,0.309702817,0.229413047,0.000000000,0.000000000,63.000,121.000,121.000
1786789442755,XAUT_USDT,demo,0,microspread_below_threshold,0,0.000000000,0.500000000,0.309702817,0.309702817,0.229413047,0.000000000,0.000000000,123.000,114.000,114.000
1786789442868,XAUT_USDT,demo,0,microspread_below_threshold,0,0.000000000,0.500000000,0.309702817,0.309702817,0.229413047,0.000000000,0.000000000,236.000,56.000,56.000
1786789443012,XAUT_USDT,demo,0,stale_binance,0,0.000000000,0.500000000,0.000000000,0.000000000,0.229413047,0.000000000,0.000000000,380.000,108.000,108.000
1786789443130,XAUT_USDT,demo,0,stale_binance,0,0.000000000,0.500000000,0.000000000,0.000000000,0.229413047,0.000000000,0.000000000,498.000,226.000,226.000
1786789443245,XAUT_USDT,demo,0,stale_binance,0,0.000000000,0.500000000,0.000000000,0.000000000,0.229413047,0.000000000,0.000000000,613.000,0.000,0.000
1786789443388,XAUT_USDT,demo,0,stale_binance,0,0.000000000,0.500000000,0.000000000,0.000000000,0.229413047,0.000000000,0.000000000,756.000,59.000,59.000
1786789443537,XAUT_USDT,demo,0,microspread_below_threshold,0,0.000000000,0.500000000,0.309702817,0.309702817,0.229413047,0.000000000,0.000000000,105.000,120.000,120.000
1786789443655,XAUT_USDT,demo,0,microspread_below_threshold,0,0.000000000,0.500000000,0.309702817,0.309702817,0.229413047,0.000000000,0.000000000,114.000,238.000,238.000
1786789444448,XAUT_USDT,demo,0,microspread_below_threshold,0,0.000000000,0.500000000,0.309702817,0.309702817,0.229413047,0.000000000,0.000000000,239.000,84.000,84.000
1786789444548,XAUT_USDT,demo,0,microspread_below_threshold,0,0.000000000,0.500000000,0.309702817,0.309702817,0.229413047,0.000000000,0.000000000,0.000,184.000,184.000
1786789444670,XAUT_USDT,demo,0,microspread_below_threshold,0,0.000000000,0.500000000,0.309702817,0.309702817,0.229413047,0.000000000,0.000000000,118.000,55.000,55.000
1786789444813,XAUT_USDT,demo,0,microspread_below_threshold,0,0.000000000,0.500000000,0.309702817,0.309702817,0.229413047,0.000000000,0.000000000,261.000,110.000,110.000
1786789444925,XAUT_USDT,demo,0,stale_binance,0,0.000000000,0.500000000,0.000000000,0.000000000,0.229413047,0.000000000,0.000000000,373.000,52.000,52.000
1786789445081,XAUT_USDT,demo,0,microspread_below_threshold,0,0.000000000,0.500000000,0.309702817,0.309702817,0.229413047,0.000000000,0.000000000,61.000,114.000,114.000
1786789445202,XAUT_USDT,demo,0,microspread_below_threshold,0,0.000000000,0.500000000,0.309702817,0.309702817,0.229413047,0.000000000,0.000000000,182.000,235.000,235.000
1786789445303,XAUT_USDT,demo,0,microspread_below_threshold,0,0.000000000,0.500000000,0.309702817,0.309702817,0.229413047,0.000000000,0.000000000,283.000,0.000,0.000
1786789445415,XAUT_USDT,demo,0,stale_binance,0,0.000000000,0.500000000,0.000000000,0.000000000,0.229413047,0.000000000,0.000000000,395.000,112.000,112.000
1786789445526,XAUT_USDT,demo,0,stale_binance,0,0.000000000,0.500000000,0.000000000,0.000000000,0.229413047,0.000000000,0.000000000,506.000,51.000,51.000
1786789445643,XAUT_USDT,demo,0,stale_binance,0,0.000000000,0.500000000,0.000000000,0.000000000,0.229413047,0.000000000,0.000000000,623.000,168.000,168.000
1786789445761,XAUT_USDT,demo,0,microspread_below_threshold,0,0.000000000,0.500000000,0.309702817,0.309702817,0.229413047,0.000000000,0.000000000,111.000,113.000,113.000
1786789445869,XAUT_USDT,demo,0,microspread_below_threshold,0,0.000000000,0.500000000,0.309702817,0.309702817,0.229413047,0.000000000,0.000000000,219.000,221.000,221.000
1786789445981,XAUT_USDT,demo,0,microspread_below_threshold,0,0.000000000,0.500000000,0.309702817,0.309702817,0.229413047,0.000000000,0.000000000,52.000,73.000,73.000
1786789446135,XAUT_USDT,demo,0,microspread_below_threshold,0,0.000000000,0.500000000,0.309702817,0.309702817,0.229413047,0.000000000,0.000000000,67.000,59.000,59.000
1786789446267,XAUT_USDT,demo,0,microspread_below_threshold,0,0.000000000,0.500000000,0.309702817,0.309702817,0.229413047,0.000000000,0.000000000,199.000,0.000,0.000
1786789446416,XAUT_USDT,demo,0,microspread_below_threshold,0,0.000000000,0.500000000,0.309702817,0.309702817,0.229413047,0.000000000,0.000000000,53.000,149.000,149.000
1786789446567,XAUT_USDT,demo,0,microspread_below_threshold,0,0.000000000,0.500000000,0.309702817,0.309702817,0.229413047,0.000000000,0.000000000,118.000,300.000,300.000
1786789446682,XAUT_USDT,demo,0,microspread_below_threshold,0,0.000000000,0.500000000,0.309702817,0.309702817,0.229413047,0.000000000,0.000000000,18.000,1.000,1.000
1786789446834,XAUT_USDT,demo,0,microspread_below_threshold,0,0.000000000,0.500000000,0.309702817,0.309702817,0.229413047,0.000000000,0.000000000,170.000,61.000,61.000
1786789446959,XAUT_USDT,demo,0,microspread_below_threshold,0,0.000000000,0.500000000,0.309702817,0.309702817,0.229413047,0.000000000,0.000000000,52.000,0.000,0.000
1786789447087,XAUT_USDT,demo,0,microspread_below_threshold,0,0.000000000,0.500000000,0.309702817,0.309702817,0.229413047,0.000000000,0.000000000,180.000,56.000,56.000
1786789447193,XAUT_USDT,demo,0,microspread_below_threshold,0,0.000000000,0.500000000,0.309702817,0.309702817,0.229413047,0.000000000,0.000000000,286.000,0.000,0.000
1786789447355,XAUT_USDT,demo,0,microspread_below_threshold,0,0.000000000,0.500000000,0.309702817,0.309702817,0.229413047,0.000000000,0.000000000,134.000,64.000,64.000
1786789447456,XAUT_USDT,demo,0,microspread_below_threshold,0,0.000000000,0.500000000,0.309702817,0.309702817,0.229413047,0.000000000,0.000000000,235.000,0.000,0.000
1786789447611,XAUT_USDT,demo,0,stale_binance,0,0.000000000,0.500000000,0.000000000,0.000000000,0.229413047,0.000000000,0.000000000,390.000,155.000,155.000
1786789447712,XAUT_USDT,demo,0,stale_binance,0,0.000000000,0.500000000,0.000000000,0.000000000,0.229413047,0.000000000,0.000000000,491.000,0.000,0.000
1786789447822,XAUT_USDT,demo,0,stale_binance,0,0.000000000,0.500000000,0.000000000,0.000000000,0.229413047,0.000000000,0.000000000,601.000,110.000,110.000
1786789447954,XAUT_USDT,demo,0,stale_binance,0,0.000000000,0.500000000,0.000000000,0.000000000,0.229413047,0.000000000,0.000000000,733.000,58.000,58.000
1786789448081,XAUT_USDT,demo,0,stale_binance,0,0.000000000,0.500000000,0.000000000,0.000000000,0.229413047,0.000000000,0.000000000,860.000,185.000,185.000
1786789448202,XAUT_USDT,demo,0,stale_binance,0,0.000000000,0.500000000,0.000000000,0.000000000,0.229413047,0.000000000,0.000000000,981.000,55.000,55.000
1786789448311,XAUT_USDT,demo,0,microspread_below_threshold,0,0.000000000,0.500000000,0.309702817,0.309702817,0.229413047,0.000000000,0.000000000,27.000,0.000,0.000
1786789448455,XAUT_USDT,demo,0,microspread_below_threshold,0,0.000000000,0.500000000,0.309702817,0.309702817,0.229413047,0.000000000,0.000000000,74.000,54.000,54.000
1786789448572,XAUT_USDT,demo,0,microspread_below_threshold,0,0.000000000,0.500000000,0.309702817,0.309702817,0.229413047,0.000000000,0.000000000,191.000,171.000,171.000
1786789448672,XAUT_USDT,demo,0,microspread_below_threshold,0,0.000000000,0.500000000,0.309702817,0.309702817,0.229413047,0.000000000,0.000000000,0.000,14.000,14.000
1786789449536,XAUT_USDT,demo,0,stale_binance,0,0.000000000,0.500000000,0.000000000,0.000000000,0.229413047,0.000000000,0.000000000,457.000,103.000,103.000
1786789449657,XAUT_USDT,demo,0,stale_binance,0,0.000000000,0.500000000,0.000000000,0.000000000,0.229413047,0.000000000,0.000000000,578.000,53.000,53.000
1786789449764,XAUT_USDT,demo,0,stale_binance,0,0.000000000,0.500000000,0.000000000,0.000000000,0.229413047,0.000000000,0.000000000,685.000,160.000,160.000
1786789449915,XAUT_USDT,demo,0,stale_binance,0,0.000000000,0.500000000,0.000000000,0.000000000,0.229413047,0.000000000,0.000000000,836.000,56.000,56.000
1786789450032,XAUT_USDT,demo,0,stale_binance,0,0.000000000,0.500000000,0.000000000,0.000000000,0.229413047,0.000000000,0.000000000,953.000,0.000,0.000
1786789450133,XAUT_USDT,demo,0,stale_binance,0,0.000000000,0.500000000,0.000000000,0.000000000,0.229413047,0.000000000,0.000000000,1054.000,0.000,0.000
1786789450255,XAUT_USDT,demo,0,stale_binance,0,0.000000000,0.500000000,0.000000000,0.000000000,0.229413047,0.000000000,0.000000000,1176.000,54.000,54.000
1786789450362,XAUT_USDT,demo,0,stale_binance,0,0.000000000,0.500000000,0.000000000,0.000000000,0.229413047,0.000000000,0.000000000,1283.000,51.000,51.000
1786789450515,XAUT_USDT,demo,0,stale_binance,0,0.000000000,0.500000000,0.000000000,0.000000000,0.229413047,0.000000000,0.000000000,1436.000,129.000,129.000
1786789450628,XAUT_USDT,demo,0,stale_binance,0,0.000000000,0.500000000,0.000000000,0.000000000,0.229413047,0.000000000,0.000000000,1549.000,242.000,242.000
1786789450783,XAUT_USDT,demo,0,stale_binance,0,0.000000000,0.500000000,0.000000000,0.000000000,0.229413047,0.000000000,0.000000000,1704.000,66.000,66.000
1786789450886,XAUT_USDT,demo,0,microspread_below_threshold,0,0.000000000,0.500000000,0.309702817,0.309702817,0.229413047,0.000000000,0.000000000,0.000,169.000,169.000
1786789451011,XAUT_USDT,demo,0,microspread_below_threshold,0,0.000000000,0.500000000,0.309702817,0.309702817,0.229413047,0.000000000,0.000000000,125.000,123.000,123.000
1786789451122,XAUT_USDT,demo,0,microspread_below_threshold,0,0.000000000,0.500000000,0.309702817,0.309702817,0.229413047,0.000000000,0.000000000,236.000,63.000,63.000
1786789451232,XAUT_USDT,demo,0,microspread_below_threshold,0,0.000000000,0.500000000,0.309702817,0.309702817,0.229413047,0.000000000,0.000000000,95.000,0.000,0.000
1786789451376,XAUT_USDT,demo,0,microspread_below_threshold,0,0.000000000,0.500000000,0.309702817,0.309702817,0.229413047,0.000000000,0.000000000,239.000,54.000,54.000
1786789451494,XAUT_USDT,demo,0,microspread_below_threshold,0,0.000000000,0.500000000,0.309702817,0.309702817,0.229413047,0.000000000,0.000000000,23.000,0.000,0.000
1786789451606,XAUT_USDT,demo,0,microspread_below_threshold,0,0.000000000,0.500000000,0.309702817,0.309702817,0.229413047,0.000000000,0.000000000,135.000,112.000,112.000
1786789451739,XAUT_USDT,demo,0,microspread_below_threshold,0,0.000000000,0.500000000,0.309702817,0.309702817,0.229413047,0.000000000,0.000000000,268.000,245.000,245.000
1786789451863,XAUT_USDT,demo,0,stale_binance,0,0.000000000,0.500000000,0.000000000,0.000000000,0.229413047,0.000000000,0.000000000,392.000,117.000,117.000
1786789451981,XAUT_USDT,demo,0,stale_binance,0,0.000000000,0.500000000,0.000000000,0.000000000,0.229413047,0.000000000,0.000000000,510.000,235.000,235.000
1786789452117,XAUT_USDT,demo,0,stale_binance,0,0.000000000,0.500000000,0.000000000,0.000000000,0.229413047,0.000000000,0.000000000,646.000,114.000,114.000
1786789452222,XAUT_USDT,demo,0,microspread_below_threshold,0,0.000000000,0.500000000,0.309702817,0.309702817,0.229413047,0.000000000,0.000000000,72.000,51.000,51.000
1786789452337,XAUT_USDT,demo,0,microspread_below_threshold,0,0.000000000,0.500000000,0.309702817,0.309702817,0.229413047,0.000000000,0.000000000,88.000,66.000,66.000
1786789452488,XAUT_USDT,demo,0,microspread_below_threshold,0,0.000000000,0.500000000,0.309702817,0.309702817,0.229413047,0.000000000,0.000000000,88.000,55.000,55.000
1786789452633,XAUT_USDT,demo,0,microspread_below_threshold,0,0.000000000,0.500000000,0.309702817,0.309702817,0.229413047,0.000000000,0.000000000,233.000,109.000,109.000
1786789452752,XAUT_USDT,demo,0,stale_binance,0,0.000000000,0.500000000,0.000000000,0.000000000,0.229413047,0.000000000,0.000000000,352.000,62.000,62.000
1786789452860,XAUT_USDT,demo,0,microspread_below_threshold,0,0.000000000,0.500000000,0.309702817,0.309702817,0.229413047,0.000000000,0.000000000,24.000,0.000,0.000
1786789452988,XAUT_USDT,demo,0,microspread_below_threshold,0,0.000000000,0.500000000,0.309702817,0.309702817,0.229413047,0.000000000,0.000000000,152.000,128.000,128.000
1786789453099,XAUT_USDT,demo,0,microspread_below_threshold,0,0.000000000,0.500000000,0.309702817,0.309702817,0.229413047,0.000000000,0.000000000,0.000,239.000,239.000
1786789453207,XAUT_USDT,demo,0,microspread_below_threshold,0,0.000000000,0.500000000,0.309702817,0.309702817,0.229413047,0.000000000,0.000000000,56.000,0.000,0.000
1786789453350,XAUT_USDT,demo,0,microspread_below_threshold,0,0.000000000,0.500000000,0.309702817,0.309702817,0.229413047,0.000000000,0.000000000,125.000,58.000,58.000
1786789453465,XAUT_USDT,demo,0,microspread_below_threshold,0,0.000000000,0.500000000,0.309702817,0.309702817,0.229413047,0.000000000,0.000000000,240.000,173.000,173.000
1786789453565,XAUT_USDT,demo,0,stale_binance,0,0.000000000,0.500000000,0.000000000,0.000000000,0.229413047,0.000000000,0.000000000,340.000,0.000,0.000
1786789453698,XAUT_USDT,demo,0,stale_binance,0,0.000000000,0.500000000,0.000000000,0.000000000,0.229413047,0.000000000,0.000000000,473.000,61.000,61.000
1786789454454,XAUT_USDT,demo,0,stale_binance,0,0.000000000,0.500000000,0.000000000,0.000000000,0.229413047,0.000000000,0.000000000,1229.000,40.000,40.000
1786789454603,XAUT_USDT,demo,0,stale_binance,0,0.000000000,0.500000000,0.000000000,0.000000000,0.229413047,0.000000000,0.000000000,1378.000,107.000,107.000
1786789454718,XAUT_USDT,demo,0,stale_binance,0,0.000000000,0.500000000,0.000000000,0.000000000,0.229413047,0.000000000,0.000000000,1493.000,222.000,222.000
1786789454846,XAUT_USDT,demo,0,stale_binance,0,0.000000000,0.500000000,0.000000000,0.000000000,0.229413047,0.000000000,0.000000000,1621.000,0.000,0.000
1786789454980,XAUT_USDT,demo,0,stale_binance,0,0.000000000,0.500000000,0.000000000,0.000000000,0.229413047,0.000000000,0.000000000,1755.000,134.000,134.000
1786789455157,XAUT_USDT,demo,0,stale_binance,0,0.000000000,0.500000000,0.000000000,0.000000000,0.229413047,0.000000000,0.000000000,1932.000,141.000,141.000
1786789455276,XAUT_USDT,demo,0,stale_binance,0,0.000000000,0.500000000,0.000000000,0.000000000,0.229413047,0.000000000,0.000000000,2051.000,0.000,0.000
1786789455395,XAUT_USDT,demo,0,stale_binance,0,0.000000000,0.500000000,0.000000000,0.000000000,0.229413047,0.000000000,0.000000000,2170.000,119.000,119.000
1786789455546,XAUT_USDT,demo,0,microspread_below_threshold,0,0.000000000,0.500000000,0.309702817,0.309702817,0.229413047,0.000000000,0.000000000,55.000,104.000,104.000
1786789455664,XAUT_USDT,demo,0,microspread_below_threshold,0,0.000000000,0.500000000,0.309702817,0.309702817,0.229413047,0.000000000,0.000000000,173.000,222.000,222.000
1786789455795,XAUT_USDT,demo,0,stale_binance,0,0.000000000,0.500000000,0.000000000,0.000000000,0.229413047,0.000000000,0.000000000,304.000,0.000,0.000
1786789455913,XAUT_USDT,demo,0,stale_binance,0,0.000000000,0.500000000,0.000000000,0.000000000,0.229413047,0.000000000,0.000000000,422.000,118.000,118.000
1786789456041,XAUT_USDT,demo,0,stale_binance,0,0.000000000,0.500000000,0.000000000,0.000000000,0.229413047,0.000000000,0.000000000,550.000,0.000,0.000
1786789456142,XAUT_USDT,demo,0,stale_binance,0,0.000000000,0.500000000,0.000000000,0.000000000,0.229413047,0.000000000,0.000000000,651.000,0.000,0.000
1786789456248,XAUT_USDT,demo,0,stale_binance,0,0.000000000,0.500000000,0.000000000,0.000000000,0.229413047,0.000000000,0.000000000,757.000,106.000,106.000
1786789456360,XAUT_USDT,demo,0,microspread_below_threshold,0,0.000000000,0.500000000,0.309702817,0.309702817,0.229413047,0.000000000,0.000000000,95.000,58.000,58.000
1786789456472,XAUT_USDT,demo,0,microspread_below_threshold,0,0.000000000,0.500000000,0.309702817,0.309702817,0.229413047,0.000000000,0.000000000,0.000,88.000,88.000
1786789456612,XAUT_USDT,demo,0,microspread_below_threshold,0,0.000000000,0.500000000,0.309702817,0.309702817,0.229413047,0.000000000,0.000000000,121.000,55.000,55.000
1786789456734,XAUT_USDT,demo,0,microspread_below_threshold,0,0.000000000,0.500000000,0.309702817,0.309702817,0.229413047,0.000000000,0.000000000,60.000,0.000,0.000
1786789456871,XAUT_USDT,demo,0,microspread_below_threshold,0,0.000000000,0.500000000,0.309702817,0.309702817,0.229413047,0.000000000,0.000000000,197.000,60.000,60.000
1786789456987,XAUT_USDT,demo,0,stale_binance,0,0.000000000,0.500000000,0.000000000,0.000000000,0.229413047,0.000000000,0.000000000,313.000,176.000,176.000
1786789457135,XAUT_USDT,demo,0,stale_binance,0,0.000000000,0.500000000,0.000000000,0.000000000,0.229413047,0.000000000,0.000000000,461.000,64.000,64.000
1786789457246,XAUT_USDT,demo,0,stale_binance,0,0.000000000,0.500000000,0.000000000,0.000000000,0.229413047,0.000000000,0.000000000,572.000,0.000,0.000
1786789457360,XAUT_USDT,demo,0,stale_binance,0,0.000000000,0.500000000,0.000000000,0.000000000,0.229413047,0.000000000,0.000000000,686.000,114.000,114.000
1786789457478,XAUT_USDT,demo,0,stale_binance,0,0.000000000,0.500000000,0.000000000,0.000000000,0.229413047,0.000000000,0.000000000,804.000,57.000,57.000
1786789457589,XAUT_USDT,demo,0,microspread_below_threshold,0,0.000000000,0.500000000,0.309702817,0.309702817,0.229413047,0.000000000,0.000000000,29.000,0.000,0.000
1786789457741,XAUT_USDT,demo,0,microspread_below_threshold,0,0.000000000,0.500000000,0.309702817,0.309702817,0.229413047,0.000000000,0.000000000,181.000,64.000,64.000
1786789457847,XAUT_USDT,demo,0,microspread_below_threshold,0,0.000000000,0.500000000,0.309702817,0.309702817,0.229413047,0.000000000,0.000000000,287.000,0.000,0.000
1786789457987,XAUT_USDT,demo,0,stale_binance,0,0.000000000,0.500000000,0.000000000,0.000000000,0.229413047,0.000000000,0.000000000,427.000,51.000,51.000
1786789458102,XAUT_USDT,demo,0,stale_binance,0,0.000000000,0.500000000,0.000000000,0.000000000,0.229413047,0.000000000,0.000000000,542.000,166.000,166.000
1786789458243,XAUT_USDT,demo,0,stale_binance,0,0.000000000,0.500000000,0.000000000,0.000000000,0.229413047,0.000000000,0.000000000,683.000,54.000,54.000
1786789458390,XAUT_USDT,demo,0,stale_binance,0,0.000000000,0.500000000,0.000000000,0.000000000,0.229413047,0.000000000,0.000000000,830.000,114.000,114.000
1786789458501,XAUT_USDT,demo,0,stale_binance,0,0.000000000,0.500000000,0.000000000,0.000000000,0.229413047,0.000000000,0.000000000,941.000,225.000,225.000
1786789458661,XAUT_USDT,demo,0,stale_binance,0,0.000000000,0.500000000,0.000000000,0.000000000,0.229413047,0.000000000,0.000000000,1101.000,123.000,123.000
1786789458767,XAUT_USDT,demo,0,stale_binance,0,0.000000000,0.500000000,0.000000000,0.000000000,0.229413047,0.000000000,0.000000000,1207.000,59.000,59.000
1786789459553,XAUT_USDT,demo,0,stale_binance,0,0.000000000,0.500000000,0.000000000,0.000000000,0.229413047,0.000000000,0.000000000,1993.000,69.000,69.000
1786789459658,XAUT_USDT,demo,0,stale_binance,0,0.000000000,0.500000000,0.000000000,0.000000000,0.229413047,0.000000000,0.000000000,2098.000,0.000,0.000
1786789459760,XAUT_USDT,demo,0,stale_binance,0,0.000000000,0.500000000,0.000000000,0.000000000,0.229413047,0.000000000,0.000000000,2200.000,1.000,1.000
1786789459864,XAUT_USDT,demo,0,stale_binance,0,0.000000000,0.500000000,0.000000000,0.000000000,0.229413047,0.000000000,0.000000000,2304.000,105.000,105.000
1786789459974,XAUT_USDT,demo,0,stale_binance,0,0.000000000,0.500000000,0.000000000,0.000000000,0.229413047,0.000000000,0.000000000,2414.000,63.000,63.000
1786789460080,XAUT_USDT,demo,0,stale_binance,0,0.000000000,0.500000000,0.000000000,0.000000000,0.229413047,0.000000000,0.000000000,2520.000,169.000,169.000
1786789460231,XAUT_USDT,demo,0,stale_binance,0,0.000000000,0.500000000,0.000000000,0.000000000,0.229413047,0.000000000,0.000000000,2671.000,60.000,60.000
1786789460382,XAUT_USDT,demo,0,microspread_below_threshold,0,0.000000000,0.500000000,0.309702817,0.309702817,0.229413047,0.000000000,0.000000000,111.000,121.000,121.000
1786789460490,XAUT_USDT,demo,0,microspread_below_threshold,0,0.000000000,0.500000000,0.309702817,0.309702817,0.229413047,0.000000000,0.000000000,219.000,56.000,56.000
1786789460647,XAUT_USDT,demo,0,stale_binance,0,0.000000000,0.500000000,0.000000000,0.000000000,0.229413047,0.000000000,0.000000000,376.000,121.000,121.000
1786789460751,XAUT_USDT,demo,0,microspread_below_threshold,0,0.000000000,0.500000000,0.309702817,0.309702817,0.229413047,0.000000000,0.000000000,51.000,225.000,225.000
1786789460897,XAUT_USDT,demo,0,microspread_below_threshold,0,0.000000000,0.500000000,0.309702817,0.309702817,0.229413047,0.000000000,0.000000000,68.000,64.000,64.000
1786789461018,XAUT_USDT,demo,0,microspread_below_threshold,0,0.000000000,0.500000000,0.309702817,0.309702817,0.229413047,0.000000000,0.000000000,189.000,185.000,185.000
1786789461159,XAUT_USDT,demo,0,stale_binance,0,0.000000000,0.500000000,0.000000000,0.000000000,0.229413047,0.000000000,0.000000000,330.000,114.000,114.000
1786789461298,XAUT_USDT,demo,0,microspread_below_threshold,0,0.000000000,0.500000000,0.309702817,0.309702817,0.229413047,0.000000000,0.000000000,58.000,0.000,0.000
1786789461406,XAUT_USDT,demo,0,microspread_below_threshold,0,0.000000000,0.500000000,0.309702817,0.309702817,0.229413047,0.000000000,0.000000000,166.000,108.000,108.000
1786789461511,XAUT_USDT,demo,0,microspread_below_threshold,0,0.000000000,0.500000000,0.309702817,0.309702817,0.229413047,0.000000000,0.000000000,0.000,213.000,213.000
1786789461667,XAUT_USDT,demo,0,microspread_below_threshold,0,0.000000000,0.500000000,0.309702817,0.309702817,0.229413047,0.000000000,0.000000000,156.000,120.000,120.000
1786789461775,XAUT_USDT,demo,0,microspread_below_threshold,0,0.000000000,0.500000000,0.309702817,0.309702817,0.229413047,0.000000000,0.000000000,264.000,57.000,57.000
1786789461891,XAUT_USDT,demo,0,stale_binance,0,0.000000000,0.500000000,0.000000000,0.000000000,0.229413047,0.000000000,0.000000000,380.000,0.000,0.000
1786789462034,XAUT_USDT,demo,0,stale_binance,0,0.000000000,0.500000000,0.000000000,0.000000000,0.229413047,0.000000000,0.000000000,523.000,62.000,62.000
1786789462157,XAUT_USDT,demo,0,stale_binance,0,0.000000000,0.500000000,0.000000000,0.000000000,0.229413047,0.000000000,0.000000000,646.000,0.000,0.000
1786789462275,XAUT_USDT,demo,0,stale_binance,0,0.000000000,0.500000000,0.000000000,0.000000000,0.229413047,0.000000000,0.000000000,764.000,118.000,118.000
1786789462384,XAUT_USDT,demo,0,microspread_below_threshold,0,0.000000000,0.500000000,0.309702817,0.309702817,0.229413047,0.000000000,0.000000000,65.000,70.000,70.000
1786789462516,XAUT_USDT,demo,0,microspread_below_threshold,0,0.000000000,0.500000000,0.309702817,0.309702817,0.229413047,0.000000000,0.000000000,197.000,202.000,202.000
1786789462634,XAUT_USDT,demo,0,stale_binance,0,0.000000000,0.500000000,0.000000000,0.000000000,0.229413047,0.000000000,0.000000000,315.000,63.000,63.000
1786789462758,XAUT_USDT,demo,0,stale_binance,0,0.000000000,0.500000000,0.000000000,0.000000000,0.229413047,0.000000000,0.000000000,439.000,0.000,0.000
1786789462927,XAUT_USDT,demo,0,stale_binance,0,0.000000000,0.500000000,0.000000000,0.000000000,0.229413047,0.000000000,0.000000000,608.000,169.000,169.000
1786789463046,XAUT_USDT,demo,0,microspread_below_threshold,0,0.000000000,0.500000000,0.309702817,0.309702817,0.229413047,0.000000000,0.000000000,0.000,38.000,38.000
1786789463165,XAUT_USDT,demo,0,microspread_below_threshold,0,0.000000000,0.500000000,0.309702817,0.309702817,0.229413047,0.000000000,0.000000000,119.000,65.000,65.000
1786789463318,XAUT_USDT,demo,0,microspread_below_threshold,0,0.000000000,0.500000000,0.309702817,0.309702817,0.229413047,0.000000000,0.000000000,272.000,61.000,61.000
1786789463455,XAUT_USDT,demo,0,stale_binance,0,0.000000000,0.500000000,0.000000000,0.000000000,0.229413047,0.000000000,0.000000000,409.000,109.000,109.000
1786789463600,XAUT_USDT,demo,0,microspread_below_threshold,0,0.000000000,0.500000000,0.309702817,0.309702817,0.229413047,0.000000000,0.000000000,65.000,83.000,83.000
1786789463730,XAUT_USDT,demo,0,microspread_below_threshold,0,0.000000000,0.500000000,0.309702817,0.309702817,0.229413047,0.000000000,0.000000000,195.000,213.000,213.000
1786789463833,XAUT_USDT,demo,0,microspread_below_threshold,0,0.000000000,0.500000000,0.309702817,0.309702817,0.229413047,0.000000000,0.000000000,298.000,60.000,60.000
1786789464540,XAUT_USDT,demo,0,stale_binance,0,0.000000000,0.500000000,0.000000000,0.000000000,0.229413047,0.000000000,0.000000000,1005.000,80.000,80.000
1786789464660,XAUT_USDT,demo,0,stale_binance,0,0.000000000,0.500000000,0.000000000,0.000000000,0.229413047,0.000000000,0.000000000,1125.000,200.000,200.000
1786789464773,XAUT_USDT,demo,0,stale_binance,0,0.000000000,0.500000000,0.000000000,0.000000000,0.229413047,0.000000000,0.000000000,1238.000,59.000,59.000
1786789464911,XAUT_USDT,demo,0,stale_binance,0,0.000000000,0.500000000,0.000000000,0.000000000,0.229413047,0.000000000,0.000000000,1376.000,111.000,111.000
1786789465023,XAUT_USDT,demo,0,stale_binance,0,0.000000000,0.500000000,0.000000000,0.000000000,0.229413047,0.000000000,0.000000000,1488.000,54.000,54.000
1786789465137,XAUT_USDT,demo,0,stale_binance,0,0.000000000,0.500000000,0.000000000,0.000000000,0.229413047,0.000000000,0.000000000,1602.000,0.000,0.000
1786789465245,XAUT_USDT,demo,0,stale_binance,0,0.000000000,0.500000000,0.000000000,0.000000000,0.229413047,0.000000000,0.000000000,1710.000,108.000,108.000
1786789465364,XAUT_USDT,demo,0,stale_binance,0,0.000000000,0.500000000,0.000000000,0.000000000,0.229413047,0.000000000,0.000000000,1829.000,55.000,55.000
1786789465474,XAUT_USDT,demo,0,stale_binance,0,0.000000000,0.500000000,0.000000000,0.000000000,0.229413047,0.000000000,0.000000000,1939.000,165.000,165.000
1786789465592,XAUT_USDT,demo,0,stale_binance,0,0.000000000,0.500000000,0.000000000,0.000000000,0.229413047,0.000000000,0.000000000,2057.000,113.000,113.000
1786789465715,XAUT_USDT,demo,0,stale_binance,0,0.000000000,0.500000000,0.000000000,0.000000000,0.229413047,0.000000000,0.000000000,2180.000,60.000,60.000
1786789465845,XAUT_USDT,demo,0,stale_binance,0,0.000000000,0.500000000,0.000000000,0.000000000,0.229413047,0.000000000,0.000000000,2310.000,102.000,102.000
1786789465993,XAUT_USDT,demo,0,stale_binance,0,0.000000000,0.500000000,0.000000000,0.000000000,0.229413047,0.000000000,0.000000000,2458.000,70.000,70.000
1786789466147,XAUT_USDT,demo,0,stale_binance,0,0.000000000,0.500000000,0.000000000,0.000000000,0.229413047,0.000000000,0.000000000,2612.000,66.000,66.000
1786789466261,XAUT_USDT,demo,0,stale_binance,0,0.000000000,0.500000000,0.000000000,0.000000000,0.229413047,0.000000000,0.000000000,2726.000,0.000,0.000
1786789466396,XAUT_USDT,demo,0,stale_binance,0,0.000000000,0.500000000,0.000000000,0.000000000,0.229413047,0.000000000,0.000000000,2861.000,57.000,57.000
1786789466519,XAUT_USDT,demo,0,microspread_below_threshold,0,0.000000000,0.500000000,0.309702817,0.309702817,0.229413047,0.000000000,0.000000000,0.000,180.000,180.000
1786789466619,XAUT_USDT,demo,0,microspread_below_threshold,0,0.000000000,0.500000000,0.309702817,0.309702817,0.229413047,0.000000000,0.000000000,89.000,0.000,0.000
1786789466778,XAUT_USDT,demo,0,microspread_below_threshold,0,0.000000000,0.500000000,0.309702817,0.309702817,0.229413047,0.000000000,0.000000000,61.000,89.000,89.000
1786789466924,XAUT_USDT,demo,0,microspread_below_threshold,0,0.000000000,0.500000000,0.309702817,0.309702817,0.229413047,0.000000000,0.000000000,207.000,65.000,65.000
1786789467032,XAUT_USDT,demo,0,stale_binance,0,0.000000000,0.500000000,0.000000000,0.000000000,0.229413047,0.000000000,0.000000000,315.000,0.000,0.000
1786789467147,XAUT_USDT,demo,0,stale_binance,0,0.000000000,0.500000000,0.000000000,0.000000000,0.229413047,0.000000000,0.000000000,430.000,115.000,115.000
1786789467262,XAUT_USDT,demo,0,stale_binance,0,0.000000000,0.500000000,0.000000000,0.000000000,0.229413047,0.000000000,0.000000000,545.000,56.000,56.000
1786789467378,XAUT_USDT,demo,0,stale_binance,0,0.000000000,0.500000000,0.000000000,0.000000000,0.229413047,0.000000000,0.000000000,661.000,0.000,0.000
1786789467498,XAUT_USDT,demo,0,stale_binance,0,0.000000000,0.500000000,0.000000000,0.000000000,0.229413047,0.000000000,0.000000000,781.000,120.000,120.000
1786789467622,XAUT_USDT,demo,0,stale_binance,0,0.000000000,0.500000000,0.000000000,0.000000000,0.229413047,0.000000000,0.000000000,905.000,244.000,244.000
1786789467755,XAUT_USDT,demo,0,stale_binance,0,0.000000000,0.500000000,0.000000000,0.000000000,0.229413047,0.000000000,0.000000000,1038.000,124.000,124.000
1786789467864,XAUT_USDT,demo,0,stale_binance,0,0.000000000,0.500000000,0.000000000,0.000000000,0.229413047,0.000000000,0.000000000,1147.000,65.000,65.000
1786789467974,XAUT_USDT,demo,0,stale_binance,0,0.000000000,0.500000000,0.000000000,0.000000000,0.229413047,0.000000000,0.000000000,1257.000,0.000,0.000
1786789468112,XAUT_USDT,demo,0,stale_binance,0,0.000000000,0.500000000,0.000000000,0.000000000,0.229413047,0.000000000,0.000000000,1395.000,52.000,52.000
1786789468229,XAUT_USDT,demo,0,stale_binance,0,0.000000000,0.500000000,0.000000000,0.000000000,0.229413047,0.000000000,0.000000000,1512.000,1.000,1.000
1786789468375,XAUT_USDT,demo,0,stale_binance,0,0.000000000,0.500000000,0.000000000,0.000000000,0.229413047,0.000000000,0.000000000,1658.000,58.000,58.000
1786789468493,XAUT_USDT,demo,0,stale_binance,0,0.000000000,0.500000000,0.000000000,0.000000000,0.229413047,0.000000000,0.000000000,1776.000,0.000,0.000
1786789468608,XAUT_USDT,demo,0,stale_binance,0,0.000000000,0.500000000,0.000000000,0.000000000,0.229413047,0.000000000,0.000000000,1891.000,115.000,115.000
1786789468723,XAUT_USDT,demo,0,stale_binance,0,0.000000000,0.500000000,0.000000000,0.000000000,0.229413047,0.000000000,0.000000000,2006.000,55.000,55.000
1786789468830,XAUT_USDT,demo,0,stale_binance,0,0.000000000,0.500000000,0.000000000,0.000000000,0.229413047,0.000000000,0.000000000,2113.000,0.000,0.000
1786789469573,XAUT_USDT,demo,0,stale_binance,0,0.000000000,0.500000000,0.000000000,0.000000000,0.229413047,0.000000000,0.000000000,330.000,146.000,146.000
1786789469713,XAUT_USDT,demo,0,stale_binance,0,0.000000000,0.500000000,0.000000000,0.000000000,0.229413047,0.000000000,0.000000000,470.000,115.000,115.000
1786789469835,XAUT_USDT,demo,0,stale_binance,0,0.000000000,0.500000000,0.000000000,0.000000000,0.229413047,0.000000000,0.000000000,592.000,58.000,58.000
1786789469949,XAUT_USDT,demo,0,stale_binance,0,0.000000000,0.500000000,0.000000000,0.000000000,0.229413047,0.000000000,0.000000000,706.000,59.000,59.000
1786789470063,XAUT_USDT,demo,0,stale_binance,0,0.000000000,0.500000000,0.000000000,0.000000000,0.229413047,0.000000000,0.000000000,820.000,173.000,173.000
1786789470175,XAUT_USDT,demo,0,stale_binance,0,0.000000000,0.500000000,0.000000000,0.000000000,0.229413047,0.000000000,0.000000000,932.000,61.000,61.000
1786789470285,XAUT_USDT,demo,0,stale_binance,0,0.000000000,0.500000000,0.000000000,0.000000000,0.229413047,0.000000000,0.000000000,1042.000,0.000,0.000
1786789470425,XAUT_USDT,demo,0,stale_binance,0,0.000000000,0.500000000,0.000000000,0.000000000,0.229413047,0.000000000,0.000000000,1182.000,53.000,53.000
1786789470542,XAUT_USDT,demo,0,stale_binance,0,0.000000000,0.500000000,0.000000000,0.000000000,0.229413047,0.000000000,0.000000000,1299.000,0.000,0.000
1786789470696,XAUT_USDT,demo,0,microspread_below_threshold,0,0.000000000,0.500000000,0.309702817,0.309702817,0.229413047,0.000000000,0.000000000,58.000,154.000,154.000
1786789470799,XAUT_USDT,demo,0,microspread_below_threshold,0,0.000000000,0.500000000,0.309702817,0.309702817,0.229413047,0.000000000,0.000000000,161.000,0.000,0.000
1786789470928,XAUT_USDT,demo,0,microspread_below_threshold,0,0.000000000,0.500000000,0.309702817,0.309702817,0.229413047,0.000000000,0.000000000,290.000,129.000,129.000
1786789471057,XAUT_USDT,demo,0,stale_binance,0,0.000000000,0.500000000,0.000000000,0.000000000,0.229413047,0.000000000,0.000000000,419.000,0.000,0.000
1786789471227,XAUT_USDT,demo,0,stale_binance,0,0.000000000,0.500000000,0.000000000,0.000000000,0.229413047,0.000000000,0.000000000,589.000,170.000,170.000
1786789471377,XAUT_USDT,demo,0,stale_binance,0,0.000000000,0.500000000,0.000000000,0.000000000,0.229413047,0.000000000,0.000000000,739.000,58.000,58.000
1786789471488,XAUT_USDT,demo,0,stale_binance,0,0.000000000,0.500000000,0.000000000,0.000000000,0.229413047,0.000000000,0.000000000,850.000,1.000,1.000
1786789471620,XAUT_USDT,demo,0,microspread_below_threshold,0,0.000000000,0.500000000,0.309702817,0.309702817,0.229413047,0.000000000,0.000000000,63.000,133.000,133.000
1786789471748,XAUT_USDT,demo,0,microspread_below_threshold,0,0.000000000,0.500000000,0.309702817,0.309702817,0.229413047,0.000000000,0.000000000,83.000,0.000,0.000
1786789471863,XAUT_USDT,demo,0,microspread_below_threshold,0,0.000000000,0.500000000,0.309702817,0.309702817,0.229413047,0.000000000,0.000000000,59.000,115.000,115.000
1786789471974,XAUT_USDT,demo,0,microspread_below_threshold,0,0.000000000,0.500000000,0.309702817,0.309702817,0.229413047,0.000000000,0.000000000,170.000,226.000,226.000
1786789472087,XAUT_USDT,demo,0,microspread_below_threshold,0,0.000000000,0.500000000,0.309702817,0.309702817,0.229413047,0.000000000,0.000000000,283.000,60.000,60.000
1786789472207,XAUT_USDT,demo,0,stale_binance,0,0.000000000,0.500000000,0.000000000,0.000000000,0.229413047,0.000000000,0.000000000,403.000,111.000,111.000
1786789472330,XAUT_USDT,demo,0,stale_binance,0,0.000000000,0.500000000,0.000000000,0.000000000,0.229413047,0.000000000,0.000000000,526.000,63.000,63.000
1786789472460,XAUT_USDT,demo,0,stale_binance,0,0.000000000,0.500000000,0.000000000,0.000000000,0.229413047,0.000000000,0.000000000,656.000,113.000,113.000
1786789472579,XAUT_USDT,demo,0,stale_binance,0,0.000000000,0.500000000,0.000000000,0.000000000,0.229413047,0.000000000,0.000000000,775.000,55.000,55.000
1786789472693,XAUT_USDT,demo,0,stale_binance,0,0.000000000,0.500000000,0.000000000,0.000000000,0.229413047,0.000000000,0.000000000,889.000,0.000,0.000
1786789472807,XAUT_USDT,demo,0,stale_binance,0,0.000000000,0.500000000,0.000000000,0.000000000,0.229413047,0.000000000,0.000000000,1003.000,114.000,114.000
1786789472922,XAUT_USDT,demo,0,stale_binance,0,0.000000000,0.500000000,0.000000000,0.000000000,0.229413047,0.000000000,0.000000000,1118.000,229.000,229.000
1786789473039,XAUT_USDT,demo,0,stale_binance,0,0.000000000,0.500000000,0.000000000,0.000000000,0.229413047,0.000000000,0.000000000,1235.000,346.000,346.000
1786789473165,XAUT_USDT,demo,0,stale_binance,0,0.000000000,0.500000000,0.000000000,0.000000000,0.229413047,0.000000000,0.000000000,1361.000,120.000,120.000
1786789473293,XAUT_USDT,demo,0,microspread_below_threshold,0,0.000000000,0.500000000,0.309702817,0.309702817,0.229413047,0.000000000,0.000000000,54.000,84.000,84.000
1786789473409,XAUT_USDT,demo,0,microspread_below_threshold,0,0.000000000,0.500000000,0.309702817,0.309702817,0.229413047,0.000000000,0.000000000,170.000,200.000,200.000
1786789473521,XAUT_USDT,demo,0,microspread_below_threshold,0,0.000000000,0.500000000,0.309702817,0.309702817,0.229413047,0.000000000,0.000000000,282.000,51.000,51.000
1786789473643,XAUT_USDT,demo,0,stale_binance,0,0.000000000,0.500000000,0.000000000,0.000000000,0.229413047,0.000000000,0.000000000,404.000,0.000,0.000
1786789473784,XAUT_USDT,demo,0,stale_binance,0,0.000000000,0.500000000,0.000000000,0.000000000,0.229413047,0.000000000,0.000000000,545.000,55.000,55.000
1786789473899,XAUT_USDT,demo,0,stale_binance,0,0.000000000,0.500000000,0.000000000,0.000000000,0.229413047,0.000000000,0.000000000,660.000,0.000,0.000
1786789474651,XAUT_USDT,demo,0,stale_binance,0,0.000000000,0.500000000,0.000000000,0.000000000,0.229413047,0.000000000,0.000000000,1412.000,141.000,141.000
1786789474767,XAUT_USDT,demo,0,stale_binance,0,0.000000000,0.500000000,0.000000000,0.000000000,0.229413047,0.000000000,0.000000000,1528.000,0.000,0.000
1786789474904,XAUT_USDT,demo,0,stale_binance,0,0.000000000,0.500000000,0.000000000,0.000000000,0.229413047,0.000000000,0.000000000,1665.000,52.000,52.000
1786789475017,XAUT_USDT,demo,0,stale_binance,0,0.000000000,0.500000000,0.000000000,0.000000000,0.229413047,0.000000000,0.000000000,1778.000,1.000,1.000
1786789475139,XAUT_USDT,demo,0,stale_binance,0,0.000000000,0.500000000,0.000000000,0.000000000,0.229413047,0.000000000,0.000000000,1900.000,123.000,123.000
1786789475253,XAUT_USDT,demo,0,stale_binance,0,0.000000000,0.500000000,0.000000000,0.000000000,0.229413047,0.000000000,0.000000000,2014.000,237.000,237.000
1786789475371,XAUT_USDT,demo,0,stale_binance,0,0.000000000,0.500000000,0.000000000,0.000000000,0.229413047,0.000000000,0.000000000,2132.000,0.000,0.000
1786789475511,XAUT_USDT,demo,0,stale_binance,0,0.000000000,0.500000000,0.000000000,0.000000000,0.229413047,0.000000000,0.000000000,2272.000,65.000,65.000
1786789475620,XAUT_USDT,demo,0,stale_binance,0,0.000000000,0.500000000,0.000000000,0.000000000,0.229413047,0.000000000,0.000000000,2381.000,0.000,0.000
1786789475748,XAUT_USDT,demo,0,stale_binance,0,0.000000000,0.500000000,0.000000000,0.000000000,0.229413047,0.000000000,0.000000000,2509.000,128.000,128.000
1786789475857,XAUT_USDT,demo,0,stale_binance,0,0.000000000,0.500000000,0.000000000,0.000000000,0.229413047,0.000000000,0.000000000,2618.000,237.000,237.000
1786789475991,XAUT_USDT,demo,0,stale_binance,0,0.000000000,0.500000000,0.000000000,0.000000000,0.229413047,0.000000000,0.000000000,2752.000,111.000,111.000
1786789476110,XAUT_USDT,demo,0,stale_binance,0,0.000000000,0.500000000,0.000000000,0.000000000,0.229413047,0.000000000,0.000000000,2871.000,230.000,230.000
1786789476241,XAUT_USDT,demo,0,stale_binance,0,0.000000000,0.500000000,0.000000000,0.000000000,0.229413047,0.000000000,0.000000000,3002.000,114.000,114.000
1786789476358,XAUT_USDT,demo,0,stale_binance,0,0.000000000,0.500000000,0.000000000,0.000000000,0.229413047,0.000000000,0.000000000,3119.000,59.000,59.000
1786789476495,XAUT_USDT,demo,0,stale_binance,0,0.000000000,0.500000000,0.000000000,0.000000000,0.229413047,0.000000000,0.000000000,3256.000,108.000,108.000
1786789476627,XAUT_USDT,demo,0,microspread_below_threshold,0,0.000000000,0.500000000,0.309702817,0.309702817,0.229413047,0.000000000,0.000000000,53.000,65.000,65.000
1786789476751,XAUT_USDT,demo,0,microspread_below_threshold,0,0.000000000,0.500000000,0.309702817,0.309702817,0.229413047,0.000000000,0.000000000,55.000,189.000,189.000
1786789476889,XAUT_USDT,demo,0,microspread_below_threshold,0,0.000000000,0.500000000,0.309702817,0.309702817,0.229413047,0.000000000,0.000000000,193.000,67.000,67.000
1786789477041,XAUT_USDT,demo,0,stale_binance,0,0.000000000,0.500000000,0.000000000,0.000000000,0.229413047,0.000000000,0.000000000,345.000,54.000,54.000
1786789477156,XAUT_USDT,demo,0,stale_binance,0,0.000000000,0.500000000,0.000000000,0.000000000,0.229413047,0.000000000,0.000000000,460.000,169.000,169.000
1786789477299,XAUT_USDT,demo,0,stale_binance,0,0.000000000,0.500000000,0.000000000,0.000000000,0.229413047,0.000000000,0.000000000,603.000,56.000,56.000
1786789477420,XAUT_USDT,demo,0,stale_binance,0,0.000000000,0.500000000,0.000000000,0.000000000,0.229413047,0.000000000,0.000000000,724.000,177.000,177.000
1786789477561,XAUT_USDT,demo,0,stale_binance,0,0.000000000,0.500000000,0.000000000,0.000000000,0.229413047,0.000000000,0.000000000,865.000,58.000,58.000
1786789477676,XAUT_USDT,demo,0,stale_binance,0,0.000000000,0.500000000,0.000000000,0.000000000,0.229413047,0.000000000,0.000000000,980.000,173.000,173.000
1786789477815,XAUT_USDT,demo,0,stale_binance,0,0.000000000,0.500000000,0.000000000,0.000000000,0.229413047,0.000000000,0.000000000,1119.000,53.000,53.000
1786789477935,XAUT_USDT,demo,0,stale_binance,0,0.000000000,0.500000000,0.000000000,0.000000000,0.229413047,0.000000000,0.000000000,1239.000,0.000,0.000
1786789478086,XAUT_USDT,demo,0,stale_binance,0,0.000000000,0.500000000,0.000000000,0.000000000,0.229413047,0.000000000,0.000000000,1390.000,55.000,55.000
1786789478209,XAUT_USDT,demo,0,stale_binance,0,0.000000000,0.500000000,0.000000000,0.000000000,0.229413047,0.000000000,0.000000000,1513.000,103.000,103.000
1786789478329,XAUT_USDT,demo,0,stale_binance,0,0.000000000,0.500000000,0.000000000,0.000000000,0.229413047,0.000000000,0.000000000,1633.000,52.000,52.000
1786789478474,XAUT_USDT,demo,0,stale_binance,0,0.000000000,0.500000000,0.000000000,0.000000000,0.229413047,0.000000000,0.000000000,1778.000,102.000,102.000
1786789478598,XAUT_USDT,demo,0,stale_binance,0,0.000000000,0.500000000,0.000000000,0.000000000,0.229413047,0.000000000,0.000000000,1902.000,57.000,57.000
1786789478712,XAUT_USDT,demo,0,stale_binance,0,0.000000000,0.500000000,0.000000000,0.000000000,0.229413047,0.000000000,0.000000000,2016.000,171.000,171.000
1786789478855,XAUT_USDT,demo,0,stale_binance,0,0.000000000,0.500000000,0.000000000,0.000000000,0.229413047,0.000000000,0.000000000,2159.000,58.000,58.000
1786789478960,XAUT_USDT,demo,0,stale_binance,0,0.000000000,0.500000000,0.000000000,0.000000000,0.229413047,0.000000000,0.000000000,2264.000,0.000,0.000
1786789479718,XAUT_USDT,demo,0,stale_binance,0,0.000000000,0.500000000,0.000000000,0.000000000,0.229413047,0.000000000,0.000000000,3022.000,64.000,64.000
1786789479824,XAUT_USDT,demo,0,stale_binance,0,0.000000000,0.500000000,0.000000000,0.000000000,0.229413047,0.000000000,0.000000000,3128.000,0.000,0.000
1786789479971,XAUT_USDT,demo,0,stale_binance,0,0.000000000,0.500000000,0.000000000,0.000000000,0.229413047,0.000000000,0.000000000,3275.000,56.000,56.000
1786789480081,XAUT_USDT,demo,0,stale_binance,0,0.000000000,0.500000000,0.000000000,0.000000000,0.229413047,0.000000000,0.000000000,3385.000,0.000,0.000
1786789480188,XAUT_USDT,demo,0,stale_binance,0,0.000000000,0.500000000,0.000000000,0.000000000,0.229413047,0.000000000,0.000000000,3492.000,107.000,107.000
1786789480304,XAUT_USDT,demo,0,stale_binance,0,0.000000000,0.500000000,0.000000000,0.000000000,0.229413047,0.000000000,0.000000000,3608.000,53.000,53.000
1786789480429,XAUT_USDT,demo,0,stale_binance,0,0.000000000,0.500000000,0.000000000,0.000000000,0.229413047,0.000000000,0.000000000,3733.000,0.000,0.000
1786789480571,XAUT_USDT,demo,0,stale_binance,0,0.000000000,0.500000000,0.000000000,0.000000000,0.229413047,0.000000000,0.000000000,3875.000,60.000,60.000
1786789480677,XAUT_USDT,demo,0,microspread_below_threshold,0,0.000000000,0.500000000,0.309702817,0.309702817,0.229413047,0.000000000,0.000000000,0.000,166.000,166.000
1786789480821,XAUT_USDT,demo,0,microspread_below_threshold,0,0.000000000,0.500000000,0.309702817,0.309702817,0.229413047,0.000000000,0.000000000,140.000,52.000,52.000
1786789480942,XAUT_USDT,demo,0,microspread_below_threshold,0,0.000000000,0.500000000,0.309702817,0.309702817,0.229413047,0.000000000,0.000000000,261.000,0.000,0.000
1786789481070,XAUT_USDT,demo,0,stale_binance,0,0.000000000,0.500000000,0.000000000,0.000000000,0.229413047,0.000000000,0.000000000,389.000,128.000,128.000
1786789481188,XAUT_USDT,demo,0,stale_binance,0,0.000000000,0.500000000,0.000000000,0.000000000,0.229413047,0.000000000,0.000000000,507.000,246.000,246.000
1786789481339,XAUT_USDT,demo,0,stale_binance,0,0.000000000,0.500000000,0.000000000,0.000000000,0.229413047,0.000000000,0.000000000,658.000,57.000,57.000
1786789481456,XAUT_USDT,demo,0,stale_binance,0,0.000000000,0.500000000,0.000000000,0.000000000,0.229413047,0.000000000,0.000000000,775.000,0.000,0.000
1786789481573,XAUT_USDT,demo,0,microspread_below_threshold,0,0.000000000,0.500000000,0.309702817,0.309702817,0.229413047,0.000000000,0.000000000,0.000,117.000,117.000
1786789481677,XAUT_USDT,demo,0,microspread_below_threshold,0,0.000000000,0.500000000,0.309702817,0.309702817,0.229413047,0.000000000,0.000000000,86.000,52.000,52.000
1786789481804,XAUT_USDT,demo,0,microspread_below_threshold,0,0.000000000,0.500000000,0.309702817,0.309702817,0.229413047,0.000000000,0.000000000,213.000,179.000,179.000
1786789481937,XAUT_USDT,demo,0,stale_binance,0,0.000000000,0.500000000,0.000000000,0.000000000,0.229413047,0.000000000,0.000000000,346.000,58.000,58.000
1786789482070,XAUT_USDT,demo,0,stale_binance,0,0.000000000,0.500000000,0.000000000,0.000000000,0.229413047,0.000000000,0.000000000,479.000,104.000,104.000
1786789482204,XAUT_USDT,demo,0,stale_binance,0,0.000000000,0.500000000,0.000000000,0.000000000,0.229413047,0.000000000,0.000000000,613.000,62.000,62.000
1786789482307,XAUT_USDT,demo,0,stale_binance,0,0.000000000,0.500000000,0.000000000,0.000000000,0.229413047,0.000000000,0.000000000,716.000,0.000,0.000
1786789482427,XAUT_USDT,demo,0,stale_binance,0,0.000000000,0.500000000,0.000000000,0.000000000,0.229413047,0.000000000,0.000000000,836.000,120.000,120.000
1786789482553,XAUT_USDT,demo,0,stale_binance,0,0.000000000,0.500000000,0.000000000,0.000000000,0.229413047,0.000000000,0.000000000,962.000,61.000,61.000
1786789482687,XAUT_USDT,demo,0,stale_binance,0,0.000000000,0.500000000,0.000000000,0.000000000,0.229413047,0.000000000,0.000000000,1096.000,115.000,115.000
1786789482804,XAUT_USDT,demo,0,stale_binance,0,0.000000000,0.500000000,0.000000000,0.000000000,0.229413047,0.000000000,0.000000000,1213.000,232.000,232.000
1786789482906,XAUT_USDT,demo,0,stale_binance,0,0.000000000,0.500000000,0.000000000,0.000000000,0.229413047,0.000000000,0.000000000,1315.000,0.000,0.000
1786789483053,XAUT_USDT,demo,0,stale_binance,0,0.000000000,0.500000000,0.000000000,0.000000000,0.229413047,0.000000000,0.000000000,1462.000,60.000,60.000
1786789483153,XAUT_USDT,demo,0,stale_binance,0,0.000000000,0.500000000,0.000000000,0.000000000,0.229413047,0.000000000,0.000000000,1562.000,66.000,66.000
1786789483255,XAUT_USDT,demo,0,stale_binance,0,0.000000000,0.500000000,0.000000000,0.000000000,0.229413047,0.000000000,0.000000000,1664.000,1.000,1.000
1786789483374,XAUT_USDT,demo,0,microspread_below_threshold,0,0.000000000,0.500000000,0.309702817,0.309702817,0.229413047,0.000000000,0.000000000,0.000,31.000,31.000
1786789483502,XAUT_USDT,demo,0,microspread_below_threshold,0,0.000000000,0.500000000,0.309702817,0.309702817,0.229413047,0.000000000,0.000000000,125.000,159.000,159.000
1786789483603,XAUT_USDT,demo,0,microspread_below_threshold,0,0.000000000,0.500000000,0.309702817,0.309702817,0.229413047,0.000000000,0.000000000,226.000,0.000,0.000
1786789483720,XAUT_USDT,demo,0,stale_binance,0,0.000000000,0.500000000,0.000000000,0.000000000,0.229413047,0.000000000,0.000000000,343.000,117.000,117.000
1786789483836,XAUT_USDT,demo,0,stale_binance,0,0.000000000,0.500000000,0.000000000,0.000000000,0.229413047,0.000000000,0.000000000,459.000,233.000,233.000
1786789483946,XAUT_USDT,demo,0,stale_binance,0,0.000000000,0.500000000,0.000000000,0.000000000,0.229413047,0.000000000,0.000000000,569.000,0.000,0.000
1786789484692,XAUT_USDT,demo,0,stale_binance,0,0.000000000,0.500000000,0.000000000,0.000000000,0.229413047,0.000000000,0.000000000,692.000,58.000,58.000
1786789484819,XAUT_USDT,demo,0,stale_binance,0,0.000000000,0.500000000,0.000000000,0.000000000,0.229413047,0.000000000,0.000000000,819.000,185.000,185.000
1786789484952,XAUT_USDT,demo,0,stale_binance,0,0.000000000,0.500000000,0.000000000,0.000000000,0.229413047,0.000000000,0.000000000,952.000,63.000,63.000
1786789485102,XAUT_USDT,demo,0,stale_binance,0,0.000000000,0.500000000,0.000000000,0.000000000,0.229413047,0.000000000,0.000000000,1102.000,125.000,125.000
1786789485219,XAUT_USDT,demo,0,stale_binance,0,0.000000000,0.500000000,0.000000000,0.000000000,0.229413047,0.000000000,0.000000000,1219.000,63.000,63.000
1786789485322,XAUT_USDT,demo,0,stale_binance,0,0.000000000,0.500000000,0.000000000,0.000000000,0.229413047,0.000000000,0.000000000,1322.000,0.000,0.000
1786789485426,XAUT_USDT,demo,0,stale_binance,0,0.000000000,0.500000000,0.000000000,0.000000000,0.229413047,0.000000000,0.000000000,1426.000,0.000,0.000
1786789485552,XAUT_USDT,demo,0,stale_binance,0,0.000000000,0.500000000,0.000000000,0.000000000,0.229413047,0.000000000,0.000000000,1552.000,58.000,58.000
1786789485685,XAUT_USDT,demo,0,stale_binance,0,0.000000000,0.500000000,0.000000000,0.000000000,0.229413047,0.000000000,0.000000000,1685.000,106.000,106.000
1786789485802,XAUT_USDT,demo,0,stale_binance,0,0.000000000,0.500000000,0.000000000,0.000000000,0.229413047,0.000000000,0.000000000,1802.000,223.000,223.000
1786789485902,XAUT_USDT,demo,0,stale_binance,0,0.000000000,0.500000000,0.000000000,0.000000000,0.229413047,0.000000000,0.000000000,1902.000,58.000,58.000
1786789486011,XAUT_USDT,demo,0,stale_binance,0,0.000000000,0.500000000,0.000000000,0.000000000,0.229413047,0.000000000,0.000000000,2011.000,0.000,0.000
1786789486152,XAUT_USDT,demo,0,stale_binance,0,0.000000000,0.500000000,0.000000000,0.000000000,0.229413047,0.000000000,0.000000000,2152.000,59.000,59.000
1786789486273,XAUT_USDT,demo,0,stale_binance,0,0.000000000,0.500000000,0.000000000,0.000000000,0.229413047,0.000000000,0.000000000,2273.000,0.000,0.000
1786789486435,XAUT_USDT,demo,0,stale_binance,0,0.000000000,0.500000000,0.000000000,0.000000000,0.229413047,0.000000000,0.000000000,2435.000,63.000,63.000
1786789486598,XAUT_USDT,demo,0,stale_binance,0,0.000000000,0.500000000,0.000000000,0.000000000,0.229413047,0.000000000,0.000000000,2598.000,64.000,64.000
1786789486698,XAUT_USDT,demo,0,microspread_below_threshold,0,0.000000000,0.500000000,0.309702817,0.309702817,0.229413047,0.000000000,0.000000000,0.000,164.000,164.000
1786789486835,XAUT_USDT,demo,0,microspread_below_threshold,0,0.000000000,0.500000000,0.309702817,0.309702817,0.229413047,0.000000000,0.000000000,125.000,125.000,125.000
1786789486953,XAUT_USDT,demo,0,microspread_below_threshold,0,0.000000000,0.500000000,0.309702817,0.309702817,0.229413047,0.000000000,0.000000000,243.000,243.000,243.000
1786789487061,XAUT_USDT,demo,0,stale_binance,0,0.000000000,0.500000000,0.000000000,0.000000000,0.229413047,0.000000000,0.000000000,351.000,0.000,0.000
1786789487185,XAUT_USDT,demo,0,stale_binance,0,0.000000000,0.500000000,0.000000000,0.000000000,0.229413047,0.000000000,0.000000000,475.000,124.000,124.000
1786789487305,XAUT_USDT,demo,0,stale_binance,0,0.000000000,0.500000000,0.000000000,0.000000000,0.229413047,0.000000000,0.000000000,595.000,0.000,0.000
1786789487454,XAUT_USDT,demo,0,stale_binance,0,0.000000000,0.500000000,0.000000000,0.000000000,0.229413047,0.000000000,0.000000000,744.000,60.000,60.000
1786789487565,XAUT_USDT,demo,0,stale_binance,0,0.000000000,0.500000000,0.000000000,0.000000000,0.229413047,0.000000000,0.000000000,855.000,0.000,0.000
1786789487710,XAUT_USDT,demo,0,stale_binance,0,0.000000000,0.500000000,0.000000000,0.000000000,0.229413047,0.000000000,0.000000000,1000.000,54.000,54.000
1786789487834,XAUT_USDT,demo,0,stale_binance,0,0.000000000,0.500000000,0.000000000,0.000000000,0.229413047,0.000000000,0.000000000,1124.000,178.000,178.000
1786789487968,XAUT_USDT,demo,0,stale_binance,0,0.000000000,0.500000000,0.000000000,0.000000000,0.229413047,0.000000000,0.000000000,1258.000,60.000,60.000
1786789488081,XAUT_USDT,demo,0,stale_binance,0,0.000000000,0.500000000,0.000000000,0.000000000,0.229413047,0.000000000,0.000000000,1371.000,0.000,0.000
1786789488203,XAUT_USDT,demo,0,stale_binance,0,0.000000000,0.500000000,0.000000000,0.000000000,0.229413047,0.000000000,0.000000000,1493.000,122.000,122.000
1786789488333,XAUT_USDT,demo,0,stale_binance,0,0.000000000,0.500000000,0.000000000,0.000000000,0.229413047,0.000000000,0.000000000,1623.000,61.000,61.000
1786789488486,XAUT_USDT,demo,0,microspread_below_threshold,0,0.000000000,0.500000000,0.309702817,0.309702817,0.229413047,0.000000000,0.000000000,128.000,54.000,54.000
1786789488598,XAUT_USDT,demo,0,microspread_below_threshold,0,0.000000000,0.500000000,0.309702817,0.309702817,0.229413047,0.000000000,0.000000000,240.000,0.000,0.000
1786789488750,XAUT_USDT,demo,0,stale_binance,0,0.000000000,0.500000000,0.000000000,0.000000000,0.229413047,0.000000000,0.000000000,392.000,65.000,65.000
1786789488891,XAUT_USDT,demo,0,stale_binance,0,0.000000000,0.500000000,0.000000000,0.000000000,0.229413047,0.000000000,0.000000000,533.000,124.000,124.000
1786789489005,XAUT_USDT,demo,0,stale_binance,0,0.000000000,0.500000000,0.000000000,0.000000000,0.229413047,0.000000000,0.000000000,647.000,238.000,238.000
1786789489703,XAUT_USDT,demo,0,stale_binance,0,0.000000000,0.500000000,0.000000000,0.000000000,0.229413047,0.000000000,0.000000000,466.000,72.000,72.000
1786789489818,XAUT_USDT,demo,0,stale_binance,0,0.000000000,0.500000000,0.000000000,0.000000000,0.229413047,0.000000000,0.000000000,581.000,187.000,187.000
1786789489950,XAUT_USDT,demo,0,stale_binance,0,0.000000000,0.500000000,0.000000000,0.000000000,0.229413047,0.000000000,0.000000000,713.000,59.000,59.000
1786789490075,XAUT_USDT,demo,0,stale_binance,0,0.000000000,0.500000000,0.000000000,0.000000000,0.229413047,0.000000000,0.000000000,838.000,107.000,107.000
1786789490181,XAUT_USDT,demo,0,stale_binance,0,0.000000000,0.500000000,0.000000000,0.000000000,0.229413047,0.000000000,0.000000000,944.000,213.000,213.000
1786789490288,XAUT_USDT,demo,0,stale_binance,0,0.000000000,0.500000000,0.000000000,0.000000000,0.229413047,0.000000000,0.000000000,1051.000,60.000,60.000
1786789490409,XAUT_USDT,demo,0,stale_binance,0,0.000000000,0.500000000,0.000000000,0.000000000,0.229413047,0.000000000,0.000000000,1172.000,0.000,0.000
1786789490521,XAUT_USDT,demo,0,stale_binance,0,0.000000000,0.500000000,0.000000000,0.000000000,0.229413047,0.000000000,0.000000000,1284.000,112.000,112.000
1786789490624,XAUT_USDT,demo,0,stale_binance,0,0.000000000,0.500000000,0.000000000,0.000000000,0.229413047,0.000000000,0.000000000,1387.000,54.000,54.000
1786789490781,XAUT_USDT,demo,0,stale_binance,0,0.000000000,0.500000000,0.000000000,0.000000000,0.229413047,0.000000000,0.000000000,1544.000,120.000,120.000
1786789490889,XAUT_USDT,demo,0,stale_binance,0,0.000000000,0.500000000,0.000000000,0.000000000,0.229413047,0.000000000,0.000000000,1652.000,228.000,228.000
1786789491023,XAUT_USDT,demo,0,stale_binance,0,0.000000000,0.500000000,0.000000000,0.000000000,0.229413047,0.000000000,0.000000000,1786.000,0.000,0.000
1786789491145,XAUT_USDT,demo,0,stale_binance,0,0.000000000,0.500000000,0.000000000,0.000000000,0.229413047,0.000000000,0.000000000,1908.000,53.000,53.000
1786789491263,XAUT_USDT,demo,0,stale_binance,0,0.000000000,0.500000000,0.000000000,0.000000000,0.229413047,0.000000000,0.000000000,2026.000,0.000,0.000
1786789491404,XAUT_USDT,demo,0,stale_binance,0,0.000000000,0.500000000,0.000000000,0.000000000,0.229413047,0.000000000,0.000000000,2167.000,52.000,52.000
1786789491525,XAUT_USDT,demo,0,stale_binance,0,0.000000000,0.500000000,0.000000000,0.000000000,0.229413047,0.000000000,0.000000000,2288.000,173.000,173.000
1786789491675,XAUT_USDT,demo,0,stale_binance,0,0.000000000,0.500000000,0.000000000,0.000000000,0.229413047,0.000000000,0.000000000,2438.000,59.000,59.000
1786789491794,XAUT_USDT,demo,0,stale_binance,0,0.000000000,0.500000000,0.000000000,0.000000000,0.229413047,0.000000000,0.000000000,2557.000,178.000,178.000
1786789491918,XAUT_USDT,demo,0,stale_binance,0,0.000000000,0.500000000,0.000000000,0.000000000,0.229413047,0.000000000,0.000000000,2681.000,51.000,51.000
1786789492020,XAUT_USDT,demo,0,stale_binance,0,0.000000000,0.500000000,0.000000000,0.000000000,0.229413047,0.000000000,0.000000000,2783.000,60.000,60.000
1786789492127,XAUT_USDT,demo,0,stale_binance,0,0.000000000,0.500000000,0.000000000,0.000000000,0.229413047,0.000000000,0.000000000,2890.000,0.000,0.000
1786789492267,XAUT_USDT,demo,0,stale_binance,0,0.000000000,0.500000000,0.000000000,0.000000000,0.229413047,0.000000000,0.000000000,3030.000,56.000,56.000
1786789492388,XAUT_USDT,demo,0,stale_binance,0,0.000000000,0.500000000,0.000000000,0.000000000,0.229413047,0.000000000,0.000000000,3151.000,177.000,177.000
1786789492525,XAUT_USDT,demo,0,stale_binance,0,0.000000000,0.500000000,0.000000000,0.000000000,0.229413047,0.000000000,0.000000000,3288.000,54.000,54.000
1786789492625,XAUT_USDT,demo,0,stale_binance,0,0.000000000,0.500000000,0.000000000,0.000000000,0.229413047,0.000000000,0.000000000,3388.000,57.000,57.000
1786789492728,XAUT_USDT,demo,0,stale_binance,0,0.000000000,0.500000000,0.000000000,0.000000000,0.229413047,0.000000000,0.000000000,3491.000,0.000,0.000
1786789492845,XAUT_USDT,demo,0,stale_binance,0,0.000000000,0.500000000,0.000000000,0.000000000,0.229413047,0.000000000,0.000000000,3608.000,117.000,117.000
1786789492985,XAUT_USDT,demo,0,stale_binance,0,0.000000000,0.500000000,0.000000000,0.000000000,0.229413047,0.000000000,0.000000000,3748.000,58.000,58.000
1786789493125,XAUT_USDT,demo,0,stale_binance,0,0.000000000,0.500000000,0.000000000,0.000000000,0.229413047,0.000000000,0.000000000,3888.000,55.000,55.000
1786789493283,XAUT_USDT,demo,0,stale_binance,0,0.000000000,0.500000000,0.000000000,0.000000000,0.229413047,0.000000000,0.000000000,4046.000,123.000,123.000
1786789493385,XAUT_USDT,demo,0,stale_binance,0,0.000000000,0.500000000,0.000000000,0.000000000,0.229413047,0.000000000,0.000000000,4148.000,55.000,55.000
1786789493506,XAUT_USDT,demo,0,stale_binance,0,0.000000000,0.500000000,0.000000000,0.000000000,0.229413047,0.000000000,0.000000000,4269.000,0.000,0.000
1786789493639,XAUT_USDT,demo,0,stale_binance,0,0.000000000,0.500000000,0.000000000,0.000000000,0.229413047,0.000000000,0.000000000,4402.000,133.000,133.000
1786789493739,XAUT_USDT,demo,0,stale_binance,0,0.000000000,0.500000000,0.000000000,0.000000000,0.229413047,0.000000000,0.000000000,4502.000,64.000,64.000
1786789493839,XAUT_USDT,demo,0,stale_binance,0,0.000000000,0.500000000,0.000000000,0.000000000,0.229413047,0.000000000,0.000000000,4602.000,59.000,59.000
1786789493982,XAUT_USDT,demo,0,stale_binance,0,0.000000000,0.500000000,0.000000000,0.000000000,0.229413047,0.000000000,0.000000000,4745.000,52.000,52.000
1786789494768,XAUT_USDT,demo,0,stale_binance,0,0.000000000,0.500000000,0.000000000,0.000000000,0.229413047,0.000000000,0.000000000,5531.000,67.000,67.000
1786789494877,XAUT_USDT,demo,0,stale_binance,0,0.000000000,0.500000000,0.000000000,0.000000000,0.229413047,0.000000000,0.000000000,5640.000,0.000,0.000
1786789495015,XAUT_USDT,demo,0,stale_binance,0,0.000000000,0.500000000,0.000000000,0.000000000,0.229413047,0.000000000,0.000000000,5778.000,59.000,59.000
1786789495120,XAUT_USDT,demo,0,stale_binance,0,0.000000000,0.500000000,0.000000000,0.000000000,0.229413047,0.000000000,0.000000000,5883.000,164.000,164.000
1786789495233,XAUT_USDT,demo,0,stale_binance,0,0.000000000,0.500000000,0.000000000,0.000000000,0.229413047,0.000000000,0.000000000,5996.000,277.000,277.000
1786789495355,XAUT_USDT,demo,0,stale_binance,0,0.000000000,0.500000000,0.000000000,0.000000000,0.229413047,0.000000000,0.000000000,6118.000,56.000,56.000
1786789495470,XAUT_USDT,demo,0,stale_binance,0,0.000000000,0.500000000,0.000000000,0.000000000,0.229413047,0.000000000,0.000000000,6233.000,0.000,0.000
1786789495622,XAUT_USDT,demo,0,stale_binance,0,0.000000000,0.500000000,0.000000000,0.000000000,0.229413047,0.000000000,0.000000000,6385.000,64.000,64.000
1786789495728,XAUT_USDT,demo,0,stale_binance,0,0.000000000,0.500000000,0.000000000,0.000000000,0.229413047,0.000000000,0.000000000,6491.000,0.000,0.000
1786789495837,XAUT_USDT,demo,0,stale_binance,0,0.000000000,0.500000000,0.000000000,0.000000000,0.229413047,0.000000000,0.000000000,6600.000,109.000,109.000
1786789495942,XAUT_USDT,demo,0,stale_binance,0,0.000000000,0.500000000,0.000000000,0.000000000,0.229413047,0.000000000,0.000000000,6705.000,214.000,214.000
1786789496044,XAUT_USDT,demo,0,stale_binance,0,0.000000000,0.500000000,0.000000000,0.000000000,0.229413047,0.000000000,0.000000000,6807.000,56.000,56.000
1786789496181,XAUT_USDT,demo,0,stale_binance,0,0.000000000,0.500000000,0.000000000,0.000000000,0.229413047,0.000000000,0.000000000,6944.000,108.000,108.000
1786789496305,XAUT_USDT,demo,0,stale_binance,0,0.000000000,0.500000000,0.000000000,0.000000000,0.229413047,0.000000000,0.000000000,7068.000,59.000,59.000
1786789496405,XAUT_USDT,demo,0,stale_binance,0,0.000000000,0.500000000,0.000000000,0.000000000,0.229413047,0.000000000,0.000000000,7168.000,63.000,63.000
1786789496525,XAUT_USDT,demo,0,stale_binance,0,0.000000000,0.500000000,0.000000000,0.000000000,0.229413047,0.000000000,0.000000000,7288.000,111.000,111.000
1786789496650,XAUT_USDT,demo,0,stale_binance,0,0.000000000,0.500000000,0.000000000,0.000000000,0.229413047,0.000000000,0.000000000,7413.000,63.000,63.000
1786789496771,XAUT_USDT,demo,0,microspread_below_threshold,0,0.000000000,0.500000000,0.309702817,0.309702817,0.229413047,0.000000000,0.000000000,52.000,99.000,99.000
1786789496905,XAUT_USDT,demo,0,microspread_below_threshold,0,0.000000000,0.500000000,0.309702817,0.309702817,0.229413047,0.000000000,0.000000000,186.000,233.000,233.000
1786789497005,XAUT_USDT,demo,0,microspread_below_threshold,0,0.000000000,0.500000000,0.309702817,0.309702817,0.229413047,0.000000000,0.000000000,286.000,60.000,60.000
1786789497155,XAUT_USDT,demo,0,stale_binance,0,0.000000000,0.500000000,0.000000000,0.000000000,0.229413047,0.000000000,0.000000000,436.000,51.000,51.000
1786789497276,XAUT_USDT,demo,0,stale_binance,0,0.000000000,0.500000000,0.000000000,0.000000000,0.229413047,0.000000000,0.000000000,557.000,0.000,0.000
1786789497403,XAUT_USDT,demo,0,microspread_below_threshold,0,0.000000000,0.500000000,0.309702817,0.309702817,0.229413047,0.000000000,0.000000000,0.000,38.000,38.000
1786789497542,XAUT_USDT,demo,0,microspread_below_threshold,0,0.000000000,0.500000000,0.309702817,0.309702817,0.229413047,0.000000000,0.000000000,0.000,94.000,94.000
1786789497668,XAUT_USDT,demo,0,microspread_below_threshold,0,0.000000000,0.500000000,0.309702817,0.309702817,0.229413047,0.000000000,0.000000000,126.000,52.000,52.000
1786789497790,XAUT_USDT,demo,0,microspread_below_threshold,0,0.000000000,0.500000000,0.309702817,0.309702817,0.229413047,0.000000000,0.000000000,105.000,0.000,0.000
1786789497921,XAUT_USDT,demo,0,microspread_below_threshold,0,0.000000000,0.500000000,0.309702817,0.309702817,0.229413047,0.000000000,0.000000000,236.000,131.000,131.000
1786789498021,XAUT_USDT,demo,0,stale_binance,0,0.000000000,0.500000000,0.000000000,0.000000000,0.229413047,0.000000000,0.000000000,336.000,59.000,59.000
1786789498128,XAUT_USDT,demo,0,stale_binance,0,0.000000000,0.500000000,0.000000000,0.000000000,0.229413047,0.000000000,0.000000000,443.000,0.000,0.000
1786789498282,XAUT_USDT,demo,0,stale_binance,0,0.000000000,0.500000000,0.000000000,0.000000000,0.229413047,0.000000000,0.000000000,597.000,66.000,66.000
1786789498402,XAUT_USDT,demo,0,stale_binance,0,0.000000000,0.500000000,0.000000000,0.000000000,0.229413047,0.000000000,0.000000000,717.000,186.000,186.000
1786789498533,XAUT_USDT,demo,0,stale_binance,0,0.000000000,0.500000000,0.000000000,0.000000000,0.229413047,0.000000000,0.000000000,848.000,60.000,60.000
1786789498675,XAUT_USDT,demo,0,stale_binance,0,0.000000000,0.500000000,0.000000000,0.000000000,0.229413047,0.000000000,0.000000000,990.000,112.000,112.000
1786789498788,XAUT_USDT,demo,0,stale_binance,0,0.000000000,0.500000000,0.000000000,0.000000000,0.229413047,0.000000000,0.000000000,1103.000,56.000,56.000
1786789498906,XAUT_USDT,demo,0,stale_binance,0,0.000000000,0.500000000,0.000000000,0.000000000,0.229413047,0.000000000,0.000000000,1221.000,0.000,0.000
1786789499023,XAUT_USDT,demo,0,stale_binance,0,0.000000000,0.500000000,0.000000000,0.000000000,0.229413047,0.000000000,0.000000000,1338.000,117.000,117.000
1786789499810,XAUT_USDT,demo,0,stale_binance,0,0.000000000,0.500000000,0.000000000,0.000000000,0.229413047,0.000000000,0.000000000,2125.000,134.000,134.000
1786789499920,XAUT_USDT,demo,0,stale_binance,0,0.000000000,0.500000000,0.000000000,0.000000000,0.229413047,0.000000000,0.000000000,2235.000,244.000,244.000
1786789500033,XAUT_USDT,demo,0,stale_binance,0,0.000000000,0.500000000,0.000000000,0.000000000,0.229413047,0.000000000,0.000000000,2348.000,0.000,0.000
1786789500172,XAUT_USDT,demo,0,stale_binance,0,0.000000000,0.500000000,0.000000000,0.000000000,0.229413047,0.000000000,0.000000000,2487.000,55.000,55.000
1786789500288,XAUT_USDT,demo,0,stale_binance,0,0.000000000,0.500000000,0.000000000,0.000000000,0.229413047,0.000000000,0.000000000,2603.000,0.000,0.000
1786789500432,XAUT_USDT,demo,0,microspread_below_threshold,0,0.000000000,0.500000000,0.309702817,0.309702817,0.229413047,0.000000000,0.000000000,89.000,58.000,58.000
1786789500581,XAUT_USDT,demo,0,microspread_below_threshold,0,0.000000000,0.500000000,0.309702817,0.309702817,0.229413047,0.000000000,0.000000000,238.000,125.000,125.000
1786789500701,XAUT_USDT,demo,0,stale_binance,0,0.000000000,0.500000000,0.000000000,0.000000000,0.229413047,0.000000000,0.000000000,358.000,245.000,245.000
1786789500853,XAUT_USDT,demo,0,stale_binance,0,0.000000000,0.500000000,0.000000000,0.000000000,0.229413047,0.000000000,0.000000000,510.000,55.000,55.000
1786789500965,XAUT_USDT,demo,0,stale_binance,0,0.000000000,0.500000000,0.000000000,0.000000000,0.229413047,0.000000000,0.000000000,622.000,167.000,167.000
1786789501120,XAUT_USDT,demo,0,stale_binance,0,0.000000000,0.500000000,0.000000000,0.000000000,0.229413047,0.000000000,0.000000000,777.000,59.000,59.000
1786789501266,XAUT_USDT,demo,0,stale_binance,0,0.000000000,0.500000000,0.000000000,0.000000000,0.229413047,0.000000000,0.000000000,923.000,104.000,104.000
1786789501397,XAUT_USDT,demo,0,microspread_below_threshold,0,0.000000000,0.500000000,0.309702817,0.309702817,0.229413047,0.000000000,0.000000000,91.000,57.000,57.000
1786789501545,XAUT_USDT,demo,0,microspread_below_threshold,0,0.000000000,0.500000000,0.309702817,0.309702817,0.229413047,0.000000000,0.000000000,0.000,53.000,53.000
1786789501655,XAUT_USDT,demo,0,microspread_below_threshold,0,0.000000000,0.500000000,0.309702817,0.309702817,0.229413047,0.000000000,0.000000000,110.000,163.000,163.000
1786789501755,XAUT_USDT,demo,0,microspread_below_threshold,0,0.000000000,0.500000000,0.309702817,0.309702817,0.229413047,0.000000000,0.000000000,210.000,1.000,1.000
1786789501861,XAUT_USDT,demo,0,microspread_below_threshold,0,0.000000000,0.500000000,0.309702817,0.309702817,0.229413047,0.000000000,0.000000000,55.000,107.000,107.000
1786789501974,XAUT_USDT,demo,0,microspread_below_threshold,0,0.000000000,0.500000000,0.309702817,0.309702817,0.229413047,0.000000000,0.000000000,168.000,220.000,220.000
1786789502091,XAUT_USDT,demo,0,microspread_below_threshold,0,0.000000000,0.500000000,0.309702817,0.309702817,0.229413047,0.000000000,0.000000000,285.000,0.000,0.000
1786789502205,XAUT_USDT,demo,0,stale_binance,0,0.000000000,0.500000000,0.000000000,0.000000000,0.229413047,0.000000000,0.000000000,399.000,114.000,114.000
1786789502315,XAUT_USDT,demo,0,stale_binance,0,0.000000000,0.500000000,0.000000000,0.000000000,0.229413047,0.000000000,0.000000000,509.000,55.000,55.000
1786789502431,XAUT_USDT,demo,0,stale_binance,0,0.000000000,0.500000000,0.000000000,0.000000000,0.229413047,0.000000000,0.000000000,625.000,0.000,0.000
1786789502575,XAUT_USDT,demo,0,microspread_below_threshold,0,0.000000000,0.500000000,0.309702817,0.309702817,0.229413047,0.000000000,0.000000000,59.000,144.000,144.000
1786789502675,XAUT_USDT,demo,0,microspread_below_threshold,0,0.000000000,0.500000000,0.309702817,0.309702817,0.229413047,0.000000000,0.000000000,59.000,244.000,244.000
1786789502805,XAUT_USDT,demo,0,microspread_below_threshold,0,0.000000000,0.500000000,0.309702817,0.309702817,0.229413047,0.000000000,0.000000000,189.000,109.000,109.000
1786789502916,XAUT_USDT,demo,0,microspread_below_threshold,0,0.000000000,0.500000000,0.309702817,0.309702817,0.229413047,0.000000000,0.000000000,300.000,55.000,55.000
1786789503020,XAUT_USDT,demo,0,stale_binance,0,0.000000000,0.500000000,0.000000000,0.000000000,0.229413047,0.000000000,0.000000000,404.000,159.000,159.000
1786789503120,XAUT_USDT,demo,0,stale_binance,0,0.000000000,0.500000000,0.000000000,0.000000000,0.229413047,0.000000000,0.000000000,504.000,1.000,1.000
1786789503275,XAUT_USDT,demo,0,stale_binance,0,0.000000000,0.500000000,0.000000000,0.000000000,0.229413047,0.000000000,0.000000000,659.000,60.000,60.000
1786789503416,XAUT_USDT,demo,0,stale_binance,0,0.000000000,0.500000000,0.000000000,0.000000000,0.229413047,0.000000000,0.000000000,800.000,120.000,120.000
1786789503546,XAUT_USDT,demo,0,stale_binance,0,0.000000000,0.500000000,0.000000000,0.000000000,0.229413047,0.000000000,0.000000000,930.000,250.000,250.000
1786789503675,XAUT_USDT,demo,0,stale_binance,0,0.000000000,0.500000000,0.000000000,0.000000000,0.229413047,0.000000000,0.000000000,1059.000,379.000,379.000
1786789503775,XAUT_USDT,demo,0,microspread_below_threshold,0,0.000000000,0.500000000,0.309702817,0.309702817,0.229413047,0.000000000,0.000000000,61.000,479.000,479.000
1786789503892,XAUT_USDT,demo,0,microspread_below_threshold,0,0.000000000,0.500000000,0.309702817,0.309702817,0.229413047,0.000000000,0.000000000,56.000,596.000,596.000
1786789504010,XAUT_USDT,demo,0,microspread_below_threshold,0,0.000000000,0.500000000,0.309702817,0.309702817,0.229413047,0.000000000,0.000000000,51.000,714.000,714.000
1786789504131,XAUT_USDT,demo,0,microspread_below_threshold,0,0.000000000,0.500000000,0.309702817,0.309702817,0.229413047,0.000000000,0.000000000,172.000,835.000,835.000
1786789504918,XAUT_USDT,demo,0,microspread_below_threshold,0,0.000000000,0.500000000,0.309702817,0.309702817,0.229413047,0.000000000,0.000000000,1.000,1622.000,1622.000
1786789505020,XAUT_USDT,demo,0,microspread_below_threshold,0,0.000000000,0.500000000,0.309702817,0.309702817,0.229413047,0.000000000,0.000000000,0.000,1724.000,1724.000
1786789505133,XAUT_USDT,demo,0,microspread_below_threshold,0,0.000000000,0.500000000,0.309702817,0.309702817,0.229413047,0.000000000,0.000000000,113.000,1837.000,1837.000
1786789505249,XAUT_USDT,demo,0,microspread_below_threshold,0,0.000000000,0.500000000,0.309702817,0.309702817,0.229413047,0.000000000,0.000000000,229.000,1953.000,1953.000
1786789506287,XAUT_USDT,demo,0,microspread_below_threshold,0,0.000000000,0.500000000,0.309702817,0.309702817,0.229413047,0.000000000,0.000000000,67.000,1.000,1.000
1786789506402,XAUT_USDT,demo,0,microspread_below_threshold,0,0.000000000,0.500000000,0.309702817,0.309702817,0.229413047,0.000000000,0.000000000,182.000,116.000,116.000
1786789506545,XAUT_USDT,demo,0,microspread_below_threshold,0,0.000000000,0.500000000,0.309702817,0.309702817,0.229413047,0.000000000,0.000000000,112.000,1.000,1.000
1786789506668,XAUT_USDT,demo,0,microspread_below_threshold,0,0.000000000,0.500000000,0.309702817,0.309702817,0.229413047,0.000000000,0.000000000,113.000,124.000,124.000
1786789506784,XAUT_USDT,demo,0,microspread_below_threshold,0,0.000000000,0.500000000,0.309702817,0.309702817,0.229413047,0.000000000,0.000000000,0.000,240.000,240.000
1786789506943,XAUT_USDT,demo,0,microspread_below_threshold,0,0.000000000,0.500000000,0.309702817,0.309702817,0.229413047,0.000000000,0.000000000,61.000,102.000,102.000
1786789507093,XAUT_USDT,demo,0,microspread_below_threshold,0,0.000000000,0.500000000,0.309702817,0.309702817,0.229413047,0.000000000,0.000000000,54.000,123.000,123.000
1786789507202,XAUT_USDT,demo,0,microspread_below_threshold,0,0.000000000,0.500000000,0.309702817,0.309702817,0.229413047,0.000000000,0.000000000,163.000,232.000,232.000
1786789507327,XAUT_USDT,demo,0,microspread_below_threshold,0,0.000000000,0.500000000,0.309702817,0.309702817,0.229413047,0.000000000,0.000000000,288.000,0.000,0.000
1786789507445,XAUT_USDT,demo,0,stale_binance,0,0.000000000,0.500000000,0.000000000,0.000000000,0.229413047,0.000000000,0.000000000,406.000,118.000,118.000
1786789507546,XAUT_USDT,demo,0,stale_binance,0,0.000000000,0.500000000,0.000000000,0.000000000,0.229413047,0.000000000,0.000000000,507.000,60.000,60.000
1786789507660,XAUT_USDT,demo,0,stale_binance,0,0.000000000,0.500000000,0.000000000,0.000000000,0.229413047,0.000000000,0.000000000,621.000,0.000,0.000
1786789507776,XAUT_USDT,demo,0,stale_binance,0,0.000000000,0.500000000,0.000000000,0.000000000,0.229413047,0.000000000,0.000000000,737.000,116.000,116.000
1786789507895,XAUT_USDT,demo,0,stale_binance,0,0.000000000,0.500000000,0.000000000,0.000000000,0.229413047,0.000000000,0.000000000,856.000,65.000,65.000
1786789508033,XAUT_USDT,demo,0,stale_binance,0,0.000000000,0.500000000,0.000000000,0.000000000,0.229413047,0.000000000,0.000000000,994.000,113.000,113.000
1786789508150,XAUT_USDT,demo,0,stale_binance,0,0.000000000,0.500000000,0.000000000,0.000000000,0.229413047,0.000000000,0.000000000,1111.000,230.000,230.000
1786789508265,XAUT_USDT,demo,0,stale_binance,0,0.000000000,0.500000000,0.000000000,0.000000000,0.229413047,0.000000000,0.000000000,1226.000,0.000,0.000
1786789508384,XAUT_USDT,demo,0,stale_binance,0,0.000000000,0.500000000,0.000000000,0.000000000,0.229413047,0.000000000,0.000000000,1345.000,119.000,119.000
1786789508500,XAUT_USDT,demo,0,stale_binance,0,0.000000000,0.500000000,0.000000000,0.000000000,0.229413047,0.000000000,0.000000000,1461.000,65.000,65.000
1786789508602,XAUT_USDT,demo,0,stale_binance,0,0.000000000,0.500000000,0.000000000,0.000000000,0.229413047,0.000000000,0.000000000,1563.000,0.000,0.000
1786789508715,XAUT_USDT,demo,0,stale_binance,0,0.000000000,0.500000000,0.000000000,0.000000000,0.229413047,0.000000000,0.000000000,1676.000,113.000,113.000
1786789508832,XAUT_USDT,demo,0,stale_binance,0,0.000000000,0.500000000,0.000000000,0.000000000,0.229413047,0.000000000,0.000000000,1793.000,58.000,58.000
1786789508979,XAUT_USDT,demo,0,stale_binance,0,0.000000000,0.500000000,0.000000000,0.000000000,0.229413047,0.000000000,0.000000000,1940.000,117.000,117.000
1786789509095,XAUT_USDT,demo,0,stale_binance,0,0.000000000,0.500000000,0.000000000,0.000000000,0.229413047,0.000000000,0.000000000,2056.000,233.000,233.000
1786789509867,XAUT_USDT,demo,0,stale_binance,0,0.000000000,0.500000000,0.000000000,0.000000000,0.229413047,0.000000000,0.000000000,2828.000,578.000,578.000
1786789509995,XAUT_USDT,demo,0,stale_binance,0,0.000000000,0.500000000,0.000000000,0.000000000,0.229413047,0.000000000,0.000000000,2956.000,706.000,706.000
1786789510114,XAUT_USDT,demo,0,stale_binance,0,0.000000000,0.500000000,0.000000000,0.000000000,0.229413047,0.000000000,0.000000000,3075.000,825.000,825.000
1786789510232,XAUT_USDT,demo,0,stale_binance,0,0.000000000,0.500000000,0.000000000,0.000000000,0.229413047,0.000000000,0.000000000,3193.000,943.000,943.000
1786789510381,XAUT_USDT,demo,0,microspread_below_threshold,0,0.000000000,0.500000000,0.309702817,0.309702817,0.229413047,0.000000000,0.000000000,107.000,1092.000,1092.000
1786789510497,XAUT_USDT,demo,0,microspread_below_threshold,0,0.000000000,0.500000000,0.309702817,0.309702817,0.229413047,0.000000000,0.000000000,223.000,1208.000,1208.000
1786789510613,XAUT_USDT,demo,0,stale_binance,0,0.000000000,0.500000000,0.000000000,0.000000000,0.229413047,0.000000000,0.000000000,339.000,1324.000,1324.000
1786789510729,XAUT_USDT,demo,0,stale_binance,0,0.000000000,0.500000000,0.000000000,0.000000000,0.229413047,0.000000000,0.000000000,455.000,1440.000,1440.000
1786789510879,XAUT_USDT,demo,0,microspread_below_threshold,0,0.000000000,0.500000000,0.309702817,0.309702817,0.229413047,0.000000000,0.000000000,126.000,1590.000,1590.000
1786789510997,XAUT_USDT,demo,0,microspread_below_threshold,0,0.000000000,0.500000000,0.309702817,0.309702817,0.229413047,0.000000000,0.000000000,244.000,1708.000,1708.000
1786789511113,XAUT_USDT,demo,0,stale_binance,0,0.000000000,0.500000000,0.000000000,0.000000000,0.229413047,0.000000000,0.000000000,360.000,1824.000,1824.000
1786789511229,XAUT_USDT,demo,0,stale_binance,0,0.000000000,0.500000000,0.000000000,0.000000000,0.229413047,0.000000000,0.000000000,476.000,1940.000,1940.000
1786789512668,XAUT_USDT,demo,0,stale_binance,0,0.000000000,0.500000000,0.000000000,0.000000000,0.229413047,0.000000000,0.000000000,319.000,0.000,0.000
1786789512782,XAUT_USDT,demo,0,stale_binance,0,0.000000000,0.500000000,0.000000000,0.000000000,0.229413047,0.000000000,0.000000000,433.000,114.000,114.000
1786789512897,XAUT_USDT,demo,0,stale_binance,0,0.000000000,0.500000000,0.000000000,0.000000000,0.229413047,0.000000000,0.000000000,548.000,229.000,229.000
1786789512998,XAUT_USDT,demo,0,stale_binance,0,0.000000000,0.500000000,0.000000000,0.000000000,0.229413047,0.000000000,0.000000000,649.000,55.000,55.000
1786789513115,XAUT_USDT,demo,0,stale_binance,0,0.000000000,0.500000000,0.000000000,0.000000000,0.229413047,0.000000000,0.000000000,766.000,172.000,172.000
1786789513250,XAUT_USDT,demo,0,microspread_below_threshold,0,0.000000000,0.500000000,0.309702817,0.309702817,0.229413047,0.000000000,0.000000000,0.000,101.000,101.000
1786789513378,XAUT_USDT,demo,0,microspread_below_threshold,0,0.000000000,0.500000000,0.309702817,0.309702817,0.229413047,0.000000000,0.000000000,128.000,0.000,0.000
1786789513526,XAUT_USDT,demo,0,microspread_below_threshold,0,0.000000000,0.500000000,0.309702817,0.309702817,0.229413047,0.000000000,0.000000000,276.000,61.000,61.000
1786789513646,XAUT_USDT,demo,0,stale_binance,0,0.000000000,0.500000000,0.000000000,0.000000000,0.229413047,0.000000000,0.000000000,396.000,181.000,181.000
1786789513795,XAUT_USDT,demo,0,microspread_below_threshold,0,0.000000000,0.500000000,0.309702817,0.309702817,0.229413047,0.000000000,0.000000000,56.000,78.000,78.000
1786789513936,XAUT_USDT,demo,0,microspread_below_threshold,0,0.000000000,0.500000000,0.309702817,0.309702817,0.229413047,0.000000000,0.000000000,0.000,43.000,43.000
1786789514058,XAUT_USDT,demo,0,microspread_below_threshold,0,0.000000000,0.500000000,0.309702817,0.309702817,0.229413047,0.000000000,0.000000000,122.000,58.000,58.000
1786789514175,XAUT_USDT,demo,0,microspread_below_threshold,0,0.000000000,0.500000000,0.309702817,0.309702817,0.229413047,0.000000000,0.000000000,239.000,113.000,113.000
1786789514912,XAUT_USDT,demo,0,microspread_below_threshold,0,0.000000000,0.500000000,0.309702817,0.309702817,0.229413047,0.000000000,0.000000000,12.000,77.000,77.000
1786789515026,XAUT_USDT,demo,0,microspread_below_threshold,0,0.000000000,0.500000000,0.309702817,0.309702817,0.229413047,0.000000000,0.000000000,65.000,103.000,103.000
1786789515133,XAUT_USDT,demo,0,microspread_below_threshold,0,0.000000000,0.500000000,0.309702817,0.309702817,0.229413047,0.000000000,0.000000000,0.000,36.000,36.000
1786789515245,XAUT_USDT,demo,0,microspread_below_threshold,0,0.000000000,0.500000000,0.309702817,0.309702817,0.229413047,0.000000000,0.000000000,112.000,64.000,64.000
1786789515354,XAUT_USDT,demo,0,microspread_below_threshold,0,0.000000000,0.500000000,0.309702817,0.309702817,0.229413047,0.000000000,0.000000000,79.000,0.000,0.000
1786789515461,XAUT_USDT,demo,0,microspread_below_threshold,0,0.000000000,0.500000000,0.309702817,0.309702817,0.229413047,0.000000000,0.000000000,186.000,107.000,107.000
1786789515581,XAUT_USDT,demo,0,stale_binance,0,0.000000000,0.500000000,0.000000000,0.000000000,0.229413047,0.000000000,0.000000000,306.000,227.000,227.000
1786789515698,XAUT_USDT,demo,0,stale_binance,0,0.000000000,0.500000000,0.000000000,0.000000000,0.229413047,0.000000000,0.000000000,423.000,344.000,344.000
1786789515823,XAUT_USDT,demo,0,stale_binance,0,0.000000000,0.500000000,0.000000000,0.000000000,0.229413047,0.000000000,0.000000000,548.000,469.000,469.000
1786789515941,XAUT_USDT,demo,0,microspread_below_threshold,0,0.000000000,0.500000000,0.309702817,0.309702817,0.229413047,0.000000000,0.000000000,53.000,587.000,587.000
1786789516061,XAUT_USDT,demo,0,microspread_below_threshold,0,0.000000000,0.500000000,0.309702817,0.309702817,0.229413047,0.000000000,0.000000000,173.000,707.000,707.000
1786789516179,XAUT_USDT,demo,0,microspread_below_threshold,0,0.000000000,0.500000000,0.309702817,0.309702817,0.229413047,0.000000000,0.000000000,52.000,825.000,825.000
1786789516298,XAUT_USDT,demo,0,microspread_below_threshold,0,0.000000000,0.500000000,0.309702817,0.309702817,0.229413047,0.000000000,0.000000000,171.000,944.000,944.000
1786789516417,XAUT_USDT,demo,0,microspread_below_threshold,0,0.000000000,0.500000000,0.309702817,0.309702817,0.229413047,0.000000000,0.000000000,290.000,1063.000,1063.000
1786789516541,XAUT_USDT,demo,0,microspread_below_threshold,0,0.000000000,0.500000000,0.309702817,0.309702817,0.229413047,0.000000000,0.000000000,54.000,1187.000,1187.000
1786789516659,XAUT_USDT,demo,0,microspread_below_threshold,0,0.000000000,0.500000000,0.309702817,0.309702817,0.229413047,0.000000000,0.000000000,172.000,1305.000,1305.000
1786789516761,XAUT_USDT,demo,0,microspread_below_threshold,0,0.000000000,0.500000000,0.309702817,0.309702817,0.229413047,0.000000000,0.000000000,0.000,1407.000,1407.000
1786789516875,XAUT_USDT,demo,0,microspread_below_threshold,0,0.000000000,0.500000000,0.309702817,0.309702817,0.229413047,0.000000000,0.000000000,114.000,1521.000,1521.000
1786789516994,XAUT_USDT,demo,0,microspread_below_threshold,0,0.000000000,0.500000000,0.309702817,0.309702817,0.229413047,0.000000000,0.000000000,115.000,1640.000,1640.000
1786789517110,XAUT_USDT,demo,0,microspread_below_threshold,0,0.000000000,0.500000000,0.309702817,0.309702817,0.229413047,0.000000000,0.000000000,231.000,1756.000,1756.000
1786789517226,XAUT_USDT,demo,0,stale_binance,0,0.000000000,0.500000000,0.000000000,0.000000000,0.229413047,0.000000000,0.000000000,347.000,1872.000,1872.000
1786789517343,XAUT_USDT,demo,0,stale_binance,0,0.000000000,0.500000000,0.000000000,0.000000000,0.229413047,0.000000000,0.000000000,464.000,1989.000,1989.000
1786789519285,XAUT_USDT,demo,0,microspread_below_threshold,0,0.000000000,0.500000000,0.309702817,0.309702817,0.229413047,0.000000000,0.000000000,42.000,0.000,0.000
1786789520014,XAUT_USDT,demo,0,microspread_below_threshold,0,0.000000000,0.500000000,0.309702817,0.309702817,0.229413047,0.000000000,0.000000000,161.000,114.000,114.000
1786789520131,XAUT_USDT,demo,0,microspread_below_threshold,0,0.000000000,0.500000000,0.309702817,0.309702817,0.229413047,0.000000000,0.000000000,53.000,57.000,57.000
1786789520278,XAUT_USDT,demo,0,microspread_below_threshold,1,0.321163161,0.500000000,0.630865978,0.309702817,0.229413047,0.183520543,0.000000000,59.000,204.000,204.000
1786789553525,XAUT_USDT,demo,0,microspread_below_threshold,0,0.000000000,0.500000000,1.158468781,1.158468781,0.229413047,0.000000000,0.000000000,171.000,471.000,471.000
1786789553644,XAUT_USDT,demo,0,microspread_below_threshold,0,0.000000000,0.500000000,1.158468781,1.158468781,0.229413047,0.000000000,0.000000000,290.000,590.000,590.000
1786789553754,XAUT_USDT,demo,0,microspread_below_threshold,0,0.000000000,0.500000000,1.158468781,1.158468781,0.229413047,0.000000000,0.000000000,0.000,29.000,29.000
1786789553854,XAUT_USDT,demo,0,microspread_below_threshold,0,0.000000000,0.500000000,1.158468781,1.158468781,0.229413047,0.000000000,0.000000000,0.000,129.000,129.000
1786789553954,XAUT_USDT,demo,0,microspread_below_threshold,0,0.000000000,0.500000000,1.158468781,1.158468781,0.229413047,0.000000000,0.000000000,0.000,229.000,229.000
1786789554102,XAUT_USDT,demo,0,microspread_below_threshold,0,0.000000000,0.500000000,1.158468781,1.158468781,0.229413047,0.000000000,0.000000000,54.000,377.000,377.000
1786789554219,XAUT_USDT,demo,0,microspread_below_threshold,0,0.000000000,0.500000000,1.158468781,1.158468781,0.229413047,0.000000000,0.000000000,171.000,494.000,494.000
1786789554336,XAUT_USDT,demo,0,microspread_below_threshold,0,0.000000000,0.500000000,1.158468781,1.158468781,0.229413047,0.000000000,0.000000000,288.000,611.000,611.000
1786789554462,XAUT_USDT,demo,0,stale_binance,0,0.000000000,0.500000000,0.000000000,0.000000000,0.229413047,0.000000000,0.000000000,414.000,737.000,737.000
1786789554578,XAUT_USDT,demo,0,stale_binance,0,0.000000000,0.500000000,0.000000000,0.000000000,0.229413047,0.000000000,0.000000000,530.000,853.000,853.000
1786789554697,XAUT_USDT,demo,0,stale_binance,0,0.000000000,0.500000000,0.000000000,0.000000000,0.229413047,0.000000000,0.000000000,649.000,972.000,972.000
1786789554811,XAUT_USDT,demo,0,stale_binance,0,0.000000000,0.500000000,0.000000000,0.000000000,0.229413047,0.000000000,0.000000000,763.000,1086.000,1086.000
1786789554914,XAUT_USDT,demo,0,microspread_below_threshold,0,0.000000000,0.500000000,1.158468781,1.158468781,0.229413047,0.000000000,0.000000000,53.000,1189.000,1189.000
1786789555029,XAUT_USDT,demo,0,microspread_below_threshold,0,0.000000000,0.500000000,1.158468781,1.158468781,0.229413047,0.000000000,0.000000000,168.000,1304.000,1304.000
1786789555147,XAUT_USDT,demo,0,microspread_below_threshold,0,0.000000000,0.500000000,1.158468781,1.158468781,0.229413047,0.000000000,0.000000000,286.000,1422.000,1422.000
1786789555263,XAUT_USDT,demo,0,microspread_below_threshold,0,0.000000000,0.500000000,1.158468781,1.158468781,0.229413047,0.000000000,0.000000000,0.000,1538.000,1538.000
1786789555411,XAUT_USDT,demo,0,microspread_below_threshold,0,0.000000000,0.500000000,1.158468781,1.158468781,0.229413047,0.000000000,0.000000000,0.000,1686.000,1686.000
1786789555542,XAUT_USDT,demo,0,microspread_below_threshold,0,0.000000000,0.500000000,1.158468781,1.158468781,0.229413047,0.000000000,0.000000000,51.000,1817.000,1817.000
1786789555664,XAUT_USDT,demo,0,microspread_below_threshold,0,0.000000000,0.500000000,1.158468781,1.158468781,0.229413047,0.000000000,0.000000000,173.000,1939.000,1939.000
1786789558513,XAUT_USDT,demo,0,microspread_below_threshold,0,0.000000000,0.500000000,1.158468781,1.158468781,0.229413047,0.000000000,0.000000000,3.000,32.000,32.000
1786789558623,XAUT_USDT,demo,0,microspread_below_threshold,0,0.000000000,0.500000000,1.158468781,1.158468781,0.229413047,0.000000000,0.000000000,0.000,71.000,71.000
1786789558735,XAUT_USDT,demo,0,microspread_below_threshold,0,0.000000000,0.500000000,1.158468781,1.158468781,0.229413047,0.000000000,0.000000000,0.000,1.000,1.000
1786789558841,XAUT_USDT,demo,0,microspread_below_threshold,1,0.022938621,0.500000000,1.181407402,1.158468781,0.229413047,0.022938621,0.000000000,0.000,28.000,28.000
1786789558948,XAUT_USDT,demo,0,microspread_below_threshold,1,0.022938621,0.500000000,1.181407402,1.158468781,0.229413047,0.000000000,0.000000000,0.000,135.000,135.000
1786789559051,XAUT_USDT,demo,0,microspread_below_threshold,1,0.022938621,0.500000000,1.181407402,1.158468781,0.229413047,0.000000000,0.000000000,0.000,238.000,238.000
1786789559156,XAUT_USDT,demo,0,microspread_below_threshold,1,0.022938621,0.500000000,1.181407402,1.158468781,0.229413047,0.000000000,0.000000000,0.000,343.000,343.000
1786789559271,XAUT_USDT,demo,0,microspread_below_threshold,1,0.022938621,0.500000000,1.181407402,1.158468781,0.229413047,0.000000000,0.000000000,0.000,458.000,458.000
1786789559405,XAUT_USDT,demo,0,microspread_below_threshold,1,0.389949398,0.500000000,1.548418179,1.158468781,0.229413047,0.229380157,0.000000000,0.000,592.000,592.000
1786789559505,XAUT_USDT,demo,0,microspread_below_threshold,1,0.389949398,0.500000000,1.548418179,1.158468781,0.229413047,0.000000000,0.000000000,0.000,692.000,692.000
1786789559626,XAUT_USDT,demo,0,microspread_below_threshold,1,0.389949398,0.500000000,1.548418179,1.158468781,0.229413047,0.000000000,0.000000000,0.000,813.000,813.000
1786789559749,XAUT_USDT,demo,0,microspread_below_threshold,1,0.389949398,0.500000000,1.548418179,1.158468781,0.229413047,0.000000000,0.000000000,52.000,936.000,936.000
1786789559851,XAUT_USDT,demo,0,microspread_below_threshold,1,0.389949398,0.500000000,1.548418179,1.158468781,0.229413047,0.000000000,0.000000000,0.000,1038.000,1038.000
1786789559953,XAUT_USDT,demo,0,microspread_below_threshold,1,0.389949398,0.500000000,1.548418179,1.158468781,0.229413047,0.000000000,0.000000000,0.000,1140.000,1140.000
1786789560063,XAUT_USDT,demo,0,microspread_below_threshold,1,0.389949398,0.500000000,1.548418179,1.158468781,0.229413047,0.000000000,0.000000000,110.000,1250.000,1250.000
1786789560183,XAUT_USDT,demo,0,microspread_below_threshold,1,0.389949398,0.500000000,1.548418179,1.158468781,0.229413047,0.000000000,0.000000000,105.000,1370.000,1370.000
1786789560305,XAUT_USDT,demo,0,microspread_below_threshold,1,0.389949398,0.500000000,1.548418179,1.158468781,0.229413047,0.000000000,0.000000000,1.000,1492.000,1492.000
1786789560415,XAUT_USDT,demo,0,microspread_below_threshold,1,0.367010778,0.500000000,1.548418179,1.181407402,0.229413047,0.000000000,0.000000000,111.000,1602.000,1602.000
1786789560533,XAUT_USDT,demo,0,microspread_below_threshold,1,0.367010778,0.500000000,1.548418179,1.181407402,0.229413047,0.000000000,0.000000000,229.000,1720.000,1720.000
1786789560669,XAUT_USDT,demo,0,stale_binance,0,0.000000000,0.500000000,0.000000000,0.000000000,0.229413047,0.000000000,0.000000000,365.000,1856.000,1856.000
1786789560801,XAUT_USDT,demo,0,microspread_below_threshold,1,0.367010778,0.500000000,1.548418179,1.181407402,0.229413047,0.000000000,0.000000000,0.000,1988.000,1988.000
1786789564676,XAUT_USDT,demo,0,stale_binance,0,0.000000000,0.708831357,0.000000000,0.000000000,0.458831357,0.000000000,0.000000000,457.000,0.000,0.000
1786789564788,XAUT_USDT,demo,0,stale_binance,0,0.000000000,0.708831357,0.000000000,0.000000000,0.458831357,0.000000000,0.000000000,569.000,0.000,0.000
1786789564927,XAUT_USDT,demo,0,stale_binance,0,0.000000000,0.708831357,0.000000000,0.000000000,0.458831357,0.000000000,0.000000000,708.000,59.000,59.000
1786789565049,XAUT_USDT,demo,0,stale_binance,0,0.000000000,0.708831357,0.000000000,0.000000000,0.458831357,0.000000000,0.000000000,830.000,1.000,1.000
1786789565182,XAUT_USDT,demo,0,microspread_below_threshold,1,0.344087339,0.708831357,1.663125360,1.319038022,0.458831357,0.000000000,0.000000000,117.000,134.000,134.000
1786789565315,XAUT_USDT,demo,0,microspread_below_threshold,1,0.344087339,0.708831357,1.663125360,1.319038022,0.458831357,0.000000000,0.000000000,250.000,0.000,0.000
1786789565432,XAUT_USDT,demo,0,stale_binance,0,0.000000000,0.708831357,0.000000000,0.000000000,0.458831357,0.000000000,0.000000000,367.000,117.000,117.000
1786789565562,XAUT_USDT,demo,0,microspread_below_threshold,1,0.344087339,0.708831357,1.663125360,1.319038022,0.458831357,0.000000000,0.000000000,52.000,78.000,78.000
1786789565694,XAUT_USDT,demo,0,microspread_below_threshold,1,0.344087339,0.708831357,1.663125360,1.319038022,0.458831357,0.000000000,0.000000000,184.000,121.000,121.000
1786789565809,XAUT_USDT,demo,0,microspread_below_threshold,1,0.344087339,0.708831357,1.663125360,1.319038022,0.458831357,0.000000000,0.000000000,299.000,63.000,63.000
1786789565924,XAUT_USDT,demo,0,microspread_below_threshold,1,0.344087339,0.708831357,1.663125360,1.319038022,0.458831357,0.000000000,0.000000000,62.000,83.000,83.000
1786789566075,XAUT_USDT,demo,0,microspread_below_threshold,1,0.344087339,0.708831357,1.663125360,1.319038022,0.458831357,0.000000000,0.000000000,57.000,52.000,52.000
1786789566190,XAUT_USDT,demo,0,microspread_below_threshold,1,0.344087339,0.708831357,1.663125360,1.319038022,0.458831357,0.000000000,0.000000000,172.000,0.000,0.000
1786789566332,XAUT_USDT,demo,0,microspread_below_threshold,1,0.344087339,0.708831357,1.663125360,1.319038022,0.458831357,0.000000000,0.000000000,99.000,55.000,55.000
1786789566456,XAUT_USDT,demo,0,microspread_below_threshold,1,0.344087339,0.708831357,1.663125360,1.319038022,0.458831357,0.000000000,0.000000000,223.000,179.000,179.000
1786789566575,XAUT_USDT,demo,0,stale_binance,0,0.000000000,0.708831357,0.000000000,0.000000000,0.458831357,0.000000000,0.000000000,342.000,298.000,298.000
1786789566696,XAUT_USDT,demo,0,stale_binance,0,0.000000000,0.708831357,0.000000000,0.000000000,0.458831357,0.000000000,0.000000000,463.000,419.000,419.000
1786789566843,XAUT_USDT,demo,0,stale_binance,0,0.000000000,0.708831357,0.000000000,0.000000000,0.458831357,0.000000000,0.000000000,610.000,61.000,61.000
1786789566965,XAUT_USDT,demo,0,stale_binance,0,0.000000000,0.708831357,0.000000000,0.000000000,0.458831357,0.000000000,0.000000000,732.000,183.000,183.000
1786789567126,XAUT_USDT,demo,0,microspread_below_threshold,1,0.114707181,0.708831357,1.663125360,1.548418179,0.458831357,0.000000000,0.000000000,114.000,344.000,344.000
1786789567241,XAUT_USDT,demo,0,microspread_below_threshold,1,0.114707181,0.708831357,1.663125360,1.548418179,0.458831357,0.000000000,0.000000000,229.000,459.000,459.000
1786789567358,XAUT_USDT,demo,0,stale_binance,0,0.000000000,0.708831357,0.000000000,0.000000000,0.458831357,0.000000000,0.000000000,346.000,576.000,576.000
1786789567465,XAUT_USDT,demo,0,stale_binance,0,0.000000000,0.708831357,0.000000000,0.000000000,0.458831357,0.000000000,0.000000000,453.000,683.000,683.000
1786789567591,XAUT_USDT,demo,0,stale_binance,0,0.000000000,0.708831357,0.000000000,0.000000000,0.458831357,0.000000000,0.000000000,579.000,809.000,809.000
1786789567708,XAUT_USDT,demo,0,stale_binance,0,0.000000000,0.708831357,0.000000000,0.000000000,0.458831357,0.000000000,0.000000000,696.000,926.000,926.000
1786789567838,XAUT_USDT,demo,0,microspread_below_threshold,1,0.114707181,0.708831357,1.663125360,1.548418179,0.458831357,0.000000000,0.000000000,66.000,1056.000,1056.000
1786789568581,XAUT_USDT,demo,0,microspread_below_threshold,1,0.114707181,0.708831357,1.663125360,1.548418179,0.458831357,0.000000000,0.000000000,0.000,1799.000,1799.000
1786789568706,XAUT_USDT,demo,0,microspread_below_threshold,1,0.114707181,0.708831357,1.663125360,1.548418179,0.458831357,0.000000000,0.000000000,125.000,1924.000,1924.000
1786789571342,XAUT_USDT,demo,0,microspread_below_threshold,0,0.000000000,0.708831357,1.663125360,1.663125360,0.458831357,0.000000000,0.000000000,254.000,0.000,0.000
1786789571481,XAUT_USDT,demo,0,stale_binance,0,0.000000000,0.708831357,0.000000000,0.000000000,0.458831357,0.000000000,0.000000000,393.000,51.000,51.000
1786789571605,XAUT_USDT,demo,0,stale_binance,0,0.000000000,0.708831357,0.000000000,0.000000000,0.458831357,0.000000000,0.000000000,517.000,175.000,175.000
1786789571713,XAUT_USDT,demo,0,stale_binance,0,0.000000000,0.708831357,0.000000000,0.000000000,0.458831357,0.000000000,0.000000000,625.000,103.000,103.000
1786789571831,XAUT_USDT,demo,0,stale_binance,0,0.000000000,0.708831357,0.000000000,0.000000000,0.458831357,0.000000000,0.000000000,743.000,58.000,58.000
1786789571979,XAUT_USDT,demo,0,stale_binance,0,0.000000000,0.708831357,0.000000000,0.000000000,0.458831357,0.000000000,0.000000000,891.000,116.000,116.000
1786789572113,XAUT_USDT,demo,0,stale_binance,0,0.000000000,0.708831357,0.000000000,0.000000000,0.458831357,0.000000000,0.000000000,1025.000,63.000,63.000
1786789572260,XAUT_USDT,demo,0,microspread_below_threshold,0,0.000000000,0.708831357,1.663125360,1.663125360,0.458831357,0.000000000,0.000000000,120.000,119.000,119.000
1786789572391,XAUT_USDT,demo,0,microspread_below_threshold,0,0.000000000,0.708831357,1.663125360,1.663125360,0.458831357,0.000000000,0.000000000,0.000,250.000,250.000
1786789572510,XAUT_USDT,demo,0,microspread_below_threshold,0,0.000000000,0.708831357,1.663125360,1.663125360,0.458831357,0.000000000,0.000000000,119.000,369.000,369.000
1786789572627,XAUT_USDT,demo,0,microspread_below_threshold,0,0.000000000,0.708831357,1.663125360,1.663125360,0.458831357,0.000000000,0.000000000,56.000,486.000,486.000
1786789572745,XAUT_USDT,demo,0,microspread_below_threshold,0,0.000000000,0.708831357,1.663125360,1.663125360,0.458831357,0.000000000,0.000000000,174.000,604.000,604.000
1786789572862,XAUT_USDT,demo,0,microspread_below_threshold,0,0.000000000,0.708831357,1.663125360,1.663125360,0.458831357,0.000000000,0.000000000,291.000,721.000,721.000
1786789572977,XAUT_USDT,demo,0,stale_binance,0,0.000000000,0.708831357,0.000000000,0.000000000,0.458831357,0.000000000,0.000000000,-603.000,836.000,836.000
1786789573639,XAUT_USDT,demo,0,microspread_below_threshold,0,0.000000000,0.708831357,1.663125360,1.663125360,0.458831357,0.000000000,0.000000000,59.000,1498.000,1498.000
1786789573746,XAUT_USDT,demo,0,microspread_below_threshold,0,0.000000000,0.708831357,1.663125360,1.663125360,0.458831357,0.000000000,0.000000000,0.000,1605.000,1605.000
1786789573863,XAUT_USDT,demo,0,microspread_below_threshold,0,0.000000000,0.708831357,1.663125360,1.663125360,0.458831357,0.000000000,0.000000000,110.000,1722.000,1722.000
1786789573978,XAUT_USDT,demo,0,microspread_below_threshold,0,0.000000000,0.708831357,1.663125360,1.663125360,0.458831357,0.000000000,0.000000000,225.000,1837.000,1837.000
1786789574098,XAUT_USDT,demo,0,stale_binance,0,0.000000000,0.708831357,0.000000000,0.000000000,0.458831357,0.000000000,0.000000000,345.000,1957.000,1957.000
1786789578629,XAUT_USDT,demo,0,stale_binance,0,0.000000000,0.708831357,0.000000000,0.000000000,0.458831357,0.000000000,0.000000000,405.000,185.000,185.000
1786789578733,XAUT_USDT,demo,0,microspread_below_threshold,0,0.000000000,0.708831357,1.663125360,1.663125360,0.458831357,0.000000000,0.000000000,62.000,0.000,0.000
1786789578845,XAUT_USDT,demo,0,microspread_below_threshold,0,0.000000000,0.708831357,1.663125360,1.663125360,0.458831357,0.000000000,0.000000000,174.000,56.000,56.000
1786789578965,XAUT_USDT,demo,0,microspread_below_threshold,0,0.000000000,0.708831357,1.663125360,1.663125360,0.458831357,0.000000000,0.000000000,0.000,81.000,81.000
1786789579109,XAUT_USDT,demo,0,microspread_below_threshold,0,0.000000000,0.708831357,1.663125360,1.663125360,0.458831357,0.000000000,0.000000000,144.000,115.000,115.000
1786789579242,XAUT_USDT,demo,0,microspread_below_threshold,0,0.000000000,0.708831357,1.663125360,1.663125360,0.458831357,0.000000000,0.000000000,277.000,52.000,52.000
1786789579388,XAUT_USDT,demo,0,stale_binance,0,0.000000000,0.708831357,0.000000000,0.000000000,0.458831357,0.000000000,0.000000000,423.000,50.000,50.000
1786789579501,XAUT_USDT,demo,0,stale_binance,0,0.000000000,0.708831357,0.000000000,0.000000000,0.458831357,0.000000000,0.000000000,536.000,0.000,0.000
1786789579606,XAUT_USDT,demo,0,stale_binance,0,0.000000000,0.708831357,0.000000000,0.000000000,0.458831357,0.000000000,0.000000000,641.000,0.000,0.000
1786789579741,XAUT_USDT,demo,0,microspread_below_threshold,0,0.000000000,0.708831357,1.663125360,1.663125360,0.458831357,0.000000000,0.000000000,115.000,135.000,135.000
1786789579861,XAUT_USDT,demo,0,microspread_below_threshold,0,0.000000000,0.708831357,1.663125360,1.663125360,0.458831357,0.000000000,0.000000000,235.000,255.000,255.000
1786789579985,XAUT_USDT,demo,0,microspread_below_threshold,0,0.000000000,0.708831357,1.663125360,1.663125360,0.458831357,0.000000000,0.000000000,109.000,63.000,63.000
1786789580103,XAUT_USDT,demo,0,microspread_below_threshold,0,0.000000000,0.708831357,1.663125360,1.663125360,0.458831357,0.000000000,0.000000000,227.000,181.000,181.000
1786789580222,XAUT_USDT,demo,0,stale_binance,0,0.000000000,0.708831357,0.000000000,0.000000000,0.458831357,0.000000000,0.000000000,346.000,300.000,300.000
1786789580339,XAUT_USDT,demo,0,stale_binance,0,0.000000000,0.708831357,0.000000000,0.000000000,0.458831357,0.000000000,0.000000000,463.000,417.000,417.000
1786789580456,XAUT_USDT,demo,0,stale_binance,0,0.000000000,0.708831357,0.000000000,0.000000000,0.458831357,0.000000000,0.000000000,580.000,534.000,534.000
1786789580574,XAUT_USDT,demo,0,stale_binance,0,0.000000000,0.708831357,0.000000000,0.000000000,0.458831357,0.000000000,0.000000000,698.000,652.000,652.000
1786789580692,XAUT_USDT,demo,0,stale_binance,0,0.000000000,0.708831357,0.000000000,0.000000000,0.458831357,0.000000000,0.000000000,816.000,770.000,770.000
1786789580810,XAUT_USDT,demo,0,stale_binance,0,0.000000000,0.708831357,0.000000000,0.000000000,0.458831357,0.000000000,0.000000000,934.000,888.000,888.000
1786789580935,XAUT_USDT,demo,0,stale_binance,0,0.000000000,0.708831357,0.000000000,0.000000000,0.458831357,0.000000000,0.000000000,1059.000,1013.000,1013.000
1786789581077,XAUT_USDT,demo,0,microspread_below_threshold,0,0.000000000,0.708831357,1.663125360,1.663125360,0.458831357,0.000000000,0.000000000,115.000,1155.000,1155.000
1786789581193,XAUT_USDT,demo,0,microspread_below_threshold,0,0.000000000,0.708831357,1.663125360,1.663125360,0.458831357,0.000000000,0.000000000,231.000,1271.000,1271.000
1786789581307,XAUT_USDT,demo,0,stale_binance,0,0.000000000,0.708831357,0.000000000,0.000000000,0.458831357,0.000000000,0.000000000,345.000,1385.000,1385.000
1786789581425,XAUT_USDT,demo,0,stale_binance,0,0.000000000,0.708831357,0.000000000,0.000000000,0.458831357,0.000000000,0.000000000,463.000,1503.000,1503.000
1786789581542,XAUT_USDT,demo,0,stale_binance,0,0.000000000,0.708831357,0.000000000,0.000000000,0.458831357,0.000000000,0.000000000,580.000,1620.000,1620.000
1786789581660,XAUT_USDT,demo,0,stale_binance,0,0.000000000,0.708831357,0.000000000,0.000000000,0.458831357,0.000000000,0.000000000,698.000,1738.000,1738.000
1786789581778,XAUT_USDT,demo,0,stale_binance,0,0.000000000,0.708831357,0.000000000,0.000000000,0.458831357,0.000000000,0.000000000,816.000,1856.000,1856.000
1786789581895,XAUT_USDT,demo,0,stale_binance,0,0.000000000,0.708831357,0.000000000,0.000000000,0.458831357,0.000000000,0.000000000,933.000,1973.000,1973.000
1786789584529,XAUT_USDT,demo,0,stale_binance,0,0.000000000,0.708831357,0.000000000,0.000000000,0.458831357,0.000000000,0.000000000,418.000,0.000,0.000
1786789584672,XAUT_USDT,demo,0,stale_binance,0,0.000000000,0.708831357,0.000000000,0.000000000,0.458831357,0.000000000,0.000000000,561.000,55.000,55.000
1786789584779,XAUT_USDT,demo,0,stale_binance,0,0.000000000,0.708831357,0.000000000,0.000000000,0.458831357,0.000000000,0.000000000,668.000,162.000,162.000
1786789584885,XAUT_USDT,demo,0,stale_binance,0,0.000000000,0.708831357,0.000000000,0.000000000,0.458831357,0.000000000,0.000000000,774.000,0.000,0.000
1786789585023,XAUT_USDT,demo,0,stale_binance,0,0.000000000,0.708831357,0.000000000,0.000000000,0.458831357,0.000000000,0.000000000,912.000,55.000,55.000
1786789585136,XAUT_USDT,demo,0,stale_binance,0,0.000000000,0.708831357,0.000000000,0.000000000,0.458831357,0.000000000,0.000000000,1025.000,0.000,0.000
1786789585253,XAUT_USDT,demo,0,stale_binance,0,0.000000000,0.708831357,0.000000000,0.000000000,0.458831357,0.000000000,0.000000000,1142.000,117.000,117.000
1786789585366,XAUT_USDT,demo,0,stale_binance,0,0.000000000,0.708831357,0.000000000,0.000000000,0.458831357,0.000000000,0.000000000,1255.000,51.000,51.000
1786789585486,XAUT_USDT,demo,0,stale_binance,0,0.000000000,0.708831357,0.000000000,0.000000000,0.458831357,0.000000000,0.000000000,1375.000,0.000,0.000
1786789585609,XAUT_USDT,demo,0,stale_binance,0,0.000000000,0.708831357,0.000000000,0.000000000,0.458831357,0.000000000,0.000000000,1498.000,123.000,123.000
1786789585723,XAUT_USDT,demo,0,stale_binance,0,0.000000000,0.708831357,0.000000000,0.000000000,0.458831357,0.000000000,0.000000000,1612.000,60.000,60.000
1786789585842,XAUT_USDT,demo,0,stale_binance,0,0.000000000,0.708831357,0.000000000,0.000000000,0.458831357,0.000000000,0.000000000,1731.000,1.000,1.000
1786789585988,XAUT_USDT,demo,0,stale_binance,0,0.000000000,0.708831357,0.000000000,0.000000000,0.458831357,0.000000000,0.000000000,1877.000,60.000,60.000
1786789586133,XAUT_USDT,demo,0,stale_binance,0,0.000000000,0.708831357,0.000000000,0.000000000,0.458831357,0.000000000,0.000000000,2022.000,123.000,123.000
1786789586251,XAUT_USDT,demo,0,stale_binance,0,0.000000000,0.708831357,0.000000000,0.000000000,0.458831357,0.000000000,0.000000000,2140.000,241.000,241.000
1786789586370,XAUT_USDT,demo,0,stale_binance,0,0.000000000,0.708831357,0.000000000,0.000000000,0.458831357,0.000000000,0.000000000,2259.000,360.000,360.000
1786789586500,XAUT_USDT,demo,0,stale_binance,0,0.000000000,0.708831357,0.000000000,0.000000000,0.458831357,0.000000000,0.000000000,2389.000,490.000,490.000
1786789586610,XAUT_USDT,demo,0,stale_binance,0,0.000000000,0.708831357,0.000000000,0.000000000,0.458831357,0.000000000,0.000000000,2499.000,600.000,600.000
1786789586728,XAUT_USDT,demo,0,stale_binance,0,0.000000000,0.708831357,0.000000000,0.000000000,0.458831357,0.000000000,0.000000000,2617.000,718.000,718.000
1786789586852,XAUT_USDT,demo,0,stale_binance,0,0.000000000,0.708831357,0.000000000,0.000000000,0.458831357,0.000000000,0.000000000,2741.000,842.000,842.000
1786789586967,XAUT_USDT,demo,0,stale_binance,0,0.000000000,0.708831357,0.000000000,0.000000000,0.458831357,0.000000000,0.000000000,2856.000,957.000,957.000
1786789587076,XAUT_USDT,demo,0,stale_binance,0,0.000000000,0.708831357,0.000000000,0.000000000,0.458831357,0.000000000,0.000000000,2965.000,1066.000,1066.000
1786789587203,XAUT_USDT,demo,0,stale_binance,0,0.000000000,0.708831357,0.000000000,0.000000000,0.458831357,0.000000000,0.000000000,3092.000,1193.000,1193.000
1786789587340,XAUT_USDT,demo,0,microspread_below_threshold,0,0.000000000,0.708831357,1.663125360,1.663125360,0.458831357,0.000000000,0.000000000,118.000,1330.000,1330.000
1786789587457,XAUT_USDT,demo,0,microspread_below_threshold,0,0.000000000,0.708831357,1.663125360,1.663125360,0.458831357,0.000000000,0.000000000,235.000,1447.000,1447.000
1786789587576,XAUT_USDT,demo,0,stale_binance,0,0.000000000,0.708831357,0.000000000,0.000000000,0.458831357,0.000000000,0.000000000,354.000,1566.000,1566.000
1786789587688,XAUT_USDT,demo,0,stale_binance,0,0.000000000,0.708831357,0.000000000,0.000000000,0.458831357,0.000000000,0.000000000,466.000,1678.000,1678.000
1786789587807,XAUT_USDT,demo,0,stale_binance,0,0.000000000,0.708831357,0.000000000,0.000000000,0.458831357,0.000000000,0.000000000,585.000,1797.000,1797.000
1786789587930,XAUT_USDT,demo,0,stale_binance,0,0.000000000,0.708831357,0.000000000,0.000000000,0.458831357,0.000000000,0.000000000,708.000,1920.000,1920.000
1786789591421,XAUT_USDT,demo,0,stale_binance,0,0.000000000,0.708831357,0.000000000,0.000000000,0.458831357,0.000000000,0.000000000,1232.000,0.000,0.000
1786789591544,XAUT_USDT,demo,0,microspread_below_threshold,0,0.000000000,0.708831357,1.663125360,1.663125360,0.458831357,0.000000000,0.000000000,1.000,32.000,32.000
1786789591667,XAUT_USDT,demo,0,microspread_below_threshold,0,0.000000000,0.708831357,1.663125360,1.663125360,0.458831357,0.000000000,0.000000000,124.000,155.000,155.000
1786789591821,XAUT_USDT,demo,0,microspread_below_threshold,0,0.000000000,0.708831357,1.663125360,1.663125360,0.458831357,0.000000000,0.000000000,278.000,56.000,56.000
1786789591924,XAUT_USDT,demo,0,stale_binance,0,0.000000000,0.708831357,0.000000000,0.000000000,0.458831357,0.000000000,0.000000000,381.000,57.000,57.000
1786789592033,XAUT_USDT,demo,0,stale_binance,0,0.000000000,0.708831357,0.000000000,0.000000000,0.458831357,0.000000000,0.000000000,490.000,0.000,0.000
1786789592181,XAUT_USDT,demo,0,stale_binance,0,0.000000000,0.708831357,0.000000000,0.000000000,0.458831357,0.000000000,0.000000000,638.000,60.000,60.000
1786789592291,XAUT_USDT,demo,0,stale_binance,0,0.000000000,0.708831357,0.000000000,0.000000000,0.458831357,0.000000000,0.000000000,748.000,170.000,170.000
1786789592397,XAUT_USDT,demo,0,stale_binance,0,0.000000000,0.708831357,0.000000000,0.000000000,0.458831357,0.000000000,0.000000000,854.000,1.000,1.000
1786789592506,XAUT_USDT,demo,0,stale_binance,0,0.000000000,0.708831357,0.000000000,0.000000000,0.458831357,0.000000000,0.000000000,963.000,0.000,0.000
1786789592624,XAUT_USDT,demo,0,stale_binance,0,0.000000000,0.708831357,0.000000000,0.000000000,0.458831357,0.000000000,0.000000000,1081.000,118.000,118.000
1786789592765,XAUT_USDT,demo,0,stale_binance,0,0.000000000,0.708831357,0.000000000,0.000000000,0.458831357,0.000000000,0.000000000,1222.000,118.000,118.000
1786789592881,XAUT_USDT,demo,0,stale_binance,0,0.000000000,0.708831357,0.000000000,0.000000000,0.458831357,0.000000000,0.000000000,1338.000,234.000,234.000
1786789592990,XAUT_USDT,demo,0,stale_binance,0,0.000000000,0.708831357,0.000000000,0.000000000,0.458831357,0.000000000,0.000000000,1447.000,1.000,1.000
1786789593732,XAUT_USDT,demo,0,stale_binance,0,0.000000000,0.708831357,0.000000000,0.000000000,0.458831357,0.000000000,0.000000000,461.000,144.000,144.000
1786789593886,XAUT_USDT,demo,0,microspread_below_threshold,0,0.000000000,0.708831357,1.663125360,1.663125360,0.458831357,0.000000000,0.000000000,112.000,298.000,298.000
1786789594004,XAUT_USDT,demo,0,microspread_below_threshold,0,0.000000000,0.708831357,1.663125360,1.663125360,0.458831357,0.000000000,0.000000000,230.000,64.000,64.000
1786789594105,XAUT_USDT,demo,0,microspread_below_threshold,0,0.000000000,0.708831357,1.663125360,1.663125360,0.458831357,0.000000000,0.000000000,80.000,0.000,0.000
1786789594246,XAUT_USDT,demo,0,microspread_below_threshold,0,0.000000000,0.708831357,1.663125360,1.663125360,0.458831357,0.000000000,0.000000000,221.000,53.000,53.000
1786789594387,XAUT_USDT,demo,0,stale_binance,0,0.000000000,0.708831357,0.000000000,0.000000000,0.458831357,0.000000000,0.000000000,362.000,109.000,109.000
1786789594506,XAUT_USDT,demo,0,stale_binance,0,0.000000000,0.708831357,0.000000000,0.000000000,0.458831357,0.000000000,0.000000000,481.000,228.000,228.000
1786789594607,XAUT_USDT,demo,0,stale_binance,0,0.000000000,0.708831357,0.000000000,0.000000000,0.458831357,0.000000000,0.000000000,582.000,52.000,52.000
1786789594757,XAUT_USDT,demo,0,microspread_below_threshold,0,0.000000000,0.708831357,1.663125360,1.663125360,0.458831357,0.000000000,0.000000000,57.000,136.000,136.000
1786789594881,XAUT_USDT,demo,0,microspread_below_threshold,0,0.000000000,0.708831357,1.663125360,1.663125360,0.458831357,0.000000000,0.000000000,181.000,260.000,260.000
1786789595030,XAUT_USDT,demo,0,stale_binance,0,0.000000000,0.708831357,0.000000000,0.000000000,0.458831357,0.000000000,0.000000000,330.000,65.000,65.000
1786789595169,XAUT_USDT,demo,0,stale_binance,0,0.000000000,0.708831357,0.000000000,0.000000000,0.458831357,0.000000000,0.000000000,469.000,119.000,119.000
1786789595288,XAUT_USDT,demo,0,stale_binance,0,0.000000000,0.708831357,0.000000000,0.000000000,0.458831357,0.000000000,0.000000000,588.000,238.000,238.000
1786789595401,XAUT_USDT,demo,0,microspread_below_threshold,0,0.000000000,0.708831357,1.663125360,1.663125360,0.458831357,0.000000000,0.000000000,33.000,1.000,1.000
1786789595536,XAUT_USDT,demo,0,microspread_below_threshold,0,0.000000000,0.708831357,1.663125360,1.663125360,0.458831357,0.000000000,0.000000000,168.000,50.000,50.000
1786789595650,XAUT_USDT,demo,0,microspread_below_threshold,0,0.000000000,0.708831357,1.663125360,1.663125360,0.458831357,0.000000000,0.000000000,282.000,164.000,164.000
1786789595756,XAUT_USDT,demo,0,stale_binance,0,0.000000000,0.708831357,0.000000000,0.000000000,0.458831357,0.000000000,0.000000000,388.000,270.000,270.000
1786789595881,XAUT_USDT,demo,0,stale_binance,0,0.000000000,0.708831357,0.000000000,0.000000000,0.458831357,0.000000000,0.000000000,513.000,395.000,395.000
1786789596003,XAUT_USDT,demo,0,stale_binance,0,0.000000000,0.708831357,0.000000000,0.000000000,0.458831357,0.000000000,0.000000000,635.000,517.000,517.000
1786789596122,XAUT_USDT,demo,0,stale_binance,0,0.000000000,0.708831357,0.000000000,0.000000000,0.458831357,0.000000000,0.000000000,754.000,636.000,636.000
1786789596240,XAUT_USDT,demo,0,stale_binance,0,0.000000000,0.708831357,0.000000000,0.000000000,0.458831357,0.000000000,0.000000000,872.000,754.000,754.000
1786789596354,XAUT_USDT,demo,0,stale_binance,0,0.000000000,0.708831357,0.000000000,0.000000000,0.458831357,0.000000000,0.000000000,986.000,868.000,868.000
1786789596486,XAUT_USDT,demo,0,microspread_below_threshold,0,0.000000000,0.708831357,1.663125360,1.663125360,0.458831357,0.000000000,0.000000000,110.000,1000.000,1000.000
1786789596602,XAUT_USDT,demo,0,microspread_below_threshold,0,0.000000000,0.708831357,1.663125360,1.663125360,0.458831357,0.000000000,0.000000000,226.000,1116.000,1116.000
1786789596717,XAUT_USDT,demo,0,stale_binance,0,0.000000000,0.708831357,0.000000000,0.000000000,0.458831357,0.000000000,0.000000000,341.000,1231.000,1231.000
1786789596836,XAUT_USDT,demo,0,stale_binance,0,0.000000000,0.708831357,0.000000000,0.000000000,0.458831357,0.000000000,0.000000000,460.000,1350.000,1350.000
1786789596951,XAUT_USDT,demo,0,stale_binance,0,0.000000000,0.708831357,0.000000000,0.000000000,0.458831357,0.000000000,0.000000000,575.000,1465.000,1465.000
1786789597069,XAUT_USDT,demo,0,stale_binance,0,0.000000000,0.708831357,0.000000000,0.000000000,0.458831357,0.000000000,0.000000000,693.000,1583.000,1583.000
1786789597187,XAUT_USDT,demo,0,stale_binance,0,0.000000000,0.708831357,0.000000000,0.000000000,0.458831357,0.000000000,0.000000000,811.000,1701.000,1701.000
1786789597305,XAUT_USDT,demo,0,stale_binance,0,0.000000000,0.708831357,0.000000000,0.000000000,0.458831357,0.000000000,0.000000000,929.000,1819.000,1819.000
1786789597429,XAUT_USDT,demo,0,stale_binance,0,0.000000000,0.708831357,0.000000000,0.000000000,0.458831357,0.000000000,0.000000000,1053.000,1943.000,1943.000
1786789598709,XAUT_USDT,demo,0,stale_binance,0,0.000000000,0.708831357,0.000000000,0.000000000,0.458831357,0.000000000,0.000000000,476.000,81.000,81.000
1786789598822,XAUT_USDT,demo,0,stale_binance,0,0.000000000,0.708831357,0.000000000,0.000000000,0.458831357,0.000000000,0.000000000,589.000,107.000,107.000
1786789598946,XAUT_USDT,demo,0,stale_binance,0,0.000000000,0.708831357,0.000000000,0.000000000,0.458831357,0.000000000,0.000000000,713.000,231.000,231.000
1786789599099,XAUT_USDT,demo,0,stale_binance,0,0.000000000,0.708831357,0.000000000,0.000000000,0.458831357,0.000000000,0.000000000,866.000,115.000,115.000
1786789599231,XAUT_USDT,demo,0,microspread_below_threshold,0,0.000000000,0.708831357,1.663125360,1.663125360,0.458831357,0.000000000,0.000000000,59.000,89.000,89.000
1786789599380,XAUT_USDT,demo,0,microspread_below_threshold,0,0.000000000,0.708831357,1.663125360,1.663125360,0.458831357,0.000000000,0.000000000,103.000,55.000,55.000
1786789599494,XAUT_USDT,demo,0,microspread_below_threshold,0,0.000000000,0.708831357,1.663125360,1.663125360,0.458831357,0.000000000,0.000000000,217.000,1.000,1.000
1786789599632,XAUT_USDT,demo,0,microspread_below_threshold,0,0.000000000,0.708831357,1.663125360,1.663125360,0.458831357,0.000000000,0.000000000,111.000,53.000,53.000
1786789599751,XAUT_USDT,demo,0,microspread_below_threshold,0,0.000000000,0.708831357,1.663125360,1.663125360,0.458831357,0.000000000,0.000000000,230.000,172.000,172.000
1786789599865,XAUT_USDT,demo,0,stale_binance,0,0.000000000,0.708831357,0.000000000,0.000000000,0.458831357,0.000000000,0.000000000,344.000,286.000,286.000
1786789599985,XAUT_USDT,demo,0,stale_binance,0,0.000000000,0.708831357,0.000000000,0.000000000,0.458831357,0.000000000,0.000000000,464.000,65.000,65.000
1786789600120,XAUT_USDT,demo,0,stale_binance,0,0.000000000,0.708831357,0.000000000,0.000000000,0.458831357,0.000000000,0.000000000,599.000,117.000,117.000
1786789600263,XAUT_USDT,demo,0,microspread_below_threshold,0,0.000000000,0.708831357,1.663125360,1.663125360,0.458831357,0.000000000,0.000000000,48.000,0.000,0.000
1786789600373,XAUT_USDT,demo,0,microspread_below_threshold,0,0.000000000,0.708831357,1.663125360,1.663125360,0.458831357,0.000000000,0.000000000,0.000,26.000,26.000
1786789600477,XAUT_USDT,demo,0,microspread_below_threshold,0,0.000000000,0.708831357,1.663125360,1.663125360,0.458831357,0.000000000,0.000000000,0.000,17.000,17.000
1786789600620,XAUT_USDT,demo,0,microspread_below_threshold,0,0.000000000,0.708831357,1.663125360,1.663125360,0.458831357,0.000000000,0.000000000,143.000,54.000,54.000
1786789600737,XAUT_USDT,demo,0,microspread_below_threshold,0,0.000000000,0.708831357,1.663125360,1.663125360,0.458831357,0.000000000,0.000000000,260.000,112.000,112.000
1786789600852,XAUT_USDT,demo,0,stale_binance,0,0.000000000,0.708831357,0.000000000,0.000000000,0.458831357,0.000000000,0.000000000,375.000,227.000,227.000
1786789600983,XAUT_USDT,demo,0,stale_binance,0,0.000000000,0.708831357,0.000000000,0.000000000,0.458831357,0.000000000,0.000000000,506.000,117.000,117.000
1786789601124,XAUT_USDT,demo,0,microspread_below_threshold,0,0.000000000,0.708831357,1.663125360,1.663125360,0.458831357,0.000000000,0.000000000,45.000,0.000,0.000
1786789601260,XAUT_USDT,demo,0,microspread_below_threshold,0,0.000000000,0.708831357,1.663125360,1.663125360,0.458831357,0.000000000,0.000000000,78.000,51.000,51.000
1786789601391,XAUT_USDT,demo,0,microspread_below_threshold,0,0.000000000,0.708831357,1.663125360,1.663125360,0.458831357,0.000000000,0.000000000,105.000,0.000,0.000
1786789601532,XAUT_USDT,demo,0,microspread_below_threshold,0,0.000000000,0.708831357,1.663125360,1.663125360,0.458831357,0.000000000,0.000000000,246.000,58.000,58.000
1786789601651,XAUT_USDT,demo,0,stale_binance,0,0.000000000,0.708831357,0.000000000,0.000000000,0.458831357,0.000000000,0.000000000,365.000,177.000,177.000
1786789601778,XAUT_USDT,demo,0,stale_binance,0,0.000000000,0.708831357,0.000000000,0.000000000,0.458831357,0.000000000,0.000000000,492.000,304.000,304.000
1786789601887,XAUT_USDT,demo,0,stale_binance,0,0.000000000,0.708831357,0.000000000,0.000000000,0.458831357,0.000000000,0.000000000,601.000,413.000,413.000
1786789602033,XAUT_USDT,demo,0,stale_binance,0,0.000000000,0.708831357,0.000000000,0.000000000,0.458831357,0.000000000,0.000000000,747.000,51.000,51.000
1786789602149,XAUT_USDT,demo,0,stale_binance,0,0.000000000,0.708831357,0.000000000,0.000000000,0.458831357,0.000000000,0.000000000,863.000,1.000,1.000
1786789602265,XAUT_USDT,demo,0,stale_binance,0,0.000000000,0.708831357,0.000000000,0.000000000,0.458831357,0.000000000,0.000000000,979.000,117.000,117.000
1786789602387,XAUT_USDT,demo,0,microspread_below_threshold,0,0.000000000,0.708831357,1.663125360,1.663125360,0.458831357,0.000000000,0.000000000,59.000,239.000,239.000
1786789602497,XAUT_USDT,demo,0,microspread_below_threshold,0,0.000000000,0.708831357,1.663125360,1.663125360,0.458831357,0.000000000,0.000000000,169.000,0.000,0.000
1786789602597,XAUT_USDT,demo,0,microspread_below_threshold,0,0.000000000,0.708831357,1.663125360,1.663125360,0.458831357,0.000000000,0.000000000,0.000,100.000,100.000
1786789602703,XAUT_USDT,demo,0,microspread_below_threshold,0,0.000000000,0.708831357,1.663125360,1.663125360,0.458831357,0.000000000,0.000000000,106.000,206.000,206.000
1786789602819,XAUT_USDT,demo,0,microspread_below_threshold,0,0.000000000,0.708831357,1.663125360,1.663125360,0.458831357,0.000000000,0.000000000,222.000,322.000,322.000
1786789602934,XAUT_USDT,demo,0,stale_binance,0,0.000000000,0.708831357,0.000000000,0.000000000,0.458831357,0.000000000,0.000000000,337.000,437.000,437.000
1786789603052,XAUT_USDT,demo,0,stale_binance,0,0.000000000,0.708831357,0.000000000,0.000000000,0.458831357,0.000000000,0.000000000,455.000,555.000,555.000
1786789603793,XAUT_USDT,demo,0,microspread_below_threshold,0,0.000000000,0.708831357,1.663125360,1.663125360,0.458831357,0.000000000,0.000000000,8.000,1296.000,1296.000
1786789603914,XAUT_USDT,demo,0,microspread_below_threshold,0,0.000000000,0.708831357,1.663125360,1.663125360,0.458831357,0.000000000,0.000000000,129.000,1417.000,1417.000
1786789604022,XAUT_USDT,demo,0,microspread_below_threshold,0,0.000000000,0.708831357,1.663125360,1.663125360,0.458831357,0.000000000,0.000000000,237.000,1525.000,1525.000
1786789604129,XAUT_USDT,demo,0,microspread_below_threshold,0,0.000000000,0.708831357,1.663125360,1.663125360,0.458831357,0.000000000,0.000000000,54.000,1632.000,1632.000
1786789604249,XAUT_USDT,demo,0,microspread_below_threshold,0,0.000000000,0.708831357,1.663125360,1.663125360,0.458831357,0.000000000,0.000000000,174.000,1752.000,1752.000
1786789604369,XAUT_USDT,demo,0,microspread_below_threshold,0,0.000000000,0.708831357,1.663125360,1.663125360,0.458831357,0.000000000,0.000000000,294.000,1872.000,1872.000
1786789604495,XAUT_USDT,demo,0,stale_binance,0,0.000000000,0.708831357,0.000000000,0.000000000,0.458831357,0.000000000,0.000000000,420.000,1998.000,1998.000
1786789604736,XAUT_USDT,demo,0,stale_binance,0,0.000000000,0.708831357,0.000000000,0.000000000,0.458831357,0.000000000,0.000000000,661.000,0.000,0.000
1786789604880,XAUT_USDT,demo,0,stale_binance,0,0.000000000,0.708831357,0.000000000,0.000000000,0.458831357,0.000000000,0.000000000,805.000,53.000,53.000
1786789604996,XAUT_USDT,demo,0,stale_binance,0,0.000000000,0.708831357,0.000000000,0.000000000,0.458831357,0.000000000,0.000000000,921.000,169.000,169.000
1786789605149,XAUT_USDT,demo,0,stale_binance,0,0.000000000,0.708831357,0.000000000,0.000000000,0.458831357,0.000000000,0.000000000,1074.000,62.000,62.000
1786789605260,XAUT_USDT,demo,0,stale_binance,0,0.000000000,0.708831357,0.000000000,0.000000000,0.458831357,0.000000000,0.000000000,1185.000,0.000,0.000
1786789605417,XAUT_USDT,demo,0,stale_binance,0,0.000000000,0.708831357,0.000000000,0.000000000,0.458831357,0.000000000,0.000000000,1342.000,64.000,64.000
1786789605522,XAUT_USDT,demo,0,stale_binance,0,0.000000000,0.708831357,0.000000000,0.000000000,0.458831357,0.000000000,0.000000000,1447.000,0.000,0.000
1786789605654,XAUT_USDT,demo,0,microspread_below_threshold,0,0.000000000,0.708831357,1.663125360,1.663125360,0.458831357,0.000000000,0.000000000,108.000,132.000,132.000
1786789605778,XAUT_USDT,demo,0,microspread_below_threshold,0,0.000000000,0.708831357,1.663125360,1.663125360,0.458831357,0.000000000,0.000000000,232.000,256.000,256.000
1786789605920,XAUT_USDT,demo,0,stale_binance,0,0.000000000,0.708831357,0.000000000,0.000000000,0.458831357,0.000000000,0.000000000,374.000,56.000,56.000
1786789606035,XAUT_USDT,demo,0,stale_binance,0,0.000000000,0.708831357,0.000000000,0.000000000,0.458831357,0.000000000,0.000000000,489.000,0.000,0.000
1786789606180,XAUT_USDT,demo,0,stale_binance,0,0.000000000,0.708831357,0.000000000,0.000000000,0.458831357,0.000000000,0.000000000,634.000,51.000,51.000
1786789606300,XAUT_USDT,demo,0,stale_binance,0,0.000000000,0.708831357,0.000000000,0.000000000,0.458831357,0.000000000,0.000000000,754.000,0.000,0.000
1786789606432,XAUT_USDT,demo,0,microspread_below_threshold,0,0.000000000,0.708831357,1.663125360,1.663125360,0.458831357,0.000000000,0.000000000,64.000,132.000,132.000
1786789606559,XAUT_USDT,demo,0,microspread_below_threshold,0,0.000000000,0.708831357,1.663125360,1.663125360,0.458831357,0.000000000,0.000000000,191.000,0.000,0.000
1786789606695,XAUT_USDT,demo,0,stale_binance,0,0.000000000,0.708831357,0.000000000,0.000000000,0.458831357,0.000000000,0.000000000,327.000,65.000,65.000
1786789606796,XAUT_USDT,demo,0,stale_binance,0,0.000000000,0.708831357,0.000000000,0.000000000,0.458831357,0.000000000,0.000000000,428.000,60.000,60.000
1786789606922,XAUT_USDT,demo,0,stale_binance,0,0.000000000,0.708831357,0.000000000,0.000000000,0.458831357,0.000000000,0.000000000,554.000,186.000,186.000
1786789607028,XAUT_USDT,demo,0,stale_binance,0,0.000000000,0.708831357,0.000000000,0.000000000,0.458831357,0.000000000,0.000000000,660.000,56.000,56.000
1786789607128,XAUT_USDT,demo,0,stale_binance,0,0.000000000,0.708831357,0.000000000,0.000000000,0.458831357,0.000000000,0.000000000,760.000,65.000,65.000
1786789607238,XAUT_USDT,demo,0,stale_binance,0,0.000000000,0.708831357,0.000000000,0.000000000,0.458831357,0.000000000,0.000000000,870.000,175.000,175.000
1786789607376,XAUT_USDT,demo,0,stale_binance,0,0.000000000,0.708831357,0.000000000,0.000000000,0.458831357,0.000000000,0.000000000,1008.000,55.000,55.000
1786789607500,XAUT_USDT,demo,0,stale_binance,0,0.000000000,0.708831357,0.000000000,0.000000000,0.458831357,0.000000000,0.000000000,1132.000,179.000,179.000
1786789607651,XAUT_USDT,demo,0,stale_binance,0,0.000000000,0.708831357,0.000000000,0.000000000,0.458831357,0.000000000,0.000000000,1283.000,56.000,56.000
1786789607784,XAUT_USDT,demo,0,stale_binance,0,0.000000000,0.708831357,0.000000000,0.000000000,0.458831357,0.000000000,0.000000000,1416.000,118.000,118.000
1786789607901,XAUT_USDT,demo,0,stale_binance,0,0.000000000,0.708831357,0.000000000,0.000000000,0.458831357,0.000000000,0.000000000,1533.000,235.000,235.000
1786789608020,XAUT_USDT,demo,0,stale_binance,0,0.000000000,0.708831357,0.000000000,0.000000000,0.458831357,0.000000000,0.000000000,1652.000,354.000,354.000
1786789608773,XAUT_USDT,demo,0,stale_binance,0,0.000000000,0.708831357,0.000000000,0.000000000,0.458831357,0.000000000,0.000000000,2405.000,155.000,155.000
1786789608887,XAUT_USDT,demo,0,stale_binance,0,0.000000000,0.708831357,0.000000000,0.000000000,0.458831357,0.000000000,0.000000000,2519.000,269.000,269.000
1786789608990,XAUT_USDT,demo,0,stale_binance,0,0.000000000,0.708831357,0.000000000,0.000000000,0.458831357,0.000000000,0.000000000,2622.000,0.000,0.000
1786789609119,XAUT_USDT,demo,0,stale_binance,0,0.000000000,0.708831357,0.000000000,0.000000000,0.458831357,0.000000000,0.000000000,2751.000,0.000,0.000
1786789609271,XAUT_USDT,demo,0,microspread_below_threshold,0,0.000000000,0.708831357,1.663125360,1.663125360,0.458831357,0.000000000,0.000000000,53.000,152.000,152.000
1786789609402,XAUT_USDT,demo,0,microspread_below_threshold,0,0.000000000,0.708831357,1.663125360,1.663125360,0.458831357,0.000000000,0.000000000,184.000,110.000,110.000
1786789609529,XAUT_USDT,demo,0,stale_binance,0,0.000000000,0.708831357,0.000000000,0.000000000,0.458831357,0.000000000,0.000000000,311.000,57.000,57.000
1786789609667,XAUT_USDT,demo,0,stale_binance,0,0.000000000,0.708831357,0.000000000,0.000000000,0.458831357,0.000000000,0.000000000,449.000,110.000,110.000
1786789609795,XAUT_USDT,demo,0,stale_binance,0,0.000000000,0.708831357,0.000000000,0.000000000,0.458831357,0.000000000,0.000000000,577.000,238.000,238.000
1786789609899,XAUT_USDT,demo,0,stale_binance,0,0.000000000,0.708831357,0.000000000,0.000000000,0.458831357,0.000000000,0.000000000,681.000,342.000,342.000
1786789610047,XAUT_USDT,demo,0,stale_binance,0,0.000000000,0.708831357,0.000000000,0.000000000,0.458831357,0.000000000,0.000000000,829.000,66.000,66.000
1786789610152,XAUT_USDT,demo,0,microspread_below_threshold,0,0.000000000,0.708831357,1.663125360,1.663125360,0.458831357,0.000000000,0.000000000,37.000,0.000,0.000
1786789610305,XAUT_USDT,demo,0,microspread_below_threshold,0,0.000000000,0.708831357,1.663125360,1.663125360,0.458831357,0.000000000,0.000000000,85.000,55.000,55.000
1786789610432,XAUT_USDT,demo,0,microspread_below_threshold,0,0.000000000,0.708831357,1.663125360,1.663125360,0.458831357,0.000000000,0.000000000,212.000,107.000,107.000
1786789610547,XAUT_USDT,demo,0,stale_binance,0,0.000000000,0.708831357,0.000000000,0.000000000,0.458831357,0.000000000,0.000000000,327.000,222.000,222.000
1786789610696,XAUT_USDT,demo,0,stale_binance,0,0.000000000,0.708831357,0.000000000,0.000000000,0.458831357,0.000000000,0.000000000,476.000,114.000,114.000
1786789610815,XAUT_USDT,demo,0,stale_binance,0,0.000000000,0.708831357,0.000000000,0.000000000,0.458831357,0.000000000,0.000000000,595.000,233.000,233.000
1786789610932,XAUT_USDT,demo,0,stale_binance,0,0.000000000,0.708831357,0.000000000,0.000000000,0.458831357,0.000000000,0.000000000,712.000,350.000,350.000
1786789611065,XAUT_USDT,demo,0,stale_binance,0,0.000000000,0.708831357,0.000000000,0.000000000,0.458831357,0.000000000,0.000000000,845.000,53.000,53.000
1786789611214,XAUT_USDT,demo,0,stale_binance,0,0.000000000,0.708831357,0.000000000,0.000000000,0.458831357,0.000000000,0.000000000,994.000,117.000,117.000
1786789611329,XAUT_USDT,demo,0,stale_binance,0,0.000000000,0.708831357,0.000000000,0.000000000,0.458831357,0.000000000,0.000000000,1109.000,232.000,232.000
1786789611447,XAUT_USDT,demo,0,stale_binance,0,0.000000000,0.708831357,0.000000000,0.000000000,0.458831357,0.000000000,0.000000000,1227.000,58.000,58.000
1786789611584,XAUT_USDT,demo,0,microspread_below_threshold,0,0.000000000,0.708831357,1.663125360,1.663125360,0.458831357,0.000000000,0.000000000,59.000,52.000,52.000
1786789611744,XAUT_USDT,demo,0,microspread_below_threshold,0,0.000000000,0.708831357,1.663125360,1.663125360,0.458831357,0.000000000,0.000000000,219.000,129.000,129.000
1786789611862,XAUT_USDT,demo,0,stale_binance,0,0.000000000,0.708831357,0.000000000,0.000000000,0.458831357,0.000000000,0.000000000,337.000,247.000,247.000
1786789611967,XAUT_USDT,demo,0,stale_binance,0,0.000000000,0.708831357,0.000000000,0.000000000,0.458831357,0.000000000,0.000000000,442.000,0.000,0.000
1786789612116,XAUT_USDT,demo,0,stale_binance,0,0.000000000,0.708831357,0.000000000,0.000000000,0.458831357,0.000000000,0.000000000,591.000,57.000,57.000
1786789612217,XAUT_USDT,demo,0,stale_binance,0,0.000000000,0.708831357,0.000000000,0.000000000,0.458831357,0.000000000,0.000000000,692.000,0.000,0.000
1786789612353,XAUT_USDT,demo,0,stale_binance,0,0.000000000,0.708831357,0.000000000,0.000000000,0.458831357,0.000000000,0.000000000,828.000,51.000,51.000
1786789612475,XAUT_USDT,demo,0,stale_binance,0,0.000000000,0.708831357,0.000000000,0.000000000,0.458831357,0.000000000,0.000000000,950.000,0.000,0.000
1786789612624,XAUT_USDT,demo,0,stale_binance,0,0.000000000,0.708831357,0.000000000,0.000000000,0.458831357,0.000000000,0.000000000,1099.000,63.000,63.000
1786789612762,XAUT_USDT,demo,0,microspread_below_threshold,0,0.000000000,0.708831357,1.663125360,1.663125360,0.458831357,0.000000000,0.000000000,59.000,112.000,112.000
1786789612877,XAUT_USDT,demo,0,microspread_below_threshold,0,0.000000000,0.708831357,1.663125360,1.663125360,0.458831357,0.000000000,0.000000000,174.000,227.000,227.000
1786789612994,XAUT_USDT,demo,0,microspread_below_threshold,0,0.000000000,0.708831357,1.663125360,1.663125360,0.458831357,0.000000000,0.000000000,291.000,344.000,344.000
1786789613114,XAUT_USDT,demo,0,microspread_below_threshold,0,0.000000000,0.708831357,1.663125360,1.663125360,0.458831357,0.000000000,0.000000000,0.000,39.000,39.000
1786789613844,XAUT_USDT,demo,0,microspread_below_threshold,0,0.000000000,0.708831357,1.663125360,1.663125360,0.458831357,0.000000000,0.000000000,48.000,240.000,240.000
1786789613963,XAUT_USDT,demo,0,microspread_below_threshold,0,0.000000000,0.708831357,1.663125360,1.663125360,0.458831357,0.000000000,0.000000000,167.000,359.000,359.000
1786789614105,XAUT_USDT,demo,0,stale_binance,0,0.000000000,0.708831357,0.000000000,0.000000000,0.458831357,0.000000000,0.000000000,309.000,0.000,0.000
1786789614244,XAUT_USDT,demo,0,stale_binance,0,0.000000000,0.708831357,0.000000000,0.000000000,0.458831357,0.000000000,0.000000000,448.000,52.000,52.000
1786789614360,XAUT_USDT,demo,0,stale_binance,0,0.000000000,0.708831357,0.000000000,0.000000000,0.458831357,0.000000000,0.000000000,564.000,168.000,168.000
1786789614479,XAUT_USDT,demo,0,stale_binance,0,0.000000000,0.708831357,0.000000000,0.000000000,0.458831357,0.000000000,0.000000000,683.000,287.000,287.000
1786789614593,XAUT_USDT,demo,0,stale_binance,0,0.000000000,0.708831357,0.000000000,0.000000000,0.458831357,0.000000000,0.000000000,797.000,60.000,60.000
1786789614740,XAUT_USDT,demo,0,stale_binance,0,0.000000000,0.708831357,0.000000000,0.000000000,0.458831357,0.000000000,0.000000000,944.000,125.000,125.000
1786789614860,XAUT_USDT,demo,0,stale_binance,0,0.000000000,0.708831357,0.000000000,0.000000000,0.458831357,0.000000000,0.000000000,1064.000,245.000,245.000
1786789614960,XAUT_USDT,demo,0,stale_binance,0,0.000000000,0.708831357,0.000000000,0.000000000,0.458831357,0.000000000,0.000000000,1164.000,0.000,0.000
1786789615101,XAUT_USDT,demo,0,stale_binance,0,0.000000000,0.708831357,0.000000000,0.000000000,0.458831357,0.000000000,0.000000000,1305.000,54.000,54.000
1786789615247,XAUT_USDT,demo,0,stale_binance,0,0.000000000,0.708831357,0.000000000,0.000000000,0.458831357,0.000000000,0.000000000,1451.000,114.000,114.000
1786789615362,XAUT_USDT,demo,0,stale_binance,0,0.000000000,0.708831357,0.000000000,0.000000000,0.458831357,0.000000000,0.000000000,1566.000,54.000,54.000
1786789615482,XAUT_USDT,demo,0,stale_binance,0,0.000000000,0.708831357,0.000000000,0.000000000,0.458831357,0.000000000,0.000000000,1686.000,0.000,0.000
1786789615606,XAUT_USDT,demo,0,stale_binance,0,0.000000000,0.708831357,0.000000000,0.000000000,0.458831357,0.000000000,0.000000000,1810.000,124.000,124.000
1786789615763,XAUT_USDT,demo,0,stale_binance,0,0.000000000,0.708831357,0.000000000,0.000000000,0.458831357,0.000000000,0.000000000,1967.000,112.000,112.000
1786789615882,XAUT_USDT,demo,0,stale_binance,0,0.000000000,0.708831357,0.000000000,0.000000000,0.458831357,0.000000000,0.000000000,2086.000,231.000,231.000
1786789615996,XAUT_USDT,demo,0,stale_binance,0,0.000000000,0.708831357,0.000000000,0.000000000,0.458831357,0.000000000,0.000000000,2200.000,345.000,345.000
1786789616102,XAUT_USDT,demo,0,stale_binance,0,0.000000000,0.708831357,0.000000000,0.000000000,0.458831357,0.000000000,0.000000000,2306.000,0.000,0.000
1786789616231,XAUT_USDT,demo,0,stale_binance,0,0.000000000,0.708831357,0.000000000,0.000000000,0.458831357,0.000000000,0.000000000,2435.000,66.000,66.000
1786789616347,XAUT_USDT,demo,0,stale_binance,0,0.000000000,0.708831357,0.000000000,0.000000000,0.458831357,0.000000000,0.000000000,2551.000,182.000,182.000
1786789616484,XAUT_USDT,demo,0,stale_binance,0,0.000000000,0.708831357,0.000000000,0.000000000,0.458831357,0.000000000,0.000000000,2688.000,128.000,128.000
1786789616598,XAUT_USDT,demo,0,stale_binance,0,0.000000000,0.708831357,0.000000000,0.000000000,0.458831357,0.000000000,0.000000000,2802.000,0.000,0.000
1786789616713,XAUT_USDT,demo,0,stale_binance,0,0.000000000,0.708831357,0.000000000,0.000000000,0.458831357,0.000000000,0.000000000,2917.000,115.000,115.000
1786789616827,XAUT_USDT,demo,0,stale_binance,0,0.000000000,0.708831357,0.000000000,0.000000000,0.458831357,0.000000000,0.000000000,3031.000,229.000,229.000
1786789616944,XAUT_USDT,demo,0,stale_binance,0,0.000000000,0.708831357,0.000000000,0.000000000,0.458831357,0.000000000,0.000000000,3148.000,346.000,346.000
1786789617079,XAUT_USDT,demo,0,stale_binance,0,0.000000000,0.708831357,0.000000000,0.000000000,0.458831357,0.000000000,0.000000000,3283.000,52.000,52.000
1786789617204,XAUT_USDT,demo,0,stale_binance,0,0.000000000,0.708831357,0.000000000,0.000000000,0.458831357,0.000000000,0.000000000,3408.000,0.000,0.000
1786789617342,XAUT_USDT,demo,0,stale_binance,0,0.000000000,0.708831357,0.000000000,0.000000000,0.458831357,0.000000000,0.000000000,3546.000,56.000,56.000
1786789617454,XAUT_USDT,demo,0,stale_binance,0,0.000000000,0.708831357,0.000000000,0.000000000,0.458831357,0.000000000,0.000000000,3658.000,0.000,0.000
1786789617598,XAUT_USDT,demo,0,microspread_below_threshold,0,0.000000000,0.708831357,1.663125360,1.663125360,0.458831357,0.000000000,0.000000000,138.000,56.000,56.000
1786789617747,XAUT_USDT,demo,0,microspread_below_threshold,0,0.000000000,0.708831357,1.663125360,1.663125360,0.458831357,0.000000000,0.000000000,287.000,120.000,120.000
1786789617861,XAUT_USDT,demo,0,stale_binance,0,0.000000000,0.708831357,0.000000000,0.000000000,0.458831357,0.000000000,0.000000000,401.000,234.000,234.000
1786789617976,XAUT_USDT,demo,0,stale_binance,0,0.000000000,0.708831357,0.000000000,0.000000000,0.458831357,0.000000000,0.000000000,516.000,0.000,0.000
1786789618094,XAUT_USDT,demo,0,stale_binance,0,0.000000000,0.708831357,0.000000000,0.000000000,0.458831357,0.000000000,0.000000000,634.000,118.000,118.000
1786789618827,XAUT_USDT,demo,0,stale_binance,0,0.000000000,0.708831357,0.000000000,0.000000000,0.458831357,0.000000000,0.000000000,1367.000,165.000,165.000
1786789618931,XAUT_USDT,demo,0,stale_binance,0,0.000000000,0.708831357,0.000000000,0.000000000,0.458831357,0.000000000,0.000000000,1471.000,269.000,269.000
1786789619072,XAUT_USDT,demo,0,stale_binance,0,0.000000000,0.708831357,0.000000000,0.000000000,0.458831357,0.000000000,0.000000000,1612.000,60.000,60.000
1786789619213,XAUT_USDT,demo,0,stale_binance,0,0.000000000,0.708831357,0.000000000,0.000000000,0.458831357,0.000000000,0.000000000,1753.000,120.000,120.000
1786789619330,XAUT_USDT,demo,0,microspread_below_threshold,0,0.000000000,0.708831357,1.663125360,1.663125360,0.458831357,0.000000000,0.000000000,115.000,237.000,237.000
1786789619466,XAUT_USDT,demo,0,microspread_below_threshold,0,0.000000000,0.708831357,1.663125360,1.663125360,0.458831357,0.000000000,0.000000000,54.000,117.000,117.000
1786789619577,XAUT_USDT,demo,0,microspread_below_threshold,0,0.000000000,0.708831357,1.663125360,1.663125360,0.458831357,0.000000000,0.000000000,165.000,52.000,52.000
1786789619702,XAUT_USDT,demo,0,microspread_below_threshold,0,0.000000000,0.708831357,1.663125360,1.663125360,0.458831357,0.000000000,0.000000000,97.000,0.000,0.000
1786789619825,XAUT_USDT,demo,0,microspread_below_threshold,0,0.000000000,0.708831357,1.663125360,1.663125360,0.458831357,0.000000000,0.000000000,121.000,123.000,123.000
1786789619942,XAUT_USDT,demo,0,microspread_below_threshold,0,0.000000000,0.708831357,1.663125360,1.663125360,0.458831357,0.000000000,0.000000000,238.000,240.000,240.000
1786789620091,XAUT_USDT,demo,0,stale_binance,0,0.000000000,0.708831357,0.000000000,0.000000000,0.458831357,0.000000000,0.000000000,387.000,55.000,55.000
1786789620205,XAUT_USDT,demo,0,stale_binance,0,0.000000000,0.708831357,0.000000000,0.000000000,0.458831357,0.000000000,0.000000000,501.000,0.000,0.000
1786789620318,XAUT_USDT,demo,0,microspread_below_threshold,0,0.000000000,0.708831357,1.663125360,1.663125360,0.458831357,0.000000000,0.000000000,0.000,26.000,26.000
1786789620427,XAUT_USDT,demo,0,microspread_below_threshold,0,0.000000000,0.708831357,1.663125360,1.663125360,0.458831357,0.000000000,0.000000000,106.000,135.000,135.000
1786789620550,XAUT_USDT,demo,0,microspread_below_threshold,0,0.000000000,0.708831357,1.663125360,1.663125360,0.458831357,0.000000000,0.000000000,229.000,258.000,258.000
1786789620692,XAUT_USDT,demo,0,microspread_below_threshold,0,0.000000000,0.708831357,1.663125360,1.663125360,0.458831357,0.000000000,0.000000000,59.000,51.000,51.000
1786789620794,XAUT_USDT,demo,0,microspread_below_threshold,0,0.000000000,0.708831357,1.663125360,1.663125360,0.458831357,0.000000000,0.000000000,161.000,61.000,61.000
1786789620947,XAUT_USDT,demo,0,microspread_below_threshold,0,0.000000000,0.708831357,1.663125360,1.663125360,0.458831357,0.000000000,0.000000000,119.000,55.000,55.000
1786789621059,XAUT_USDT,demo,0,microspread_below_threshold,0,0.000000000,0.708831357,1.663125360,1.663125360,0.458831357,0.000000000,0.000000000,231.000,167.000,167.000
1786789621167,XAUT_USDT,demo,0,stale_binance,0,0.000000000,0.708831357,0.000000000,0.000000000,0.458831357,0.000000000,0.000000000,339.000,275.000,275.000
1786789621296,XAUT_USDT,demo,0,stale_binance,0,0.000000000,0.708831357,0.000000000,0.000000000,0.458831357,0.000000000,0.000000000,468.000,52.000,52.000
1786789621431,XAUT_USDT,demo,0,microspread_below_threshold,0,0.000000000,0.708831357,1.663125360,1.663125360,0.458831357,0.000000000,0.000000000,60.000,187.000,187.000
1786789621551,XAUT_USDT,demo,0,microspread_below_threshold,0,0.000000000,0.708831357,1.663125360,1.663125360,0.458831357,0.000000000,0.000000000,180.000,307.000,307.000
1786789621668,XAUT_USDT,demo,0,microspread_below_threshold,0,0.000000000,0.708831357,1.663125360,1.663125360,0.458831357,0.000000000,0.000000000,297.000,0.000,0.000
1786789621789,XAUT_USDT,demo,0,stale_binance,0,0.000000000,0.708831357,0.000000000,0.000000000,0.458831357,0.000000000,0.000000000,418.000,121.000,121.000
1786789621942,XAUT_USDT,demo,0,microspread_below_threshold,0,0.000000000,0.708831357,1.663125360,1.663125360,0.458831357,0.000000000,0.000000000,61.000,274.000,274.000
1786789622076,XAUT_USDT,demo,0,microspread_below_threshold,0,0.000000000,0.708831357,1.663125360,1.663125360,0.458831357,0.000000000,0.000000000,195.000,57.000,57.000
1786789622180,XAUT_USDT,demo,0,microspread_below_threshold,0,0.000000000,0.708831357,1.663125360,1.663125360,0.458831357,0.000000000,0.000000000,82.000,1.000,1.000
1786789622346,XAUT_USDT,demo,0,microspread_below_threshold,0,0.000000000,0.708831357,1.663125360,1.663125360,0.458831357,0.000000000,0.000000000,248.000,167.000,167.000
1786789622451,XAUT_USDT,demo,0,microspread_below_threshold,0,0.000000000,0.708831357,1.663125360,1.663125360,0.458831357,0.000000000,0.000000000,48.000,0.000,0.000
1786789622578,XAUT_USDT,demo,0,microspread_below_threshold,0,0.000000000,0.708831357,1.663125360,1.663125360,0.458831357,0.000000000,0.000000000,175.000,52.000,52.000
1786789622696,XAUT_USDT,demo,0,microspread_below_threshold,0,0.000000000,0.708831357,1.663125360,1.663125360,0.458831357,0.000000000,0.000000000,293.000,0.000,0.000
1786789622822,XAUT_USDT,demo,0,stale_binance,0,0.000000000,0.708831357,0.000000000,0.000000000,0.458831357,0.000000000,0.000000000,419.000,126.000,126.000
1786789622934,XAUT_USDT,demo,0,stale_binance,0,0.000000000,0.708831357,0.000000000,0.000000000,0.458831357,0.000000000,0.000000000,531.000,238.000,238.000
1786789623042,XAUT_USDT,demo,0,stale_binance,0,0.000000000,0.708831357,0.000000000,0.000000000,0.458831357,0.000000000,0.000000000,639.000,0.000,0.000
1786789623166,XAUT_USDT,demo,0,stale_binance,0,0.000000000,0.708831357,0.000000000,0.000000000,0.458831357,0.000000000,0.000000000,763.000,124.000,124.000
1786789624371,XAUT_USDT,demo,0,stale_binance,0,0.000000000,0.708831357,0.000000000,0.000000000,0.458831357,0.000000000,0.000000000,565.000,36.000,36.000
1786789624475,XAUT_USDT,demo,0,microspread_below_threshold,0,0.000000000,0.708831357,1.663125360,1.663125360,0.458831357,0.000000000,0.000000000,0.000,34.000,34.000
1786789624592,XAUT_USDT,demo,0,microspread_below_threshold,0,0.000000000,0.708831357,1.663125360,1.663125360,0.458831357,0.000000000,0.000000000,112.000,0.000,0.000
1786789624693,XAUT_USDT,demo,0,microspread_below_threshold,0,0.000000000,0.708831357,1.663125360,1.663125360,0.458831357,0.000000000,0.000000000,213.000,0.000,0.000
1786789624838,XAUT_USDT,demo,0,stale_binance,0,0.000000000,0.708831357,0.000000000,0.000000000,0.458831357,0.000000000,0.000000000,358.000,66.000,66.000
1786789624955,XAUT_USDT,demo,0,stale_binance,0,0.000000000,0.708831357,0.000000000,0.000000000,0.458831357,0.000000000,0.000000000,475.000,183.000,183.000
1786789625061,XAUT_USDT,demo,0,stale_binance,0,0.000000000,0.708831357,0.000000000,0.000000000,0.458831357,0.000000000,0.000000000,581.000,289.000,289.000
1786789625178,XAUT_USDT,demo,0,stale_binance,0,0.000000000,0.708831357,0.000000000,0.000000000,0.458831357,0.000000000,0.000000000,698.000,60.000,60.000
1786789625282,XAUT_USDT,demo,0,microspread_below_threshold,0,0.000000000,0.708831357,1.663125360,1.663125360,0.458831357,0.000000000,0.000000000,0.000,80.000,80.000
1786789625402,XAUT_USDT,demo,0,microspread_below_threshold,0,0.000000000,0.708831357,1.663125360,1.663125360,0.458831357,0.000000000,0.000000000,120.000,112.000,112.000
1786789625524,XAUT_USDT,demo,0,microspread_below_threshold,0,0.000000000,0.708831357,1.663125360,1.663125360,0.458831357,0.000000000,0.000000000,115.000,234.000,234.000
1786789625625,XAUT_USDT,demo,0,microspread_below_threshold,0,0.000000000,0.708831357,1.663125360,1.663125360,0.458831357,0.000000000,0.000000000,216.000,61.000,61.000
1786789625738,XAUT_USDT,demo,0,stale_binance,0,0.000000000,0.708831357,0.000000000,0.000000000,0.458831357,0.000000000,0.000000000,329.000,0.000,0.000
1786789625867,XAUT_USDT,demo,0,stale_binance,0,0.000000000,0.708831357,0.000000000,0.000000000,0.458831357,0.000000000,0.000000000,458.000,129.000,129.000
1786789625974,XAUT_USDT,demo,0,stale_binance,0,0.000000000,0.708831357,0.000000000,0.000000000,0.458831357,0.000000000,0.000000000,565.000,236.000,236.000
1786789626087,XAUT_USDT,demo,0,stale_binance,0,0.000000000,0.708831357,0.000000000,0.000000000,0.458831357,0.000000000,0.000000000,678.000,0.000,0.000
1786789626205,XAUT_USDT,demo,0,stale_binance,0,0.000000000,0.708831357,0.000000000,0.000000000,0.458831357,0.000000000,0.000000000,796.000,55.000,55.000
1786789626311,XAUT_USDT,demo,0,stale_binance,0,0.000000000,0.708831357,0.000000000,0.000000000,0.458831357,0.000000000,0.000000000,902.000,161.000,161.000
1786789626441,XAUT_USDT,demo,0,stale_binance,0,0.000000000,0.708831357,0.000000000,0.000000000,0.458831357,0.000000000,0.000000000,1032.000,114.000,114.000
1786789626551,XAUT_USDT,demo,0,stale_binance,0,0.000000000,0.708831357,0.000000000,0.000000000,0.458831357,0.000000000,0.000000000,1142.000,55.000,55.000
1786789626663,XAUT_USDT,demo,0,stale_binance,0,0.000000000,0.708831357,0.000000000,0.000000000,0.458831357,0.000000000,0.000000000,1254.000,167.000,167.000
1786789626823,XAUT_USDT,demo,0,stale_binance,0,0.000000000,0.708831357,0.000000000,0.000000000,0.458831357,0.000000000,0.000000000,1414.000,65.000,65.000
1786789626948,XAUT_USDT,demo,0,stale_binance,0,0.000000000,0.708831357,0.000000000,0.000000000,0.458831357,0.000000000,0.000000000,1539.000,190.000,190.000
1786789627048,XAUT_USDT,demo,0,microspread_below_threshold,0,0.000000000,0.708831357,1.663125360,1.663125360,0.458831357,0.000000000,0.000000000,0.000,290.000,290.000
1786789627160,XAUT_USDT,demo,0,microspread_below_threshold,0,0.000000000,0.708831357,1.663125360,1.663125360,0.458831357,0.000000000,0.000000000,112.000,65.000,65.000
1786789627297,XAUT_USDT,demo,0,microspread_below_threshold,0,0.000000000,0.708831357,1.663125360,1.663125360,0.458831357,0.000000000,0.000000000,249.000,109.000,109.000
1786789627440,XAUT_USDT,demo,0,stale_binance,0,0.000000000,0.708831357,0.000000000,0.000000000,0.458831357,0.000000000,0.000000000,392.000,57.000,57.000
1786789627558,XAUT_USDT,demo,0,stale_binance,0,0.000000000,0.708831357,0.000000000,0.000000000,0.458831357,0.000000000,0.000000000,510.000,175.000,175.000
1786789627672,XAUT_USDT,demo,0,microspread_below_threshold,0,0.000000000,0.708831357,1.663125360,1.663125360,0.458831357,0.000000000,0.000000000,0.000,58.000,58.000
1786789627785,XAUT_USDT,demo,0,microspread_below_threshold,0,0.000000000,0.708831357,1.663125360,1.663125360,0.458831357,0.000000000,0.000000000,62.000,87.000,87.000
1786789627889,XAUT_USDT,demo,0,microspread_below_threshold,0,0.000000000,0.708831357,1.663125360,1.663125360,0.458831357,0.000000000,0.000000000,166.000,0.000,0.000
1786789628010,XAUT_USDT,demo,0,microspread_below_threshold,0,0.000000000,0.708831357,1.663125360,1.663125360,0.458831357,0.000000000,0.000000000,287.000,56.000,56.000
1786789628133,XAUT_USDT,demo,0,microspread_below_threshold,0,0.000000000,0.708831357,1.663125360,1.663125360,0.458831357,0.000000000,0.000000000,121.000,0.000,0.000
1786789628923,XAUT_USDT,demo,0,stale_binance,0,0.000000000,0.708831357,0.000000000,0.000000000,0.458831357,0.000000000,0.000000000,911.000,195.000,195.000
1786789629043,XAUT_USDT,demo,0,stale_binance,0,0.000000000,0.708831357,0.000000000,0.000000000,0.458831357,0.000000000,0.000000000,1031.000,315.000,315.000
1786789629152,XAUT_USDT,demo,0,stale_binance,0,0.000000000,0.708831357,0.000000000,0.000000000,0.458831357,0.000000000,0.000000000,1140.000,1.000,1.000
1786789629305,XAUT_USDT,demo,0,microspread_below_threshold,0,0.000000000,0.708831357,1.663125360,1.663125360,0.458831357,0.000000000,0.000000000,88.000,63.000,63.000
1786789629430,XAUT_USDT,demo,0,microspread_below_threshold,0,0.000000000,0.708831357,1.663125360,1.663125360,0.458831357,0.000000000,0.000000000,213.000,103.000,103.000
1786789629545,XAUT_USDT,demo,0,stale_binance,0,0.000000000,0.708831357,0.000000000,0.000000000,0.458831357,0.000000000,0.000000000,328.000,218.000,218.000
1786789629654,XAUT_USDT,demo,0,stale_binance,0,0.000000000,0.708831357,0.000000000,0.000000000,0.458831357,0.000000000,0.000000000,437.000,58.000,58.000
1786789629788,XAUT_USDT,demo,0,stale_binance,0,0.000000000,0.708831357,0.000000000,0.000000000,0.458831357,0.000000000,0.000000000,571.000,117.000,117.000
1786789629895,XAUT_USDT,demo,0,stale_binance,0,0.000000000,0.708831357,0.000000000,0.000000000,0.458831357,0.000000000,0.000000000,678.000,224.000,224.000
1786789630019,XAUT_USDT,demo,0,stale_binance,0,0.000000000,0.708831357,0.000000000,0.000000000,0.458831357,0.000000000,0.000000000,802.000,348.000,348.000
1786789630157,XAUT_USDT,demo,0,stale_binance,0,0.000000000,0.708831357,0.000000000,0.000000000,0.458831357,0.000000000,0.000000000,940.000,58.000,58.000
1786789630272,XAUT_USDT,demo,0,microspread_below_threshold,0,0.000000000,0.708831357,1.663125360,1.663125360,0.458831357,0.000000000,0.000000000,41.000,0.000,0.000
1786789630406,XAUT_USDT,demo,0,microspread_below_threshold,0,0.000000000,0.708831357,1.663125360,1.663125360,0.458831357,0.000000000,0.000000000,123.000,51.000,51.000
1786789630536,XAUT_USDT,demo,0,microspread_below_threshold,0,0.000000000,0.708831357,1.663125360,1.663125360,0.458831357,0.000000000,0.000000000,253.000,0.000,0.000
1786789630656,XAUT_USDT,demo,0,microspread_below_threshold,0,0.000000000,0.708831357,1.663125360,1.663125360,0.458831357,0.000000000,0.000000000,0.000,43.000,43.000
1786789630759,XAUT_USDT,demo,0,microspread_below_threshold,0,0.000000000,0.708831357,1.663125360,1.663125360,0.458831357,0.000000000,0.000000000,103.000,59.000,59.000
1786789630877,XAUT_USDT,demo,0,microspread_below_threshold,0,0.000000000,0.708831357,1.663125360,1.663125360,0.458831357,0.000000000,0.000000000,221.000,177.000,177.000
1786789630992,XAUT_USDT,demo,0,microspread_below_threshold,0,0.000000000,0.708831357,1.663125360,1.663125360,0.458831357,0.000000000,0.000000000,64.000,292.000,292.000
1786789631103,XAUT_USDT,demo,0,microspread_below_threshold,0,0.000000000,0.708831357,1.663125360,1.663125360,0.458831357,0.000000000,0.000000000,175.000,59.000,59.000
1786789631214,XAUT_USDT,demo,0,microspread_below_threshold,0,0.000000000,0.708831357,1.663125360,1.663125360,0.458831357,0.000000000,0.000000000,36.000,0.000,0.000
1786789631355,XAUT_USDT,demo,0,microspread_below_threshold,0,0.000000000,0.708831357,1.663125360,1.663125360,0.458831357,0.000000000,0.000000000,177.000,53.000,53.000
1786789631475,XAUT_USDT,demo,0,microspread_below_threshold,0,0.000000000,0.708831357,1.663125360,1.663125360,0.458831357,0.000000000,0.000000000,297.000,0.000,0.000
1786789631588,XAUT_USDT,demo,0,microspread_below_threshold,0,0.000000000,0.708831357,1.663125360,1.663125360,0.458831357,0.000000000,0.000000000,0.000,26.000,26.000
1786789631701,XAUT_USDT,demo,0,microspread_below_threshold,0,0.000000000,0.708831357,1.663125360,1.663125360,0.458831357,0.000000000,0.000000000,113.000,51.000,51.000
1786789631821,XAUT_USDT,demo,0,microspread_below_threshold,0,0.000000000,0.708831357,1.663125360,1.663125360,0.458831357,0.000000000,0.000000000,233.000,171.000,171.000
1786789631972,XAUT_USDT,demo,0,microspread_below_threshold,0,0.000000000,0.708831357,1.663125360,1.663125360,0.458831357,0.000000000,0.000000000,127.000,322.000,322.000
1786789632087,XAUT_USDT,demo,0,microspread_below_threshold,0,0.000000000,0.708831357,1.663125360,1.663125360,0.458831357,0.000000000,0.000000000,242.000,437.000,437.000
1786789632193,XAUT_USDT,demo,0,microspread_below_threshold,0,0.000000000,0.708831357,1.663125360,1.663125360,0.458831357,0.000000000,0.000000000,27.000,0.000,0.000
1786789632301,XAUT_USDT,demo,0,microspread_below_threshold,0,0.000000000,0.708831357,1.663125360,1.663125360,0.458831357,0.000000000,0.000000000,135.000,108.000,108.000
1786789632418,XAUT_USDT,demo,0,microspread_below_threshold,0,0.000000000,0.708831357,1.663125360,1.663125360,0.458831357,0.000000000,0.000000000,1.000,77.000,77.000
1786789632569,XAUT_USDT,demo,0,microspread_below_threshold,0,0.000000000,0.708831357,1.663125360,1.663125360,0.458831357,0.000000000,0.000000000,152.000,62.000,62.000
1786789632685,XAUT_USDT,demo,0,microspread_below_threshold,0,0.000000000,0.708831357,1.663125360,1.663125360,0.458831357,0.000000000,0.000000000,268.000,0.000,0.000
1786789632821,XAUT_USDT,demo,0,stale_binance,0,0.000000000,0.708831357,0.000000000,0.000000000,0.458831357,0.000000000,0.000000000,404.000,53.000,53.000
1786789632933,XAUT_USDT,demo,0,stale_binance,0,0.000000000,0.708831357,0.000000000,0.000000000,0.458831357,0.000000000,0.000000000,516.000,165.000,165.000
1786789633075,XAUT_USDT,demo,0,stale_binance,0,0.000000000,0.708831357,0.000000000,0.000000000,0.458831357,0.000000000,0.000000000,658.000,55.000,55.000
1786789633184,XAUT_USDT,demo,0,microspread_below_threshold,0,0.000000000,0.708831357,1.663125360,1.663125360,0.458831357,0.000000000,0.000000000,0.000,75.000,75.000
1786789633938,XAUT_USDT,demo,0,microspread_below_threshold,0,0.000000000,0.708831357,1.663125360,1.663125360,0.458831357,0.000000000,0.000000000,120.000,233.000,233.000
1786789634049,XAUT_USDT,demo,0,microspread_below_threshold,0,0.000000000,0.708831357,1.663125360,1.663125360,0.458831357,0.000000000,0.000000000,231.000,344.000,344.000
1786789634185,XAUT_USDT,demo,0,stale_binance,0,0.000000000,0.708831357,0.000000000,0.000000000,0.458831357,0.000000000,0.000000000,367.000,54.000,54.000
1786789634325,XAUT_USDT,demo,0,stale_binance,0,0.000000000,0.708831357,0.000000000,0.000000000,0.458831357,0.000000000,0.000000000,507.000,109.000,109.000
1786789634425,XAUT_USDT,demo,0,microspread_below_threshold,0,0.000000000,0.708831357,1.663125360,1.663125360,0.458831357,0.000000000,0.000000000,0.000,209.000,209.000
1786789634555,XAUT_USDT,demo,0,microspread_below_threshold,0,0.000000000,0.708831357,1.663125360,1.663125360,0.458831357,0.000000000,0.000000000,130.000,339.000,339.000
1786789634676,XAUT_USDT,demo,0,microspread_below_threshold,0,0.000000000,0.708831357,1.663125360,1.663125360,0.458831357,0.000000000,0.000000000,251.000,460.000,460.000
1786789634790,XAUT_USDT,demo,0,stale_binance,0,0.000000000,0.708831357,0.000000000,0.000000000,0.458831357,0.000000000,0.000000000,365.000,1.000,1.000
1786789634910,XAUT_USDT,demo,0,stale_binance,0,0.000000000,0.708831357,0.000000000,0.000000000,0.458831357,0.000000000,0.000000000,485.000,121.000,121.000
1786789635020,XAUT_USDT,demo,0,stale_binance,0,0.000000000,0.708831357,0.000000000,0.000000000,0.458831357,0.000000000,0.000000000,595.000,231.000,231.000
1786789635142,XAUT_USDT,demo,0,stale_binance,0,0.000000000,0.708831357,0.000000000,0.000000000,0.458831357,0.000000000,0.000000000,717.000,65.000,65.000
1786789635257,XAUT_USDT,demo,0,stale_binance,0,0.000000000,0.708831357,0.000000000,0.000000000,0.458831357,0.000000000,0.000000000,832.000,0.000,0.000
1786789635407,XAUT_USDT,demo,0,stale_binance,0,0.000000000,0.708831357,0.000000000,0.000000000,0.458831357,0.000000000,0.000000000,982.000,56.000,56.000
1786789635516,XAUT_USDT,demo,0,stale_binance,0,0.000000000,0.708831357,0.000000000,0.000000000,0.458831357,0.000000000,0.000000000,1091.000,165.000,165.000
1786789635651,XAUT_USDT,demo,0,stale_binance,0,0.000000000,0.708831357,0.000000000,0.000000000,0.458831357,0.000000000,0.000000000,1226.000,55.000,55.000
1786789635791,XAUT_USDT,demo,0,stale_binance,0,0.000000000,0.708831357,0.000000000,0.000000000,0.458831357,0.000000000,0.000000000,1366.000,108.000,108.000
1786789635901,XAUT_USDT,demo,0,stale_binance,0,0.000000000,0.708831357,0.000000000,0.000000000,0.458831357,0.000000000,0.000000000,1476.000,218.000,218.000
1786789636019,XAUT_USDT,demo,0,stale_binance,0,0.000000000,0.708831357,0.000000000,0.000000000,0.458831357,0.000000000,0.000000000,1594.000,336.000,336.000
1786789636169,XAUT_USDT,demo,0,microspread_below_threshold,0,0.000000000,0.708831357,1.663125360,1.663125360,0.458831357,0.000000000,0.000000000,114.000,58.000,58.000
1786789636282,XAUT_USDT,demo,0,microspread_below_threshold,0,0.000000000,0.708831357,1.663125360,1.663125360,0.458831357,0.000000000,0.000000000,227.000,0.000,0.000
1786789636434,XAUT_USDT,demo,0,stale_binance,0,0.000000000,0.708831357,0.000000000,0.000000000,0.458831357,0.000000000,0.000000000,379.000,60.000,60.000
1786789636551,XAUT_USDT,demo,0,stale_binance,0,0.000000000,0.708831357,0.000000000,0.000000000,0.458831357,0.000000000,0.000000000,496.000,177.000,177.000
1786789636685,XAUT_USDT,demo,0,stale_binance,0,0.000000000,0.708831357,0.000000000,0.000000000,0.458831357,0.000000000,0.000000000,630.000,55.000,55.000
1786789636799,XAUT_USDT,demo,0,stale_binance,0,0.000000000,0.708831357,0.000000000,0.000000000,0.458831357,0.000000000,0.000000000,744.000,0.000,0.000
1786789636919,XAUT_USDT,demo,0,stale_binance,0,0.000000000,0.708831357,0.000000000,0.000000000,0.458831357,0.000000000,0.000000000,864.000,120.000,120.000
1786789637049,XAUT_USDT,demo,0,stale_binance,0,0.000000000,0.708831357,0.000000000,0.000000000,0.458831357,0.000000000,0.000000000,994.000,250.000,250.000
1786789637189,XAUT_USDT,demo,0,stale_binance,0,0.000000000,0.708831357,0.000000000,0.000000000,0.458831357,0.000000000,0.000000000,1134.000,51.000,51.000
1786789637299,XAUT_USDT,demo,0,microspread_below_threshold,0,0.000000000,0.708831357,1.663125360,1.663125360,0.458831357,0.000000000,0.000000000,1.000,75.000,75.000
1786789637407,XAUT_USDT,demo,0,microspread_below_threshold,0,0.000000000,0.708831357,1.663125360,1.663125360,0.458831357,0.000000000,0.000000000,56.000,96.000,96.000
1786789637526,XAUT_USDT,demo,0,microspread_below_threshold,0,0.000000000,0.708831357,1.663125360,1.663125360,0.458831357,0.000000000,0.000000000,175.000,215.000,215.000
1786789637633,XAUT_USDT,demo,0,microspread_below_threshold,0,0.000000000,0.708831357,1.663125360,1.663125360,0.458831357,0.000000000,0.000000000,282.000,61.000,61.000
1786789637779,XAUT_USDT,demo,0,stale_binance,0,0.000000000,0.708831357,0.000000000,0.000000000,0.458831357,0.000000000,0.000000000,428.000,121.000,121.000
1786789637887,XAUT_USDT,demo,0,stale_binance,0,0.000000000,0.708831357,0.000000000,0.000000000,0.458831357,0.000000000,0.000000000,536.000,229.000,229.000
1786789638001,XAUT_USDT,demo,0,stale_binance,0,0.000000000,0.708831357,0.000000000,0.000000000,0.458831357,0.000000000,0.000000000,650.000,343.000,343.000
1786789638140,XAUT_USDT,demo,0,stale_binance,0,0.000000000,0.708831357,0.000000000,0.000000000,0.458831357,0.000000000,0.000000000,789.000,53.000,53.000
1786789638924,XAUT_USDT,demo,0,stale_binance,0,0.000000000,0.708831357,0.000000000,0.000000000,0.458831357,0.000000000,0.000000000,398.000,230.000,230.000
1786789639034,XAUT_USDT,demo,0,stale_binance,0,0.000000000,0.708831357,0.000000000,0.000000000,0.458831357,0.000000000,0.000000000,508.000,340.000,340.000
1786789639183,XAUT_USDT,demo,0,stale_binance,0,0.000000000,0.708831357,0.000000000,0.000000000,0.458831357,0.000000000,0.000000000,657.000,65.000,65.000
1786789639333,XAUT_USDT,demo,0,microspread_below_threshold,0,0.000000000,0.708831357,1.663125360,1.663125360,0.458831357,0.000000000,0.000000000,52.000,122.000,122.000
1786789639485,XAUT_USDT,demo,0,microspread_below_threshold,0,0.000000000,0.708831357,1.663125360,1.663125360,0.458831357,0.000000000,0.000000000,54.000,109.000,109.000
1786789639603,XAUT_USDT,demo,0,microspread_below_threshold,0,0.000000000,0.708831357,1.663125360,1.663125360,0.458831357,0.000000000,0.000000000,172.000,227.000,227.000
1786789639717,XAUT_USDT,demo,0,microspread_below_threshold,0,0.000000000,0.708831357,1.663125360,1.663125360,0.458831357,0.000000000,0.000000000,286.000,0.000,0.000
1786789639834,XAUT_USDT,demo,0,stale_binance,0,0.000000000,0.708831357,0.000000000,0.000000000,0.458831357,0.000000000,0.000000000,403.000,117.000,117.000
1786789639950,XAUT_USDT,demo,0,stale_binance,0,0.000000000,0.708831357,0.000000000,0.000000000,0.458831357,0.000000000,0.000000000,519.000,233.000,233.000
1786789640057,XAUT_USDT,demo,0,stale_binance,0,0.000000000,0.708831357,0.000000000,0.000000000,0.458831357,0.000000000,0.000000000,626.000,340.000,340.000
1786789640201,XAUT_USDT,demo,0,stale_binance,0,0.000000000,0.708831357,0.000000000,0.000000000,0.458831357,0.000000000,0.000000000,770.000,54.000,54.000
1786789640320,XAUT_USDT,demo,0,stale_binance,0,0.000000000,0.708831357,0.000000000,0.000000000,0.458831357,0.000000000,0.000000000,889.000,0.000,0.000
1786789640432,XAUT_USDT,demo,0,stale_binance,0,0.000000000,0.708831357,0.000000000,0.000000000,0.458831357,0.000000000,0.000000000,1001.000,112.000,112.000
1786789640535,XAUT_USDT,demo,0,stale_binance,0,0.000000000,0.708831357,0.000000000,0.000000000,0.458831357,0.000000000,0.000000000,1104.000,215.000,215.000
1786789640651,XAUT_USDT,demo,0,stale_binance,0,0.000000000,0.708831357,0.000000000,0.000000000,0.458831357,0.000000000,0.000000000,1220.000,58.000,58.000
1786789640805,XAUT_USDT,demo,0,stale_binance,0,0.000000000,0.708831357,0.000000000,0.000000000,0.458831357,0.000000000,0.000000000,1374.000,57.000,57.000
1786789640917,XAUT_USDT,demo,0,stale_binance,0,0.000000000,0.708831357,0.000000000,0.000000000,0.458831357,0.000000000,0.000000000,1486.000,169.000,169.000
1786789641039,XAUT_USDT,demo,0,stale_binance,0,0.000000000,0.708831357,0.000000000,0.000000000,0.458831357,0.000000000,0.000000000,1608.000,291.000,291.000
1786789641151,XAUT_USDT,demo,0,microspread_below_threshold,0,0.000000000,0.708831357,1.663125360,1.663125360,0.458831357,0.000000000,0.000000000,91.000,55.000,55.000
1786789641260,XAUT_USDT,demo,0,microspread_below_threshold,0,0.000000000,0.708831357,1.663125360,1.663125360,0.458831357,0.000000000,0.000000000,20.000,0.000,0.000
1786789641399,XAUT_USDT,demo,0,microspread_below_threshold,0,0.000000000,0.708831357,1.663125360,1.663125360,0.458831357,0.000000000,0.000000000,73.000,53.000,53.000
1786789641517,XAUT_USDT,demo,0,microspread_below_threshold,0,0.000000000,0.708831357,1.663125360,1.663125360,0.458831357,0.000000000,0.000000000,111.000,171.000,171.000
1786789641671,XAUT_USDT,demo,0,microspread_below_threshold,0,0.000000000,0.708831357,1.663125360,1.663125360,0.458831357,0.000000000,0.000000000,265.000,61.000,61.000
1786789641807,XAUT_USDT,demo,0,stale_binance,0,0.000000000,0.708831357,0.000000000,0.000000000,0.458831357,0.000000000,0.000000000,401.000,115.000,115.000
1786789641917,XAUT_USDT,demo,0,stale_binance,0,0.000000000,0.708831357,0.000000000,0.000000000,0.458831357,0.000000000,0.000000000,511.000,54.000,54.000
1786789642034,XAUT_USDT,demo,0,stale_binance,0,0.000000000,0.708831357,0.000000000,0.000000000,0.458831357,0.000000000,0.000000000,628.000,0.000,0.000
1786789642172,XAUT_USDT,demo,0,stale_binance,0,0.000000000,0.708831357,0.000000000,0.000000000,0.458831357,0.000000000,0.000000000,766.000,53.000,53.000
1786789642298,XAUT_USDT,demo,0,stale_binance,0,0.000000000,0.708831357,0.000000000,0.000000000,0.458831357,0.000000000,0.000000000,892.000,1.000,1.000
1786789642432,XAUT_USDT,demo,0,stale_binance,0,0.000000000,0.708831357,0.000000000,0.000000000,0.458831357,0.000000000,0.000000000,1026.000,52.000,52.000
1786789642583,XAUT_USDT,demo,0,microspread_below_threshold,0,0.000000000,0.708831357,1.663125360,1.663125360,0.458831357,0.000000000,0.000000000,57.000,203.000,203.000
1786789642700,XAUT_USDT,demo,0,microspread_below_threshold,0,0.000000000,0.708831357,1.663125360,1.663125360,0.458831357,0.000000000,0.000000000,108.000,53.000,53.000
1786789642804,XAUT_USDT,demo,0,microspread_below_threshold,0,0.000000000,0.708831357,1.663125360,1.663125360,0.458831357,0.000000000,0.000000000,21.000,0.000,0.000
1786789642916,XAUT_USDT,demo,0,microspread_below_threshold,0,0.000000000,0.708831357,1.663125360,1.663125360,0.458831357,0.000000000,0.000000000,133.000,112.000,112.000
1786789643035,XAUT_USDT,demo,0,microspread_below_threshold,0,0.000000000,0.708831357,1.663125360,1.663125360,0.458831357,0.000000000,0.000000000,252.000,231.000,231.000
1786789643147,XAUT_USDT,demo,0,stale_binance,0,0.000000000,0.708831357,0.000000000,0.000000000,0.458831357,0.000000000,0.000000000,364.000,0.000,0.000
1786789643975,XAUT_USDT,demo,0,microspread_below_threshold,0,0.000000000,0.708831357,1.663125360,1.663125360,0.458831357,0.000000000,0.000000000,50.000,141.000,141.000
1786789644091,XAUT_USDT,demo,0,microspread_below_threshold,0,0.000000000,0.708831357,1.663125360,1.663125360,0.458831357,0.000000000,0.000000000,166.000,257.000,257.000
1786789644237,XAUT_USDT,demo,0,stale_binance,0,0.000000000,0.708831357,0.000000000,0.000000000,0.458831357,0.000000000,0.000000000,312.000,58.000,58.000
1786789644359,XAUT_USDT,demo,0,microspread_below_threshold,0,0.000000000,0.708831357,1.663125360,1.663125360,0.458831357,0.000000000,0.000000000,59.000,1.000,1.000
1786789644517,XAUT_USDT,demo,0,microspread_below_threshold,0,0.000000000,0.708831357,1.663125360,1.663125360,0.458831357,0.000000000,0.000000000,114.000,159.000,159.000
1786789644665,XAUT_USDT,demo,0,microspread_below_threshold,0,0.000000000,0.708831357,1.663125360,1.663125360,0.458831357,0.000000000,0.000000000,262.000,53.000,53.000
1786789644783,XAUT_USDT,demo,0,microspread_below_threshold,0,0.000000000,0.708831357,1.663125360,1.663125360,0.458831357,0.000000000,0.000000000,116.000,0.000,0.000
1786789644904,XAUT_USDT,demo,0,microspread_below_threshold,0,0.000000000,0.708831357,1.663125360,1.663125360,0.458831357,0.000000000,0.000000000,0.000,121.000,121.000
1786789645043,XAUT_USDT,demo,0,microspread_below_threshold,0,0.000000000,0.708831357,1.663125360,1.663125360,0.458831357,0.000000000,0.000000000,118.000,260.000,260.000
1786789645182,XAUT_USDT,demo,0,microspread_below_threshold,0,0.000000000,0.708831357,1.663125360,1.663125360,0.458831357,0.000000000,0.000000000,56.000,52.000,52.000
1786789645299,XAUT_USDT,demo,0,microspread_below_threshold,0,0.000000000,0.708831357,1.663125360,1.663125360,0.458831357,0.000000000,0.000000000,173.000,0.000,0.000
1786789645417,XAUT_USDT,demo,0,microspread_below_threshold,0,0.000000000,0.708831357,1.663125360,1.663125360,0.458831357,0.000000000,0.000000000,291.000,118.000,118.000
1786789645556,XAUT_USDT,demo,0,microspread_below_threshold,0,0.000000000,0.708831357,1.663125360,1.663125360,0.458831357,0.000000000,0.000000000,55.000,257.000,257.000
1786789645704,XAUT_USDT,demo,0,microspread_below_threshold,0,0.000000000,0.708831357,1.663125360,1.663125360,0.458831357,0.000000000,0.000000000,100.000,63.000,63.000
1786789645805,XAUT_USDT,demo,0,microspread_below_threshold,0,0.000000000,0.708831357,1.663125360,1.663125360,0.458831357,0.000000000,0.000000000,201.000,58.000,58.000
1786789645923,XAUT_USDT,demo,0,stale_binance,0,0.000000000,0.708831357,0.000000000,0.000000000,0.458831357,0.000000000,0.000000000,319.000,176.000,176.000
1786789646048,XAUT_USDT,demo,0,stale_binance,0,0.000000000,0.708831357,0.000000000,0.000000000,0.458831357,0.000000000,0.000000000,444.000,301.000,301.000
1786789646155,XAUT_USDT,demo,0,stale_binance,0,0.000000000,0.708831357,0.000000000,0.000000000,0.458831357,0.000000000,0.000000000,551.000,0.000,0.000
1786789646298,XAUT_USDT,demo,0,stale_binance,0,0.000000000,0.708831357,0.000000000,0.000000000,0.458831357,0.000000000,0.000000000,694.000,60.000,60.000
1786789646432,XAUT_USDT,demo,0,stale_binance,0,0.000000000,0.708831357,0.000000000,0.000000000,0.458831357,0.000000000,0.000000000,828.000,105.000,105.000
1786789646549,XAUT_USDT,demo,0,microspread_below_threshold,0,0.000000000,0.708831357,1.663125360,1.663125360,0.458831357,0.000000000,0.000000000,70.000,222.000,222.000
1786789646661,XAUT_USDT,demo,0,microspread_below_threshold,0,0.000000000,0.708831357,1.663125360,1.663125360,0.458831357,0.000000000,0.000000000,182.000,334.000,334.000
1786789646765,XAUT_USDT,demo,0,microspread_below_threshold,0,0.000000000,0.708831357,1.663125360,1.663125360,0.458831357,0.000000000,0.000000000,0.000,8.000,8.000
1786789646905,XAUT_USDT,demo,0,microspread_below_threshold,0,0.000000000,0.708831357,1.663125360,1.663125360,0.458831357,0.000000000,0.000000000,100.000,60.000,60.000
1786789647019,XAUT_USDT,demo,0,microspread_below_threshold,0,0.000000000,0.708831357,1.663125360,1.663125360,0.458831357,0.000000000,0.000000000,214.000,174.000,174.000
1786789647130,XAUT_USDT,demo,0,stale_binance,0,0.000000000,0.708831357,0.000000000,0.000000000,0.458831357,0.000000000,0.000000000,325.000,285.000,285.000
1786789647248,XAUT_USDT,demo,0,stale_binance,0,0.000000000,0.708831357,0.000000000,0.000000000,0.458831357,0.000000000,0.000000000,443.000,54.000,54.000
1786789647365,XAUT_USDT,demo,0,microspread_below_threshold,0,0.000000000,0.708831357,1.663125360,1.663125360,0.458831357,0.000000000,0.000000000,30.000,0.000,0.000
1786789647485,XAUT_USDT,demo,0,microspread_below_threshold,0,0.000000000,0.708831357,1.663125360,1.663125360,0.458831357,0.000000000,0.000000000,150.000,120.000,120.000
1786789647599,XAUT_USDT,demo,0,microspread_below_threshold,0,0.000000000,0.708831357,1.663125360,1.663125360,0.458831357,0.000000000,0.000000000,264.000,234.000,234.000
1786789647749,XAUT_USDT,demo,0,stale_binance,0,0.000000000,0.708831357,0.000000000,0.000000000,0.458831357,0.000000000,0.000000000,414.000,124.000,124.000
1786789647853,XAUT_USDT,demo,0,stale_binance,0,0.000000000,0.708831357,0.000000000,0.000000000,0.458831357,0.000000000,0.000000000,518.000,55.000,55.000
1786789647954,XAUT_USDT,demo,0,microspread_below_threshold,0,0.000000000,0.708831357,1.663125360,1.663125360,0.458831357,0.000000000,0.000000000,51.000,156.000,156.000
1786789648069,XAUT_USDT,demo,0,microspread_below_threshold,0,0.000000000,0.708831357,1.663125360,1.663125360,0.458831357,0.000000000,0.000000000,64.000,271.000,271.000
1786789648198,XAUT_USDT,demo,0,microspread_below_threshold,0,0.000000000,0.708831357,1.663125360,1.663125360,0.458831357,0.000000000,0.000000000,193.000,60.000,60.000
1786789648989,XAUT_USDT,demo,0,leader_micro_move_too_small,-1,-0.619541992,0.500000000,1.043583368,1.663125360,0.229370950,0.000000000,1.949843159,30.000,76.000,76.000
1786789649090,XAUT_USDT,demo,0,leader_micro_move_too_small,-1,-1.307631169,0.500000000,0.355494191,1.663125360,0.229355168,0.000000000,0.688089177,84.000,0.000,0.000
1786789649240,XAUT_USDT,demo,0,leader_micro_move_too_small,-1,-1.307631169,0.500000000,0.355494191,1.663125360,0.229355168,0.000000000,0.000000000,95.000,62.000,62.000
1786789649343,XAUT_USDT,demo,0,leader_micro_move_too_small,-1,-1.307631169,0.500000000,0.355494191,1.663125360,0.229355168,0.000000000,0.000000000,0.000,77.000,77.000
1786789649464,XAUT_USDT,demo,0,leader_micro_move_too_small,-1,-1.307631169,0.500000000,0.355494191,1.663125360,0.229355168,0.000000000,0.000000000,55.000,119.000,119.000
1786789649568,XAUT_USDT,demo,0,leader_micro_move_too_small,-1,-1.307631169,0.500000000,0.355494191,1.663125360,0.229355168,0.000000000,0.000000000,0.000,46.000,46.000
1786789649693,XAUT_USDT,demo,0,leader_micro_move_too_small,-1,-1.468194149,0.500000000,0.355494191,1.823688340,0.229355168,0.000000000,0.000000000,125.000,0.000,0.000
1786789649829,XAUT_USDT,demo,0,leader_micro_move_too_small,-1,-1.468194149,0.500000000,0.355494191,1.823688340,0.229355168,0.000000000,0.000000000,61.000,54.000,54.000
1786789649948,XAUT_USDT,demo,0,leader_micro_move_too_small,-1,-2.225099187,0.500000000,0.355494191,2.580593379,0.229355168,0.000000000,0.000000000,103.000,173.000,173.000
1786789650081,XAUT_USDT,demo,0,leader_micro_move_too_small,-1,-2.190695656,0.500000000,0.355494191,2.546189847,0.229355168,0.000000000,0.000000000,59.000,306.000,306.000
1786789650182,XAUT_USDT,demo,0,leader_micro_move_too_small,-1,-1.766375700,0.500000000,0.355494191,2.121869891,0.229355168,0.000000000,0.000000000,77.000,64.000,64.000
1786789650291,XAUT_USDT,demo,0,leader_micro_move_too_small,-1,-1.766375700,0.500000000,0.355494191,2.121869891,0.229355168,0.000000000,0.000000000,84.000,1.000,1.000
1786789650432,XAUT_USDT,demo,0,leader_micro_move_too_small,-1,-1.468194149,0.500000000,0.355494191,1.823688340,0.229355168,0.000000000,0.000000000,73.000,53.000,53.000
1786789650553,XAUT_USDT,demo,0,leader_micro_move_too_small,-1,-1.697546687,0.500000000,0.126141654,1.823688340,0.229349908,0.000000000,0.229352538,194.000,1.000,1.000
1786789650688,XAUT_USDT,demo,0,stale_binance,0,0.000000000,0.500000000,0.000000000,0.000000000,0.229349908,0.000000000,0.000000000,329.000,54.000,54.000
1786789650803,XAUT_USDT,demo,0,stale_binance,0,0.000000000,0.500000000,0.000000000,0.000000000,0.229349908,0.000000000,0.000000000,444.000,0.000,0.000
1786789650922,XAUT_USDT,demo,0,stale_binance,0,0.000000000,0.500000000,0.000000000,0.000000000,0.229349908,0.000000000,0.000000000,563.000,119.000,119.000
1786789651037,XAUT_USDT,demo,0,stale_binance,0,0.000000000,0.500000000,0.000000000,0.000000000,0.229349908,0.000000000,0.000000000,678.000,234.000,234.000
1786789651147,XAUT_USDT,demo,0,stale_binance,0,0.000000000,0.500000000,0.000000000,0.000000000,0.229349908,0.000000000,0.000000000,788.000,0.000,0.000
1786789651297,XAUT_USDT,demo,0,leader_micro_move_too_small,-1,-1.628734297,0.500000000,0.126141654,1.754875950,0.229349908,0.000000000,0.000000000,72.000,62.000,62.000
1786789651446,XAUT_USDT,demo,0,leader_micro_move_too_small,-1,-1.628734297,0.500000000,0.126141654,1.754875950,0.229349908,0.000000000,0.000000000,221.000,125.000,125.000
1786789651565,XAUT_USDT,demo,0,leader_micro_move_too_small,-1,-1.628734297,0.500000000,0.126141654,1.754875950,0.229349908,0.000000000,0.000000000,0.000,244.000,244.000
1786789651680,XAUT_USDT,demo,0,leader_micro_move_too_small,-1,-1.628734297,0.500000000,0.126141654,1.754875950,0.229349908,0.000000000,0.000000000,115.000,359.000,359.000
1786789651814,XAUT_USDT,demo,0,leader_micro_move_too_small,-1,-1.697546687,0.500000000,0.126141654,1.823688340,0.229349908,0.000000000,0.000000000,112.000,62.000,62.000
1786789651930,XAUT_USDT,demo,0,leader_micro_move_too_small,-1,-1.697546687,0.500000000,0.126141654,1.823688340,0.229349908,0.000000000,0.000000000,228.000,178.000,178.000
1786789652064,XAUT_USDT,demo,0,leader_micro_move_too_small,-1,-1.697546687,0.500000000,0.126141654,1.823688340,0.229349908,0.000000000,0.000000000,56.000,312.000,312.000
1786789652181,XAUT_USDT,demo,0,leader_micro_move_too_small,-1,-1.697546687,0.500000000,0.126141654,1.823688340,0.229349908,0.000000000,0.000000000,173.000,0.000,0.000
1786789652334,XAUT_USDT,demo,0,stale_binance,0,0.000000000,0.500000000,0.000000000,0.000000000,0.229349908,0.000000000,0.000000000,326.000,69.000,69.000
1786789652465,XAUT_USDT,demo,0,leader_micro_move_too_small,-1,-1.697546687,0.500000000,0.126141654,1.823688340,0.229349908,0.000000000,0.000000000,57.000,83.000,83.000
1786789652594,XAUT_USDT,demo,0,leader_micro_move_too_small,-1,-1.697546687,0.500000000,0.126141654,1.823688340,0.229349908,0.000000000,0.000000000,186.000,212.000,212.000
1786789652694,XAUT_USDT,demo,0,leader_micro_move_too_small,-1,-1.697546687,0.500000000,0.126141654,1.823688340,0.229349908,0.000000000,0.000000000,87.000,0.000,0.000
1786789652841,XAUT_USDT,demo,0,leader_micro_move_too_small,-1,-1.697546687,0.500000000,0.126141654,1.823688340,0.229349908,0.000000000,0.000000000,234.000,62.000,62.000
1786789652947,XAUT_USDT,demo,0,stale_binance,0,0.000000000,0.500000000,0.000000000,0.000000000,0.229349908,0.000000000,0.000000000,340.000,168.000,168.000
1786789653095,XAUT_USDT,demo,0,leader_micro_move_too_small,-1,-1.697546687,0.500000000,0.126141654,1.823688340,0.229349908,0.000000000,0.000000000,114.000,316.000,316.000
1786789653208,XAUT_USDT,demo,0,leader_micro_move_too_small,-1,-1.697546687,0.500000000,0.126141654,1.823688340,0.229349908,0.000000000,0.000000000,0.000,85.000,85.000
1786789653310,XAUT_USDT,demo,0,leader_micro_move_too_small,-1,-1.697546687,0.500000000,0.126141654,1.823688340,0.229349908,0.000000000,0.000000000,0.000,14.000,14.000
1786789654027,XAUT_USDT,demo,0,stale_binance,0,0.000000000,0.500000000,0.000000000,0.000000000,0.229349908,0.000000000,0.000000000,361.000,207.000,207.000
1786789654131,XAUT_USDT,demo,0,stale_binance,0,0.000000000,0.500000000,0.000000000,0.000000000,0.229355168,0.000000000,0.000000000,465.000,61.000,61.000
1786789654241,XAUT_USDT,demo,0,leader_micro_move_too_small,-1,-1.468194149,0.500000000,0.355494191,1.823688340,0.229355168,0.000000000,0.000000000,93.000,1.000,1.000
1786789654381,XAUT_USDT,demo,0,leader_micro_move_too_small,-1,-1.468194149,0.500000000,0.355494191,1.823688340,0.229355168,0.000000000,0.000000000,233.000,52.000,52.000
1786789654481,XAUT_USDT,demo,0,stale_binance,0,0.000000000,0.500000000,0.000000000,0.000000000,0.229355168,0.000000000,0.000000000,333.000,58.000,58.000
1786789654612,XAUT_USDT,demo,0,stale_binance,0,0.000000000,0.500000000,0.000000000,0.000000000,0.229355168,0.000000000,0.000000000,464.000,113.000,113.000
1786789654728,XAUT_USDT,demo,0,stale_binance,0,0.000000000,0.500000000,0.000000000,0.000000000,0.229355168,0.000000000,0.000000000,580.000,229.000,229.000
1786789654871,XAUT_USDT,demo,0,stale_binance,0,0.000000000,0.500000000,0.000000000,0.000000000,0.229355168,0.000000000,0.000000000,723.000,112.000,112.000
1786789654993,XAUT_USDT,demo,0,stale_binance,0,0.000000000,0.500000000,0.000000000,0.000000000,0.229355168,0.000000000,0.000000000,845.000,234.000,234.000
1786789655102,XAUT_USDT,demo,0,stale_binance,0,0.000000000,0.500000000,0.000000000,0.000000000,0.229355168,0.000000000,0.000000000,954.000,343.000,343.000
1786789655243,XAUT_USDT,demo,0,stale_binance,0,0.000000000,0.500000000,0.000000000,0.000000000,0.229355168,0.000000000,0.000000000,1095.000,54.000,54.000
1786789655345,XAUT_USDT,demo,0,leader_micro_move_too_small,-1,-1.468194149,0.500000000,0.355494191,1.823688340,0.229355168,0.000000000,0.000000000,88.000,55.000,55.000
1786789655495,XAUT_USDT,demo,0,leader_micro_move_too_small,-1,-1.468194149,0.500000000,0.355494191,1.823688340,0.229355168,0.000000000,0.000000000,123.000,140.000,140.000
1786789655613,XAUT_USDT,demo,0,leader_micro_move_too_small,-1,-1.468194149,0.500000000,0.355494191,1.823688340,0.229355168,0.000000000,0.000000000,241.000,258.000,258.000
1786789655753,XAUT_USDT,demo,0,leader_micro_move_too_small,-1,-1.468194149,0.500000000,0.355494191,1.823688340,0.229355168,0.000000000,0.000000000,87.000,55.000,55.000
1786789655901,XAUT_USDT,demo,0,leader_micro_move_too_small,-1,-1.468194149,0.500000000,0.355494191,1.823688340,0.229355168,0.000000000,0.000000000,235.000,115.000,115.000
1786789656028,XAUT_USDT,demo,0,stale_binance,0,0.000000000,0.500000000,0.000000000,0.000000000,0.229355168,0.000000000,0.000000000,362.000,242.000,242.000
1786789656148,XAUT_USDT,demo,0,leader_micro_move_too_small,-1,-1.468194149,0.500000000,0.355494191,1.823688340,0.229355168,0.000000000,0.000000000,0.000,24.000,24.000
1786789656263,XAUT_USDT,demo,0,leader_micro_move_too_small,-1,-1.468194149,0.500000000,0.355494191,1.823688340,0.229355168,0.000000000,0.000000000,115.000,54.000,54.000
1786789656414,XAUT_USDT,demo,0,leader_micro_move_too_small,-1,-1.468194149,0.500000000,0.355494191,1.823688340,0.229355168,0.000000000,0.000000000,266.000,120.000,120.000
1786789656531,XAUT_USDT,demo,0,stale_binance,0,0.000000000,0.500000000,0.000000000,0.000000000,0.229355168,0.000000000,0.000000000,383.000,237.000,237.000
1786789656645,XAUT_USDT,demo,0,stale_binance,0,0.000000000,0.500000000,0.000000000,0.000000000,0.229355168,0.000000000,0.000000000,497.000,351.000,351.000
1786789656778,XAUT_USDT,demo,0,stale_binance,0,0.000000000,0.500000000,0.000000000,0.000000000,0.229355168,0.000000000,0.000000000,630.000,52.000,52.000
1786789656921,XAUT_USDT,demo,0,stale_binance,0,0.000000000,0.500000000,0.000000000,0.000000000,0.229355168,0.000000000,0.000000000,773.000,106.000,106.000
1786789657026,XAUT_USDT,demo,0,microspread_below_threshold,0,0.000000000,0.500000000,0.355494191,0.355494191,0.229355168,0.000000000,0.000000000,0.000,211.000,211.000
1786789657147,XAUT_USDT,demo,0,microspread_below_threshold,0,0.000000000,0.500000000,0.355494191,0.355494191,0.229355168,0.000000000,0.000000000,0.000,332.000,332.000
1786789657296,XAUT_USDT,demo,0,microspread_below_threshold,0,0.000000000,0.500000000,0.355494191,0.355494191,0.229355168,0.000000000,0.000000000,149.000,56.000,56.000
1786789657429,XAUT_USDT,demo,0,microspread_below_threshold,0,0.000000000,0.500000000,0.355494191,0.355494191,0.229355168,0.000000000,0.000000000,282.000,103.000,103.000
1786789657546,XAUT_USDT,demo,0,microspread_below_threshold,0,0.000000000,0.500000000,0.355494191,0.355494191,0.229355168,0.000000000,0.000000000,112.000,220.000,220.000
1786789657661,XAUT_USDT,demo,0,microspread_below_threshold,0,0.000000000,0.500000000,0.355494191,0.355494191,0.229355168,0.000000000,0.000000000,227.000,335.000,335.000
1786789657812,XAUT_USDT,demo,0,stale_binance,0,0.000000000,0.500000000,0.000000000,0.000000000,0.229355168,0.000000000,0.000000000,378.000,53.000,53.000
1786789657934,XAUT_USDT,demo,0,stale_binance,0,0.000000000,0.500000000,0.000000000,0.000000000,0.229355168,0.000000000,0.000000000,500.000,175.000,175.000
1786789658051,XAUT_USDT,demo,0,stale_binance,0,0.000000000,0.500000000,0.000000000,0.000000000,0.229355168,0.000000000,0.000000000,617.000,292.000,292.000
1786789658167,XAUT_USDT,demo,0,stale_binance,0,0.000000000,0.500000000,0.000000000,0.000000000,0.229355168,0.000000000,0.000000000,733.000,61.000,61.000
1786789658277,XAUT_USDT,demo,0,microspread_below_threshold,1,0.229352538,0.500000000,0.355494191,0.126141654,0.229355168,0.000000000,0.000000000,23.000,0.000,0.000
1786789659482,XAUT_USDT,demo,0,stale_binance,0,0.000000000,0.500000000,0.000000000,0.000000000,0.229355168,0.000000000,0.000000000,669.000,88.000,88.000
1786789659587,XAUT_USDT,demo,0,microspread_below_threshold,0,0.000000000,0.500000000,0.355494191,0.355494191,0.229355168,0.000000000,0.000000000,52.000,1.000,1.000
1786789659691,XAUT_USDT,demo,0,microspread_below_threshold,0,0.000000000,0.500000000,0.355494191,0.355494191,0.229355168,0.000000000,0.000000000,61.000,0.000,0.000
1786789659800,XAUT_USDT,demo,0,microspread_below_threshold,0,0.000000000,0.500000000,0.355494191,0.355494191,0.229355168,0.000000000,0.000000000,170.000,68.000,68.000
1786789659912,XAUT_USDT,demo,0,microspread_below_threshold,0,0.000000000,0.500000000,0.355494191,0.355494191,0.229355168,0.000000000,0.000000000,282.000,180.000,180.000
1786789660033,XAUT_USDT,demo,0,stale_binance,0,0.000000000,0.500000000,0.000000000,0.000000000,0.229355168,0.000000000,0.000000000,403.000,301.000,301.000
1786789660151,XAUT_USDT,demo,0,stale_binance,0,0.000000000,0.500000000,0.000000000,0.000000000,0.229355168,0.000000000,0.000000000,521.000,419.000,419.000
1786789660252,XAUT_USDT,demo,0,stale_binance,0,0.000000000,0.500000000,0.000000000,0.000000000,0.229355168,0.000000000,0.000000000,622.000,0.000,0.000
1786789660383,XAUT_USDT,demo,0,stale_binance,0,0.000000000,0.500000000,0.000000000,0.000000000,0.229355168,0.000000000,0.000000000,753.000,51.000,51.000
1786789660492,XAUT_USDT,demo,0,stale_binance,0,0.000000000,0.500000000,0.000000000,0.000000000,0.229355168,0.000000000,0.000000000,862.000,62.000,62.000
1786789660628,XAUT_USDT,demo,0,stale_binance,0,0.000000000,0.500000000,0.000000000,0.000000000,0.229355168,0.000000000,0.000000000,998.000,115.000,115.000
1786789660731,XAUT_USDT,demo,0,stale_binance,0,0.000000000,0.500000000,0.000000000,0.000000000,0.229355168,0.000000000,0.000000000,1101.000,53.000,53.000
1786789660856,XAUT_USDT,demo,0,microspread_below_threshold,0,0.000000000,0.500000000,0.355494191,0.355494191,0.229355168,0.000000000,0.000000000,30.000,1.000,1.000
1786789660977,XAUT_USDT,demo,0,microspread_below_threshold,0,0.000000000,0.500000000,0.355494191,0.355494191,0.229355168,0.000000000,0.000000000,151.000,122.000,122.000
1786789661097,XAUT_USDT,demo,0,microspread_below_threshold,0,0.000000000,0.500000000,0.355494191,0.355494191,0.229355168,0.000000000,0.000000000,271.000,242.000,242.000
1786789661203,XAUT_USDT,demo,0,microspread_below_threshold,0,0.000000000,0.500000000,0.355494191,0.355494191,0.229355168,0.000000000,0.000000000,1.000,14.000,14.000
1786789661344,XAUT_USDT,demo,0,microspread_below_threshold,0,0.000000000,0.500000000,0.355494191,0.355494191,0.229355168,0.000000000,0.000000000,142.000,54.000,54.000
1786789661444,XAUT_USDT,demo,0,microspread_below_threshold,0,0.000000000,0.500000000,0.355494191,0.355494191,0.229355168,0.000000000,0.000000000,242.000,56.000,56.000
1786789661582,XAUT_USDT,demo,0,stale_binance,0,0.000000000,0.500000000,0.000000000,0.000000000,0.229355168,0.000000000,0.000000000,380.000,194.000,194.000
1786789661705,XAUT_USDT,demo,0,microspread_below_threshold,0,0.000000000,0.500000000,0.355494191,0.355494191,0.229355168,0.000000000,0.000000000,86.000,0.000,0.000
1786789661849,XAUT_USDT,demo,0,microspread_below_threshold,0,0.000000000,0.500000000,0.355494191,0.355494191,0.229355168,0.000000000,0.000000000,230.000,56.000,56.000
1786789661961,XAUT_USDT,demo,0,stale_binance,0,0.000000000,0.500000000,0.000000000,0.000000000,0.229355168,0.000000000,0.000000000,342.000,168.000,168.000
1786789662075,XAUT_USDT,demo,0,stale_binance,0,0.000000000,0.500000000,0.000000000,0.000000000,0.229355168,0.000000000,0.000000000,456.000,282.000,282.000
1786789662196,XAUT_USDT,demo,0,stale_binance,0,0.000000000,0.500000000,0.000000000,0.000000000,0.229355168,0.000000000,0.000000000,577.000,61.000,61.000
1786789662306,XAUT_USDT,demo,0,microspread_below_threshold,0,0.000000000,0.500000000,0.355494191,0.355494191,0.229355168,0.000000000,0.000000000,105.000,0.000,0.000
1786789662458,XAUT_USDT,demo,0,microspread_below_threshold,0,0.000000000,0.500000000,0.355494191,0.355494191,0.229355168,0.000000000,0.000000000,112.000,152.000,152.000
1786789662575,XAUT_USDT,demo,0,microspread_below_threshold,0,0.000000000,0.500000000,0.355494191,0.355494191,0.229355168,0.000000000,0.000000000,229.000,269.000,269.000
1786789662698,XAUT_USDT,demo,0,microspread_below_threshold,0,0.000000000,0.500000000,0.355494191,0.355494191,0.229355168,0.000000000,0.000000000,0.000,47.000,47.000
1786789662822,XAUT_USDT,demo,0,microspread_below_threshold,0,0.000000000,0.500000000,0.355494191,0.355494191,0.229355168,0.000000000,0.000000000,124.000,0.000,0.000
1786789662961,XAUT_USDT,demo,0,microspread_below_threshold,0,0.000000000,0.500000000,0.355494191,0.355494191,0.229355168,0.000000000,0.000000000,263.000,56.000,56.000
1786789663085,XAUT_USDT,demo,0,stale_binance,0,0.000000000,0.500000000,0.000000000,0.000000000,0.229355168,0.000000000,0.000000000,387.000,180.000,180.000
1786789663194,XAUT_USDT,demo,0,stale_binance,0,0.000000000,0.500000000,0.000000000,0.000000000,0.229355168,0.000000000,0.000000000,496.000,289.000,289.000
1786789663308,XAUT_USDT,demo,0,stale_binance,0,0.000000000,0.500000000,0.000000000,0.000000000,0.229355168,0.000000000,0.000000000,610.000,58.000,58.000
1786789664104,XAUT_USDT,demo,0,stale_binance,0,0.000000000,0.500000000,0.000000000,0.000000000,0.229355168,0.000000000,0.000000000,425.000,253.000,253.000
1786789664243,XAUT_USDT,demo,0,stale_binance,0,0.000000000,0.500000000,0.000000000,0.000000000,0.229355168,0.000000000,0.000000000,564.000,51.000,51.000
1786789664366,XAUT_USDT,demo,0,stale_binance,0,0.000000000,0.500000000,0.000000000,0.000000000,0.229355168,0.000000000,0.000000000,687.000,1.000,1.000
1786789664490,XAUT_USDT,demo,0,stale_binance,0,0.000000000,0.500000000,0.000000000,0.000000000,0.229355168,0.000000000,0.000000000,811.000,125.000,125.000
1786789664606,XAUT_USDT,demo,0,stale_binance,0,0.000000000,0.500000000,0.000000000,0.000000000,0.229355168,0.000000000,0.000000000,927.000,241.000,241.000
1786789664712,XAUT_USDT,demo,0,stale_binance,0,0.000000000,0.500000000,0.000000000,0.000000000,0.229355168,0.000000000,0.000000000,1033.000,0.000,0.000
1786789664862,XAUT_USDT,demo,0,microspread_below_threshold,0,0.000000000,0.500000000,0.355494191,0.355494191,0.229355168,0.000000000,0.000000000,53.000,66.000,66.000
1786789664976,XAUT_USDT,demo,0,microspread_below_threshold,0,0.000000000,0.500000000,0.355494191,0.355494191,0.229355168,0.000000000,0.000000000,167.000,0.000,0.000
1786789665128,XAUT_USDT,demo,0,microspread_below_threshold,0,0.000000000,0.500000000,0.355494191,0.355494191,0.229355168,0.000000000,0.000000000,53.000,152.000,152.000
1786789665243,XAUT_USDT,demo,0,microspread_below_threshold,0,0.000000000,0.500000000,0.355494191,0.355494191,0.229355168,0.000000000,0.000000000,168.000,267.000,267.000
1786789665375,XAUT_USDT,demo,0,microspread_below_threshold,0,0.000000000,0.500000000,0.355494191,0.355494191,0.229355168,0.000000000,0.000000000,300.000,59.000,59.000
1786789665492,XAUT_USDT,demo,0,stale_binance,0,0.000000000,0.500000000,0.000000000,0.000000000,0.229355168,0.000000000,0.000000000,417.000,176.000,176.000
1786789665620,XAUT_USDT,demo,0,stale_binance,0,0.000000000,0.500000000,0.000000000,0.000000000,0.229355168,0.000000000,0.000000000,545.000,304.000,304.000
1786789665725,XAUT_USDT,demo,0,stale_binance,0,0.000000000,0.500000000,0.000000000,0.000000000,0.229355168,0.000000000,0.000000000,650.000,65.000,65.000
1786789665832,XAUT_USDT,demo,0,stale_binance,0,0.000000000,0.500000000,0.000000000,0.000000000,0.229355168,0.000000000,0.000000000,757.000,1.000,1.000
1786789665947,XAUT_USDT,demo,0,stale_binance,0,0.000000000,0.500000000,0.000000000,0.000000000,0.229355168,0.000000000,0.000000000,872.000,116.000,116.000
1786789666059,XAUT_USDT,demo,0,stale_binance,0,0.000000000,0.500000000,0.000000000,0.000000000,0.229355168,0.000000000,0.000000000,984.000,228.000,228.000
1786789666205,XAUT_USDT,demo,0,microspread_below_threshold,0,0.000000000,0.500000000,0.355494191,0.355494191,0.229355168,0.000000000,0.000000000,52.000,374.000,374.000
1786789666340,XAUT_USDT,demo,0,microspread_below_threshold,0,0.000000000,0.500000000,0.355494191,0.355494191,0.229355168,0.000000000,0.000000000,0.000,43.000,43.000
1786789666491,XAUT_USDT,demo,0,microspread_below_threshold,0,0.000000000,0.500000000,0.355494191,0.355494191,0.229355168,0.000000000,0.000000000,143.000,58.000,58.000
1786789666623,XAUT_USDT,demo,0,microspread_below_threshold,0,0.000000000,0.500000000,0.355494191,0.355494191,0.229355168,0.000000000,0.000000000,62.000,100.000,100.000
1786789666755,XAUT_USDT,demo,0,microspread_below_threshold,0,0.000000000,0.500000000,0.355494191,0.355494191,0.229355168,0.000000000,0.000000000,194.000,56.000,56.000
1786789666863,XAUT_USDT,demo,0,stale_binance,0,0.000000000,0.500000000,0.000000000,0.000000000,0.229355168,0.000000000,0.000000000,302.000,1.000,1.000
1786789666988,XAUT_USDT,demo,0,stale_binance,0,0.000000000,0.500000000,0.000000000,0.000000000,0.229355168,0.000000000,0.000000000,427.000,126.000,126.000
1786789667096,XAUT_USDT,demo,0,stale_binance,0,0.000000000,0.500000000,0.000000000,0.000000000,0.229355168,0.000000000,0.000000000,535.000,234.000,234.000
1786789667206,XAUT_USDT,demo,0,stale_binance,0,0.000000000,0.500000000,0.000000000,0.000000000,0.229355168,0.000000000,0.000000000,645.000,0.000,0.000
1786789667347,XAUT_USDT,demo,0,stale_binance,0,0.000000000,0.500000000,0.000000000,0.000000000,0.229355168,0.000000000,0.000000000,786.000,57.000,57.000
1786789667491,XAUT_USDT,demo,0,stale_binance,0,0.000000000,0.500000000,0.000000000,0.000000000,0.229355168,0.000000000,0.000000000,930.000,114.000,114.000
1786789667625,XAUT_USDT,demo,0,stale_binance,0,0.000000000,0.500000000,0.000000000,0.000000000,0.229355168,0.000000000,0.000000000,1064.000,248.000,248.000
1786789667747,XAUT_USDT,demo,0,stale_binance,0,0.000000000,0.500000000,0.000000000,0.000000000,0.229355168,0.000000000,0.000000000,1186.000,104.000,104.000
1786789667861,XAUT_USDT,demo,0,microspread_below_threshold,0,0.000000000,0.500000000,0.355494191,0.355494191,0.229355168,0.000000000,0.000000000,58.000,54.000,54.000
1786789667990,XAUT_USDT,demo,0,microspread_below_threshold,0,0.000000000,0.500000000,0.355494191,0.355494191,0.229355168,0.000000000,0.000000000,187.000,183.000,183.000
1786789668092,XAUT_USDT,demo,0,microspread_below_threshold,0,0.000000000,0.500000000,0.355494191,0.355494191,0.229355168,0.000000000,0.000000000,289.000,285.000,285.000
1786789668208,XAUT_USDT,demo,0,stale_binance,0,0.000000000,0.500000000,0.000000000,0.000000000,0.229355168,0.000000000,0.000000000,405.000,401.000,401.000
1786789668331,XAUT_USDT,demo,0,microspread_below_threshold,0,0.000000000,0.500000000,0.355494191,0.355494191,0.229355168,0.000000000,0.000000000,32.000,0.000,0.000
1786789669132,XAUT_USDT,demo,0,stale_binance,0,0.000000000,0.500000000,0.000000000,0.000000000,0.229355168,0.000000000,0.000000000,833.000,297.000,297.000
1786789669245,XAUT_USDT,demo,0,stale_binance,0,0.000000000,0.500000000,0.000000000,0.000000000,0.229355168,0.000000000,0.000000000,946.000,410.000,410.000
1786789669349,XAUT_USDT,demo,0,stale_binance,0,0.000000000,0.500000000,0.000000000,0.000000000,0.229355168,0.000000000,0.000000000,1050.000,0.000,0.000
1786789669473,XAUT_USDT,demo,0,stale_binance,0,0.000000000,0.500000000,0.000000000,0.000000000,0.229355168,0.000000000,0.000000000,1174.000,124.000,124.000
1786789669592,XAUT_USDT,demo,0,stale_binance,0,0.000000000,0.500000000,0.000000000,0.000000000,0.229355168,0.000000000,0.000000000,1293.000,243.000,243.000
1786789669692,XAUT_USDT,demo,0,microspread_below_threshold,0,0.000000000,0.500000000,0.355494191,0.355494191,0.229355168,0.000000000,0.000000000,0.000,343.000,343.000
1786789669833,XAUT_USDT,demo,0,microspread_below_threshold,0,0.000000000,0.500000000,0.355494191,0.355494191,0.229355168,0.000000000,0.000000000,141.000,56.000,56.000
1786789669952,XAUT_USDT,demo,0,microspread_below_threshold,0,0.000000000,0.500000000,0.355494191,0.355494191,0.229355168,0.000000000,0.000000000,260.000,0.000,0.000
1786789670096,XAUT_USDT,demo,0,stale_binance,0,0.000000000,0.500000000,0.000000000,0.000000000,0.229355168,0.000000000,0.000000000,404.000,62.000,62.000
1786789670211,XAUT_USDT,demo,0,stale_binance,0,0.000000000,0.500000000,0.000000000,0.000000000,0.229355168,0.000000000,0.000000000,519.000,89.000,89.000
1786789670349,XAUT_USDT,demo,0,stale_binance,0,0.000000000,0.500000000,0.000000000,0.000000000,0.229355168,0.000000000,0.000000000,657.000,60.000,60.000
1786789670507,XAUT_USDT,demo,0,stale_binance,0,0.000000000,0.500000000,0.000000000,0.000000000,0.229355168,0.000000000,0.000000000,815.000,121.000,121.000
1786789670637,XAUT_USDT,demo,0,stale_binance,0,0.000000000,0.500000000,0.000000000,0.000000000,0.229355168,0.000000000,0.000000000,945.000,251.000,251.000
1786789670774,XAUT_USDT,demo,0,stale_binance,0,0.000000000,0.500000000,0.000000000,0.000000000,0.229355168,0.000000000,0.000000000,1082.000,51.000,51.000
1786789670892,XAUT_USDT,demo,0,stale_binance,0,0.000000000,0.500000000,0.000000000,0.000000000,0.229355168,0.000000000,0.000000000,1200.000,169.000,169.000
1786789671010,XAUT_USDT,demo,0,stale_binance,0,0.000000000,0.500000000,0.000000000,0.000000000,0.229355168,0.000000000,0.000000000,1318.000,114.000,114.000
1786789671123,XAUT_USDT,demo,0,stale_binance,0,0.000000000,0.500000000,0.000000000,0.000000000,0.229355168,0.000000000,0.000000000,1431.000,227.000,227.000
1786789671248,XAUT_USDT,demo,0,microspread_below_threshold,0,0.000000000,0.500000000,0.355494191,0.355494191,0.229355168,0.000000000,0.000000000,38.000,0.000,0.000
1786789671392,XAUT_USDT,demo,0,microspread_below_threshold,0,0.000000000,0.500000000,0.355494191,0.355494191,0.229355168,0.000000000,0.000000000,182.000,58.000,58.000
1786789671535,XAUT_USDT,demo,0,stale_binance,0,0.000000000,0.500000000,0.000000000,0.000000000,0.229355168,0.000000000,0.000000000,325.000,116.000,116.000
1786789671645,XAUT_USDT,demo,0,stale_binance,0,0.000000000,0.500000000,0.000000000,0.000000000,0.229355168,0.000000000,0.000000000,435.000,226.000,226.000
1786789671761,XAUT_USDT,demo,0,stale_binance,0,0.000000000,0.500000000,0.000000000,0.000000000,0.229355168,0.000000000,0.000000000,551.000,0.000,0.000
1786789671906,XAUT_USDT,demo,0,stale_binance,0,0.000000000,0.500000000,0.000000000,0.000000000,0.229355168,0.000000000,0.000000000,696.000,59.000,59.000
1786789672011,XAUT_USDT,demo,0,stale_binance,0,0.000000000,0.500000000,0.000000000,0.000000000,0.229355168,0.000000000,0.000000000,801.000,164.000,164.000
1786789672161,XAUT_USDT,demo,0,stale_binance,0,0.000000000,0.500000000,0.000000000,0.000000000,0.229355168,0.000000000,0.000000000,951.000,58.000,58.000
1786789672287,XAUT_USDT,demo,0,microspread_below_threshold,0,0.000000000,0.500000000,0.355494191,0.355494191,0.229355168,0.000000000,0.000000000,108.000,0.000,0.000
1786789672391,XAUT_USDT,demo,0,microspread_below_threshold,0,0.000000000,0.500000000,0.355494191,0.355494191,0.229355168,0.000000000,0.000000000,212.000,0.000,0.000
1786789672507,XAUT_USDT,demo,0,microspread_below_threshold,0,0.000000000,0.500000000,0.355494191,0.355494191,0.229355168,0.000000000,0.000000000,0.000,53.000,53.000
1786789672621,XAUT_USDT,demo,0,microspread_below_threshold,0,0.000000000,0.500000000,0.355494191,0.355494191,0.229355168,0.000000000,0.000000000,114.000,0.000,0.000
1786789672773,XAUT_USDT,demo,0,microspread_below_threshold,0,0.000000000,0.500000000,0.355494191,0.355494191,0.229355168,0.000000000,0.000000000,266.000,66.000,66.000
1786789672877,XAUT_USDT,demo,0,stale_binance,0,0.000000000,0.500000000,0.000000000,0.000000000,0.229355168,0.000000000,0.000000000,370.000,0.000,0.000
1786789673022,XAUT_USDT,demo,0,stale_binance,0,0.000000000,0.500000000,0.000000000,0.000000000,0.229355168,0.000000000,0.000000000,515.000,60.000,60.000
1786789673140,XAUT_USDT,demo,0,stale_binance,0,0.000000000,0.500000000,0.000000000,0.000000000,0.229355168,0.000000000,0.000000000,633.000,178.000,178.000
1786789673273,XAUT_USDT,demo,0,stale_binance,0,0.000000000,0.500000000,0.000000000,0.000000000,0.229355168,0.000000000,0.000000000,766.000,53.000,53.000
1786789673393,XAUT_USDT,demo,0,stale_binance,0,0.000000000,0.500000000,0.000000000,0.000000000,0.229355168,0.000000000,0.000000000,886.000,0.000,0.000
1786789674200,XAUT_USDT,demo,0,stale_binance,0,0.000000000,0.500000000,0.000000000,0.000000000,0.229355168,0.000000000,0.000000000,512.000,8.000,8.000
1786789674314,XAUT_USDT,demo,0,stale_binance,0,0.000000000,0.500000000,0.000000000,0.000000000,0.229355168,0.000000000,0.000000000,626.000,122.000,122.000
1786789674455,XAUT_USDT,demo,0,stale_binance,0,0.000000000,0.500000000,0.000000000,0.000000000,0.229355168,0.000000000,0.000000000,767.000,116.000,116.000
1786789674561,XAUT_USDT,demo,0,stale_binance,0,0.000000000,0.500000000,0.000000000,0.000000000,0.229355168,0.000000000,0.000000000,873.000,222.000,222.000
1786789674681,XAUT_USDT,demo,0,stale_binance,0,0.000000000,0.500000000,0.000000000,0.000000000,0.229355168,0.000000000,0.000000000,993.000,342.000,342.000
1786789674782,XAUT_USDT,demo,0,stale_binance,0,0.000000000,0.500000000,0.000000000,0.000000000,0.229355168,0.000000000,0.000000000,1094.000,0.000,0.000
1786789674912,XAUT_USDT,demo,0,stale_binance,0,0.000000000,0.500000000,0.000000000,0.000000000,0.229355168,0.000000000,0.000000000,1224.000,56.000,56.000
1786789675056,XAUT_USDT,demo,0,stale_binance,0,0.000000000,0.500000000,0.000000000,0.000000000,0.229355168,0.000000000,0.000000000,1368.000,110.000,110.000
1786789675192,XAUT_USDT,demo,0,microspread_below_threshold,0,0.000000000,0.500000000,0.355494191,0.355494191,0.229355168,0.000000000,0.000000000,64.000,246.000,246.000
1786789675293,XAUT_USDT,demo,0,microspread_below_threshold,0,0.000000000,0.500000000,0.355494191,0.355494191,0.229355168,0.000000000,0.000000000,165.000,0.000,0.000
1786789675423,XAUT_USDT,demo,0,microspread_below_threshold,0,0.000000000,0.500000000,0.355494191,0.355494191,0.229355168,0.000000000,0.000000000,295.000,56.000,56.000
1786789675540,XAUT_USDT,demo,0,stale_binance,0,0.000000000,0.500000000,0.000000000,0.000000000,0.229355168,0.000000000,0.000000000,412.000,0.000,0.000
1786789675685,XAUT_USDT,demo,0,stale_binance,0,0.000000000,0.500000000,0.000000000,0.000000000,0.229355168,0.000000000,0.000000000,557.000,57.000,57.000
1786789675837,XAUT_USDT,demo,0,stale_binance,0,0.000000000,0.500000000,0.000000000,0.000000000,0.229355168,0.000000000,0.000000000,709.000,124.000,124.000
1786789675939,XAUT_USDT,demo,0,stale_binance,0,0.000000000,0.500000000,0.000000000,0.000000000,0.229355168,0.000000000,0.000000000,811.000,226.000,226.000
1786789676048,XAUT_USDT,demo,0,stale_binance,0,0.000000000,0.500000000,0.000000000,0.000000000,0.229355168,0.000000000,0.000000000,920.000,335.000,335.000
1786789676148,XAUT_USDT,demo,0,microspread_below_threshold,0,0.000000000,0.500000000,0.355494191,0.355494191,0.229355168,0.000000000,0.000000000,0.000,435.000,435.000
1786789676270,XAUT_USDT,demo,0,microspread_below_threshold,0,0.000000000,0.500000000,0.355494191,0.355494191,0.229355168,0.000000000,0.000000000,122.000,119.000,119.000
1786789676387,XAUT_USDT,demo,0,microspread_below_threshold,0,0.000000000,0.500000000,0.355494191,0.355494191,0.229355168,0.000000000,0.000000000,239.000,64.000,64.000
1786789676522,XAUT_USDT,demo,0,stale_binance,0,0.000000000,0.500000000,0.000000000,0.000000000,0.229355168,0.000000000,0.000000000,374.000,114.000,114.000
1786789676656,XAUT_USDT,demo,0,stale_binance,0,0.000000000,0.500000000,0.000000000,0.000000000,0.229355168,0.000000000,0.000000000,508.000,248.000,248.000
1786789676788,XAUT_USDT,demo,0,stale_binance,0,0.000000000,0.500000000,0.000000000,0.000000000,0.229355168,0.000000000,0.000000000,640.000,127.000,127.000
1786789676925,XAUT_USDT,demo,0,stale_binance,0,0.000000000,0.500000000,0.000000000,0.000000000,0.229355168,0.000000000,0.000000000,777.000,0.000,0.000
1786789677044,XAUT_USDT,demo,0,stale_binance,0,0.000000000,0.500000000,0.000000000,0.000000000,0.229355168,0.000000000,0.000000000,896.000,119.000,119.000
1786789677155,XAUT_USDT,demo,0,stale_binance,0,0.000000000,0.500000000,0.000000000,0.000000000,0.229355168,0.000000000,0.000000000,1007.000,230.000,230.000
1786789677298,XAUT_USDT,demo,0,stale_binance,0,0.000000000,0.500000000,0.000000000,0.000000000,0.229355168,0.000000000,0.000000000,1150.000,113.000,113.000
1786789677419,XAUT_USDT,demo,0,stale_binance,0,0.000000000,0.500000000,0.000000000,0.000000000,0.229355168,0.000000000,0.000000000,1271.000,60.000,60.000
1786789677526,XAUT_USDT,demo,0,stale_binance,0,0.000000000,0.500000000,0.000000000,0.000000000,0.229355168,0.000000000,0.000000000,1378.000,58.000,58.000
1786789677643,XAUT_USDT,demo,0,stale_binance,0,0.000000000,0.500000000,0.000000000,0.000000000,0.229355168,0.000000000,0.000000000,1495.000,175.000,175.000
1786789677774,XAUT_USDT,demo,0,stale_binance,0,0.000000000,0.500000000,0.000000000,0.000000000,0.229355168,0.000000000,0.000000000,1626.000,306.000,306.000
1786789677937,XAUT_USDT,demo,0,stale_binance,0,0.000000000,0.500000000,0.000000000,0.000000000,0.229355168,0.000000000,0.000000000,1789.000,65.000,65.000
1786789678077,XAUT_USDT,demo,0,stale_binance,0,0.000000000,0.500000000,0.000000000,0.000000000,0.229355168,0.000000000,0.000000000,1929.000,107.000,107.000
1786789678197,XAUT_USDT,demo,0,stale_binance,0,0.000000000,0.500000000,0.000000000,0.000000000,0.229355168,0.000000000,0.000000000,2049.000,227.000,227.000
1786789678323,XAUT_USDT,demo,0,stale_binance,0,0.000000000,0.500000000,0.000000000,0.000000000,0.229355168,0.000000000,0.000000000,2175.000,52.000,52.000
1786789678445,XAUT_USDT,demo,0,stale_binance,0,0.000000000,0.500000000,0.000000000,0.000000000,0.229355168,0.000000000,0.000000000,2297.000,57.000,57.000
1786789679255,XAUT_USDT,demo,0,stale_binance,0,0.000000000,0.500000000,0.000000000,0.000000000,0.229355168,0.000000000,0.000000000,3107.000,66.000,66.000
1786789679387,XAUT_USDT,demo,0,stale_binance,0,0.000000000,0.500000000,0.000000000,0.000000000,0.229355168,0.000000000,0.000000000,3239.000,55.000,55.000
1786789679525,XAUT_USDT,demo,0,stale_binance,0,0.000000000,0.500000000,0.000000000,0.000000000,0.229355168,0.000000000,0.000000000,3377.000,105.000,105.000
1786789679637,XAUT_USDT,demo,0,stale_binance,0,0.000000000,0.500000000,0.000000000,0.000000000,0.229355168,0.000000000,0.000000000,3489.000,217.000,217.000
1786789679737,XAUT_USDT,demo,0,stale_binance,0,0.000000000,0.500000000,0.000000000,0.000000000,0.229355168,0.000000000,0.000000000,3589.000,62.000,62.000
1786789679888,XAUT_USDT,demo,0,stale_binance,0,0.000000000,0.500000000,0.000000000,0.000000000,0.229355168,0.000000000,0.000000000,3740.000,129.000,129.000
1786789680015,XAUT_USDT,demo,0,stale_binance,0,0.000000000,0.500000000,0.000000000,0.000000000,0.229355168,0.000000000,0.000000000,3867.000,0.000,0.000
1786789680138,XAUT_USDT,demo,0,microspread_below_threshold,0,0.000000000,0.500000000,0.355494191,0.355494191,0.229355168,0.000000000,0.000000000,56.000,123.000,123.000
1786789680244,XAUT_USDT,demo,0,microspread_below_threshold,0,0.000000000,0.500000000,0.355494191,0.355494191,0.229355168,0.000000000,0.000000000,162.000,229.000,229.000
1786789680363,XAUT_USDT,demo,0,microspread_below_threshold,0,0.000000000,0.500000000,0.355494191,0.355494191,0.229355168,0.000000000,0.000000000,38.000,0.000,0.000
1786789680508,XAUT_USDT,demo,0,microspread_below_threshold,0,0.000000000,0.500000000,0.355494191,0.355494191,0.229355168,0.000000000,0.000000000,183.000,58.000,58.000
1786789680628,XAUT_USDT,demo,0,microspread_below_threshold,0,0.000000000,0.500000000,0.355494191,0.355494191,0.229355168,0.000000000,0.000000000,0.000,178.000,178.000
1786789680762,XAUT_USDT,demo,0,microspread_below_threshold,0,0.000000000,0.500000000,0.355494191,0.355494191,0.229355168,0.000000000,0.000000000,131.000,55.000,55.000
1786789680879,XAUT_USDT,demo,0,microspread_below_threshold,0,0.000000000,0.500000000,0.355494191,0.355494191,0.229355168,0.000000000,0.000000000,248.000,0.000,0.000
1786789681019,XAUT_USDT,demo,0,stale_binance,0,0.000000000,0.500000000,0.000000000,0.000000000,0.229355168,0.000000000,0.000000000,388.000,60.000,60.000
1786789681142,XAUT_USDT,demo,0,stale_binance,0,0.000000000,0.500000000,0.000000000,0.000000000,0.229355168,0.000000000,0.000000000,511.000,183.000,183.000
1786789681260,XAUT_USDT,demo,0,stale_binance,0,0.000000000,0.500000000,0.000000000,0.000000000,0.229355168,0.000000000,0.000000000,629.000,301.000,301.000
1786789681392,XAUT_USDT,demo,0,microspread_below_threshold,0,0.000000000,0.500000000,0.355494191,0.355494191,0.229355168,0.000000000,0.000000000,51.000,86.000,86.000
1786789681502,XAUT_USDT,demo,0,microspread_below_threshold,0,0.000000000,0.500000000,0.355494191,0.355494191,0.229355168,0.000000000,0.000000000,161.000,0.000,0.000
1786789681605,XAUT_USDT,demo,0,microspread_below_threshold,0,0.000000000,0.500000000,0.355494191,0.355494191,0.229355168,0.000000000,0.000000000,264.000,103.000,103.000
1786789681709,XAUT_USDT,demo,0,microspread_below_threshold,0,0.000000000,0.500000000,0.355494191,0.355494191,0.229355168,0.000000000,0.000000000,0.000,207.000,207.000
1786789681857,XAUT_USDT,demo,0,microspread_below_threshold,0,0.000000000,0.500000000,0.355494191,0.355494191,0.229355168,0.000000000,0.000000000,148.000,118.000,118.000
1786789681980,XAUT_USDT,demo,0,microspread_below_threshold,0,0.000000000,0.500000000,0.355494191,0.355494191,0.229355168,0.000000000,0.000000000,271.000,60.000,60.000
1786789682109,XAUT_USDT,demo,0,stale_binance,0,0.000000000,0.500000000,0.000000000,0.000000000,0.229355168,0.000000000,0.000000000,400.000,110.000,110.000
1786789682226,XAUT_USDT,demo,0,stale_binance,0,0.000000000,0.500000000,0.000000000,0.000000000,0.229355168,0.000000000,0.000000000,517.000,227.000,227.000
1786789682327,XAUT_USDT,demo,0,microspread_below_threshold,0,0.000000000,0.500000000,0.355494191,0.355494191,0.229355168,0.000000000,0.000000000,0.000,85.000,85.000
1786789682471,XAUT_USDT,demo,0,microspread_below_threshold,0,0.000000000,0.500000000,0.355494191,0.355494191,0.229355168,0.000000000,0.000000000,138.000,53.000,53.000
1786789682590,XAUT_USDT,demo,0,microspread_below_threshold,0,0.000000000,0.500000000,0.355494191,0.355494191,0.229355168,0.000000000,0.000000000,257.000,172.000,172.000
1786789682701,XAUT_USDT,demo,0,stale_binance,0,0.000000000,0.500000000,0.000000000,0.000000000,0.229355168,0.000000000,0.000000000,368.000,1.000,1.000
1786789682819,XAUT_USDT,demo,0,stale_binance,0,0.000000000,0.500000000,0.000000000,0.000000000,0.229355168,0.000000000,0.000000000,486.000,119.000,119.000
1786789682937,XAUT_USDT,demo,0,microspread_below_threshold,0,0.000000000,0.500000000,0.355494191,0.355494191,0.229355168,0.000000000,0.000000000,78.000,0.000,0.000
1786789683052,XAUT_USDT,demo,0,microspread_below_threshold,0,0.000000000,0.500000000,0.355494191,0.355494191,0.229355168,0.000000000,0.000000000,193.000,115.000,115.000
1786789683166,XAUT_USDT,demo,0,stale_binance,0,0.000000000,0.500000000,0.000000000,0.000000000,0.229355168,0.000000000,0.000000000,307.000,229.000,229.000
1786789683278,XAUT_USDT,demo,0,microspread_below_threshold,0,0.000000000,0.500000000,0.355494191,0.355494191,0.229355168,0.000000000,0.000000000,73.000,0.000,0.000
1786789683420,XAUT_USDT,demo,0,microspread_below_threshold,0,0.000000000,0.500000000,0.355494191,0.355494191,0.229355168,0.000000000,0.000000000,215.000,54.000,54.000
1786789684230,XAUT_USDT,demo,0,microspread_below_threshold,0,0.000000000,0.500000000,0.355494191,0.355494191,0.229355168,0.000000000,0.000000000,137.000,265.000,265.000
1786789684367,XAUT_USDT,demo,0,microspread_below_threshold,0,0.000000000,0.500000000,0.355494191,0.355494191,0.229355168,0.000000000,0.000000000,274.000,56.000,56.000
1786789684469,XAUT_USDT,demo,0,stale_binance,0,0.000000000,0.500000000,0.000000000,0.000000000,0.229355168,0.000000000,0.000000000,376.000,60.000,60.000
1786789684573,XAUT_USDT,demo,0,stale_binance,0,0.000000000,0.500000000,0.000000000,0.000000000,0.229355168,0.000000000,0.000000000,480.000,0.000,0.000
1786789684734,XAUT_USDT,demo,0,stale_binance,0,0.000000000,0.500000000,0.000000000,0.000000000,0.229355168,0.000000000,0.000000000,641.000,63.000,63.000
1786789684886,XAUT_USDT,demo,0,stale_binance,0,0.000000000,0.500000000,0.000000000,0.000000000,0.229355168,0.000000000,0.000000000,793.000,54.000,54.000
1786789685000,XAUT_USDT,demo,0,stale_binance,0,0.000000000,0.500000000,0.000000000,0.000000000,0.229355168,0.000000000,0.000000000,907.000,65.000,65.000
1786789685115,XAUT_USDT,demo,0,stale_binance,0,0.000000000,0.500000000,0.000000000,0.000000000,0.229355168,0.000000000,0.000000000,1022.000,180.000,180.000
1786789685231,XAUT_USDT,demo,0,stale_binance,0,0.000000000,0.500000000,0.000000000,0.000000000,0.229355168,0.000000000,0.000000000,1138.000,296.000,296.000
1786789685369,XAUT_USDT,demo,0,stale_binance,0,0.000000000,0.500000000,0.000000000,0.000000000,0.229355168,0.000000000,0.000000000,1276.000,0.000,0.000
1786789685491,XAUT_USDT,demo,0,stale_binance,0,0.000000000,0.500000000,0.000000000,0.000000000,0.229355168,0.000000000,0.000000000,1398.000,51.000,51.000
1786789685642,XAUT_USDT,demo,0,microspread_below_threshold,0,0.000000000,0.500000000,0.355494191,0.355494191,0.229355168,0.000000000,0.000000000,122.000,202.000,202.000
1786789685749,XAUT_USDT,demo,0,microspread_below_threshold,0,0.000000000,0.500000000,0.355494191,0.355494191,0.229355168,0.000000000,0.000000000,229.000,51.000,51.000
1786789685856,XAUT_USDT,demo,0,stale_binance,0,0.000000000,0.500000000,0.000000000,0.000000000,0.229355168,0.000000000,0.000000000,336.000,158.000,158.000
1786789685972,XAUT_USDT,demo,0,stale_binance,0,0.000000000,0.500000000,0.000000000,0.000000000,0.229355168,0.000000000,0.000000000,452.000,0.000,0.000
1786789686093,XAUT_USDT,demo,0,stale_binance,0,0.000000000,0.500000000,0.000000000,0.000000000,0.229355168,0.000000000,0.000000000,573.000,53.000,53.000
1786789686220,XAUT_USDT,demo,0,stale_binance,0,0.000000000,0.500000000,0.000000000,0.000000000,0.229355168,0.000000000,0.000000000,700.000,0.000,0.000
1786789686342,XAUT_USDT,demo,0,stale_binance,0,0.000000000,0.500000000,0.000000000,0.000000000,0.229355168,0.000000000,0.000000000,822.000,122.000,122.000
1786789686500,XAUT_USDT,demo,0,microspread_below_threshold,0,0.000000000,0.500000000,0.355494191,0.355494191,0.229355168,0.000000000,0.000000000,113.000,117.000,117.000
1786789686626,XAUT_USDT,demo,0,microspread_below_threshold,0,0.000000000,0.500000000,0.355494191,0.355494191,0.229355168,0.000000000,0.000000000,239.000,243.000,243.000
1786789686780,XAUT_USDT,demo,0,stale_binance,0,0.000000000,0.500000000,0.000000000,0.000000000,0.229355168,0.000000000,0.000000000,393.000,58.000,58.000
1786789686935,XAUT_USDT,demo,0,stale_binance,0,0.000000000,0.500000000,0.000000000,0.000000000,0.229355168,0.000000000,0.000000000,548.000,126.000,126.000
1786789687035,XAUT_USDT,demo,0,stale_binance,0,0.000000000,0.500000000,0.000000000,0.000000000,0.229355168,0.000000000,0.000000000,648.000,54.000,54.000
1786789687170,XAUT_USDT,demo,0,stale_binance,0,0.000000000,0.500000000,0.000000000,0.000000000,0.229355168,0.000000000,0.000000000,783.000,189.000,189.000
1786789687284,XAUT_USDT,demo,0,stale_binance,0,0.000000000,0.500000000,0.000000000,0.000000000,0.229355168,0.000000000,0.000000000,897.000,303.000,303.000
1786789687422,XAUT_USDT,demo,0,stale_binance,0,0.000000000,0.500000000,0.000000000,0.000000000,0.229355168,0.000000000,0.000000000,1035.000,0.000,0.000
1786789687529,XAUT_USDT,demo,0,microspread_below_threshold,0,0.000000000,0.500000000,0.355494191,0.355494191,0.229355168,0.000000000,0.000000000,0.000,34.000,34.000
1786789687660,XAUT_USDT,demo,0,microspread_below_threshold,0,0.000000000,0.500000000,0.355494191,0.355494191,0.229355168,0.000000000,0.000000000,131.000,165.000,165.000
1786789687774,XAUT_USDT,demo,0,microspread_below_threshold,0,0.000000000,0.500000000,0.355494191,0.355494191,0.229355168,0.000000000,0.000000000,245.000,279.000,279.000
1786789687890,XAUT_USDT,demo,0,stale_binance,0,0.000000000,0.500000000,0.000000000,0.000000000,0.229355168,0.000000000,0.000000000,361.000,54.000,54.000
1786789688017,XAUT_USDT,demo,0,stale_binance,0,0.000000000,0.500000000,0.000000000,0.000000000,0.229355168,0.000000000,0.000000000,488.000,0.000,0.000
1786789688150,XAUT_USDT,demo,0,microspread_below_threshold,0,0.000000000,0.500000000,0.355494191,0.355494191,0.229355168,0.000000000,0.000000000,129.000,133.000,133.000
1786789688265,XAUT_USDT,demo,0,microspread_below_threshold,0,0.000000000,0.500000000,0.355494191,0.355494191,0.229355168,0.000000000,0.000000000,244.000,248.000,248.000
1786789688416,XAUT_USDT,demo,0,stale_binance,0,0.000000000,0.500000000,0.000000000,0.000000000,0.229355168,0.000000000,0.000000000,395.000,62.000,62.000
1786789688533,XAUT_USDT,demo,0,microspread_below_threshold,0,0.000000000,0.500000000,0.355494191,0.355494191,0.229355168,0.000000000,0.000000000,0.000,94.000,94.000
1786789689295,XAUT_USDT,demo,0,microspread_below_threshold,0,0.000000000,0.500000000,0.355494191,0.355494191,0.229355168,0.000000000,0.000000000,283.000,323.000,323.000
1786789689448,XAUT_USDT,demo,0,microspread_below_threshold,0,0.000000000,0.500000000,0.355494191,0.355494191,0.229355168,0.000000000,0.000000000,56.000,58.000,58.000
1786789689582,XAUT_USDT,demo,0,microspread_below_threshold,0,0.000000000,0.500000000,0.355494191,0.355494191,0.229355168,0.000000000,0.000000000,190.000,112.000,112.000
1786789689732,XAUT_USDT,demo,0,microspread_below_threshold,0,0.000000000,0.500000000,0.355494191,0.355494191,0.229355168,0.000000000,0.000000000,105.000,262.000,262.000
1786789689872,XAUT_USDT,demo,0,microspread_below_threshold,0,0.000000000,0.500000000,0.355494191,0.355494191,0.229355168,0.000000000,0.000000000,245.000,63.000,63.000
1786789689986,XAUT_USDT,demo,0,stale_binance,0,0.000000000,0.500000000,0.000000000,0.000000000,0.229355168,0.000000000,0.000000000,359.000,0.000,0.000
1786789690105,XAUT_USDT,demo,0,stale_binance,0,0.000000000,0.500000000,0.000000000,0.000000000,0.229355168,0.000000000,0.000000000,478.000,119.000,119.000
1786789690224,XAUT_USDT,demo,0,stale_binance,0,0.000000000,0.500000000,0.000000000,0.000000000,0.229355168,0.000000000,0.000000000,597.000,238.000,238.000
1786789690325,XAUT_USDT,demo,0,stale_binance,0,0.000000000,0.500000000,0.000000000,0.000000000,0.229355168,0.000000000,0.000000000,698.000,0.000,0.000
1786789690473,XAUT_USDT,demo,0,stale_binance,0,0.000000000,0.500000000,0.000000000,0.000000000,0.229355168,0.000000000,0.000000000,846.000,57.000,57.000
1786789690583,XAUT_USDT,demo,0,microspread_below_threshold,0,0.000000000,0.500000000,0.355494191,0.355494191,0.229355168,0.000000000,0.000000000,53.000,83.000,83.000
1786789690699,XAUT_USDT,demo,0,microspread_below_threshold,0,0.000000000,0.500000000,0.355494191,0.355494191,0.229355168,0.000000000,0.000000000,169.000,111.000,111.000
1786789690816,XAUT_USDT,demo,0,microspread_below_threshold,0,0.000000000,0.500000000,0.355494191,0.355494191,0.229355168,0.000000000,0.000000000,286.000,53.000,53.000
1786789690933,XAUT_USDT,demo,0,stale_binance,0,0.000000000,0.500000000,0.000000000,0.000000000,0.229355168,0.000000000,0.000000000,403.000,0.000,0.000
1786789691063,XAUT_USDT,demo,0,stale_binance,0,0.000000000,0.500000000,0.000000000,0.000000000,0.229355168,0.000000000,0.000000000,533.000,130.000,130.000
1786789691191,XAUT_USDT,demo,0,stale_binance,0,0.000000000,0.500000000,0.000000000,0.000000000,0.229355168,0.000000000,0.000000000,661.000,0.000,0.000
1786789691333,XAUT_USDT,demo,0,stale_binance,0,0.000000000,0.500000000,0.000000000,0.000000000,0.229355168,0.000000000,0.000000000,803.000,57.000,57.000
1786789691442,XAUT_USDT,demo,0,microspread_below_threshold,0,0.000000000,0.500000000,0.355494191,0.355494191,0.229355168,0.000000000,0.000000000,57.000,81.000,81.000
1786789691547,XAUT_USDT,demo,0,microspread_below_threshold,0,0.000000000,0.500000000,0.355494191,0.355494191,0.229355168,0.000000000,0.000000000,0.000,13.000,13.000
1786789691698,XAUT_USDT,demo,0,microspread_below_threshold,0,0.000000000,0.500000000,0.355494191,0.355494191,0.229355168,0.000000000,0.000000000,61.000,164.000,164.000
1786789691817,XAUT_USDT,demo,0,microspread_below_threshold,0,0.000000000,0.500000000,0.355494191,0.355494191,0.229355168,0.000000000,0.000000000,180.000,283.000,283.000
1786789691936,XAUT_USDT,demo,0,microspread_below_threshold,0,0.000000000,0.500000000,0.355494191,0.355494191,0.229355168,0.000000000,0.000000000,299.000,402.000,402.000
1786789692085,XAUT_USDT,demo,0,stale_binance,0,0.000000000,0.500000000,0.000000000,0.000000000,0.229355168,0.000000000,0.000000000,448.000,119.000,119.000
1786789692235,XAUT_USDT,demo,0,microspread_below_threshold,0,0.000000000,0.500000000,0.355494191,0.355494191,0.229355168,0.000000000,0.000000000,62.000,269.000,269.000
1786789692360,XAUT_USDT,demo,0,microspread_below_threshold,0,0.000000000,0.500000000,0.355494191,0.355494191,0.229355168,0.000000000,0.000000000,111.000,54.000,54.000
1786789692487,XAUT_USDT,demo,0,microspread_below_threshold,0,0.000000000,0.500000000,0.355494191,0.355494191,0.229355168,0.000000000,0.000000000,63.000,93.000,93.000
1786789692610,XAUT_USDT,demo,0,microspread_below_threshold,0,0.000000000,0.500000000,0.355494191,0.355494191,0.229355168,0.000000000,0.000000000,186.000,121.000,121.000
1786789692718,XAUT_USDT,demo,0,microspread_below_threshold,0,0.000000000,0.500000000,0.355494191,0.355494191,0.229355168,0.000000000,0.000000000,294.000,229.000,229.000
1786789692819,XAUT_USDT,demo,0,stale_binance,0,0.000000000,0.500000000,0.000000000,0.000000000,0.229355168,0.000000000,0.000000000,395.000,0.000,0.000
1786789692962,XAUT_USDT,demo,0,stale_binance,0,0.000000000,0.500000000,0.000000000,0.000000000,0.229355168,0.000000000,0.000000000,538.000,58.000,58.000
1786789693115,XAUT_USDT,demo,0,stale_binance,0,0.000000000,0.500000000,0.000000000,0.000000000,0.229355168,0.000000000,0.000000000,691.000,125.000,125.000
1786789693240,XAUT_USDT,demo,0,stale_binance,0,0.000000000,0.500000000,0.000000000,0.000000000,0.229355168,0.000000000,0.000000000,816.000,250.000,250.000
1786789693345,XAUT_USDT,demo,0,microspread_below_threshold,0,0.000000000,0.500000000,0.355494191,0.355494191,0.229355168,0.000000000,0.000000000,75.000,0.000,0.000
1786789693458,XAUT_USDT,demo,0,microspread_below_threshold,0,0.000000000,0.500000000,0.355494191,0.355494191,0.229355168,0.000000000,0.000000000,188.000,113.000,113.000
1786789694918,XAUT_USDT,demo,0,microspread_below_threshold,0,0.000000000,0.500000000,0.355494191,0.355494191,0.229355168,0.000000000,0.000000000,214.000,384.000,384.000
1786789695027,XAUT_USDT,demo,0,stale_binance,0,0.000000000,0.500000000,0.000000000,0.000000000,0.229355168,0.000000000,0.000000000,323.000,60.000,60.000
1786789695153,XAUT_USDT,demo,0,stale_binance,0,0.000000000,0.500000000,0.000000000,0.000000000,0.229355168,0.000000000,0.000000000,449.000,186.000,186.000
1786789695283,XAUT_USDT,demo,0,stale_binance,0,0.000000000,0.500000000,0.000000000,0.000000000,0.229355168,0.000000000,0.000000000,579.000,316.000,316.000
1786789695395,XAUT_USDT,demo,0,stale_binance,0,0.000000000,0.500000000,0.000000000,0.000000000,0.229355168,0.000000000,0.000000000,691.000,0.000,0.000
1786789695532,XAUT_USDT,demo,0,stale_binance,0,0.000000000,0.500000000,0.000000000,0.000000000,0.229355168,0.000000000,0.000000000,828.000,50.000,50.000
1786789695647,XAUT_USDT,demo,0,stale_binance,0,0.000000000,0.500000000,0.000000000,0.000000000,0.229355168,0.000000000,0.000000000,943.000,165.000,165.000
1786789695756,XAUT_USDT,demo,0,stale_binance,0,0.000000000,0.500000000,0.000000000,0.000000000,0.229355168,0.000000000,0.000000000,1052.000,274.000,274.000
1786789695886,XAUT_USDT,demo,0,stale_binance,0,0.000000000,0.500000000,0.000000000,0.000000000,0.229355168,0.000000000,0.000000000,1182.000,54.000,54.000
1786789696001,XAUT_USDT,demo,0,stale_binance,0,0.000000000,0.500000000,0.000000000,0.000000000,0.229355168,0.000000000,0.000000000,1297.000,0.000,0.000
1786789696131,XAUT_USDT,demo,0,stale_binance,0,0.000000000,0.500000000,0.000000000,0.000000000,0.229355168,0.000000000,0.000000000,1427.000,130.000,130.000
1786789696251,XAUT_USDT,demo,0,stale_binance,0,0.000000000,0.500000000,0.000000000,0.000000000,0.229355168,0.000000000,0.000000000,1547.000,250.000,250.000
1786789696396,XAUT_USDT,demo,0,stale_binance,0,0.000000000,0.500000000,0.000000000,0.000000000,0.229355168,0.000000000,0.000000000,1692.000,54.000,54.000
1786789696498,XAUT_USDT,demo,0,stale_binance,0,0.000000000,0.500000000,0.000000000,0.000000000,0.229355168,0.000000000,0.000000000,1794.000,54.000,54.000
1786789696600,XAUT_USDT,demo,0,stale_binance,0,0.000000000,0.500000000,0.000000000,0.000000000,0.229355168,0.000000000,0.000000000,1896.000,0.000,0.000
1786789696742,XAUT_USDT,demo,0,stale_binance,0,0.000000000,0.500000000,0.000000000,0.000000000,0.229355168,0.000000000,0.000000000,2038.000,57.000,57.000
1786789696857,XAUT_USDT,demo,0,stale_binance,0,0.000000000,0.500000000,0.000000000,0.000000000,0.229355168,0.000000000,0.000000000,2153.000,0.000,0.000
1786789696980,XAUT_USDT,demo,0,stale_binance,0,0.000000000,0.500000000,0.000000000,0.000000000,0.229355168,0.000000000,0.000000000,2276.000,123.000,123.000
1786789697096,XAUT_USDT,demo,0,stale_binance,0,0.000000000,0.500000000,0.000000000,0.000000000,0.229355168,0.000000000,0.000000000,2392.000,239.000,239.000
1786789697212,XAUT_USDT,demo,0,stale_binance,0,0.000000000,0.500000000,0.000000000,0.000000000,0.229355168,0.000000000,0.000000000,2508.000,355.000,355.000
1786789697353,XAUT_USDT,demo,0,stale_binance,0,0.000000000,0.500000000,0.000000000,0.000000000,0.229355168,0.000000000,0.000000000,2649.000,62.000,62.000
1786789697467,XAUT_USDT,demo,0,stale_binance,0,0.000000000,0.500000000,0.000000000,0.000000000,0.229355168,0.000000000,0.000000000,2763.000,0.000,0.000
1786789697582,XAUT_USDT,demo,0,microspread_below_threshold,0,0.000000000,0.500000000,0.355494191,0.355494191,0.229355168,0.000000000,0.000000000,64.000,115.000,115.000
1786789697701,XAUT_USDT,demo,0,microspread_below_threshold,0,0.000000000,0.500000000,0.355494191,0.355494191,0.229355168,0.000000000,0.000000000,183.000,234.000,234.000
1786789697809,XAUT_USDT,demo,0,microspread_below_threshold,0,0.000000000,0.500000000,0.355494191,0.355494191,0.229355168,0.000000000,0.000000000,291.000,0.000,0.000
1786789697940,XAUT_USDT,demo,0,stale_binance,0,0.000000000,0.500000000,0.000000000,0.000000000,0.229355168,0.000000000,0.000000000,422.000,53.000,53.000
1786789698098,XAUT_USDT,demo,0,stale_binance,0,0.000000000,0.500000000,0.000000000,0.000000000,0.229355168,0.000000000,0.000000000,580.000,115.000,115.000
1786789698217,XAUT_USDT,demo,0,stale_binance,0,0.000000000,0.500000000,0.000000000,0.000000000,0.229355168,0.000000000,0.000000000,699.000,234.000,234.000
1786789698317,XAUT_USDT,demo,0,stale_binance,0,0.000000000,0.500000000,0.000000000,0.000000000,0.229355168,0.000000000,0.000000000,799.000,0.000,0.000
1786789698455,XAUT_USDT,demo,0,stale_binance,0,0.000000000,0.500000000,0.000000000,0.000000000,0.229355168,0.000000000,0.000000000,937.000,50.000,50.000
1786789698555,XAUT_USDT,demo,0,stale_binance,0,0.000000000,0.500000000,0.000000000,0.000000000,0.229355168,0.000000000,0.000000000,1037.000,52.000,52.000
1786789699264,XAUT_USDT,demo,0,stale_binance,0,0.000000000,0.500000000,0.000000000,0.000000000,0.229355168,0.000000000,0.000000000,1746.000,254.000,254.000
1786789699395,XAUT_USDT,demo,0,stale_binance,0,0.000000000,0.500000000,0.000000000,0.000000000,0.229355168,0.000000000,0.000000000,1877.000,51.000,51.000
1786789699517,XAUT_USDT,demo,0,stale_binance,0,0.000000000,0.500000000,0.000000000,0.000000000,0.229355168,0.000000000,0.000000000,1999.000,0.000,0.000
1786789699636,XAUT_USDT,demo,0,stale_binance,0,0.000000000,0.500000000,0.000000000,0.000000000,0.229355168,0.000000000,0.000000000,2118.000,119.000,119.000
1786789699750,XAUT_USDT,demo,0,stale_binance,0,0.000000000,0.500000000,0.000000000,0.000000000,0.229355168,0.000000000,0.000000000,2232.000,233.000,233.000
1786789699863,XAUT_USDT,demo,0,microspread_below_threshold,0,0.000000000,0.500000000,0.355494191,0.355494191,0.229355168,0.000000000,0.000000000,22.000,0.000,0.000
1786789700003,XAUT_USDT,demo,0,microspread_below_threshold,0,0.000000000,0.500000000,0.355494191,0.355494191,0.229355168,0.000000000,0.000000000,162.000,53.000,53.000
1786789700112,XAUT_USDT,demo,0,microspread_below_threshold,0,0.000000000,0.500000000,0.355494191,0.355494191,0.229355168,0.000000000,0.000000000,271.000,162.000,162.000
1786789700263,XAUT_USDT,demo,0,stale_binance,0,0.000000000,0.500000000,0.000000000,0.000000000,0.229355168,0.000000000,0.000000000,422.000,55.000,55.000
1786789700378,XAUT_USDT,demo,0,stale_binance,0,0.000000000,0.500000000,0.000000000,0.000000000,0.229355168,0.000000000,0.000000000,537.000,170.000,170.000
1786789700529,XAUT_USDT,demo,0,stale_binance,0,0.000000000,0.500000000,0.000000000,0.000000000,0.229355168,0.000000000,0.000000000,688.000,58.000,58.000
1786789700646,XAUT_USDT,demo,0,stale_binance,0,0.000000000,0.500000000,0.000000000,0.000000000,0.229355168,0.000000000,0.000000000,805.000,175.000,175.000
1786789700763,XAUT_USDT,demo,0,stale_binance,0,0.000000000,0.500000000,0.000000000,0.000000000,0.229355168,0.000000000,0.000000000,922.000,292.000,292.000
1786789700880,XAUT_USDT,demo,0,stale_binance,0,0.000000000,0.500000000,0.000000000,0.000000000,0.229355168,0.000000000,0.000000000,1039.000,69.000,69.000
1786789700986,XAUT_USDT,demo,0,stale_binance,0,0.000000000,0.500000000,0.000000000,0.000000000,0.229355168,0.000000000,0.000000000,1145.000,1.000,1.000
1786789701097,XAUT_USDT,demo,0,stale_binance,0,0.000000000,0.500000000,0.000000000,0.000000000,0.229355168,0.000000000,0.000000000,1256.000,112.000,112.000
1786789701211,XAUT_USDT,demo,0,stale_binance,0,0.000000000,0.500000000,0.000000000,0.000000000,0.229355168,0.000000000,0.000000000,1370.000,226.000,226.000
1786789701328,XAUT_USDT,demo,0,stale_binance,0,0.000000000,0.500000000,0.000000000,0.000000000,0.229355168,0.000000000,0.000000000,1487.000,343.000,343.000
1786789701470,XAUT_USDT,demo,0,stale_binance,0,0.000000000,0.500000000,0.000000000,0.000000000,0.229355168,0.000000000,0.000000000,1629.000,52.000,52.000
1786789701617,XAUT_USDT,demo,0,stale_binance,0,0.000000000,0.500000000,0.000000000,0.000000000,0.229355168,0.000000000,0.000000000,1776.000,105.000,105.000
1786789701723,XAUT_USDT,demo,0,stale_binance,0,0.000000000,0.500000000,0.000000000,0.000000000,0.229355168,0.000000000,0.000000000,1882.000,211.000,211.000
1786789701835,XAUT_USDT,demo,0,stale_binance,0,0.000000000,0.500000000,0.000000000,0.000000000,0.229355168,0.000000000,0.000000000,1994.000,323.000,323.000
1786789701979,XAUT_USDT,demo,0,stale_binance,0,0.000000000,0.500000000,0.000000000,0.000000000,0.229355168,0.000000000,0.000000000,2138.000,54.000,54.000
1786789702098,XAUT_USDT,demo,0,stale_binance,0,0.000000000,0.500000000,0.000000000,0.000000000,0.229355168,0.000000000,0.000000000,2257.000,0.000,0.000
1786789702204,XAUT_USDT,demo,0,microspread_below_threshold,0,0.000000000,0.500000000,0.355494191,0.355494191,0.229355168,0.000000000,0.000000000,1.000,16.000,16.000
1786789702331,XAUT_USDT,demo,0,microspread_below_threshold,0,0.000000000,0.500000000,0.355494191,0.355494191,0.229355168,0.000000000,0.000000000,0.000,143.000,143.000
1786789702447,XAUT_USDT,demo,0,microspread_below_threshold,0,0.000000000,0.500000000,0.355494191,0.355494191,0.229355168,0.000000000,0.000000000,43.000,0.000,0.000
1786789702579,XAUT_USDT,demo,0,microspread_below_threshold,0,0.000000000,0.500000000,0.355494191,0.355494191,0.229355168,0.000000000,0.000000000,0.000,48.000,48.000
1786789702730,XAUT_USDT,demo,0,microspread_below_threshold,0,0.000000000,0.500000000,0.355494191,0.355494191,0.229355168,0.000000000,0.000000000,150.000,111.000,111.000
1786789702847,XAUT_USDT,demo,0,microspread_below_threshold,0,0.000000000,0.500000000,0.355494191,0.355494191,0.229355168,0.000000000,0.000000000,88.000,53.000,53.000
1786789702981,XAUT_USDT,demo,0,microspread_below_threshold,0,0.000000000,0.500000000,0.355494191,0.355494191,0.229355168,0.000000000,0.000000000,222.000,1.000,1.000
1786789703096,XAUT_USDT,demo,0,stale_binance,0,0.000000000,0.500000000,0.000000000,0.000000000,0.229355168,0.000000000,0.000000000,337.000,116.000,116.000
1786789703215,XAUT_USDT,demo,0,stale_binance,0,0.000000000,0.500000000,0.000000000,0.000000000,0.229355168,0.000000000,0.000000000,456.000,0.000,0.000
1786789703328,XAUT_USDT,demo,0,stale_binance,0,0.000000000,0.500000000,0.000000000,0.000000000,0.229355168,0.000000000,0.000000000,569.000,113.000,113.000
1786789703445,XAUT_USDT,demo,0,stale_binance,0,0.000000000,0.500000000,0.000000000,0.000000000,0.229355168,0.000000000,0.000000000,686.000,58.000,58.000
1786789703593,XAUT_USDT,demo,0,stale_binance,0,0.000000000,0.500000000,0.000000000,0.000000000,0.229355168,0.000000000,0.000000000,834.000,116.000,116.000
1786789704332,XAUT_USDT,demo,0,stale_binance,0,0.000000000,0.500000000,0.000000000,0.000000000,0.229355168,0.000000000,0.000000000,334.000,334.000,334.000
1786789704482,XAUT_USDT,demo,0,stale_binance,0,0.000000000,0.500000000,0.000000000,0.000000000,0.229355168,0.000000000,0.000000000,484.000,59.000,59.000
1786789704611,XAUT_USDT,demo,0,stale_binance,0,0.000000000,0.500000000,0.000000000,0.000000000,0.229355168,0.000000000,0.000000000,613.000,102.000,102.000
1786789704728,XAUT_USDT,demo,0,stale_binance,0,0.000000000,0.500000000,0.000000000,0.000000000,0.229355168,0.000000000,0.000000000,730.000,219.000,219.000
1786789704845,XAUT_USDT,demo,0,stale_binance,0,0.000000000,0.500000000,0.000000000,0.000000000,0.229355168,0.000000000,0.000000000,847.000,336.000,336.000
1786789705001,XAUT_USDT,demo,0,stale_binance,0,0.000000000,0.500000000,0.000000000,0.000000000,0.229355168,0.000000000,0.000000000,1003.000,59.000,59.000
1786789705144,XAUT_USDT,demo,0,microspread_below_threshold,0,0.000000000,0.500000000,0.355494191,0.355494191,0.229355168,0.000000000,0.000000000,124.000,116.000,116.000
1786789705252,XAUT_USDT,demo,0,microspread_below_threshold,0,0.000000000,0.500000000,0.355494191,0.355494191,0.229355168,0.000000000,0.000000000,232.000,224.000,224.000
1786789705364,XAUT_USDT,demo,0,stale_binance,0,0.000000000,0.500000000,0.000000000,0.000000000,0.229355168,0.000000000,0.000000000,344.000,336.000,336.000
1786789705512,XAUT_USDT,demo,0,microspread_below_threshold,0,0.000000000,0.500000000,0.355494191,0.355494191,0.229355168,0.000000000,0.000000000,117.000,52.000,52.000
1786789705629,XAUT_USDT,demo,0,microspread_below_threshold,0,0.000000000,0.500000000,0.355494191,0.355494191,0.229355168,0.000000000,0.000000000,234.000,169.000,169.000
1786789705776,XAUT_USDT,demo,0,stale_binance,0,0.000000000,0.500000000,0.000000000,0.000000000,0.229355168,0.000000000,0.000000000,381.000,65.000,65.000
1786789705885,XAUT_USDT,demo,0,stale_binance,0,0.000000000,0.500000000,0.000000000,0.000000000,0.229355168,0.000000000,0.000000000,490.000,174.000,174.000
1786789706029,XAUT_USDT,demo,0,stale_binance,0,0.000000000,0.500000000,0.000000000,0.000000000,0.229355168,0.000000000,0.000000000,634.000,59.000,59.000
1786789706147,XAUT_USDT,demo,0,stale_binance,0,0.000000000,0.500000000,0.000000000,0.000000000,0.229355168,0.000000000,0.000000000,752.000,177.000,177.000
1786789706295,XAUT_USDT,demo,0,stale_binance,0,0.000000000,0.500000000,0.000000000,0.000000000,0.229355168,0.000000000,0.000000000,900.000,64.000,64.000
1786789706399,XAUT_USDT,demo,0,stale_binance,0,0.000000000,0.500000000,0.000000000,0.000000000,0.229355168,0.000000000,0.000000000,1004.000,0.000,0.000
1786789706545,XAUT_USDT,demo,0,stale_binance,0,0.000000000,0.500000000,0.000000000,0.000000000,0.229355168,0.000000000,0.000000000,1150.000,52.000,52.000
1786789706661,XAUT_USDT,demo,0,stale_binance,0,0.000000000,0.500000000,0.000000000,0.000000000,0.229355168,0.000000000,0.000000000,1266.000,168.000,168.000
1786789706776,XAUT_USDT,demo,0,stale_binance,0,0.000000000,0.500000000,0.000000000,0.000000000,0.229355168,0.000000000,0.000000000,1381.000,283.000,283.000
1786789706878,XAUT_USDT,demo,0,stale_binance,0,0.000000000,0.500000000,0.000000000,0.000000000,0.229355168,0.000000000,0.000000000,1483.000,385.000,385.000
1786789706996,XAUT_USDT,demo,0,microspread_below_threshold,0,0.000000000,0.500000000,0.355494191,0.355494191,0.229355168,0.000000000,0.000000000,19.000,0.000,0.000
1786789707144,XAUT_USDT,demo,0,microspread_below_threshold,0,0.000000000,0.500000000,0.355494191,0.355494191,0.229355168,0.000000000,0.000000000,59.000,148.000,148.000
1786789707255,XAUT_USDT,demo,0,microspread_below_threshold,0,0.000000000,0.500000000,0.355494191,0.355494191,0.229355168,0.000000000,0.000000000,170.000,0.000,0.000
1786789707399,XAUT_USDT,demo,0,stale_binance,0,0.000000000,0.500000000,0.000000000,0.000000000,0.229355168,0.000000000,0.000000000,314.000,54.000,54.000
1786789707531,XAUT_USDT,demo,0,stale_binance,0,0.000000000,0.500000000,0.000000000,0.000000000,0.229355168,0.000000000,0.000000000,446.000,0.000,0.000
1786789707649,XAUT_USDT,demo,0,stale_binance,0,0.000000000,0.500000000,0.000000000,0.000000000,0.229355168,0.000000000,0.000000000,564.000,118.000,118.000
1786789707765,XAUT_USDT,demo,0,microspread_below_threshold,0,0.000000000,0.500000000,0.355494191,0.355494191,0.229355168,0.000000000,0.000000000,0.000,234.000,234.000
1786789707882,XAUT_USDT,demo,0,microspread_below_threshold,0,0.000000000,0.500000000,0.355494191,0.355494191,0.229355168,0.000000000,0.000000000,117.000,351.000,351.000
1786789708009,XAUT_USDT,demo,0,microspread_below_threshold,0,0.000000000,0.500000000,0.355494191,0.355494191,0.229355168,0.000000000,0.000000000,244.000,59.000,59.000
1786789708156,XAUT_USDT,demo,0,stale_binance,0,0.000000000,0.500000000,0.000000000,0.000000000,0.229355168,0.000000000,0.000000000,391.000,114.000,114.000
1786789708257,XAUT_USDT,demo,0,microspread_below_threshold,0,0.000000000,0.500000000,0.355494191,0.355494191,0.229355168,0.000000000,0.000000000,0.000,215.000,215.000
1786789708412,XAUT_USDT,demo,0,microspread_below_threshold,0,0.000000000,0.500000000,0.355494191,0.355494191,0.229355168,0.000000000,0.000000000,155.000,114.000,114.000
1786789708544,XAUT_USDT,demo,0,microspread_below_threshold,0,0.000000000,0.500000000,0.355494191,0.355494191,0.229355168,0.000000000,0.000000000,287.000,52.000,52.000
1786789709336,XAUT_USDT,demo,0,stale_binance,0,0.000000000,0.500000000,0.000000000,0.000000000,0.229355168,0.000000000,0.000000000,1079.000,10.000,10.000
1786789709479,XAUT_USDT,demo,0,stale_binance,0,0.000000000,0.500000000,0.000000000,0.000000000,0.229355168,0.000000000,0.000000000,1222.000,62.000,62.000
1786789709582,XAUT_USDT,demo,0,microspread_below_threshold,0,0.000000000,0.500000000,0.355494191,0.355494191,0.229355168,0.000000000,0.000000000,52.000,82.000,82.000
1786789709700,XAUT_USDT,demo,0,microspread_below_threshold,0,0.000000000,0.500000000,0.355494191,0.355494191,0.229355168,0.000000000,0.000000000,170.000,200.000,200.000
1786789709828,XAUT_USDT,demo,0,microspread_below_threshold,0,0.000000000,0.500000000,0.355494191,0.355494191,0.229355168,0.000000000,0.000000000,53.000,328.000,328.000
1786789709934,XAUT_USDT,demo,0,microspread_below_threshold,0,0.000000000,0.500000000,0.355494191,0.355494191,0.229355168,0.000000000,0.000000000,159.000,0.000,0.000
1786789710082,XAUT_USDT,demo,0,stale_binance,0,0.000000000,0.500000000,0.000000000,0.000000000,0.229355168,0.000000000,0.000000000,307.000,62.000,62.000
1786789710209,XAUT_USDT,demo,0,stale_binance,0,0.000000000,0.500000000,0.000000000,0.000000000,0.229355168,0.000000000,0.000000000,434.000,189.000,189.000
1786789710316,XAUT_USDT,demo,0,stale_binance,0,0.000000000,0.500000000,0.000000000,0.000000000,0.229355168,0.000000000,0.000000000,541.000,296.000,296.000
1786789710421,XAUT_USDT,demo,0,stale_binance,0,0.000000000,0.500000000,0.000000000,0.000000000,0.229355168,0.000000000,0.000000000,646.000,53.000,53.000
1786789710562,XAUT_USDT,demo,0,stale_binance,0,0.000000000,0.500000000,0.000000000,0.000000000,0.229355168,0.000000000,0.000000000,787.000,0.000,0.000
1786789710685,XAUT_USDT,demo,0,stale_binance,0,0.000000000,0.500000000,0.000000000,0.000000000,0.229355168,0.000000000,0.000000000,910.000,123.000,123.000
1786789710798,XAUT_USDT,demo,0,stale_binance,0,0.000000000,0.500000000,0.000000000,0.000000000,0.229355168,0.000000000,0.000000000,1023.000,236.000,236.000
1786789710934,XAUT_USDT,demo,0,stale_binance,0,0.000000000,0.500000000,0.000000000,0.000000000,0.229355168,0.000000000,0.000000000,1159.000,51.000,51.000
1786789711078,XAUT_USDT,demo,0,microspread_below_threshold,0,0.000000000,0.500000000,0.355494191,0.355494191,0.229355168,0.000000000,0.000000000,56.000,110.000,110.000
1786789711183,XAUT_USDT,demo,0,microspread_below_threshold,0,0.000000000,0.500000000,0.355494191,0.355494191,0.229355168,0.000000000,0.000000000,161.000,215.000,215.000
1786789711309,XAUT_USDT,demo,0,microspread_below_threshold,0,0.000000000,0.500000000,0.355494191,0.355494191,0.229355168,0.000000000,0.000000000,287.000,341.000,341.000
1786789711423,XAUT_USDT,demo,0,stale_binance,0,0.000000000,0.500000000,0.000000000,0.000000000,0.229355168,0.000000000,0.000000000,401.000,0.000,0.000
1786789711541,XAUT_USDT,demo,0,stale_binance,0,0.000000000,0.500000000,0.000000000,0.000000000,0.229355168,0.000000000,0.000000000,519.000,54.000,54.000
1786789711659,XAUT_USDT,demo,0,stale_binance,0,0.000000000,0.500000000,0.000000000,0.000000000,0.229355168,0.000000000,0.000000000,637.000,172.000,172.000
1786789711776,XAUT_USDT,demo,0,stale_binance,0,0.000000000,0.500000000,0.000000000,0.000000000,0.229355168,0.000000000,0.000000000,754.000,289.000,289.000
1786789711877,XAUT_USDT,demo,0,stale_binance,0,0.000000000,0.500000000,0.000000000,0.000000000,0.229355168,0.000000000,0.000000000,855.000,51.000,51.000
1786789711996,XAUT_USDT,demo,0,stale_binance,0,0.000000000,0.500000000,0.000000000,0.000000000,0.229355168,0.000000000,0.000000000,974.000,0.000,0.000
1786789712126,XAUT_USDT,demo,0,microspread_below_threshold,0,0.000000000,0.500000000,0.355494191,0.355494191,0.229355168,0.000000000,0.000000000,111.000,130.000,130.000
1786789712259,XAUT_USDT,demo,0,microspread_below_threshold,0,0.000000000,0.500000000,0.355494191,0.355494191,0.229355168,0.000000000,0.000000000,52.000,263.000,263.000
1786789712378,XAUT_USDT,demo,0,microspread_below_threshold,0,0.000000000,0.500000000,0.355494191,0.355494191,0.229355168,0.000000000,0.000000000,0.000,41.000,41.000
1786789712491,XAUT_USDT,demo,0,microspread_below_threshold,0,0.000000000,0.500000000,0.355494191,0.355494191,0.229355168,0.000000000,0.000000000,113.000,60.000,60.000
1786789712596,XAUT_USDT,demo,0,microspread_below_threshold,0,0.000000000,0.500000000,0.355494191,0.355494191,0.229355168,0.000000000,0.000000000,218.000,0.000,0.000
1786789712743,XAUT_USDT,demo,0,stale_binance,0,0.000000000,0.500000000,0.000000000,0.000000000,0.229355168,0.000000000,0.000000000,365.000,58.000,58.000
1786789712881,XAUT_USDT,demo,0,stale_binance,0,0.000000000,0.500000000,0.000000000,0.000000000,0.229355168,0.000000000,0.000000000,503.000,112.000,112.000
1786789712993,XAUT_USDT,demo,0,stale_binance,0,0.000000000,0.500000000,0.000000000,0.000000000,0.229355168,0.000000000,0.000000000,615.000,224.000,224.000
1786789713113,XAUT_USDT,demo,0,stale_binance,0,0.000000000,0.500000000,0.000000000,0.000000000,0.229355168,0.000000000,0.000000000,735.000,344.000,344.000
1786789713233,XAUT_USDT,demo,0,stale_binance,0,0.000000000,0.500000000,0.000000000,0.000000000,0.229355168,0.000000000,0.000000000,855.000,464.000,464.000
1786789713359,XAUT_USDT,demo,0,stale_binance,0,0.000000000,0.500000000,0.000000000,0.000000000,0.229355168,0.000000000,0.000000000,981.000,590.000,590.000
1786789713462,XAUT_USDT,demo,0,stale_binance,0,0.000000000,0.500000000,0.000000000,0.000000000,0.229355168,0.000000000,0.000000000,1084.000,0.000,0.000
1786789713605,XAUT_USDT,demo,0,stale_binance,0,0.000000000,0.500000000,0.000000000,0.000000000,0.229355168,0.000000000,0.000000000,1227.000,62.000,62.000
1786789714380,XAUT_USDT,demo,0,microspread_below_threshold,0,0.000000000,0.500000000,0.355494191,0.355494191,0.229355168,0.000000000,0.000000000,66.000,404.000,404.000
1786789714491,XAUT_USDT,demo,0,microspread_below_threshold,0,0.000000000,0.500000000,0.355494191,0.355494191,0.229355168,0.000000000,0.000000000,177.000,1.000,1.000
1786789714608,XAUT_USDT,demo,0,microspread_below_threshold,0,0.000000000,0.500000000,0.355494191,0.355494191,0.229355168,0.000000000,0.000000000,0.000,34.000,34.000
1786789745826,XAUT_USDT,demo,0,stale_binance,0,0.000000000,0.500000000,0.000000000,0.000000000,0.229355168,0.000000000,0.000000000,821.000,203.000,203.000
1786789745946,XAUT_USDT,demo,0,stale_binance,0,0.000000000,0.500000000,0.000000000,0.000000000,0.229355168,0.000000000,0.000000000,941.000,62.000,62.000
1786789746082,XAUT_USDT,demo,0,stale_binance,0,0.000000000,0.500000000,0.000000000,0.000000000,0.229355168,0.000000000,0.000000000,1077.000,112.000,112.000
1786789746200,XAUT_USDT,demo,0,stale_binance,0,0.000000000,0.500000000,0.000000000,0.000000000,0.229355168,0.000000000,0.000000000,1195.000,60.000,60.000
1786789746332,XAUT_USDT,demo,0,stale_binance,0,0.000000000,0.500000000,0.000000000,0.000000000,0.229355168,0.000000000,0.000000000,1327.000,111.000,111.000
1786789746476,XAUT_USDT,demo,0,stale_binance,0,0.000000000,0.500000000,0.000000000,0.000000000,0.229355168,0.000000000,0.000000000,1471.000,57.000,57.000
1786789746630,XAUT_USDT,demo,0,stale_binance,0,0.000000000,0.500000000,0.000000000,0.000000000,0.229355168,0.000000000,0.000000000,1625.000,60.000,60.000
1786789746742,XAUT_USDT,demo,0,stale_binance,0,0.000000000,0.500000000,0.000000000,0.000000000,0.229355168,0.000000000,0.000000000,1737.000,1.000,1.000
1786789746848,XAUT_USDT,demo,0,stale_binance,0,0.000000000,0.500000000,0.000000000,0.000000000,0.229355168,0.000000000,0.000000000,1843.000,107.000,107.000
1786789746967,XAUT_USDT,demo,0,stale_binance,0,0.000000000,0.500000000,0.000000000,0.000000000,0.229355168,0.000000000,0.000000000,1962.000,53.000,53.000
1786789747082,XAUT_USDT,demo,0,stale_binance,0,0.000000000,0.500000000,0.000000000,0.000000000,0.229355168,0.000000000,0.000000000,2077.000,0.000,0.000
1786789747233,XAUT_USDT,demo,0,stale_binance,0,0.000000000,0.500000000,0.000000000,0.000000000,0.229355168,0.000000000,0.000000000,2228.000,62.000,62.000
1786789747340,XAUT_USDT,demo,0,microspread_below_threshold,0,0.000000000,0.500000000,-0.447252579,-0.447252579,0.229355168,0.000000000,0.000000000,33.000,1.000,1.000
1786789747454,XAUT_USDT,demo,0,microspread_below_threshold,0,0.000000000,0.500000000,-0.447252579,-0.447252579,0.229355168,0.000000000,0.000000000,147.000,115.000,115.000
1786789747565,XAUT_USDT,demo,0,microspread_below_threshold,0,0.000000000,0.500000000,-0.447252579,-0.447252579,0.229355168,0.000000000,0.000000000,258.000,226.000,226.000
1786789747715,XAUT_USDT,demo,0,stale_binance,0,0.000000000,0.500000000,0.000000000,0.000000000,0.229355168,0.000000000,0.000000000,408.000,103.000,103.000
1786789747827,XAUT_USDT,demo,0,stale_binance,0,0.000000000,0.500000000,0.000000000,0.000000000,0.229355168,0.000000000,0.000000000,520.000,54.000,54.000
1786789747933,XAUT_USDT,demo,0,stale_binance,0,0.000000000,0.500000000,0.000000000,0.000000000,0.229355168,0.000000000,0.000000000,626.000,160.000,160.000
1786789748040,XAUT_USDT,demo,0,stale_binance,0,0.000000000,0.500000000,0.000000000,0.000000000,0.229355168,0.000000000,0.000000000,733.000,0.000,0.000
1786789748168,XAUT_USDT,demo,0,stale_binance,0,0.000000000,0.500000000,0.000000000,0.000000000,0.229355168,0.000000000,0.000000000,861.000,58.000,58.000
1786789748328,XAUT_USDT,demo,0,stale_binance,0,0.000000000,0.500000000,0.000000000,0.000000000,0.229355168,0.000000000,0.000000000,1021.000,121.000,121.000
1786789748468,XAUT_USDT,demo,0,stale_binance,0,0.000000000,0.500000000,0.000000000,0.000000000,0.229355168,0.000000000,0.000000000,1161.000,0.000,0.000
1786789748599,XAUT_USDT,demo,0,stale_binance,0,0.000000000,0.500000000,0.000000000,0.000000000,0.229355168,0.000000000,0.000000000,1292.000,55.000,55.000
1786789748736,XAUT_USDT,demo,0,stale_binance,0,0.000000000,0.500000000,0.000000000,0.000000000,0.229355168,0.000000000,0.000000000,1429.000,106.000,106.000
1786789748846,XAUT_USDT,demo,0,microspread_below_threshold,0,0.000000000,0.500000000,-0.447252579,-0.447252579,0.229355168,0.000000000,0.000000000,65.000,216.000,216.000
1786789749557,XAUT_USDT,demo,0,stale_binance,0,0.000000000,0.500000000,0.000000000,0.000000000,0.229355168,0.000000000,0.000000000,539.000,71.000,71.000
1786789749688,XAUT_USDT,demo,0,stale_binance,0,0.000000000,0.500000000,0.000000000,0.000000000,0.229355168,0.000000000,0.000000000,670.000,112.000,112.000
1786789749814,XAUT_USDT,demo,0,stale_binance,0,0.000000000,0.500000000,0.000000000,0.000000000,0.229355168,0.000000000,0.000000000,796.000,59.000,59.000
1786789749932,XAUT_USDT,demo,0,stale_binance,0,0.000000000,0.500000000,0.000000000,0.000000000,0.229355168,0.000000000,0.000000000,914.000,1.000,1.000
1786789750067,XAUT_USDT,demo,0,microspread_below_threshold,0,0.000000000,0.500000000,-0.447252579,-0.447252579,0.229355168,0.000000000,0.000000000,51.000,64.000,64.000
1786789750167,XAUT_USDT,demo,0,microspread_below_threshold,0,0.000000000,0.500000000,-0.447252579,-0.447252579,0.229355168,0.000000000,0.000000000,151.000,60.000,60.000
1786789750287,XAUT_USDT,demo,0,microspread_below_threshold,0,0.000000000,0.500000000,-0.447252579,-0.447252579,0.229355168,0.000000000,0.000000000,271.000,180.000,180.000
1786789750403,XAUT_USDT,demo,0,stale_binance,0,0.000000000,0.500000000,0.000000000,0.000000000,0.229355168,0.000000000,0.000000000,387.000,296.000,296.000
1786789750525,XAUT_USDT,demo,0,stale_binance,0,0.000000000,0.500000000,0.000000000,0.000000000,0.229355168,0.000000000,0.000000000,509.000,0.000,0.000
1786789750663,XAUT_USDT,demo,0,stale_binance,0,0.000000000,0.500000000,0.000000000,0.000000000,0.229355168,0.000000000,0.000000000,647.000,55.000,55.000
1786789750800,XAUT_USDT,demo,0,stale_binance,0,0.000000000,0.500000000,0.000000000,0.000000000,0.229355168,0.000000000,0.000000000,784.000,106.000,106.000
1786789750933,XAUT_USDT,demo,0,microspread_below_threshold,0,0.000000000,0.500000000,-0.447252579,-0.447252579,0.229355168,0.000000000,0.000000000,86.000,66.000,66.000
1786789751035,XAUT_USDT,demo,0,microspread_below_threshold,0,0.000000000,0.500000000,-0.447252579,-0.447252579,0.229355168,0.000000000,0.000000000,188.000,0.000,0.000
1786789751178,XAUT_USDT,demo,0,microspread_below_threshold,0,0.000000000,0.500000000,-0.447252579,-0.447252579,0.229355168,0.000000000,0.000000000,77.000,56.000,56.000
1786789751297,XAUT_USDT,demo,0,microspread_below_threshold,0,0.000000000,0.500000000,-0.447252579,-0.447252579,0.229355168,0.000000000,0.000000000,196.000,175.000,175.000
1786789751429,XAUT_USDT,demo,0,stale_binance,0,0.000000000,0.500000000,0.000000000,0.000000000,0.229355168,0.000000000,0.000000000,328.000,53.000,53.000
1786789751554,XAUT_USDT,demo,0,stale_binance,0,0.000000000,0.500000000,0.000000000,0.000000000,0.229355168,0.000000000,0.000000000,453.000,0.000,0.000
1786789751688,XAUT_USDT,demo,0,stale_binance,0,0.000000000,0.500000000,0.000000000,0.000000000,0.229355168,0.000000000,0.000000000,587.000,134.000,134.000
1786789751793,XAUT_USDT,demo,0,stale_binance,0,0.000000000,0.500000000,0.000000000,0.000000000,0.229355168,0.000000000,0.000000000,692.000,58.000,58.000
1786789751902,XAUT_USDT,demo,0,stale_binance,0,0.000000000,0.500000000,0.000000000,0.000000000,0.229355168,0.000000000,0.000000000,801.000,167.000,167.000
1786789752045,XAUT_USDT,demo,0,stale_binance,0,0.000000000,0.500000000,0.000000000,0.000000000,0.229355168,0.000000000,0.000000000,944.000,60.000,60.000
1786789752191,XAUT_USDT,demo,0,microspread_below_threshold,0,0.000000000,0.500000000,-0.447252579,-0.447252579,0.229355168,0.000000000,0.000000000,0.000,117.000,117.000
1786789752312,XAUT_USDT,demo,0,microspread_below_threshold,0,0.000000000,0.500000000,-0.447252579,-0.447252579,0.229355168,0.000000000,0.000000000,121.000,66.000,66.000
1786789752445,XAUT_USDT,demo,0,microspread_below_threshold,0,0.000000000,0.500000000,-0.447252579,-0.447252579,0.229355168,0.000000000,0.000000000,0.000,38.000,38.000
1786789752548,XAUT_USDT,demo,0,microspread_below_threshold,0,0.000000000,0.500000000,-0.447252579,-0.447252579,0.229355168,0.000000000,0.000000000,103.000,55.000,55.000
1786789752660,XAUT_USDT,demo,0,microspread_below_threshold,0,0.000000000,0.500000000,-0.447252579,-0.447252579,0.229355168,0.000000000,0.000000000,215.000,167.000,167.000
1786789752782,XAUT_USDT,demo,0,stale_binance,0,0.000000000,0.500000000,0.000000000,0.000000000,0.229355168,0.000000000,0.000000000,337.000,118.000,118.000
1786789752895,XAUT_USDT,demo,0,stale_binance,0,0.000000000,0.500000000,0.000000000,0.000000000,0.229355168,0.000000000,0.000000000,450.000,55.000,55.000
1786789753011,XAUT_USDT,demo,0,stale_binance,0,0.000000000,0.500000000,0.000000000,0.000000000,0.229355168,0.000000000,0.000000000,566.000,171.000,171.000
1786789753147,XAUT_USDT,demo,0,stale_binance,0,0.000000000,0.500000000,0.000000000,0.000000000,0.229355168,0.000000000,0.000000000,702.000,56.000,56.000
1786789753267,XAUT_USDT,demo,0,microspread_below_threshold,0,0.000000000,0.500000000,-0.447252579,-0.447252579,0.229355168,0.000000000,0.000000000,21.000,0.000,0.000
1786789753385,XAUT_USDT,demo,0,microspread_below_threshold,0,0.000000000,0.500000000,-0.447252579,-0.447252579,0.229355168,0.000000000,0.000000000,139.000,118.000,118.000
1786789753494,XAUT_USDT,demo,0,microspread_below_threshold,0,0.000000000,0.500000000,-0.447252579,-0.447252579,0.229355168,0.000000000,0.000000000,248.000,53.000,53.000
1786789753618,XAUT_USDT,demo,0,stale_binance,0,0.000000000,0.500000000,0.000000000,0.000000000,0.229355168,0.000000000,0.000000000,372.000,0.000,0.000
1786789753745,XAUT_USDT,demo,0,stale_binance,0,0.000000000,0.500000000,0.000000000,0.000000000,0.229355168,0.000000000,0.000000000,499.000,53.000,53.000
1786789753854,XAUT_USDT,demo,0,stale_binance,0,0.000000000,0.500000000,0.000000000,0.000000000,0.229355168,0.000000000,0.000000000,608.000,162.000,162.000
1786789754589,XAUT_USDT,demo,0,stale_binance,0,0.000000000,0.500000000,0.000000000,0.000000000,0.229355168,0.000000000,0.000000000,1343.000,118.000,118.000
1786789754700,XAUT_USDT,demo,0,stale_binance,0,0.000000000,0.500000000,0.000000000,0.000000000,0.229355168,0.000000000,0.000000000,1454.000,63.000,63.000
1786789754829,XAUT_USDT,demo,0,stale_binance,0,0.000000000,0.500000000,0.000000000,0.000000000,0.229355168,0.000000000,0.000000000,1583.000,192.000,192.000
1786789754966,XAUT_USDT,demo,0,stale_binance,0,0.000000000,0.500000000,0.000000000,0.000000000,0.229355168,0.000000000,0.000000000,1720.000,65.000,65.000
1786789755074,XAUT_USDT,demo,0,stale_binance,0,0.000000000,0.500000000,0.000000000,0.000000000,0.229355168,0.000000000,0.000000000,1828.000,0.000,0.000
1786789755229,XAUT_USDT,demo,0,stale_binance,0,0.000000000,0.500000000,0.000000000,0.000000000,0.229355168,0.000000000,0.000000000,1983.000,66.000,66.000
1786789755375,XAUT_USDT,demo,0,stale_binance,0,0.000000000,0.500000000,0.000000000,0.000000000,0.229355168,0.000000000,0.000000000,2129.000,126.000,126.000
1786789755477,XAUT_USDT,demo,0,stale_binance,0,0.000000000,0.500000000,0.000000000,0.000000000,0.229355168,0.000000000,0.000000000,2231.000,64.000,64.000
1786789755613,XAUT_USDT,demo,0,stale_binance,0,0.000000000,0.500000000,0.000000000,0.000000000,0.229355168,0.000000000,0.000000000,2367.000,110.000,110.000
1786789755734,XAUT_USDT,demo,0,stale_binance,0,0.000000000,0.500000000,0.000000000,0.000000000,0.229355168,0.000000000,0.000000000,2488.000,231.000,231.000
1786789755868,XAUT_USDT,demo,0,stale_binance,0,0.000000000,0.500000000,0.000000000,0.000000000,0.229355168,0.000000000,0.000000000,2622.000,112.000,112.000
1786789755984,XAUT_USDT,demo,0,stale_binance,0,0.000000000,0.500000000,0.000000000,0.000000000,0.229355168,0.000000000,0.000000000,2738.000,55.000,55.000
1786789756092,XAUT_USDT,demo,0,stale_binance,0,0.000000000,0.500000000,0.000000000,0.000000000,0.229355168,0.000000000,0.000000000,2846.000,163.000,163.000
1786789756243,XAUT_USDT,demo,0,stale_binance,0,0.000000000,0.500000000,0.000000000,0.000000000,0.229355168,0.000000000,0.000000000,2997.000,55.000,55.000
1786789756365,XAUT_USDT,demo,0,stale_binance,0,0.000000000,0.500000000,0.000000000,0.000000000,0.229355168,0.000000000,0.000000000,3119.000,0.000,0.000
1786789756509,XAUT_USDT,demo,0,stale_binance,0,0.000000000,0.500000000,0.000000000,0.000000000,0.229355168,0.000000000,0.000000000,3263.000,55.000,55.000
1786789756622,XAUT_USDT,demo,0,stale_binance,0,0.000000000,0.500000000,0.000000000,0.000000000,0.229355168,0.000000000,0.000000000,3376.000,0.000,0.000
1786789756761,XAUT_USDT,demo,0,stale_binance,0,0.000000000,0.500000000,0.000000000,0.000000000,0.229355168,0.000000000,0.000000000,3515.000,53.000,53.000
1786789756886,XAUT_USDT,demo,0,stale_binance,0,0.000000000,0.500000000,0.000000000,0.000000000,0.229355168,0.000000000,0.000000000,3640.000,0.000,0.000
1786789756991,XAUT_USDT,demo,0,stale_binance,0,0.000000000,0.500000000,0.000000000,0.000000000,0.229355168,0.000000000,0.000000000,3745.000,105.000,105.000
1786789757134,XAUT_USDT,demo,0,stale_binance,0,0.000000000,0.500000000,0.000000000,0.000000000,0.229355168,0.000000000,0.000000000,3888.000,52.000,52.000
1786789757262,XAUT_USDT,demo,0,stale_binance,0,0.000000000,0.500000000,0.000000000,0.000000000,0.229355168,0.000000000,0.000000000,4016.000,108.000,108.000
1786789757380,XAUT_USDT,demo,0,stale_binance,0,0.000000000,0.500000000,0.000000000,0.000000000,0.229355168,0.000000000,0.000000000,4134.000,226.000,226.000
1786789757522,XAUT_USDT,demo,0,stale_binance,0,0.000000000,0.500000000,0.000000000,0.000000000,0.229355168,0.000000000,0.000000000,4276.000,118.000,118.000
1786789757638,XAUT_USDT,demo,0,stale_binance,0,0.000000000,0.500000000,0.000000000,0.000000000,0.229355168,0.000000000,0.000000000,4392.000,55.000,55.000
1786789757742,XAUT_USDT,demo,0,stale_binance,0,0.000000000,0.500000000,0.000000000,0.000000000,0.229355168,0.000000000,0.000000000,4496.000,0.000,0.000
1786789757845,XAUT_USDT,demo,0,stale_binance,0,0.000000000,0.500000000,0.000000000,0.000000000,0.229355168,0.000000000,0.000000000,4599.000,103.000,103.000
1786789757992,XAUT_USDT,demo,0,stale_binance,0,0.000000000,0.500000000,0.000000000,0.000000000,0.229355168,0.000000000,0.000000000,4746.000,61.000,61.000
1786789758111,XAUT_USDT,demo,0,stale_binance,0,0.000000000,0.500000000,0.000000000,0.000000000,0.229355168,0.000000000,0.000000000,4865.000,180.000,180.000
1786789758239,XAUT_USDT,demo,0,stale_binance,0,0.000000000,0.500000000,0.000000000,0.000000000,0.229355168,0.000000000,0.000000000,4993.000,308.000,308.000
1786789758348,XAUT_USDT,demo,0,stale_binance,0,0.000000000,0.500000000,0.000000000,0.000000000,0.229355168,0.000000000,0.000000000,5102.000,1.000,1.000
1786789758496,XAUT_USDT,demo,0,microspread_below_threshold,0,0.000000000,0.500000000,-0.447252579,-0.447252579,0.229355168,0.000000000,0.000000000,118.000,149.000,149.000
1786789758606,XAUT_USDT,demo,0,microspread_below_threshold,0,0.000000000,0.500000000,-0.447252579,-0.447252579,0.229355168,0.000000000,0.000000000,228.000,1.000,1.000
1786789758716,XAUT_USDT,demo,0,stale_binance,0,0.000000000,0.500000000,0.000000000,0.000000000,0.229355168,0.000000000,0.000000000,338.000,0.000,0.000
1786789758844,XAUT_USDT,demo,0,microspread_below_threshold,0,0.000000000,0.500000000,-0.447252579,-0.447252579,0.229355168,0.000000000,0.000000000,52.000,128.000,128.000
1786789759568,XAUT_USDT,demo,0,stale_binance,0,0.000000000,0.500000000,0.000000000,0.000000000,0.229355168,0.000000000,0.000000000,501.000,193.000,193.000
1786789759706,XAUT_USDT,demo,0,stale_binance,0,0.000000000,0.500000000,0.000000000,0.000000000,0.229355168,0.000000000,0.000000000,639.000,52.000,52.000
1786789759811,XAUT_USDT,demo,0,stale_binance,0,0.000000000,0.500000000,0.000000000,0.000000000,0.229355168,0.000000000,0.000000000,744.000,0.000,0.000
1786789759924,XAUT_USDT,demo,0,stale_binance,0,0.000000000,0.500000000,0.000000000,0.000000000,0.229355168,0.000000000,0.000000000,857.000,113.000,113.000
1786789760044,XAUT_USDT,demo,0,stale_binance,0,0.000000000,0.500000000,0.000000000,0.000000000,0.229355168,0.000000000,0.000000000,977.000,233.000,233.000
1786789760146,XAUT_USDT,demo,0,stale_binance,0,0.000000000,0.500000000,0.000000000,0.000000000,0.229355168,0.000000000,0.000000000,1079.000,59.000,59.000
1786789760295,XAUT_USDT,demo,0,stale_binance,0,0.000000000,0.500000000,0.000000000,0.000000000,0.229355168,0.000000000,0.000000000,1228.000,62.000,62.000
1786789760405,XAUT_USDT,demo,0,stale_binance,0,0.000000000,0.500000000,0.000000000,0.000000000,0.229355168,0.000000000,0.000000000,1338.000,0.000,0.000
1786789760522,XAUT_USDT,demo,0,stale_binance,0,0.000000000,0.500000000,0.000000000,0.000000000,0.229355168,0.000000000,0.000000000,1455.000,117.000,117.000
1786789760644,XAUT_USDT,demo,0,stale_binance,0,0.000000000,0.500000000,0.000000000,0.000000000,0.229355168,0.000000000,0.000000000,1577.000,60.000,60.000
1786789760792,XAUT_USDT,demo,0,stale_binance,0,0.000000000,0.500000000,0.000000000,0.000000000,0.229355168,0.000000000,0.000000000,1725.000,123.000,123.000
1786789760900,XAUT_USDT,demo,0,stale_binance,0,0.000000000,0.500000000,0.000000000,0.000000000,0.229355168,0.000000000,0.000000000,1833.000,231.000,231.000
1786789761027,XAUT_USDT,demo,0,stale_binance,0,0.000000000,0.500000000,0.000000000,0.000000000,0.229355168,0.000000000,0.000000000,1960.000,358.000,358.000
1786789761150,XAUT_USDT,demo,0,stale_binance,0,0.000000000,0.500000000,0.000000000,0.000000000,0.229355168,0.000000000,0.000000000,2083.000,57.000,57.000
1786789761295,XAUT_USDT,demo,0,stale_binance,0,0.000000000,0.500000000,0.000000000,0.000000000,0.229355168,0.000000000,0.000000000,2228.000,116.000,116.000
1786789761410,XAUT_USDT,demo,0,stale_binance,0,0.000000000,0.500000000,0.000000000,0.000000000,0.229355168,0.000000000,0.000000000,2343.000,57.000,57.000
1786789761527,XAUT_USDT,demo,0,stale_binance,0,0.000000000,0.500000000,0.000000000,0.000000000,0.229355168,0.000000000,0.000000000,2460.000,1.000,1.000
1786789761633,XAUT_USDT,demo,0,stale_binance,0,0.000000000,0.500000000,0.000000000,0.000000000,0.229355168,0.000000000,0.000000000,2566.000,107.000,107.000
1786789761749,XAUT_USDT,demo,0,stale_binance,0,0.000000000,0.500000000,0.000000000,0.000000000,0.229355168,0.000000000,0.000000000,2682.000,53.000,53.000
1786789761865,XAUT_USDT,demo,0,stale_binance,0,0.000000000,0.500000000,0.000000000,0.000000000,0.229355168,0.000000000,0.000000000,2798.000,169.000,169.000
1786789761982,XAUT_USDT,demo,0,stale_binance,0,0.000000000,0.500000000,0.000000000,0.000000000,0.229355168,0.000000000,0.000000000,2915.000,286.000,286.000
1786789762094,XAUT_USDT,demo,0,stale_binance,0,0.000000000,0.500000000,0.000000000,0.000000000,0.229355168,0.000000000,0.000000000,3027.000,56.000,56.000
1786789762216,XAUT_USDT,demo,0,stale_binance,0,0.000000000,0.500000000,0.000000000,0.000000000,0.229355168,0.000000000,0.000000000,3149.000,0.000,0.000
1786789762332,XAUT_USDT,demo,0,stale_binance,0,0.000000000,0.500000000,0.000000000,0.000000000,0.229355168,0.000000000,0.000000000,3265.000,116.000,116.000
1786789762459,XAUT_USDT,demo,0,stale_binance,0,0.000000000,0.500000000,0.000000000,0.000000000,0.229355168,0.000000000,0.000000000,3392.000,55.000,55.000
1786789762560,XAUT_USDT,demo,0,stale_binance,0,0.000000000,0.500000000,0.000000000,0.000000000,0.229355168,0.000000000,0.000000000,3493.000,0.000,0.000
1786789762661,XAUT_USDT,demo,0,stale_binance,0,0.000000000,0.500000000,0.000000000,0.000000000,0.229355168,0.000000000,0.000000000,3594.000,1.000,1.000
1786789762800,XAUT_USDT,demo,0,stale_binance,0,0.000000000,0.500000000,0.000000000,0.000000000,0.229355168,0.000000000,0.000000000,3733.000,59.000,59.000
1786789762908,XAUT_USDT,demo,0,stale_binance,0,0.000000000,0.500000000,0.000000000,0.000000000,0.229355168,0.000000000,0.000000000,3841.000,0.000,0.000
1786789763043,XAUT_USDT,demo,0,stale_binance,0,0.000000000,0.500000000,0.000000000,0.000000000,0.229355168,0.000000000,0.000000000,3976.000,56.000,56.000
1786789763143,XAUT_USDT,demo,0,stale_binance,0,0.000000000,0.500000000,0.000000000,0.000000000,0.229355168,0.000000000,0.000000000,4076.000,52.000,52.000
1786789763263,XAUT_USDT,demo,0,stale_binance,0,0.000000000,0.500000000,0.000000000,0.000000000,0.229355168,0.000000000,0.000000000,4196.000,172.000,172.000
1786789763394,XAUT_USDT,demo,0,stale_binance,0,0.000000000,0.500000000,0.000000000,0.000000000,0.229355168,0.000000000,0.000000000,4327.000,64.000,64.000
1786789763503,XAUT_USDT,demo,0,stale_binance,0,0.000000000,0.500000000,0.000000000,0.000000000,0.229355168,0.000000000,0.000000000,4436.000,0.000,0.000
1786789763620,XAUT_USDT,demo,0,stale_binance,0,0.000000000,0.500000000,0.000000000,0.000000000,0.229355168,0.000000000,0.000000000,4553.000,117.000,117.000
1786789763726,XAUT_USDT,demo,0,stale_binance,0,0.000000000,0.500000000,0.000000000,0.000000000,0.229355168,0.000000000,0.000000000,4659.000,223.000,223.000
1786789763875,XAUT_USDT,demo,0,stale_binance,0,0.000000000,0.500000000,0.000000000,0.000000000,0.229355168,0.000000000,0.000000000,4808.000,115.000,115.000
1786789764615,XAUT_USDT,demo,0,microspread_below_threshold,0,0.000000000,0.500000000,-0.447252579,-0.447252579,0.229355168,0.000000000,0.000000000,259.000,166.000,166.000
1786789764763,XAUT_USDT,demo,0,stale_binance,0,0.000000000,0.500000000,0.000000000,0.000000000,0.229355168,0.000000000,0.000000000,407.000,53.000,53.000
1786789764907,XAUT_USDT,demo,0,stale_binance,0,0.000000000,0.500000000,0.000000000,0.000000000,0.229355168,0.000000000,0.000000000,551.000,112.000,112.000
1786789765025,XAUT_USDT,demo,0,stale_binance,0,0.000000000,0.500000000,0.000000000,0.000000000,0.229355168,0.000000000,0.000000000,669.000,230.000,230.000
1786789765163,XAUT_USDT,demo,0,stale_binance,0,0.000000000,0.500000000,0.000000000,0.000000000,0.229355168,0.000000000,0.000000000,807.000,110.000,110.000
1786789765278,XAUT_USDT,demo,0,microspread_below_threshold,0,0.000000000,0.500000000,-0.447252579,-0.447252579,0.229355168,0.000000000,0.000000000,82.000,59.000,59.000
1786789765392,XAUT_USDT,demo,0,microspread_below_threshold,0,0.000000000,0.500000000,-0.447252579,-0.447252579,0.229355168,0.000000000,0.000000000,196.000,0.000,0.000
1786789765530,XAUT_USDT,demo,0,stale_binance,0,0.000000000,0.500000000,0.000000000,0.000000000,0.229355168,0.000000000,0.000000000,334.000,53.000,53.000
1786789765645,XAUT_USDT,demo,0,stale_binance,0,0.000000000,0.500000000,0.000000000,0.000000000,0.229355168,0.000000000,0.000000000,449.000,168.000,168.000
1786789765790,XAUT_USDT,demo,0,stale_binance,0,0.000000000,0.500000000,0.000000000,0.000000000,0.229355168,0.000000000,0.000000000,594.000,54.000,54.000
1786789765907,XAUT_USDT,demo,0,microspread_below_threshold,0,0.000000000,0.500000000,-0.447252579,-0.447252579,0.229355168,0.000000000,0.000000000,101.000,0.000,0.000
1786789766033,XAUT_USDT,demo,0,microspread_below_threshold,0,0.000000000,0.500000000,-0.447252579,-0.447252579,0.229355168,0.000000000,0.000000000,227.000,126.000,126.000
1786789766143,XAUT_USDT,demo,0,stale_binance,0,0.000000000,0.500000000,0.000000000,0.000000000,0.229355168,0.000000000,0.000000000,337.000,62.000,62.000
1786789766278,XAUT_USDT,demo,0,stale_binance,0,0.000000000,0.500000000,0.000000000,0.000000000,0.229355168,0.000000000,0.000000000,472.000,115.000,115.000
1786789766391,XAUT_USDT,demo,0,stale_binance,0,0.000000000,0.500000000,0.000000000,0.000000000,0.229355168,0.000000000,0.000000000,585.000,228.000,228.000
1786789766541,XAUT_USDT,demo,0,stale_binance,0,0.000000000,0.500000000,0.000000000,0.000000000,0.229355168,0.000000000,0.000000000,735.000,116.000,116.000
1786789766657,XAUT_USDT,demo,0,stale_binance,0,0.000000000,0.500000000,0.000000000,0.000000000,0.229355168,0.000000000,0.000000000,851.000,61.000,61.000
1786789766795,XAUT_USDT,demo,0,stale_binance,0,0.000000000,0.500000000,0.000000000,0.000000000,0.229355168,0.000000000,0.000000000,989.000,116.000,116.000
1786789766914,XAUT_USDT,demo,0,stale_binance,0,0.000000000,0.500000000,0.000000000,0.000000000,0.229355168,0.000000000,0.000000000,1108.000,56.000,56.000
1786789767041,XAUT_USDT,demo,0,stale_binance,0,0.000000000,0.500000000,0.000000000,0.000000000,0.229355168,0.000000000,0.000000000,1235.000,183.000,183.000
1786789767158,XAUT_USDT,demo,0,stale_binance,0,0.000000000,0.500000000,0.000000000,0.000000000,0.229355168,0.000000000,0.000000000,1352.000,52.000,52.000
1786789767308,XAUT_USDT,demo,0,stale_binance,0,0.000000000,0.500000000,0.000000000,0.000000000,0.229355168,0.000000000,0.000000000,1502.000,112.000,112.000
1786789767456,XAUT_USDT,demo,0,microspread_below_threshold,0,0.000000000,0.500000000,-0.447252579,-0.447252579,0.229355168,0.000000000,0.000000000,54.000,80.000,80.000
1786789767613,XAUT_USDT,demo,0,microspread_below_threshold,0,0.000000000,0.500000000,-0.447252579,-0.447252579,0.229355168,0.000000000,0.000000000,211.000,66.000,66.000
1786789767773,XAUT_USDT,demo,0,stale_binance,0,0.000000000,0.500000000,0.000000000,0.000000000,0.229355168,0.000000000,0.000000000,371.000,63.000,63.000
1786789767924,XAUT_USDT,demo,0,stale_binance,0,0.000000000,0.500000000,0.000000000,0.000000000,0.229355168,0.000000000,0.000000000,522.000,124.000,124.000
1786789768040,XAUT_USDT,demo,0,stale_binance,0,0.000000000,0.500000000,0.000000000,0.000000000,0.229355168,0.000000000,0.000000000,638.000,240.000,240.000
1786789768159,XAUT_USDT,demo,0,stale_binance,0,0.000000000,0.500000000,0.000000000,0.000000000,0.229355168,0.000000000,0.000000000,757.000,110.000,110.000
1786789768276,XAUT_USDT,demo,0,stale_binance,0,0.000000000,0.500000000,0.000000000,0.000000000,0.229355168,0.000000000,0.000000000,874.000,56.000,56.000
1786789768394,XAUT_USDT,demo,0,stale_binance,0,0.000000000,0.500000000,0.000000000,0.000000000,0.229355168,0.000000000,0.000000000,992.000,0.000,0.000
1786789768541,XAUT_USDT,demo,0,stale_binance,0,0.000000000,0.500000000,0.000000000,0.000000000,0.229355168,0.000000000,0.000000000,1139.000,61.000,61.000
1786789768667,XAUT_USDT,demo,0,stale_binance,0,0.000000000,0.500000000,0.000000000,0.000000000,0.229355168,0.000000000,0.000000000,1265.000,0.000,0.000
1786789768793,XAUT_USDT,demo,0,microspread_below_threshold,0,0.000000000,0.500000000,-0.447252579,-0.447252579,0.229355168,0.000000000,0.000000000,0.000,48.000,48.000
1786789768942,XAUT_USDT,demo,0,microspread_below_threshold,0,0.000000000,0.500000000,-0.447252579,-0.447252579,0.229355168,0.000000000,0.000000000,141.000,104.000,104.000
1786789769687,XAUT_USDT,demo,0,stale_binance,0,0.000000000,0.500000000,0.000000000,0.000000000,0.229355168,0.000000000,0.000000000,886.000,89.000,89.000
1786789769825,XAUT_USDT,demo,0,microspread_below_threshold,0,0.000000000,0.500000000,-0.447252579,-0.447252579,0.229355168,0.000000000,0.000000000,55.000,54.000,54.000
1786789769931,XAUT_USDT,demo,0,microspread_below_threshold,0,0.000000000,0.500000000,-0.447252579,-0.447252579,0.229355168,0.000000000,0.000000000,0.000,160.000,160.000
1786789770074,XAUT_USDT,demo,0,microspread_below_threshold,0,0.000000000,0.500000000,-0.447252579,-0.447252579,0.229355168,0.000000000,0.000000000,123.000,129.000,129.000
1786789770179,XAUT_USDT,demo,0,microspread_below_threshold,0,0.000000000,0.500000000,-0.447252579,-0.447252579,0.229355168,0.000000000,0.000000000,228.000,63.000,63.000
1786789770324,XAUT_USDT,demo,0,stale_binance,0,0.000000000,0.500000000,0.000000000,0.000000000,0.229355168,0.000000000,0.000000000,373.000,123.000,123.000
1786789770440,XAUT_USDT,demo,0,stale_binance,0,0.000000000,0.500000000,0.000000000,0.000000000,0.229355168,0.000000000,0.000000000,489.000,55.000,55.000
1786789770543,XAUT_USDT,demo,0,stale_binance,0,0.000000000,0.500000000,0.000000000,0.000000000,0.229355168,0.000000000,0.000000000,592.000,1.000,1.000
1786789770655,XAUT_USDT,demo,0,stale_binance,0,0.000000000,0.500000000,0.000000000,0.000000000,0.229355168,0.000000000,0.000000000,704.000,113.000,113.000
1786789770773,XAUT_USDT,demo,0,stale_binance,0,0.000000000,0.500000000,0.000000000,0.000000000,0.229355168,0.000000000,0.000000000,822.000,56.000,56.000
1786789770913,XAUT_USDT,demo,0,stale_binance,0,0.000000000,0.500000000,0.000000000,0.000000000,0.229355168,0.000000000,0.000000000,962.000,112.000,112.000
1786789771038,XAUT_USDT,demo,0,stale_binance,0,0.000000000,0.500000000,0.000000000,0.000000000,0.229355168,0.000000000,0.000000000,1087.000,62.000,62.000
1786789771149,XAUT_USDT,demo,0,stale_binance,0,0.000000000,0.500000000,0.000000000,0.000000000,0.229355168,0.000000000,0.000000000,1198.000,0.000,0.000
1786789771257,XAUT_USDT,demo,0,stale_binance,0,0.000000000,0.500000000,0.000000000,0.000000000,0.229355168,0.000000000,0.000000000,1306.000,108.000,108.000
1786789771377,XAUT_USDT,demo,0,stale_binance,0,0.000000000,0.500000000,0.000000000,0.000000000,0.229355168,0.000000000,0.000000000,1426.000,228.000,228.000
1786789771492,XAUT_USDT,demo,0,stale_binance,0,0.000000000,0.500000000,0.000000000,0.000000000,0.229355168,0.000000000,0.000000000,1541.000,0.000,0.000
1786789771630,XAUT_USDT,demo,0,stale_binance,0,0.000000000,0.500000000,0.000000000,0.000000000,0.229355168,0.000000000,0.000000000,1679.000,54.000,54.000
1786789771747,XAUT_USDT,demo,0,stale_binance,0,0.000000000,0.500000000,0.000000000,0.000000000,0.229355168,0.000000000,0.000000000,1796.000,171.000,171.000
1786789771861,XAUT_USDT,demo,0,stale_binance,0,0.000000000,0.500000000,0.000000000,0.000000000,0.229355168,0.000000000,0.000000000,1910.000,113.000,113.000
1786789771979,XAUT_USDT,demo,0,stale_binance,0,0.000000000,0.500000000,0.000000000,0.000000000,0.229355168,0.000000000,0.000000000,2028.000,63.000,63.000
1786789772094,XAUT_USDT,demo,0,stale_binance,0,0.000000000,0.500000000,0.000000000,0.000000000,0.229355168,0.000000000,0.000000000,2143.000,0.000,0.000
1786789772237,XAUT_USDT,demo,0,stale_binance,0,0.000000000,0.500000000,0.000000000,0.000000000,0.229355168,0.000000000,0.000000000,2286.000,62.000,62.000
1786789772340,XAUT_USDT,demo,0,stale_binance,0,0.000000000,0.500000000,0.000000000,0.000000000,0.229355168,0.000000000,0.000000000,2389.000,165.000,165.000
1786789772489,XAUT_USDT,demo,0,stale_binance,0,0.000000000,0.500000000,0.000000000,0.000000000,0.229355168,0.000000000,0.000000000,2538.000,56.000,56.000
1786789772606,XAUT_USDT,demo,0,stale_binance,0,0.000000000,0.500000000,0.000000000,0.000000000,0.229355168,0.000000000,0.000000000,2655.000,0.000,0.000
1786789772757,XAUT_USDT,demo,0,stale_binance,0,0.000000000,0.500000000,0.000000000,0.000000000,0.229355168,0.000000000,0.000000000,2806.000,59.000,59.000
1786789772865,XAUT_USDT,demo,0,stale_binance,0,0.000000000,0.500000000,0.000000000,0.000000000,0.229355168,0.000000000,0.000000000,2914.000,0.000,0.000
1786789772977,XAUT_USDT,demo,0,stale_binance,0,0.000000000,0.500000000,0.000000000,0.000000000,0.229355168,0.000000000,0.000000000,3026.000,112.000,112.000
1786789773090,XAUT_USDT,demo,0,stale_binance,0,0.000000000,0.500000000,0.000000000,0.000000000,0.229355168,0.000000000,0.000000000,3139.000,225.000,225.000
1786789773204,XAUT_USDT,demo,0,stale_binance,0,0.000000000,0.500000000,0.000000000,0.000000000,0.229355168,0.000000000,0.000000000,3253.000,0.000,0.000
1786789773355,XAUT_USDT,demo,0,stale_binance,0,0.000000000,0.500000000,0.000000000,0.000000000,0.229355168,0.000000000,0.000000000,3404.000,55.000,55.000
1786789773505,XAUT_USDT,demo,0,stale_binance,0,0.000000000,0.500000000,0.000000000,0.000000000,0.229355168,0.000000000,0.000000000,3554.000,120.000,120.000
1786789773605,XAUT_USDT,demo,0,stale_binance,0,0.000000000,0.500000000,0.000000000,0.000000000,0.229355168,0.000000000,0.000000000,3654.000,58.000,58.000
1786789773722,XAUT_USDT,demo,0,stale_binance,0,0.000000000,0.500000000,0.000000000,0.000000000,0.229355168,0.000000000,0.000000000,3771.000,0.000,0.000
1786789773871,XAUT_USDT,demo,0,stale_binance,0,0.000000000,0.500000000,0.000000000,0.000000000,0.229355168,0.000000000,0.000000000,3920.000,61.000,61.000
1786789774680,XAUT_USDT,demo,0,microspread_below_threshold,0,0.000000000,0.500000000,-0.447252579,-0.447252579,0.229355168,0.000000000,0.000000000,44.000,7.000,7.000
1786789774808,XAUT_USDT,demo,0,microspread_below_threshold,0,0.000000000,0.500000000,-0.447252579,-0.447252579,0.229355168,0.000000000,0.000000000,172.000,52.000,52.000
1786789774970,XAUT_USDT,demo,0,stale_binance,0,0.000000000,0.500000000,0.000000000,0.000000000,0.229355168,0.000000000,0.000000000,334.000,134.000,134.000
1786789775073,XAUT_USDT,demo,0,microspread_below_threshold,0,0.000000000,0.500000000,-0.447252579,-0.447252579,0.229355168,0.000000000,0.000000000,94.000,53.000,53.000
1786789775181,XAUT_USDT,demo,0,microspread_below_threshold,0,0.000000000,0.500000000,-0.447252579,-0.447252579,0.229355168,0.000000000,0.000000000,97.000,0.000,0.000
1786789775337,XAUT_USDT,demo,0,microspread_below_threshold,0,0.000000000,0.500000000,-0.447252579,-0.447252579,0.229355168,0.000000000,0.000000000,253.000,65.000,65.000
1786789775447,XAUT_USDT,demo,0,microspread_below_threshold,0,0.000000000,0.500000000,-0.447252579,-0.447252579,0.229355168,0.000000000,0.000000000,92.000,0.000,0.000
1786789775555,XAUT_USDT,demo,0,microspread_below_threshold,0,0.000000000,0.500000000,-0.447252579,-0.447252579,0.229355168,0.000000000,0.000000000,0.000,34.000,34.000
1786789775671,XAUT_USDT,demo,0,microspread_below_threshold,0,0.000000000,0.500000000,-0.447252579,-0.447252579,0.229355168,0.000000000,0.000000000,116.000,62.000,62.000
1786789775781,XAUT_USDT,demo,0,microspread_below_threshold,0,0.000000000,0.500000000,-0.447252579,-0.447252579,0.229355168,0.000000000,0.000000000,226.000,1.000,1.000
1786789775905,XAUT_USDT,demo,0,stale_binance,0,0.000000000,0.500000000,0.000000000,0.000000000,0.229355168,0.000000000,0.000000000,350.000,125.000,125.000
1786789776039,XAUT_USDT,demo,0,microspread_below_threshold,0,0.000000000,0.500000000,-0.447252579,-0.447252579,0.229355168,0.000000000,0.000000000,59.000,87.000,87.000
1786789776186,XAUT_USDT,demo,0,microspread_below_threshold,0,0.000000000,0.500000000,-0.447252579,-0.447252579,0.229355168,0.000000000,0.000000000,206.000,62.000,62.000
1786789776305,XAUT_USDT,demo,0,stale_binance,0,0.000000000,0.500000000,0.000000000,0.000000000,0.229355168,0.000000000,0.000000000,325.000,0.000,0.000
1786789776436,XAUT_USDT,demo,0,stale_binance,0,0.000000000,0.500000000,0.000000000,0.000000000,0.229355168,0.000000000,0.000000000,456.000,56.000,56.000
1786789776538,XAUT_USDT,demo,0,stale_binance,0,0.000000000,0.500000000,0.000000000,0.000000000,0.229355168,0.000000000,0.000000000,558.000,66.000,66.000
1786789776688,XAUT_USDT,demo,0,stale_binance,0,0.000000000,0.500000000,0.000000000,0.000000000,0.229355168,0.000000000,0.000000000,708.000,125.000,125.000
1786789776805,XAUT_USDT,demo,0,stale_binance,0,0.000000000,0.500000000,0.000000000,0.000000000,0.229355168,0.000000000,0.000000000,825.000,242.000,242.000
1786789776919,XAUT_USDT,demo,0,stale_binance,0,0.000000000,0.500000000,0.000000000,0.000000000,0.229355168,0.000000000,0.000000000,939.000,107.000,107.000
1786789777035,XAUT_USDT,demo,0,stale_binance,0,0.000000000,0.500000000,0.000000000,0.000000000,0.229355168,0.000000000,0.000000000,1055.000,223.000,223.000
1786789777136,XAUT_USDT,demo,0,stale_binance,0,0.000000000,0.500000000,0.000000000,0.000000000,0.229355168,0.000000000,0.000000000,1156.000,61.000,61.000
1786789777240,XAUT_USDT,demo,0,stale_binance,0,0.000000000,0.500000000,0.000000000,0.000000000,0.229355168,0.000000000,0.000000000,1260.000,0.000,0.000
1786789777348,XAUT_USDT,demo,0,stale_binance,0,0.000000000,0.500000000,0.000000000,0.000000000,0.229355168,0.000000000,0.000000000,1368.000,108.000,108.000
1786789777470,XAUT_USDT,demo,0,stale_binance,0,0.000000000,0.500000000,0.000000000,0.000000000,0.229355168,0.000000000,0.000000000,1490.000,58.000,58.000
1786789777585,XAUT_USDT,demo,0,stale_binance,0,0.000000000,0.500000000,0.000000000,0.000000000,0.229355168,0.000000000,0.000000000,1605.000,0.000,0.000
1786789777688,XAUT_USDT,demo,0,stale_binance,0,0.000000000,0.500000000,0.000000000,0.000000000,0.229355168,0.000000000,0.000000000,1708.000,103.000,103.000
1786789777821,XAUT_USDT,demo,0,stale_binance,0,0.000000000,0.500000000,0.000000000,0.000000000,0.229355168,0.000000000,0.000000000,1841.000,57.000,57.000
1786789777924,XAUT_USDT,demo,0,stale_binance,0,0.000000000,0.500000000,0.000000000,0.000000000,0.229355168,0.000000000,0.000000000,1944.000,160.000,160.000
1786789778070,XAUT_USDT,demo,0,stale_binance,0,0.000000000,0.500000000,0.000000000,0.000000000,0.229355168,0.000000000,0.000000000,2090.000,57.000,57.000
1786789778187,XAUT_USDT,demo,0,stale_binance,0,0.000000000,0.500000000,0.000000000,0.000000000,0.229355168,0.000000000,0.000000000,2207.000,0.000,0.000
1786789778295,XAUT_USDT,demo,0,stale_binance,0,0.000000000,0.500000000,0.000000000,0.000000000,0.229355168,0.000000000,0.000000000,2315.000,108.000,108.000
1786789778422,XAUT_USDT,demo,0,stale_binance,0,0.000000000,0.500000000,0.000000000,0.000000000,0.229355168,0.000000000,0.000000000,2442.000,235.000,235.000
1786789778557,XAUT_USDT,demo,0,stale_binance,0,0.000000000,0.500000000,0.000000000,0.000000000,0.229355168,0.000000000,0.000000000,2577.000,114.000,114.000
1786789778676,XAUT_USDT,demo,0,stale_binance,0,0.000000000,0.500000000,0.000000000,0.000000000,0.229355168,0.000000000,0.000000000,2696.000,233.000,233.000
1786789778794,XAUT_USDT,demo,0,stale_binance,0,0.000000000,0.500000000,0.000000000,0.000000000,0.229355168,0.000000000,0.000000000,2814.000,0.000,0.000
1786789778939,XAUT_USDT,demo,0,microspread_below_threshold,0,0.000000000,0.500000000,-0.447252579,-0.447252579,0.229355168,0.000000000,0.000000000,127.000,54.000,54.000
1786789779671,XAUT_USDT,demo,0,stale_binance,0,0.000000000,0.500000000,0.000000000,0.000000000,0.229355168,0.000000000,0.000000000,859.000,26.000,26.000
1786789779785,XAUT_USDT,demo,0,stale_binance,0,0.000000000,0.500000000,0.000000000,0.000000000,0.229355168,0.000000000,0.000000000,973.000,140.000,140.000
1786789779902,XAUT_USDT,demo,0,stale_binance,0,0.000000000,0.500000000,0.000000000,0.000000000,0.229355168,0.000000000,0.000000000,1090.000,0.000,0.000
1786789780019,XAUT_USDT,demo,0,stale_binance,0,0.000000000,0.500000000,0.000000000,0.000000000,0.229355168,0.000000000,0.000000000,1207.000,117.000,117.000
1786789780135,XAUT_USDT,demo,0,stale_binance,0,0.000000000,0.500000000,0.000000000,0.000000000,0.229355168,0.000000000,0.000000000,1323.000,59.000,59.000
1786789780271,XAUT_USDT,demo,0,stale_binance,0,0.000000000,0.500000000,0.000000000,0.000000000,0.229355168,0.000000000,0.000000000,1459.000,113.000,113.000
1786789780394,XAUT_USDT,demo,0,stale_binance,0,0.000000000,0.500000000,0.000000000,0.000000000,0.229355168,0.000000000,0.000000000,1582.000,54.000,54.000
1786789780504,XAUT_USDT,demo,0,stale_binance,0,0.000000000,0.500000000,0.000000000,0.000000000,0.229355168,0.000000000,0.000000000,1692.000,164.000,164.000
1786789780656,XAUT_USDT,demo,0,stale_binance,0,0.000000000,0.500000000,0.000000000,0.000000000,0.229355168,0.000000000,0.000000000,1844.000,62.000,62.000
1786789780804,XAUT_USDT,demo,0,stale_binance,0,0.000000000,0.500000000,0.000000000,0.000000000,0.229355168,0.000000000,0.000000000,1992.000,109.000,109.000
1786789780969,XAUT_USDT,demo,0,stale_binance,0,0.000000000,0.500000000,0.000000000,0.000000000,0.229355168,0.000000000,0.000000000,2157.000,116.000,116.000
1786789781120,XAUT_USDT,demo,0,stale_binance,0,0.000000000,0.500000000,0.000000000,0.000000000,0.229355168,0.000000000,0.000000000,2308.000,104.000,104.000
1786789781252,XAUT_USDT,demo,0,stale_binance,0,0.000000000,0.500000000,0.000000000,0.000000000,0.229355168,0.000000000,0.000000000,2440.000,59.000,59.000
1786789781353,XAUT_USDT,demo,0,stale_binance,0,0.000000000,0.500000000,0.000000000,0.000000000,0.229355168,0.000000000,0.000000000,2541.000,63.000,63.000
1786789781502,XAUT_USDT,demo,0,microspread_below_threshold,0,0.000000000,0.500000000,-0.447252579,-0.447252579,0.229355168,0.000000000,0.000000000,123.000,57.000,57.000
1786789781602,XAUT_USDT,demo,0,microspread_below_threshold,0,0.000000000,0.500000000,-0.447252579,-0.447252579,0.229355168,0.000000000,0.000000000,223.000,64.000,64.000
1786789781729,XAUT_USDT,demo,0,stale_binance,0,0.000000000,0.500000000,0.000000000,0.000000000,0.229355168,0.000000000,0.000000000,350.000,0.000,0.000
1786789781850,XAUT_USDT,demo,0,stale_binance,0,0.000000000,0.500000000,0.000000000,0.000000000,0.229355168,0.000000000,0.000000000,471.000,50.000,50.000
1786789781985,XAUT_USDT,demo,0,microspread_below_threshold,0,0.000000000,0.500000000,-0.447252579,-0.447252579,0.229355168,0.000000000,0.000000000,119.000,185.000,185.000
1786789782116,XAUT_USDT,demo,0,microspread_below_threshold,0,0.000000000,0.500000000,-0.447252579,-0.447252579,0.229355168,0.000000000,0.000000000,250.000,64.000,64.000
1786789782228,XAUT_USDT,demo,0,stale_binance,0,0.000000000,0.500000000,0.000000000,0.000000000,0.229355168,0.000000000,0.000000000,362.000,176.000,176.000
1786789782370,XAUT_USDT,demo,0,stale_binance,0,0.000000000,0.500000000,0.000000000,0.000000000,0.229355168,0.000000000,0.000000000,504.000,58.000,58.000
1786789782493,XAUT_USDT,demo,0,stale_binance,0,0.000000000,0.500000000,0.000000000,0.000000000,0.229355168,0.000000000,0.000000000,627.000,181.000,181.000
1786789782636,XAUT_USDT,demo,0,stale_binance,0,0.000000000,0.500000000,0.000000000,0.000000000,0.229355168,0.000000000,0.000000000,770.000,58.000,58.000
1786789782783,XAUT_USDT,demo,0,stale_binance,0,0.000000000,0.500000000,0.000000000,0.000000000,0.229355168,0.000000000,0.000000000,917.000,113.000,113.000
1786789782886,XAUT_USDT,demo,0,stale_binance,0,0.000000000,0.500000000,0.000000000,0.000000000,0.229355168,0.000000000,0.000000000,1020.000,58.000,58.000
1786789782998,XAUT_USDT,demo,0,stale_binance,0,0.000000000,0.500000000,0.000000000,0.000000000,0.229355168,0.000000000,0.000000000,1132.000,0.000,0.000
1786789783103,XAUT_USDT,demo,0,stale_binance,0,0.000000000,0.500000000,0.000000000,0.000000000,0.229355168,0.000000000,0.000000000,1237.000,105.000,105.000
1786789783236,XAUT_USDT,demo,0,stale_binance,0,0.000000000,0.500000000,0.000000000,0.000000000,0.229355168,0.000000000,0.000000000,1370.000,66.000,66.000
1786789783391,XAUT_USDT,demo,0,microspread_below_threshold,0,0.000000000,0.500000000,-0.447252579,-0.447252579,0.229355168,0.000000000,0.000000000,119.000,135.000,135.000
1786789783516,XAUT_USDT,demo,0,microspread_below_threshold,0,0.000000000,0.500000000,-0.447252579,-0.447252579,0.229355168,0.000000000,0.000000000,244.000,0.000,0.000
1786789783656,XAUT_USDT,demo,0,stale_binance,0,0.000000000,0.500000000,0.000000000,0.000000000,0.229355168,0.000000000,0.000000000,384.000,55.000,55.000
1786789783772,XAUT_USDT,demo,0,stale_binance,0,0.000000000,0.500000000,0.000000000,0.000000000,0.229355168,0.000000000,0.000000000,500.000,0.000,0.000
1786789783893,XAUT_USDT,demo,0,stale_binance,0,0.000000000,0.500000000,0.000000000,0.000000000,0.229355168,0.000000000,0.000000000,621.000,121.000,121.000
1786789784004,XAUT_USDT,demo,0,stale_binance,0,0.000000000,0.500000000,0.000000000,0.000000000,0.229355168,0.000000000,0.000000000,732.000,60.000,60.000
1786789784765,XAUT_USDT,demo,0,stale_binance,0,0.000000000,0.500000000,0.000000000,0.000000000,0.229355168,0.000000000,0.000000000,386.000,44.000,44.000
1786789784884,XAUT_USDT,demo,0,stale_binance,0,0.000000000,0.500000000,0.000000000,0.000000000,0.229355168,0.000000000,0.000000000,505.000,163.000,163.000
1786789785027,XAUT_USDT,demo,0,stale_binance,0,0.000000000,0.500000000,0.000000000,0.000000000,0.229355168,0.000000000,0.000000000,648.000,56.000,56.000
1786789785135,XAUT_USDT,demo,0,stale_binance,0,0.000000000,0.500000000,0.000000000,0.000000000,0.229355168,0.000000000,0.000000000,756.000,164.000,164.000
1786789785283,XAUT_USDT,demo,0,stale_binance,0,0.000000000,0.500000000,0.000000000,0.000000000,0.229355168,0.000000000,0.000000000,904.000,54.000,54.000
1786789785436,XAUT_USDT,demo,0,stale_binance,0,0.000000000,0.500000000,0.000000000,0.000000000,0.229355168,0.000000000,0.000000000,1057.000,120.000,120.000
1786789785557,XAUT_USDT,demo,0,stale_binance,0,0.000000000,0.500000000,0.000000000,0.000000000,0.229355168,0.000000000,0.000000000,1178.000,241.000,241.000
1786789785668,XAUT_USDT,demo,0,stale_binance,0,0.000000000,0.500000000,0.000000000,0.000000000,0.229355168,0.000000000,0.000000000,1289.000,0.000,0.000
1786789785794,XAUT_USDT,demo,0,stale_binance,0,0.000000000,0.500000000,0.000000000,0.000000000,0.229355168,0.000000000,0.000000000,1415.000,126.000,126.000
1786789785942,XAUT_USDT,demo,0,stale_binance,0,0.000000000,0.500000000,0.000000000,0.000000000,0.229355168,0.000000000,0.000000000,1563.000,106.000,106.000
1786789786067,XAUT_USDT,demo,0,stale_binance,0,0.000000000,0.500000000,0.000000000,0.000000000,0.229355168,0.000000000,0.000000000,1688.000,51.000,51.000
1786789786175,XAUT_USDT,demo,0,stale_binance,0,0.000000000,0.500000000,0.000000000,0.000000000,0.229355168,0.000000000,0.000000000,1796.000,0.000,0.000
1786789786315,XAUT_USDT,demo,0,stale_binance,0,0.000000000,0.500000000,0.000000000,0.000000000,0.229355168,0.000000000,0.000000000,1936.000,51.000,51.000
1786789786417,XAUT_USDT,demo,0,stale_binance,0,0.000000000,0.500000000,0.000000000,0.000000000,0.229355168,0.000000000,0.000000000,2038.000,153.000,153.000
1786789786527,XAUT_USDT,demo,0,stale_binance,0,0.000000000,0.500000000,0.000000000,0.000000000,0.229355168,0.000000000,0.000000000,2148.000,0.000,0.000
1786789786665,XAUT_USDT,demo,0,stale_binance,0,0.000000000,0.500000000,0.000000000,0.000000000,0.229355168,0.000000000,0.000000000,2286.000,61.000,61.000
1786789786774,XAUT_USDT,demo,0,stale_binance,0,0.000000000,0.500000000,0.000000000,0.000000000,0.229355168,0.000000000,0.000000000,2395.000,0.000,0.000
1786789786890,XAUT_USDT,demo,0,stale_binance,0,0.000000000,0.500000000,0.000000000,0.000000000,0.229355168,0.000000000,0.000000000,2511.000,116.000,116.000
1786789786999,XAUT_USDT,demo,0,stale_binance,0,0.000000000,0.500000000,0.000000000,0.000000000,0.229355168,0.000000000,0.000000000,2620.000,55.000,55.000
1786789787132,XAUT_USDT,demo,0,stale_binance,0,0.000000000,0.500000000,0.000000000,0.000000000,0.229355168,0.000000000,0.000000000,2753.000,0.000,0.000
1786789787272,XAUT_USDT,demo,0,stale_binance,0,0.000000000,0.500000000,0.000000000,0.000000000,0.229355168,0.000000000,0.000000000,2893.000,63.000,63.000
1786789787377,XAUT_USDT,demo,0,stale_binance,0,0.000000000,0.500000000,0.000000000,0.000000000,0.229355168,0.000000000,0.000000000,2998.000,0.000,0.000
1786789787501,XAUT_USDT,demo,0,stale_binance,0,0.000000000,0.500000000,0.000000000,0.000000000,0.229355168,0.000000000,0.000000000,3122.000,124.000,124.000
1786789787619,XAUT_USDT,demo,0,stale_binance,0,0.000000000,0.500000000,0.000000000,0.000000000,0.229355168,0.000000000,0.000000000,3240.000,242.000,242.000
1786789787720,XAUT_USDT,demo,0,stale_binance,0,0.000000000,0.500000000,0.000000000,0.000000000,0.229355168,0.000000000,0.000000000,3341.000,1.000,1.000
1786789787871,XAUT_USDT,demo,0,stale_binance,0,0.000000000,0.500000000,0.000000000,0.000000000,0.229355168,0.000000000,0.000000000,3492.000,63.000,63.000
1786789787995,XAUT_USDT,demo,0,stale_binance,0,0.000000000,0.500000000,0.000000000,0.000000000,0.229355168,0.000000000,0.000000000,3616.000,187.000,187.000
1786789788116,XAUT_USDT,demo,0,stale_binance,0,0.000000000,0.500000000,0.000000000,0.000000000,0.229355168,0.000000000,0.000000000,3737.000,55.000,55.000
1786789788230,XAUT_USDT,demo,0,stale_binance,0,0.000000000,0.500000000,0.000000000,0.000000000,0.229355168,0.000000000,0.000000000,3851.000,0.000,0.000
1786789788371,XAUT_USDT,demo,0,microspread_below_threshold,0,0.000000000,0.500000000,-0.447252579,-0.447252579,0.229355168,0.000000000,0.000000000,113.000,141.000,141.000
1786789788522,XAUT_USDT,demo,0,microspread_below_threshold,0,0.000000000,0.500000000,-0.447252579,-0.447252579,0.229355168,0.000000000,0.000000000,264.000,120.000,120.000
1786789788634,XAUT_USDT,demo,0,stale_binance,0,0.000000000,0.500000000,0.000000000,0.000000000,0.229355168,0.000000000,0.000000000,376.000,57.000,57.000
1786789788750,XAUT_USDT,demo,0,stale_binance,0,0.000000000,0.500000000,0.000000000,0.000000000,0.229355168,0.000000000,0.000000000,492.000,173.000,173.000
1786789788884,XAUT_USDT,demo,0,microspread_below_threshold,0,0.000000000,0.500000000,-0.447252579,-0.447252579,0.229355168,0.000000000,0.000000000,61.000,130.000,130.000
1786789789035,XAUT_USDT,demo,0,microspread_below_threshold,0,0.000000000,0.500000000,-0.447252579,-0.447252579,0.229355168,0.000000000,0.000000000,212.000,109.000,109.000
1786789790163,XAUT_USDT,demo,0,stale_binance,0,0.000000000,0.500000000,0.000000000,0.000000000,0.229355168,0.000000000,0.000000000,1340.000,129.000,129.000
1786789790265,XAUT_USDT,demo,0,stale_binance,0,0.000000000,0.500000000,0.000000000,0.000000000,0.229355168,0.000000000,0.000000000,1442.000,59.000,59.000
1786789790380,XAUT_USDT,demo,0,stale_binance,0,0.000000000,0.500000000,0.000000000,0.000000000,0.229355168,0.000000000,0.000000000,1557.000,0.000,0.000
1786789790536,XAUT_USDT,demo,0,stale_binance,0,0.000000000,0.500000000,0.000000000,0.000000000,0.229355168,0.000000000,0.000000000,1713.000,59.000,59.000
1786789790636,XAUT_USDT,demo,0,stale_binance,0,0.000000000,0.500000000,0.000000000,0.000000000,0.229355168,0.000000000,0.000000000,1813.000,1.000,1.000
1786789790786,XAUT_USDT,demo,0,stale_binance,0,0.000000000,0.500000000,0.000000000,0.000000000,0.229355168,0.000000000,0.000000000,1963.000,63.000,63.000
1786789790891,XAUT_USDT,demo,0,stale_binance,0,0.000000000,0.500000000,0.000000000,0.000000000,0.229355168,0.000000000,0.000000000,2068.000,168.000,168.000
1786789791037,XAUT_USDT,demo,0,stale_binance,0,0.000000000,0.500000000,0.000000000,0.000000000,0.229355168,0.000000000,0.000000000,2214.000,60.000,60.000
1786789791148,XAUT_USDT,demo,0,stale_binance,0,0.000000000,0.500000000,0.000000000,0.000000000,0.229355168,0.000000000,0.000000000,2325.000,171.000,171.000
1786789791265,XAUT_USDT,demo,0,stale_binance,0,0.000000000,0.500000000,0.000000000,0.000000000,0.229355168,0.000000000,0.000000000,2442.000,112.000,112.000
1786789791391,XAUT_USDT,demo,0,stale_binance,0,0.000000000,0.500000000,0.000000000,0.000000000,0.229355168,0.000000000,0.000000000,2568.000,65.000,65.000
1786789791507,XAUT_USDT,demo,0,stale_binance,0,0.000000000,0.500000000,0.000000000,0.000000000,0.229355168,0.000000000,0.000000000,2684.000,181.000,181.000
1786789791633,XAUT_USDT,demo,0,stale_binance,0,0.000000000,0.500000000,0.000000000,0.000000000,0.229355168,0.000000000,0.000000000,2810.000,53.000,53.000
1786789791733,XAUT_USDT,demo,0,stale_binance,0,0.000000000,0.500000000,0.000000000,0.000000000,0.229355168,0.000000000,0.000000000,2910.000,52.000,52.000
1786789791841,XAUT_USDT,demo,0,stale_binance,0,0.000000000,0.500000000,0.000000000,0.000000000,0.229355168,0.000000000,0.000000000,3018.000,0.000,0.000
1786789791967,XAUT_USDT,demo,0,stale_binance,0,0.000000000,0.500000000,0.000000000,0.000000000,0.229355168,0.000000000,0.000000000,3144.000,126.000,126.000
1786789792133,XAUT_USDT,demo,0,stale_binance,0,0.000000000,0.500000000,0.000000000,0.000000000,0.229355168,0.000000000,0.000000000,3310.000,125.000,125.000
1786789792250,XAUT_USDT,demo,0,stale_binance,0,0.000000000,0.500000000,0.000000000,0.000000000,0.229355168,0.000000000,0.000000000,3427.000,64.000,64.000
1786789792366,XAUT_USDT,demo,0,stale_binance,0,0.000000000,0.500000000,0.000000000,0.000000000,0.229355168,0.000000000,0.000000000,3543.000,0.000,0.000
1786789792491,XAUT_USDT,demo,0,stale_binance,0,0.000000000,0.500000000,0.000000000,0.000000000,0.229355168,0.000000000,0.000000000,3668.000,52.000,52.000
1786789792601,XAUT_USDT,demo,0,stale_binance,0,0.000000000,0.500000000,0.000000000,0.000000000,0.229355168,0.000000000,0.000000000,3778.000,162.000,162.000
1786789792702,XAUT_USDT,demo,0,stale_binance,0,0.000000000,0.500000000,0.000000000,0.000000000,0.229355168,0.000000000,0.000000000,3879.000,0.000,0.000
1786789792814,XAUT_USDT,demo,0,stale_binance,0,0.000000000,0.500000000,0.000000000,0.000000000,0.229355168,0.000000000,0.000000000,3991.000,112.000,112.000
1786789792935,XAUT_USDT,demo,0,stale_binance,0,0.000000000,0.500000000,0.000000000,0.000000000,0.229355168,0.000000000,0.000000000,4112.000,233.000,233.000
1786789793062,XAUT_USDT,demo,0,stale_binance,0,0.000000000,0.500000000,0.000000000,0.000000000,0.229355168,0.000000000,0.000000000,4239.000,65.000,65.000
1786789793180,XAUT_USDT,demo,0,stale_binance,0,0.000000000,0.500000000,0.000000000,0.000000000,0.229355168,0.000000000,0.000000000,4357.000,55.000,55.000
1786789793293,XAUT_USDT,demo,0,stale_binance,0,0.000000000,0.500000000,0.000000000,0.000000000,0.229355168,0.000000000,0.000000000,4470.000,0.000,0.000
1786789793411,XAUT_USDT,demo,0,stale_binance,0,0.000000000,0.500000000,0.000000000,0.000000000,0.229355168,0.000000000,0.000000000,4588.000,118.000,118.000
1786789793531,XAUT_USDT,demo,0,stale_binance,0,0.000000000,0.500000000,0.000000000,0.000000000,0.229355168,0.000000000,0.000000000,4708.000,238.000,238.000
1786789793638,XAUT_USDT,demo,0,stale_binance,0,0.000000000,0.500000000,0.000000000,0.000000000,0.229355168,0.000000000,0.000000000,4815.000,0.000,0.000
1786789793782,XAUT_USDT,demo,0,stale_binance,0,0.000000000,0.500000000,0.000000000,0.000000000,0.229355168,0.000000000,0.000000000,4959.000,55.000,55.000
1786789793937,XAUT_USDT,demo,0,stale_binance,0,0.000000000,0.500000000,0.000000000,0.000000000,0.229355168,0.000000000,0.000000000,5114.000,115.000,115.000
1786789794063,XAUT_USDT,demo,0,stale_binance,0,0.000000000,0.500000000,0.000000000,0.000000000,0.229355168,0.000000000,0.000000000,5240.000,241.000,241.000
1786789794848,XAUT_USDT,demo,0,stale_binance,0,0.000000000,0.500000000,0.000000000,0.000000000,0.229355168,0.000000000,0.000000000,348.000,7.000,7.000
1786789794987,XAUT_USDT,demo,0,stale_binance,0,0.000000000,0.500000000,0.000000000,0.000000000,0.229355168,0.000000000,0.000000000,487.000,55.000,55.000
1786789795130,XAUT_USDT,demo,0,stale_binance,0,0.000000000,0.500000000,0.000000000,0.000000000,0.229355168,0.000000000,0.000000000,630.000,119.000,119.000
1786789795248,XAUT_USDT,demo,0,stale_binance,0,0.000000000,0.500000000,0.000000000,0.000000000,0.229355168,0.000000000,0.000000000,748.000,237.000,237.000
1786789795381,XAUT_USDT,demo,0,stale_binance,0,0.000000000,0.500000000,0.000000000,0.000000000,0.229355168,0.000000000,0.000000000,881.000,370.000,370.000
1786789795506,XAUT_USDT,demo,0,stale_binance,0,0.000000000,0.500000000,0.000000000,0.000000000,0.229355168,0.000000000,0.000000000,1006.000,54.000,54.000
1786789795622,XAUT_USDT,demo,0,stale_binance,0,0.000000000,0.500000000,0.000000000,0.000000000,0.229355168,0.000000000,0.000000000,1122.000,170.000,170.000
1786789795765,XAUT_USDT,demo,0,stale_binance,0,0.000000000,0.500000000,0.000000000,0.000000000,0.229355168,0.000000000,0.000000000,1265.000,60.000,60.000
1786789795913,XAUT_USDT,demo,0,stale_binance,0,0.000000000,0.500000000,0.000000000,0.000000000,0.229355168,0.000000000,0.000000000,1413.000,117.000,117.000
1786789796022,XAUT_USDT,demo,0,stale_binance,0,0.000000000,0.500000000,0.000000000,0.000000000,0.229355168,0.000000000,0.000000000,1522.000,226.000,226.000
1786789796134,XAUT_USDT,demo,0,stale_binance,0,0.000000000,0.500000000,0.000000000,0.000000000,0.229355168,0.000000000,0.000000000,1634.000,0.000,0.000
1786789796262,XAUT_USDT,demo,0,stale_binance,0,0.000000000,0.500000000,0.000000000,0.000000000,0.229355168,0.000000000,0.000000000,1762.000,128.000,128.000
1786789796387,XAUT_USDT,demo,0,stale_binance,0,0.000000000,0.500000000,0.000000000,0.000000000,0.229355168,0.000000000,0.000000000,1887.000,54.000,54.000
1786789796537,XAUT_USDT,demo,0,stale_binance,0,0.000000000,0.500000000,0.000000000,0.000000000,0.229355168,0.000000000,0.000000000,2037.000,56.000,56.000
1786789796671,XAUT_USDT,demo,0,microspread_below_threshold,0,0.000000000,0.500000000,-0.447252579,-0.447252579,0.229355168,0.000000000,0.000000000,51.000,105.000,105.000
1786789796809,XAUT_USDT,demo,0,microspread_below_threshold,0,0.000000000,0.500000000,-0.447252579,-0.447252579,0.229355168,0.000000000,0.000000000,189.000,58.000,58.000
1786789796921,XAUT_USDT,demo,0,stale_binance,0,0.000000000,0.500000000,0.000000000,0.000000000,0.229355168,0.000000000,0.000000000,301.000,170.000,170.000
1786789797063,XAUT_USDT,demo,0,stale_binance,0,0.000000000,0.500000000,0.000000000,0.000000000,0.229355168,0.000000000,0.000000000,443.000,54.000,54.000
1786789797170,XAUT_USDT,demo,0,microspread_below_threshold,0,0.000000000,0.500000000,-0.447252579,-0.447252579,0.229355168,0.000000000,0.000000000,98.000,0.000,0.000
1786789797297,XAUT_USDT,demo,0,microspread_below_threshold,0,0.000000000,0.500000000,-0.447252579,-0.447252579,0.229355168,0.000000000,0.000000000,225.000,127.000,127.000
1786789797414,XAUT_USDT,demo,0,microspread_below_threshold,0,0.000000000,0.500000000,-0.447252579,-0.447252579,0.229355168,0.000000000,0.000000000,53.000,244.000,244.000
1786789797534,XAUT_USDT,demo,0,microspread_below_threshold,0,0.000000000,0.500000000,-0.447252579,-0.447252579,0.229355168,0.000000000,0.000000000,31.000,0.000,0.000
1786789797663,XAUT_USDT,demo,0,microspread_below_threshold,0,0.000000000,0.500000000,-0.447252579,-0.447252579,0.229355168,0.000000000,0.000000000,160.000,61.000,61.000
1786789797796,XAUT_USDT,demo,0,microspread_below_threshold,0,0.000000000,0.500000000,-0.447252579,-0.447252579,0.229355168,0.000000000,0.000000000,293.000,1.000,1.000
1786789797912,XAUT_USDT,demo,0,stale_binance,0,0.000000000,0.500000000,0.000000000,0.000000000,0.229355168,0.000000000,0.000000000,409.000,117.000,117.000
1786789798027,XAUT_USDT,demo,0,stale_binance,0,0.000000000,0.500000000,0.000000000,0.000000000,0.229355168,0.000000000,0.000000000,524.000,232.000,232.000
1786789798178,XAUT_USDT,demo,0,stale_binance,0,0.000000000,0.500000000,0.000000000,0.000000000,0.229355168,0.000000000,0.000000000,675.000,58.000,58.000
1786789798285,XAUT_USDT,demo,0,microspread_below_threshold,0,0.000000000,0.500000000,-0.447252579,-0.447252579,0.229355168,0.000000000,0.000000000,0.000,165.000,165.000
1786789798403,XAUT_USDT,demo,0,microspread_below_threshold,0,0.000000000,0.500000000,-0.447252579,-0.447252579,0.229355168,0.000000000,0.000000000,118.000,115.000,115.000
1786789798538,XAUT_USDT,demo,0,microspread_below_threshold,0,0.000000000,0.500000000,-0.447252579,-0.447252579,0.229355168,0.000000000,0.000000000,253.000,58.000,58.000
1786789798695,XAUT_USDT,demo,0,stale_binance,0,0.000000000,0.500000000,0.000000000,0.000000000,0.229355168,0.000000000,0.000000000,410.000,62.000,62.000
1786789798827,XAUT_USDT,demo,0,microspread_below_threshold,0,0.000000000,0.500000000,-0.447252579,-0.447252579,0.229355168,0.000000000,0.000000000,0.000,105.000,105.000
1786789798946,XAUT_USDT,demo,0,microspread_below_threshold,0,0.000000000,0.500000000,-0.447252579,-0.447252579,0.229355168,0.000000000,0.000000000,109.000,224.000,224.000
1786789799060,XAUT_USDT,demo,0,microspread_below_threshold,0,0.000000000,0.500000000,-0.447252579,-0.447252579,0.229355168,0.000000000,0.000000000,223.000,0.000,0.000
1786789799818,XAUT_USDT,demo,0,microspread_below_threshold,0,0.000000000,0.500000000,-0.447252579,-0.447252579,0.229355168,0.000000000,0.000000000,141.000,140.000,140.000
1786789799928,XAUT_USDT,demo,0,microspread_below_threshold,0,0.000000000,0.500000000,-0.447252579,-0.447252579,0.229355168,0.000000000,0.000000000,251.000,0.000,0.000
1786789800049,XAUT_USDT,demo,0,stale_binance,0,0.000000000,0.500000000,0.000000000,0.000000000,0.229355168,0.000000000,0.000000000,372.000,121.000,121.000
1786789800162,XAUT_USDT,demo,0,stale_binance,0,0.000000000,0.500000000,0.000000000,0.000000000,0.229355168,0.000000000,0.000000000,485.000,64.000,64.000
1786789800262,XAUT_USDT,demo,0,microspread_below_threshold,0,0.000000000,0.500000000,-0.447252579,-0.447252579,0.229355168,0.000000000,0.000000000,52.000,74.000,74.000
1786789800362,XAUT_USDT,demo,0,microspread_below_threshold,0,0.000000000,0.500000000,-0.447252579,-0.447252579,0.229355168,0.000000000,0.000000000,94.000,0.000,0.000
1786789800512,XAUT_USDT,demo,0,microspread_below_threshold,0,0.000000000,0.500000000,-0.447252579,-0.447252579,0.229355168,0.000000000,0.000000000,244.000,66.000,66.000
1786789800642,XAUT_USDT,demo,0,stale_binance,0,0.000000000,0.500000000,0.000000000,0.000000000,0.229355168,0.000000000,0.000000000,374.000,114.000,114.000
1786789800767,XAUT_USDT,demo,0,stale_binance,0,0.000000000,0.500000000,0.000000000,0.000000000,0.229355168,0.000000000,0.000000000,499.000,65.000,65.000
1786789800880,XAUT_USDT,demo,0,stale_binance,0,0.000000000,0.500000000,0.000000000,0.000000000,0.229355168,0.000000000,0.000000000,612.000,178.000,178.000
1786789801012,XAUT_USDT,demo,0,stale_binance,0,0.000000000,0.500000000,0.000000000,0.000000000,0.229355168,0.000000000,0.000000000,744.000,57.000,57.000
1786789801130,XAUT_USDT,demo,0,stale_binance,0,0.000000000,0.500000000,0.000000000,0.000000000,0.229355168,0.000000000,0.000000000,862.000,175.000,175.000
1786789801260,XAUT_USDT,demo,0,microspread_below_threshold,0,0.000000000,0.500000000,-0.447252579,-0.447252579,0.229355168,0.000000000,0.000000000,61.000,51.000,51.000
1786789801361,XAUT_USDT,demo,0,microspread_below_threshold,0,0.000000000,0.500000000,-0.447252579,-0.447252579,0.229355168,0.000000000,0.000000000,162.000,65.000,65.000
1786789801502,XAUT_USDT,demo,0,stale_binance,0,0.000000000,0.500000000,0.000000000,0.000000000,0.229355168,0.000000000,0.000000000,303.000,107.000,107.000
1786789801607,XAUT_USDT,demo,0,stale_binance,0,0.000000000,0.500000000,0.000000000,0.000000000,0.229355168,0.000000000,0.000000000,408.000,212.000,212.000
1786789801711,XAUT_USDT,demo,0,microspread_below_threshold,0,0.000000000,0.500000000,-0.447252579,-0.447252579,0.229355168,0.000000000,0.000000000,90.000,59.000,59.000
1786789801811,XAUT_USDT,demo,0,microspread_below_threshold,0,0.000000000,0.500000000,-0.447252579,-0.447252579,0.229355168,0.000000000,0.000000000,190.000,0.000,0.000
1786789801928,XAUT_USDT,demo,0,stale_binance,0,0.000000000,0.500000000,0.000000000,0.000000000,0.229355168,0.000000000,0.000000000,307.000,117.000,117.000
1786789802053,XAUT_USDT,demo,0,microspread_below_threshold,0,0.000000000,0.500000000,-0.447252579,-0.447252579,0.229355168,0.000000000,0.000000000,57.000,242.000,242.000
1786789802163,XAUT_USDT,demo,0,microspread_below_threshold,0,0.000000000,0.500000000,-0.447252579,-0.447252579,0.229355168,0.000000000,0.000000000,167.000,54.000,54.000
1786789802286,XAUT_USDT,demo,0,microspread_below_threshold,0,0.000000000,0.500000000,-0.447252579,-0.447252579,0.229355168,0.000000000,0.000000000,290.000,108.000,108.000
1786789802397,XAUT_USDT,demo,0,stale_binance,0,0.000000000,0.500000000,0.000000000,0.000000000,0.229355168,0.000000000,0.000000000,401.000,219.000,219.000
1786789802504,XAUT_USDT,demo,0,stale_binance,0,0.000000000,0.500000000,0.000000000,0.000000000,0.229355168,0.000000000,0.000000000,508.000,0.000,0.000
1786789802620,XAUT_USDT,demo,0,stale_binance,0,0.000000000,0.500000000,0.000000000,0.000000000,0.229355168,0.000000000,0.000000000,624.000,116.000,116.000
1786789802730,XAUT_USDT,demo,0,stale_binance,0,0.000000000,0.500000000,0.000000000,0.000000000,0.229355168,0.000000000,0.000000000,734.000,53.000,53.000
1786789802850,XAUT_USDT,demo,0,stale_binance,0,0.000000000,0.500000000,0.000000000,0.000000000,0.229355168,0.000000000,0.000000000,854.000,0.000,0.000
1786789802985,XAUT_USDT,demo,0,stale_binance,0,0.000000000,0.500000000,0.000000000,0.000000000,0.229355168,0.000000000,0.000000000,989.000,52.000,52.000
1786789803089,XAUT_USDT,demo,0,stale_binance,0,0.000000000,0.500000000,0.000000000,0.000000000,0.229355168,0.000000000,0.000000000,1093.000,61.000,61.000
1786789803189,XAUT_USDT,demo,0,stale_binance,0,0.000000000,0.500000000,0.000000000,0.000000000,0.229355168,0.000000000,0.000000000,1193.000,1.000,1.000
1786789803302,XAUT_USDT,demo,0,stale_binance,0,0.000000000,0.500000000,0.000000000,0.000000000,0.229355168,0.000000000,0.000000000,1306.000,114.000,114.000
1786789803429,XAUT_USDT,demo,0,stale_binance,0,0.000000000,0.500000000,0.000000000,0.000000000,0.229355168,0.000000000,0.000000000,1433.000,241.000,241.000
1786789803553,XAUT_USDT,demo,0,stale_binance,0,0.000000000,0.500000000,0.000000000,0.000000000,0.229355168,0.000000000,0.000000000,1557.000,103.000,103.000
1786789803675,XAUT_USDT,demo,0,stale_binance,0,0.000000000,0.500000000,0.000000000,0.000000000,0.229355168,0.000000000,0.000000000,1679.000,53.000,53.000
1786789803781,XAUT_USDT,demo,0,stale_binance,0,0.000000000,0.500000000,0.000000000,0.000000000,0.229355168,0.000000000,0.000000000,1785.000,159.000,159.000
1786789803917,XAUT_USDT,demo,0,stale_binance,0,0.000000000,0.500000000,0.000000000,0.000000000,0.229355168,0.000000000,0.000000000,1921.000,124.000,124.000
1786789804034,XAUT_USDT,demo,0,stale_binance,0,0.000000000,0.500000000,0.000000000,0.000000000,0.229355168,0.000000000,0.000000000,2038.000,241.000,241.000
1786789805239,XAUT_USDT,demo,0,stale_binance,0,0.000000000,0.500000000,0.000000000,0.000000000,0.229355168,0.000000000,0.000000000,944.000,77.000,77.000
1786789805348,XAUT_USDT,demo,0,stale_binance,0,0.000000000,0.500000000,0.000000000,0.000000000,0.229355168,0.000000000,0.000000000,1053.000,0.000,0.000
1786789805479,XAUT_USDT,demo,0,stale_binance,0,0.000000000,0.500000000,0.000000000,0.000000000,0.229355168,0.000000000,0.000000000,1184.000,57.000,57.000
1786789805600,XAUT_USDT,demo,0,stale_binance,0,0.000000000,0.500000000,0.000000000,0.000000000,0.229355168,0.000000000,0.000000000,1305.000,0.000,0.000
1786789805717,XAUT_USDT,demo,0,stale_binance,0,0.000000000,0.500000000,0.000000000,0.000000000,0.229355168,0.000000000,0.000000000,1422.000,117.000,117.000
1786789805832,XAUT_USDT,demo,0,stale_binance,0,0.000000000,0.500000000,0.000000000,0.000000000,0.229355168,0.000000000,0.000000000,1537.000,232.000,232.000
1786789805955,XAUT_USDT,demo,0,stale_binance,0,0.000000000,0.500000000,0.000000000,0.000000000,0.229355168,0.000000000,0.000000000,1660.000,107.000,107.000
1786789806060,XAUT_USDT,demo,0,stale_binance,0,0.000000000,0.500000000,0.000000000,0.000000000,0.229355168,0.000000000,0.000000000,1765.000,212.000,212.000
1786789806160,XAUT_USDT,demo,0,stale_binance,0,0.000000000,0.500000000,0.000000000,0.000000000,0.229355168,0.000000000,0.000000000,1865.000,58.000,58.000
1786789806294,XAUT_USDT,demo,0,stale_binance,0,0.000000000,0.500000000,0.000000000,0.000000000,0.229355168,0.000000000,0.000000000,1999.000,105.000,105.000
1786789806399,XAUT_USDT,demo,0,stale_binance,0,0.000000000,0.500000000,0.000000000,0.000000000,0.229355168,0.000000000,0.000000000,2104.000,210.000,210.000
1786789806511,XAUT_USDT,demo,0,stale_binance,0,0.000000000,0.500000000,0.000000000,0.000000000,0.229355168,0.000000000,0.000000000,2216.000,51.000,51.000
1786789806617,XAUT_USDT,demo,0,stale_binance,0,0.000000000,0.500000000,0.000000000,0.000000000,0.229355168,0.000000000,0.000000000,2322.000,157.000,157.000
1786789806762,XAUT_USDT,demo,0,stale_binance,0,0.000000000,0.500000000,0.000000000,0.000000000,0.229355168,0.000000000,0.000000000,2467.000,50.000,50.000
1786789806870,XAUT_USDT,demo,0,stale_binance,0,0.000000000,0.500000000,0.000000000,0.000000000,0.229355168,0.000000000,0.000000000,2575.000,158.000,158.000
1786789807000,XAUT_USDT,demo,0,stale_binance,0,0.000000000,0.500000000,0.000000000,0.000000000,0.229355168,0.000000000,0.000000000,2705.000,116.000,116.000
1786789807126,XAUT_USDT,demo,0,stale_binance,0,0.000000000,0.500000000,0.000000000,0.000000000,0.229355168,0.000000000,0.000000000,2831.000,242.000,242.000
1786789807229,XAUT_USDT,demo,0,stale_binance,0,0.000000000,0.500000000,0.000000000,0.000000000,0.229355168,0.000000000,0.000000000,2934.000,0.000,0.000
1786789807375,XAUT_USDT,demo,0,stale_binance,0,0.000000000,0.500000000,0.000000000,0.000000000,0.229355168,0.000000000,0.000000000,3080.000,63.000,63.000
1786789807510,XAUT_USDT,demo,0,stale_binance,0,0.000000000,0.500000000,0.000000000,0.000000000,0.229355168,0.000000000,0.000000000,3215.000,112.000,112.000
1786789807632,XAUT_USDT,demo,0,stale_binance,0,0.000000000,0.500000000,0.000000000,0.000000000,0.229355168,0.000000000,0.000000000,3337.000,54.000,54.000
1786789807775,XAUT_USDT,demo,0,stale_binance,0,0.000000000,0.500000000,0.000000000,0.000000000,0.229355168,0.000000000,0.000000000,3480.000,122.000,122.000
1786789807881,XAUT_USDT,demo,0,stale_binance,0,0.000000000,0.500000000,0.000000000,0.000000000,0.229355168,0.000000000,0.000000000,3586.000,55.000,55.000
1786789807994,XAUT_USDT,demo,0,stale_binance,0,0.000000000,0.500000000,0.000000000,0.000000000,0.229355168,0.000000000,0.000000000,3699.000,168.000,168.000
1786789808094,XAUT_USDT,demo,0,stale_binance,0,0.000000000,0.500000000,0.000000000,0.000000000,0.229355168,0.000000000,0.000000000,3799.000,0.000,0.000
1786789808226,XAUT_USDT,demo,0,stale_binance,0,0.000000000,0.500000000,0.000000000,0.000000000,0.229355168,0.000000000,0.000000000,3931.000,57.000,57.000
1786789808344,XAUT_USDT,demo,0,stale_binance,0,0.000000000,0.500000000,0.000000000,0.000000000,0.229355168,0.000000000,0.000000000,4049.000,0.000,0.000
1786789808484,XAUT_USDT,demo,0,stale_binance,0,0.000000000,0.500000000,0.000000000,0.000000000,0.229355168,0.000000000,0.000000000,4189.000,54.000,54.000
1786789808593,XAUT_USDT,demo,0,stale_binance,0,0.000000000,0.500000000,0.000000000,0.000000000,0.229355168,0.000000000,0.000000000,4298.000,163.000,163.000
1786789808716,XAUT_USDT,demo,0,stale_binance,0,0.000000000,0.500000000,0.000000000,0.000000000,0.229355168,0.000000000,0.000000000,4421.000,114.000,114.000
1786789808830,XAUT_USDT,demo,0,stale_binance,0,0.000000000,0.500000000,0.000000000,0.000000000,0.229355168,0.000000000,0.000000000,4535.000,228.000,228.000
1786789808945,XAUT_USDT,demo,0,microspread_below_threshold,0,0.000000000,0.500000000,-0.447252579,-0.447252579,0.229355168,0.000000000,0.000000000,98.000,0.000,0.000
1786789809079,XAUT_USDT,demo,0,microspread_below_threshold,0,0.000000000,0.500000000,-0.447252579,-0.447252579,0.229355168,0.000000000,0.000000000,64.000,134.000,134.000
1786789809185,XAUT_USDT,demo,0,microspread_below_threshold,0,0.000000000,0.500000000,-0.447252579,-0.447252579,0.229355168,0.000000000,0.000000000,170.000,55.000,55.000
1786789809868,XAUT_USDT,demo,0,stale_binance,0,0.000000000,0.500000000,0.000000000,0.000000000,0.229355168,0.000000000,0.000000000,853.000,65.000,65.000
1786789809981,XAUT_USDT,demo,0,stale_binance,0,0.000000000,0.500000000,0.000000000,0.000000000,0.229355168,0.000000000,0.000000000,966.000,178.000,178.000
1786789810125,XAUT_USDT,demo,0,microspread_below_threshold,0,0.000000000,0.500000000,-0.447252579,-0.447252579,0.229355168,0.000000000,0.000000000,107.000,61.000,61.000
1786789810234,XAUT_USDT,demo,0,microspread_below_threshold,0,0.000000000,0.500000000,-0.447252579,-0.447252579,0.229355168,0.000000000,0.000000000,216.000,0.000,0.000
1786789810352,XAUT_USDT,demo,0,stale_binance,0,0.000000000,0.500000000,0.000000000,0.000000000,0.229355168,0.000000000,0.000000000,334.000,118.000,118.000
1786789810466,XAUT_USDT,demo,0,stale_binance,0,0.000000000,0.500000000,0.000000000,0.000000000,0.229355168,0.000000000,0.000000000,448.000,56.000,56.000
1786789810580,XAUT_USDT,demo,0,stale_binance,0,0.000000000,0.500000000,0.000000000,0.000000000,0.229355168,0.000000000,0.000000000,562.000,0.000,0.000
1786789810727,XAUT_USDT,demo,0,stale_binance,0,0.000000000,0.500000000,0.000000000,0.000000000,0.229355168,0.000000000,0.000000000,709.000,51.000,51.000
1786789810839,XAUT_USDT,demo,0,stale_binance,0,0.000000000,0.500000000,0.000000000,0.000000000,0.229355168,0.000000000,0.000000000,821.000,0.000,0.000
1786789810975,XAUT_USDT,demo,0,stale_binance,0,0.000000000,0.500000000,0.000000000,0.000000000,0.229355168,0.000000000,0.000000000,957.000,51.000,51.000
1786789811090,XAUT_USDT,demo,0,stale_binance,0,0.000000000,0.500000000,0.000000000,0.000000000,0.229355168,0.000000000,0.000000000,1072.000,0.000,0.000
1786789811200,XAUT_USDT,demo,0,stale_binance,0,0.000000000,0.500000000,0.000000000,0.000000000,0.229355168,0.000000000,0.000000000,1182.000,110.000,110.000
1786789811308,XAUT_USDT,demo,0,stale_binance,0,0.000000000,0.500000000,0.000000000,0.000000000,0.229355168,0.000000000,0.000000000,1290.000,218.000,218.000
1786789811427,XAUT_USDT,demo,0,stale_binance,0,0.000000000,0.500000000,0.000000000,0.000000000,0.229355168,0.000000000,0.000000000,1409.000,337.000,337.000
1786789811581,XAUT_USDT,demo,0,stale_binance,0,0.000000000,0.500000000,0.000000000,0.000000000,0.229355168,0.000000000,0.000000000,1563.000,57.000,57.000
1786789811693,XAUT_USDT,demo,0,stale_binance,0,0.000000000,0.500000000,0.000000000,0.000000000,0.229355168,0.000000000,0.000000000,1675.000,169.000,169.000
1786789811825,XAUT_USDT,demo,0,microspread_below_threshold,0,0.000000000,0.500000000,-0.447252579,-0.447252579,0.229355168,0.000000000,0.000000000,51.000,119.000,119.000
1786789811942,XAUT_USDT,demo,0,microspread_below_threshold,0,0.000000000,0.500000000,-0.447252579,-0.447252579,0.229355168,0.000000000,0.000000000,168.000,236.000,236.000
1786789812075,XAUT_USDT,demo,0,stale_binance,0,0.000000000,0.500000000,0.000000000,0.000000000,0.229355168,0.000000000,0.000000000,301.000,120.000,120.000
1786789812175,XAUT_USDT,demo,0,stale_binance,0,0.000000000,0.500000000,0.000000000,0.000000000,0.229355168,0.000000000,0.000000000,401.000,52.000,52.000
1786789812294,XAUT_USDT,demo,0,microspread_below_threshold,0,0.000000000,0.500000000,-0.447252579,-0.447252579,0.229355168,0.000000000,0.000000000,39.000,0.000,0.000
1786789812405,XAUT_USDT,demo,0,microspread_below_threshold,0,0.000000000,0.500000000,-0.447252579,-0.447252579,0.229355168,0.000000000,0.000000000,150.000,111.000,111.000
1786789812541,XAUT_USDT,demo,0,microspread_below_threshold,0,0.000000000,0.500000000,-0.447252579,-0.447252579,0.229355168,0.000000000,0.000000000,286.000,57.000,57.000
1786789812653,XAUT_USDT,demo,0,stale_binance,0,0.000000000,0.500000000,0.000000000,0.000000000,0.229355168,0.000000000,0.000000000,398.000,0.000,0.000
1786789812760,XAUT_USDT,demo,0,stale_binance,0,0.000000000,0.500000000,0.000000000,0.000000000,0.229355168,0.000000000,0.000000000,505.000,107.000,107.000
1786789812876,XAUT_USDT,demo,0,stale_binance,0,0.000000000,0.500000000,0.000000000,0.000000000,0.229355168,0.000000000,0.000000000,621.000,223.000,223.000
1786789813023,XAUT_USDT,demo,0,stale_binance,0,0.000000000,0.500000000,0.000000000,0.000000000,0.229355168,0.000000000,0.000000000,768.000,114.000,114.000
1786789813127,XAUT_USDT,demo,0,microspread_below_threshold,0,0.000000000,0.500000000,-0.447252579,-0.447252579,0.229355168,0.000000000,0.000000000,62.000,60.000,60.000
1786789813233,XAUT_USDT,demo,0,microspread_below_threshold,0,0.000000000,0.500000000,-0.447252579,-0.447252579,0.229355168,0.000000000,0.000000000,56.000,69.000,69.000
1786789813367,XAUT_USDT,demo,0,microspread_below_threshold,0,0.000000000,0.500000000,-0.447252579,-0.447252579,0.229355168,0.000000000,0.000000000,106.000,105.000,105.000
1786789813475,XAUT_USDT,demo,0,microspread_below_threshold,0,0.000000000,0.500000000,-0.447252579,-0.447252579,0.229355168,0.000000000,0.000000000,214.000,58.000,58.000
1786789813609,XAUT_USDT,demo,0,stale_binance,0,0.000000000,0.500000000,0.000000000,0.000000000,0.229355168,0.000000000,0.000000000,348.000,0.000,0.000
1786789813725,XAUT_USDT,demo,0,stale_binance,0,0.000000000,0.500000000,0.000000000,0.000000000,0.229355168,0.000000000,0.000000000,464.000,54.000,54.000
1786789813875,XAUT_USDT,demo,0,stale_binance,0,0.000000000,0.500000000,0.000000000,0.000000000,0.229355168,0.000000000,0.000000000,614.000,117.000,117.000
1786789813991,XAUT_USDT,demo,0,stale_binance,0,0.000000000,0.500000000,0.000000000,0.000000000,0.229355168,0.000000000,0.000000000,730.000,233.000,233.000
1786789814099,XAUT_USDT,demo,0,stale_binance,0,0.000000000,0.500000000,0.000000000,0.000000000,0.229355168,0.000000000,0.000000000,838.000,0.000,0.000
1786789814929,XAUT_USDT,demo,0,stale_binance,0,0.000000000,0.500000000,0.000000000,0.000000000,0.229355168,0.000000000,0.000000000,1668.000,56.000,56.000
1786789815042,XAUT_USDT,demo,0,stale_binance,0,0.000000000,0.500000000,0.000000000,0.000000000,0.229355168,0.000000000,0.000000000,1781.000,169.000,169.000
1786789815193,XAUT_USDT,demo,0,microspread_below_threshold,0,0.000000000,0.500000000,-0.447252579,-0.447252579,0.229355168,0.000000000,0.000000000,96.000,62.000,62.000
1786789815330,XAUT_USDT,demo,0,microspread_below_threshold,0,0.000000000,0.500000000,-0.447252579,-0.447252579,0.229355168,0.000000000,0.000000000,233.000,112.000,112.000
1786789815467,XAUT_USDT,demo,0,stale_binance,0,0.000000000,0.500000000,0.000000000,0.000000000,0.229355168,0.000000000,0.000000000,370.000,59.000,59.000
1786789815591,XAUT_USDT,demo,0,stale_binance,0,0.000000000,0.500000000,0.000000000,0.000000000,0.229355168,0.000000000,0.000000000,494.000,183.000,183.000
1786789815714,XAUT_USDT,demo,0,stale_binance,0,0.000000000,0.500000000,0.000000000,0.000000000,0.229355168,0.000000000,0.000000000,617.000,59.000,59.000
1786789815848,XAUT_USDT,demo,0,stale_binance,0,0.000000000,0.500000000,0.000000000,0.000000000,0.229355168,0.000000000,0.000000000,751.000,106.000,106.000
1786789815979,XAUT_USDT,demo,0,stale_binance,0,0.000000000,0.500000000,0.000000000,0.000000000,0.229355168,0.000000000,0.000000000,882.000,64.000,64.000
1786789816086,XAUT_USDT,demo,0,stale_binance,0,0.000000000,0.500000000,0.000000000,0.000000000,0.229355168,0.000000000,0.000000000,989.000,0.000,0.000
1786789816223,XAUT_USDT,demo,0,stale_binance,0,0.000000000,0.500000000,0.000000000,0.000000000,0.229355168,0.000000000,0.000000000,1126.000,56.000,56.000
1786789816332,XAUT_USDT,demo,0,stale_binance,0,0.000000000,0.500000000,0.000000000,0.000000000,0.229355168,0.000000000,0.000000000,1235.000,165.000,165.000
1786789816432,XAUT_USDT,demo,0,stale_binance,0,0.000000000,0.500000000,0.000000000,0.000000000,0.229355168,0.000000000,0.000000000,1335.000,1.000,1.000
1786789816541,XAUT_USDT,demo,0,stale_binance,0,0.000000000,0.500000000,0.000000000,0.000000000,0.229355168,0.000000000,0.000000000,1444.000,110.000,110.000
1786789816663,XAUT_USDT,demo,0,microspread_below_threshold,0,0.000000000,0.500000000,-0.447252579,-0.447252579,0.229355168,0.000000000,0.000000000,53.000,232.000,232.000
1786789816774,XAUT_USDT,demo,0,microspread_below_threshold,0,0.000000000,0.500000000,-0.447252579,-0.447252579,0.229355168,0.000000000,0.000000000,164.000,62.000,62.000
1786789816891,XAUT_USDT,demo,0,microspread_below_threshold,0,0.000000000,0.500000000,-0.447252579,-0.447252579,0.229355168,0.000000000,0.000000000,281.000,115.000,115.000
1786789817040,XAUT_USDT,demo,0,microspread_below_threshold,0,0.000000000,0.500000000,-0.447252579,-0.447252579,0.229355168,0.000000000,0.000000000,131.000,264.000,264.000
1786789817164,XAUT_USDT,demo,0,microspread_below_threshold,0,0.000000000,0.500000000,-0.447252579,-0.447252579,0.229355168,0.000000000,0.000000000,255.000,53.000,53.000
1786789817319,XAUT_USDT,demo,0,stale_binance,0,0.000000000,0.500000000,0.000000000,0.000000000,0.229355168,0.000000000,0.000000000,410.000,122.000,122.000
1786789817428,XAUT_USDT,demo,0,stale_binance,0,0.000000000,0.500000000,0.000000000,0.000000000,0.229355168,0.000000000,0.000000000,519.000,231.000,231.000
1786789817541,XAUT_USDT,demo,0,microspread_below_threshold,0,0.000000000,0.500000000,-0.447252579,-0.447252579,0.229355168,0.000000000,0.000000000,0.000,75.000,75.000
1786789817650,XAUT_USDT,demo,0,microspread_below_threshold,0,0.000000000,0.500000000,-0.447252579,-0.447252579,0.229355168,0.000000000,0.000000000,108.000,0.000,0.000
1786789817773,XAUT_USDT,demo,0,microspread_below_threshold,0,0.000000000,0.500000000,-0.447252579,-0.447252579,0.229355168,0.000000000,0.000000000,231.000,55.000,55.000
1786789817897,XAUT_USDT,demo,0,microspread_below_threshold,0,0.000000000,0.500000000,-0.447252579,-0.447252579,0.229355168,0.000000000,0.000000000,114.000,0.000,0.000
1786789817999,XAUT_USDT,demo,0,microspread_below_threshold,0,0.000000000,0.500000000,-0.447252579,-0.447252579,0.229355168,0.000000000,0.000000000,1.000,102.000,102.000
1786789818122,XAUT_USDT,demo,0,microspread_below_threshold,0,0.000000000,0.500000000,-0.447252579,-0.447252579,0.229355168,0.000000000,0.000000000,124.000,225.000,225.000
1786789818244,XAUT_USDT,demo,0,microspread_below_threshold,0,0.000000000,0.500000000,-0.447252579,-0.447252579,0.229355168,0.000000000,0.000000000,246.000,1.000,1.000
1786789818379,XAUT_USDT,demo,0,stale_binance,0,0.000000000,0.500000000,0.000000000,0.000000000,0.229355168,0.000000000,0.000000000,381.000,52.000,52.000
1786789818523,XAUT_USDT,demo,0,stale_binance,0,0.000000000,0.500000000,0.000000000,0.000000000,0.229355168,0.000000000,0.000000000,525.000,110.000,110.000
1786789818675,XAUT_USDT,demo,0,stale_binance,0,0.000000000,0.500000000,0.000000000,0.000000000,0.229355168,0.000000000,0.000000000,677.000,62.000,62.000
1786789818824,XAUT_USDT,demo,0,stale_binance,0,0.000000000,0.500000000,0.000000000,0.000000000,0.229355168,0.000000000,0.000000000,826.000,63.000,63.000
1786789818941,XAUT_USDT,demo,0,microspread_below_threshold,0,0.000000000,0.500000000,-0.447252579,-0.447252579,0.229355168,0.000000000,0.000000000,84.000,0.000,0.000
1786789819076,XAUT_USDT,demo,0,microspread_below_threshold,0,0.000000000,0.500000000,-0.447252579,-0.447252579,0.229355168,0.000000000,0.000000000,219.000,66.000,66.000
1786789819190,XAUT_USDT,demo,0,stale_binance,0,0.000000000,0.500000000,0.000000000,0.000000000,0.229355168,0.000000000,0.000000000,333.000,0.000,0.000
1786789819882,XAUT_USDT,demo,0,microspread_below_threshold,0,0.000000000,0.500000000,-0.447252579,-0.447252579,0.229355168,0.000000000,0.000000000,131.000,94.000,94.000
1786789820010,XAUT_USDT,demo,0,microspread_below_threshold,0,0.000000000,0.500000000,-0.447252579,-0.447252579,0.229355168,0.000000000,0.000000000,259.000,52.000,52.000
1786789820130,XAUT_USDT,demo,0,stale_binance,0,0.000000000,0.500000000,0.000000000,0.000000000,0.229355168,0.000000000,0.000000000,379.000,172.000,172.000
1786789820272,XAUT_USDT,demo,0,microspread_below_threshold,0,0.000000000,0.500000000,-0.447252579,-0.447252579,0.229355168,0.000000000,0.000000000,122.000,62.000,62.000
1786789820423,XAUT_USDT,demo,0,microspread_below_threshold,0,0.000000000,0.500000000,-0.447252579,-0.447252579,0.229355168,0.000000000,0.000000000,273.000,126.000,126.000
1786789820530,XAUT_USDT,demo,0,stale_binance,0,0.000000000,0.500000000,0.000000000,0.000000000,0.229355168,0.000000000,0.000000000,380.000,51.000,51.000
1786789820643,XAUT_USDT,demo,0,stale_binance,0,0.000000000,0.500000000,0.000000000,0.000000000,0.229355168,0.000000000,0.000000000,493.000,0.000,0.000
1786789820794,XAUT_USDT,demo,0,stale_binance,0,0.000000000,0.500000000,0.000000000,0.000000000,0.229355168,0.000000000,0.000000000,644.000,65.000,65.000
1786789820906,XAUT_USDT,demo,0,stale_binance,0,0.000000000,0.500000000,0.000000000,0.000000000,0.229355168,0.000000000,0.000000000,756.000,61.000,61.000
1786789821016,XAUT_USDT,demo,0,stale_binance,0,0.000000000,0.500000000,0.000000000,0.000000000,0.229355168,0.000000000,0.000000000,866.000,171.000,171.000
1786789821132,XAUT_USDT,demo,0,stale_binance,0,0.000000000,0.500000000,0.000000000,0.000000000,0.229355168,0.000000000,0.000000000,982.000,287.000,287.000
1786789821247,XAUT_USDT,demo,0,microspread_below_threshold,0,0.000000000,0.500000000,-0.447252579,-0.447252579,0.229355168,0.000000000,0.000000000,108.000,0.000,0.000
1786789821391,XAUT_USDT,demo,0,microspread_below_threshold,0,0.000000000,0.500000000,-0.447252579,-0.447252579,0.229355168,0.000000000,0.000000000,252.000,62.000,62.000
1786789821505,XAUT_USDT,demo,0,stale_binance,0,0.000000000,0.500000000,0.000000000,0.000000000,0.229355168,0.000000000,0.000000000,366.000,1.000,1.000
1786789821640,XAUT_USDT,demo,0,microspread_below_threshold,0,0.000000000,0.500000000,-0.447252579,-0.447252579,0.229355168,0.000000000,0.000000000,0.000,49.000,49.000
1786789821788,XAUT_USDT,demo,0,microspread_below_threshold,0,0.000000000,0.500000000,-0.447252579,-0.447252579,0.229355168,0.000000000,0.000000000,148.000,111.000,111.000
1786789821908,XAUT_USDT,demo,0,microspread_below_threshold,0,0.000000000,0.500000000,-0.447252579,-0.447252579,0.229355168,0.000000000,0.000000000,268.000,231.000,231.000
1786789822045,XAUT_USDT,demo,0,stale_binance,0,0.000000000,0.500000000,0.000000000,0.000000000,0.229355168,0.000000000,0.000000000,405.000,115.000,115.000
1786789822156,XAUT_USDT,demo,0,stale_binance,0,0.000000000,0.500000000,0.000000000,0.000000000,0.229355168,0.000000000,0.000000000,516.000,226.000,226.000
1786789822272,XAUT_USDT,demo,0,stale_binance,0,0.000000000,0.500000000,0.000000000,0.000000000,0.229355168,0.000000000,0.000000000,632.000,342.000,342.000
1786789822378,XAUT_USDT,demo,0,stale_binance,0,0.000000000,0.500000000,0.000000000,0.000000000,0.229355168,0.000000000,0.000000000,738.000,0.000,0.000
1786789822521,XAUT_USDT,demo,0,stale_binance,0,0.000000000,0.500000000,0.000000000,0.000000000,0.229355168,0.000000000,0.000000000,881.000,61.000,61.000
1786789822673,XAUT_USDT,demo,0,stale_binance,0,0.000000000,0.500000000,0.000000000,0.000000000,0.229355168,0.000000000,0.000000000,1033.000,54.000,54.000
1786789822792,XAUT_USDT,demo,0,microspread_below_threshold,0,0.000000000,0.500000000,-0.447252579,-0.447252579,0.229355168,0.000000000,0.000000000,116.000,0.000,0.000
1786789822907,XAUT_USDT,demo,0,microspread_below_threshold,0,0.000000000,0.500000000,-0.447252579,-0.447252579,0.229355168,0.000000000,0.000000000,113.000,115.000,115.000
1786789823030,XAUT_USDT,demo,0,microspread_below_threshold,0,0.000000000,0.500000000,-0.447252579,-0.447252579,0.229355168,0.000000000,0.000000000,236.000,238.000,238.000
1786789823153,XAUT_USDT,demo,0,stale_binance,0,0.000000000,0.500000000,0.000000000,0.000000000,0.229355168,0.000000000,0.000000000,359.000,361.000,361.000
1786789823275,XAUT_USDT,demo,0,stale_binance,0,0.000000000,0.500000000,0.000000000,0.000000000,0.229355168,0.000000000,0.000000000,481.000,56.000,56.000
1786789823421,XAUT_USDT,demo,0,stale_binance,0,0.000000000,0.500000000,0.000000000,0.000000000,0.229355168,0.000000000,0.000000000,627.000,115.000,115.000
1786789823528,XAUT_USDT,demo,0,microspread_below_threshold,0,0.000000000,0.500000000,-0.447252579,-0.447252579,0.229355168,0.000000000,0.000000000,68.000,52.000,52.000
1786789823652,XAUT_USDT,demo,0,microspread_below_threshold,0,0.000000000,0.500000000,-0.447252579,-0.447252579,0.229355168,0.000000000,0.000000000,192.000,0.000,0.000
1786789823806,XAUT_USDT,demo,0,stale_binance,0,0.000000000,0.500000000,0.000000000,0.000000000,0.229355168,0.000000000,0.000000000,346.000,56.000,56.000
1786789823914,XAUT_USDT,demo,0,stale_binance,0,0.000000000,0.500000000,0.000000000,0.000000000,0.229355168,0.000000000,0.000000000,454.000,0.000,0.000
1786789824025,XAUT_USDT,demo,0,stale_binance,0,0.000000000,0.500000000,0.000000000,0.000000000,0.229355168,0.000000000,0.000000000,565.000,111.000,111.000
1786789824138,XAUT_USDT,demo,0,stale_binance,0,0.000000000,0.500000000,0.000000000,0.000000000,0.229355168,0.000000000,0.000000000,678.000,224.000,224.000
1786789824946,XAUT_USDT,demo,0,microspread_below_threshold,0,0.000000000,0.500000000,-0.447252579,-0.447252579,0.229355168,0.000000000,0.000000000,124.000,169.000,169.000
1786789825069,XAUT_USDT,demo,0,microspread_below_threshold,0,0.000000000,0.500000000,-0.447252579,-0.447252579,0.229355168,0.000000000,0.000000000,247.000,292.000,292.000
1786789825171,XAUT_USDT,demo,0,stale_binance,0,0.000000000,0.500000000,0.000000000,0.000000000,0.229355168,0.000000000,0.000000000,349.000,56.000,56.000
1786789825289,XAUT_USDT,demo,0,stale_binance,0,0.000000000,0.500000000,0.000000000,0.000000000,0.229355168,0.000000000,0.000000000,467.000,1.000,1.000
1786789825404,XAUT_USDT,demo,0,stale_binance,0,0.000000000,0.500000000,0.000000000,0.000000000,0.229355168,0.000000000,0.000000000,582.000,116.000,116.000
1786789825523,XAUT_USDT,demo,0,stale_binance,0,0.000000000,0.500000000,0.000000000,0.000000000,0.229355168,0.000000000,0.000000000,701.000,61.000,61.000
1786789825685,XAUT_USDT,demo,0,stale_binance,0,0.000000000,0.500000000,0.000000000,0.000000000,0.229355168,0.000000000,0.000000000,863.000,127.000,127.000
1786789825805,XAUT_USDT,demo,0,stale_binance,0,0.000000000,0.500000000,0.000000000,0.000000000,0.229355168,0.000000000,0.000000000,983.000,0.000,0.000
1786789825922,XAUT_USDT,demo,0,stale_binance,0,0.000000000,0.500000000,0.000000000,0.000000000,0.229355168,0.000000000,0.000000000,1100.000,117.000,117.000
1786789826043,XAUT_USDT,demo,0,stale_binance,0,0.000000000,0.500000000,0.000000000,0.000000000,0.229355168,0.000000000,0.000000000,1221.000,66.000,66.000
1786789826155,XAUT_USDT,demo,0,stale_binance,0,0.000000000,0.500000000,0.000000000,0.000000000,0.229355168,0.000000000,0.000000000,1333.000,178.000,178.000
1786789826262,XAUT_USDT,demo,0,stale_binance,0,0.000000000,0.500000000,0.000000000,0.000000000,0.229355168,0.000000000,0.000000000,1440.000,0.000,0.000
1786789826385,XAUT_USDT,demo,0,stale_binance,0,0.000000000,0.500000000,0.000000000,0.000000000,0.229355168,0.000000000,0.000000000,1563.000,61.000,61.000
1786789826521,XAUT_USDT,demo,0,stale_binance,0,0.000000000,0.500000000,0.000000000,0.000000000,0.229355168,0.000000000,0.000000000,1699.000,111.000,111.000
1786789826665,XAUT_USDT,demo,0,stale_binance,0,0.000000000,0.500000000,0.000000000,0.000000000,0.229355168,0.000000000,0.000000000,1843.000,0.000,0.000
1786789826813,XAUT_USDT,demo,0,stale_binance,0,0.000000000,0.500000000,0.000000000,0.000000000,0.229355168,0.000000000,0.000000000,1991.000,58.000,58.000
1786789826953,XAUT_USDT,demo,0,stale_binance,0,0.000000000,0.500000000,0.000000000,0.000000000,0.229355168,0.000000000,0.000000000,2131.000,119.000,119.000
1786789827070,XAUT_USDT,demo,0,stale_binance,0,0.000000000,0.500000000,0.000000000,0.000000000,0.229355168,0.000000000,0.000000000,2248.000,236.000,236.000
1786789827192,XAUT_USDT,demo,0,stale_binance,0,0.000000000,0.500000000,0.000000000,0.000000000,0.229355168,0.000000000,0.000000000,2370.000,358.000,358.000
1786789827321,XAUT_USDT,demo,0,stale_binance,0,0.000000000,0.500000000,0.000000000,0.000000000,0.229355168,0.000000000,0.000000000,2499.000,58.000,58.000
1786789827438,XAUT_USDT,demo,0,stale_binance,0,0.000000000,0.500000000,0.000000000,0.000000000,0.229355168,0.000000000,0.000000000,2616.000,175.000,175.000
1786789827586,XAUT_USDT,demo,0,stale_binance,0,0.000000000,0.500000000,0.000000000,0.000000000,0.229355168,0.000000000,0.000000000,2764.000,62.000,62.000
1786789827693,XAUT_USDT,demo,0,stale_binance,0,0.000000000,0.500000000,0.000000000,0.000000000,0.229355168,0.000000000,0.000000000,2871.000,0.000,0.000
1786789827837,XAUT_USDT,demo,0,stale_binance,0,0.000000000,0.500000000,0.000000000,0.000000000,0.229355168,0.000000000,0.000000000,3015.000,57.000,57.000
1786789827947,XAUT_USDT,demo,0,stale_binance,0,0.000000000,0.500000000,0.000000000,0.000000000,0.229355168,0.000000000,0.000000000,3125.000,0.000,0.000
1786789828060,XAUT_USDT,demo,0,stale_binance,0,0.000000000,0.500000000,0.000000000,0.000000000,0.229355168,0.000000000,0.000000000,3238.000,113.000,113.000
1786789828176,XAUT_USDT,demo,0,stale_binance,0,0.000000000,0.500000000,0.000000000,0.000000000,0.229355168,0.000000000,0.000000000,3354.000,229.000,229.000
1786789828287,XAUT_USDT,demo,0,stale_binance,0,0.000000000,0.500000000,0.000000000,0.000000000,0.229355168,0.000000000,0.000000000,3465.000,0.000,0.000
1786789828432,XAUT_USDT,demo,0,microspread_below_threshold,0,0.000000000,0.500000000,-0.447252579,-0.447252579,0.229355168,0.000000000,0.000000000,114.000,145.000,145.000
1786789828572,XAUT_USDT,demo,0,microspread_below_threshold,0,0.000000000,0.500000000,-0.447252579,-0.447252579,0.229355168,0.000000000,0.000000000,254.000,108.000,108.000
1786789828704,XAUT_USDT,demo,0,stale_binance,0,0.000000000,0.500000000,0.000000000,0.000000000,0.229355168,0.000000000,0.000000000,386.000,61.000,61.000
1786789828812,XAUT_USDT,demo,0,stale_binance,0,0.000000000,0.500000000,0.000000000,0.000000000,0.229355168,0.000000000,0.000000000,494.000,0.000,0.000
1786789828925,XAUT_USDT,demo,0,microspread_below_threshold,0,0.000000000,0.500000000,-0.447252579,-0.447252579,0.229355168,0.000000000,0.000000000,56.000,113.000,113.000
1786789829037,XAUT_USDT,demo,0,microspread_below_threshold,0,0.000000000,0.500000000,-0.447252579,-0.447252579,0.229355168,0.000000000,0.000000000,168.000,225.000,225.000
1786789829153,XAUT_USDT,demo,0,microspread_below_threshold,0,0.000000000,0.500000000,-0.447252579,-0.447252579,0.229355168,0.000000000,0.000000000,284.000,341.000,341.000
1786789829939,XAUT_USDT,demo,0,stale_binance,0,0.000000000,0.500000000,0.000000000,0.000000000,0.229355168,0.000000000,0.000000000,1070.000,99.000,99.000
1786789830060,XAUT_USDT,demo,0,stale_binance,0,0.000000000,0.500000000,0.000000000,0.000000000,0.229355168,0.000000000,0.000000000,1191.000,220.000,220.000
1786789830169,XAUT_USDT,demo,0,stale_binance,0,0.000000000,0.500000000,0.000000000,0.000000000,0.229355168,0.000000000,0.000000000,1300.000,329.000,329.000
1786789830277,XAUT_USDT,demo,0,stale_binance,0,0.000000000,0.500000000,0.000000000,0.000000000,0.229355168,0.000000000,0.000000000,1408.000,437.000,437.000
1786789830437,XAUT_USDT,demo,0,microspread_below_threshold,0,0.000000000,0.500000000,-0.447252579,-0.447252579,0.229355168,0.000000000,0.000000000,64.000,145.000,145.000
1786789830553,XAUT_USDT,demo,0,microspread_below_threshold,0,0.000000000,0.500000000,-0.447252579,-0.447252579,0.229355168,0.000000000,0.000000000,180.000,106.000,106.000
1786789830667,XAUT_USDT,demo,0,microspread_below_threshold,0,0.000000000,0.500000000,-0.447252579,-0.447252579,0.229355168,0.000000000,0.000000000,294.000,220.000,220.000
1786789830786,XAUT_USDT,demo,0,stale_binance,0,0.000000000,0.500000000,0.000000000,0.000000000,0.229355168,0.000000000,0.000000000,413.000,0.000,0.000
1786789830902,XAUT_USDT,demo,0,stale_binance,0,0.000000000,0.500000000,0.000000000,0.000000000,0.229355168,0.000000000,0.000000000,529.000,116.000,116.000
1786789831020,XAUT_USDT,demo,0,stale_binance,0,0.000000000,0.500000000,0.000000000,0.000000000,0.229355168,0.000000000,0.000000000,647.000,234.000,234.000
1786789831142,XAUT_USDT,demo,0,stale_binance,0,0.000000000,0.500000000,0.000000000,0.000000000,0.229355168,0.000000000,0.000000000,769.000,356.000,356.000
1786789831285,XAUT_USDT,demo,0,stale_binance,0,0.000000000,0.500000000,0.000000000,0.000000000,0.229355168,0.000000000,0.000000000,912.000,53.000,53.000
1786789831435,XAUT_USDT,demo,0,stale_binance,0,0.000000000,0.500000000,0.000000000,0.000000000,0.229355168,0.000000000,0.000000000,1062.000,113.000,113.000
1786789831551,XAUT_USDT,demo,0,microspread_below_threshold,0,0.000000000,0.500000000,-0.447252579,-0.447252579,0.229355168,0.000000000,0.000000000,1.000,77.000,77.000
1786789831676,XAUT_USDT,demo,0,microspread_below_threshold,0,0.000000000,0.500000000,-0.447252579,-0.447252579,0.229355168,0.000000000,0.000000000,126.000,113.000,113.000
1786789831786,XAUT_USDT,demo,0,microspread_below_threshold,0,0.000000000,0.500000000,-0.447252579,-0.447252579,0.229355168,0.000000000,0.000000000,236.000,52.000,52.000
1786789831889,XAUT_USDT,demo,0,stale_binance,0,0.000000000,0.500000000,0.000000000,0.000000000,0.229355168,0.000000000,0.000000000,339.000,68.000,68.000
1786789832000,XAUT_USDT,demo,0,stale_binance,0,0.000000000,0.500000000,0.000000000,0.000000000,0.229355168,0.000000000,0.000000000,450.000,0.000,0.000
1786789832152,XAUT_USDT,demo,0,stale_binance,0,0.000000000,0.500000000,0.000000000,0.000000000,0.229355168,0.000000000,0.000000000,602.000,65.000,65.000
1786789832267,XAUT_USDT,demo,0,stale_binance,0,0.000000000,0.500000000,0.000000000,0.000000000,0.229355168,0.000000000,0.000000000,717.000,180.000,180.000
1786789832386,XAUT_USDT,demo,0,stale_binance,0,0.000000000,0.500000000,0.000000000,0.000000000,0.229355168,0.000000000,0.000000000,836.000,299.000,299.000
1786789832535,XAUT_USDT,demo,0,stale_binance,0,0.000000000,0.500000000,0.000000000,0.000000000,0.229355168,0.000000000,0.000000000,985.000,114.000,114.000
1786789832645,XAUT_USDT,demo,0,stale_binance,0,0.000000000,0.500000000,0.000000000,0.000000000,0.229355168,0.000000000,0.000000000,1095.000,224.000,224.000
1786789832767,XAUT_USDT,demo,0,microspread_below_threshold,0,0.000000000,0.500000000,-0.447252579,-0.447252579,0.229355168,0.000000000,0.000000000,56.000,0.000,0.000
1786789832902,XAUT_USDT,demo,0,microspread_below_threshold,0,0.000000000,0.500000000,-0.447252579,-0.447252579,0.229355168,0.000000000,0.000000000,191.000,51.000,51.000
1786789833023,XAUT_USDT,demo,0,stale_binance,0,0.000000000,0.500000000,0.000000000,0.000000000,0.229355168,0.000000000,0.000000000,312.000,172.000,172.000
1786789833169,XAUT_USDT,demo,0,microspread_below_threshold,0,0.000000000,0.500000000,-0.447252579,-0.447252579,0.229355168,0.000000000,0.000000000,118.000,134.000,134.000
1786789833276,XAUT_USDT,demo,0,microspread_below_threshold,0,0.000000000,0.500000000,-0.447252579,-0.447252579,0.229355168,0.000000000,0.000000000,225.000,0.000,0.000
1786789833391,XAUT_USDT,demo,0,stale_binance,0,0.000000000,0.500000000,0.000000000,0.000000000,0.229355168,0.000000000,0.000000000,340.000,115.000,115.000
1786789833502,XAUT_USDT,demo,0,stale_binance,0,0.000000000,0.500000000,0.000000000,0.000000000,0.229355168,0.000000000,0.000000000,451.000,55.000,55.000
1786789833641,XAUT_USDT,demo,0,stale_binance,0,0.000000000,0.500000000,0.000000000,0.000000000,0.229355168,0.000000000,0.000000000,590.000,108.000,108.000
1786789833773,XAUT_USDT,demo,0,stale_binance,0,0.000000000,0.500000000,0.000000000,0.000000000,0.229355168,0.000000000,0.000000000,722.000,65.000,65.000
1786789833917,XAUT_USDT,demo,0,stale_binance,0,0.000000000,0.500000000,0.000000000,0.000000000,0.229355168,0.000000000,0.000000000,866.000,119.000,119.000
1786789834019,XAUT_USDT,demo,0,stale_binance,0,0.000000000,0.500000000,0.000000000,0.000000000,0.229355168,0.000000000,0.000000000,968.000,58.000,58.000
1786789834137,XAUT_USDT,demo,0,stale_binance,0,0.000000000,0.500000000,0.000000000,0.000000000,0.229355168,0.000000000,0.000000000,1086.000,176.000,176.000
1786789834269,XAUT_USDT,demo,0,stale_binance,0,0.000000000,0.500000000,0.000000000,0.000000000,0.229355168,0.000000000,0.000000000,1218.000,53.000,53.000
1786789834946,XAUT_USDT,demo,0,stale_binance,0,0.000000000,0.500000000,0.000000000,0.000000000,0.229355168,0.000000000,0.000000000,1895.000,30.000,30.000
1786789835048,XAUT_USDT,demo,0,stale_binance,0,0.000000000,0.500000000,0.000000000,0.000000000,0.229355168,0.000000000,0.000000000,1997.000,58.000,58.000
1786789835167,XAUT_USDT,demo,0,stale_binance,0,0.000000000,0.500000000,0.000000000,0.000000000,0.229355168,0.000000000,0.000000000,2116.000,0.000,0.000
1786789835307,XAUT_USDT,demo,0,stale_binance,0,0.000000000,0.500000000,0.000000000,0.000000000,0.229355168,0.000000000,0.000000000,2256.000,56.000,56.000
1786789835423,XAUT_USDT,demo,0,stale_binance,0,0.000000000,0.500000000,0.000000000,0.000000000,0.229355168,0.000000000,0.000000000,2372.000,172.000,172.000
1786789835550,XAUT_USDT,demo,0,microspread_below_threshold,0,0.000000000,0.500000000,-0.447252579,-0.447252579,0.229355168,0.000000000,0.000000000,0.000,37.000,37.000
1786789835654,XAUT_USDT,demo,0,microspread_below_threshold,0,0.000000000,0.500000000,-0.447252579,-0.447252579,0.229355168,0.000000000,0.000000000,104.000,141.000,141.000
1786789835774,XAUT_USDT,demo,0,microspread_below_threshold,0,0.000000000,0.500000000,-0.447252579,-0.447252579,0.229355168,0.000000000,0.000000000,224.000,0.000,0.000
1786789835892,XAUT_USDT,demo,0,stale_binance,0,0.000000000,0.500000000,0.000000000,0.000000000,0.229355168,0.000000000,0.000000000,342.000,118.000,118.000
1786789836001,XAUT_USDT,demo,0,stale_binance,0,0.000000000,0.500000000,0.000000000,0.000000000,0.229355168,0.000000000,0.000000000,451.000,57.000,57.000
1786789836116,XAUT_USDT,demo,0,stale_binance,0,0.000000000,0.500000000,0.000000000,0.000000000,0.229355168,0.000000000,0.000000000,566.000,172.000,172.000
1786789836253,XAUT_USDT,demo,0,stale_binance,0,0.000000000,0.500000000,0.000000000,0.000000000,0.229355168,0.000000000,0.000000000,703.000,58.000,58.000
1786789836400,XAUT_USDT,demo,0,stale_binance,0,0.000000000,0.500000000,0.000000000,0.000000000,0.229355168,0.000000000,0.000000000,850.000,120.000,120.000
1786789836504,XAUT_USDT,demo,0,microspread_below_threshold,0,0.000000000,0.500000000,-0.447252579,-0.447252579,0.229355168,0.000000000,0.000000000,0.000,37.000,37.000
1786789836620,XAUT_USDT,demo,0,microspread_below_threshold,0,0.000000000,0.500000000,-0.447252579,-0.447252579,0.229355168,0.000000000,0.000000000,113.000,153.000,153.000
1786789836768,XAUT_USDT,demo,0,microspread_below_threshold,0,0.000000000,0.500000000,-0.447252579,-0.447252579,0.229355168,0.000000000,0.000000000,261.000,62.000,62.000
1786789836901,XAUT_USDT,demo,0,stale_binance,0,0.000000000,0.500000000,0.000000000,0.000000000,0.229355168,0.000000000,0.000000000,394.000,105.000,105.000
1786789837018,XAUT_USDT,demo,0,stale_binance,0,0.000000000,0.500000000,0.000000000,0.000000000,0.229355168,0.000000000,0.000000000,511.000,222.000,222.000
1786789837134,XAUT_USDT,demo,0,stale_binance,0,0.000000000,0.500000000,0.000000000,0.000000000,0.229355168,0.000000000,0.000000000,627.000,0.000,0.000
1786789837283,XAUT_USDT,demo,0,stale_binance,0,0.000000000,0.500000000,0.000000000,0.000000000,0.229355168,0.000000000,0.000000000,776.000,60.000,60.000
1786789837393,XAUT_USDT,demo,0,stale_binance,0,0.000000000,0.500000000,0.000000000,0.000000000,0.229355168,0.000000000,0.000000000,886.000,0.000,0.000
1786789837535,XAUT_USDT,demo,0,stale_binance,0,0.000000000,0.500000000,0.000000000,0.000000000,0.229355168,0.000000000,0.000000000,1028.000,56.000,56.000
1786789837650,XAUT_USDT,demo,0,stale_binance,0,0.000000000,0.500000000,0.000000000,0.000000000,0.229355168,0.000000000,0.000000000,1143.000,171.000,171.000
1786789837781,XAUT_USDT,demo,0,microspread_below_threshold,0,0.000000000,0.500000000,-0.447252579,-0.447252579,0.229355168,0.000000000,0.000000000,110.000,302.000,302.000
1786789837883,XAUT_USDT,demo,0,microspread_below_threshold,0,0.000000000,0.500000000,-0.447252579,-0.447252579,0.229355168,0.000000000,0.000000000,212.000,55.000,55.000
1786789837991,XAUT_USDT,demo,0,stale_binance,0,0.000000000,0.500000000,0.000000000,0.000000000,0.229355168,0.000000000,0.000000000,320.000,59.000,59.000
1786789838104,XAUT_USDT,demo,0,stale_binance,0,0.000000000,0.500000000,0.000000000,0.000000000,0.229355168,0.000000000,0.000000000,433.000,172.000,172.000
1786789838231,XAUT_USDT,demo,0,stale_binance,0,0.000000000,0.500000000,0.000000000,0.000000000,0.229355168,0.000000000,0.000000000,560.000,54.000,54.000
1786789838334,XAUT_USDT,demo,0,stale_binance,0,0.000000000,0.500000000,0.000000000,0.000000000,0.229355168,0.000000000,0.000000000,663.000,63.000,63.000
1786789838483,XAUT_USDT,demo,0,stale_binance,0,0.000000000,0.500000000,0.000000000,0.000000000,0.229355168,0.000000000,0.000000000,812.000,57.000,57.000
1786789838603,XAUT_USDT,demo,0,stale_binance,0,0.000000000,0.500000000,0.000000000,0.000000000,0.229355168,0.000000000,0.000000000,932.000,177.000,177.000
1786789838735,XAUT_USDT,demo,0,microspread_below_threshold,0,0.000000000,0.500000000,-0.447252579,-0.447252579,0.229355168,0.000000000,0.000000000,129.000,53.000,53.000
1786789838864,XAUT_USDT,demo,0,microspread_below_threshold,0,0.000000000,0.500000000,-0.447252579,-0.447252579,0.229355168,0.000000000,0.000000000,258.000,0.000,0.000
1786789839004,XAUT_USDT,demo,0,microspread_below_threshold,0,0.000000000,0.500000000,-0.447252579,-0.447252579,0.229355168,0.000000000,0.000000000,125.000,140.000,140.000
1786789839148,XAUT_USDT,demo,0,microspread_below_threshold,0,0.000000000,0.500000000,-0.447252579,-0.447252579,0.229355168,0.000000000,0.000000000,269.000,121.000,121.000
1786789839259,XAUT_USDT,demo,0,stale_binance,0,0.000000000,0.500000000,0.000000000,0.000000000,0.229355168,0.000000000,0.000000000,380.000,232.000,232.000
1786789840022,XAUT_USDT,demo,0,stale_binance,0,0.000000000,0.500000000,0.000000000,0.000000000,0.229355168,0.000000000,0.000000000,600.000,130.000,130.000
1786789840122,XAUT_USDT,demo,0,stale_binance,0,0.000000000,0.500000000,0.000000000,0.000000000,0.229355168,0.000000000,0.000000000,700.000,50.000,50.000
1786789840233,XAUT_USDT,demo,0,stale_binance,0,0.000000000,0.500000000,0.000000000,0.000000000,0.229355168,0.000000000,0.000000000,811.000,0.000,0.000
1786789840387,XAUT_USDT,demo,0,microspread_below_threshold,0,0.000000000,0.500000000,-0.447252579,-0.447252579,0.229355168,0.000000000,0.000000000,135.000,65.000,65.000
1786789840520,XAUT_USDT,demo,0,microspread_below_threshold,0,0.000000000,0.500000000,-0.447252579,-0.447252579,0.229355168,0.000000000,0.000000000,0.000,102.000,102.000
1786789840629,XAUT_USDT,demo,0,microspread_below_threshold,0,0.000000000,0.500000000,-0.447252579,-0.447252579,0.229355168,0.000000000,0.000000000,0.000,211.000,211.000
1786789840731,XAUT_USDT,demo,0,microspread_below_threshold,0,0.000000000,0.500000000,-0.447252579,-0.447252579,0.229355168,0.000000000,0.000000000,102.000,59.000,59.000
1786789840850,XAUT_USDT,demo,0,microspread_below_threshold,0,0.000000000,0.500000000,-0.447252579,-0.447252579,0.229355168,0.000000000,0.000000000,221.000,0.000,0.000
1786789840966,XAUT_USDT,demo,0,stale_binance,0,0.000000000,0.500000000,0.000000000,0.000000000,0.229355168,0.000000000,0.000000000,337.000,116.000,116.000
1786789841099,XAUT_USDT,demo,0,stale_binance,0,0.000000000,0.500000000,0.000000000,0.000000000,0.229355168,0.000000000,0.000000000,470.000,249.000,249.000
1786789841203,XAUT_USDT,demo,0,stale_binance,0,0.000000000,0.500000000,0.000000000,0.000000000,0.229355168,0.000000000,0.000000000,574.000,353.000,353.000
1786789841330,XAUT_USDT,demo,0,stale_binance,0,0.000000000,0.500000000,0.000000000,0.000000000,0.229355168,0.000000000,0.000000000,701.000,56.000,56.000
1786789841444,XAUT_USDT,demo,0,microspread_below_threshold,0,0.000000000,0.500000000,-0.447252579,-0.447252579,0.229355168,0.000000000,0.000000000,25.000,1.000,1.000
1786789841582,XAUT_USDT,demo,0,microspread_below_threshold,0,0.000000000,0.500000000,-0.447252579,-0.447252579,0.229355168,0.000000000,0.000000000,163.000,54.000,54.000
1786789841690,XAUT_USDT,demo,0,microspread_below_threshold,0,0.000000000,0.500000000,-0.447252579,-0.447252579,0.229355168,0.000000000,0.000000000,57.000,162.000,162.000
1786789841815,XAUT_USDT,demo,0,microspread_below_threshold,0,0.000000000,0.500000000,-0.447252579,-0.447252579,0.229355168,0.000000000,0.000000000,182.000,287.000,287.000
1786789841938,XAUT_USDT,demo,0,stale_binance,0,0.000000000,0.500000000,0.000000000,0.000000000,0.229355168,0.000000000,0.000000000,305.000,62.000,62.000
1786789842050,XAUT_USDT,demo,0,stale_binance,0,0.000000000,0.500000000,0.000000000,0.000000000,0.229355168,0.000000000,0.000000000,417.000,0.000,0.000
1786789842167,XAUT_USDT,demo,0,stale_binance,0,0.000000000,0.500000000,0.000000000,0.000000000,0.229355168,0.000000000,0.000000000,534.000,117.000,117.000
1786789842283,XAUT_USDT,demo,0,stale_binance,0,0.000000000,0.500000000,0.000000000,0.000000000,0.229355168,0.000000000,0.000000000,650.000,233.000,233.000
1786789842384,XAUT_USDT,demo,0,stale_binance,0,0.000000000,0.500000000,0.000000000,0.000000000,0.229355168,0.000000000,0.000000000,751.000,0.000,0.000
1786789842531,XAUT_USDT,demo,0,microspread_below_threshold,0,0.000000000,0.500000000,-0.447252579,-0.447252579,0.229355168,0.000000000,0.000000000,100.000,57.000,57.000
1786789842641,XAUT_USDT,demo,0,microspread_below_threshold,0,0.000000000,0.500000000,-0.447252579,-0.447252579,0.229355168,0.000000000,0.000000000,210.000,0.000,0.000
1786789842748,XAUT_USDT,demo,0,stale_binance,0,0.000000000,0.500000000,0.000000000,0.000000000,0.229355168,0.000000000,0.000000000,317.000,107.000,107.000
1786789842882,XAUT_USDT,demo,0,stale_binance,0,0.000000000,0.500000000,0.000000000,0.000000000,0.229355168,0.000000000,0.000000000,451.000,58.000,58.000
1786789842998,XAUT_USDT,demo,0,microspread_below_threshold,0,0.000000000,0.500000000,-0.447252579,-0.447252579,0.229355168,0.000000000,0.000000000,114.000,174.000,174.000
1786789843116,XAUT_USDT,demo,0,microspread_below_threshold,0,0.000000000,0.500000000,-0.447252579,-0.447252579,0.229355168,0.000000000,0.000000000,232.000,292.000,292.000
1786789843224,XAUT_USDT,demo,0,stale_binance,0,0.000000000,0.500000000,0.000000000,0.000000000,0.229355168,0.000000000,0.000000000,340.000,400.000,400.000
1786789843338,XAUT_USDT,demo,0,stale_binance,0,0.000000000,0.500000000,0.000000000,0.000000000,0.229355168,0.000000000,0.000000000,454.000,0.000,0.000
1786789843486,XAUT_USDT,demo,0,stale_binance,0,0.000000000,0.500000000,0.000000000,0.000000000,0.229355168,0.000000000,0.000000000,602.000,61.000,61.000
1786789843615,XAUT_USDT,demo,0,stale_binance,0,0.000000000,0.500000000,0.000000000,0.000000000,0.229355168,0.000000000,0.000000000,731.000,114.000,114.000
1786789843732,XAUT_USDT,demo,0,stale_binance,0,0.000000000,0.500000000,0.000000000,0.000000000,0.229355168,0.000000000,0.000000000,848.000,231.000,231.000
1786789843849,XAUT_USDT,demo,0,stale_binance,0,0.000000000,0.500000000,0.000000000,0.000000000,0.229355168,0.000000000,0.000000000,965.000,348.000,348.000
1786789843986,XAUT_USDT,demo,0,stale_binance,0,0.000000000,0.500000000,0.000000000,0.000000000,0.229355168,0.000000000,0.000000000,1102.000,51.000,51.000
1786789844104,XAUT_USDT,demo,0,stale_binance,0,0.000000000,0.500000000,0.000000000,0.000000000,0.229355168,0.000000000,0.000000000,1220.000,169.000,169.000
1786789844232,XAUT_USDT,demo,0,stale_binance,0,0.000000000,0.500000000,0.000000000,0.000000000,0.229355168,0.000000000,0.000000000,1348.000,297.000,297.000
1786789845453,XAUT_USDT,demo,0,stale_binance,0,0.000000000,0.500000000,0.000000000,0.000000000,0.229355168,0.000000000,0.000000000,2569.000,63.000,63.000
1786789845563,XAUT_USDT,demo,0,stale_binance,0,0.000000000,0.500000000,0.000000000,0.000000000,0.229355168,0.000000000,0.000000000,2679.000,0.000,0.000
1786789845675,XAUT_USDT,demo,0,stale_binance,0,0.000000000,0.500000000,0.000000000,0.000000000,0.229355168,0.000000000,0.000000000,2791.000,112.000,112.000
1786789845799,XAUT_USDT,demo,0,stale_binance,0,0.000000000,0.500000000,0.000000000,0.000000000,0.229355168,0.000000000,0.000000000,2915.000,236.000,236.000
1786789845910,XAUT_USDT,demo,0,stale_binance,0,0.000000000,0.500000000,0.000000000,0.000000000,0.229355168,0.000000000,0.000000000,3026.000,0.000,0.000
1786789846014,XAUT_USDT,demo,0,stale_binance,0,0.000000000,0.500000000,0.000000000,0.000000000,0.229355168,0.000000000,0.000000000,3130.000,104.000,104.000
1786789846119,XAUT_USDT,demo,0,stale_binance,0,0.000000000,0.500000000,0.000000000,0.000000000,0.229355168,0.000000000,0.000000000,3235.000,209.000,209.000
1786789846237,XAUT_USDT,demo,0,stale_binance,0,0.000000000,0.500000000,0.000000000,0.000000000,0.229355168,0.000000000,0.000000000,3353.000,327.000,327.000
1786789846339,XAUT_USDT,demo,0,stale_binance,0,0.000000000,0.500000000,0.000000000,0.000000000,0.229355168,0.000000000,0.000000000,3455.000,0.000,0.000
1786789846495,XAUT_USDT,demo,0,stale_binance,0,0.000000000,0.500000000,0.000000000,0.000000000,0.229355168,0.000000000,0.000000000,3611.000,65.000,65.000
1786789846615,XAUT_USDT,demo,0,stale_binance,0,0.000000000,0.500000000,0.000000000,0.000000000,0.229355168,0.000000000,0.000000000,3731.000,185.000,185.000
1786789846731,XAUT_USDT,demo,0,stale_binance,0,0.000000000,0.500000000,0.000000000,0.000000000,0.229355168,0.000000000,0.000000000,3847.000,58.000,58.000
1786789846835,XAUT_USDT,demo,0,stale_binance,0,0.000000000,0.500000000,0.000000000,0.000000000,0.229355168,0.000000000,0.000000000,3951.000,63.000,63.000
1786789846986,XAUT_USDT,demo,0,stale_binance,0,0.000000000,0.500000000,0.000000000,0.000000000,0.229355168,0.000000000,0.000000000,4102.000,52.000,52.000
1786789847141,XAUT_USDT,demo,0,stale_binance,0,0.000000000,0.500000000,0.000000000,0.000000000,0.229355168,0.000000000,0.000000000,4257.000,123.000,123.000
1786789847255,XAUT_USDT,demo,0,stale_binance,0,0.000000000,0.500000000,0.000000000,0.000000000,0.229355168,0.000000000,0.000000000,4371.000,237.000,237.000
1786789847362,XAUT_USDT,demo,0,stale_binance,0,0.000000000,0.500000000,0.000000000,0.000000000,0.229355168,0.000000000,0.000000000,4478.000,0.000,0.000
1786789847503,XAUT_USDT,demo,0,stale_binance,0,0.000000000,0.500000000,0.000000000,0.000000000,0.229355168,0.000000000,0.000000000,4619.000,58.000,58.000
1786789847648,XAUT_USDT,demo,0,stale_binance,0,0.000000000,0.500000000,0.000000000,0.000000000,0.229355168,0.000000000,0.000000000,4764.000,116.000,116.000
1786789847753,XAUT_USDT,demo,0,stale_binance,0,0.000000000,0.500000000,0.000000000,0.000000000,0.229355168,0.000000000,0.000000000,4869.000,221.000,221.000
1786789847879,XAUT_USDT,demo,0,stale_binance,0,0.000000000,0.500000000,0.000000000,0.000000000,0.229355168,0.000000000,0.000000000,4995.000,0.000,0.000
1786789847981,XAUT_USDT,demo,0,stale_binance,0,0.000000000,0.500000000,0.000000000,0.000000000,0.229355168,0.000000000,0.000000000,5097.000,0.000,0.000
1786789848087,XAUT_USDT,demo,0,stale_binance,0,0.000000000,0.500000000,0.000000000,0.000000000,0.229355168,0.000000000,0.000000000,5203.000,106.000,106.000
1786789848201,XAUT_USDT,demo,0,stale_binance,0,0.000000000,0.500000000,0.000000000,0.000000000,0.229355168,0.000000000,0.000000000,5317.000,220.000,220.000
1786789848325,XAUT_USDT,demo,0,stale_binance,0,0.000000000,0.500000000,0.000000000,0.000000000,0.229355168,0.000000000,0.000000000,5441.000,108.000,108.000
1786789848462,XAUT_USDT,demo,0,stale_binance,0,0.000000000,0.500000000,0.000000000,0.000000000,0.229355168,0.000000000,0.000000000,5578.000,62.000,62.000
1786789848586,XAUT_USDT,demo,0,stale_binance,0,0.000000000,0.500000000,0.000000000,0.000000000,0.229355168,0.000000000,0.000000000,5702.000,104.000,104.000
1786789848713,XAUT_USDT,demo,0,stale_binance,0,0.000000000,0.500000000,0.000000000,0.000000000,0.229355168,0.000000000,0.000000000,5829.000,120.000,120.000
1786789848823,XAUT_USDT,demo,0,stale_binance,0,0.000000000,0.500000000,0.000000000,0.000000000,0.229355168,0.000000000,0.000000000,5939.000,0.000,0.000
1786789848963,XAUT_USDT,demo,0,microspread_below_threshold,0,0.000000000,0.500000000,-0.447252579,-0.447252579,0.229355168,0.000000000,0.000000000,72.000,52.000,52.000
1786789849088,XAUT_USDT,demo,0,microspread_below_threshold,0,0.000000000,0.500000000,-0.447252579,-0.447252579,0.229355168,0.000000000,0.000000000,197.000,55.000,55.000
1786789849235,XAUT_USDT,demo,0,microspread_below_threshold,0,0.000000000,0.500000000,-0.447252579,-0.447252579,0.229355168,0.000000000,0.000000000,55.000,202.000,202.000
1786789850104,XAUT_USDT,demo,0,stale_binance,0,0.000000000,0.500000000,0.000000000,0.000000000,0.229355168,0.000000000,0.000000000,924.000,155.000,155.000
1786789850223,XAUT_USDT,demo,0,stale_binance,0,0.000000000,0.500000000,0.000000000,0.000000000,0.229355168,0.000000000,0.000000000,1043.000,274.000,274.000
1786789850337,XAUT_USDT,demo,0,stale_binance,0,0.000000000,0.500000000,0.000000000,0.000000000,0.229355168,0.000000000,0.000000000,1157.000,54.000,54.000
1786789850457,XAUT_USDT,demo,0,microspread_below_threshold,0,0.000000000,0.500000000,-0.447252579,-0.447252579,0.229355168,0.000000000,0.000000000,32.000,0.000,0.000
1786789850589,XAUT_USDT,demo,0,microspread_below_threshold,0,0.000000000,0.500000000,-0.447252579,-0.447252579,0.229355168,0.000000000,0.000000000,119.000,132.000,132.000
1786789850715,XAUT_USDT,demo,0,microspread_below_threshold,0,0.000000000,0.500000000,-0.447252579,-0.447252579,0.229355168,0.000000000,0.000000000,245.000,0.000,0.000
1786789850862,XAUT_USDT,demo,0,stale_binance,0,0.000000000,0.500000000,0.000000000,0.000000000,0.229355168,0.000000000,0.000000000,392.000,59.000,59.000
1786789850967,XAUT_USDT,demo,0,microspread_below_threshold,0,0.000000000,0.500000000,-0.447252579,-0.447252579,0.229355168,0.000000000,0.000000000,85.000,65.000,65.000
1786789851075,XAUT_USDT,demo,0,microspread_below_threshold,0,0.000000000,0.500000000,-0.447252579,-0.447252579,0.229355168,0.000000000,0.000000000,193.000,173.000,173.000
1786789851196,XAUT_USDT,demo,0,stale_binance,0,0.000000000,0.500000000,0.000000000,0.000000000,0.229355168,0.000000000,0.000000000,314.000,294.000,294.000
1786789851312,XAUT_USDT,demo,0,stale_binance,0,0.000000000,0.500000000,0.000000000,0.000000000,0.229355168,0.000000000,0.000000000,430.000,410.000,410.000
1786789851462,XAUT_USDT,demo,0,stale_binance,0,0.000000000,0.500000000,0.000000000,0.000000000,0.229355168,0.000000000,0.000000000,580.000,60.000,60.000
1786789851582,XAUT_USDT,demo,0,stale_binance,0,0.000000000,0.500000000,0.000000000,0.000000000,0.229355168,0.000000000,0.000000000,700.000,180.000,180.000
1786789851698,XAUT_USDT,demo,0,stale_binance,0,0.000000000,0.500000000,0.000000000,0.000000000,0.229355168,0.000000000,0.000000000,816.000,296.000,296.000
1786789851813,XAUT_USDT,demo,0,stale_binance,0,0.000000000,0.500000000,0.000000000,0.000000000,0.229355168,0.000000000,0.000000000,931.000,411.000,411.000
1786789851914,XAUT_USDT,demo,0,stale_binance,0,0.000000000,0.500000000,0.000000000,0.000000000,0.229355168,0.000000000,0.000000000,1032.000,1.000,1.000
1786789852029,XAUT_USDT,demo,0,stale_binance,0,0.000000000,0.500000000,0.000000000,0.000000000,0.229355168,0.000000000,0.000000000,1147.000,116.000,116.000
1786789852146,XAUT_USDT,demo,0,stale_binance,0,0.000000000,0.500000000,0.000000000,0.000000000,0.229355168,0.000000000,0.000000000,1264.000,233.000,233.000
1786789852255,XAUT_USDT,demo,0,stale_binance,0,0.000000000,0.500000000,0.000000000,0.000000000,0.229355168,0.000000000,0.000000000,1373.000,0.000,0.000
1786789852396,XAUT_USDT,demo,0,stale_binance,0,0.000000000,0.500000000,0.000000000,0.000000000,0.229355168,0.000000000,0.000000000,1514.000,54.000,54.000
1786789852534,XAUT_USDT,demo,0,stale_binance,0,0.000000000,0.500000000,0.000000000,0.000000000,0.229355168,0.000000000,0.000000000,1652.000,107.000,107.000
1786789852651,XAUT_USDT,demo,0,stale_binance,0,0.000000000,0.500000000,0.000000000,0.000000000,0.229355168,0.000000000,0.000000000,1769.000,224.000,224.000
1786789852773,XAUT_USDT,demo,0,stale_binance,0,0.000000000,0.500000000,0.000000000,0.000000000,0.229355168,0.000000000,0.000000000,1891.000,0.000,0.000
1786789852885,XAUT_USDT,demo,0,stale_binance,0,0.000000000,0.500000000,0.000000000,0.000000000,0.229355168,0.000000000,0.000000000,2003.000,112.000,112.000
1786789853015,XAUT_USDT,demo,0,stale_binance,0,0.000000000,0.500000000,0.000000000,0.000000000,0.229355168,0.000000000,0.000000000,2133.000,57.000,57.000
1786789853122,XAUT_USDT,demo,0,stale_binance,0,0.000000000,0.500000000,0.000000000,0.000000000,0.229355168,0.000000000,0.000000000,2240.000,0.000,0.000
1786789853275,XAUT_USDT,demo,0,stale_binance,0,0.000000000,0.500000000,0.000000000,0.000000000,0.229355168,0.000000000,0.000000000,2393.000,59.000,59.000
1786789853390,XAUT_USDT,demo,0,microspread_below_threshold,0,0.000000000,0.500000000,-0.447252579,-0.447252579,0.229355168,0.000000000,0.000000000,0.000,98.000,98.000
1786789853519,XAUT_USDT,demo,0,microspread_below_threshold,0,0.000000000,0.500000000,-0.447252579,-0.447252579,0.229355168,0.000000000,0.000000000,129.000,55.000,55.000
1786789853645,XAUT_USDT,demo,0,microspread_below_threshold,0,0.000000000,0.500000000,-0.447252579,-0.447252579,0.229355168,0.000000000,0.000000000,255.000,181.000,181.000
1786789853763,XAUT_USDT,demo,0,stale_binance,0,0.000000000,0.500000000,0.000000000,0.000000000,0.229355168,0.000000000,0.000000000,373.000,299.000,299.000
1786789853866,XAUT_USDT,demo,0,stale_binance,0,0.000000000,0.500000000,0.000000000,0.000000000,0.229355168,0.000000000,0.000000000,476.000,55.000,55.000
1786789853981,XAUT_USDT,demo,0,stale_binance,0,0.000000000,0.500000000,0.000000000,0.000000000,0.229355168,0.000000000,0.000000000,591.000,1.000,1.000
1786789854093,XAUT_USDT,demo,0,stale_binance,0,0.000000000,0.500000000,0.000000000,0.000000000,0.229355168,0.000000000,0.000000000,703.000,113.000,113.000
1786789854201,XAUT_USDT,demo,0,stale_binance,0,0.000000000,0.500000000,0.000000000,0.000000000,0.229355168,0.000000000,0.000000000,811.000,221.000,221.000
1786789854976,XAUT_USDT,demo,0,stale_binance,0,0.000000000,0.500000000,0.000000000,0.000000000,0.229355168,0.000000000,0.000000000,1586.000,55.000,55.000
1786789855083,XAUT_USDT,demo,0,stale_binance,0,0.000000000,0.500000000,0.000000000,0.000000000,0.229355168,0.000000000,0.000000000,1693.000,66.000,66.000
1786789855195,XAUT_USDT,demo,0,stale_binance,0,0.000000000,0.500000000,0.000000000,0.000000000,0.229355168,0.000000000,0.000000000,1805.000,178.000,178.000
1786789855312,XAUT_USDT,demo,0,stale_binance,0,0.000000000,0.500000000,0.000000000,0.000000000,0.229355168,0.000000000,0.000000000,1922.000,295.000,295.000
1786789855415,XAUT_USDT,demo,0,stale_binance,0,0.000000000,0.500000000,0.000000000,0.000000000,0.229355168,0.000000000,0.000000000,2025.000,62.000,62.000
1786789855547,XAUT_USDT,demo,0,stale_binance,0,0.000000000,0.500000000,0.000000000,0.000000000,0.229355168,0.000000000,0.000000000,2157.000,107.000,107.000
1786789855661,XAUT_USDT,demo,0,stale_binance,0,0.000000000,0.500000000,0.000000000,0.000000000,0.229355168,0.000000000,0.000000000,2271.000,221.000,221.000
1786789855776,XAUT_USDT,demo,0,stale_binance,0,0.000000000,0.500000000,0.000000000,0.000000000,0.229355168,0.000000000,0.000000000,2386.000,336.000,336.000
1786789855926,XAUT_USDT,demo,0,stale_binance,0,0.000000000,0.500000000,0.000000000,0.000000000,0.229355168,0.000000000,0.000000000,2536.000,57.000,57.000
1786789856027,XAUT_USDT,demo,0,stale_binance,0,0.000000000,0.500000000,0.000000000,0.000000000,0.229355168,0.000000000,0.000000000,2637.000,65.000,65.000
1786789856130,XAUT_USDT,demo,0,stale_binance,0,0.000000000,0.500000000,0.000000000,0.000000000,0.229355168,0.000000000,0.000000000,2740.000,0.000,0.000
1786789856269,XAUT_USDT,demo,0,stale_binance,0,0.000000000,0.500000000,0.000000000,0.000000000,0.229355168,0.000000000,0.000000000,2879.000,57.000,57.000
1786789856425,XAUT_USDT,demo,0,stale_binance,0,0.000000000,0.500000000,0.000000000,0.000000000,0.229355168,0.000000000,0.000000000,3035.000,121.000,121.000
1786789856528,XAUT_USDT,demo,0,stale_binance,0,0.000000000,0.500000000,0.000000000,0.000000000,0.229355168,0.000000000,0.000000000,3138.000,55.000,55.000
1786789856679,XAUT_USDT,demo,0,stale_binance,0,0.000000000,0.500000000,0.000000000,0.000000000,0.229355168,0.000000000,0.000000000,3289.000,116.000,116.000
1786789856798,XAUT_USDT,demo,0,stale_binance,0,0.000000000,0.500000000,0.000000000,0.000000000,0.229355168,0.000000000,0.000000000,3408.000,235.000,235.000
1786789856901,XAUT_USDT,demo,0,stale_binance,0,0.000000000,0.500000000,0.000000000,0.000000000,0.229355168,0.000000000,0.000000000,3511.000,0.000,0.000
1786789857047,XAUT_USDT,demo,0,stale_binance,0,0.000000000,0.500000000,0.000000000,0.000000000,0.229355168,0.000000000,0.000000000,3657.000,60.000,60.000
1786789857186,XAUT_USDT,demo,0,stale_binance,0,0.000000000,0.500000000,0.000000000,0.000000000,0.229355168,0.000000000,0.000000000,3796.000,116.000,116.000
1786789857301,XAUT_USDT,demo,0,stale_binance,0,0.000000000,0.500000000,0.000000000,0.000000000,0.229355168,0.000000000,0.000000000,3911.000,231.000,231.000
1786789857418,XAUT_USDT,demo,0,microspread_below_threshold,0,0.000000000,0.500000000,-0.447252579,-0.447252579,0.229355168,0.000000000,0.000000000,98.000,0.000,0.000
1786789857561,XAUT_USDT,demo,0,microspread_below_threshold,0,0.000000000,0.500000000,-0.447252579,-0.447252579,0.229355168,0.000000000,0.000000000,241.000,51.000,51.000
1786789857678,XAUT_USDT,demo,0,stale_binance,0,0.000000000,0.500000000,0.000000000,0.000000000,0.229355168,0.000000000,0.000000000,358.000,168.000,168.000
1786789857784,XAUT_USDT,demo,0,stale_binance,0,0.000000000,0.500000000,0.000000000,0.000000000,0.229355168,0.000000000,0.000000000,464.000,274.000,274.000
1786789857909,XAUT_USDT,demo,0,stale_binance,0,0.000000000,0.500000000,0.000000000,0.000000000,0.229355168,0.000000000,0.000000000,589.000,55.000,55.000
1786789858049,XAUT_USDT,demo,0,stale_binance,0,0.000000000,0.500000000,0.000000000,0.000000000,0.229355168,0.000000000,0.000000000,729.000,116.000,116.000
1786789858176,XAUT_USDT,demo,0,stale_binance,0,0.000000000,0.500000000,0.000000000,0.000000000,0.229355168,0.000000000,0.000000000,856.000,243.000,243.000
1786789858283,XAUT_USDT,demo,0,stale_binance,0,0.000000000,0.500000000,0.000000000,0.000000000,0.229355168,0.000000000,0.000000000,963.000,0.000,0.000
1786789858415,XAUT_USDT,demo,0,stale_binance,0,0.000000000,0.500000000,0.000000000,0.000000000,0.229355168,0.000000000,0.000000000,1095.000,53.000,53.000
1786789858536,XAUT_USDT,demo,0,stale_binance,0,0.000000000,0.500000000,0.000000000,0.000000000,0.229355168,0.000000000,0.000000000,1216.000,0.000,0.000
1786789858677,XAUT_USDT,demo,0,stale_binance,0,0.000000000,0.500000000,0.000000000,0.000000000,0.229355168,0.000000000,0.000000000,1357.000,55.000,55.000
1786789858804,XAUT_USDT,demo,0,microspread_below_threshold,0,0.000000000,0.500000000,-0.447252579,-0.447252579,0.229355168,0.000000000,0.000000000,45.000,0.000,0.000
1786789858904,XAUT_USDT,demo,0,microspread_below_threshold,0,0.000000000,0.500000000,-0.447252579,-0.447252579,0.229355168,0.000000000,0.000000000,1.000,28.000,28.000
1786789859013,XAUT_USDT,demo,0,microspread_below_threshold,0,0.000000000,0.500000000,-0.447252579,-0.447252579,0.229355168,0.000000000,0.000000000,110.000,51.000,51.000
1786789859128,XAUT_USDT,demo,0,microspread_below_threshold,0,0.000000000,0.500000000,-0.447252579,-0.447252579,0.229355168,0.000000000,0.000000000,225.000,166.000,166.000
1786789859280,XAUT_USDT,demo,0,stale_binance,0,0.000000000,0.500000000,0.000000000,0.000000000,0.229355168,0.000000000,0.000000000,377.000,57.000,57.000
1786789860107,XAUT_USDT,demo,0,stale_binance,0,0.000000000,0.500000000,0.000000000,0.000000000,0.229355168,0.000000000,0.000000000,1204.000,31.000,31.000
1786789860214,XAUT_USDT,demo,0,stale_binance,0,0.000000000,0.500000000,0.000000000,0.000000000,0.229355168,0.000000000,0.000000000,1311.000,138.000,138.000
1786789860336,XAUT_USDT,demo,0,microspread_below_threshold,0,0.000000000,0.500000000,-0.447252579,-0.447252579,0.229355168,0.000000000,0.000000000,43.000,0.000,0.000
1786789860485,XAUT_USDT,demo,0,microspread_below_threshold,0,0.000000000,0.500000000,-0.447252579,-0.447252579,0.229355168,0.000000000,0.000000000,192.000,59.000,59.000
1786789860641,XAUT_USDT,demo,0,stale_binance,0,0.000000000,0.500000000,0.000000000,0.000000000,0.229355168,0.000000000,0.000000000,348.000,130.000,130.000
1786789860741,XAUT_USDT,demo,0,microspread_below_threshold,0,0.000000000,0.500000000,-0.447252579,-0.447252579,0.229355168,0.000000000,0.000000000,0.000,230.000,230.000
1786789860851,XAUT_USDT,demo,0,microspread_below_threshold,0,0.000000000,0.500000000,-0.447252579,-0.447252579,0.229355168,0.000000000,0.000000000,110.000,1.000,1.000
1786789860967,XAUT_USDT,demo,0,microspread_below_threshold,0,0.000000000,0.500000000,-0.447252579,-0.447252579,0.229355168,0.000000000,0.000000000,226.000,117.000,117.000
1786789861089,XAUT_USDT,demo,0,stale_binance,0,0.000000000,0.500000000,0.000000000,0.000000000,0.229355168,0.000000000,0.000000000,348.000,57.000,57.000
1786789861193,XAUT_USDT,demo,0,stale_binance,0,0.000000000,0.500000000,0.000000000,0.000000000,0.229355168,0.000000000,0.000000000,452.000,0.000,0.000
1786789861342,XAUT_USDT,demo,0,stale_binance,0,0.000000000,0.500000000,0.000000000,0.000000000,0.229355168,0.000000000,0.000000000,601.000,63.000,63.000
1786789861461,XAUT_USDT,demo,0,stale_binance,0,0.000000000,0.500000000,0.000000000,0.000000000,0.229355168,0.000000000,0.000000000,720.000,0.000,0.000
1786789861570,XAUT_USDT,demo,0,microspread_below_threshold,0,0.000000000,0.500000000,-0.447252579,-0.447252579,0.229355168,0.000000000,0.000000000,0.000,109.000,109.000
1786789861691,XAUT_USDT,demo,0,microspread_below_threshold,0,0.000000000,0.500000000,-0.447252579,-0.447252579,0.229355168,0.000000000,0.000000000,121.000,230.000,230.000
1786789861810,XAUT_USDT,demo,0,microspread_below_threshold,0,0.000000000,0.500000000,-0.447252579,-0.447252579,0.229355168,0.000000000,0.000000000,240.000,349.000,349.000
1786789861950,XAUT_USDT,demo,0,stale_binance,0,0.000000000,0.500000000,0.000000000,0.000000000,0.229355168,0.000000000,0.000000000,380.000,59.000,59.000
1786789862051,XAUT_USDT,demo,0,stale_binance,0,0.000000000,0.500000000,0.000000000,0.000000000,0.229355168,0.000000000,0.000000000,481.000,53.000,53.000
1786789862154,XAUT_USDT,demo,0,stale_binance,0,0.000000000,0.500000000,0.000000000,0.000000000,0.229355168,0.000000000,0.000000000,584.000,0.000,0.000
1786789862263,XAUT_USDT,demo,0,stale_binance,0,0.000000000,0.500000000,0.000000000,0.000000000,0.229355168,0.000000000,0.000000000,693.000,109.000,109.000
1786789862368,XAUT_USDT,demo,0,stale_binance,0,0.000000000,0.500000000,0.000000000,0.000000000,0.229355168,0.000000000,0.000000000,798.000,214.000,214.000
1786789862493,XAUT_USDT,demo,0,stale_binance,0,0.000000000,0.500000000,0.000000000,0.000000000,0.229355168,0.000000000,0.000000000,923.000,0.000,0.000
1786789862605,XAUT_USDT,demo,0,stale_binance,0,0.000000000,0.500000000,0.000000000,0.000000000,0.229355168,0.000000000,0.000000000,1035.000,112.000,112.000
1786789862709,XAUT_USDT,demo,0,stale_binance,0,0.000000000,0.500000000,0.000000000,0.000000000,0.229355168,0.000000000,0.000000000,1139.000,216.000,216.000
1786789862823,XAUT_USDT,demo,0,stale_binance,0,0.000000000,0.500000000,0.000000000,0.000000000,0.229355168,0.000000000,0.000000000,1253.000,330.000,330.000
1786789862924,XAUT_USDT,demo,0,stale_binance,0,0.000000000,0.500000000,0.000000000,0.000000000,0.229355168,0.000000000,0.000000000,1354.000,0.000,0.000
1786789863064,XAUT_USDT,demo,0,stale_binance,0,0.000000000,0.500000000,0.000000000,0.000000000,0.229355168,0.000000000,0.000000000,1494.000,57.000,57.000
1786789863175,XAUT_USDT,demo,0,stale_binance,0,0.000000000,0.500000000,0.000000000,0.000000000,0.229355168,0.000000000,0.000000000,1605.000,168.000,168.000
1786789863295,XAUT_USDT,demo,0,stale_binance,0,0.000000000,0.500000000,0.000000000,0.000000000,0.229355168,0.000000000,0.000000000,1725.000,288.000,288.000
1786789863413,XAUT_USDT,demo,0,stale_binance,0,0.000000000,0.500000000,0.000000000,0.000000000,0.229355168,0.000000000,0.000000000,1843.000,406.000,406.000
1786789863530,XAUT_USDT,demo,0,stale_binance,0,0.000000000,0.500000000,0.000000000,0.000000000,0.229355168,0.000000000,0.000000000,1960.000,523.000,523.000
1786789863642,XAUT_USDT,demo,0,stale_binance,0,0.000000000,0.500000000,0.000000000,0.000000000,0.229355168,0.000000000,0.000000000,2072.000,635.000,635.000
1786789863762,XAUT_USDT,demo,0,stale_binance,0,0.000000000,0.500000000,0.000000000,0.000000000,0.229355168,0.000000000,0.000000000,2192.000,755.000,755.000
1786789863875,XAUT_USDT,demo,0,stale_binance,0,0.000000000,0.500000000,0.000000000,0.000000000,0.229355168,0.000000000,0.000000000,2305.000,868.000,868.000
1786789863988,XAUT_USDT,demo,0,stale_binance,0,0.000000000,0.500000000,0.000000000,0.000000000,0.229355168,0.000000000,0.000000000,2418.000,981.000,981.000
1786789864114,XAUT_USDT,demo,0,microspread_below_threshold,0,0.000000000,0.500000000,-0.447252579,-0.447252579,0.229355168,0.000000000,0.000000000,113.000,1107.000,1107.000
1786789864242,XAUT_USDT,demo,0,microspread_below_threshold,0,0.000000000,0.500000000,-0.447252579,-0.447252579,0.229355168,0.000000000,0.000000000,241.000,1235.000,1235.000
1786789864357,XAUT_USDT,demo,0,stale_binance,0,0.000000000,0.500000000,0.000000000,0.000000000,0.229355168,0.000000000,0.000000000,356.000,1350.000,1350.000
1786789868192,XAUT_USDT,demo,0,stale_binance,0,0.000000000,0.500000000,0.000000000,0.000000000,0.229355168,0.000000000,0.000000000,429.000,0.000,0.000
1786789868302,XAUT_USDT,demo,0,stale_binance,0,0.000000000,0.500000000,0.000000000,0.000000000,0.229355168,0.000000000,0.000000000,539.000,0.000,0.000
1786789868420,XAUT_USDT,demo,0,stale_binance,0,0.000000000,0.500000000,0.000000000,0.000000000,0.229355168,0.000000000,0.000000000,657.000,118.000,118.000
1786789868579,XAUT_USDT,demo,0,stale_binance,0,0.000000000,0.500000000,0.000000000,0.000000000,0.229355168,0.000000000,0.000000000,816.000,0.000,0.000
1786789868690,XAUT_USDT,demo,0,stale_binance,0,0.000000000,0.500000000,0.000000000,0.000000000,0.229355168,0.000000000,0.000000000,927.000,111.000,111.000
1786789868815,XAUT_USDT,demo,0,stale_binance,0,0.000000000,0.500000000,0.000000000,0.000000000,0.229355168,0.000000000,0.000000000,1052.000,0.000,0.000
1786789868979,XAUT_USDT,demo,0,microspread_below_threshold,0,0.000000000,0.500000000,-0.447252579,-0.447252579,0.229355168,0.000000000,0.000000000,65.000,164.000,164.000
1786789869140,XAUT_USDT,demo,0,microspread_below_threshold,0,0.000000000,0.500000000,-0.447252579,-0.447252579,0.229355168,0.000000000,0.000000000,226.000,67.000,67.000
1786789869273,XAUT_USDT,demo,0,stale_binance,0,0.000000000,0.500000000,0.000000000,0.000000000,0.229355168,0.000000000,0.000000000,359.000,113.000,113.000
1786789869395,XAUT_USDT,demo,0,stale_binance,0,0.000000000,0.500000000,0.000000000,0.000000000,0.229355168,0.000000000,0.000000000,481.000,55.000,55.000
1786789870069,XAUT_USDT,demo,0,microspread_below_threshold,0,0.000000000,0.500000000,-0.447252579,-0.447252579,0.229355168,0.000000000,0.000000000,47.000,41.000,41.000
1786789870188,XAUT_USDT,demo,0,microspread_below_threshold,0,0.000000000,0.500000000,-0.447252579,-0.447252579,0.229355168,0.000000000,0.000000000,166.000,160.000,160.000
1786789870305,XAUT_USDT,demo,0,microspread_below_threshold,0,0.000000000,0.500000000,-0.447252579,-0.447252579,0.229355168,0.000000000,0.000000000,283.000,277.000,277.000
1786789870455,XAUT_USDT,demo,0,stale_binance,0,0.000000000,0.500000000,0.000000000,0.000000000,0.229355168,0.000000000,0.000000000,433.000,67.000,67.000
1786789870597,XAUT_USDT,demo,0,stale_binance,0,0.000000000,0.500000000,0.000000000,0.000000000,0.229355168,0.000000000,0.000000000,575.000,53.000,53.000
1786789870712,XAUT_USDT,demo,0,stale_binance,0,0.000000000,0.500000000,0.000000000,0.000000000,0.229355168,0.000000000,0.000000000,690.000,168.000,168.000
1786789870855,XAUT_USDT,demo,0,stale_binance,0,0.000000000,0.500000000,0.000000000,0.000000000,0.229355168,0.000000000,0.000000000,833.000,50.000,50.000
1786789870972,XAUT_USDT,demo,0,microspread_below_threshold,0,0.000000000,0.500000000,-0.447252579,-0.447252579,0.229355168,0.000000000,0.000000000,50.000,0.000,0.000
1786789871110,XAUT_USDT,demo,0,microspread_below_threshold,0,0.000000000,0.500000000,-0.447252579,-0.447252579,0.229355168,0.000000000,0.000000000,98.000,52.000,52.000
1786789871230,XAUT_USDT,demo,0,microspread_below_threshold,0,0.000000000,0.500000000,-0.447252579,-0.447252579,0.229355168,0.000000000,0.000000000,55.000,172.000,172.000
1786789871340,XAUT_USDT,demo,0,microspread_below_threshold,0,0.000000000,0.500000000,-0.447252579,-0.447252579,0.229355168,0.000000000,0.000000000,165.000,282.000,282.000
1786789871446,XAUT_USDT,demo,0,microspread_below_threshold,0,0.000000000,0.500000000,-0.447252579,-0.447252579,0.229355168,0.000000000,0.000000000,271.000,388.000,388.000
1786789871553,XAUT_USDT,demo,0,microspread_below_threshold,0,0.000000000,0.500000000,-0.447252579,-0.447252579,0.229355168,0.000000000,0.000000000,79.000,55.000,55.000
1786789871660,XAUT_USDT,demo,0,microspread_below_threshold,0,0.000000000,0.500000000,-0.447252579,-0.447252579,0.229355168,0.000000000,0.000000000,186.000,0.000,0.000
1786789871774,XAUT_USDT,demo,0,microspread_below_threshold,0,0.000000000,0.500000000,-0.447252579,-0.447252579,0.229355168,0.000000000,0.000000000,300.000,114.000,114.000
1786789871891,XAUT_USDT,demo,0,stale_binance,0,0.000000000,0.500000000,0.000000000,0.000000000,0.229355168,0.000000000,0.000000000,417.000,231.000,231.000
1786789871999,XAUT_USDT,demo,0,stale_binance,0,0.000000000,0.500000000,0.000000000,0.000000000,0.229355168,0.000000000,0.000000000,525.000,1.000,1.000
1786789872099,XAUT_USDT,demo,0,microspread_below_threshold,0,0.000000000,0.500000000,-0.447252579,-0.447252579,0.229355168,0.000000000,0.000000000,0.000,7.000,7.000
1786789872204,XAUT_USDT,demo,0,microspread_below_threshold,0,0.000000000,0.500000000,-0.447252579,-0.447252579,0.229355168,0.000000000,0.000000000,0.000,33.000,33.000
1786789872327,XAUT_USDT,demo,0,microspread_below_threshold,0,0.000000000,0.500000000,-0.447252579,-0.447252579,0.229355168,0.000000000,0.000000000,123.000,156.000,156.000
1786789872461,XAUT_USDT,demo,0,microspread_below_threshold,0,0.000000000,0.500000000,-0.447252579,-0.447252579,0.229355168,0.000000000,0.000000000,91.000,1.000,1.000
1786789872572,XAUT_USDT,demo,0,microspread_below_threshold,0,0.000000000,0.500000000,-0.447252579,-0.447252579,0.229355168,0.000000000,0.000000000,202.000,51.000,51.000
1786789872686,XAUT_USDT,demo,0,stale_binance,0,0.000000000,0.500000000,0.000000000,0.000000000,0.229355168,0.000000000,0.000000000,316.000,165.000,165.000
1786789872798,XAUT_USDT,demo,0,stale_binance,0,0.000000000,0.500000000,0.000000000,0.000000000,0.229355168,0.000000000,0.000000000,428.000,277.000,277.000
1786789872920,XAUT_USDT,demo,0,stale_binance,0,0.000000000,0.500000000,0.000000000,0.000000000,0.229355168,0.000000000,0.000000000,550.000,63.000,63.000
1786789873071,XAUT_USDT,demo,0,stale_binance,0,0.000000000,0.500000000,0.000000000,0.000000000,0.229355168,0.000000000,0.000000000,701.000,116.000,116.000
1786789873171,XAUT_USDT,demo,0,stale_binance,0,0.000000000,0.500000000,0.000000000,0.000000000,0.229355168,0.000000000,0.000000000,801.000,56.000,56.000
1786789873292,XAUT_USDT,demo,0,stale_binance,0,0.000000000,0.500000000,0.000000000,0.000000000,0.229355168,0.000000000,0.000000000,922.000,177.000,177.000
1786789873425,XAUT_USDT,demo,0,stale_binance,0,0.000000000,0.500000000,0.000000000,0.000000000,0.229355168,0.000000000,0.000000000,1055.000,310.000,310.000
1786789873543,XAUT_USDT,demo,0,stale_binance,0,0.000000000,0.500000000,0.000000000,0.000000000,0.229355168,0.000000000,0.000000000,1173.000,428.000,428.000
1786789873661,XAUT_USDT,demo,0,stale_binance,0,0.000000000,0.500000000,0.000000000,0.000000000,0.229355168,0.000000000,0.000000000,1291.000,546.000,546.000
1786789873777,XAUT_USDT,demo,0,stale_binance,0,0.000000000,0.500000000,0.000000000,0.000000000,0.229355168,0.000000000,0.000000000,1407.000,662.000,662.000
1786789873905,XAUT_USDT,demo,0,stale_binance,0,0.000000000,0.500000000,0.000000000,0.000000000,0.229355168,0.000000000,0.000000000,1535.000,790.000,790.000
1786789874020,XAUT_USDT,demo,0,stale_binance,0,0.000000000,0.500000000,0.000000000,0.000000000,0.229355168,0.000000000,0.000000000,1650.000,905.000,905.000
1786789874128,XAUT_USDT,demo,0,stale_binance,0,0.000000000,0.500000000,0.000000000,0.000000000,0.229355168,0.000000000,0.000000000,1758.000,1013.000,1013.000
1786789874272,XAUT_USDT,demo,0,microspread_below_threshold,0,0.000000000,0.500000000,-0.447252579,-0.447252579,0.229355168,0.000000000,0.000000000,55.000,1157.000,1157.000
1786789874394,XAUT_USDT,demo,0,microspread_below_threshold,0,0.000000000,0.500000000,-0.447252579,-0.447252579,0.229355168,0.000000000,0.000000000,177.000,1279.000,1279.000
1786789875103,XAUT_USDT,demo,0,stale_binance,0,0.000000000,0.500000000,0.000000000,0.000000000,0.229355168,0.000000000,0.000000000,886.000,59.000,59.000
1786789875238,XAUT_USDT,demo,0,stale_binance,0,0.000000000,0.500000000,0.000000000,0.000000000,0.229355168,0.000000000,0.000000000,1021.000,0.000,0.000
1786789875359,XAUT_USDT,demo,0,stale_binance,0,0.000000000,0.500000000,0.000000000,0.000000000,0.229355168,0.000000000,0.000000000,1142.000,121.000,121.000
1786789875475,XAUT_USDT,demo,0,stale_binance,0,0.000000000,0.500000000,0.000000000,0.000000000,0.229355168,0.000000000,0.000000000,1258.000,237.000,237.000
1786789875607,XAUT_USDT,demo,0,microspread_below_threshold,0,0.000000000,0.500000000,-0.447252579,-0.447252579,0.229355168,0.000000000,0.000000000,65.000,369.000,369.000
1786789875762,XAUT_USDT,demo,0,microspread_below_threshold,0,0.000000000,0.500000000,-0.447252579,-0.447252579,0.229355168,0.000000000,0.000000000,220.000,110.000,110.000
1786789875885,XAUT_USDT,demo,0,stale_binance,0,0.000000000,0.500000000,0.000000000,0.000000000,0.229355168,0.000000000,0.000000000,343.000,233.000,233.000
1786789875994,XAUT_USDT,demo,0,stale_binance,0,0.000000000,0.500000000,0.000000000,0.000000000,0.229355168,0.000000000,0.000000000,452.000,0.000,0.000
1786789876109,XAUT_USDT,demo,0,stale_binance,0,0.000000000,0.500000000,0.000000000,0.000000000,0.229355168,0.000000000,0.000000000,567.000,115.000,115.000
1786789876221,XAUT_USDT,demo,0,stale_binance,0,0.000000000,0.500000000,0.000000000,0.000000000,0.229355168,0.000000000,0.000000000,679.000,54.000,54.000
1786789876337,XAUT_USDT,demo,0,stale_binance,0,0.000000000,0.500000000,0.000000000,0.000000000,0.229355168,0.000000000,0.000000000,795.000,170.000,170.000
1786789876441,XAUT_USDT,demo,0,stale_binance,0,0.000000000,0.500000000,0.000000000,0.000000000,0.229355168,0.000000000,0.000000000,899.000,0.000,0.000
1786789876570,XAUT_USDT,demo,0,microspread_below_threshold,0,0.000000000,0.500000000,-0.447252579,-0.447252579,0.229355168,0.000000000,0.000000000,67.000,54.000,54.000
1786789876693,XAUT_USDT,demo,0,microspread_below_threshold,0,0.000000000,0.500000000,-0.447252579,-0.447252579,0.229355168,0.000000000,0.000000000,190.000,177.000,177.000
1786789876807,XAUT_USDT,demo,0,stale_binance,0,0.000000000,0.500000000,0.000000000,0.000000000,0.229355168,0.000000000,0.000000000,304.000,291.000,291.000
1786789876918,XAUT_USDT,demo,0,stale_binance,0,0.000000000,0.500000000,0.000000000,0.000000000,0.229355168,0.000000000,0.000000000,415.000,402.000,402.000
1786789877032,XAUT_USDT,demo,0,stale_binance,0,0.000000000,0.500000000,0.000000000,0.000000000,0.229355168,0.000000000,0.000000000,529.000,516.000,516.000
1786789877137,XAUT_USDT,demo,0,stale_binance,0,0.000000000,0.500000000,0.000000000,0.000000000,0.229355168,0.000000000,0.000000000,634.000,621.000,621.000
1786789877256,XAUT_USDT,demo,0,stale_binance,0,0.000000000,0.500000000,0.000000000,0.000000000,0.229355168,0.000000000,0.000000000,753.000,740.000,740.000
1786789877380,XAUT_USDT,demo,0,stale_binance,0,0.000000000,0.500000000,0.000000000,0.000000000,0.229355168,0.000000000,0.000000000,877.000,864.000,864.000
1786789877515,XAUT_USDT,demo,0,stale_binance,0,0.000000000,0.500000000,0.000000000,0.000000000,0.229355168,0.000000000,0.000000000,1012.000,999.000,999.000
1786789877633,XAUT_USDT,demo,0,microspread_below_threshold,0,0.000000000,0.500000000,-0.447252579,-0.447252579,0.229355168,0.000000000,0.000000000,52.000,1117.000,1117.000
1786789877755,XAUT_USDT,demo,0,microspread_below_threshold,0,0.000000000,0.500000000,-0.447252579,-0.447252579,0.229355168,0.000000000,0.000000000,174.000,1239.000,1239.000
1786789877883,XAUT_USDT,demo,0,stale_binance,0,0.000000000,0.500000000,0.000000000,0.000000000,0.229355168,0.000000000,0.000000000,302.000,1367.000,1367.000
1786789877992,XAUT_USDT,demo,0,stale_binance,0,0.000000000,0.500000000,0.000000000,0.000000000,0.229355168,0.000000000,0.000000000,411.000,1476.000,1476.000
1786789878113,XAUT_USDT,demo,0,stale_binance,0,0.000000000,0.500000000,0.000000000,0.000000000,0.229355168,0.000000000,0.000000000,532.000,1597.000,1597.000
1786789878226,XAUT_USDT,demo,0,stale_binance,0,0.000000000,0.500000000,0.000000000,0.000000000,0.229355168,0.000000000,0.000000000,645.000,1710.000,1710.000
1786789878355,XAUT_USDT,demo,0,stale_binance,0,0.000000000,0.500000000,0.000000000,0.000000000,0.229355168,0.000000000,0.000000000,774.000,1839.000,1839.000
1786789878459,XAUT_USDT,demo,0,stale_binance,0,0.000000000,0.500000000,0.000000000,0.000000000,0.229355168,0.000000000,0.000000000,878.000,1943.000,1943.000
1786789881463,XAUT_USDT,demo,0,stale_binance,0,0.000000000,0.500000000,0.000000000,0.000000000,0.229355168,0.000000000,0.000000000,1661.000,0.000,0.000
1786789881582,XAUT_USDT,demo,0,stale_binance,0,0.000000000,0.500000000,0.000000000,0.000000000,0.229355168,0.000000000,0.000000000,1780.000,119.000,119.000
1786789881722,XAUT_USDT,demo,0,microspread_below_threshold,0,0.000000000,0.500000000,-0.447252579,-0.447252579,0.229355168,0.000000000,0.000000000,55.000,259.000,259.000
1786789881829,XAUT_USDT,demo,0,microspread_below_threshold,0,0.000000000,0.500000000,-0.447252579,-0.447252579,0.229355168,0.000000000,0.000000000,162.000,1.000,1.000
1786789881943,XAUT_USDT,demo,0,microspread_below_threshold,0,0.000000000,0.500000000,-0.447252579,-0.447252579,0.229355168,0.000000000,0.000000000,276.000,115.000,115.000
1786789882077,XAUT_USDT,demo,0,stale_binance,0,0.000000000,0.500000000,0.000000000,0.000000000,0.229355168,0.000000000,0.000000000,410.000,0.000,0.000
1786789882205,XAUT_USDT,demo,0,stale_binance,0,0.000000000,0.500000000,0.000000000,0.000000000,0.229355168,0.000000000,0.000000000,538.000,53.000,53.000
1786789882445,XAUT_USDT,demo,0,stale_binance,0,0.000000000,0.500000000,0.000000000,0.000000000,0.229355168,0.000000000,0.000000000,778.000,293.000,293.000
1786789882572,XAUT_USDT,demo,0,stale_binance,0,0.000000000,0.500000000,0.000000000,0.000000000,0.229355168,0.000000000,0.000000000,905.000,63.000,63.000
1786789882693,XAUT_USDT,demo,0,stale_binance,0,0.000000000,0.500000000,0.000000000,0.000000000,0.229355168,0.000000000,0.000000000,1026.000,1.000,1.000
1786789882835,XAUT_USDT,demo,0,stale_binance,0,0.000000000,0.500000000,0.000000000,0.000000000,0.229355168,0.000000000,0.000000000,1168.000,60.000,60.000
1786789882997,XAUT_USDT,demo,0,stale_binance,0,0.000000000,0.500000000,0.000000000,0.000000000,0.229355168,0.000000000,0.000000000,1330.000,64.000,64.000
1786789883148,XAUT_USDT,demo,0,stale_binance,0,0.000000000,0.500000000,0.000000000,0.000000000,0.229355168,0.000000000,0.000000000,1481.000,119.000,119.000
1786789883305,XAUT_USDT,demo,0,stale_binance,0,0.000000000,0.500000000,0.000000000,0.000000000,0.229355168,0.000000000,0.000000000,1638.000,115.000,115.000
1786789883413,XAUT_USDT,demo,0,stale_binance,0,0.000000000,0.500000000,0.000000000,0.000000000,0.229355168,0.000000000,0.000000000,1746.000,223.000,223.000
1786789883535,XAUT_USDT,demo,0,microspread_below_threshold,0,0.000000000,0.500000000,-0.447252579,-0.447252579,0.229355168,0.000000000,0.000000000,0.000,345.000,345.000
1786789883659,XAUT_USDT,demo,0,microspread_below_threshold,0,0.000000000,0.500000000,-0.447252579,-0.447252579,0.229355168,0.000000000,0.000000000,119.000,469.000,469.000
1786789883771,XAUT_USDT,demo,0,microspread_below_threshold,0,0.000000000,0.500000000,-0.447252579,-0.447252579,0.229355168,0.000000000,0.000000000,62.000,581.000,581.000
1786789883894,XAUT_USDT,demo,0,microspread_below_threshold,0,0.000000000,0.500000000,-0.447252579,-0.447252579,0.229355168,0.000000000,0.000000000,62.000,704.000,704.000
1786789884021,XAUT_USDT,demo,0,microspread_below_threshold,0,0.000000000,0.500000000,-0.447252579,-0.447252579,0.229355168,0.000000000,0.000000000,189.000,831.000,831.000
1786789884145,XAUT_USDT,demo,0,stale_binance,0,0.000000000,0.500000000,0.000000000,0.000000000,0.229355168,0.000000000,0.000000000,313.000,955.000,955.000
1786789884254,XAUT_USDT,demo,0,stale_binance,0,0.000000000,0.500000000,0.000000000,0.000000000,0.229355168,0.000000000,0.000000000,422.000,1064.000,1064.000
1786789884371,XAUT_USDT,demo,0,stale_binance,0,0.000000000,0.500000000,0.000000000,0.000000000,0.229355168,0.000000000,0.000000000,539.000,1181.000,1181.000
1786789884496,XAUT_USDT,demo,0,stale_binance,0,0.000000000,0.500000000,0.000000000,0.000000000,0.229355168,0.000000000,0.000000000,664.000,1306.000,1306.000
1786789887890,XAUT_USDT,demo,0,microspread_below_threshold,0,0.000000000,0.500000000,-0.447252579,-0.447252579,0.229355168,0.000000000,0.000000000,35.000,0.000,0.000
1786789888007,XAUT_USDT,demo,0,microspread_below_threshold,0,0.000000000,0.500000000,-0.447252579,-0.447252579,0.229355168,0.000000000,0.000000000,152.000,117.000,117.000
1786789888121,XAUT_USDT,demo,0,microspread_below_threshold,0,0.000000000,0.500000000,-0.447252579,-0.447252579,0.229355168,0.000000000,0.000000000,266.000,53.000,53.000
1786789888284,XAUT_USDT,demo,0,stale_binance,0,0.000000000,0.500000000,0.000000000,0.000000000,0.229355168,0.000000000,0.000000000,429.000,126.000,126.000
1786789888401,XAUT_USDT,demo,0,stale_binance,0,0.000000000,0.500000000,0.000000000,0.000000000,0.229355168,0.000000000,0.000000000,546.000,243.000,243.000
1786789888506,XAUT_USDT,demo,0,stale_binance,0,0.000000000,0.500000000,0.000000000,0.000000000,0.229355168,0.000000000,0.000000000,651.000,0.000,0.000
1786789888620,XAUT_USDT,demo,0,stale_binance,0,0.000000000,0.500000000,0.000000000,0.000000000,0.229355168,0.000000000,0.000000000,765.000,114.000,114.000
1786789888735,XAUT_USDT,demo,0,stale_binance,0,0.000000000,0.500000000,0.000000000,0.000000000,0.229355168,0.000000000,0.000000000,880.000,55.000,55.000
1786789888862,XAUT_USDT,demo,0,stale_binance,0,0.000000000,0.500000000,0.000000000,0.000000000,0.229355168,0.000000000,0.000000000,1007.000,0.000,0.000
1786789889010,XAUT_USDT,demo,0,microspread_below_threshold,0,0.000000000,0.500000000,-0.447252579,-0.447252579,0.229355168,0.000000000,0.000000000,71.000,64.000,64.000
1786789889123,XAUT_USDT,demo,0,microspread_below_threshold,0,0.000000000,0.500000000,-0.447252579,-0.447252579,0.229355168,0.000000000,0.000000000,184.000,177.000,177.000
1786789889251,XAUT_USDT,demo,0,stale_binance,0,0.000000000,0.500000000,0.000000000,0.000000000,0.229355168,0.000000000,0.000000000,312.000,305.000,305.000
1786789889373,XAUT_USDT,demo,0,stale_binance,0,0.000000000,0.500000000,0.000000000,0.000000000,0.229355168,0.000000000,0.000000000,434.000,427.000,427.000
1786789889500,XAUT_USDT,demo,0,stale_binance,0,0.000000000,0.500000000,0.000000000,0.000000000,0.229355168,0.000000000,0.000000000,-437.000,52.000,52.000
1786789890256,XAUT_USDT,demo,0,stale_binance,0,0.000000000,0.500000000,0.000000000,0.000000000,0.229355168,0.000000000,0.000000000,319.000,808.000,808.000
1786789890375,XAUT_USDT,demo,0,stale_binance,0,0.000000000,0.500000000,0.000000000,0.000000000,0.229355168,0.000000000,0.000000000,438.000,927.000,927.000
1786789890476,XAUT_USDT,demo,0,microspread_below_threshold,0,0.000000000,0.500000000,-0.447252579,-0.447252579,0.229355168,0.000000000,0.000000000,0.000,1028.000,1028.000
1786789890600,XAUT_USDT,demo,0,microspread_below_threshold,0,0.000000000,0.500000000,-0.447252579,-0.447252579,0.229355168,0.000000000,0.000000000,120.000,1152.000,1152.000
1786789890725,XAUT_USDT,demo,0,microspread_below_threshold,0,0.000000000,0.500000000,-0.447252579,-0.447252579,0.229355168,0.000000000,0.000000000,109.000,1277.000,1277.000
1786789890845,XAUT_USDT,demo,0,microspread_below_threshold,0,0.000000000,0.500000000,-0.447252579,-0.447252579,0.229355168,0.000000000,0.000000000,58.000,1397.000,1397.000
1786789890970,XAUT_USDT,demo,0,microspread_below_threshold,0,0.000000000,0.500000000,-0.447252579,-0.447252579,0.229355168,0.000000000,0.000000000,183.000,1522.000,1522.000
1786789891107,XAUT_USDT,demo,0,stale_binance,0,0.000000000,0.500000000,0.000000000,0.000000000,0.229355168,0.000000000,0.000000000,320.000,1659.000,1659.000
1786789891210,XAUT_USDT,demo,0,stale_binance,0,0.000000000,0.500000000,0.000000000,0.000000000,0.229355168,0.000000000,0.000000000,423.000,1762.000,1762.000
1786789891349,XAUT_USDT,demo,0,stale_binance,0,0.000000000,0.500000000,0.000000000,0.000000000,0.229355168,0.000000000,0.000000000,562.000,1901.000,1901.000
1786789894471,XAUT_USDT,demo,0,stale_binance,0,0.000000000,0.500000000,0.000000000,0.000000000,0.229355168,0.000000000,0.000000000,465.000,0.000,0.000
1786789895152,XAUT_USDT,demo,0,stale_binance,0,0.000000000,0.500000000,0.000000000,0.000000000,0.229355168,0.000000000,0.000000000,308.000,53.000,53.000
1786789895297,XAUT_USDT,demo,0,stale_binance,0,0.000000000,0.500000000,0.000000000,0.000000000,0.229355168,0.000000000,0.000000000,453.000,109.000,109.000
1786789895429,XAUT_USDT,demo,0,stale_binance,0,0.000000000,0.500000000,0.000000000,0.000000000,0.229355168,0.000000000,0.000000000,585.000,56.000,56.000
1786789895570,XAUT_USDT,demo,0,stale_binance,0,0.000000000,0.500000000,0.000000000,0.000000000,0.229355168,0.000000000,0.000000000,726.000,113.000,113.000
1786789895697,XAUT_USDT,demo,0,stale_binance,0,0.000000000,0.500000000,0.000000000,0.000000000,0.229355168,0.000000000,0.000000000,853.000,60.000,60.000
1786789895803,XAUT_USDT,demo,0,stale_binance,0,0.000000000,0.500000000,0.000000000,0.000000000,0.229355168,0.000000000,0.000000000,959.000,0.000,0.000
1786789895940,XAUT_USDT,demo,0,stale_binance,0,0.000000000,0.500000000,0.000000000,0.000000000,0.229355168,0.000000000,0.000000000,1096.000,57.000,57.000
1786789896046,XAUT_USDT,demo,0,microspread_below_threshold,0,0.000000000,0.500000000,-0.447252579,-0.447252579,0.229355168,0.000000000,0.000000000,0.000,77.000,77.000
1786789896166,XAUT_USDT,demo,0,microspread_below_threshold,0,0.000000000,0.500000000,-0.447252579,-0.447252579,0.229355168,0.000000000,0.000000000,120.000,114.000,114.000
1786789896277,XAUT_USDT,demo,0,microspread_below_threshold,0,0.000000000,0.500000000,-0.447252579,-0.447252579,0.229355168,0.000000000,0.000000000,231.000,225.000,225.000
1786789896387,XAUT_USDT,demo,0,stale_binance,0,0.000000000,0.500000000,0.000000000,0.000000000,0.229355168,0.000000000,0.000000000,341.000,335.000,335.000
1786789896501,XAUT_USDT,demo,0,stale_binance,0,0.000000000,0.500000000,0.000000000,0.000000000,0.229355168,0.000000000,0.000000000,455.000,449.000,449.000
1786789896612,XAUT_USDT,demo,0,stale_binance,0,0.000000000,0.500000000,0.000000000,0.000000000,0.229355168,0.000000000,0.000000000,566.000,560.000,560.000
1786789896732,XAUT_USDT,demo,0,stale_binance,0,0.000000000,0.500000000,0.000000000,0.000000000,0.229355168,0.000000000,0.000000000,686.000,680.000,680.000
1786789896862,XAUT_USDT,demo,0,stale_binance,0,0.000000000,0.500000000,0.000000000,0.000000000,0.229355168,0.000000000,0.000000000,816.000,810.000,810.000
1786789896983,XAUT_USDT,demo,0,stale_binance,0,0.000000000,0.500000000,0.000000000,0.000000000,0.229355168,0.000000000,0.000000000,937.000,931.000,931.000
1786789897100,XAUT_USDT,demo,0,stale_binance,0,0.000000000,0.500000000,0.000000000,0.000000000,0.229355168,0.000000000,0.000000000,1054.000,1048.000,1048.000
1786789897231,XAUT_USDT,demo,0,stale_binance,0,0.000000000,0.500000000,0.000000000,0.000000000,0.229355168,0.000000000,0.000000000,1185.000,1179.000,1179.000
1786789897350,XAUT_USDT,demo,0,stale_binance,0,0.000000000,0.500000000,0.000000000,0.000000000,0.229355168,0.000000000,0.000000000,1304.000,1298.000,1298.000
1786789897465,XAUT_USDT,demo,0,stale_binance,0,0.000000000,0.500000000,0.000000000,0.000000000,0.229355168,0.000000000,0.000000000,1419.000,1413.000,1413.000
1786789897588,XAUT_USDT,demo,0,stale_binance,0,0.000000000,0.500000000,0.000000000,0.000000000,0.229355168,0.000000000,0.000000000,1542.000,1536.000,1536.000
1786789897698,XAUT_USDT,demo,0,stale_binance,0,0.000000000,0.500000000,0.000000000,0.000000000,0.229355168,0.000000000,0.000000000,1652.000,1646.000,1646.000
1786789897818,XAUT_USDT,demo,0,stale_binance,0,0.000000000,0.500000000,0.000000000,0.000000000,0.229355168,0.000000000,0.000000000,1772.000,1766.000,1766.000
1786789897930,XAUT_USDT,demo,0,stale_binance,0,0.000000000,0.500000000,0.000000000,0.000000000,0.229355168,0.000000000,0.000000000,1884.000,1878.000,1878.000
1786789898049,XAUT_USDT,demo,0,stale_binance,0,0.000000000,0.500000000,0.000000000,0.000000000,0.229355168,0.000000000,0.000000000,2003.000,1997.000,1997.000
1786789901063,XAUT_USDT,demo,0,stale_binance,0,0.000000000,0.500000000,0.000000000,0.000000000,0.229355168,0.000000000,0.000000000,2114.000,0.000,0.000
1786789901198,XAUT_USDT,demo,0,stale_binance,0,0.000000000,0.500000000,0.000000000,0.000000000,0.229355168,0.000000000,0.000000000,2249.000,56.000,56.000
1786789901304,XAUT_USDT,demo,0,stale_binance,0,0.000000000,0.500000000,0.000000000,0.000000000,0.229355168,0.000000000,0.000000000,2355.000,162.000,162.000
1786789901420,XAUT_USDT,demo,0,stale_binance,0,0.000000000,0.500000000,0.000000000,0.000000000,0.229355168,0.000000000,0.000000000,2471.000,0.000,0.000
1786789901550,XAUT_USDT,demo,0,stale_binance,0,0.000000000,0.500000000,0.000000000,0.000000000,0.229355168,0.000000000,0.000000000,2601.000,62.000,62.000
1786789901669,XAUT_USDT,demo,0,stale_binance,0,0.000000000,0.500000000,0.000000000,0.000000000,0.229355168,0.000000000,0.000000000,2720.000,1.000,1.000
1786789901806,XAUT_USDT,demo,0,stale_binance,0,0.000000000,0.500000000,0.000000000,0.000000000,0.229355168,0.000000000,0.000000000,2857.000,60.000,60.000
1786789901935,XAUT_USDT,demo,0,stale_binance,0,0.000000000,0.500000000,0.000000000,0.000000000,0.229355168,0.000000000,0.000000000,2986.000,0.000,0.000
1786789902077,XAUT_USDT,demo,0,stale_binance,0,0.000000000,0.500000000,0.000000000,0.000000000,0.229355168,0.000000000,0.000000000,3128.000,55.000,55.000
1786789902196,XAUT_USDT,demo,0,stale_binance,0,0.000000000,0.500000000,0.000000000,0.000000000,0.229355168,0.000000000,0.000000000,3247.000,1.000,1.000
1786789902311,XAUT_USDT,demo,0,stale_binance,0,0.000000000,0.500000000,0.000000000,0.000000000,0.229355168,0.000000000,0.000000000,3362.000,116.000,116.000
1786789902413,XAUT_USDT,demo,0,stale_binance,0,0.000000000,0.500000000,0.000000000,0.000000000,0.229355168,0.000000000,0.000000000,3464.000,218.000,218.000
1786789902561,XAUT_USDT,demo,0,stale_binance,0,0.000000000,0.500000000,0.000000000,0.000000000,0.229355168,0.000000000,0.000000000,3612.000,115.000,115.000
1786789902681,XAUT_USDT,demo,0,stale_binance,0,0.000000000,0.500000000,0.000000000,0.000000000,0.229355168,0.000000000,0.000000000,3732.000,235.000,235.000
1786789902797,XAUT_USDT,demo,0,stale_binance,0,0.000000000,0.500000000,0.000000000,0.000000000,0.229355168,0.000000000,0.000000000,3848.000,351.000,351.000
1786789902904,XAUT_USDT,demo,0,stale_binance,0,0.000000000,0.500000000,0.000000000,0.000000000,0.229355168,0.000000000,0.000000000,3955.000,458.000,458.000
1786789903053,XAUT_USDT,demo,0,microspread_below_threshold,0,0.000000000,0.500000000,-0.447252579,-0.447252579,0.229355168,0.000000000,0.000000000,105.000,607.000,607.000
1786789903171,XAUT_USDT,demo,0,microspread_below_threshold,0,0.000000000,0.500000000,-0.447252579,-0.447252579,0.229355168,0.000000000,0.000000000,223.000,725.000,725.000
1786789903282,XAUT_USDT,demo,0,stale_binance,0,0.000000000,0.500000000,0.000000000,0.000000000,0.229355168,0.000000000,0.000000000,334.000,836.000,836.000
1786789903395,XAUT_USDT,demo,0,stale_binance,0,0.000000000,0.500000000,0.000000000,0.000000000,0.229355168,0.000000000,0.000000000,447.000,949.000,949.000
1786789903514,XAUT_USDT,demo,0,stale_binance,0,0.000000000,0.500000000,0.000000000,0.000000000,0.229355168,0.000000000,0.000000000,566.000,1068.000,1068.000
1786789903629,XAUT_USDT,demo,0,stale_binance,0,0.000000000,0.500000000,0.000000000,0.000000000,0.229355168,0.000000000,0.000000000,681.000,1183.000,1183.000
1786789903736,XAUT_USDT,demo,0,stale_binance,0,0.000000000,0.500000000,0.000000000,0.000000000,0.229355168,0.000000000,0.000000000,788.000,1290.000,1290.000
1786789903858,XAUT_USDT,demo,0,stale_binance,0,0.000000000,0.500000000,0.000000000,0.000000000,0.229355168,0.000000000,0.000000000,910.000,1412.000,1412.000
1786789903966,XAUT_USDT,demo,0,stale_binance,0,0.000000000,0.500000000,0.000000000,0.000000000,0.229355168,0.000000000,0.000000000,1018.000,1520.000,1520.000
1786789904091,XAUT_USDT,demo,0,stale_binance,0,0.000000000,0.500000000,0.000000000,0.000000000,0.229355168,0.000000000,0.000000000,1143.000,1645.000,1645.000
1786789904202,XAUT_USDT,demo,0,stale_binance,0,0.000000000,0.500000000,0.000000000,0.000000000,0.229355168,0.000000000,0.000000000,1254.000,1756.000,1756.000
1786789904313,XAUT_USDT,demo,0,stale_binance,0,0.000000000,0.500000000,0.000000000,0.000000000,0.229355168,0.000000000,0.000000000,1365.000,1867.000,1867.000
1786789904429,XAUT_USDT,demo,0,stale_binance,0,0.000000000,0.500000000,0.000000000,0.000000000,0.229355168,0.000000000,0.000000000,1481.000,1983.000,1983.000
1786789907618,XAUT_USDT,demo,0,stale_binance,0,0.000000000,0.500000000,0.000000000,0.000000000,0.229355168,0.000000000,0.000000000,409.000,0.000,0.000
1786789907738,XAUT_USDT,demo,0,stale_binance,0,0.000000000,0.500000000,0.000000000,0.000000000,0.229355168,0.000000000,0.000000000,529.000,120.000,120.000
1786789907845,XAUT_USDT,demo,0,stale_binance,0,0.000000000,0.500000000,0.000000000,0.000000000,0.229355168,0.000000000,0.000000000,636.000,66.000,66.000
1786789907986,XAUT_USDT,demo,0,stale_binance,0,0.000000000,0.500000000,0.000000000,0.000000000,0.229355168,0.000000000,0.000000000,777.000,122.000,122.000
1786789908101,XAUT_USDT,demo,0,stale_binance,0,0.000000000,0.500000000,0.000000000,0.000000000,0.229355168,0.000000000,0.000000000,892.000,237.000,237.000
1786789908230,XAUT_USDT,demo,0,microspread_below_threshold,0,0.000000000,0.500000000,-0.447252579,-0.447252579,0.229355168,0.000000000,0.000000000,124.000,107.000,107.000
1786789908376,XAUT_USDT,demo,0,microspread_below_threshold,0,0.000000000,0.500000000,-0.447252579,-0.447252579,0.229355168,0.000000000,0.000000000,128.000,115.000,115.000
1786789908527,XAUT_USDT,demo,0,microspread_below_threshold,0,0.000000000,0.500000000,-0.447252579,-0.447252579,0.229355168,0.000000000,0.000000000,60.000,55.000,55.000
1786789908647,XAUT_USDT,demo,0,microspread_below_threshold,0,0.000000000,0.500000000,-0.447252579,-0.447252579,0.229355168,0.000000000,0.000000000,180.000,175.000,175.000
1786789908800,XAUT_USDT,demo,0,stale_binance,0,0.000000000,0.500000000,0.000000000,0.000000000,0.229355168,0.000000000,0.000000000,333.000,57.000,57.000
1786789908937,XAUT_USDT,demo,0,stale_binance,0,0.000000000,0.500000000,0.000000000,0.000000000,0.229355168,0.000000000,0.000000000,470.000,107.000,107.000
1786789909068,XAUT_USDT,demo,0,microspread_below_threshold,0,0.000000000,0.500000000,-0.447252579,-0.447252579,0.229355168,0.000000000,0.000000000,84.000,65.000,65.000
1786789909188,XAUT_USDT,demo,0,microspread_below_threshold,0,0.000000000,0.500000000,-0.447252579,-0.447252579,0.229355168,0.000000000,0.000000000,204.000,0.000,0.000
1786789909294,XAUT_USDT,demo,0,stale_binance,0,0.000000000,0.500000000,0.000000000,0.000000000,0.229355168,0.000000000,0.000000000,310.000,106.000,106.000
1786789909426,XAUT_USDT,demo,0,stale_binance,0,0.000000000,0.500000000,0.000000000,0.000000000,0.229355168,0.000000000,0.000000000,442.000,238.000,238.000
1786789909560,XAUT_USDT,demo,0,stale_binance,0,0.000000000,0.500000000,0.000000000,0.000000000,0.229355168,0.000000000,0.000000000,576.000,51.000,51.000
1786789910337,XAUT_USDT,demo,0,stale_binance,0,0.000000000,0.500000000,0.000000000,0.000000000,0.229355168,0.000000000,0.000000000,1353.000,828.000,828.000
1786789910456,XAUT_USDT,demo,0,stale_binance,0,0.000000000,0.500000000,0.000000000,0.000000000,0.229355168,0.000000000,0.000000000,1472.000,947.000,947.000
1786789910573,XAUT_USDT,demo,0,stale_binance,0,0.000000000,0.500000000,0.000000000,0.000000000,0.229355168,0.000000000,0.000000000,1589.000,1064.000,1064.000
1786789910689,XAUT_USDT,demo,0,stale_binance,0,0.000000000,0.500000000,0.000000000,0.000000000,0.229355168,0.000000000,0.000000000,1705.000,1180.000,1180.000
1786789910805,XAUT_USDT,demo,0,stale_binance,0,0.000000000,0.500000000,0.000000000,0.000000000,0.229355168,0.000000000,0.000000000,1821.000,1296.000,1296.000
1786789910920,XAUT_USDT,demo,0,stale_binance,0,0.000000000,0.500000000,0.000000000,0.000000000,0.229355168,0.000000000,0.000000000,1936.000,1411.000,1411.000
1786789911039,XAUT_USDT,demo,0,microspread_below_threshold,0,0.000000000,0.500000000,-0.447252579,-0.447252579,0.229355168,0.000000000,0.000000000,111.000,1530.000,1530.000
1786789911160,XAUT_USDT,demo,0,microspread_below_threshold,0,0.000000000,0.500000000,-0.447252579,-0.447252579,0.229355168,0.000000000,0.000000000,232.000,1651.000,1651.000
1786789911279,XAUT_USDT,demo,0,stale_binance,0,0.000000000,0.500000000,0.000000000,0.000000000,0.229355168,0.000000000,0.000000000,351.000,1770.000,1770.000
1786789911407,XAUT_USDT,demo,0,stale_binance,0,0.000000000,0.500000000,0.000000000,0.000000000,0.229355168,0.000000000,0.000000000,479.000,1898.000,1898.000
1786789914095,XAUT_USDT,demo,0,stale_binance,0,0.000000000,0.500000000,0.000000000,0.000000000,0.229355168,0.000000000,0.000000000,574.000,0.000,0.000
1786789914217,XAUT_USDT,demo,0,stale_binance,0,0.000000000,0.500000000,0.000000000,0.000000000,0.229355168,0.000000000,0.000000000,696.000,122.000,122.000
1786789914329,XAUT_USDT,demo,0,microspread_below_threshold,0,0.000000000,0.500000000,-0.447252579,-0.447252579,0.229355168,0.000000000,0.000000000,77.000,59.000,59.000
1786789914445,XAUT_USDT,demo,0,microspread_below_threshold,0,0.000000000,0.500000000,-0.447252579,-0.447252579,0.229355168,0.000000000,0.000000000,193.000,175.000,175.000
1786789915296,XAUT_USDT,demo,0,stale_binance,0,0.000000000,0.500000000,0.000000000,0.000000000,0.229355168,0.000000000,0.000000000,525.000,142.000,142.000
1786789915428,XAUT_USDT,demo,0,stale_binance,0,0.000000000,0.500000000,0.000000000,0.000000000,0.229355168,0.000000000,0.000000000,657.000,274.000,274.000
1786789915555,XAUT_USDT,demo,0,stale_binance,0,0.000000000,0.500000000,0.000000000,0.000000000,0.229355168,0.000000000,0.000000000,784.000,401.000,401.000
1786789915665,XAUT_USDT,demo,0,stale_binance,0,0.000000000,0.500000000,0.000000000,0.000000000,0.229355168,0.000000000,0.000000000,894.000,511.000,511.000
1786789915776,XAUT_USDT,demo,0,stale_binance,0,0.000000000,0.500000000,0.000000000,0.000000000,0.229355168,0.000000000,0.000000000,1005.000,622.000,622.000
1786789915925,XAUT_USDT,demo,0,microspread_below_threshold,0,0.000000000,0.500000000,-0.447252579,-0.447252579,0.229355168,0.000000000,0.000000000,59.000,771.000,771.000
1786789916035,XAUT_USDT,demo,0,microspread_below_threshold,0,0.000000000,0.500000000,-0.447252579,-0.447252579,0.229355168,0.000000000,0.000000000,169.000,881.000,881.000
1786789916144,XAUT_USDT,demo,0,microspread_below_threshold,0,0.000000000,0.500000000,-0.447252579,-0.447252579,0.229355168,0.000000000,0.000000000,278.000,990.000,990.000
1786789916262,XAUT_USDT,demo,0,stale_binance,0,0.000000000,0.500000000,0.000000000,0.000000000,0.229355168,0.000000000,0.000000000,396.000,1108.000,1108.000
1786789916377,XAUT_USDT,demo,0,stale_binance,0,0.000000000,0.500000000,0.000000000,0.000000000,0.229355168,0.000000000,0.000000000,511.000,1223.000,1223.000
1786789916515,XAUT_USDT,demo,0,microspread_below_threshold,0,0.000000000,0.500000000,-0.447252579,-0.447252579,0.229355168,0.000000000,0.000000000,61.000,1361.000,1361.000
1786789916627,XAUT_USDT,demo,0,microspread_below_threshold,0,0.000000000,0.500000000,-0.447252579,-0.447252579,0.229355168,0.000000000,0.000000000,173.000,1473.000,1473.000
1786789916745,XAUT_USDT,demo,0,microspread_below_threshold,0,0.000000000,0.500000000,-0.447252579,-0.447252579,0.229355168,0.000000000,0.000000000,291.000,1591.000,1591.000
1786789916864,XAUT_USDT,demo,0,stale_binance,0,0.000000000,0.500000000,0.000000000,0.000000000,0.229355168,0.000000000,0.000000000,410.000,1710.000,1710.000
1786789916984,XAUT_USDT,demo,0,stale_binance,0,0.000000000,0.500000000,0.000000000,0.000000000,0.229355168,0.000000000,0.000000000,530.000,1830.000,1830.000
1786789917114,XAUT_USDT,demo,0,stale_binance,0,0.000000000,0.500000000,0.000000000,0.000000000,0.229355168,0.000000000,0.000000000,660.000,1960.000,1960.000
1786789920767,XAUT_USDT,demo,0,stale_binance,0,0.000000000,0.500000000,0.000000000,0.000000000,0.229355168,0.000000000,0.000000000,428.000,0.000,0.000
1786789920872,XAUT_USDT,demo,0,stale_binance,0,0.000000000,0.500000000,0.000000000,0.000000000,0.229355168,0.000000000,0.000000000,533.000,0.000,0.000
1786789920985,XAUT_USDT,demo,0,stale_binance,0,0.000000000,0.500000000,0.000000000,0.000000000,0.229355168,0.000000000,0.000000000,646.000,113.000,113.000
1786789921105,XAUT_USDT,demo,0,stale_binance,0,0.000000000,0.500000000,0.000000000,0.000000000,0.229355168,0.000000000,0.000000000,766.000,55.000,55.000
1786789921229,XAUT_USDT,demo,0,stale_binance,0,0.000000000,0.500000000,0.000000000,0.000000000,0.229355168,0.000000000,0.000000000,890.000,113.000,113.000
1786789921361,XAUT_USDT,demo,0,stale_binance,0,0.000000000,0.500000000,0.000000000,0.000000000,0.229355168,0.000000000,0.000000000,1022.000,52.000,52.000
1786789921508,XAUT_USDT,demo,0,stale_binance,0,0.000000000,0.500000000,0.000000000,0.000000000,0.229355168,0.000000000,0.000000000,1169.000,108.000,108.000
1786789921609,XAUT_USDT,demo,0,microspread_below_threshold,0,0.000000000,0.500000000,-0.447252579,-0.447252579,0.229355168,0.000000000,0.000000000,0.000,49.000,49.000
1786789921709,XAUT_USDT,demo,0,microspread_below_threshold,0,0.000000000,0.500000000,-0.447252579,-0.447252579,0.229355168,0.000000000,0.000000000,100.000,53.000,53.000
1786789921840,XAUT_USDT,demo,0,microspread_below_threshold,0,0.000000000,0.500000000,-0.447252579,-0.447252579,0.229355168,0.000000000,0.000000000,231.000,184.000,184.000
1786789921953,XAUT_USDT,demo,0,stale_binance,0,0.000000000,0.500000000,0.000000000,0.000000000,0.229355168,0.000000000,0.000000000,344.000,53.000,53.000
1786789922089,XAUT_USDT,demo,0,stale_binance,0,0.000000000,0.500000000,0.000000000,0.000000000,0.229355168,0.000000000,0.000000000,480.000,1.000,1.000
1786789922225,XAUT_USDT,demo,0,stale_binance,0,0.000000000,0.500000000,0.000000000,0.000000000,0.229355168,0.000000000,0.000000000,616.000,60.000,60.000
1786789922345,XAUT_USDT,demo,0,stale_binance,0,0.000000000,0.500000000,0.000000000,0.000000000,0.229355168,0.000000000,0.000000000,736.000,180.000,180.000
1786789922458,XAUT_USDT,demo,0,stale_binance,0,0.000000000,0.500000000,0.000000000,0.000000000,0.229355168,0.000000000,0.000000000,849.000,293.000,293.000
1786789922573,XAUT_USDT,demo,0,stale_binance,0,0.000000000,0.500000000,0.000000000,0.000000000,0.229355168,0.000000000,0.000000000,964.000,408.000,408.000
1786789922700,XAUT_USDT,demo,0,stale_binance,0,0.000000000,0.500000000,0.000000000,0.000000000,0.229355168,0.000000000,0.000000000,1091.000,535.000,535.000
1786789922807,XAUT_USDT,demo,0,stale_binance,0,0.000000000,0.500000000,0.000000000,0.000000000,0.229355168,0.000000000,0.000000000,1198.000,642.000,642.000
1786789922924,XAUT_USDT,demo,0,stale_binance,0,0.000000000,0.500000000,0.000000000,0.000000000,0.229355168,0.000000000,0.000000000,1315.000,759.000,759.000
1786789923038,XAUT_USDT,demo,0,stale_binance,0,0.000000000,0.500000000,0.000000000,0.000000000,0.229355168,0.000000000,0.000000000,1429.000,873.000,873.000
1786789923158,XAUT_USDT,demo,0,stale_binance,0,0.000000000,0.500000000,0.000000000,0.000000000,0.229355168,0.000000000,0.000000000,1549.000,993.000,993.000
1786789923271,XAUT_USDT,demo,0,stale_binance,0,0.000000000,0.500000000,0.000000000,0.000000000,0.229355168,0.000000000,0.000000000,1662.000,1106.000,1106.000
1786789923386,XAUT_USDT,demo,0,stale_binance,0,0.000000000,0.500000000,0.000000000,0.000000000,0.229355168,0.000000000,0.000000000,1777.000,1221.000,1221.000
1786789923499,XAUT_USDT,demo,0,stale_binance,0,0.000000000,0.500000000,0.000000000,0.000000000,0.229355168,0.000000000,0.000000000,1890.000,1334.000,1334.000
1786789923614,XAUT_USDT,demo,0,stale_binance,0,0.000000000,0.500000000,0.000000000,0.000000000,0.229355168,0.000000000,0.000000000,2005.000,1449.000,1449.000
1786789923723,XAUT_USDT,demo,0,stale_binance,0,0.000000000,0.500000000,0.000000000,0.000000000,0.229355168,0.000000000,0.000000000,2114.000,1558.000,1558.000
1786789923851,XAUT_USDT,demo,0,stale_binance,0,0.000000000,0.500000000,0.000000000,0.000000000,0.229355168,0.000000000,0.000000000,2242.000,1686.000,1686.000
1786789923972,XAUT_USDT,demo,0,stale_binance,0,0.000000000,0.500000000,0.000000000,0.000000000,0.229355168,0.000000000,0.000000000,2363.000,1807.000,1807.000
1786789924086,XAUT_USDT,demo,0,stale_binance,0,0.000000000,0.500000000,0.000000000,0.000000000,0.229355168,0.000000000,0.000000000,2477.000,1921.000,1921.000
1786789927401,XAUT_USDT,demo,0,microspread_below_threshold,0,0.000000000,0.500000000,-0.447252579,-0.447252579,0.229355168,0.000000000,0.000000000,163.000,0.000,0.000
1786789927530,XAUT_USDT,demo,0,microspread_below_threshold,0,0.000000000,0.500000000,-0.447252579,-0.447252579,0.229355168,0.000000000,0.000000000,292.000,129.000,129.000
1786789927647,XAUT_USDT,demo,0,stale_binance,0,0.000000000,0.500000000,0.000000000,0.000000000,0.229355168,0.000000000,0.000000000,409.000,0.000,0.000
1786789927795,XAUT_USDT,demo,0,stale_binance,0,0.000000000,0.500000000,0.000000000,0.000000000,0.229355168,0.000000000,0.000000000,557.000,66.000,66.000
1786789927920,XAUT_USDT,demo,0,stale_binance,0,0.000000000,0.500000000,0.000000000,0.000000000,0.229355168,0.000000000,0.000000000,682.000,191.000,191.000
1786789928046,XAUT_USDT,demo,0,stale_binance,0,0.000000000,0.500000000,0.000000000,0.000000000,0.229355168,0.000000000,0.000000000,808.000,55.000,55.000
1786789928169,XAUT_USDT,demo,0,stale_binance,0,0.000000000,0.500000000,0.000000000,0.000000000,0.229355168,0.000000000,0.000000000,931.000,178.000,178.000
1786789928287,XAUT_USDT,demo,0,stale_binance,0,0.000000000,0.500000000,0.000000000,0.000000000,0.229355168,0.000000000,0.000000000,1049.000,0.000,0.000
1786789928387,XAUT_USDT,demo,0,stale_binance,0,0.000000000,0.500000000,0.000000000,0.000000000,0.229355168,0.000000000,0.000000000,1149.000,54.000,54.000
1786789928544,XAUT_USDT,demo,0,stale_binance,0,0.000000000,0.500000000,0.000000000,0.000000000,0.229355168,0.000000000,0.000000000,1306.000,114.000,114.000
1786789928670,XAUT_USDT,demo,0,stale_binance,0,0.000000000,0.500000000,0.000000000,0.000000000,0.229355168,0.000000000,0.000000000,1432.000,240.000,240.000
1786789928797,XAUT_USDT,demo,0,stale_binance,0,0.000000000,0.500000000,0.000000000,0.000000000,0.229355168,0.000000000,0.000000000,1559.000,367.000,367.000
1786789928917,XAUT_USDT,demo,0,stale_binance,0,0.000000000,0.500000000,0.000000000,0.000000000,0.229355168,0.000000000,0.000000000,1679.000,487.000,487.000
1786789929040,XAUT_USDT,demo,0,microspread_below_threshold,0,0.000000000,0.500000000,-0.447252579,-0.447252579,0.229355168,0.000000000,0.000000000,59.000,610.000,610.000
1786789929165,XAUT_USDT,demo,0,microspread_below_threshold,0,0.000000000,0.500000000,-0.447252579,-0.447252579,0.229355168,0.000000000,0.000000000,184.000,735.000,735.000
1786789929286,XAUT_USDT,demo,0,stale_binance,0,0.000000000,0.500000000,0.000000000,0.000000000,0.229355168,0.000000000,0.000000000,305.000,856.000,856.000
1786789929401,XAUT_USDT,demo,0,stale_binance,0,0.000000000,0.500000000,0.000000000,0.000000000,0.229355168,0.000000000,0.000000000,420.000,971.000,971.000
1786789929507,XAUT_USDT,demo,0,stale_binance,0,0.000000000,0.500000000,0.000000000,0.000000000,0.229355168,0.000000000,0.000000000,526.000,1077.000,1077.000
1786789929623,XAUT_USDT,demo,0,stale_binance,0,0.000000000,0.500000000,0.000000000,0.000000000,0.229355168,0.000000000,0.000000000,642.000,1193.000,1193.000
1786789930376,XAUT_USDT,demo,0,stale_binance,0,0.000000000,0.500000000,0.000000000,0.000000000,0.229355168,0.000000000,0.000000000,559.000,1946.000,1946.000
1786789933892,XAUT_USDT,demo,0,stale_binance,0,0.000000000,0.500000000,0.000000000,0.000000000,0.229355168,0.000000000,0.000000000,650.000,0.000,0.000
1786789934004,XAUT_USDT,demo,0,stale_binance,0,0.000000000,0.500000000,0.000000000,0.000000000,0.229355168,0.000000000,0.000000000,762.000,112.000,112.000
1786789934127,XAUT_USDT,demo,0,stale_binance,0,0.000000000,0.500000000,0.000000000,0.000000000,0.229355168,0.000000000,0.000000000,885.000,235.000,235.000
1786789934242,XAUT_USDT,demo,0,stale_binance,0,0.000000000,0.500000000,0.000000000,0.000000000,0.229355168,0.000000000,0.000000000,1000.000,0.000,0.000
1786789934389,XAUT_USDT,demo,0,stale_binance,0,0.000000000,0.500000000,0.000000000,0.000000000,0.229355168,0.000000000,0.000000000,1147.000,59.000,59.000
1786789934507,XAUT_USDT,demo,0,stale_binance,0,0.000000000,0.500000000,0.000000000,0.000000000,0.229355168,0.000000000,0.000000000,1265.000,177.000,177.000
1786789934630,XAUT_USDT,demo,0,stale_binance,0,0.000000000,0.500000000,0.000000000,0.000000000,0.229355168,0.000000000,0.000000000,1388.000,51.000,51.000
1786789935405,XAUT_USDT,demo,0,stale_binance,0,0.000000000,0.500000000,0.000000000,0.000000000,0.229355168,0.000000000,0.000000000,2163.000,48.000,48.000
1786789935519,XAUT_USDT,demo,0,stale_binance,0,0.000000000,0.500000000,0.000000000,0.000000000,0.229355168,0.000000000,0.000000000,2277.000,162.000,162.000
1786789935668,XAUT_USDT,demo,0,microspread_below_threshold,0,0.000000000,0.500000000,-0.447252579,-0.447252579,0.229355168,0.000000000,0.000000000,127.000,311.000,311.000
1786789935793,XAUT_USDT,demo,0,microspread_below_threshold,0,0.000000000,0.500000000,-0.447252579,-0.447252579,0.229355168,0.000000000,0.000000000,252.000,436.000,436.000
1786789935917,XAUT_USDT,demo,0,stale_binance,0,0.000000000,0.500000000,0.000000000,0.000000000,0.229355168,0.000000000,0.000000000,376.000,560.000,560.000
1786789936057,XAUT_USDT,demo,0,stale_binance,0,0.000000000,0.500000000,0.000000000,0.000000000,0.229355168,0.000000000,0.000000000,516.000,114.000,114.000
1786789936182,XAUT_USDT,demo,0,stale_binance,0,0.000000000,0.500000000,0.000000000,0.000000000,0.229355168,0.000000000,0.000000000,641.000,239.000,239.000
1786789936309,XAUT_USDT,demo,0,stale_binance,0,0.000000000,0.500000000,0.000000000,0.000000000,0.229355168,0.000000000,0.000000000,768.000,366.000,366.000
1786789936431,XAUT_USDT,demo,0,stale_binance,0,0.000000000,0.500000000,0.000000000,0.000000000,0.229355168,0.000000000,0.000000000,890.000,488.000,488.000
1786789936557,XAUT_USDT,demo,0,stale_binance,0,0.000000000,0.500000000,0.000000000,0.000000000,0.229355168,0.000000000,0.000000000,1016.000,614.000,614.000
1786789936682,XAUT_USDT,demo,0,stale_binance,0,0.000000000,0.500000000,0.000000000,0.000000000,0.229355168,0.000000000,0.000000000,1141.000,739.000,739.000
1786789936808,XAUT_USDT,demo,0,stale_binance,0,0.000000000,0.500000000,0.000000000,0.000000000,0.229355168,0.000000000,0.000000000,1267.000,865.000,865.000
1786789936930,XAUT_USDT,demo,0,stale_binance,0,0.000000000,0.500000000,0.000000000,0.000000000,0.229355168,0.000000000,0.000000000,1389.000,987.000,987.000
1786789937047,XAUT_USDT,demo,0,stale_binance,0,0.000000000,0.500000000,0.000000000,0.000000000,0.229355168,0.000000000,0.000000000,1506.000,1104.000,1104.000
1786789937159,XAUT_USDT,demo,0,stale_binance,0,0.000000000,0.500000000,0.000000000,0.000000000,0.229355168,0.000000000,0.000000000,1618.000,1216.000,1216.000
1786789937267,XAUT_USDT,demo,0,stale_binance,0,0.000000000,0.500000000,0.000000000,0.000000000,0.229355168,0.000000000,0.000000000,1726.000,1324.000,1324.000
1786789937386,XAUT_USDT,demo,0,stale_binance,0,0.000000000,0.500000000,0.000000000,0.000000000,0.229355168,0.000000000,0.000000000,1845.000,1443.000,1443.000
1786789937500,XAUT_USDT,demo,0,stale_binance,0,0.000000000,0.500000000,0.000000000,0.000000000,0.229355168,0.000000000,0.000000000,1959.000,1557.000,1557.000
1786789937606,XAUT_USDT,demo,0,stale_binance,0,0.000000000,0.500000000,0.000000000,0.000000000,0.229355168,0.000000000,0.000000000,2065.000,1663.000,1663.000
1786789937735,XAUT_USDT,demo,0,stale_binance,0,0.000000000,0.500000000,0.000000000,0.000000000,0.229355168,0.000000000,0.000000000,2194.000,1792.000,1792.000
1786789937852,XAUT_USDT,demo,0,stale_binance,0,0.000000000,0.500000000,0.000000000,0.000000000,0.229355168,0.000000000,0.000000000,2311.000,1909.000,1909.000
1786789940637,XAUT_USDT,demo,0,stale_binance,0,0.000000000,0.500000000,0.000000000,0.000000000,0.229355168,0.000000000,0.000000000,557.000,1.000,1.000
1786789940739,XAUT_USDT,demo,0,stale_binance,0,0.000000000,0.500000000,0.000000000,0.000000000,0.229355168,0.000000000,0.000000000,659.000,0.000,0.000
1786789940870,XAUT_USDT,demo,0,stale_binance,0,0.000000000,0.500000000,0.000000000,0.000000000,0.229355168,0.000000000,0.000000000,790.000,61.000,61.000
1786789941023,XAUT_USDT,demo,0,stale_binance,0,0.000000000,0.500000000,0.000000000,0.000000000,0.229355168,0.000000000,0.000000000,943.000,118.000,118.000
1786789941142,XAUT_USDT,demo,0,stale_binance,0,0.000000000,0.500000000,0.000000000,0.000000000,0.229355168,0.000000000,0.000000000,1062.000,237.000,237.000
1786789941245,XAUT_USDT,demo,0,stale_binance,0,0.000000000,0.500000000,0.000000000,0.000000000,0.229355168,0.000000000,0.000000000,1165.000,0.000,0.000
1786789941351,XAUT_USDT,demo,0,stale_binance,0,0.000000000,0.500000000,0.000000000,0.000000000,0.229355168,0.000000000,0.000000000,1271.000,106.000,106.000
1786789941480,XAUT_USDT,demo,0,stale_binance,0,0.000000000,0.500000000,0.000000000,0.000000000,0.229355168,0.000000000,0.000000000,1400.000,62.000,62.000
1786789941590,XAUT_USDT,demo,0,stale_binance,0,0.000000000,0.500000000,0.000000000,0.000000000,0.229355168,0.000000000,0.000000000,1510.000,0.000,0.000
1786789941739,XAUT_USDT,demo,0,stale_binance,0,0.000000000,0.500000000,0.000000000,0.000000000,0.229355168,0.000000000,0.000000000,1659.000,52.000,52.000
1786789941883,XAUT_USDT,demo,0,stale_binance,0,0.000000000,0.500000000,0.000000000,0.000000000,0.229355168,0.000000000,0.000000000,1803.000,114.000,114.000
1786789942001,XAUT_USDT,demo,0,stale_binance,0,0.000000000,0.500000000,0.000000000,0.000000000,0.229355168,0.000000000,0.000000000,1921.000,232.000,232.000
1786789942120,XAUT_USDT,demo,0,stale_binance,0,0.000000000,0.500000000,0.000000000,0.000000000,0.229355168,0.000000000,0.000000000,2040.000,351.000,351.000
1786789942233,XAUT_USDT,demo,0,stale_binance,0,0.000000000,0.500000000,0.000000000,0.000000000,0.229355168,0.000000000,0.000000000,2153.000,464.000,464.000
1786789942350,XAUT_USDT,demo,0,stale_binance,0,0.000000000,0.500000000,0.000000000,0.000000000,0.229355168,0.000000000,0.000000000,2270.000,581.000,581.000
1786789942454,XAUT_USDT,demo,0,stale_binance,0,0.000000000,0.500000000,0.000000000,0.000000000,0.229355168,0.000000000,0.000000000,2374.000,685.000,685.000
1786789942580,XAUT_USDT,demo,0,stale_binance,0,0.000000000,0.500000000,0.000000000,0.000000000,0.229355168,0.000000000,0.000000000,2500.000,811.000,811.000
1786789942724,XAUT_USDT,demo,0,stale_binance,0,0.000000000,0.500000000,0.000000000,0.000000000,0.229355168,0.000000000,0.000000000,2644.000,114.000,114.000
1786789942845,XAUT_USDT,demo,0,stale_binance,0,0.000000000,0.500000000,0.000000000,0.000000000,0.229355168,0.000000000,0.000000000,2765.000,235.000,235.000
1786789942957,XAUT_USDT,demo,0,stale_binance,0,0.000000000,0.500000000,0.000000000,0.000000000,0.229355168,0.000000000,0.000000000,2877.000,347.000,347.000
1786789943069,XAUT_USDT,demo,0,stale_binance,0,0.000000000,0.500000000,0.000000000,0.000000000,0.229355168,0.000000000,0.000000000,2989.000,459.000,459.000
1786789943183,XAUT_USDT,demo,0,stale_binance,0,0.000000000,0.500000000,0.000000000,0.000000000,0.229355168,0.000000000,0.000000000,3103.000,573.000,573.000
1786789943298,XAUT_USDT,demo,0,stale_binance,0,0.000000000,0.500000000,0.000000000,0.000000000,0.229355168,0.000000000,0.000000000,3218.000,688.000,688.000
1786789943415,XAUT_USDT,demo,0,stale_binance,0,0.000000000,0.500000000,0.000000000,0.000000000,0.229355168,0.000000000,0.000000000,3335.000,805.000,805.000
1786789943520,XAUT_USDT,demo,0,stale_binance,0,0.000000000,0.500000000,0.000000000,0.000000000,0.229355168,0.000000000,0.000000000,3440.000,910.000,910.000
1786789943648,XAUT_USDT,demo,0,stale_binance,0,0.000000000,0.500000000,0.000000000,0.000000000,0.229355168,0.000000000,0.000000000,3568.000,1038.000,1038.000
1786789943755,XAUT_USDT,demo,0,stale_binance,0,0.000000000,0.500000000,0.000000000,0.000000000,0.229355168,0.000000000,0.000000000,3675.000,1145.000,1145.000
1786789943870,XAUT_USDT,demo,0,stale_binance,0,0.000000000,0.500000000,0.000000000,0.000000000,0.229355168,0.000000000,0.000000000,3790.000,1260.000,1260.000
1786789943982,XAUT_USDT,demo,0,stale_binance,0,0.000000000,0.500000000,0.000000000,0.000000000,0.229355168,0.000000000,0.000000000,3902.000,1372.000,1372.000
1786789944087,XAUT_USDT,demo,0,stale_binance,0,0.000000000,0.500000000,0.000000000,0.000000000,0.229355168,0.000000000,0.000000000,4007.000,1477.000,1477.000
1786789944200,XAUT_USDT,demo,0,stale_binance,0,0.000000000,0.500000000,0.000000000,0.000000000,0.229355168,0.000000000,0.000000000,4120.000,1590.000,1590.000
1786789944315,XAUT_USDT,demo,0,stale_binance,0,0.000000000,0.500000000,0.000000000,0.000000000,0.229355168,0.000000000,0.000000000,4235.000,1705.000,1705.000
1786789944435,XAUT_USDT,demo,0,stale_binance,0,0.000000000,0.500000000,0.000000000,0.000000000,0.229355168,0.000000000,0.000000000,4355.000,1825.000,1825.000
1786789944551,XAUT_USDT,demo,0,stale_binance,0,0.000000000,0.500000000,0.000000000,0.000000000,0.229355168,0.000000000,0.000000000,4471.000,1941.000,1941.000
1786789947231,XAUT_USDT,demo,0,stale_binance,0,0.000000000,0.500000000,0.000000000,0.000000000,0.229355168,0.000000000,0.000000000,687.000,0.000,0.000
1786789947336,XAUT_USDT,demo,0,stale_binance,0,0.000000000,0.500000000,0.000000000,0.000000000,0.229355168,0.000000000,0.000000000,792.000,105.000,105.000
1786789947450,XAUT_USDT,demo,0,stale_binance,0,0.000000000,0.500000000,0.000000000,0.000000000,0.229355168,0.000000000,0.000000000,906.000,219.000,219.000
1786789947576,XAUT_USDT,demo,0,stale_binance,0,0.000000000,0.500000000,0.000000000,0.000000000,0.229355168,0.000000000,0.000000000,1032.000,0.000,0.000
1786789947695,XAUT_USDT,demo,0,stale_binance,0,0.000000000,0.500000000,0.000000000,0.000000000,0.229355168,0.000000000,0.000000000,1151.000,119.000,119.000
1786789947803,XAUT_USDT,demo,0,stale_binance,0,0.000000000,0.500000000,0.000000000,0.000000000,0.229355168,0.000000000,0.000000000,1259.000,227.000,227.000
1786789947912,XAUT_USDT,demo,0,stale_binance,0,0.000000000,0.500000000,0.000000000,0.000000000,0.229355168,0.000000000,0.000000000,1368.000,59.000,59.000
1786789948028,XAUT_USDT,demo,0,stale_binance,0,0.000000000,0.500000000,0.000000000,0.000000000,0.229355168,0.000000000,0.000000000,1484.000,175.000,175.000
1786789948145,XAUT_USDT,demo,0,stale_binance,0,0.000000000,0.500000000,0.000000000,0.000000000,0.229355168,0.000000000,0.000000000,1601.000,55.000,55.000
1786789948284,XAUT_USDT,demo,0,stale_binance,0,0.000000000,0.500000000,0.000000000,0.000000000,0.229355168,0.000000000,0.000000000,1740.000,105.000,105.000
1786789948387,XAUT_USDT,demo,0,stale_binance,0,0.000000000,0.500000000,0.000000000,0.000000000,0.229355168,0.000000000,0.000000000,1843.000,0.000,0.000
1786789948502,XAUT_USDT,demo,0,stale_binance,0,0.000000000,0.500000000,0.000000000,0.000000000,0.229355168,0.000000000,0.000000000,1958.000,115.000,115.000
1786789948646,XAUT_USDT,demo,0,stale_binance,0,0.000000000,0.500000000,0.000000000,0.000000000,0.229355168,0.000000000,0.000000000,2102.000,122.000,122.000
1786789948763,XAUT_USDT,demo,0,stale_binance,0,0.000000000,0.500000000,0.000000000,0.000000000,0.229355168,0.000000000,0.000000000,2219.000,239.000,239.000
1786789948868,XAUT_USDT,demo,0,stale_binance,0,0.000000000,0.500000000,0.000000000,0.000000000,0.229355168,0.000000000,0.000000000,2324.000,0.000,0.000
1786789948998,XAUT_USDT,demo,0,microspread_below_threshold,0,0.000000000,0.500000000,-0.447252579,-0.447252579,0.229355168,0.000000000,0.000000000,0.000,43.000,43.000
1786789949111,XAUT_USDT,demo,0,microspread_below_threshold,0,0.000000000,0.500000000,-0.447252579,-0.447252579,0.229355168,0.000000000,0.000000000,106.000,55.000,55.000
1786789949211,XAUT_USDT,demo,0,microspread_below_threshold,0,0.000000000,0.500000000,-0.447252579,-0.447252579,0.229355168,0.000000000,0.000000000,206.000,0.000,0.000
1786789949349,XAUT_USDT,demo,0,stale_binance,0,0.000000000,0.500000000,0.000000000,0.000000000,0.229355168,0.000000000,0.000000000,344.000,54.000,54.000
1786789949454,XAUT_USDT,demo,0,stale_binance,0,0.000000000,0.500000000,0.000000000,0.000000000,0.229355168,0.000000000,0.000000000,449.000,159.000,159.000
1786789949583,XAUT_USDT,demo,0,stale_binance,0,0.000000000,0.500000000,0.000000000,0.000000000,0.229355168,0.000000000,0.000000000,578.000,119.000,119.000
1786789949690,XAUT_USDT,demo,0,stale_binance,0,0.000000000,0.500000000,0.000000000,0.000000000,0.229355168,0.000000000,0.000000000,685.000,54.000,54.000
1786789950458,XAUT_USDT,demo,0,microspread_below_threshold,0,0.000000000,0.500000000,-0.447252579,-0.447252579,0.229355168,0.000000000,0.000000000,287.000,138.000,138.000
1786789950571,XAUT_USDT,demo,0,stale_binance,0,0.000000000,0.500000000,0.000000000,0.000000000,0.229355168,0.000000000,0.000000000,400.000,251.000,251.000
1786789950715,XAUT_USDT,demo,0,microspread_below_threshold,0,0.000000000,0.500000000,-0.447252579,-0.447252579,0.229355168,0.000000000,0.000000000,53.000,52.000,52.000
1786789950815,XAUT_USDT,demo,0,microspread_below_threshold,0,0.000000000,0.500000000,-0.447252579,-0.447252579,0.229355168,0.000000000,0.000000000,0.000,55.000,55.000
1786789950963,XAUT_USDT,demo,0,microspread_below_threshold,0,0.000000000,0.500000000,-0.447252579,-0.447252579,0.229355168,0.000000000,0.000000000,148.000,118.000,118.000
1786789951065,XAUT_USDT,demo,0,microspread_below_threshold,0,0.000000000,0.500000000,-0.447252579,-0.447252579,0.229355168,0.000000000,0.000000000,250.000,58.000,58.000
1786789951187,XAUT_USDT,demo,0,stale_binance,0,0.000000000,0.500000000,0.000000000,0.000000000,0.229355168,0.000000000,0.000000000,372.000,180.000,180.000
1786789951312,XAUT_USDT,demo,0,microspread_below_threshold,0,0.000000000,0.500000000,-0.447252579,-0.447252579,0.229355168,0.000000000,0.000000000,107.000,50.000,50.000
1786789951436,XAUT_USDT,demo,0,microspread_below_threshold,0,0.000000000,0.500000000,-0.447252579,-0.447252579,0.229355168,0.000000000,0.000000000,231.000,174.000,174.000
1786789951550,XAUT_USDT,demo,0,stale_binance,0,0.000000000,0.500000000,0.000000000,0.000000000,0.229355168,0.000000000,0.000000000,345.000,288.000,288.000
1786789951680,XAUT_USDT,demo,0,stale_binance,0,0.000000000,0.500000000,0.000000000,0.000000000,0.229355168,0.000000000,0.000000000,475.000,418.000,418.000
1786789951800,XAUT_USDT,demo,0,stale_binance,0,0.000000000,0.500000000,0.000000000,0.000000000,0.229355168,0.000000000,0.000000000,595.000,538.000,538.000
1786789951913,XAUT_USDT,demo,0,stale_binance,0,0.000000000,0.500000000,0.000000000,0.000000000,0.229355168,0.000000000,0.000000000,708.000,651.000,651.000
1786789952025,XAUT_USDT,demo,0,stale_binance,0,0.000000000,0.500000000,0.000000000,0.000000000,0.229355168,0.000000000,0.000000000,820.000,763.000,763.000
1786789952144,XAUT_USDT,demo,0,stale_binance,0,0.000000000,0.500000000,0.000000000,0.000000000,0.229355168,0.000000000,0.000000000,939.000,882.000,882.000
1786789952264,XAUT_USDT,demo,0,stale_binance,0,0.000000000,0.500000000,0.000000000,0.000000000,0.229355168,0.000000000,0.000000000,1059.000,1002.000,1002.000
1786789952372,XAUT_USDT,demo,0,stale_binance,0,0.000000000,0.500000000,0.000000000,0.000000000,0.229355168,0.000000000,0.000000000,1167.000,1110.000,1110.000
1786789952479,XAUT_USDT,demo,0,stale_binance,0,0.000000000,0.500000000,0.000000000,0.000000000,0.229355168,0.000000000,0.000000000,1274.000,1217.000,1217.000
1786789952585,XAUT_USDT,demo,0,stale_binance,0,0.000000000,0.500000000,0.000000000,0.000000000,0.229355168,0.000000000,0.000000000,1380.000,1323.000,1323.000
1786789952696,XAUT_USDT,demo,0,stale_binance,0,0.000000000,0.500000000,0.000000000,0.000000000,0.229355168,0.000000000,0.000000000,1491.000,1434.000,1434.000
1786789952817,XAUT_USDT,demo,0,stale_binance,0,0.000000000,0.500000000,0.000000000,0.000000000,0.229355168,0.000000000,0.000000000,1612.000,1555.000,1555.000
1786789952929,XAUT_USDT,demo,0,stale_binance,0,0.000000000,0.500000000,0.000000000,0.000000000,0.229355168,0.000000000,0.000000000,1724.000,1667.000,1667.000
1786789953038,XAUT_USDT,demo,0,stale_binance,0,0.000000000,0.500000000,0.000000000,0.000000000,0.229355168,0.000000000,0.000000000,1833.000,1776.000,1776.000
1786789953160,XAUT_USDT,demo,0,stale_binance,0,0.000000000,0.500000000,0.000000000,0.000000000,0.229355168,0.000000000,0.000000000,1955.000,1898.000,1898.000
1786789953968,XAUT_USDT,demo,0,stale_binance,0,0.000000000,0.500000000,0.000000000,0.000000000,0.229355168,0.000000000,0.000000000,448.000,0.000,0.000
1786789954082,XAUT_USDT,demo,0,stale_binance,0,0.000000000,0.500000000,0.000000000,0.000000000,0.229355168,0.000000000,0.000000000,562.000,114.000,114.000
1786789954206,XAUT_USDT,demo,0,stale_binance,0,0.000000000,0.500000000,0.000000000,0.000000000,0.229355168,0.000000000,0.000000000,686.000,65.000,65.000
1786789954316,XAUT_USDT,demo,0,stale_binance,0,0.000000000,0.500000000,0.000000000,0.000000000,0.229355168,0.000000000,0.000000000,796.000,0.000,0.000
1786789954457,XAUT_USDT,demo,0,stale_binance,0,0.000000000,0.500000000,0.000000000,0.000000000,0.229355168,0.000000000,0.000000000,937.000,51.000,51.000
1786789954560,XAUT_USDT,demo,0,stale_binance,0,0.000000000,0.500000000,0.000000000,0.000000000,0.229355168,0.000000000,0.000000000,1040.000,65.000,65.000
1786789954679,XAUT_USDT,demo,0,stale_binance,0,0.000000000,0.500000000,0.000000000,0.000000000,0.229355168,0.000000000,0.000000000,1159.000,184.000,184.000
1786789955440,XAUT_USDT,demo,0,stale_binance,0,0.000000000,0.500000000,0.000000000,0.000000000,0.229355168,0.000000000,0.000000000,1920.000,82.000,82.000
1786789955561,XAUT_USDT,demo,0,stale_binance,0,0.000000000,0.500000000,0.000000000,0.000000000,0.229355168,0.000000000,0.000000000,2041.000,116.000,116.000
1786789955689,XAUT_USDT,demo,0,stale_binance,0,0.000000000,0.500000000,0.000000000,0.000000000,0.229355168,0.000000000,0.000000000,2169.000,54.000,54.000
1786789955802,XAUT_USDT,demo,0,stale_binance,0,0.000000000,0.500000000,0.000000000,0.000000000,0.229355168,0.000000000,0.000000000,2282.000,167.000,167.000
1786789955921,XAUT_USDT,demo,0,stale_binance,0,0.000000000,0.500000000,0.000000000,0.000000000,0.229355168,0.000000000,0.000000000,2401.000,111.000,111.000
1786789956032,XAUT_USDT,demo,0,stale_binance,0,0.000000000,0.500000000,0.000000000,0.000000000,0.229355168,0.000000000,0.000000000,2512.000,57.000,57.000
1786789956160,XAUT_USDT,demo,0,stale_binance,0,0.000000000,0.500000000,0.000000000,0.000000000,0.229355168,0.000000000,0.000000000,2640.000,185.000,185.000
1786789956283,XAUT_USDT,demo,0,stale_binance,0,0.000000000,0.500000000,0.000000000,0.000000000,0.229355168,0.000000000,0.000000000,2763.000,51.000,51.000
1786789956405,XAUT_USDT,demo,0,stale_binance,0,0.000000000,0.500000000,0.000000000,0.000000000,0.229355168,0.000000000,0.000000000,2885.000,0.000,0.000
1786789956514,XAUT_USDT,demo,0,stale_binance,0,0.000000000,0.500000000,0.000000000,0.000000000,0.229355168,0.000000000,0.000000000,2994.000,109.000,109.000
1786789956633,XAUT_USDT,demo,0,stale_binance,0,0.000000000,0.500000000,0.000000000,0.000000000,0.229355168,0.000000000,0.000000000,3113.000,59.000,59.000
1786789956756,XAUT_USDT,demo,0,stale_binance,0,0.000000000,0.500000000,0.000000000,0.000000000,0.229355168,0.000000000,0.000000000,3236.000,108.000,108.000
1786789956871,XAUT_USDT,demo,0,stale_binance,0,0.000000000,0.500000000,0.000000000,0.000000000,0.229355168,0.000000000,0.000000000,3351.000,54.000,54.000
1786789956993,XAUT_USDT,demo,0,stale_binance,0,0.000000000,0.500000000,0.000000000,0.000000000,0.229355168,0.000000000,0.000000000,3473.000,0.000,0.000
1786789957131,XAUT_USDT,demo,0,stale_binance,0,0.000000000,0.500000000,0.000000000,0.000000000,0.229355168,0.000000000,0.000000000,3611.000,59.000,59.000
1786789957243,XAUT_USDT,demo,0,stale_binance,0,0.000000000,0.500000000,0.000000000,0.000000000,0.229355168,0.000000000,0.000000000,3723.000,0.000,0.000
1786789957371,XAUT_USDT,demo,0,microspread_below_threshold,0,0.000000000,0.500000000,-0.447252579,-0.447252579,0.229355168,0.000000000,0.000000000,1.000,45.000,45.000
1786789957479,XAUT_USDT,demo,0,microspread_below_threshold,0,0.000000000,0.500000000,-0.447252579,-0.447252579,0.229355168,0.000000000,0.000000000,106.000,153.000,153.000
1786789957602,XAUT_USDT,demo,0,microspread_below_threshold,0,0.000000000,0.500000000,-0.447252579,-0.447252579,0.229355168,0.000000000,0.000000000,229.000,276.000,276.000
1786789957725,XAUT_USDT,demo,0,stale_binance,0,0.000000000,0.500000000,0.000000000,0.000000000,0.229355168,0.000000000,0.000000000,352.000,121.000,121.000
1786789957878,XAUT_USDT,demo,0,stale_binance,0,0.000000000,0.500000000,0.000000000,0.000000000,0.229355168,0.000000000,0.000000000,505.000,121.000,121.000
1786789957996,XAUT_USDT,demo,0,stale_binance,0,0.000000000,0.500000000,0.000000000,0.000000000,0.229355168,0.000000000,0.000000000,623.000,239.000,239.000
1786789958116,XAUT_USDT,demo,0,stale_binance,0,0.000000000,0.500000000,0.000000000,0.000000000,0.229355168,0.000000000,0.000000000,743.000,359.000,359.000
1786789958233,XAUT_USDT,demo,0,stale_binance,0,0.000000000,0.500000000,0.000000000,0.000000000,0.229355168,0.000000000,0.000000000,860.000,476.000,476.000
1786789958355,XAUT_USDT,demo,0,stale_binance,0,0.000000000,0.500000000,0.000000000,0.000000000,0.229355168,0.000000000,0.000000000,982.000,598.000,598.000
1786789958462,XAUT_USDT,demo,0,stale_binance,0,0.000000000,0.500000000,0.000000000,0.000000000,0.229355168,0.000000000,0.000000000,1089.000,705.000,705.000
1786789958574,XAUT_USDT,demo,0,stale_binance,0,0.000000000,0.500000000,0.000000000,0.000000000,0.229355168,0.000000000,0.000000000,1201.000,817.000,817.000
1786789958697,XAUT_USDT,demo,0,stale_binance,0,0.000000000,0.500000000,0.000000000,0.000000000,0.229355168,0.000000000,0.000000000,1324.000,940.000,940.000
1786789958812,XAUT_USDT,demo,0,stale_binance,0,0.000000000,0.500000000,0.000000000,0.000000000,0.229355168,0.000000000,0.000000000,1439.000,1055.000,1055.000
1786789958925,XAUT_USDT,demo,0,stale_binance,0,0.000000000,0.500000000,0.000000000,0.000000000,0.229355168,0.000000000,0.000000000,1552.000,1168.000,1168.000
1786789959082,XAUT_USDT,demo,0,microspread_below_threshold,0,0.000000000,0.500000000,-0.447252579,-0.447252579,0.229355168,0.000000000,0.000000000,66.000,1325.000,1325.000
1786789959193,XAUT_USDT,demo,0,microspread_below_threshold,0,0.000000000,0.500000000,-0.447252579,-0.447252579,0.229355168,0.000000000,0.000000000,177.000,1436.000,1436.000
1786789959312,XAUT_USDT,demo,0,microspread_below_threshold,0,0.000000000,0.500000000,-0.447252579,-0.447252579,0.229355168,0.000000000,0.000000000,296.000,1555.000,1555.000
1786789959429,XAUT_USDT,demo,0,stale_binance,0,0.000000000,0.500000000,0.000000000,0.000000000,0.229355168,0.000000000,0.000000000,413.000,1672.000,1672.000
1786789959558,XAUT_USDT,demo,0,stale_binance,0,0.000000000,0.500000000,0.000000000,0.000000000,0.229355168,0.000000000,0.000000000,542.000,1801.000,1801.000
1786789959667,XAUT_USDT,demo,0,stale_binance,0,0.000000000,0.500000000,0.000000000,0.000000000,0.229355168,0.000000000,0.000000000,651.000,1910.000,1910.000
1786789960646,XAUT_USDT,demo,0,microspread_below_threshold,0,0.000000000,0.500000000,-0.447252579,-0.447252579,0.229355168,0.000000000,0.000000000,18.000,0.000,0.000
1786789960792,XAUT_USDT,demo,0,microspread_below_threshold,0,0.000000000,0.500000000,-0.447252579,-0.447252579,0.229355168,0.000000000,0.000000000,164.000,65.000,65.000
1786789960910,XAUT_USDT,demo,0,microspread_below_threshold,0,0.000000000,0.500000000,-0.447252579,-0.447252579,0.229355168,0.000000000,0.000000000,282.000,183.000,183.000
1786789961069,XAUT_USDT,demo,0,stale_binance,0,0.000000000,0.500000000,0.000000000,0.000000000,0.229355168,0.000000000,0.000000000,441.000,71.000,71.000
1786789961241,XAUT_USDT,demo,0,stale_binance,0,0.000000000,0.500000000,0.000000000,0.000000000,0.229355168,0.000000000,0.000000000,613.000,149.000,149.000
1786789961345,XAUT_USDT,demo,0,stale_binance,0,0.000000000,0.500000000,0.000000000,0.000000000,0.229355168,0.000000000,0.000000000,717.000,1.000,1.000
1786789961482,XAUT_USDT,demo,0,stale_binance,0,0.000000000,0.500000000,0.000000000,0.000000000,0.229355168,0.000000000,0.000000000,854.000,54.000,54.000
1786789961613,XAUT_USDT,demo,0,stale_binance,0,0.000000000,0.500000000,0.000000000,0.000000000,0.229355168,0.000000000,0.000000000,985.000,185.000,185.000
1786789961746,XAUT_USDT,demo,0,stale_binance,0,0.000000000,0.500000000,0.000000000,0.000000000,0.229355168,0.000000000,0.000000000,1118.000,65.000,65.000
1786789961854,XAUT_USDT,demo,0,stale_binance,0,0.000000000,0.500000000,0.000000000,0.000000000,0.229355168,0.000000000,0.000000000,1226.000,0.000,0.000
1786789962008,XAUT_USDT,demo,0,stale_binance,0,0.000000000,0.500000000,0.000000000,0.000000000,0.229355168,0.000000000,0.000000000,1380.000,59.000,59.000
1786789962124,XAUT_USDT,demo,0,stale_binance,0,0.000000000,0.500000000,0.000000000,0.000000000,0.229355168,0.000000000,0.000000000,1496.000,175.000,175.000
1786789962254,XAUT_USDT,demo,0,stale_binance,0,0.000000000,0.500000000,0.000000000,0.000000000,0.229355168,0.000000000,0.000000000,1626.000,52.000,52.000
1786789962359,XAUT_USDT,demo,0,stale_binance,0,0.000000000,0.500000000,0.000000000,0.000000000,0.229355168,0.000000000,0.000000000,1731.000,61.000,61.000
1786789962506,XAUT_USDT,demo,0,stale_binance,0,0.000000000,0.500000000,0.000000000,0.000000000,0.229355168,0.000000000,0.000000000,1878.000,52.000,52.000
1786789962628,XAUT_USDT,demo,0,stale_binance,0,0.000000000,0.500000000,0.000000000,0.000000000,0.229355168,0.000000000,0.000000000,2000.000,0.000,0.000
1786789962778,XAUT_USDT,demo,0,stale_binance,0,0.000000000,0.500000000,0.000000000,0.000000000,0.229355168,0.000000000,0.000000000,2150.000,66.000,66.000
1786789962885,XAUT_USDT,demo,0,stale_binance,0,0.000000000,0.500000000,0.000000000,0.000000000,0.229355168,0.000000000,0.000000000,2257.000,173.000,173.000
1786789962999,XAUT_USDT,demo,0,stale_binance,0,0.000000000,0.500000000,0.000000000,0.000000000,0.229355168,0.000000000,0.000000000,2371.000,287.000,287.000
1786789963111,XAUT_USDT,demo,0,microspread_below_threshold,0,0.000000000,0.500000000,-0.447252579,-0.447252579,0.229355168,0.000000000,0.000000000,110.000,58.000,58.000
1786789963227,XAUT_USDT,demo,0,microspread_below_threshold,0,0.000000000,0.500000000,-0.447252579,-0.447252579,0.229355168,0.000000000,0.000000000,226.000,174.000,174.000
1786789963348,XAUT_USDT,demo,0,stale_binance,0,0.000000000,0.500000000,0.000000000,0.000000000,0.229355168,0.000000000,0.000000000,347.000,295.000,295.000
1786789963450,XAUT_USDT,demo,0,stale_binance,0,0.000000000,0.500000000,0.000000000,0.000000000,0.229355168,0.000000000,0.000000000,449.000,55.000,55.000
1786789963609,XAUT_USDT,demo,0,stale_binance,0,0.000000000,0.500000000,0.000000000,0.000000000,0.229355168,0.000000000,0.000000000,608.000,127.000,127.000
1786789963711,XAUT_USDT,demo,0,stale_binance,0,0.000000000,0.500000000,0.000000000,0.000000000,0.229355168,0.000000000,0.000000000,710.000,56.000,56.000
1786789963826,XAUT_USDT,demo,0,stale_binance,0,0.000000000,0.500000000,0.000000000,0.000000000,0.229355168,0.000000000,0.000000000,825.000,171.000,171.000
1786789963979,XAUT_USDT,demo,0,stale_binance,0,0.000000000,0.500000000,0.000000000,0.000000000,0.229355168,0.000000000,0.000000000,978.000,59.000,59.000
1786789964119,XAUT_USDT,demo,0,stale_binance,0,0.000000000,0.500000000,0.000000000,0.000000000,0.229355168,0.000000000,0.000000000,1118.000,117.000,117.000
1786789964249,XAUT_USDT,demo,0,stale_binance,0,0.000000000,0.500000000,0.000000000,0.000000000,0.229355168,0.000000000,0.000000000,1248.000,247.000,247.000
1786789964410,XAUT_USDT,demo,0,stale_binance,0,0.000000000,0.500000000,0.000000000,0.000000000,0.229355168,0.000000000,0.000000000,1409.000,65.000,65.000
1786789964557,XAUT_USDT,demo,0,stale_binance,0,0.000000000,0.500000000,0.000000000,0.000000000,0.229355168,0.000000000,0.000000000,1556.000,109.000,109.000
1786789964671,XAUT_USDT,demo,0,stale_binance,0,0.000000000,0.500000000,0.000000000,0.000000000,0.229355168,0.000000000,0.000000000,1670.000,223.000,223.000
1786789964775,XAUT_USDT,demo,0,stale_binance,0,0.000000000,0.500000000,0.000000000,0.000000000,0.229355168,0.000000000,0.000000000,1774.000,0.000,0.000
1786789965498,XAUT_USDT,demo,0,microspread_below_threshold,0,0.000000000,0.500000000,-0.447252579,-0.447252579,0.229355168,0.000000000,0.000000000,77.000,122.000,122.000
1786789965609,XAUT_USDT,demo,0,microspread_below_threshold,0,0.000000000,0.500000000,-0.447252579,-0.447252579,0.229355168,0.000000000,0.000000000,188.000,57.000,57.000
1786789965722,XAUT_USDT,demo,0,stale_binance,0,0.000000000,0.500000000,0.000000000,0.000000000,0.229355168,0.000000000,0.000000000,301.000,0.000,0.000
1786789965877,XAUT_USDT,demo,0,stale_binance,0,0.000000000,0.500000000,0.000000000,0.000000000,0.229355168,0.000000000,0.000000000,456.000,59.000,59.000
1786789965983,XAUT_USDT,demo,0,stale_binance,0,0.000000000,0.500000000,0.000000000,0.000000000,0.229355168,0.000000000,0.000000000,562.000,0.000,0.000
1786789966096,XAUT_USDT,demo,0,microspread_below_threshold,0,0.000000000,0.500000000,-0.447252579,-0.447252579,0.229355168,0.000000000,0.000000000,0.000,113.000,113.000
1786789966209,XAUT_USDT,demo,0,microspread_below_threshold,0,0.000000000,0.500000000,-0.447252579,-0.447252579,0.229355168,0.000000000,0.000000000,113.000,226.000,226.000
1786789966325,XAUT_USDT,demo,0,microspread_below_threshold,0,0.000000000,0.500000000,-0.447252579,-0.447252579,0.229355168,0.000000000,0.000000000,229.000,0.000,0.000
1786789966477,XAUT_USDT,demo,0,microspread_below_threshold,0,0.000000000,0.500000000,-0.447252579,-0.447252579,0.229355168,0.000000000,0.000000000,120.000,67.000,67.000
1786789966606,XAUT_USDT,demo,0,microspread_below_threshold,0,0.000000000,0.500000000,-0.447252579,-0.447252579,0.229355168,0.000000000,0.000000000,249.000,196.000,196.000
1786789966741,XAUT_USDT,demo,0,stale_binance,0,0.000000000,0.500000000,0.000000000,0.000000000,0.229355168,0.000000000,0.000000000,384.000,63.000,63.000
1786789966841,XAUT_USDT,demo,0,stale_binance,0,0.000000000,0.500000000,0.000000000,0.000000000,0.229355168,0.000000000,0.000000000,484.000,0.000,0.000
1786789966989,XAUT_USDT,demo,0,stale_binance,0,0.000000000,0.500000000,0.000000000,0.000000000,0.229355168,0.000000000,0.000000000,632.000,63.000,63.000
1786789967138,XAUT_USDT,demo,0,stale_binance,0,0.000000000,0.500000000,0.000000000,0.000000000,0.229355168,0.000000000,0.000000000,781.000,120.000,120.000
1786789967243,XAUT_USDT,demo,0,stale_binance,0,0.000000000,0.500000000,0.000000000,0.000000000,0.229355168,0.000000000,0.000000000,886.000,225.000,225.000
1786789967374,XAUT_USDT,demo,0,stale_binance,0,0.000000000,0.500000000,0.000000000,0.000000000,0.229355168,0.000000000,0.000000000,1017.000,104.000,104.000
1786789967504,XAUT_USDT,demo,0,stale_binance,0,0.000000000,0.500000000,0.000000000,0.000000000,0.229355168,0.000000000,0.000000000,1147.000,58.000,58.000
1786789967619,XAUT_USDT,demo,0,stale_binance,0,0.000000000,0.500000000,0.000000000,0.000000000,0.229355168,0.000000000,0.000000000,1262.000,0.000,0.000
1786789967767,XAUT_USDT,demo,0,stale_binance,0,0.000000000,0.500000000,0.000000000,0.000000000,0.229355168,0.000000000,0.000000000,1410.000,54.000,54.000
1786789967879,XAUT_USDT,demo,0,stale_binance,0,0.000000000,0.500000000,0.000000000,0.000000000,0.229355168,0.000000000,0.000000000,1522.000,0.000,0.000
1786789968030,XAUT_USDT,demo,0,stale_binance,0,0.000000000,0.500000000,0.000000000,0.000000000,0.229355168,0.000000000,0.000000000,1673.000,66.000,66.000
1786789968145,XAUT_USDT,demo,0,stale_binance,0,0.000000000,0.500000000,0.000000000,0.000000000,0.229355168,0.000000000,0.000000000,1788.000,181.000,181.000
1786789968292,XAUT_USDT,demo,0,microspread_below_threshold,0,0.000000000,0.500000000,-0.447252579,-0.447252579,0.229355168,0.000000000,0.000000000,62.000,328.000,328.000
1786789968393,XAUT_USDT,demo,0,microspread_below_threshold,0,0.000000000,0.500000000,-0.447252579,-0.447252579,0.229355168,0.000000000,0.000000000,163.000,0.000,0.000
1786789968525,XAUT_USDT,demo,0,microspread_below_threshold,0,0.000000000,0.500000000,-0.447252579,-0.447252579,0.229355168,0.000000000,0.000000000,121.000,132.000,132.000
1786789968651,XAUT_USDT,demo,0,microspread_below_threshold,0,0.000000000,0.500000000,-0.447252579,-0.447252579,0.229355168,0.000000000,0.000000000,247.000,0.000,0.000
1786789968765,XAUT_USDT,demo,0,stale_binance,0,0.000000000,0.500000000,0.000000000,0.000000000,0.229355168,0.000000000,0.000000000,361.000,114.000,114.000
1786789968875,XAUT_USDT,demo,0,stale_binance,0,0.000000000,0.500000000,0.000000000,0.000000000,0.229355168,0.000000000,0.000000000,471.000,51.000,51.000
1786789969019,XAUT_USDT,demo,0,microspread_below_threshold,0,0.000000000,0.500000000,-0.447252579,-0.447252579,0.229355168,0.000000000,0.000000000,0.000,110.000,110.000
1786789969147,XAUT_USDT,demo,0,microspread_below_threshold,0,0.000000000,0.500000000,-0.447252579,-0.447252579,0.229355168,0.000000000,0.000000000,116.000,55.000,55.000
1786789969276,XAUT_USDT,demo,0,microspread_below_threshold,0,0.000000000,0.500000000,-0.447252579,-0.447252579,0.229355168,0.000000000,0.000000000,103.000,184.000,184.000
1786789969405,XAUT_USDT,demo,0,microspread_below_threshold,0,0.000000000,0.500000000,-0.447252579,-0.447252579,0.229355168,0.000000000,0.000000000,232.000,55.000,55.000
1786789969546,XAUT_USDT,demo,0,stale_binance,0,0.000000000,0.500000000,0.000000000,0.000000000,0.229355168,0.000000000,0.000000000,373.000,113.000,113.000
1786789969661,XAUT_USDT,demo,0,stale_binance,0,0.000000000,0.500000000,0.000000000,0.000000000,0.229355168,0.000000000,0.000000000,488.000,62.000,62.000
1786789969769,XAUT_USDT,demo,0,stale_binance,0,0.000000000,0.500000000,0.000000000,0.000000000,0.229355168,0.000000000,0.000000000,596.000,0.000,0.000
1786789970589,XAUT_USDT,demo,0,stale_binance,0,0.000000000,0.500000000,0.000000000,0.000000000,0.229355168,0.000000000,0.000000000,1416.000,43.000,43.000
1786789970719,XAUT_USDT,demo,0,stale_binance,0,0.000000000,0.500000000,0.000000000,0.000000000,0.229355168,0.000000000,0.000000000,1546.000,173.000,173.000
1786789970869,XAUT_USDT,demo,0,stale_binance,0,0.000000000,0.500000000,0.000000000,0.000000000,0.229355168,0.000000000,0.000000000,1696.000,65.000,65.000
1786789970977,XAUT_USDT,demo,0,stale_binance,0,0.000000000,0.500000000,0.000000000,0.000000000,0.229355168,0.000000000,0.000000000,1804.000,0.000,0.000
1786789971094,XAUT_USDT,demo,0,microspread_below_threshold,0,0.000000000,0.500000000,-0.447252579,-0.447252579,0.229355168,0.000000000,0.000000000,1.000,117.000,117.000
1786789971219,XAUT_USDT,demo,0,microspread_below_threshold,0,0.000000000,0.500000000,-0.447252579,-0.447252579,0.229355168,0.000000000,0.000000000,126.000,242.000,242.000
1786789971381,XAUT_USDT,demo,0,microspread_below_threshold,0,0.000000000,0.500000000,-0.447252579,-0.447252579,0.229355168,0.000000000,0.000000000,133.000,64.000,64.000
1786789971518,XAUT_USDT,demo,0,microspread_below_threshold,0,0.000000000,0.500000000,-0.447252579,-0.447252579,0.229355168,0.000000000,0.000000000,270.000,115.000,115.000
1786789971650,XAUT_USDT,demo,0,stale_binance,0,0.000000000,0.500000000,0.000000000,0.000000000,0.229355168,0.000000000,0.000000000,402.000,247.000,247.000
1786789971785,XAUT_USDT,demo,0,stale_binance,0,0.000000000,0.500000000,0.000000000,0.000000000,0.229355168,0.000000000,0.000000000,537.000,120.000,120.000
1786789971892,XAUT_USDT,demo,0,stale_binance,0,0.000000000,0.500000000,0.000000000,0.000000000,0.229355168,0.000000000,0.000000000,644.000,55.000,55.000
1786789972018,XAUT_USDT,demo,0,stale_binance,0,0.000000000,0.500000000,0.000000000,0.000000000,0.229355168,0.000000000,0.000000000,770.000,103.000,103.000
1786789972143,XAUT_USDT,demo,0,stale_binance,0,0.000000000,0.500000000,0.000000000,0.000000000,0.229355168,0.000000000,0.000000000,895.000,55.000,55.000
1786789972256,XAUT_USDT,demo,0,stale_binance,0,0.000000000,0.500000000,0.000000000,0.000000000,0.229355168,0.000000000,0.000000000,1008.000,168.000,168.000
1786789972409,XAUT_USDT,demo,0,stale_binance,0,0.000000000,0.500000000,0.000000000,0.000000000,0.229355168,0.000000000,0.000000000,1161.000,62.000,62.000
1786789972516,XAUT_USDT,demo,0,stale_binance,0,0.000000000,0.500000000,0.000000000,0.000000000,0.229355168,0.000000000,0.000000000,1268.000,1.000,1.000
1786789972635,XAUT_USDT,demo,0,stale_binance,0,0.000000000,0.500000000,0.000000000,0.000000000,0.229355168,0.000000000,0.000000000,1387.000,120.000,120.000
1786789972776,XAUT_USDT,demo,0,microspread_below_threshold,0,0.000000000,0.500000000,-0.447252579,-0.447252579,0.229355168,0.000000000,0.000000000,51.000,0.000,0.000
1786789972924,XAUT_USDT,demo,0,microspread_below_threshold,0,0.000000000,0.500000000,-0.447252579,-0.447252579,0.229355168,0.000000000,0.000000000,199.000,54.000,54.000
1786789973038,XAUT_USDT,demo,0,stale_binance,0,0.000000000,0.500000000,0.000000000,0.000000000,0.229355168,0.000000000,0.000000000,313.000,1.000,1.000
1786789973172,XAUT_USDT,demo,0,stale_binance,0,0.000000000,0.500000000,0.000000000,0.000000000,0.229355168,0.000000000,0.000000000,447.000,54.000,54.000
1786789973280,XAUT_USDT,demo,0,stale_binance,0,0.000000000,0.500000000,0.000000000,0.000000000,0.229355168,0.000000000,0.000000000,555.000,69.000,69.000
1786789973391,XAUT_USDT,demo,0,stale_binance,0,0.000000000,0.500000000,0.000000000,0.000000000,0.229355168,0.000000000,0.000000000,666.000,180.000,180.000
1786789973522,XAUT_USDT,demo,0,stale_binance,0,0.000000000,0.500000000,0.000000000,0.000000000,0.229355168,0.000000000,0.000000000,797.000,60.000,60.000
1786789973642,XAUT_USDT,demo,0,stale_binance,0,0.000000000,0.500000000,0.000000000,0.000000000,0.229355168,0.000000000,0.000000000,917.000,180.000,180.000
1786789973775,XAUT_USDT,demo,0,stale_binance,0,0.000000000,0.500000000,0.000000000,0.000000000,0.229355168,0.000000000,0.000000000,1050.000,55.000,55.000
1786789973899,XAUT_USDT,demo,0,microspread_below_threshold,0,0.000000000,0.500000000,-0.447252579,-0.447252579,0.229355168,0.000000000,0.000000000,45.000,0.000,0.000
1786789974008,XAUT_USDT,demo,0,microspread_below_threshold,0,0.000000000,0.500000000,-0.447252579,-0.447252579,0.229355168,0.000000000,0.000000000,154.000,109.000,109.000
1786789974131,XAUT_USDT,demo,0,microspread_below_threshold,0,0.000000000,0.500000000,-0.447252579,-0.447252579,0.229355168,0.000000000,0.000000000,277.000,232.000,232.000
1786789974253,XAUT_USDT,demo,0,stale_binance,0,0.000000000,0.500000000,0.000000000,0.000000000,0.229355168,0.000000000,0.000000000,399.000,354.000,354.000
1786789974392,XAUT_USDT,demo,0,microspread_below_threshold,0,0.000000000,0.500000000,-0.447252579,-0.447252579,0.229355168,0.000000000,0.000000000,123.000,62.000,62.000
1786789974537,XAUT_USDT,demo,0,microspread_below_threshold,0,0.000000000,0.500000000,-0.447252579,-0.447252579,0.229355168,0.000000000,0.000000000,268.000,124.000,124.000
1786789974642,XAUT_USDT,demo,0,stale_binance,0,0.000000000,0.500000000,0.000000000,0.000000000,0.229355168,0.000000000,0.000000000,373.000,229.000,229.000
1786789974805,XAUT_USDT,demo,0,stale_binance,0,0.000000000,0.500000000,0.000000000,0.000000000,0.229355168,0.000000000,0.000000000,536.000,130.000,130.000
1786789974907,XAUT_USDT,demo,0,microspread_below_threshold,0,0.000000000,0.500000000,-0.447252579,-0.447252579,0.229355168,0.000000000,0.000000000,92.000,65.000,65.000
1786789975599,XAUT_USDT,demo,0,stale_binance,0,0.000000000,0.500000000,0.000000000,0.000000000,0.229355168,0.000000000,0.000000000,618.000,76.000,76.000
1786789975704,XAUT_USDT,demo,0,stale_binance,0,0.000000000,0.500000000,0.000000000,0.000000000,0.229355168,0.000000000,0.000000000,723.000,0.000,0.000
1786789975839,XAUT_USDT,demo,0,stale_binance,0,0.000000000,0.500000000,0.000000000,0.000000000,0.229355168,0.000000000,0.000000000,858.000,57.000,57.000
1786789975961,XAUT_USDT,demo,0,microspread_below_threshold,0,0.000000000,0.500000000,-0.447252579,-0.447252579,0.229355168,0.000000000,0.000000000,0.000,87.000,87.000
1786789976090,XAUT_USDT,demo,0,microspread_below_threshold,0,0.000000000,0.500000000,-0.447252579,-0.447252579,0.229355168,0.000000000,0.000000000,129.000,53.000,53.000
1786789976207,XAUT_USDT,demo,0,microspread_below_threshold,0,0.000000000,0.500000000,-0.447252579,-0.447252579,0.229355168,0.000000000,0.000000000,246.000,170.000,170.000
1786789976353,XAUT_USDT,demo,0,stale_binance,0,0.000000000,0.500000000,0.000000000,0.000000000,0.229355168,0.000000000,0.000000000,392.000,59.000,59.000
1786789976464,XAUT_USDT,demo,0,microspread_below_threshold,0,0.000000000,0.500000000,-0.447252579,-0.447252579,0.229355168,0.000000000,0.000000000,49.000,0.000,0.000
1786789976587,XAUT_USDT,demo,0,microspread_below_threshold,0,0.000000000,0.500000000,-0.447252579,-0.447252579,0.229355168,0.000000000,0.000000000,172.000,123.000,123.000
1786789976723,XAUT_USDT,demo,0,microspread_below_threshold,0,0.000000000,0.500000000,-0.447252579,-0.447252579,0.229355168,0.000000000,0.000000000,60.000,1.000,1.000
1786789976875,XAUT_USDT,demo,0,microspread_below_threshold,0,0.000000000,0.500000000,-0.447252579,-0.447252579,0.229355168,0.000000000,0.000000000,212.000,58.000,58.000
1786789976988,XAUT_USDT,demo,0,microspread_below_threshold,0,0.000000000,0.500000000,-0.447252579,-0.447252579,0.229355168,0.000000000,0.000000000,58.000,94.000,94.000
1786789977120,XAUT_USDT,demo,0,microspread_below_threshold,0,0.000000000,0.500000000,-0.447252579,-0.447252579,0.229355168,0.000000000,0.000000000,190.000,226.000,226.000
1786789977230,XAUT_USDT,demo,0,microspread_below_threshold,0,0.000000000,0.500000000,-0.447252579,-0.447252579,0.229355168,0.000000000,0.000000000,83.000,61.000,61.000
1786789977330,XAUT_USDT,demo,0,microspread_below_threshold,0,0.000000000,0.500000000,-0.447252579,-0.447252579,0.229355168,0.000000000,0.000000000,183.000,0.000,0.000
1786789977478,XAUT_USDT,demo,0,microspread_below_threshold,0,0.000000000,0.500000000,-0.447252579,-0.447252579,0.229355168,0.000000000,0.000000000,137.000,66.000,66.000
1786789977583,XAUT_USDT,demo,0,microspread_below_threshold,0,0.000000000,0.500000000,-0.447252579,-0.447252579,0.229355168,0.000000000,0.000000000,86.000,0.000,0.000
1786789977726,XAUT_USDT,demo,0,microspread_below_threshold,0,0.000000000,0.500000000,-0.447252579,-0.447252579,0.229355168,0.000000000,0.000000000,229.000,56.000,56.000
1786789977842,XAUT_USDT,demo,0,microspread_below_threshold,0,0.000000000,0.500000000,-0.447252579,-0.447252579,0.229355168,0.000000000,0.000000000,44.000,1.000,1.000
1786789977986,XAUT_USDT,demo,0,microspread_below_threshold,0,0.000000000,0.500000000,-0.447252579,-0.447252579,0.229355168,0.000000000,0.000000000,188.000,55.000,55.000
1786789978089,XAUT_USDT,demo,0,microspread_below_threshold,0,0.000000000,0.500000000,-0.447252579,-0.447252579,0.229355168,0.000000000,0.000000000,291.000,68.000,68.000
1786789978233,XAUT_USDT,demo,0,microspread_below_threshold,0,0.000000000,0.500000000,-0.447252579,-0.447252579,0.229355168,0.000000000,0.000000000,125.000,212.000,212.000
1786789978356,XAUT_USDT,demo,0,microspread_below_threshold,0,0.000000000,0.500000000,-0.447252579,-0.447252579,0.229355168,0.000000000,0.000000000,29.000,0.000,0.000
1786789978468,XAUT_USDT,demo,0,microspread_below_threshold,0,0.000000000,0.500000000,-0.447252579,-0.447252579,0.229355168,0.000000000,0.000000000,0.000,26.000,26.000
1786789978598,XAUT_USDT,demo,0,microspread_below_threshold,0,0.000000000,0.500000000,-0.447252579,-0.447252579,0.229355168,0.000000000,0.000000000,0.000,156.000,156.000
1786789978700,XAUT_USDT,demo,0,microspread_below_threshold,0,0.000000000,0.500000000,-0.447252579,-0.447252579,0.229355168,0.000000000,0.000000000,97.000,0.000,0.000
1786789978819,XAUT_USDT,demo,0,microspread_below_threshold,0,0.000000000,0.500000000,-0.447252579,-0.447252579,0.229355168,0.000000000,0.000000000,216.000,119.000,119.000
1786789978929,XAUT_USDT,demo,0,stale_binance,0,0.000000000,0.500000000,0.000000000,0.000000000,0.229355168,0.000000000,0.000000000,326.000,57.000,57.000
1786789979031,XAUT_USDT,demo,0,microspread_below_threshold,0,0.000000000,0.500000000,-0.447252579,-0.447252579,0.229355168,0.000000000,0.000000000,0.000,49.000,49.000
1786789979191,XAUT_USDT,demo,0,microspread_below_threshold,0,0.000000000,0.500000000,-0.447252579,-0.447252579,0.229355168,0.000000000,0.000000000,151.000,63.000,63.000
1786789979299,XAUT_USDT,demo,0,microspread_below_threshold,0,0.000000000,0.500000000,-0.447252579,-0.447252579,0.229355168,0.000000000,0.000000000,259.000,0.000,0.000
1786789979436,XAUT_USDT,demo,0,stale_binance,0,0.000000000,0.500000000,0.000000000,0.000000000,0.229355168,0.000000000,0.000000000,396.000,50.000,50.000
1786789979550,XAUT_USDT,demo,0,stale_binance,0,0.000000000,0.500000000,0.000000000,0.000000000,0.229355168,0.000000000,0.000000000,510.000,164.000,164.000
1786789979671,XAUT_USDT,demo,0,stale_binance,0,0.000000000,0.500000000,0.000000000,0.000000000,0.229355168,0.000000000,0.000000000,631.000,119.000,119.000
1786789979789,XAUT_USDT,demo,0,stale_binance,0,0.000000000,0.500000000,0.000000000,0.000000000,0.229355168,0.000000000,0.000000000,749.000,63.000,63.000
1786789979927,XAUT_USDT,demo,0,stale_binance,0,0.000000000,0.500000000,0.000000000,0.000000000,0.229355168,0.000000000,0.000000000,887.000,0.000,0.000
1786789980594,XAUT_USDT,demo,0,microspread_below_threshold,0,0.000000000,0.500000000,-0.447252579,-0.447252579,0.229355168,0.000000000,0.000000000,252.000,177.000,177.000
1786789980736,XAUT_USDT,demo,0,stale_binance,0,0.000000000,0.500000000,0.000000000,0.000000000,0.229355168,0.000000000,0.000000000,394.000,58.000,58.000
1786789980844,XAUT_USDT,demo,0,stale_binance,0,0.000000000,0.500000000,0.000000000,0.000000000,0.229355168,0.000000000,0.000000000,502.000,0.000,0.000
1786789980977,XAUT_USDT,demo,0,stale_binance,0,0.000000000,0.500000000,0.000000000,0.000000000,0.229355168,0.000000000,0.000000000,635.000,50.000,50.000
1786789981088,XAUT_USDT,demo,0,stale_binance,0,0.000000000,0.500000000,0.000000000,0.000000000,0.229355168,0.000000000,0.000000000,746.000,161.000,161.000
1786789981222,XAUT_USDT,demo,0,stale_binance,0,0.000000000,0.500000000,0.000000000,0.000000000,0.229355168,0.000000000,0.000000000,880.000,120.000,120.000
1786789981337,XAUT_USDT,demo,0,stale_binance,0,0.000000000,0.500000000,0.000000000,0.000000000,0.229355168,0.000000000,0.000000000,995.000,57.000,57.000
1786789981472,XAUT_USDT,demo,0,stale_binance,0,0.000000000,0.500000000,0.000000000,0.000000000,0.229355168,0.000000000,0.000000000,1130.000,117.000,117.000
1786789981592,XAUT_USDT,demo,0,stale_binance,0,0.000000000,0.500000000,0.000000000,0.000000000,0.229355168,0.000000000,0.000000000,1250.000,237.000,237.000
1786789981698,XAUT_USDT,demo,0,stale_binance,0,0.000000000,0.500000000,0.000000000,0.000000000,0.229355168,0.000000000,0.000000000,1356.000,0.000,0.000
1786789981837,XAUT_USDT,demo,0,stale_binance,0,0.000000000,0.500000000,0.000000000,0.000000000,0.229355168,0.000000000,0.000000000,1495.000,52.000,52.000
1786789981970,XAUT_USDT,demo,0,stale_binance,0,0.000000000,0.500000000,0.000000000,0.000000000,0.229355168,0.000000000,0.000000000,1628.000,102.000,102.000
1786789982094,XAUT_USDT,demo,0,stale_binance,0,0.000000000,0.500000000,0.000000000,0.000000000,0.229355168,0.000000000,0.000000000,1752.000,54.000,54.000
1786789982219,XAUT_USDT,demo,0,stale_binance,0,0.000000000,0.500000000,0.000000000,0.000000000,0.229355168,0.000000000,0.000000000,1877.000,179.000,179.000
1786789982324,XAUT_USDT,demo,0,stale_binance,0,0.000000000,0.500000000,0.000000000,0.000000000,0.229355168,0.000000000,0.000000000,1982.000,1.000,1.000
1786789982435,XAUT_USDT,demo,0,stale_binance,0,0.000000000,0.500000000,0.000000000,0.000000000,0.229355168,0.000000000,0.000000000,2093.000,52.000,52.000
1786789982579,XAUT_USDT,demo,0,microspread_below_threshold,0,0.000000000,0.500000000,-0.447252579,-0.447252579,0.229355168,0.000000000,0.000000000,124.000,110.000,110.000
1786789982702,XAUT_USDT,demo,0,microspread_below_threshold,0,0.000000000,0.500000000,-0.447252579,-0.447252579,0.229355168,0.000000000,0.000000000,247.000,233.000,233.000
1786789982810,XAUT_USDT,demo,0,stale_binance,0,0.000000000,0.500000000,0.000000000,0.000000000,0.229355168,0.000000000,0.000000000,355.000,0.000,0.000
1786789982952,XAUT_USDT,demo,0,stale_binance,0,0.000000000,0.500000000,0.000000000,0.000000000,0.229355168,0.000000000,0.000000000,497.000,57.000,57.000
1786789983071,XAUT_USDT,demo,0,stale_binance,0,0.000000000,0.500000000,0.000000000,0.000000000,0.229355168,0.000000000,0.000000000,616.000,176.000,176.000
1786789983208,XAUT_USDT,demo,0,stale_binance,0,0.000000000,0.500000000,0.000000000,0.000000000,0.229355168,0.000000000,0.000000000,753.000,57.000,57.000
1786789983327,XAUT_USDT,demo,0,stale_binance,0,0.000000000,0.500000000,0.000000000,0.000000000,0.229355168,0.000000000,0.000000000,872.000,176.000,176.000
1786789983474,XAUT_USDT,demo,0,stale_binance,0,0.000000000,0.500000000,0.000000000,0.000000000,0.229355168,0.000000000,0.000000000,1019.000,56.000,56.000
1786789983582,XAUT_USDT,demo,0,stale_binance,0,0.000000000,0.500000000,0.000000000,0.000000000,0.229355168,0.000000000,0.000000000,1127.000,0.000,0.000
1786789983722,XAUT_USDT,demo,0,stale_binance,0,0.000000000,0.500000000,0.000000000,0.000000000,0.229355168,0.000000000,0.000000000,1267.000,53.000,53.000
1786789983838,XAUT_USDT,demo,0,stale_binance,0,0.000000000,0.500000000,0.000000000,0.000000000,0.229355168,0.000000000,0.000000000,1383.000,0.000,0.000
1786789983955,XAUT_USDT,demo,0,stale_binance,0,0.000000000,0.500000000,0.000000000,0.000000000,0.229355168,0.000000000,0.000000000,1500.000,117.000,117.000
1786789984069,XAUT_USDT,demo,0,stale_binance,0,0.000000000,0.500000000,0.000000000,0.000000000,0.229355168,0.000000000,0.000000000,1614.000,231.000,231.000
1786789984206,XAUT_USDT,demo,0,microspread_below_threshold,0,0.000000000,0.500000000,-0.447252579,-0.447252579,0.229355168,0.000000000,0.000000000,61.000,368.000,368.000
1786789984320,XAUT_USDT,demo,0,microspread_below_threshold,0,0.000000000,0.500000000,-0.447252579,-0.447252579,0.229355168,0.000000000,0.000000000,175.000,482.000,482.000
1786789984469,XAUT_USDT,demo,0,stale_binance,0,0.000000000,0.500000000,0.000000000,0.000000000,0.229355168,0.000000000,0.000000000,324.000,119.000,119.000
1786789984580,XAUT_USDT,demo,0,stale_binance,0,0.000000000,0.500000000,0.000000000,0.000000000,0.229355168,0.000000000,0.000000000,435.000,230.000,230.000
1786789984694,XAUT_USDT,demo,0,stale_binance,0,0.000000000,0.500000000,0.000000000,0.000000000,0.229355168,0.000000000,0.000000000,549.000,0.000,0.000
1786789984835,XAUT_USDT,demo,0,stale_binance,0,0.000000000,0.500000000,0.000000000,0.000000000,0.229355168,0.000000000,0.000000000,690.000,55.000,55.000
1786789984952,XAUT_USDT,demo,0,stale_binance,0,0.000000000,0.500000000,0.000000000,0.000000000,0.229355168,0.000000000,0.000000000,807.000,1.000,1.000
1786789985705,XAUT_USDT,demo,0,stale_binance,0,0.000000000,0.500000000,0.000000000,0.000000000,0.229355168,0.000000000,0.000000000,1560.000,157.000,157.000
1786789985809,XAUT_USDT,demo,0,stale_binance,0,0.000000000,0.500000000,0.000000000,0.000000000,0.229355168,0.000000000,0.000000000,1664.000,0.000,0.000
1786789985954,XAUT_USDT,demo,0,stale_binance,0,0.000000000,0.500000000,0.000000000,0.000000000,0.229355168,0.000000000,0.000000000,1809.000,58.000,58.000
1786789986071,XAUT_USDT,demo,0,microspread_below_threshold,0,0.000000000,0.500000000,-0.447252579,-0.447252579,0.229355168,0.000000000,0.000000000,0.000,91.000,91.000
1786789986219,XAUT_USDT,demo,0,microspread_below_threshold,0,0.000000000,0.500000000,-0.447252579,-0.447252579,0.229355168,0.000000000,0.000000000,112.000,239.000,239.000
1786789986326,XAUT_USDT,demo,0,microspread_below_threshold,0,0.000000000,0.500000000,-0.447252579,-0.447252579,0.229355168,0.000000000,0.000000000,219.000,0.000,0.000
1786789986470,XAUT_USDT,demo,0,stale_binance,0,0.000000000,0.500000000,0.000000000,0.000000000,0.229355168,0.000000000,0.000000000,363.000,59.000,59.000
1786789986591,XAUT_USDT,demo,0,stale_binance,0,0.000000000,0.500000000,0.000000000,0.000000000,0.229355168,0.000000000,0.000000000,484.000,180.000,180.000
1786789986723,XAUT_USDT,demo,0,stale_binance,0,0.000000000,0.500000000,0.000000000,0.000000000,0.229355168,0.000000000,0.000000000,616.000,55.000,55.000
1786789986848,XAUT_USDT,demo,0,microspread_below_threshold,0,0.000000000,0.500000000,-0.447252579,-0.447252579,0.229355168,0.000000000,0.000000000,53.000,0.000,0.000
1786789986989,XAUT_USDT,demo,0,microspread_below_threshold,0,0.000000000,0.500000000,-0.447252579,-0.447252579,0.229355168,0.000000000,0.000000000,194.000,56.000,56.000
1786789987103,XAUT_USDT,demo,0,microspread_below_threshold,0,0.000000000,0.500000000,-0.447252579,-0.447252579,0.229355168,0.000000000,0.000000000,21.000,0.000,0.000
1786789987216,XAUT_USDT,demo,0,microspread_below_threshold,0,0.000000000,0.500000000,-0.447252579,-0.447252579,0.229355168,0.000000000,0.000000000,134.000,113.000,113.000
1786789987367,XAUT_USDT,demo,0,microspread_below_threshold,0,0.000000000,0.500000000,-0.447252579,-0.447252579,0.229355168,0.000000000,0.000000000,285.000,0.000,0.000
1786789987519,XAUT_USDT,demo,0,microspread_below_threshold,0,0.000000000,0.500000000,-0.447252579,-0.447252579,0.229355168,0.000000000,0.000000000,57.000,152.000,152.000
1786789987637,XAUT_USDT,demo,0,microspread_below_threshold,0,0.000000000,0.500000000,-0.447252579,-0.447252579,0.229355168,0.000000000,0.000000000,175.000,111.000,111.000
1786789987765,XAUT_USDT,demo,0,stale_binance,0,0.000000000,0.500000000,0.000000000,0.000000000,0.229355168,0.000000000,0.000000000,303.000,61.000,61.000
1786789987895,XAUT_USDT,demo,0,stale_binance,0,0.000000000,0.500000000,0.000000000,0.000000000,0.229355168,0.000000000,0.000000000,433.000,0.000,0.000
1786789988003,XAUT_USDT,demo,0,microspread_below_threshold,0,0.000000000,0.500000000,-0.447252579,-0.447252579,0.229355168,0.000000000,0.000000000,0.000,108.000,108.000
1786789988110,XAUT_USDT,demo,0,microspread_below_threshold,0,0.000000000,0.500000000,-0.447252579,-0.447252579,0.229355168,0.000000000,0.000000000,107.000,63.000,63.000
1786789988252,XAUT_USDT,demo,0,microspread_below_threshold,0,0.000000000,0.500000000,-0.447252579,-0.447252579,0.229355168,0.000000000,0.000000000,105.000,205.000,205.000
1786789988376,XAUT_USDT,demo,0,microspread_below_threshold,0,0.000000000,0.500000000,-0.447252579,-0.447252579,0.229355168,0.000000000,0.000000000,229.000,57.000,57.000
1786789988524,XAUT_USDT,demo,0,stale_binance,0,0.000000000,0.500000000,0.000000000,0.000000000,0.229355168,0.000000000,0.000000000,377.000,51.000,51.000
1786789988644,XAUT_USDT,demo,0,stale_binance,0,0.000000000,0.500000000,0.000000000,0.000000000,0.229355168,0.000000000,0.000000000,497.000,171.000,171.000
1786789988795,XAUT_USDT,demo,0,stale_binance,0,0.000000000,0.500000000,0.000000000,0.000000000,0.229355168,0.000000000,0.000000000,648.000,63.000,63.000
1786789988907,XAUT_USDT,demo,0,stale_binance,0,0.000000000,0.500000000,0.000000000,0.000000000,0.229355168,0.000000000,0.000000000,760.000,1.000,1.000
1786789989042,XAUT_USDT,demo,0,microspread_below_threshold,0,0.000000000,0.500000000,-0.447252579,-0.447252579,0.229355168,0.000000000,0.000000000,1.000,55.000,55.000
1786789989172,XAUT_USDT,demo,0,microspread_below_threshold,0,0.000000000,0.500000000,-0.447252579,-0.447252579,0.229355168,0.000000000,0.000000000,123.000,0.000,0.000
1786789989289,XAUT_USDT,demo,0,microspread_below_threshold,0,0.000000000,0.500000000,-0.447252579,-0.447252579,0.229355168,0.000000000,0.000000000,240.000,117.000,117.000
1786789989408,XAUT_USDT,demo,0,stale_binance,0,0.000000000,0.500000000,0.000000000,0.000000000,0.229355168,0.000000000,0.000000000,359.000,236.000,236.000
1786789989534,XAUT_USDT,demo,0,stale_binance,0,0.000000000,0.500000000,0.000000000,0.000000000,0.229355168,0.000000000,0.000000000,485.000,115.000,115.000
1786789989640,XAUT_USDT,demo,0,stale_binance,0,0.000000000,0.500000000,0.000000000,0.000000000,0.229355168,0.000000000,0.000000000,591.000,221.000,221.000
1786789989795,XAUT_USDT,demo,0,stale_binance,0,0.000000000,0.500000000,0.000000000,0.000000000,0.229355168,0.000000000,0.000000000,746.000,63.000,63.000
1786789989901,XAUT_USDT,demo,0,stale_binance,0,0.000000000,0.500000000,0.000000000,0.000000000,0.229355168,0.000000000,0.000000000,852.000,51.000,51.000
1786789991092,XAUT_USDT,demo,0,microspread_below_threshold,0,0.000000000,0.500000000,-0.447252579,-0.447252579,0.229355168,0.000000000,0.000000000,168.000,26.000,26.000
1786789991233,XAUT_USDT,demo,0,microspread_below_threshold,0,0.000000000,0.500000000,-0.447252579,-0.447252579,0.229355168,0.000000000,0.000000000,0.000,70.000,70.000
1786789991381,XAUT_USDT,demo,0,microspread_below_threshold,0,0.000000000,0.500000000,-0.447252579,-0.447252579,0.229355168,0.000000000,0.000000000,132.000,64.000,64.000
1786789991482,XAUT_USDT,demo,0,microspread_below_threshold,0,0.000000000,0.500000000,-0.447252579,-0.447252579,0.229355168,0.000000000,0.000000000,233.000,0.000,0.000
1786789991590,XAUT_USDT,demo,0,stale_binance,0,0.000000000,0.500000000,0.000000000,0.000000000,0.229355168,0.000000000,0.000000000,341.000,108.000,108.000
1786789991718,XAUT_USDT,demo,0,stale_binance,0,0.000000000,0.500000000,0.000000000,0.000000000,0.229355168,0.000000000,0.000000000,469.000,63.000,63.000
1786789991828,XAUT_USDT,demo,0,stale_binance,0,0.000000000,0.500000000,0.000000000,0.000000000,0.229355168,0.000000000,0.000000000,579.000,1.000,1.000
1786789991940,XAUT_USDT,demo,0,stale_binance,0,0.000000000,0.500000000,0.000000000,0.000000000,0.229355168,0.000000000,0.000000000,691.000,113.000,113.000
1786789992065,XAUT_USDT,demo,0,microspread_below_threshold,0,0.000000000,0.500000000,-0.447252579,-0.447252579,0.229355168,0.000000000,0.000000000,52.000,69.000,69.000
1786789992181,XAUT_USDT,demo,0,microspread_below_threshold,0,0.000000000,0.500000000,-0.447252579,-0.447252579,0.229355168,0.000000000,0.000000000,168.000,185.000,185.000
1786789992300,XAUT_USDT,demo,0,microspread_below_threshold,0,0.000000000,0.500000000,-0.447252579,-0.447252579,0.229355168,0.000000000,0.000000000,287.000,103.000,103.000
1786789992407,XAUT_USDT,demo,0,stale_binance,0,0.000000000,0.500000000,0.000000000,0.000000000,0.229355168,0.000000000,0.000000000,394.000,65.000,65.000
1786789992550,XAUT_USDT,demo,0,stale_binance,0,0.000000000,0.500000000,0.000000000,0.000000000,0.229355168,0.000000000,0.000000000,537.000,118.000,118.000
1786789992652,XAUT_USDT,demo,0,stale_binance,0,0.000000000,0.500000000,0.000000000,0.000000000,0.229355168,0.000000000,0.000000000,639.000,51.000,51.000
1786789992815,XAUT_USDT,demo,0,stale_binance,0,0.000000000,0.500000000,0.000000000,0.000000000,0.229355168,0.000000000,0.000000000,802.000,122.000,122.000
1786789992922,XAUT_USDT,demo,0,stale_binance,0,0.000000000,0.500000000,0.000000000,0.000000000,0.229355168,0.000000000,0.000000000,909.000,53.000,53.000
1786789993034,XAUT_USDT,demo,0,microspread_below_threshold,0,0.000000000,0.500000000,-0.447252579,-0.447252579,0.229355168,0.000000000,0.000000000,18.000,0.000,0.000
1786789993134,XAUT_USDT,demo,0,microspread_below_threshold,0,0.000000000,0.500000000,-0.447252579,-0.447252579,0.229355168,0.000000000,0.000000000,0.000,100.000,100.000
1786789993283,XAUT_USDT,demo,0,microspread_below_threshold,0,0.000000000,0.500000000,-0.447252579,-0.447252579,0.229355168,0.000000000,0.000000000,59.000,249.000,249.000
1786789993435,XAUT_USDT,demo,0,microspread_below_threshold,0,0.000000000,0.500000000,-0.447252579,-0.447252579,0.229355168,0.000000000,0.000000000,211.000,56.000,56.000
1786789993540,XAUT_USDT,demo,0,microspread_below_threshold,0,0.000000000,0.500000000,-0.447252579,-0.447252579,0.229355168,0.000000000,0.000000000,40.000,0.000,0.000
1786789993651,XAUT_USDT,demo,0,microspread_below_threshold,0,0.000000000,0.500000000,-0.447252579,-0.447252579,0.229355168,0.000000000,0.000000000,151.000,111.000,111.000
1786789993780,XAUT_USDT,demo,0,microspread_below_threshold,0,0.000000000,0.500000000,-0.447252579,-0.447252579,0.229355168,0.000000000,0.000000000,280.000,64.000,64.000
1786789993882,XAUT_USDT,demo,0,microspread_below_threshold,0,0.000000000,0.500000000,-0.447252579,-0.447252579,0.229355168,0.000000000,0.000000000,0.000,166.000,166.000
1786789993990,XAUT_USDT,demo,0,microspread_below_threshold,0,0.000000000,0.500000000,-0.447252579,-0.447252579,0.229355168,0.000000000,0.000000000,108.000,0.000,0.000
1786789994114,XAUT_USDT,demo,0,microspread_below_threshold,0,0.000000000,0.500000000,-0.447252579,-0.447252579,0.229355168,0.000000000,0.000000000,232.000,52.000,52.000
1786789994216,XAUT_USDT,demo,0,stale_binance,0,0.000000000,0.500000000,0.000000000,0.000000000,0.229355168,0.000000000,0.000000000,334.000,67.000,67.000
1786789994318,XAUT_USDT,demo,0,microspread_below_threshold,0,0.000000000,0.500000000,-0.447252579,-0.447252579,0.229355168,0.000000000,0.000000000,6.000,0.000,0.000
1786789994421,XAUT_USDT,demo,0,microspread_below_threshold,0,0.000000000,0.500000000,-0.447252579,-0.447252579,0.229355168,0.000000000,0.000000000,0.000,17.000,17.000
1786789994549,XAUT_USDT,demo,0,microspread_below_threshold,0,0.000000000,0.500000000,-0.447252579,-0.447252579,0.229355168,0.000000000,0.000000000,128.000,61.000,61.000
1786789994661,XAUT_USDT,demo,0,microspread_below_threshold,0,0.000000000,0.500000000,-0.447252579,-0.447252579,0.229355168,0.000000000,0.000000000,240.000,0.000,0.000
1786789994774,XAUT_USDT,demo,0,stale_binance,0,0.000000000,0.500000000,0.000000000,0.000000000,0.229355168,0.000000000,0.000000000,353.000,113.000,113.000
1786789994894,XAUT_USDT,demo,0,stale_binance,0,0.000000000,0.500000000,0.000000000,0.000000000,0.229355168,0.000000000,0.000000000,473.000,233.000,233.000
1786789995006,XAUT_USDT,demo,0,stale_binance,0,0.000000000,0.500000000,0.000000000,0.000000000,0.229355168,0.000000000,0.000000000,585.000,0.000,0.000
1786789995708,XAUT_USDT,demo,0,microspread_below_threshold,0,0.000000000,0.500000000,-0.447252579,-0.447252579,0.229355168,0.000000000,0.000000000,251.000,15.000,15.000
1786789995828,XAUT_USDT,demo,0,stale_binance,0,0.000000000,0.500000000,0.000000000,0.000000000,0.229355168,0.000000000,0.000000000,371.000,135.000,135.000
1786789995947,XAUT_USDT,demo,0,stale_binance,0,0.000000000,0.500000000,0.000000000,0.000000000,0.229355168,0.000000000,0.000000000,490.000,0.000,0.000
1786789996098,XAUT_USDT,demo,0,stale_binance,0,0.000000000,0.500000000,0.000000000,0.000000000,0.229355168,0.000000000,0.000000000,641.000,52.000,52.000
1786789996214,XAUT_USDT,demo,0,microspread_below_threshold,0,0.000000000,0.500000000,-0.447252579,-0.447252579,0.229355168,0.000000000,0.000000000,1.000,86.000,86.000
1786789996341,XAUT_USDT,demo,0,microspread_below_threshold,0,0.000000000,0.500000000,-0.447252579,-0.447252579,0.229355168,0.000000000,0.000000000,128.000,213.000,213.000
1786789996458,XAUT_USDT,demo,0,microspread_below_threshold,0,0.000000000,0.500000000,-0.447252579,-0.447252579,0.229355168,0.000000000,0.000000000,245.000,330.000,330.000
1786789996588,XAUT_USDT,demo,0,stale_binance,0,0.000000000,0.500000000,0.000000000,0.000000000,0.229355168,0.000000000,0.000000000,375.000,121.000,121.000
1786789996695,XAUT_USDT,demo,0,stale_binance,0,0.000000000,0.500000000,0.000000000,0.000000000,0.229355168,0.000000000,0.000000000,482.000,61.000,61.000
1786789996842,XAUT_USDT,demo,0,stale_binance,0,0.000000000,0.500000000,0.000000000,0.000000000,0.229355168,0.000000000,0.000000000,629.000,119.000,119.000
1786789996963,XAUT_USDT,demo,0,stale_binance,0,0.000000000,0.500000000,0.000000000,0.000000000,0.229355168,0.000000000,0.000000000,750.000,63.000,63.000
1786789997070,XAUT_USDT,demo,0,stale_binance,0,0.000000000,0.500000000,0.000000000,0.000000000,0.229355168,0.000000000,0.000000000,857.000,0.000,0.000
1786789997187,XAUT_USDT,demo,0,stale_binance,0,0.000000000,0.500000000,0.000000000,0.000000000,0.229355168,0.000000000,0.000000000,974.000,117.000,117.000
1786789997298,XAUT_USDT,demo,0,stale_binance,0,0.000000000,0.500000000,0.000000000,0.000000000,0.229355168,0.000000000,0.000000000,1085.000,228.000,228.000
1786789997413,XAUT_USDT,demo,0,stale_binance,0,0.000000000,0.500000000,0.000000000,0.000000000,0.229355168,0.000000000,0.000000000,1200.000,0.000,0.000
1786789997559,XAUT_USDT,demo,0,stale_binance,0,0.000000000,0.500000000,0.000000000,0.000000000,0.229355168,0.000000000,0.000000000,1346.000,58.000,58.000
1786789997681,XAUT_USDT,demo,0,stale_binance,0,0.000000000,0.500000000,0.000000000,0.000000000,0.229355168,0.000000000,0.000000000,1468.000,0.000,0.000
1786789997797,XAUT_USDT,demo,0,stale_binance,0,0.000000000,0.500000000,0.000000000,0.000000000,0.229355168,0.000000000,0.000000000,1584.000,116.000,116.000
1786789997915,XAUT_USDT,demo,0,stale_binance,0,0.000000000,0.500000000,0.000000000,0.000000000,0.229355168,0.000000000,0.000000000,1702.000,234.000,234.000
1786789998032,XAUT_USDT,demo,0,stale_binance,0,0.000000000,0.500000000,0.000000000,0.000000000,0.229355168,0.000000000,0.000000000,1819.000,0.000,0.000
1786789998161,XAUT_USDT,demo,0,stale_binance,0,0.000000000,0.500000000,0.000000000,0.000000000,0.229355168,0.000000000,0.000000000,1948.000,129.000,129.000
1786789998278,XAUT_USDT,demo,0,microspread_below_threshold,0,0.000000000,0.500000000,-0.447252579,-0.447252579,0.229355168,0.000000000,0.000000000,55.000,246.000,246.000
1786789998417,XAUT_USDT,demo,0,microspread_below_threshold,0,0.000000000,0.500000000,-0.447252579,-0.447252579,0.229355168,0.000000000,0.000000000,194.000,51.000,51.000
1786789998559,XAUT_USDT,demo,0,stale_binance,0,0.000000000,0.500000000,0.000000000,0.000000000,0.229355168,0.000000000,0.000000000,336.000,0.000,0.000
1786789998682,XAUT_USDT,demo,0,stale_binance,0,0.000000000,0.500000000,0.000000000,0.000000000,0.229355168,0.000000000,0.000000000,459.000,58.000,58.000
1786789998799,XAUT_USDT,demo,0,stale_binance,0,0.000000000,0.500000000,0.000000000,0.000000000,0.229355168,0.000000000,0.000000000,576.000,175.000,175.000
1786789998911,XAUT_USDT,demo,0,stale_binance,0,0.000000000,0.500000000,0.000000000,0.000000000,0.229355168,0.000000000,0.000000000,688.000,287.000,287.000
1786789999054,XAUT_USDT,demo,0,microspread_below_threshold,0,0.000000000,0.500000000,-0.447252579,-0.447252579,0.229355168,0.000000000,0.000000000,0.000,52.000,52.000
1786789999183,XAUT_USDT,demo,0,microspread_below_threshold,0,0.000000000,0.500000000,-0.447252579,-0.447252579,0.229355168,0.000000000,0.000000000,121.000,181.000,181.000
1786789999303,XAUT_USDT,demo,0,microspread_below_threshold,0,0.000000000,0.500000000,-0.447252579,-0.447252579,0.229355168,0.000000000,0.000000000,241.000,112.000,112.000
1786789999424,XAUT_USDT,demo,0,microspread_below_threshold,0,0.000000000,0.500000000,-0.447252579,-0.447252579,0.229355168,0.000000000,0.000000000,0.000,233.000,233.000
1786789999548,XAUT_USDT,demo,0,microspread_below_threshold,0,0.000000000,0.500000000,-0.447252579,-0.447252579,0.229355168,0.000000000,0.000000000,124.000,57.000,57.000
1786789999700,XAUT_USDT,demo,0,microspread_below_threshold,0,0.000000000,0.500000000,-0.447252579,-0.447252579,0.229355168,0.000000000,0.000000000,276.000,53.000,53.000
1786789999817,XAUT_USDT,demo,0,stale_binance,0,0.000000000,0.500000000,0.000000000,0.000000000,0.229355168,0.000000000,0.000000000,393.000,64.000,64.000
1786789999945,XAUT_USDT,demo,0,stale_binance,0,0.000000000,0.500000000,0.000000000,0.000000000,0.229355168,0.000000000,0.000000000,521.000,115.000,115.000
1786790000764,XAUT_USDT,demo,0,microspread_below_threshold,0,0.000000000,0.500000000,-0.447252579,-0.447252579,0.229355168,0.000000000,0.000000000,57.000,78.000,78.000
1786790000919,XAUT_USDT,demo,0,microspread_below_threshold,0,0.000000000,0.500000000,-0.447252579,-0.447252579,0.229355168,0.000000000,0.000000000,212.000,66.000,66.000
1786790001023,XAUT_USDT,demo,0,stale_binance,0,0.000000000,0.500000000,0.000000000,0.000000000,0.229355168,0.000000000,0.000000000,316.000,1.000,1.000
1786790001137,XAUT_USDT,demo,0,stale_binance,0,0.000000000,0.500000000,0.000000000,0.000000000,0.229355168,0.000000000,0.000000000,430.000,115.000,115.000
1786790001244,XAUT_USDT,demo,0,stale_binance,0,0.000000000,0.500000000,0.000000000,0.000000000,0.229355168,0.000000000,0.000000000,537.000,222.000,222.000
1786790001348,XAUT_USDT,demo,0,stale_binance,0,0.000000000,0.500000000,0.000000000,0.000000000,0.229355168,0.000000000,0.000000000,641.000,326.000,326.000
1786790001460,XAUT_USDT,demo,0,stale_binance,0,0.000000000,0.500000000,0.000000000,0.000000000,0.229355168,0.000000000,0.000000000,753.000,0.000,0.000
1786790001614,XAUT_USDT,demo,0,stale_binance,0,0.000000000,0.500000000,0.000000000,0.000000000,0.229355168,0.000000000,0.000000000,907.000,58.000,58.000
1786790001761,XAUT_USDT,demo,0,stale_binance,0,0.000000000,0.500000000,0.000000000,0.000000000,0.229355168,0.000000000,0.000000000,1054.000,51.000,51.000
1786790001867,XAUT_USDT,demo,0,stale_binance,0,0.000000000,0.500000000,0.000000000,0.000000000,0.229355168,0.000000000,0.000000000,1160.000,157.000,157.000
1786790001969,XAUT_USDT,demo,0,stale_binance,0,0.000000000,0.500000000,0.000000000,0.000000000,0.229355168,0.000000000,0.000000000,1262.000,0.000,0.000
1786790002114,XAUT_USDT,demo,0,stale_binance,0,0.000000000,0.500000000,0.000000000,0.000000000,0.229355168,0.000000000,0.000000000,1407.000,59.000,59.000
1786790002230,XAUT_USDT,demo,0,stale_binance,0,0.000000000,0.500000000,0.000000000,0.000000000,0.229355168,0.000000000,0.000000000,1523.000,175.000,175.000
1786790002360,XAUT_USDT,demo,0,stale_binance,0,0.000000000,0.500000000,0.000000000,0.000000000,0.229355168,0.000000000,0.000000000,1653.000,305.000,305.000
1786790002468,XAUT_USDT,demo,0,stale_binance,0,0.000000000,0.500000000,0.000000000,0.000000000,0.229355168,0.000000000,0.000000000,1761.000,55.000,55.000
1786790002583,XAUT_USDT,demo,0,microspread_below_threshold,0,0.000000000,0.500000000,-0.447252579,-0.447252579,0.229355168,0.000000000,0.000000000,65.000,87.000,87.000
1786790002728,XAUT_USDT,demo,0,microspread_below_threshold,0,0.000000000,0.500000000,-0.447252579,-0.447252579,0.229355168,0.000000000,0.000000000,100.000,64.000,64.000
1786790002853,XAUT_USDT,demo,0,microspread_below_threshold,0,0.000000000,0.500000000,-0.447252579,-0.447252579,0.229355168,0.000000000,0.000000000,225.000,113.000,113.000
1786790002966,XAUT_USDT,demo,0,stale_binance,0,0.000000000,0.500000000,0.000000000,0.000000000,0.229355168,0.000000000,0.000000000,338.000,55.000,55.000
1786790003077,XAUT_USDT,demo,0,stale_binance,0,0.000000000,0.500000000,0.000000000,0.000000000,0.229355168,0.000000000,0.000000000,449.000,0.000,0.000
1786790003179,XAUT_USDT,demo,0,stale_binance,0,0.000000000,0.500000000,0.000000000,0.000000000,0.229355168,0.000000000,0.000000000,551.000,102.000,102.000
1786790003301,XAUT_USDT,demo,0,stale_binance,0,0.000000000,0.500000000,0.000000000,0.000000000,0.229355168,0.000000000,0.000000000,673.000,224.000,224.000
1786790003414,XAUT_USDT,demo,0,stale_binance,0,0.000000000,0.500000000,0.000000000,0.000000000,0.229355168,0.000000000,0.000000000,786.000,337.000,337.000
1786790003558,XAUT_USDT,demo,0,stale_binance,0,0.000000000,0.500000000,0.000000000,0.000000000,0.229355168,0.000000000,0.000000000,930.000,53.000,53.000
1786790003670,XAUT_USDT,demo,0,stale_binance,0,0.000000000,0.500000000,0.000000000,0.000000000,0.229355168,0.000000000,0.000000000,1042.000,165.000,165.000
1786790003783,XAUT_USDT,demo,0,stale_binance,0,0.000000000,0.500000000,0.000000000,0.000000000,0.229355168,0.000000000,0.000000000,1155.000,104.000,104.000
1786790003896,XAUT_USDT,demo,0,stale_binance,0,0.000000000,0.500000000,0.000000000,0.000000000,0.229355168,0.000000000,0.000000000,1268.000,217.000,217.000
1786790003996,XAUT_USDT,demo,0,stale_binance,0,0.000000000,0.500000000,0.000000000,0.000000000,0.229355168,0.000000000,0.000000000,1368.000,56.000,56.000
1786790004113,XAUT_USDT,demo,0,stale_binance,0,0.000000000,0.500000000,0.000000000,0.000000000,0.229355168,0.000000000,0.000000000,1485.000,59.000,59.000
1786790004234,XAUT_USDT,demo,0,stale_binance,0,0.000000000,0.500000000,0.000000000,0.000000000,0.229355168,0.000000000,0.000000000,1606.000,119.000,119.000
1786790004348,XAUT_USDT,demo,0,stale_binance,0,0.000000000,0.500000000,0.000000000,0.000000000,0.229355168,0.000000000,0.000000000,1720.000,233.000,233.000
1786790004452,XAUT_USDT,demo,0,stale_binance,0,0.000000000,0.500000000,0.000000000,0.000000000,0.229355168,0.000000000,0.000000000,1824.000,1.000,1.000
1786790004555,XAUT_USDT,demo,0,stale_binance,0,0.000000000,0.500000000,0.000000000,0.000000000,0.229355168,0.000000000,0.000000000,1927.000,0.000,0.000
1786790004668,XAUT_USDT,demo,0,stale_binance,0,0.000000000,0.500000000,0.000000000,0.000000000,0.229355168,0.000000000,0.000000000,2040.000,113.000,113.000
1786790004780,XAUT_USDT,demo,0,stale_binance,0,0.000000000,0.500000000,0.000000000,0.000000000,0.229355168,0.000000000,0.000000000,2152.000,56.000,56.000
1786790004887,XAUT_USDT,demo,0,stale_binance,0,0.000000000,0.500000000,0.000000000,0.000000000,0.229355168,0.000000000,0.000000000,2259.000,0.000,0.000
1786790005027,XAUT_USDT,demo,0,stale_binance,0,0.000000000,0.500000000,0.000000000,0.000000000,0.229355168,0.000000000,0.000000000,2399.000,53.000,53.000
1786790005734,XAUT_USDT,demo,0,stale_binance,0,0.000000000,0.500000000,0.000000000,0.000000000,0.229355168,0.000000000,0.000000000,3106.000,170.000,170.000
1786790005853,XAUT_USDT,demo,0,stale_binance,0,0.000000000,0.500000000,0.000000000,0.000000000,0.229355168,0.000000000,0.000000000,3225.000,114.000,114.000
1786790005960,XAUT_USDT,demo,0,stale_binance,0,0.000000000,0.500000000,0.000000000,0.000000000,0.229355168,0.000000000,0.000000000,3332.000,54.000,54.000
1786790006078,XAUT_USDT,demo,0,stale_binance,0,0.000000000,0.500000000,0.000000000,0.000000000,0.229355168,0.000000000,0.000000000,3450.000,0.000,0.000
1786790006182,XAUT_USDT,demo,0,stale_binance,0,0.000000000,0.500000000,0.000000000,0.000000000,0.229355168,0.000000000,0.000000000,3554.000,104.000,104.000
1786790006298,XAUT_USDT,demo,0,stale_binance,0,0.000000000,0.500000000,0.000000000,0.000000000,0.229355168,0.000000000,0.000000000,3670.000,220.000,220.000
1786790006415,XAUT_USDT,demo,0,stale_binance,0,0.000000000,0.500000000,0.000000000,0.000000000,0.229355168,0.000000000,0.000000000,3787.000,337.000,337.000
1786790006530,XAUT_USDT,demo,0,stale_binance,0,0.000000000,0.500000000,0.000000000,0.000000000,0.229355168,0.000000000,0.000000000,3902.000,0.000,0.000
1786790006645,XAUT_USDT,demo,0,stale_binance,0,0.000000000,0.500000000,0.000000000,0.000000000,0.229355168,0.000000000,0.000000000,4017.000,115.000,115.000
1786790006785,XAUT_USDT,demo,0,stale_binance,0,0.000000000,0.500000000,0.000000000,0.000000000,0.229355168,0.000000000,0.000000000,4157.000,106.000,106.000
1786790006919,XAUT_USDT,demo,0,stale_binance,0,0.000000000,0.500000000,0.000000000,0.000000000,0.229355168,0.000000000,0.000000000,4291.000,61.000,61.000
1786790007023,XAUT_USDT,demo,0,stale_binance,0,0.000000000,0.500000000,0.000000000,0.000000000,0.229355168,0.000000000,0.000000000,4395.000,0.000,0.000
1786790007162,XAUT_USDT,demo,0,stale_binance,0,0.000000000,0.500000000,0.000000000,0.000000000,0.229355168,0.000000000,0.000000000,4534.000,55.000,55.000
1786790007317,XAUT_USDT,demo,0,stale_binance,0,0.000000000,0.500000000,0.000000000,0.000000000,0.229355168,0.000000000,0.000000000,4689.000,210.000,210.000
1786790007432,XAUT_USDT,demo,0,stale_binance,0,0.000000000,0.500000000,0.000000000,0.000000000,0.229355168,0.000000000,0.000000000,4804.000,325.000,325.000
1786790007579,XAUT_USDT,demo,0,stale_binance,0,0.000000000,0.500000000,0.000000000,0.000000000,0.229355168,0.000000000,0.000000000,4951.000,109.000,109.000
1786790007686,XAUT_USDT,demo,0,stale_binance,0,0.000000000,0.500000000,0.000000000,0.000000000,0.229355168,0.000000000,0.000000000,5058.000,61.000,61.000
1786790007812,XAUT_USDT,demo,0,stale_binance,0,0.000000000,0.500000000,0.000000000,0.000000000,0.229355168,0.000000000,0.000000000,5184.000,103.000,103.000
1786790007932,XAUT_USDT,demo,0,stale_binance,0,0.000000000,0.500000000,0.000000000,0.000000000,0.229355168,0.000000000,0.000000000,5304.000,52.000,52.000
1786790008059,XAUT_USDT,demo,0,stale_binance,0,0.000000000,0.500000000,0.000000000,0.000000000,0.229355168,0.000000000,0.000000000,5431.000,0.000,0.000
1786790008178,XAUT_USDT,demo,0,stale_binance,0,0.000000000,0.500000000,0.000000000,0.000000000,0.229355168,0.000000000,0.000000000,5550.000,119.000,119.000
1786790008294,XAUT_USDT,demo,0,stale_binance,0,0.000000000,0.500000000,0.000000000,0.000000000,0.229355168,0.000000000,0.000000000,5666.000,235.000,235.000
1786790008405,XAUT_USDT,demo,0,stale_binance,0,0.000000000,0.500000000,0.000000000,0.000000000,0.229355168,0.000000000,0.000000000,5777.000,0.000,0.000
1786790008545,XAUT_USDT,demo,0,stale_binance,0,0.000000000,0.500000000,0.000000000,0.000000000,0.229355168,0.000000000,0.000000000,5917.000,55.000,55.000
1786790008700,XAUT_USDT,demo,0,stale_binance,0,0.000000000,0.500000000,0.000000000,0.000000000,0.229355168,0.000000000,0.000000000,6072.000,116.000,116.000
1786790008807,XAUT_USDT,demo,0,stale_binance,0,0.000000000,0.500000000,0.000000000,0.000000000,0.229355168,0.000000000,0.000000000,6179.000,57.000,57.000
1786790008921,XAUT_USDT,demo,0,stale_binance,0,0.000000000,0.500000000,0.000000000,0.000000000,0.229355168,0.000000000,0.000000000,6293.000,0.000,0.000
1786790009057,XAUT_USDT,demo,0,stale_binance,0,0.000000000,0.500000000,0.000000000,0.000000000,0.229355168,0.000000000,0.000000000,6429.000,56.000,56.000
1786790009211,XAUT_USDT,demo,0,microspread_below_threshold,0,0.000000000,0.500000000,-0.447252579,-0.447252579,0.229355168,0.000000000,0.000000000,142.000,122.000,122.000
1786790009332,XAUT_USDT,demo,0,microspread_below_threshold,0,0.000000000,0.500000000,-0.447252579,-0.447252579,0.229355168,0.000000000,0.000000000,263.000,243.000,243.000
1786790009440,XAUT_USDT,demo,0,stale_binance,0,0.000000000,0.500000000,0.000000000,0.000000000,0.229355168,0.000000000,0.000000000,371.000,0.000,0.000
1786790009542,XAUT_USDT,demo,0,microspread_below_threshold,0,0.000000000,0.500000000,-0.447252579,-0.447252579,0.229355168,0.000000000,0.000000000,0.000,19.000,19.000
1786790009678,XAUT_USDT,demo,0,microspread_below_threshold,0,0.000000000,0.500000000,-0.447252579,-0.447252579,0.229355168,0.000000000,0.000000000,131.000,155.000,155.000
1786790009809,XAUT_USDT,demo,0,microspread_below_threshold,0,0.000000000,0.500000000,-0.447252579,-0.447252579,0.229355168,0.000000000,0.000000000,262.000,117.000,117.000
1786790009915,XAUT_USDT,demo,0,microspread_below_threshold,0,0.000000000,0.500000000,-0.447252579,-0.447252579,0.229355168,0.000000000,0.000000000,67.000,223.000,223.000
1786790010028,XAUT_USDT,demo,0,microspread_below_threshold,0,0.000000000,0.500000000,-0.447252579,-0.447252579,0.229355168,0.000000000,0.000000000,180.000,0.000,0.000
1786790010795,XAUT_USDT,demo,0,stale_binance,0,0.000000000,0.500000000,0.000000000,0.000000000,0.229355168,0.000000000,0.000000000,947.000,63.000,63.000
1786790010911,XAUT_USDT,demo,0,stale_binance,0,0.000000000,0.500000000,0.000000000,0.000000000,0.229355168,0.000000000,0.000000000,1063.000,179.000,179.000
1786790011041,XAUT_USDT,demo,0,stale_binance,0,0.000000000,0.500000000,0.000000000,0.000000000,0.229355168,0.000000000,0.000000000,1193.000,60.000,60.000
1786790011145,XAUT_USDT,demo,0,stale_binance,0,0.000000000,0.500000000,0.000000000,0.000000000,0.229355168,0.000000000,0.000000000,1297.000,1.000,1.000
1786790011261,XAUT_USDT,demo,0,stale_binance,0,0.000000000,0.500000000,0.000000000,0.000000000,0.229355168,0.000000000,0.000000000,1413.000,117.000,117.000
1786790011377,XAUT_USDT,demo,0,microspread_below_threshold,0,0.000000000,0.500000000,-0.447252579,-0.447252579,0.229355168,0.000000000,0.000000000,54.000,233.000,233.000
1786790011489,XAUT_USDT,demo,0,microspread_below_threshold,0,0.000000000,0.500000000,-0.447252579,-0.447252579,0.229355168,0.000000000,0.000000000,166.000,0.000,0.000
1786790011621,XAUT_USDT,demo,0,microspread_below_threshold,0,0.000000000,0.500000000,-0.447252579,-0.447252579,0.229355168,0.000000000,0.000000000,0.000,48.000,48.000
1786790011741,XAUT_USDT,demo,0,microspread_below_threshold,0,0.000000000,0.500000000,-0.447252579,-0.447252579,0.229355168,0.000000000,0.000000000,120.000,168.000,168.000
1786790011868,XAUT_USDT,demo,0,microspread_below_threshold,0,0.000000000,0.500000000,-0.447252579,-0.447252579,0.229355168,0.000000000,0.000000000,247.000,110.000,110.000
1786790011975,XAUT_USDT,demo,0,stale_binance,0,0.000000000,0.500000000,0.000000000,0.000000000,0.229355168,0.000000000,0.000000000,354.000,53.000,53.000
1786790012092,XAUT_USDT,demo,0,stale_binance,0,0.000000000,0.500000000,0.000000000,0.000000000,0.229355168,0.000000000,0.000000000,471.000,0.000,0.000
1786790012214,XAUT_USDT,demo,0,stale_binance,0,0.000000000,0.500000000,0.000000000,0.000000000,0.229355168,0.000000000,0.000000000,593.000,122.000,122.000
1786790012355,XAUT_USDT,demo,0,stale_binance,0,0.000000000,0.500000000,0.000000000,0.000000000,0.229355168,0.000000000,0.000000000,734.000,263.000,263.000
1786790012492,XAUT_USDT,demo,0,stale_binance,0,0.000000000,0.500000000,0.000000000,0.000000000,0.229355168,0.000000000,0.000000000,871.000,60.000,60.000
1786790012643,XAUT_USDT,demo,0,stale_binance,0,0.000000000,0.500000000,0.000000000,0.000000000,0.229355168,0.000000000,0.000000000,1022.000,122.000,122.000
1786790012756,XAUT_USDT,demo,0,stale_binance,0,0.000000000,0.500000000,0.000000000,0.000000000,0.229355168,0.000000000,0.000000000,1135.000,65.000,65.000
1786790012864,XAUT_USDT,demo,0,stale_binance,0,0.000000000,0.500000000,0.000000000,0.000000000,0.229355168,0.000000000,0.000000000,1243.000,0.000,0.000
1786790013012,XAUT_USDT,demo,0,stale_binance,0,0.000000000,0.500000000,0.000000000,0.000000000,0.229355168,0.000000000,0.000000000,1391.000,61.000,61.000
1786790013121,XAUT_USDT,demo,0,stale_binance,0,0.000000000,0.500000000,0.000000000,0.000000000,0.229355168,0.000000000,0.000000000,1500.000,0.000,0.000
1786790013229,XAUT_USDT,demo,0,stale_binance,0,0.000000000,0.500000000,0.000000000,0.000000000,0.229355168,0.000000000,0.000000000,1608.000,108.000,108.000
1786790013331,XAUT_USDT,demo,0,microspread_below_threshold,0,0.000000000,0.500000000,-0.447252579,-0.447252579,0.229355168,0.000000000,0.000000000,0.000,210.000,210.000
1786790013448,XAUT_USDT,demo,0,microspread_below_threshold,0,0.000000000,0.500000000,-0.447252579,-0.447252579,0.229355168,0.000000000,0.000000000,117.000,327.000,327.000
1786790013578,XAUT_USDT,demo,0,microspread_below_threshold,0,0.000000000,0.500000000,-0.447252579,-0.447252579,0.229355168,0.000000000,0.000000000,247.000,103.000,103.000
1786790013695,XAUT_USDT,demo,0,stale_binance,0,0.000000000,0.500000000,0.000000000,0.000000000,0.229355168,0.000000000,0.000000000,364.000,51.000,51.000
1786790013844,XAUT_USDT,demo,0,stale_binance,0,0.000000000,0.500000000,0.000000000,0.000000000,0.229355168,0.000000000,0.000000000,513.000,115.000,115.000
1786790013982,XAUT_USDT,demo,0,microspread_below_threshold,0,0.000000000,0.500000000,-0.447252579,-0.447252579,0.229355168,0.000000000,0.000000000,44.000,0.000,0.000
1786790014127,XAUT_USDT,demo,0,microspread_below_threshold,0,0.000000000,0.500000000,-0.447252579,-0.447252579,0.229355168,0.000000000,0.000000000,189.000,58.000,58.000
1786790014242,XAUT_USDT,demo,0,stale_binance,0,0.000000000,0.500000000,0.000000000,0.000000000,0.229355168,0.000000000,0.000000000,304.000,173.000,173.000
1786790014389,XAUT_USDT,demo,0,microspread_below_threshold,0,0.000000000,0.500000000,-0.447252579,-0.447252579,0.229355168,0.000000000,0.000000000,63.000,320.000,320.000
1786790014497,XAUT_USDT,demo,0,microspread_below_threshold,0,0.000000000,0.500000000,-0.447252579,-0.447252579,0.229355168,0.000000000,0.000000000,171.000,0.000,0.000
1786790014641,XAUT_USDT,demo,0,stale_binance,0,0.000000000,0.500000000,0.000000000,0.000000000,0.229355168,0.000000000,0.000000000,315.000,53.000,53.000
1786790014783,XAUT_USDT,demo,0,stale_binance,0,0.000000000,0.500000000,0.000000000,0.000000000,0.229355168,0.000000000,0.000000000,457.000,114.000,114.000
1786790014895,XAUT_USDT,demo,0,stale_binance,0,0.000000000,0.500000000,0.000000000,0.000000000,0.229355168,0.000000000,0.000000000,569.000,226.000,226.000
1786790015023,XAUT_USDT,demo,0,stale_binance,0,0.000000000,0.500000000,0.000000000,0.000000000,0.229355168,0.000000000,0.000000000,697.000,0.000,0.000
1786790015851,XAUT_USDT,demo,0,stale_binance,0,0.000000000,0.500000000,0.000000000,0.000000000,0.229355168,0.000000000,0.000000000,539.000,61.000,61.000
1786790015962,XAUT_USDT,demo,0,microspread_below_threshold,0,0.000000000,0.500000000,-0.447252579,-0.447252579,0.229355168,0.000000000,0.000000000,48.000,1.000,1.000
1786790016075,XAUT_USDT,demo,0,microspread_below_threshold,0,0.000000000,0.500000000,-0.447252579,-0.447252579,0.229355168,0.000000000,0.000000000,63.000,114.000,114.000
1786790016189,XAUT_USDT,demo,0,microspread_below_threshold,0,0.000000000,0.500000000,-0.447252579,-0.447252579,0.229355168,0.000000000,0.000000000,177.000,56.000,56.000
1786790016292,XAUT_USDT,demo,0,microspread_below_threshold,0,0.000000000,0.500000000,-0.447252579,-0.447252579,0.229355168,0.000000000,0.000000000,280.000,159.000,159.000
1786790016407,XAUT_USDT,demo,0,stale_binance,0,0.000000000,0.500000000,0.000000000,0.000000000,0.229355168,0.000000000,0.000000000,395.000,274.000,274.000
1786790016532,XAUT_USDT,demo,0,stale_binance,0,0.000000000,0.500000000,0.000000000,0.000000000,0.229355168,0.000000000,0.000000000,520.000,53.000,53.000
1786790016651,XAUT_USDT,demo,0,stale_binance,0,0.000000000,0.500000000,0.000000000,0.000000000,0.229355168,0.000000000,0.000000000,639.000,0.000,0.000
1786790016789,XAUT_USDT,demo,0,stale_binance,0,0.000000000,0.500000000,0.000000000,0.000000000,0.229355168,0.000000000,0.000000000,777.000,51.000,51.000
1786790016907,XAUT_USDT,demo,0,stale_binance,0,0.000000000,0.500000000,0.000000000,0.000000000,0.229355168,0.000000000,0.000000000,895.000,169.000,169.000
1786790017049,XAUT_USDT,demo,0,stale_binance,0,0.000000000,0.500000000,0.000000000,0.000000000,0.229355168,0.000000000,0.000000000,1037.000,53.000,53.000
1786790017197,XAUT_USDT,demo,0,stale_binance,0,0.000000000,0.500000000,0.000000000,0.000000000,0.229355168,0.000000000,0.000000000,1185.000,106.000,106.000
1786790017310,XAUT_USDT,demo,0,stale_binance,0,0.000000000,0.500000000,0.000000000,0.000000000,0.229355168,0.000000000,0.000000000,1298.000,219.000,219.000
1786790017428,XAUT_USDT,demo,0,stale_binance,0,0.000000000,0.500000000,0.000000000,0.000000000,0.229355168,0.000000000,0.000000000,1416.000,0.000,0.000
1786790017575,XAUT_USDT,demo,0,stale_binance,0,0.000000000,0.500000000,0.000000000,0.000000000,0.229355168,0.000000000,0.000000000,1563.000,64.000,64.000
1786790017694,XAUT_USDT,demo,0,stale_binance,0,0.000000000,0.500000000,0.000000000,0.000000000,0.229355168,0.000000000,0.000000000,1682.000,183.000,183.000
1786790017820,XAUT_USDT,demo,0,stale_binance,0,0.000000000,0.500000000,0.000000000,0.000000000,0.229355168,0.000000000,0.000000000,1808.000,121.000,121.000
1786790017927,XAUT_USDT,demo,0,stale_binance,0,0.000000000,0.500000000,0.000000000,0.000000000,0.229355168,0.000000000,0.000000000,1915.000,64.000,64.000
1786790018031,XAUT_USDT,demo,0,stale_binance,0,0.000000000,0.500000000,0.000000000,0.000000000,0.229355168,0.000000000,0.000000000,2019.000,1.000,1.000
1786790018158,XAUT_USDT,demo,0,stale_binance,0,0.000000000,0.500000000,0.000000000,0.000000000,0.229355168,0.000000000,0.000000000,2146.000,128.000,128.000
1786790018272,XAUT_USDT,demo,0,stale_binance,0,0.000000000,0.500000000,0.000000000,0.000000000,0.229355168,0.000000000,0.000000000,2260.000,242.000,242.000
1786790018426,XAUT_USDT,demo,0,stale_binance,0,0.000000000,0.500000000,0.000000000,0.000000000,0.229355168,0.000000000,0.000000000,2414.000,58.000,58.000
1786790018544,XAUT_USDT,demo,0,stale_binance,0,0.000000000,0.500000000,0.000000000,0.000000000,0.229355168,0.000000000,0.000000000,2532.000,0.000,0.000
1786790018681,XAUT_USDT,demo,0,stale_binance,0,0.000000000,0.500000000,0.000000000,0.000000000,0.229355168,0.000000000,0.000000000,2669.000,53.000,53.000
1786790018803,XAUT_USDT,demo,0,stale_binance,0,0.000000000,0.500000000,0.000000000,0.000000000,0.229355168,0.000000000,0.000000000,2791.000,175.000,175.000
1786790018925,XAUT_USDT,demo,0,stale_binance,0,0.000000000,0.500000000,0.000000000,0.000000000,0.229355168,0.000000000,0.000000000,2913.000,297.000,297.000
1786790019025,XAUT_USDT,demo,0,stale_binance,0,0.000000000,0.500000000,0.000000000,0.000000000,0.229355168,0.000000000,0.000000000,3013.000,55.000,55.000
1786790019139,XAUT_USDT,demo,0,microspread_below_threshold,0,0.000000000,0.500000000,-0.447252579,-0.447252579,0.229355168,0.000000000,0.000000000,59.000,0.000,0.000
1786790019258,XAUT_USDT,demo,0,microspread_below_threshold,0,0.000000000,0.500000000,-0.447252579,-0.447252579,0.229355168,0.000000000,0.000000000,178.000,119.000,119.000
1786790019396,XAUT_USDT,demo,0,microspread_below_threshold,0,0.000000000,0.500000000,-0.447252579,-0.447252579,0.229355168,0.000000000,0.000000000,57.000,0.000,0.000
1786790019539,XAUT_USDT,demo,0,microspread_below_threshold,0,0.000000000,0.500000000,-0.447252579,-0.447252579,0.229355168,0.000000000,0.000000000,200.000,58.000,58.000
1786790019688,XAUT_USDT,demo,0,stale_binance,0,0.000000000,0.500000000,0.000000000,0.000000000,0.229355168,0.000000000,0.000000000,349.000,121.000,121.000
1786790019810,XAUT_USDT,demo,0,stale_binance,0,0.000000000,0.500000000,0.000000000,0.000000000,0.229355168,0.000000000,0.000000000,471.000,62.000,62.000
1786790019922,XAUT_USDT,demo,0,stale_binance,0,0.000000000,0.500000000,0.000000000,0.000000000,0.229355168,0.000000000,0.000000000,583.000,0.000,0.000
1786790020057,XAUT_USDT,demo,0,stale_binance,0,0.000000000,0.500000000,0.000000000,0.000000000,0.229355168,0.000000000,0.000000000,718.000,57.000,57.000
1786790020822,XAUT_USDT,demo,0,stale_binance,0,0.000000000,0.500000000,0.000000000,0.000000000,0.229355168,0.000000000,0.000000000,493.000,47.000,47.000
1786790020939,XAUT_USDT,demo,0,microspread_below_threshold,0,0.000000000,0.500000000,-0.447252579,-0.447252579,0.229355168,0.000000000,0.000000000,51.000,81.000,81.000
1786790021079,XAUT_USDT,demo,0,microspread_below_threshold,0,0.000000000,0.500000000,-0.447252579,-0.447252579,0.229355168,0.000000000,0.000000000,191.000,54.000,54.000
1786790021190,XAUT_USDT,demo,0,stale_binance,0,0.000000000,0.500000000,0.000000000,0.000000000,0.229355168,0.000000000,0.000000000,302.000,53.000,53.000
1786790021309,XAUT_USDT,demo,0,stale_binance,0,0.000000000,0.500000000,0.000000000,0.000000000,0.229355168,0.000000000,0.000000000,421.000,172.000,172.000
1786790021438,XAUT_USDT,demo,0,stale_binance,0,0.000000000,0.500000000,0.000000000,0.000000000,0.229355168,0.000000000,0.000000000,550.000,301.000,301.000
1786790021538,XAUT_USDT,demo,0,stale_binance,0,0.000000000,0.500000000,0.000000000,0.000000000,0.229355168,0.000000000,0.000000000,650.000,0.000,0.000
1786790021650,XAUT_USDT,demo,0,stale_binance,0,0.000000000,0.500000000,0.000000000,0.000000000,0.229355168,0.000000000,0.000000000,762.000,112.000,112.000
1786790021774,XAUT_USDT,demo,0,stale_binance,0,0.000000000,0.500000000,0.000000000,0.000000000,0.229355168,0.000000000,0.000000000,886.000,59.000,59.000
1786790021885,XAUT_USDT,demo,0,stale_binance,0,0.000000000,0.500000000,0.000000000,0.000000000,0.229355168,0.000000000,0.000000000,997.000,1.000,1.000
1786790022036,XAUT_USDT,demo,0,stale_binance,0,0.000000000,0.500000000,0.000000000,0.000000000,0.229355168,0.000000000,0.000000000,1148.000,62.000,62.000
1786790022171,XAUT_USDT,demo,0,stale_binance,0,0.000000000,0.500000000,0.000000000,0.000000000,0.229355168,0.000000000,0.000000000,1283.000,117.000,117.000
1786790022304,XAUT_USDT,demo,0,stale_binance,0,0.000000000,0.500000000,0.000000000,0.000000000,0.229355168,0.000000000,0.000000000,1416.000,76.000,76.000
1786790022440,XAUT_USDT,demo,0,microspread_below_threshold,0,0.000000000,0.500000000,-0.447252579,-0.447252579,0.229355168,0.000000000,0.000000000,106.000,212.000,212.000
1786790022542,XAUT_USDT,demo,0,microspread_below_threshold,0,0.000000000,0.500000000,-0.447252579,-0.447252579,0.229355168,0.000000000,0.000000000,208.000,56.000,56.000
1786790022655,XAUT_USDT,demo,0,stale_binance,0,0.000000000,0.500000000,0.000000000,0.000000000,0.229355168,0.000000000,0.000000000,321.000,169.000,169.000
1786790022807,XAUT_USDT,demo,0,stale_binance,0,0.000000000,0.500000000,0.000000000,0.000000000,0.229355168,0.000000000,0.000000000,473.000,58.000,58.000
1786790022911,XAUT_USDT,demo,0,stale_binance,0,0.000000000,0.500000000,0.000000000,0.000000000,0.229355168,0.000000000,0.000000000,577.000,0.000,0.000
1786790023046,XAUT_USDT,demo,0,stale_binance,0,0.000000000,0.500000000,0.000000000,0.000000000,0.229355168,0.000000000,0.000000000,712.000,51.000,51.000
1786790023172,XAUT_USDT,demo,0,stale_binance,0,0.000000000,0.500000000,0.000000000,0.000000000,0.229355168,0.000000000,0.000000000,838.000,177.000,177.000
1786790023290,XAUT_USDT,demo,0,stale_binance,0,0.000000000,0.500000000,0.000000000,0.000000000,0.229355168,0.000000000,0.000000000,956.000,110.000,110.000
1786790023407,XAUT_USDT,demo,0,stale_binance,0,0.000000000,0.500000000,0.000000000,0.000000000,0.229355168,0.000000000,0.000000000,1073.000,227.000,227.000
1786790023514,XAUT_USDT,demo,0,stale_binance,0,0.000000000,0.500000000,0.000000000,0.000000000,0.229355168,0.000000000,0.000000000,1180.000,0.000,0.000
1786790023672,XAUT_USDT,demo,0,stale_binance,0,0.000000000,0.500000000,0.000000000,0.000000000,0.229355168,0.000000000,0.000000000,1338.000,61.000,61.000
1786790023808,XAUT_USDT,demo,0,stale_binance,0,0.000000000,0.500000000,0.000000000,0.000000000,0.229355168,0.000000000,0.000000000,1474.000,122.000,122.000
1786790023920,XAUT_USDT,demo,0,stale_binance,0,0.000000000,0.500000000,0.000000000,0.000000000,0.229355168,0.000000000,0.000000000,1586.000,54.000,54.000
1786790024068,XAUT_USDT,demo,0,stale_binance,0,0.000000000,0.500000000,0.000000000,0.000000000,0.229355168,0.000000000,0.000000000,1734.000,122.000,122.000
1786790024186,XAUT_USDT,demo,0,stale_binance,0,0.000000000,0.500000000,0.000000000,0.000000000,0.229355168,0.000000000,0.000000000,1852.000,61.000,61.000
1786790024291,XAUT_USDT,demo,0,stale_binance,0,0.000000000,0.500000000,0.000000000,0.000000000,0.229355168,0.000000000,0.000000000,1957.000,166.000,166.000
1786790024396,XAUT_USDT,demo,0,stale_binance,0,0.000000000,0.500000000,0.000000000,0.000000000,0.229355168,0.000000000,0.000000000,2062.000,271.000,271.000
1786790024539,XAUT_USDT,demo,0,stale_binance,0,0.000000000,0.500000000,0.000000000,0.000000000,0.229355168,0.000000000,0.000000000,2205.000,59.000,59.000
1786790024690,XAUT_USDT,demo,0,stale_binance,0,0.000000000,0.500000000,0.000000000,0.000000000,0.229355168,0.000000000,0.000000000,2356.000,60.000,60.000
1786790024827,XAUT_USDT,demo,0,stale_binance,0,0.000000000,0.500000000,0.000000000,0.000000000,0.229355168,0.000000000,0.000000000,2493.000,112.000,112.000
1786790024940,XAUT_USDT,demo,0,stale_binance,0,0.000000000,0.500000000,0.000000000,0.000000000,0.229355168,0.000000000,0.000000000,2606.000,225.000,225.000
1786790025052,XAUT_USDT,demo,0,stale_binance,0,0.000000000,0.500000000,0.000000000,0.000000000,0.229355168,0.000000000,0.000000000,2718.000,63.000,63.000
1786790025175,XAUT_USDT,demo,0,stale_binance,0,0.000000000,0.500000000,0.000000000,0.000000000,0.229355168,0.000000000,0.000000000,2841.000,114.000,114.000
1786790025883,XAUT_USDT,demo,0,stale_binance,0,0.000000000,0.500000000,0.000000000,0.000000000,0.229355168,0.000000000,0.000000000,3549.000,39.000,39.000
1786790025986,XAUT_USDT,demo,0,stale_binance,0,0.000000000,0.500000000,0.000000000,0.000000000,0.229355168,0.000000000,0.000000000,3652.000,62.000,62.000
1786790026092,XAUT_USDT,demo,0,stale_binance,0,0.000000000,0.500000000,0.000000000,0.000000000,0.229355168,0.000000000,0.000000000,3758.000,168.000,168.000
1786790026240,XAUT_USDT,demo,0,stale_binance,0,0.000000000,0.500000000,0.000000000,0.000000000,0.229355168,0.000000000,0.000000000,3906.000,55.000,55.000
1786790026351,XAUT_USDT,demo,0,stale_binance,0,0.000000000,0.500000000,0.000000000,0.000000000,0.229355168,0.000000000,0.000000000,4017.000,0.000,0.000
1786790026462,XAUT_USDT,demo,0,stale_binance,0,0.000000000,0.500000000,0.000000000,0.000000000,0.229355168,0.000000000,0.000000000,4128.000,111.000,111.000
1786790026579,XAUT_USDT,demo,0,stale_binance,0,0.000000000,0.500000000,0.000000000,0.000000000,0.229355168,0.000000000,0.000000000,4245.000,228.000,228.000
1786790026709,XAUT_USDT,demo,0,stale_binance,0,0.000000000,0.500000000,0.000000000,0.000000000,0.229355168,0.000000000,0.000000000,4375.000,0.000,0.000
1786790026827,XAUT_USDT,demo,0,stale_binance,0,0.000000000,0.500000000,0.000000000,0.000000000,0.229355168,0.000000000,0.000000000,4493.000,118.000,118.000
1786790026940,XAUT_USDT,demo,0,stale_binance,0,0.000000000,0.500000000,0.000000000,0.000000000,0.229355168,0.000000000,0.000000000,4606.000,231.000,231.000
1786790027045,XAUT_USDT,demo,0,stale_binance,0,0.000000000,0.500000000,0.000000000,0.000000000,0.229355168,0.000000000,0.000000000,4711.000,1.000,1.000
1786790027185,XAUT_USDT,demo,0,stale_binance,0,0.000000000,0.500000000,0.000000000,0.000000000,0.229355168,0.000000000,0.000000000,4851.000,54.000,54.000
1786790027339,XAUT_USDT,demo,0,stale_binance,0,0.000000000,0.500000000,0.000000000,0.000000000,0.229355168,0.000000000,0.000000000,5005.000,125.000,125.000
1786790027486,XAUT_USDT,demo,0,microspread_below_threshold,0,0.000000000,0.500000000,-0.447252579,-0.447252579,0.229355168,0.000000000,0.000000000,127.000,272.000,272.000
1786790027619,XAUT_USDT,demo,0,microspread_below_threshold,0,0.000000000,0.500000000,-0.447252579,-0.447252579,0.229355168,0.000000000,0.000000000,260.000,64.000,64.000
1786790027737,XAUT_USDT,demo,0,stale_binance,0,0.000000000,0.500000000,0.000000000,0.000000000,0.229355168,0.000000000,0.000000000,378.000,182.000,182.000
1786790027864,XAUT_USDT,demo,0,stale_binance,0,0.000000000,0.500000000,0.000000000,0.000000000,0.229355168,0.000000000,0.000000000,505.000,122.000,122.000
1786790027974,XAUT_USDT,demo,0,stale_binance,0,0.000000000,0.500000000,0.000000000,0.000000000,0.229355168,0.000000000,0.000000000,615.000,232.000,232.000
1786790028088,XAUT_USDT,demo,0,stale_binance,0,0.000000000,0.500000000,0.000000000,0.000000000,0.229355168,0.000000000,0.000000000,729.000,0.000,0.000
1786790028222,XAUT_USDT,demo,0,stale_binance,0,0.000000000,0.500000000,0.000000000,0.000000000,0.229355168,0.000000000,0.000000000,863.000,54.000,54.000
1786790028337,XAUT_USDT,demo,0,stale_binance,0,0.000000000,0.500000000,0.000000000,0.000000000,0.229355168,0.000000000,0.000000000,978.000,169.000,169.000
1786790028437,XAUT_USDT,demo,0,microspread_below_threshold,0,0.000000000,0.500000000,-0.447252579,-0.447252579,0.229355168,0.000000000,0.000000000,0.000,269.000,269.000
1786790028567,XAUT_USDT,demo,0,microspread_below_threshold,0,0.000000000,0.500000000,-0.447252579,-0.447252579,0.229355168,0.000000000,0.000000000,130.000,65.000,65.000
1786790028678,XAUT_USDT,demo,0,microspread_below_threshold,0,0.000000000,0.500000000,-0.447252579,-0.447252579,0.229355168,0.000000000,0.000000000,241.000,0.000,0.000
1786790028790,XAUT_USDT,demo,0,stale_binance,0,0.000000000,0.500000000,0.000000000,0.000000000,0.229355168,0.000000000,0.000000000,353.000,112.000,112.000
1786790028906,XAUT_USDT,demo,0,stale_binance,0,0.000000000,0.500000000,0.000000000,0.000000000,0.229355168,0.000000000,0.000000000,469.000,228.000,228.000
1786790029030,XAUT_USDT,demo,0,stale_binance,0,0.000000000,0.500000000,0.000000000,0.000000000,0.229355168,0.000000000,0.000000000,593.000,0.000,0.000
1786790029159,XAUT_USDT,demo,0,microspread_below_threshold,0,0.000000000,0.500000000,-0.447252579,-0.447252579,0.229355168,0.000000000,0.000000000,67.000,54.000,54.000
1786790029324,XAUT_USDT,demo,0,microspread_below_threshold,0,0.000000000,0.500000000,-0.447252579,-0.447252579,0.229355168,0.000000000,0.000000000,66.000,219.000,219.000
1786790029442,XAUT_USDT,demo,0,microspread_below_threshold,0,0.000000000,0.500000000,-0.447252579,-0.447252579,0.229355168,0.000000000,0.000000000,184.000,337.000,337.000
1786790029588,XAUT_USDT,demo,0,stale_binance,0,0.000000000,0.500000000,0.000000000,0.000000000,0.229355168,0.000000000,0.000000000,330.000,54.000,54.000
1786790029719,XAUT_USDT,demo,0,stale_binance,0,0.000000000,0.500000000,0.000000000,0.000000000,0.229355168,0.000000000,0.000000000,461.000,1.000,1.000
1786790029840,XAUT_USDT,demo,0,stale_binance,0,0.000000000,0.500000000,0.000000000,0.000000000,0.229355168,0.000000000,0.000000000,582.000,122.000,122.000
1786790029967,XAUT_USDT,demo,0,stale_binance,0,0.000000000,0.500000000,0.000000000,0.000000000,0.229355168,0.000000000,0.000000000,709.000,249.000,249.000
1786790030105,XAUT_USDT,demo,0,microspread_below_threshold,0,0.000000000,0.500000000,-0.447252579,-0.447252579,0.229355168,0.000000000,0.000000000,73.000,54.000,54.000
1786790030221,XAUT_USDT,demo,0,microspread_below_threshold,0,0.000000000,0.500000000,-0.447252579,-0.447252579,0.229355168,0.000000000,0.000000000,189.000,0.000,0.000
1786790030986,XAUT_USDT,demo,0,stale_binance,0,0.000000000,0.500000000,0.000000000,0.000000000,0.229355168,0.000000000,0.000000000,954.000,329.000,329.000
1786790031132,XAUT_USDT,demo,0,stale_binance,0,0.000000000,0.500000000,0.000000000,0.000000000,0.229355168,0.000000000,0.000000000,1100.000,55.000,55.000
1786790031254,XAUT_USDT,demo,0,stale_binance,0,0.000000000,0.500000000,0.000000000,0.000000000,0.229355168,0.000000000,0.000000000,1222.000,0.000,0.000
1786790031385,XAUT_USDT,demo,0,stale_binance,0,0.000000000,0.500000000,0.000000000,0.000000000,0.229355168,0.000000000,0.000000000,1353.000,51.000,51.000
1786790031504,XAUT_USDT,demo,0,stale_binance,0,0.000000000,0.500000000,0.000000000,0.000000000,0.229355168,0.000000000,0.000000000,1472.000,0.000,0.000
1786790031655,XAUT_USDT,demo,0,stale_binance,0,0.000000000,0.500000000,0.000000000,0.000000000,0.229355168,0.000000000,0.000000000,1623.000,63.000,63.000
1786790031764,XAUT_USDT,demo,0,stale_binance,0,0.000000000,0.500000000,0.000000000,0.000000000,0.229355168,0.000000000,0.000000000,1732.000,1.000,1.000
1786790031883,XAUT_USDT,demo,0,stale_binance,0,0.000000000,0.500000000,0.000000000,0.000000000,0.229355168,0.000000000,0.000000000,1851.000,120.000,120.000
1786790032002,XAUT_USDT,demo,0,stale_binance,0,0.000000000,0.500000000,0.000000000,0.000000000,0.229355168,0.000000000,0.000000000,1970.000,239.000,239.000
1786790032155,XAUT_USDT,demo,0,stale_binance,0,0.000000000,0.500000000,0.000000000,0.000000000,0.229355168,0.000000000,0.000000000,2123.000,54.000,54.000
1786790032270,XAUT_USDT,demo,0,stale_binance,0,0.000000000,0.500000000,0.000000000,0.000000000,0.229355168,0.000000000,0.000000000,2238.000,169.000,169.000
1786790032389,XAUT_USDT,demo,0,stale_binance,0,0.000000000,0.500000000,0.000000000,0.000000000,0.229355168,0.000000000,0.000000000,2357.000,288.000,288.000
1786790032521,XAUT_USDT,demo,0,microspread_below_threshold,0,0.000000000,0.500000000,-0.447252579,-0.447252579,0.229355168,0.000000000,0.000000000,84.000,61.000,61.000
1786790032670,XAUT_USDT,demo,0,microspread_below_threshold,0,0.000000000,0.500000000,-0.447252579,-0.447252579,0.229355168,0.000000000,0.000000000,126.000,53.000,53.000
1786790032821,XAUT_USDT,demo,0,microspread_below_threshold,0,0.000000000,0.500000000,-0.447252579,-0.447252579,0.229355168,0.000000000,0.000000000,277.000,114.000,114.000
1786790032937,XAUT_USDT,demo,0,stale_binance,0,0.000000000,0.500000000,0.000000000,0.000000000,0.229355168,0.000000000,0.000000000,393.000,230.000,230.000
1786790033049,XAUT_USDT,demo,0,stale_binance,0,0.000000000,0.500000000,0.000000000,0.000000000,0.229355168,0.000000000,0.000000000,505.000,0.000,0.000
1786790033193,XAUT_USDT,demo,0,stale_binance,0,0.000000000,0.500000000,0.000000000,0.000000000,0.229355168,0.000000000,0.000000000,649.000,60.000,60.000
1786790033335,XAUT_USDT,demo,0,stale_binance,0,0.000000000,0.500000000,0.000000000,0.000000000,0.229355168,0.000000000,0.000000000,791.000,112.000,112.000
1786790033453,XAUT_USDT,demo,0,stale_binance,0,0.000000000,0.500000000,0.000000000,0.000000000,0.229355168,0.000000000,0.000000000,909.000,230.000,230.000
1786790033566,XAUT_USDT,demo,0,stale_binance,0,0.000000000,0.500000000,0.000000000,0.000000000,0.229355168,0.000000000,0.000000000,1022.000,0.000,0.000
1786790033682,XAUT_USDT,demo,0,stale_binance,0,0.000000000,0.500000000,0.000000000,0.000000000,0.229355168,0.000000000,0.000000000,1138.000,116.000,116.000
1786790033801,XAUT_USDT,demo,0,stale_binance,0,0.000000000,0.500000000,0.000000000,0.000000000,0.229355168,0.000000000,0.000000000,1257.000,54.000,54.000
1786790033916,XAUT_USDT,demo,0,stale_binance,0,0.000000000,0.500000000,0.000000000,0.000000000,0.229355168,0.000000000,0.000000000,1372.000,169.000,169.000
1786790034053,XAUT_USDT,demo,0,stale_binance,0,0.000000000,0.500000000,0.000000000,0.000000000,0.229355168,0.000000000,0.000000000,1509.000,53.000,53.000
1786790034167,XAUT_USDT,demo,0,stale_binance,0,0.000000000,0.500000000,0.000000000,0.000000000,0.229355168,0.000000000,0.000000000,1623.000,1.000,1.000
1786790034287,XAUT_USDT,demo,0,stale_binance,0,0.000000000,0.500000000,0.000000000,0.000000000,0.229355168,0.000000000,0.000000000,1743.000,121.000,121.000
1786790034444,XAUT_USDT,demo,0,stale_binance,0,0.000000000,0.500000000,0.000000000,0.000000000,0.229355168,0.000000000,0.000000000,1900.000,278.000,278.000
1786790034571,XAUT_USDT,demo,0,stale_binance,0,0.000000000,0.500000000,0.000000000,0.000000000,0.229355168,0.000000000,0.000000000,2027.000,63.000,63.000
1786790034681,XAUT_USDT,demo,0,stale_binance,0,0.000000000,0.500000000,0.000000000,0.000000000,0.229355168,0.000000000,0.000000000,2137.000,1.000,1.000
1786790034810,XAUT_USDT,demo,0,stale_binance,0,0.000000000,0.500000000,0.000000000,0.000000000,0.229355168,0.000000000,0.000000000,2266.000,130.000,130.000
1786790034927,XAUT_USDT,demo,0,stale_binance,0,0.000000000,0.500000000,0.000000000,0.000000000,0.229355168,0.000000000,0.000000000,2383.000,247.000,247.000
1786790035069,XAUT_USDT,demo,0,stale_binance,0,0.000000000,0.500000000,0.000000000,0.000000000,0.229355168,0.000000000,0.000000000,2525.000,121.000,121.000
1786790035170,XAUT_USDT,demo,0,stale_binance,0,0.000000000,0.500000000,0.000000000,0.000000000,0.229355168,0.000000000,0.000000000,2626.000,57.000,57.000
1786790035963,XAUT_USDT,demo,0,stale_binance,0,0.000000000,0.500000000,0.000000000,0.000000000,0.229355168,0.000000000,0.000000000,3419.000,249.000,249.000
1786790036120,XAUT_USDT,demo,0,stale_binance,0,0.000000000,0.500000000,0.000000000,0.000000000,0.229355168,0.000000000,0.000000000,3576.000,59.000,59.000
1786790036228,XAUT_USDT,demo,0,stale_binance,0,0.000000000,0.500000000,0.000000000,0.000000000,0.229355168,0.000000000,0.000000000,3684.000,0.000,0.000
1786790036350,XAUT_USDT,demo,0,stale_binance,0,0.000000000,0.500000000,0.000000000,0.000000000,0.229355168,0.000000000,0.000000000,3806.000,122.000,122.000
1786790036482,XAUT_USDT,demo,0,microspread_below_threshold,0,0.000000000,0.500000000,-0.447252579,-0.447252579,0.229355168,0.000000000,0.000000000,43.000,0.000,0.000
1786790036636,XAUT_USDT,demo,0,microspread_below_threshold,0,0.000000000,0.500000000,-0.447252579,-0.447252579,0.229355168,0.000000000,0.000000000,197.000,60.000,60.000
1786790036740,XAUT_USDT,demo,0,stale_binance,0,0.000000000,0.500000000,0.000000000,0.000000000,0.229355168,0.000000000,0.000000000,301.000,0.000,0.000
1786790036901,XAUT_USDT,demo,0,stale_binance,0,0.000000000,0.500000000,0.000000000,0.000000000,0.229355168,0.000000000,0.000000000,462.000,63.000,63.000
1786790037020,XAUT_USDT,demo,0,stale_binance,0,0.000000000,0.500000000,0.000000000,0.000000000,0.229355168,0.000000000,0.000000000,581.000,108.000,108.000
1786790037136,XAUT_USDT,demo,0,stale_binance,0,0.000000000,0.500000000,0.000000000,0.000000000,0.229355168,0.000000000,0.000000000,697.000,224.000,224.000
1786790037253,XAUT_USDT,demo,0,stale_binance,0,0.000000000,0.500000000,0.000000000,0.000000000,0.229355168,0.000000000,0.000000000,814.000,0.000,0.000
1786790037376,XAUT_USDT,demo,0,microspread_below_threshold,0,0.000000000,0.500000000,-0.447252579,-0.447252579,0.229355168,0.000000000,0.000000000,0.000,123.000,123.000
1786790037502,XAUT_USDT,demo,0,microspread_below_threshold,0,0.000000000,0.500000000,-0.447252579,-0.447252579,0.229355168,0.000000000,0.000000000,59.000,249.000,249.000
1786790037648,XAUT_USDT,demo,0,microspread_below_threshold,0,0.000000000,0.500000000,-0.447252579,-0.447252579,0.229355168,0.000000000,0.000000000,205.000,55.000,55.000
1786790037792,XAUT_USDT,demo,0,stale_binance,0,0.000000000,0.500000000,0.000000000,0.000000000,0.229355168,0.000000000,0.000000000,349.000,112.000,112.000
1786790037906,XAUT_USDT,demo,0,stale_binance,0,0.000000000,0.500000000,0.000000000,0.000000000,0.229355168,0.000000000,0.000000000,463.000,226.000,226.000
1786790038023,XAUT_USDT,demo,0,stale_binance,0,0.000000000,0.500000000,0.000000000,0.000000000,0.229355168,0.000000000,0.000000000,580.000,343.000,343.000
1786790038171,XAUT_USDT,demo,0,stale_binance,0,0.000000000,0.500000000,0.000000000,0.000000000,0.229355168,0.000000000,0.000000000,728.000,56.000,56.000
1786790038298,XAUT_USDT,demo,0,stale_binance,0,0.000000000,0.500000000,0.000000000,0.000000000,0.229355168,0.000000000,0.000000000,855.000,183.000,183.000
1786790038415,XAUT_USDT,demo,0,stale_binance,0,0.000000000,0.500000000,0.000000000,0.000000000,0.229355168,0.000000000,0.000000000,972.000,300.000,300.000
1786790038517,XAUT_USDT,demo,0,stale_binance,0,0.000000000,0.500000000,0.000000000,0.000000000,0.229355168,0.000000000,0.000000000,1074.000,56.000,56.000
1786790038622,XAUT_USDT,demo,0,stale_binance,0,0.000000000,0.500000000,0.000000000,0.000000000,0.229355168,0.000000000,0.000000000,1179.000,0.000,0.000
1786790038768,XAUT_USDT,demo,0,stale_binance,0,0.000000000,0.500000000,0.000000000,0.000000000,0.229355168,0.000000000,0.000000000,1325.000,57.000,57.000
1786790038889,XAUT_USDT,demo,0,stale_binance,0,0.000000000,0.500000000,0.000000000,0.000000000,0.229355168,0.000000000,0.000000000,1446.000,178.000,178.000
1786790039025,XAUT_USDT,demo,0,stale_binance,0,0.000000000,0.500000000,0.000000000,0.000000000,0.229355168,0.000000000,0.000000000,1582.000,52.000,52.000
1786790039144,XAUT_USDT,demo,0,microspread_below_threshold,0,0.000000000,0.500000000,-0.447252579,-0.447252579,0.229355168,0.000000000,0.000000000,40.000,0.000,0.000
1786790039299,XAUT_USDT,demo,0,microspread_below_threshold,0,0.000000000,0.500000000,-0.447252579,-0.447252579,0.229355168,0.000000000,0.000000000,195.000,62.000,62.000
1786790039419,XAUT_USDT,demo,0,stale_binance,0,0.000000000,0.500000000,0.000000000,0.000000000,0.229355168,0.000000000,0.000000000,315.000,182.000,182.000
1786790039530,XAUT_USDT,demo,0,microspread_below_threshold,0,0.000000000,0.500000000,-0.447252579,-0.447252579,0.229355168,0.000000000,0.000000000,0.000,293.000,293.000
1786790039663,XAUT_USDT,demo,0,microspread_below_threshold,0,0.000000000,0.500000000,-0.447252579,-0.447252579,0.229355168,0.000000000,0.000000000,64.000,91.000,91.000
1786790039802,XAUT_USDT,demo,0,microspread_below_threshold,0,0.000000000,0.500000000,-0.447252579,-0.447252579,0.229355168,0.000000000,0.000000000,203.000,55.000,55.000
1786790039951,XAUT_USDT,demo,0,microspread_below_threshold,0,0.000000000,0.500000000,-0.447252579,-0.447252579,0.229355168,0.000000000,0.000000000,126.000,204.000,204.000
1786790040072,XAUT_USDT,demo,0,microspread_below_threshold,0,0.000000000,0.500000000,-0.447252579,-0.447252579,0.229355168,0.000000000,0.000000000,247.000,63.000,63.000
1786790040190,XAUT_USDT,demo,0,stale_binance,0,0.000000000,0.500000000,0.000000000,0.000000000,0.229355168,0.000000000,0.000000000,365.000,0.000,0.000
1786790040963,XAUT_USDT,demo,0,stale_binance,0,0.000000000,0.500000000,0.000000000,0.000000000,0.229355168,0.000000000,0.000000000,519.000,9.000,9.000
1786790041099,XAUT_USDT,demo,0,stale_binance,0,0.000000000,0.500000000,0.000000000,0.000000000,0.229355168,0.000000000,0.000000000,655.000,52.000,52.000
1786790041235,XAUT_USDT,demo,0,stale_binance,0,0.000000000,0.500000000,0.000000000,0.000000000,0.229355168,0.000000000,0.000000000,791.000,111.000,111.000
1786790041352,XAUT_USDT,demo,0,stale_binance,0,0.000000000,0.500000000,0.000000000,0.000000000,0.229355168,0.000000000,0.000000000,908.000,228.000,228.000
1786790041458,XAUT_USDT,demo,0,microspread_below_threshold,0,0.000000000,0.500000000,-0.447252579,-0.447252579,0.229355168,0.000000000,0.000000000,63.000,334.000,334.000
1786790041606,XAUT_USDT,demo,0,microspread_below_threshold,0,0.000000000,0.500000000,-0.447252579,-0.447252579,0.229355168,0.000000000,0.000000000,211.000,51.000,51.000
1786790041732,XAUT_USDT,demo,0,stale_binance,0,0.000000000,0.500000000,0.000000000,0.000000000,0.229355168,0.000000000,0.000000000,337.000,0.000,0.000
1786790041851,XAUT_USDT,demo,0,stale_binance,0,0.000000000,0.500000000,0.000000000,0.000000000,0.229355168,0.000000000,0.000000000,456.000,119.000,119.000
1786790041966,XAUT_USDT,demo,0,stale_binance,0,0.000000000,0.500000000,0.000000000,0.000000000,0.229355168,0.000000000,0.000000000,571.000,234.000,234.000
1786790042072,XAUT_USDT,demo,0,stale_binance,0,0.000000000,0.500000000,0.000000000,0.000000000,0.229355168,0.000000000,0.000000000,677.000,0.000,0.000
1786790042220,XAUT_USDT,demo,0,stale_binance,0,0.000000000,0.500000000,0.000000000,0.000000000,0.229355168,0.000000000,0.000000000,825.000,53.000,53.000
1786790042354,XAUT_USDT,demo,0,stale_binance,0,0.000000000,0.500000000,0.000000000,0.000000000,0.229355168,0.000000000,0.000000000,959.000,108.000,108.000
1786790042471,XAUT_USDT,demo,0,stale_binance,0,0.000000000,0.500000000,0.000000000,0.000000000,0.229355168,0.000000000,0.000000000,1076.000,225.000,225.000
1786790042588,XAUT_USDT,demo,0,stale_binance,0,0.000000000,0.500000000,0.000000000,0.000000000,0.229355168,0.000000000,0.000000000,1193.000,0.000,0.000
1786790042711,XAUT_USDT,demo,0,stale_binance,0,0.000000000,0.500000000,0.000000000,0.000000000,0.229355168,0.000000000,0.000000000,1316.000,123.000,123.000
1786790042845,XAUT_USDT,demo,0,microspread_below_threshold,0,0.000000000,0.500000000,-0.447252579,-0.447252579,0.229355168,0.000000000,0.000000000,54.000,78.000,78.000
1786790042967,XAUT_USDT,demo,0,microspread_below_threshold,0,0.000000000,0.500000000,-0.447252579,-0.447252579,0.229355168,0.000000000,0.000000000,176.000,200.000,200.000
1786790043072,XAUT_USDT,demo,0,microspread_below_threshold,0,0.000000000,0.500000000,-0.447252579,-0.447252579,0.229355168,0.000000000,0.000000000,281.000,54.000,54.000
1786790043188,XAUT_USDT,demo,0,stale_binance,0,0.000000000,0.500000000,0.000000000,0.000000000,0.229355168,0.000000000,0.000000000,397.000,1.000,1.000
1786790043302,XAUT_USDT,demo,0,stale_binance,0,0.000000000,0.500000000,0.000000000,0.000000000,0.229355168,0.000000000,0.000000000,511.000,115.000,115.000
1786790043416,XAUT_USDT,demo,0,stale_binance,0,0.000000000,0.500000000,0.000000000,0.000000000,0.229355168,0.000000000,0.000000000,625.000,229.000,229.000
1786790043524,XAUT_USDT,demo,0,stale_binance,0,0.000000000,0.500000000,0.000000000,0.000000000,0.229355168,0.000000000,0.000000000,733.000,0.000,0.000
1786790043666,XAUT_USDT,demo,0,stale_binance,0,0.000000000,0.500000000,0.000000000,0.000000000,0.229355168,0.000000000,0.000000000,875.000,55.000,55.000
1786790043819,XAUT_USDT,demo,0,stale_binance,0,0.000000000,0.500000000,0.000000000,0.000000000,0.229355168,0.000000000,0.000000000,1028.000,121.000,121.000
1786790043935,XAUT_USDT,demo,0,stale_binance,0,0.000000000,0.500000000,0.000000000,0.000000000,0.229355168,0.000000000,0.000000000,1144.000,237.000,237.000
1786790044044,XAUT_USDT,demo,0,stale_binance,0,0.000000000,0.500000000,0.000000000,0.000000000,0.229355168,0.000000000,0.000000000,1253.000,0.000,0.000
1786790044199,XAUT_USDT,demo,0,stale_binance,0,0.000000000,0.500000000,0.000000000,0.000000000,0.229355168,0.000000000,0.000000000,1408.000,65.000,65.000
1786790044317,XAUT_USDT,demo,0,stale_binance,0,0.000000000,0.500000000,0.000000000,0.000000000,0.229355168,0.000000000,0.000000000,1526.000,183.000,183.000
1786790044432,XAUT_USDT,demo,0,stale_binance,0,0.000000000,0.500000000,0.000000000,0.000000000,0.229355168,0.000000000,0.000000000,1641.000,298.000,298.000
1786790044560,XAUT_USDT,demo,0,stale_binance,0,0.000000000,0.500000000,0.000000000,0.000000000,0.229355168,0.000000000,0.000000000,1769.000,0.000,0.000
1786790044696,XAUT_USDT,demo,0,stale_binance,0,0.000000000,0.500000000,0.000000000,0.000000000,0.229355168,0.000000000,0.000000000,1905.000,54.000,54.000
1786790044848,XAUT_USDT,demo,0,stale_binance,0,0.000000000,0.500000000,0.000000000,0.000000000,0.229355168,0.000000000,0.000000000,2057.000,121.000,121.000
1786790044969,XAUT_USDT,demo,0,stale_binance,0,0.000000000,0.500000000,0.000000000,0.000000000,0.229355168,0.000000000,0.000000000,2178.000,242.000,242.000
1786790045071,XAUT_USDT,demo,0,stale_binance,0,0.000000000,0.500000000,0.000000000,0.000000000,0.229355168,0.000000000,0.000000000,2280.000,0.000,0.000
1786790045177,XAUT_USDT,demo,0,stale_binance,0,0.000000000,0.500000000,0.000000000,0.000000000,0.229355168,0.000000000,0.000000000,2386.000,0.000,0.000
1786790045305,XAUT_USDT,demo,0,stale_binance,0,0.000000000,0.500000000,0.000000000,0.000000000,0.229355168,0.000000000,0.000000000,2514.000,62.000,62.000
1786790046423,XAUT_USDT,demo,0,stale_binance,0,0.000000000,0.500000000,0.000000000,0.000000000,0.229355168,0.000000000,0.000000000,3632.000,309.000,309.000
1786790046561,XAUT_USDT,demo,0,stale_binance,0,0.000000000,0.500000000,0.000000000,0.000000000,0.229355168,0.000000000,0.000000000,3770.000,110.000,110.000
1786790046680,XAUT_USDT,demo,0,stale_binance,0,0.000000000,0.500000000,0.000000000,0.000000000,0.229355168,0.000000000,0.000000000,3889.000,59.000,59.000
1786790046812,XAUT_USDT,demo,0,stale_binance,0,0.000000000,0.500000000,0.000000000,0.000000000,0.229355168,0.000000000,0.000000000,4021.000,106.000,106.000
1786790046920,XAUT_USDT,demo,0,stale_binance,0,0.000000000,0.500000000,0.000000000,0.000000000,0.229355168,0.000000000,0.000000000,4129.000,214.000,214.000
1786790047025,XAUT_USDT,demo,0,stale_binance,0,0.000000000,0.500000000,0.000000000,0.000000000,0.229355168,0.000000000,0.000000000,4234.000,59.000,59.000
1786790047138,XAUT_USDT,demo,0,stale_binance,0,0.000000000,0.500000000,0.000000000,0.000000000,0.229355168,0.000000000,0.000000000,4347.000,1.000,1.000
1786790047284,XAUT_USDT,demo,0,stale_binance,0,0.000000000,0.500000000,0.000000000,0.000000000,0.229355168,0.000000000,0.000000000,4493.000,58.000,58.000
1786790047402,XAUT_USDT,demo,0,stale_binance,0,0.000000000,0.500000000,0.000000000,0.000000000,0.229355168,0.000000000,0.000000000,4611.000,1.000,1.000
1786790047545,XAUT_USDT,demo,0,stale_binance,0,0.000000000,0.500000000,0.000000000,0.000000000,0.229355168,0.000000000,0.000000000,4754.000,63.000,63.000
1786790047658,XAUT_USDT,demo,0,stale_binance,0,0.000000000,0.500000000,0.000000000,0.000000000,0.229355168,0.000000000,0.000000000,4867.000,0.000,0.000
1786790047774,XAUT_USDT,demo,0,stale_binance,0,0.000000000,0.500000000,0.000000000,0.000000000,0.229355168,0.000000000,0.000000000,4983.000,116.000,116.000
1786790047904,XAUT_USDT,demo,0,stale_binance,0,0.000000000,0.500000000,0.000000000,0.000000000,0.229355168,0.000000000,0.000000000,5113.000,246.000,246.000
1786790048049,XAUT_USDT,demo,0,microspread_below_threshold,0,0.000000000,0.500000000,-0.447252579,-0.447252579,0.229355168,0.000000000,0.000000000,52.000,391.000,391.000
1786790048170,XAUT_USDT,demo,0,microspread_below_threshold,0,0.000000000,0.500000000,-0.447252579,-0.447252579,0.229355168,0.000000000,0.000000000,173.000,1.000,1.000
1786790048283,XAUT_USDT,demo,0,microspread_below_threshold,0,0.000000000,0.500000000,-0.447252579,-0.447252579,0.229355168,0.000000000,0.000000000,286.000,114.000,114.000
1786790048425,XAUT_USDT,demo,0,stale_binance,0,0.000000000,0.500000000,0.000000000,0.000000000,0.229355168,0.000000000,0.000000000,428.000,256.000,256.000
1786790048576,XAUT_USDT,demo,0,stale_binance,0,0.000000000,0.500000000,0.000000000,0.000000000,0.229355168,0.000000000,0.000000000,579.000,57.000,57.000
1786790048728,XAUT_USDT,demo,0,stale_binance,0,0.000000000,0.500000000,0.000000000,0.000000000,0.229355168,0.000000000,0.000000000,731.000,129.000,129.000
1786790048832,XAUT_USDT,demo,0,stale_binance,0,0.000000000,0.500000000,0.000000000,0.000000000,0.229355168,0.000000000,0.000000000,835.000,51.000,51.000
1786790048945,XAUT_USDT,demo,0,stale_binance,0,0.000000000,0.500000000,0.000000000,0.000000000,0.229355168,0.000000000,0.000000000,948.000,164.000,164.000
1786790049089,XAUT_USDT,demo,0,stale_binance,0,0.000000000,0.500000000,0.000000000,0.000000000,0.229355168,0.000000000,0.000000000,1092.000,58.000,58.000
1786790049202,XAUT_USDT,demo,0,microspread_below_threshold,0,0.000000000,0.500000000,-0.447252579,-0.447252579,0.229355168,0.000000000,0.000000000,86.000,0.000,0.000
1786790049321,XAUT_USDT,demo,0,microspread_below_threshold,0,0.000000000,0.500000000,-0.447252579,-0.447252579,0.229355168,0.000000000,0.000000000,205.000,119.000,119.000
1786790049439,XAUT_USDT,demo,0,stale_binance,0,0.000000000,0.500000000,0.000000000,0.000000000,0.229355168,0.000000000,0.000000000,323.000,237.000,237.000
1786790049582,XAUT_USDT,demo,0,stale_binance,0,0.000000000,0.500000000,0.000000000,0.000000000,0.229355168,0.000000000,0.000000000,466.000,115.000,115.000
1786790049733,XAUT_USDT,demo,0,stale_binance,0,0.000000000,0.500000000,0.000000000,0.000000000,0.229355168,0.000000000,0.000000000,617.000,109.000,109.000
1786790049872,XAUT_USDT,demo,0,stale_binance,0,0.000000000,0.500000000,0.000000000,0.000000000,0.229355168,0.000000000,0.000000000,756.000,248.000,248.000
1786790049974,XAUT_USDT,demo,0,stale_binance,0,0.000000000,0.500000000,0.000000000,0.000000000,0.229355168,0.000000000,0.000000000,858.000,0.000,0.000
1786790050104,XAUT_USDT,demo,0,stale_binance,0,0.000000000,0.500000000,0.000000000,0.000000000,0.229355168,0.000000000,0.000000000,988.000,51.000,51.000
1786790050251,XAUT_USDT,demo,0,stale_binance,0,0.000000000,0.500000000,0.000000000,0.000000000,0.229355168,0.000000000,0.000000000,1135.000,112.000,112.000
1786790050365,XAUT_USDT,demo,0,stale_binance,0,0.000000000,0.500000000,0.000000000,0.000000000,0.229355168,0.000000000,0.000000000,1249.000,226.000,226.000
1786790051500,XAUT_USDT,demo,0,stale_binance,0,0.000000000,0.500000000,0.000000000,0.000000000,0.229355168,0.000000000,0.000000000,352.000,247.000,247.000
1786790051603,XAUT_USDT,demo,0,stale_binance,0,0.000000000,0.500000000,0.000000000,0.000000000,0.229355168,0.000000000,0.000000000,455.000,0.000,0.000
1786790051715,XAUT_USDT,demo,0,stale_binance,0,0.000000000,0.500000000,0.000000000,0.000000000,0.229355168,0.000000000,0.000000000,567.000,112.000,112.000
1786790051830,XAUT_USDT,demo,0,stale_binance,0,0.000000000,0.500000000,0.000000000,0.000000000,0.229355168,0.000000000,0.000000000,682.000,57.000,57.000
1786790051938,XAUT_USDT,demo,0,stale_binance,0,0.000000000,0.500000000,0.000000000,0.000000000,0.229355168,0.000000000,0.000000000,790.000,165.000,165.000
1786790052085,XAUT_USDT,demo,0,microspread_below_threshold,0,0.000000000,0.500000000,-0.447252579,-0.447252579,0.229355168,0.000000000,0.000000000,69.000,54.000,54.000
1786790052225,XAUT_USDT,demo,0,microspread_below_threshold,0,0.000000000,0.500000000,-0.447252579,-0.447252579,0.229355168,0.000000000,0.000000000,54.000,112.000,112.000
1786790052360,XAUT_USDT,demo,0,microspread_below_threshold,0,0.000000000,0.500000000,-0.447252579,-0.447252579,0.229355168,0.000000000,0.000000000,189.000,247.000,247.000
1786790052469,XAUT_USDT,demo,0,microspread_below_threshold,0,0.000000000,0.500000000,-0.447252579,-0.447252579,0.229355168,0.000000000,0.000000000,82.000,0.000,0.000
1786790052611,XAUT_USDT,demo,0,microspread_below_threshold,0,0.000000000,0.500000000,-0.447252579,-0.447252579,0.229355168,0.000000000,0.000000000,224.000,63.000,63.000
1786790052726,XAUT_USDT,demo,0,stale_binance,0,0.000000000,0.500000000,0.000000000,0.000000000,0.229355168,0.000000000,0.000000000,339.000,0.000,0.000
1786790052878,XAUT_USDT,demo,0,stale_binance,0,0.000000000,0.500000000,0.000000000,0.000000000,0.229355168,0.000000000,0.000000000,491.000,61.000,61.000
1786790053016,XAUT_USDT,demo,0,stale_binance,0,0.000000000,0.500000000,0.000000000,0.000000000,0.229355168,0.000000000,0.000000000,629.000,112.000,112.000
1786790053140,XAUT_USDT,demo,0,microspread_below_threshold,0,0.000000000,0.500000000,-0.447252579,-0.447252579,0.229355168,0.000000000,0.000000000,121.000,236.000,236.000
1786790053260,XAUT_USDT,demo,0,microspread_below_threshold,0,0.000000000,0.500000000,-0.447252579,-0.447252579,0.229355168,0.000000000,0.000000000,241.000,356.000,356.000
1786790053367,XAUT_USDT,demo,0,stale_binance,0,0.000000000,0.500000000,0.000000000,0.000000000,0.229355168,0.000000000,0.000000000,348.000,463.000,463.000
1786790053477,XAUT_USDT,demo,0,stale_binance,0,0.000000000,0.500000000,0.000000000,0.000000000,0.229355168,0.000000000,0.000000000,458.000,573.000,573.000
1786790053583,XAUT_USDT,demo,0,stale_binance,0,0.000000000,0.500000000,0.000000000,0.000000000,0.229355168,0.000000000,0.000000000,564.000,0.000,0.000
1786790053697,XAUT_USDT,demo,0,stale_binance,0,0.000000000,0.500000000,0.000000000,0.000000000,0.229355168,0.000000000,0.000000000,678.000,114.000,114.000
1786790053814,XAUT_USDT,demo,0,stale_binance,0,0.000000000,0.500000000,0.000000000,0.000000000,0.229355168,0.000000000,0.000000000,795.000,53.000,53.000
1786790053941,XAUT_USDT,demo,0,stale_binance,0,0.000000000,0.500000000,0.000000000,0.000000000,0.229355168,0.000000000,0.000000000,922.000,180.000,180.000
1786790054067,XAUT_USDT,demo,0,stale_binance,0,0.000000000,0.500000000,0.000000000,0.000000000,0.229355168,0.000000000,0.000000000,1048.000,52.000,52.000
1786790054187,XAUT_USDT,demo,0,stale_binance,0,0.000000000,0.500000000,0.000000000,0.000000000,0.229355168,0.000000000,0.000000000,1168.000,0.000,0.000
1786790054310,XAUT_USDT,demo,0,stale_binance,0,0.000000000,0.500000000,0.000000000,0.000000000,0.229355168,0.000000000,0.000000000,1291.000,123.000,123.000
1786790054430,XAUT_USDT,demo,0,stale_binance,0,0.000000000,0.500000000,0.000000000,0.000000000,0.229355168,0.000000000,0.000000000,1411.000,243.000,243.000
1786790054532,XAUT_USDT,demo,0,stale_binance,0,0.000000000,0.500000000,0.000000000,0.000000000,0.229355168,0.000000000,0.000000000,1513.000,0.000,0.000
1786790054641,XAUT_USDT,demo,0,stale_binance,0,0.000000000,0.500000000,0.000000000,0.000000000,0.229355168,0.000000000,0.000000000,1622.000,1.000,1.000
1786790054761,XAUT_USDT,demo,0,stale_binance,0,0.000000000,0.500000000,0.000000000,0.000000000,0.229355168,0.000000000,0.000000000,1742.000,59.000,59.000
1786790054874,XAUT_USDT,demo,0,stale_binance,0,0.000000000,0.500000000,0.000000000,0.000000000,0.229355168,0.000000000,0.000000000,1855.000,172.000,172.000
1786790054997,XAUT_USDT,demo,0,microspread_below_threshold,0,0.000000000,0.500000000,-0.447252579,-0.447252579,0.229355168,0.000000000,0.000000000,0.000,34.000,34.000
1786790055109,XAUT_USDT,demo,0,microspread_below_threshold,0,0.000000000,0.500000000,-0.447252579,-0.447252579,0.229355168,0.000000000,0.000000000,112.000,56.000,56.000
1786790055258,XAUT_USDT,demo,0,microspread_below_threshold,0,0.000000000,0.500000000,-0.447252579,-0.447252579,0.229355168,0.000000000,0.000000000,261.000,122.000,122.000
1786790055389,XAUT_USDT,demo,0,stale_binance,0,0.000000000,0.500000000,0.000000000,0.000000000,0.229355168,0.000000000,0.000000000,392.000,253.000,253.000
1786790056570,XAUT_USDT,demo,0,stale_binance,0,0.000000000,0.500000000,0.000000000,0.000000000,0.229355168,0.000000000,0.000000000,1573.000,64.000,64.000
1786790056675,XAUT_USDT,demo,0,stale_binance,0,0.000000000,0.500000000,0.000000000,0.000000000,0.229355168,0.000000000,0.000000000,1678.000,0.000,0.000
1786790056792,XAUT_USDT,demo,0,stale_binance,0,0.000000000,0.500000000,0.000000000,0.000000000,0.229355168,0.000000000,0.000000000,1795.000,117.000,117.000
1786790056913,XAUT_USDT,demo,0,stale_binance,0,0.000000000,0.500000000,0.000000000,0.000000000,0.229355168,0.000000000,0.000000000,1916.000,238.000,238.000
1786790057027,XAUT_USDT,demo,0,stale_binance,0,0.000000000,0.500000000,0.000000000,0.000000000,0.229355168,0.000000000,0.000000000,2030.000,0.000,0.000
1786790057162,XAUT_USDT,demo,0,stale_binance,0,0.000000000,0.500000000,0.000000000,0.000000000,0.229355168,0.000000000,0.000000000,2165.000,54.000,54.000
1786790057314,XAUT_USDT,demo,0,stale_binance,0,0.000000000,0.500000000,0.000000000,0.000000000,0.229355168,0.000000000,0.000000000,2317.000,120.000,120.000
1786790057430,XAUT_USDT,demo,0,stale_binance,0,0.000000000,0.500000000,0.000000000,0.000000000,0.229355168,0.000000000,0.000000000,2433.000,236.000,236.000
1786790057541,XAUT_USDT,demo,0,stale_binance,0,0.000000000,0.500000000,0.000000000,0.000000000,0.229355168,0.000000000,0.000000000,2544.000,0.000,0.000
1786790057683,XAUT_USDT,demo,0,stale_binance,0,0.000000000,0.500000000,0.000000000,0.000000000,0.229355168,0.000000000,0.000000000,2686.000,55.000,55.000
1786790057841,XAUT_USDT,demo,0,stale_binance,0,0.000000000,0.500000000,0.000000000,0.000000000,0.229355168,0.000000000,0.000000000,2844.000,126.000,126.000
1786790057985,XAUT_USDT,demo,0,stale_binance,0,0.000000000,0.500000000,0.000000000,0.000000000,0.229355168,0.000000000,0.000000000,2988.000,0.000,0.000
1786790058113,XAUT_USDT,demo,0,stale_binance,0,0.000000000,0.500000000,0.000000000,0.000000000,0.229355168,0.000000000,0.000000000,3116.000,57.000,57.000
1786790058226,XAUT_USDT,demo,0,stale_binance,0,0.000000000,0.500000000,0.000000000,0.000000000,0.229355168,0.000000000,0.000000000,3229.000,0.000,0.000
1786790058355,XAUT_USDT,demo,0,stale_binance,0,0.000000000,0.500000000,0.000000000,0.000000000,0.229355168,0.000000000,0.000000000,3358.000,129.000,129.000
1786790058477,XAUT_USDT,demo,0,stale_binance,0,0.000000000,0.500000000,0.000000000,0.000000000,0.229355168,0.000000000,0.000000000,3480.000,251.000,251.000
1786790058629,XAUT_USDT,demo,0,stale_binance,0,0.000000000,0.500000000,0.000000000,0.000000000,0.229355168,0.000000000,0.000000000,3632.000,61.000,61.000
1786790058750,XAUT_USDT,demo,0,stale_binance,0,0.000000000,0.500000000,0.000000000,0.000000000,0.229355168,0.000000000,0.000000000,3753.000,1.000,1.000
1786790058878,XAUT_USDT,demo,0,stale_binance,0,0.000000000,0.500000000,0.000000000,0.000000000,0.229355168,0.000000000,0.000000000,3881.000,129.000,129.000
1786790059009,XAUT_USDT,demo,0,stale_binance,0,0.000000000,0.500000000,0.000000000,0.000000000,0.229355168,0.000000000,0.000000000,4012.000,0.000,0.000
1786790059109,XAUT_USDT,demo,0,stale_binance,0,0.000000000,0.500000000,0.000000000,0.000000000,0.229355168,0.000000000,0.000000000,4112.000,0.000,0.000
1786790059287,XAUT_USDT,demo,0,microspread_below_threshold,0,0.000000000,0.500000000,-0.447252579,-0.447252579,0.229355168,0.000000000,0.000000000,156.000,178.000,178.000
1786790059388,XAUT_USDT,demo,0,microspread_below_threshold,0,0.000000000,0.500000000,-0.447252579,-0.447252579,0.229355168,0.000000000,0.000000000,257.000,80.000,80.000
1786790059524,XAUT_USDT,demo,0,stale_binance,0,0.000000000,0.500000000,0.000000000,0.000000000,0.229355168,0.000000000,0.000000000,393.000,216.000,216.000
1786790059644,XAUT_USDT,demo,0,stale_binance,0,0.000000000,0.500000000,0.000000000,0.000000000,0.229355168,0.000000000,0.000000000,513.000,0.000,0.000
1786790059757,XAUT_USDT,demo,0,stale_binance,0,0.000000000,0.500000000,0.000000000,0.000000000,0.229355168,0.000000000,0.000000000,626.000,52.000,52.000
1786790059956,XAUT_USDT,demo,0,stale_binance,0,0.000000000,0.500000000,0.000000000,0.000000000,0.229355168,0.000000000,0.000000000,825.000,251.000,251.000
1786790060105,XAUT_USDT,demo,0,stale_binance,0,0.000000000,0.500000000,0.000000000,0.000000000,0.229355168,0.000000000,0.000000000,974.000,62.000,62.000
1786790060259,XAUT_USDT,demo,0,stale_binance,0,0.000000000,0.500000000,0.000000000,0.000000000,0.229355168,0.000000000,0.000000000,1128.000,126.000,126.000
1786790060377,XAUT_USDT,demo,0,stale_binance,0,0.000000000,0.500000000,0.000000000,0.000000000,0.229355168,0.000000000,0.000000000,1246.000,244.000,244.000
1786790061583,XAUT_USDT,demo,0,stale_binance,0,0.000000000,0.500000000,0.000000000,0.000000000,0.229355168,0.000000000,0.000000000,870.000,295.000,295.000
1786790061724,XAUT_USDT,demo,0,stale_binance,0,0.000000000,0.500000000,0.000000000,0.000000000,0.229355168,0.000000000,0.000000000,1011.000,55.000,55.000
1786790061862,XAUT_USDT,demo,0,stale_binance,0,0.000000000,0.500000000,0.000000000,0.000000000,0.229355168,0.000000000,0.000000000,1149.000,108.000,108.000
1786790061974,XAUT_USDT,demo,0,stale_binance,0,0.000000000,0.500000000,0.000000000,0.000000000,0.229355168,0.000000000,0.000000000,1261.000,220.000,220.000
1786790062090,XAUT_USDT,demo,0,stale_binance,0,0.000000000,0.500000000,0.000000000,0.000000000,0.229355168,0.000000000,0.000000000,1377.000,65.000,65.000
1786790062222,XAUT_USDT,demo,0,stale_binance,0,0.000000000,0.500000000,0.000000000,0.000000000,0.229355168,0.000000000,0.000000000,1509.000,124.000,124.000
1786790062340,XAUT_USDT,demo,0,stale_binance,0,0.000000000,0.500000000,0.000000000,0.000000000,0.229355168,0.000000000,0.000000000,1627.000,242.000,242.000
1786790062467,XAUT_USDT,demo,0,stale_binance,0,0.000000000,0.500000000,0.000000000,0.000000000,0.229355168,0.000000000,0.000000000,1754.000,369.000,369.000
1786790062592,XAUT_USDT,demo,0,stale_binance,0,0.000000000,0.500000000,0.000000000,0.000000000,0.229355168,0.000000000,0.000000000,1879.000,61.000,61.000
1786790062703,XAUT_USDT,demo,0,stale_binance,0,0.000000000,0.500000000,0.000000000,0.000000000,0.229355168,0.000000000,0.000000000,1990.000,1.000,1.000
1786790062846,XAUT_USDT,demo,0,stale_binance,0,0.000000000,0.500000000,0.000000000,0.000000000,0.229355168,0.000000000,0.000000000,2133.000,57.000,57.000
1786790062970,XAUT_USDT,demo,0,stale_binance,0,0.000000000,0.500000000,0.000000000,0.000000000,0.229355168,0.000000000,0.000000000,2257.000,181.000,181.000
1786790063104,XAUT_USDT,demo,0,stale_binance,0,0.000000000,0.500000000,0.000000000,0.000000000,0.229355168,0.000000000,0.000000000,2391.000,64.000,64.000
1786790063214,XAUT_USDT,demo,0,stale_binance,0,0.000000000,0.500000000,0.000000000,0.000000000,0.229355168,0.000000000,0.000000000,2501.000,62.000,62.000
1786790063360,XAUT_USDT,demo,0,stale_binance,0,0.000000000,0.500000000,0.000000000,0.000000000,0.229355168,0.000000000,0.000000000,2647.000,57.000,57.000
1786790063473,XAUT_USDT,demo,0,stale_binance,0,0.000000000,0.500000000,0.000000000,0.000000000,0.229355168,0.000000000,0.000000000,2760.000,0.000,0.000
1786790063582,XAUT_USDT,demo,0,stale_binance,0,0.000000000,0.500000000,0.000000000,0.000000000,0.229355168,0.000000000,0.000000000,2869.000,109.000,109.000
1786790063704,XAUT_USDT,demo,0,stale_binance,0,0.000000000,0.500000000,0.000000000,0.000000000,0.229355168,0.000000000,0.000000000,2991.000,54.000,54.000
1786790063843,XAUT_USDT,demo,0,stale_binance,0,0.000000000,0.500000000,0.000000000,0.000000000,0.229355168,0.000000000,0.000000000,3130.000,106.000,106.000
1786790063989,XAUT_USDT,demo,0,microspread_below_threshold,0,0.000000000,0.500000000,-0.447252579,-0.447252579,0.229355168,0.000000000,0.000000000,119.000,0.000,0.000
1786790064128,XAUT_USDT,demo,0,microspread_below_threshold,0,0.000000000,0.500000000,-0.447252579,-0.447252579,0.229355168,0.000000000,0.000000000,258.000,52.000,52.000
1786790064274,XAUT_USDT,demo,0,stale_binance,0,0.000000000,0.500000000,0.000000000,0.000000000,0.229355168,0.000000000,0.000000000,404.000,113.000,113.000
1786790064380,XAUT_USDT,demo,0,stale_binance,0,0.000000000,0.500000000,0.000000000,0.000000000,0.229355168,0.000000000,0.000000000,510.000,219.000,219.000
1786790064492,XAUT_USDT,demo,0,stale_binance,0,0.000000000,0.500000000,0.000000000,0.000000000,0.229355168,0.000000000,0.000000000,622.000,331.000,331.000
1786790064594,XAUT_USDT,demo,0,stale_binance,0,0.000000000,0.500000000,0.000000000,0.000000000,0.229355168,0.000000000,0.000000000,724.000,1.000,1.000
1786790064726,XAUT_USDT,demo,0,stale_binance,0,0.000000000,0.500000000,0.000000000,0.000000000,0.229355168,0.000000000,0.000000000,856.000,54.000,54.000
1786790064847,XAUT_USDT,demo,0,stale_binance,0,0.000000000,0.500000000,0.000000000,0.000000000,0.229355168,0.000000000,0.000000000,977.000,0.000,0.000
1786790064973,XAUT_USDT,demo,0,stale_binance,0,0.000000000,0.500000000,0.000000000,0.000000000,0.229355168,0.000000000,0.000000000,1103.000,126.000,126.000
1786790065100,XAUT_USDT,demo,0,stale_binance,0,0.000000000,0.500000000,0.000000000,0.000000000,0.229355168,0.000000000,0.000000000,1230.000,0.000,0.000
1786790065226,XAUT_USDT,demo,0,stale_binance,0,0.000000000,0.500000000,0.000000000,0.000000000,0.229355168,0.000000000,0.000000000,1356.000,126.000,126.000
1786790065355,XAUT_USDT,demo,0,stale_binance,0,0.000000000,0.500000000,0.000000000,0.000000000,0.229355168,0.000000000,0.000000000,1485.000,255.000,255.000
1786790066143,XAUT_USDT,demo,0,stale_binance,0,0.000000000,0.500000000,0.000000000,0.000000000,0.229355168,0.000000000,0.000000000,515.000,179.000,179.000
1786790066271,XAUT_USDT,demo,0,stale_binance,0,0.000000000,0.500000000,0.000000000,0.000000000,0.229355168,0.000000000,0.000000000,643.000,53.000,53.000
1786790066383,XAUT_USDT,demo,0,microspread_below_threshold,0,0.000000000,0.500000000,-0.447252579,-0.447252579,0.229355168,0.000000000,0.000000000,0.000,71.000,71.000
1786790066518,XAUT_USDT,demo,0,microspread_below_threshold,0,0.000000000,0.500000000,-0.447252579,-0.447252579,0.229355168,0.000000000,0.000000000,131.000,128.000,128.000
1786790066637,XAUT_USDT,demo,0,microspread_below_threshold,0,0.000000000,0.500000000,-0.447252579,-0.447252579,0.229355168,0.000000000,0.000000000,250.000,247.000,247.000
1786790066789,XAUT_USDT,demo,0,stale_binance,0,0.000000000,0.500000000,0.000000000,0.000000000,0.229355168,0.000000000,0.000000000,402.000,58.000,58.000
1786790066933,XAUT_USDT,demo,0,stale_binance,0,0.000000000,0.500000000,0.000000000,0.000000000,0.229355168,0.000000000,0.000000000,546.000,109.000,109.000
1786790067056,XAUT_USDT,demo,0,stale_binance,0,0.000000000,0.500000000,0.000000000,0.000000000,0.229355168,0.000000000,0.000000000,669.000,232.000,232.000
1786790067207,XAUT_USDT,demo,0,stale_binance,0,0.000000000,0.500000000,0.000000000,0.000000000,0.229355168,0.000000000,0.000000000,820.000,114.000,114.000
1786790067383,XAUT_USDT,demo,0,stale_binance,0,0.000000000,0.500000000,0.000000000,0.000000000,0.229355168,0.000000000,0.000000000,996.000,135.000,135.000
1786790067503,XAUT_USDT,demo,0,stale_binance,0,0.000000000,0.500000000,0.000000000,0.000000000,0.229355168,0.000000000,0.000000000,1116.000,0.000,0.000
1786790067649,XAUT_USDT,demo,0,stale_binance,0,0.000000000,0.500000000,0.000000000,0.000000000,0.229355168,0.000000000,0.000000000,1262.000,62.000,62.000
1786790067763,XAUT_USDT,demo,0,stale_binance,0,0.000000000,0.500000000,0.000000000,0.000000000,0.229355168,0.000000000,0.000000000,1376.000,176.000,176.000
1786790067883,XAUT_USDT,demo,0,stale_binance,0,0.000000000,0.500000000,0.000000000,0.000000000,0.229355168,0.000000000,0.000000000,1496.000,114.000,114.000
1786790068005,XAUT_USDT,demo,0,stale_binance,0,0.000000000,0.500000000,0.000000000,0.000000000,0.229355168,0.000000000,0.000000000,1618.000,236.000,236.000
1786790068157,XAUT_USDT,demo,0,stale_binance,0,0.000000000,0.500000000,0.000000000,0.000000000,0.229355168,0.000000000,0.000000000,1770.000,54.000,54.000
1786790068271,XAUT_USDT,demo,0,stale_binance,0,0.000000000,0.500000000,0.000000000,0.000000000,0.229355168,0.000000000,0.000000000,1884.000,168.000,168.000
1786790068435,XAUT_USDT,demo,0,stale_binance,0,0.000000000,0.500000000,0.000000000,0.000000000,0.229355168,0.000000000,0.000000000,2048.000,332.000,332.000
1786790068551,XAUT_USDT,demo,0,stale_binance,0,0.000000000,0.500000000,0.000000000,0.000000000,0.229355168,0.000000000,0.000000000,2164.000,0.000,0.000
1786790068676,XAUT_USDT,demo,0,stale_binance,0,0.000000000,0.500000000,0.000000000,0.000000000,0.229355168,0.000000000,0.000000000,2289.000,56.000,56.000
1786790068800,XAUT_USDT,demo,0,stale_binance,0,0.000000000,0.500000000,0.000000000,0.000000000,0.229355168,0.000000000,0.000000000,2413.000,1.000,1.000
1786790068913,XAUT_USDT,demo,0,stale_binance,0,0.000000000,0.500000000,0.000000000,0.000000000,0.229355168,0.000000000,0.000000000,2526.000,114.000,114.000
1786790069030,XAUT_USDT,demo,0,stale_binance,0,0.000000000,0.500000000,0.000000000,0.000000000,0.229355168,0.000000000,0.000000000,2643.000,65.000,65.000
1786790069134,XAUT_USDT,demo,0,microspread_below_threshold,0,0.000000000,0.500000000,-0.447252579,-0.447252579,0.229355168,0.000000000,0.000000000,0.000,0.000,0.000
1786790069286,XAUT_USDT,demo,0,microspread_below_threshold,0,0.000000000,0.500000000,-0.447252579,-0.447252579,0.229355168,0.000000000,0.000000000,142.000,63.000,63.000
1786790069422,XAUT_USDT,demo,0,microspread_below_threshold,0,0.000000000,0.500000000,-0.447252579,-0.447252579,0.229355168,0.000000000,0.000000000,278.000,199.000,199.000
1786790069562,XAUT_USDT,demo,0,stale_binance,0,0.000000000,0.500000000,0.000000000,0.000000000,0.229355168,0.000000000,0.000000000,418.000,73.000,73.000
1786790069686,XAUT_USDT,demo,0,stale_binance,0,0.000000000,0.500000000,0.000000000,0.000000000,0.229355168,0.000000000,0.000000000,542.000,117.000,117.000
1786790069793,XAUT_USDT,demo,0,stale_binance,0,0.000000000,0.500000000,0.000000000,0.000000000,0.229355168,0.000000000,0.000000000,649.000,55.000,55.000
1786790069932,XAUT_USDT,demo,0,stale_binance,0,0.000000000,0.500000000,0.000000000,0.000000000,0.229355168,0.000000000,0.000000000,788.000,194.000,194.000
1786790070054,XAUT_USDT,demo,0,stale_binance,0,0.000000000,0.500000000,0.000000000,0.000000000,0.229355168,0.000000000,0.000000000,910.000,56.000,56.000
1786790070194,XAUT_USDT,demo,0,stale_binance,0,0.000000000,0.500000000,0.000000000,0.000000000,0.229355168,0.000000000,0.000000000,1050.000,1.000,1.000
1786790070302,XAUT_USDT,demo,0,microspread_below_threshold,0,0.000000000,0.500000000,-0.447252579,-0.447252579,0.229355168,0.000000000,0.000000000,0.000,109.000,109.000
1786790070442,XAUT_USDT,demo,0,microspread_below_threshold,0,0.000000000,0.500000000,-0.447252579,-0.447252579,0.229355168,0.000000000,0.000000000,140.000,249.000,249.000
1786790071183,XAUT_USDT,demo,0,stale_binance,0,0.000000000,0.500000000,0.000000000,0.000000000,0.229355168,0.000000000,0.000000000,522.000,73.000,73.000
1786790071354,XAUT_USDT,demo,0,stale_binance,0,0.000000000,0.500000000,0.000000000,0.000000000,0.229355168,0.000000000,0.000000000,693.000,73.000,73.000
1786790071463,XAUT_USDT,demo,0,stale_binance,0,0.000000000,0.500000000,0.000000000,0.000000000,0.229355168,0.000000000,0.000000000,802.000,0.000,0.000
1786790071605,XAUT_USDT,demo,0,stale_binance,0,0.000000000,0.500000000,0.000000000,0.000000000,0.229355168,0.000000000,0.000000000,944.000,60.000,60.000
1786790071711,XAUT_USDT,demo,0,stale_binance,0,0.000000000,0.500000000,0.000000000,0.000000000,0.229355168,0.000000000,0.000000000,1050.000,1.000,1.000
1786790071838,XAUT_USDT,demo,0,microspread_below_threshold,0,0.000000000,0.500000000,-0.447252579,-0.447252579,0.229355168,0.000000000,0.000000000,121.000,128.000,128.000
1786790071956,XAUT_USDT,demo,0,microspread_below_threshold,0,0.000000000,0.500000000,-0.447252579,-0.447252579,0.229355168,0.000000000,0.000000000,239.000,246.000,246.000
1786790072061,XAUT_USDT,demo,0,microspread_below_threshold,0,0.000000000,0.500000000,-0.447252579,-0.447252579,0.229355168,0.000000000,0.000000000,15.000,1.000,1.000
1786790072195,XAUT_USDT,demo,0,microspread_below_threshold,0,0.000000000,0.500000000,-0.447252579,-0.447252579,0.229355168,0.000000000,0.000000000,149.000,54.000,54.000
1786790072311,XAUT_USDT,demo,0,microspread_below_threshold,0,0.000000000,0.500000000,-0.447252579,-0.447252579,0.229355168,0.000000000,0.000000000,265.000,170.000,170.000
1786790072427,XAUT_USDT,demo,0,stale_binance,0,0.000000000,0.500000000,0.000000000,0.000000000,0.229355168,0.000000000,0.000000000,381.000,114.000,114.000
1786790072549,XAUT_USDT,demo,0,stale_binance,0,0.000000000,0.500000000,0.000000000,0.000000000,0.229355168,0.000000000,0.000000000,503.000,236.000,236.000
1786790072679,XAUT_USDT,demo,0,stale_binance,0,0.000000000,0.500000000,0.000000000,0.000000000,0.229355168,0.000000000,0.000000000,633.000,107.000,107.000
1786790072812,XAUT_USDT,demo,0,stale_binance,0,0.000000000,0.500000000,0.000000000,0.000000000,0.229355168,0.000000000,0.000000000,766.000,63.000,63.000
1786790072946,XAUT_USDT,demo,0,stale_binance,0,0.000000000,0.500000000,0.000000000,0.000000000,0.229355168,0.000000000,0.000000000,900.000,112.000,112.000
1786790073090,XAUT_USDT,demo,0,stale_binance,0,0.000000000,0.500000000,0.000000000,0.000000000,0.229355168,0.000000000,0.000000000,1044.000,0.000,0.000
1786790073207,XAUT_USDT,demo,0,stale_binance,0,0.000000000,0.500000000,0.000000000,0.000000000,0.229355168,0.000000000,0.000000000,1161.000,117.000,117.000
1786790073325,XAUT_USDT,demo,0,stale_binance,0,0.000000000,0.500000000,0.000000000,0.000000000,0.229355168,0.000000000,0.000000000,1279.000,235.000,235.000
1786790073472,XAUT_USDT,demo,0,stale_binance,0,0.000000000,0.500000000,0.000000000,0.000000000,0.229355168,0.000000000,0.000000000,1426.000,124.000,124.000
1786790073574,XAUT_USDT,demo,0,stale_binance,0,0.000000000,0.500000000,0.000000000,0.000000000,0.229355168,0.000000000,0.000000000,1528.000,58.000,58.000
1786790073675,XAUT_USDT,demo,0,stale_binance,0,0.000000000,0.500000000,0.000000000,0.000000000,0.229355168,0.000000000,0.000000000,1629.000,64.000,64.000
1786790073791,XAUT_USDT,demo,0,stale_binance,0,0.000000000,0.500000000,0.000000000,0.000000000,0.229355168,0.000000000,0.000000000,1745.000,0.000,0.000
1786790073922,XAUT_USDT,demo,0,stale_binance,0,0.000000000,0.500000000,0.000000000,0.000000000,0.229355168,0.000000000,0.000000000,1876.000,59.000,59.000
1786790074023,XAUT_USDT,demo,0,microspread_below_threshold,0,0.000000000,0.500000000,-0.447252579,-0.447252579,0.229355168,0.000000000,0.000000000,0.000,70.000,70.000
1786790074173,XAUT_USDT,demo,0,microspread_below_threshold,0,0.000000000,0.500000000,-0.447252579,-0.447252579,0.229355168,0.000000000,0.000000000,150.000,56.000,56.000
1786790074310,XAUT_USDT,demo,0,microspread_below_threshold,0,0.000000000,0.500000000,-0.447252579,-0.447252579,0.229355168,0.000000000,0.000000000,52.000,193.000,193.000
1786790074433,XAUT_USDT,demo,0,microspread_below_threshold,0,0.000000000,0.500000000,-0.447252579,-0.447252579,0.229355168,0.000000000,0.000000000,175.000,316.000,316.000
1786790074543,XAUT_USDT,demo,0,microspread_below_threshold,0,0.000000000,0.500000000,-0.447252579,-0.447252579,0.229355168,0.000000000,0.000000000,285.000,426.000,426.000
1786790074654,XAUT_USDT,demo,0,stale_binance,0,0.000000000,0.500000000,0.000000000,0.000000000,0.229355168,0.000000000,0.000000000,396.000,0.000,0.000
1786790074771,XAUT_USDT,demo,0,stale_binance,0,0.000000000,0.500000000,0.000000000,0.000000000,0.229355168,0.000000000,0.000000000,513.000,54.000,54.000
1786790074925,XAUT_USDT,demo,0,microspread_below_threshold,0,0.000000000,0.500000000,-0.447252579,-0.447252579,0.229355168,0.000000000,0.000000000,144.000,114.000,114.000
1786790075056,XAUT_USDT,demo,0,microspread_below_threshold,0,0.000000000,0.500000000,-0.447252579,-0.447252579,0.229355168,0.000000000,0.000000000,275.000,245.000,245.000
1786790075206,XAUT_USDT,demo,0,stale_binance,0,0.000000000,0.500000000,0.000000000,0.000000000,0.229355168,0.000000000,0.000000000,425.000,53.000,53.000
1786790075328,XAUT_USDT,demo,0,stale_binance,0,0.000000000,0.500000000,0.000000000,0.000000000,0.229355168,0.000000000,0.000000000,547.000,0.000,0.000
1786790075441,XAUT_USDT,demo,0,stale_binance,0,0.000000000,0.500000000,0.000000000,0.000000000,0.229355168,0.000000000,0.000000000,660.000,113.000,113.000
1786790076215,XAUT_USDT,demo,0,stale_binance,0,0.000000000,0.500000000,0.000000000,0.000000000,0.229355168,0.000000000,0.000000000,1434.000,125.000,125.000
1786790076318,XAUT_USDT,demo,0,stale_binance,0,0.000000000,0.500000000,0.000000000,0.000000000,0.229355168,0.000000000,0.000000000,1537.000,57.000,57.000
1786790076440,XAUT_USDT,demo,0,stale_binance,0,0.000000000,0.500000000,0.000000000,0.000000000,0.229355168,0.000000000,0.000000000,1659.000,179.000,179.000
1786790076580,XAUT_USDT,demo,0,stale_binance,0,0.000000000,0.500000000,0.000000000,0.000000000,0.229355168,0.000000000,0.000000000,1799.000,62.000,62.000
1786790076693,XAUT_USDT,demo,0,stale_binance,0,0.000000000,0.500000000,0.000000000,0.000000000,0.229355168,0.000000000,0.000000000,1912.000,0.000,0.000
1786790076844,XAUT_USDT,demo,0,stale_binance,0,0.000000000,0.500000000,0.000000000,0.000000000,0.229355168,0.000000000,0.000000000,2063.000,56.000,56.000
1786790076954,XAUT_USDT,demo,0,stale_binance,0,0.000000000,0.500000000,0.000000000,0.000000000,0.229355168,0.000000000,0.000000000,2173.000,0.000,0.000
1786790077108,XAUT_USDT,demo,0,stale_binance,0,0.000000000,0.500000000,0.000000000,0.000000000,0.229355168,0.000000000,0.000000000,2327.000,64.000,64.000
1786790077225,XAUT_USDT,demo,0,stale_binance,0,0.000000000,0.500000000,0.000000000,0.000000000,0.229355168,0.000000000,0.000000000,2444.000,181.000,181.000
1786790077357,XAUT_USDT,demo,0,stale_binance,0,0.000000000,0.500000000,0.000000000,0.000000000,0.229355168,0.000000000,0.000000000,2576.000,61.000,61.000
1786790077480,XAUT_USDT,demo,0,stale_binance,0,0.000000000,0.500000000,0.000000000,0.000000000,0.229355168,0.000000000,0.000000000,2699.000,184.000,184.000
1786790077637,XAUT_USDT,demo,0,microspread_below_threshold,0,0.000000000,0.500000000,-0.447252579,-0.447252579,0.229355168,0.000000000,0.000000000,121.000,341.000,341.000
1786790077785,XAUT_USDT,demo,0,microspread_below_threshold,0,0.000000000,0.500000000,-0.447252579,-0.447252579,0.229355168,0.000000000,0.000000000,269.000,62.000,62.000
1786790077899,XAUT_USDT,demo,0,stale_binance,0,0.000000000,0.500000000,0.000000000,0.000000000,0.229355168,0.000000000,0.000000000,383.000,176.000,176.000
1786790078037,XAUT_USDT,demo,0,microspread_below_threshold,0,0.000000000,0.500000000,-0.447252579,-0.447252579,0.229355168,0.000000000,0.000000000,113.000,314.000,314.000
1786790078156,XAUT_USDT,demo,0,microspread_below_threshold,0,0.000000000,0.500000000,-0.447252579,-0.447252579,0.229355168,0.000000000,0.000000000,232.000,0.000,0.000
1786790078281,XAUT_USDT,demo,0,stale_binance,0,0.000000000,0.500000000,0.000000000,0.000000000,0.229355168,0.000000000,0.000000000,357.000,125.000,125.000
1786790078407,XAUT_USDT,demo,0,stale_binance,0,0.000000000,0.500000000,0.000000000,0.000000000,0.229355168,0.000000000,0.000000000,483.000,251.000,251.000
1786790078557,XAUT_USDT,demo,0,stale_binance,0,0.000000000,0.500000000,0.000000000,0.000000000,0.229355168,0.000000000,0.000000000,633.000,57.000,57.000
1786790078679,XAUT_USDT,demo,0,stale_binance,0,0.000000000,0.500000000,0.000000000,0.000000000,0.229355168,0.000000000,0.000000000,755.000,0.000,0.000
1786790078784,XAUT_USDT,demo,0,stale_binance,0,0.000000000,0.500000000,0.000000000,0.000000000,0.229355168,0.000000000,0.000000000,860.000,0.000,0.000
1786790078919,XAUT_USDT,demo,0,stale_binance,0,0.000000000,0.500000000,0.000000000,0.000000000,0.229355168,0.000000000,0.000000000,995.000,54.000,54.000
1786790079072,XAUT_USDT,demo,0,stale_binance,0,0.000000000,0.500000000,0.000000000,0.000000000,0.229355168,0.000000000,0.000000000,1148.000,55.000,55.000
1786790079189,XAUT_USDT,demo,0,microspread_below_threshold,0,0.000000000,0.500000000,-0.447252579,-0.447252579,0.229355168,0.000000000,0.000000000,39.000,0.000,0.000
1786790079327,XAUT_USDT,demo,0,microspread_below_threshold,0,0.000000000,0.500000000,-0.447252579,-0.447252579,0.229355168,0.000000000,0.000000000,177.000,57.000,57.000
1786790079470,XAUT_USDT,demo,0,stale_binance,0,0.000000000,0.500000000,0.000000000,0.000000000,0.229355168,0.000000000,0.000000000,320.000,114.000,114.000
1786790079589,XAUT_USDT,demo,0,stale_binance,0,0.000000000,0.500000000,0.000000000,0.000000000,0.229355168,0.000000000,0.000000000,439.000,55.000,55.000
1786790079721,XAUT_USDT,demo,0,stale_binance,0,0.000000000,0.500000000,0.000000000,0.000000000,0.229355168,0.000000000,0.000000000,571.000,106.000,106.000
1786790079846,XAUT_USDT,demo,0,stale_binance,0,0.000000000,0.500000000,0.000000000,0.000000000,0.229355168,0.000000000,0.000000000,696.000,63.000,63.000
1786790079967,XAUT_USDT,demo,0,stale_binance,0,0.000000000,0.500000000,0.000000000,0.000000000,0.229355168,0.000000000,0.000000000,817.000,184.000,184.000
1786790080106,XAUT_USDT,demo,0,stale_binance,0,0.000000000,0.500000000,0.000000000,0.000000000,0.229355168,0.000000000,0.000000000,956.000,63.000,63.000
1786790080252,XAUT_USDT,demo,0,stale_binance,0,0.000000000,0.500000000,0.000000000,0.000000000,0.229355168,0.000000000,0.000000000,1102.000,120.000,120.000
1786790080356,XAUT_USDT,demo,0,stale_binance,0,0.000000000,0.500000000,0.000000000,0.000000000,0.229355168,0.000000000,0.000000000,1206.000,58.000,58.000
1786790080481,XAUT_USDT,demo,0,stale_binance,0,0.000000000,0.500000000,0.000000000,0.000000000,0.229355168,0.000000000,0.000000000,1331.000,183.000,183.000
1786790081383,XAUT_USDT,demo,0,stale_binance,0,0.000000000,0.500000000,0.000000000,0.000000000,0.229355168,0.000000000,0.000000000,2233.000,127.000,127.000
1786790081501,XAUT_USDT,demo,0,stale_binance,0,0.000000000,0.500000000,0.000000000,0.000000000,0.229355168,0.000000000,0.000000000,2351.000,245.000,245.000
1786790081650,XAUT_USDT,demo,0,stale_binance,0,0.000000000,0.500000000,0.000000000,0.000000000,0.229355168,0.000000000,0.000000000,2500.000,61.000,61.000
1786790081766,XAUT_USDT,demo,0,stale_binance,0,0.000000000,0.500000000,0.000000000,0.000000000,0.229355168,0.000000000,0.000000000,2616.000,0.000,0.000
1786790081869,XAUT_USDT,demo,0,stale_binance,0,0.000000000,0.500000000,0.000000000,0.000000000,0.229355168,0.000000000,0.000000000,2719.000,0.000,0.000
1786790081997,XAUT_USDT,demo,0,stale_binance,0,0.000000000,0.500000000,0.000000000,0.000000000,0.229355168,0.000000000,0.000000000,2847.000,128.000,128.000
1786790082105,XAUT_USDT,demo,0,stale_binance,0,0.000000000,0.500000000,0.000000000,0.000000000,0.229355168,0.000000000,0.000000000,2955.000,1.000,1.000
1786790082241,XAUT_USDT,demo,0,stale_binance,0,0.000000000,0.500000000,0.000000000,0.000000000,0.229355168,0.000000000,0.000000000,3091.000,53.000,53.000
1786790082360,XAUT_USDT,demo,0,stale_binance,0,0.000000000,0.500000000,0.000000000,0.000000000,0.229355168,0.000000000,0.000000000,3210.000,0.000,0.000
1786790082501,XAUT_USDT,demo,0,stale_binance,0,0.000000000,0.500000000,0.000000000,0.000000000,0.229355168,0.000000000,0.000000000,3351.000,141.000,141.000
1786790082618,XAUT_USDT,demo,0,stale_binance,0,0.000000000,0.500000000,0.000000000,0.000000000,0.229355168,0.000000000,0.000000000,3468.000,0.000,0.000
1786790082766,XAUT_USDT,demo,0,stale_binance,0,0.000000000,0.500000000,0.000000000,0.000000000,0.229355168,0.000000000,0.000000000,3616.000,62.000,62.000
1786790082891,XAUT_USDT,demo,0,stale_binance,0,0.000000000,0.500000000,0.000000000,0.000000000,0.229355168,0.000000000,0.000000000,3741.000,187.000,187.000
1786790083015,XAUT_USDT,demo,0,stale_binance,0,0.000000000,0.500000000,0.000000000,0.000000000,0.229355168,0.000000000,0.000000000,3865.000,311.000,311.000
1786790083120,XAUT_USDT,demo,0,stale_binance,0,0.000000000,0.500000000,0.000000000,0.000000000,0.229355168,0.000000000,0.000000000,3970.000,65.000,65.000
1786790083234,XAUT_USDT,demo,0,stale_binance,0,0.000000000,0.500000000,0.000000000,0.000000000,0.229355168,0.000000000,0.000000000,4084.000,1.000,1.000
1786790083349,XAUT_USDT,demo,0,stale_binance,0,0.000000000,0.500000000,0.000000000,0.000000000,0.229355168,0.000000000,0.000000000,4199.000,116.000,116.000
1786790083473,XAUT_USDT,demo,0,stale_binance,0,0.000000000,0.500000000,0.000000000,0.000000000,0.229355168,0.000000000,0.000000000,4323.000,240.000,240.000
1786790083621,XAUT_USDT,demo,0,stale_binance,0,0.000000000,0.500000000,0.000000000,0.000000000,0.229355168,0.000000000,0.000000000,4471.000,58.000,58.000
1786790083735,XAUT_USDT,demo,0,stale_binance,0,0.000000000,0.500000000,0.000000000,0.000000000,0.229355168,0.000000000,0.000000000,4585.000,1.000,1.000
1786790083866,XAUT_USDT,demo,0,stale_binance,0,0.000000000,0.500000000,0.000000000,0.000000000,0.229355168,0.000000000,0.000000000,4716.000,132.000,132.000
1786790083990,XAUT_USDT,demo,0,stale_binance,0,0.000000000,0.500000000,0.000000000,0.000000000,0.229355168,0.000000000,0.000000000,4840.000,256.000,256.000
1786790084146,XAUT_USDT,demo,0,stale_binance,0,0.000000000,0.500000000,0.000000000,0.000000000,0.229355168,0.000000000,0.000000000,4996.000,62.000,62.000
1786790084285,XAUT_USDT,demo,0,microspread_below_threshold,0,0.000000000,0.500000000,-0.447252579,-0.447252579,0.229355168,0.000000000,0.000000000,122.000,124.000,124.000
1786790084409,XAUT_USDT,demo,0,microspread_below_threshold,0,0.000000000,0.500000000,-0.447252579,-0.447252579,0.229355168,0.000000000,0.000000000,246.000,65.000,65.000
1786790084509,XAUT_USDT,demo,0,stale_binance,0,0.000000000,0.500000000,0.000000000,0.000000000,0.229355168,0.000000000,0.000000000,346.000,0.000,0.000
1786790084615,XAUT_USDT,demo,0,microspread_below_threshold,0,0.000000000,0.500000000,-0.447252579,-0.447252579,0.229355168,0.000000000,0.000000000,0.000,27.000,27.000
1786790084734,XAUT_USDT,demo,0,microspread_below_threshold,0,0.000000000,0.500000000,-0.447252579,-0.447252579,0.229355168,0.000000000,0.000000000,116.000,62.000,62.000
1786790084892,XAUT_USDT,demo,0,microspread_below_threshold,0,0.000000000,0.500000000,-0.447252579,-0.447252579,0.229355168,0.000000000,0.000000000,274.000,128.000,128.000
1786790085004,XAUT_USDT,demo,0,stale_binance,0,0.000000000,0.500000000,0.000000000,0.000000000,0.229355168,0.000000000,0.000000000,386.000,240.000,240.000
1786790085117,XAUT_USDT,demo,0,stale_binance,0,0.000000000,0.500000000,0.000000000,0.000000000,0.229355168,0.000000000,0.000000000,499.000,0.000,0.000
1786790085242,XAUT_USDT,demo,0,stale_binance,0,0.000000000,0.500000000,0.000000000,0.000000000,0.229355168,0.000000000,0.000000000,624.000,125.000,125.000
1786790085396,XAUT_USDT,demo,0,stale_binance,0,0.000000000,0.500000000,0.000000000,0.000000000,0.229355168,0.000000000,0.000000000,778.000,121.000,121.000
1786790085523,XAUT_USDT,demo,0,stale_binance,0,0.000000000,0.500000000,0.000000000,0.000000000,0.229355168,0.000000000,0.000000000,905.000,248.000,248.000
1786790086259,XAUT_USDT,demo,0,stale_binance,0,0.000000000,0.500000000,0.000000000,0.000000000,0.229355168,0.000000000,0.000000000,1641.000,125.000,125.000
1786790086380,XAUT_USDT,demo,0,stale_binance,0,0.000000000,0.500000000,0.000000000,0.000000000,0.229355168,0.000000000,0.000000000,1762.000,63.000,63.000
1786790086503,XAUT_USDT,demo,0,stale_binance,0,0.000000000,0.500000000,0.000000000,0.000000000,0.229355168,0.000000000,0.000000000,1885.000,186.000,186.000
1786790086628,XAUT_USDT,demo,0,stale_binance,0,0.000000000,0.500000000,0.000000000,0.000000000,0.229355168,0.000000000,0.000000000,2010.000,311.000,311.000
1786790086735,XAUT_USDT,demo,0,stale_binance,0,0.000000000,0.500000000,0.000000000,0.000000000,0.229355168,0.000000000,0.000000000,2117.000,0.000,0.000
1786790086887,XAUT_USDT,demo,0,stale_binance,0,0.000000000,0.500000000,0.000000000,0.000000000,0.229355168,0.000000000,0.000000000,2269.000,63.000,63.000
1786790087003,XAUT_USDT,demo,0,stale_binance,0,0.000000000,0.500000000,0.000000000,0.000000000,0.229355168,0.000000000,0.000000000,2385.000,179.000,179.000
1786790087139,XAUT_USDT,demo,0,stale_binance,0,0.000000000,0.500000000,0.000000000,0.000000000,0.229355168,0.000000000,0.000000000,2521.000,56.000,56.000
1786790087253,XAUT_USDT,demo,0,stale_binance,0,0.000000000,0.500000000,0.000000000,0.000000000,0.229355168,0.000000000,0.000000000,2635.000,0.000,0.000
1786790087400,XAUT_USDT,demo,0,stale_binance,0,0.000000000,0.500000000,0.000000000,0.000000000,0.229355168,0.000000000,0.000000000,2782.000,64.000,64.000
1786790087509,XAUT_USDT,demo,0,stale_binance,0,0.000000000,0.500000000,0.000000000,0.000000000,0.229355168,0.000000000,0.000000000,2891.000,1.000,1.000
1786790087644,XAUT_USDT,demo,0,stale_binance,0,0.000000000,0.500000000,0.000000000,0.000000000,0.229355168,0.000000000,0.000000000,3026.000,136.000,136.000
1786790087766,XAUT_USDT,demo,0,stale_binance,0,0.000000000,0.500000000,0.000000000,0.000000000,0.229355168,0.000000000,0.000000000,3148.000,258.000,258.000
1786790087891,XAUT_USDT,demo,0,stale_binance,0,0.000000000,0.500000000,0.000000000,0.000000000,0.229355168,0.000000000,0.000000000,3273.000,123.000,123.000
1786790088017,XAUT_USDT,demo,0,stale_binance,0,0.000000000,0.500000000,0.000000000,0.000000000,0.229355168,0.000000000,0.000000000,3399.000,249.000,249.000
1786790088172,XAUT_USDT,demo,0,microspread_below_threshold,0,0.000000000,0.500000000,-0.447252579,-0.447252579,0.229355168,0.000000000,0.000000000,0.000,56.000,56.000
1786790088317,XAUT_USDT,demo,0,microspread_below_threshold,0,0.000000000,0.500000000,-0.447252579,-0.447252579,0.229355168,0.000000000,0.000000000,132.000,123.000,123.000
1786790088448,XAUT_USDT,demo,0,microspread_below_threshold,0,0.000000000,0.500000000,-0.447252579,-0.447252579,0.229355168,0.000000000,0.000000000,53.000,82.000,82.000
1786790088600,XAUT_USDT,demo,0,microspread_below_threshold,0,0.000000000,0.500000000,-0.447252579,-0.447252579,0.229355168,0.000000000,0.000000000,205.000,61.000,61.000
1786790088711,XAUT_USDT,demo,0,stale_binance,0,0.000000000,0.500000000,0.000000000,0.000000000,0.229355168,0.000000000,0.000000000,316.000,1.000,1.000
1786790088822,XAUT_USDT,demo,0,stale_binance,0,0.000000000,0.500000000,0.000000000,0.000000000,0.229355168,0.000000000,0.000000000,427.000,112.000,112.000
1786790088978,XAUT_USDT,demo,0,microspread_below_threshold,0,0.000000000,0.500000000,-0.447252579,-0.447252579,0.229355168,0.000000000,0.000000000,60.000,268.000,268.000
1786790089117,XAUT_USDT,demo,0,microspread_below_threshold,0,0.000000000,0.500000000,-0.447252579,-0.447252579,0.229355168,0.000000000,0.000000000,199.000,59.000,59.000
1786790089227,XAUT_USDT,demo,0,microspread_below_threshold,0,0.000000000,0.500000000,-0.447252579,-0.447252579,0.229355168,0.000000000,0.000000000,63.000,1.000,1.000
1786790089349,XAUT_USDT,demo,0,microspread_below_threshold,0,0.000000000,0.500000000,-0.447252579,-0.447252579,0.229355168,0.000000000,0.000000000,185.000,123.000,123.000
1786790089469,XAUT_USDT,demo,0,stale_binance,0,0.000000000,0.500000000,0.000000000,0.000000000,0.229355168,0.000000000,0.000000000,305.000,243.000,243.000
1786790089620,XAUT_USDT,demo,0,stale_binance,0,0.000000000,0.500000000,0.000000000,0.000000000,0.229355168,0.000000000,0.000000000,456.000,52.000,52.000
1786790089743,XAUT_USDT,demo,0,stale_binance,0,0.000000000,0.500000000,0.000000000,0.000000000,0.229355168,0.000000000,0.000000000,579.000,0.000,0.000
1786790089885,XAUT_USDT,demo,0,stale_binance,0,0.000000000,0.500000000,0.000000000,0.000000000,0.229355168,0.000000000,0.000000000,721.000,54.000,54.000
1786790090000,XAUT_USDT,demo,0,stale_binance,0,0.000000000,0.500000000,0.000000000,0.000000000,0.229355168,0.000000000,0.000000000,836.000,0.000,0.000
1786790090105,XAUT_USDT,demo,0,stale_binance,0,0.000000000,0.500000000,0.000000000,0.000000000,0.229355168,0.000000000,0.000000000,941.000,0.000,0.000
1786790090235,XAUT_USDT,demo,0,stale_binance,0,0.000000000,0.500000000,0.000000000,0.000000000,0.229355168,0.000000000,0.000000000,1071.000,52.000,52.000
1786790090342,XAUT_USDT,demo,0,stale_binance,0,0.000000000,0.500000000,0.000000000,0.000000000,0.229355168,0.000000000,0.000000000,1178.000,1.000,1.000
1786790090462,XAUT_USDT,demo,0,stale_binance,0,0.000000000,0.500000000,0.000000000,0.000000000,0.229355168,0.000000000,0.000000000,1298.000,121.000,121.000
1786790090587,XAUT_USDT,demo,0,stale_binance,0,0.000000000,0.500000000,0.000000000,0.000000000,0.229355168,0.000000000,0.000000000,1423.000,246.000,246.000
1786790091500,XAUT_USDT,demo,0,microspread_below_threshold,0,0.000000000,0.500000000,-0.447252579,-0.447252579,0.229355168,0.000000000,0.000000000,67.000,217.000,217.000
1786790091617,XAUT_USDT,demo,0,microspread_below_threshold,0,0.000000000,0.500000000,-0.447252579,-0.447252579,0.229355168,0.000000000,0.000000000,184.000,334.000,334.000
1786790091769,XAUT_USDT,demo,0,stale_binance,0,0.000000000,0.500000000,0.000000000,0.000000000,0.229355168,0.000000000,0.000000000,336.000,60.000,60.000
1786790091895,XAUT_USDT,demo,0,stale_binance,0,0.000000000,0.500000000,0.000000000,0.000000000,0.229355168,0.000000000,0.000000000,462.000,186.000,186.000
1786790092012,XAUT_USDT,demo,0,stale_binance,0,0.000000000,0.500000000,0.000000000,0.000000000,0.229355168,0.000000000,0.000000000,579.000,303.000,303.000
1786790092121,XAUT_USDT,demo,0,stale_binance,0,0.000000000,0.500000000,0.000000000,0.000000000,0.229355168,0.000000000,0.000000000,688.000,66.000,66.000
1786790092231,XAUT_USDT,demo,0,stale_binance,0,0.000000000,0.500000000,0.000000000,0.000000000,0.229355168,0.000000000,0.000000000,798.000,1.000,1.000
1786790092375,XAUT_USDT,demo,0,stale_binance,0,0.000000000,0.500000000,0.000000000,0.000000000,0.229355168,0.000000000,0.000000000,942.000,61.000,61.000
1786790092498,XAUT_USDT,demo,0,stale_binance,0,0.000000000,0.500000000,0.000000000,0.000000000,0.229355168,0.000000000,0.000000000,1065.000,184.000,184.000
1786790092623,XAUT_USDT,demo,0,stale_binance,0,0.000000000,0.500000000,0.000000000,0.000000000,0.229355168,0.000000000,0.000000000,1190.000,51.000,51.000
1786790092745,XAUT_USDT,demo,0,stale_binance,0,0.000000000,0.500000000,0.000000000,0.000000000,0.229355168,0.000000000,0.000000000,1312.000,1.000,1.000
1786790092884,XAUT_USDT,demo,0,stale_binance,0,0.000000000,0.500000000,0.000000000,0.000000000,0.229355168,0.000000000,0.000000000,1451.000,55.000,55.000
1786790093008,XAUT_USDT,demo,0,stale_binance,0,0.000000000,0.500000000,0.000000000,0.000000000,0.229355168,0.000000000,0.000000000,1575.000,179.000,179.000
1786790093145,XAUT_USDT,demo,0,stale_binance,0,0.000000000,0.500000000,0.000000000,0.000000000,0.229355168,0.000000000,0.000000000,1712.000,54.000,54.000
1786790093250,XAUT_USDT,demo,0,stale_binance,0,0.000000000,0.500000000,0.000000000,0.000000000,0.229355168,0.000000000,0.000000000,1817.000,66.000,66.000
1786790093355,XAUT_USDT,demo,0,microspread_below_threshold,0,0.000000000,0.500000000,-0.447252579,-0.447252579,0.229355168,0.000000000,0.000000000,0.000,93.000,93.000
1786790093462,XAUT_USDT,demo,0,microspread_below_threshold,0,0.000000000,0.500000000,-0.447252579,-0.447252579,0.229355168,0.000000000,0.000000000,62.000,200.000,200.000
1786790093583,XAUT_USDT,demo,0,microspread_below_threshold,0,0.000000000,0.500000000,-0.447252579,-0.447252579,0.229355168,0.000000000,0.000000000,183.000,321.000,321.000
1786790093691,XAUT_USDT,demo,0,microspread_below_threshold,0,0.000000000,0.500000000,-0.447252579,-0.447252579,0.229355168,0.000000000,0.000000000,291.000,0.000,0.000
1786790093826,XAUT_USDT,demo,0,stale_binance,0,0.000000000,0.500000000,0.000000000,0.000000000,0.229355168,0.000000000,0.000000000,426.000,53.000,53.000
1786790093982,XAUT_USDT,demo,0,stale_binance,0,0.000000000,0.500000000,0.000000000,0.000000000,0.229355168,0.000000000,0.000000000,582.000,121.000,121.000
1786790094119,XAUT_USDT,demo,0,stale_binance,0,0.000000000,0.500000000,0.000000000,0.000000000,0.229355168,0.000000000,0.000000000,719.000,258.000,258.000
1786790094259,XAUT_USDT,demo,0,stale_binance,0,0.000000000,0.500000000,0.000000000,0.000000000,0.229355168,0.000000000,0.000000000,859.000,58.000,58.000
1786790094376,XAUT_USDT,demo,0,microspread_below_threshold,0,0.000000000,0.500000000,-0.447252579,-0.447252579,0.229355168,0.000000000,0.000000000,53.000,0.000,0.000
1786790094498,XAUT_USDT,demo,0,microspread_below_threshold,0,0.000000000,0.500000000,-0.447252579,-0.447252579,0.229355168,0.000000000,0.000000000,175.000,122.000,122.000
1786790094620,XAUT_USDT,demo,0,microspread_below_threshold,0,0.000000000,0.500000000,-0.447252579,-0.447252579,0.229355168,0.000000000,0.000000000,297.000,244.000,244.000
1786790094720,XAUT_USDT,demo,0,stale_binance,0,0.000000000,0.500000000,0.000000000,0.000000000,0.229355168,0.000000000,0.000000000,397.000,0.000,0.000
1786790094836,XAUT_USDT,demo,0,stale_binance,0,0.000000000,0.500000000,0.000000000,0.000000000,0.229355168,0.000000000,0.000000000,513.000,116.000,116.000
1786790094961,XAUT_USDT,demo,0,stale_binance,0,0.000000000,0.500000000,0.000000000,0.000000000,0.229355168,0.000000000,0.000000000,638.000,241.000,241.000
1786790095067,XAUT_USDT,demo,0,stale_binance,0,0.000000000,0.500000000,0.000000000,0.000000000,0.229355168,0.000000000,0.000000000,744.000,0.000,0.000
1786790095172,XAUT_USDT,demo,0,stale_binance,0,0.000000000,0.500000000,0.000000000,0.000000000,0.229355168,0.000000000,0.000000000,849.000,1.000,1.000
1786790095295,XAUT_USDT,demo,0,stale_binance,0,0.000000000,0.500000000,0.000000000,0.000000000,0.229355168,0.000000000,0.000000000,972.000,56.000,56.000
1786790095395,XAUT_USDT,demo,0,microspread_below_threshold,0,0.000000000,0.500000000,-0.447252579,-0.447252579,0.229355168,0.000000000,0.000000000,59.000,76.000,76.000
1786790095524,XAUT_USDT,demo,0,microspread_below_threshold,0,0.000000000,0.500000000,-0.447252579,-0.447252579,0.229355168,0.000000000,0.000000000,188.000,205.000,205.000
1786790095643,XAUT_USDT,demo,0,stale_binance,0,0.000000000,0.500000000,0.000000000,0.000000000,0.229355168,0.000000000,0.000000000,307.000,64.000,64.000
1786790096463,XAUT_USDT,demo,0,stale_binance,0,0.000000000,0.500000000,0.000000000,0.000000000,0.229355168,0.000000000,0.000000000,304.000,109.000,109.000
1786790096578,XAUT_USDT,demo,0,stale_binance,0,0.000000000,0.500000000,0.000000000,0.000000000,0.229355168,0.000000000,0.000000000,419.000,224.000,224.000
1786790096698,XAUT_USDT,demo,0,stale_binance,0,0.000000000,0.500000000,0.000000000,0.000000000,0.229355168,0.000000000,0.000000000,539.000,0.000,0.000
1786790096934,XAUT_USDT,demo,0,stale_binance,0,0.000000000,0.500000000,0.000000000,0.000000000,0.229355168,0.000000000,0.000000000,775.000,236.000,236.000
1786790097071,XAUT_USDT,demo,0,microspread_below_threshold,0,0.000000000,0.500000000,-0.447252579,-0.447252579,0.229355168,0.000000000,0.000000000,59.000,59.000,59.000
1786790097196,XAUT_USDT,demo,0,microspread_below_threshold,0,0.000000000,0.500000000,-0.447252579,-0.447252579,0.229355168,0.000000000,0.000000000,184.000,64.000,64.000
1786790097337,XAUT_USDT,demo,0,stale_binance,0,0.000000000,0.500000000,0.000000000,0.000000000,0.229355168,0.000000000,0.000000000,325.000,125.000,125.000
1786790097476,XAUT_USDT,demo,0,stale_binance,0,0.000000000,0.500000000,0.000000000,0.000000000,0.229355168,0.000000000,0.000000000,464.000,264.000,264.000
1786790097614,XAUT_USDT,demo,0,stale_binance,0,0.000000000,0.500000000,0.000000000,0.000000000,0.229355168,0.000000000,0.000000000,602.000,59.000,59.000
1786790097725,XAUT_USDT,demo,0,stale_binance,0,0.000000000,0.500000000,0.000000000,0.000000000,0.229355168,0.000000000,0.000000000,713.000,0.000,0.000
1786790097849,XAUT_USDT,demo,0,stale_binance,0,0.000000000,0.500000000,0.000000000,0.000000000,0.229355168,0.000000000,0.000000000,837.000,124.000,124.000
1786790097957,XAUT_USDT,demo,0,stale_binance,0,0.000000000,0.500000000,0.000000000,0.000000000,0.229355168,0.000000000,0.000000000,945.000,56.000,56.000
1786790098070,XAUT_USDT,demo,0,stale_binance,0,0.000000000,0.500000000,0.000000000,0.000000000,0.229355168,0.000000000,0.000000000,1058.000,0.000,0.000
1786790098213,XAUT_USDT,demo,0,stale_binance,0,0.000000000,0.500000000,0.000000000,0.000000000,0.229355168,0.000000000,0.000000000,1201.000,59.000,59.000
1786790098330,XAUT_USDT,demo,0,stale_binance,0,0.000000000,0.500000000,0.000000000,0.000000000,0.229355168,0.000000000,0.000000000,1318.000,0.000,0.000
1786790098463,XAUT_USDT,demo,0,microspread_below_threshold,0,0.000000000,0.500000000,-0.447252579,-0.447252579,0.229355168,0.000000000,0.000000000,59.000,133.000,133.000
1786790098588,XAUT_USDT,demo,0,microspread_below_threshold,0,0.000000000,0.500000000,-0.447252579,-0.447252579,0.229355168,0.000000000,0.000000000,184.000,258.000,258.000
1786790098728,XAUT_USDT,demo,0,stale_binance,0,0.000000000,0.500000000,0.000000000,0.000000000,0.229355168,0.000000000,0.000000000,324.000,57.000,57.000
1786790098881,XAUT_USDT,demo,0,stale_binance,0,0.000000000,0.500000000,0.000000000,0.000000000,0.229355168,0.000000000,0.000000000,477.000,120.000,120.000
1786790099006,XAUT_USDT,demo,0,stale_binance,0,0.000000000,0.500000000,0.000000000,0.000000000,0.229355168,0.000000000,0.000000000,602.000,245.000,245.000
1786790099118,XAUT_USDT,demo,0,stale_binance,0,0.000000000,0.500000000,0.000000000,0.000000000,0.229355168,0.000000000,0.000000000,714.000,1.000,1.000
1786790099257,XAUT_USDT,demo,0,microspread_below_threshold,0,0.000000000,0.500000000,-0.447252579,-0.447252579,0.229355168,0.000000000,0.000000000,84.000,70.000,70.000
1786790099376,XAUT_USDT,demo,0,microspread_below_threshold,0,0.000000000,0.500000000,-0.447252579,-0.447252579,0.229355168,0.000000000,0.000000000,203.000,189.000,189.000
1786790099496,XAUT_USDT,demo,0,stale_binance,0,0.000000000,0.500000000,0.000000000,0.000000000,0.229355168,0.000000000,0.000000000,323.000,309.000,309.000
1786790099613,XAUT_USDT,demo,0,stale_binance,0,0.000000000,0.500000000,0.000000000,0.000000000,0.229355168,0.000000000,0.000000000,440.000,0.000,0.000
1786790099765,XAUT_USDT,demo,0,stale_binance,0,0.000000000,0.500000000,0.000000000,0.000000000,0.229355168,0.000000000,0.000000000,592.000,63.000,63.000
1786790099875,XAUT_USDT,demo,0,microspread_below_threshold,0,0.000000000,0.500000000,-0.447252579,-0.447252579,0.229355168,0.000000000,0.000000000,34.000,0.000,0.000
1786790099999,XAUT_USDT,demo,0,microspread_below_threshold,0,0.000000000,0.500000000,-0.447252579,-0.447252579,0.229355168,0.000000000,0.000000000,158.000,124.000,124.000
1786790100114,XAUT_USDT,demo,0,microspread_below_threshold,0,0.000000000,0.500000000,-0.447252579,-0.447252579,0.229355168,0.000000000,0.000000000,273.000,239.000,239.000
1786790100219,XAUT_USDT,demo,0,stale_binance,0,0.000000000,0.500000000,0.000000000,0.000000000,0.229355168,0.000000000,0.000000000,378.000,0.000,0.000
1786790100365,XAUT_USDT,demo,0,microspread_below_threshold,0,0.000000000,0.500000000,-0.447252579,-0.447252579,0.229355168,0.000000000,0.000000000,63.000,60.000,60.000
1786790100478,XAUT_USDT,demo,0,microspread_below_threshold,0,0.000000000,0.500000000,-0.447252579,-0.447252579,0.229355168,0.000000000,0.000000000,176.000,0.000,0.000
1786790100629,XAUT_USDT,demo,0,stale_binance,0,0.000000000,0.500000000,0.000000000,0.000000000,0.229355168,0.000000000,0.000000000,327.000,62.000,62.000
1786790101584,XAUT_USDT,demo,0,microspread_below_threshold,0,0.000000000,0.500000000,-0.447252579,-0.447252579,0.229355168,0.000000000,0.000000000,266.000,337.000,337.000
1786790101686,XAUT_USDT,demo,0,stale_binance,0,0.000000000,0.500000000,0.000000000,0.000000000,0.229355168,0.000000000,0.000000000,368.000,0.000,0.000
1786790101831,XAUT_USDT,demo,0,stale_binance,0,0.000000000,0.500000000,0.000000000,0.000000000,0.229355168,0.000000000,0.000000000,513.000,54.000,54.000
1786790101977,XAUT_USDT,demo,0,stale_binance,0,0.000000000,0.500000000,0.000000000,0.000000000,0.229355168,0.000000000,0.000000000,659.000,128.000,128.000
1786790102102,XAUT_USDT,demo,0,stale_binance,0,0.000000000,0.500000000,0.000000000,0.000000000,0.229355168,0.000000000,0.000000000,784.000,253.000,253.000
1786790102241,XAUT_USDT,demo,0,stale_binance,0,0.000000000,0.500000000,0.000000000,0.000000000,0.229355168,0.000000000,0.000000000,923.000,53.000,53.000
1786790102361,XAUT_USDT,demo,0,stale_binance,0,0.000000000,0.500000000,0.000000000,0.000000000,0.229355168,0.000000000,0.000000000,1043.000,173.000,173.000
1786790102496,XAUT_USDT,demo,0,microspread_below_threshold,0,0.000000000,0.500000000,-0.447252579,-0.447252579,0.229355168,0.000000000,0.000000000,119.000,132.000,132.000
1786790102618,XAUT_USDT,demo,0,microspread_below_threshold,0,0.000000000,0.500000000,-0.447252579,-0.447252579,0.229355168,0.000000000,0.000000000,241.000,0.000,0.000
1786790102760,XAUT_USDT,demo,0,stale_binance,0,0.000000000,0.500000000,0.000000000,0.000000000,0.229355168,0.000000000,0.000000000,383.000,60.000,60.000
1786790102910,XAUT_USDT,demo,0,stale_binance,0,0.000000000,0.500000000,0.000000000,0.000000000,0.229355168,0.000000000,0.000000000,533.000,125.000,125.000
1786790103025,XAUT_USDT,demo,0,stale_binance,0,0.000000000,0.500000000,0.000000000,0.000000000,0.229355168,0.000000000,0.000000000,648.000,240.000,240.000
1786790103132,XAUT_USDT,demo,0,stale_binance,0,0.000000000,0.500000000,0.000000000,0.000000000,0.229355168,0.000000000,0.000000000,755.000,1.000,1.000
1786790103284,XAUT_USDT,demo,0,stale_binance,0,0.000000000,0.500000000,0.000000000,0.000000000,0.229355168,0.000000000,0.000000000,907.000,55.000,55.000
1786790103385,XAUT_USDT,demo,0,stale_binance,0,0.000000000,0.500000000,0.000000000,0.000000000,0.229355168,0.000000000,0.000000000,1008.000,0.000,0.000
1786790103506,XAUT_USDT,demo,0,microspread_below_threshold,0,0.000000000,0.500000000,-0.447252579,-0.447252579,0.229355168,0.000000000,0.000000000,61.000,121.000,121.000
1786790103626,XAUT_USDT,demo,0,microspread_below_threshold,0,0.000000000,0.500000000,-0.447252579,-0.447252579,0.229355168,0.000000000,0.000000000,181.000,241.000,241.000
1786790103736,XAUT_USDT,demo,0,microspread_below_threshold,0,0.000000000,0.500000000,-0.447252579,-0.447252579,0.229355168,0.000000000,0.000000000,47.000,0.000,0.000
1786790103883,XAUT_USDT,demo,0,microspread_below_threshold,0,0.000000000,0.500000000,-0.447252579,-0.447252579,0.229355168,0.000000000,0.000000000,194.000,51.000,51.000
1786790104006,XAUT_USDT,demo,0,stale_binance,0,0.000000000,0.500000000,0.000000000,0.000000000,0.229355168,0.000000000,0.000000000,317.000,174.000,174.000
1786790104157,XAUT_USDT,demo,0,microspread_below_threshold,0,0.000000000,0.500000000,-0.447252579,-0.447252579,0.229355168,0.000000000,0.000000000,124.000,325.000,325.000
1786790104257,XAUT_USDT,demo,0,microspread_below_threshold,0,0.000000000,0.500000000,-0.447252579,-0.447252579,0.229355168,0.000000000,0.000000000,224.000,0.000,0.000
1786790104365,XAUT_USDT,demo,0,stale_binance,0,0.000000000,0.500000000,0.000000000,0.000000000,0.229355168,0.000000000,0.000000000,332.000,108.000,108.000
1786790104481,XAUT_USDT,demo,0,stale_binance,0,0.000000000,0.500000000,0.000000000,0.000000000,0.229355168,0.000000000,0.000000000,448.000,224.000,224.000
1786790104594,XAUT_USDT,demo,0,stale_binance,0,0.000000000,0.500000000,0.000000000,0.000000000,0.229355168,0.000000000,0.000000000,561.000,0.000,0.000
1786790104746,XAUT_USDT,demo,0,stale_binance,0,0.000000000,0.500000000,0.000000000,0.000000000,0.229355168,0.000000000,0.000000000,713.000,65.000,65.000
1786790104888,XAUT_USDT,demo,0,stale_binance,0,0.000000000,0.500000000,0.000000000,0.000000000,0.229355168,0.000000000,0.000000000,855.000,114.000,114.000
1786790105023,XAUT_USDT,demo,0,microspread_below_threshold,0,0.000000000,0.500000000,-0.447252579,-0.447252579,0.229355168,0.000000000,0.000000000,115.000,249.000,249.000
1786790105123,XAUT_USDT,demo,0,microspread_below_threshold,0,0.000000000,0.500000000,-0.447252579,-0.447252579,0.229355168,0.000000000,0.000000000,215.000,1.000,1.000
1786790105267,XAUT_USDT,demo,0,stale_binance,0,0.000000000,0.500000000,0.000000000,0.000000000,0.229355168,0.000000000,0.000000000,359.000,64.000,64.000
1786790105375,XAUT_USDT,demo,0,microspread_below_threshold,0,0.000000000,0.500000000,-0.447252579,-0.447252579,0.229355168,0.000000000,0.000000000,60.000,172.000,172.000
1786790105537,XAUT_USDT,demo,0,microspread_below_threshold,0,0.000000000,0.500000000,-0.447252579,-0.447252579,0.229355168,0.000000000,0.000000000,222.000,160.000,160.000
1786790105688,XAUT_USDT,demo,0,stale_binance,0,0.000000000,0.500000000,0.000000000,0.000000000,0.229355168,0.000000000,0.000000000,373.000,52.000,52.000
1786790106457,XAUT_USDT,demo,0,stale_binance,0,0.000000000,0.500000000,0.000000000,0.000000000,0.229355168,0.000000000,0.000000000,1142.000,284.000,284.000
1786790106587,XAUT_USDT,demo,0,stale_binance,0,0.000000000,0.500000000,0.000000000,0.000000000,0.229355168,0.000000000,0.000000000,1272.000,414.000,414.000
1786790106726,XAUT_USDT,demo,0,stale_binance,0,0.000000000,0.500000000,0.000000000,0.000000000,0.229355168,0.000000000,0.000000000,1411.000,54.000,54.000
1786790106845,XAUT_USDT,demo,0,stale_binance,0,0.000000000,0.500000000,0.000000000,0.000000000,0.229355168,0.000000000,0.000000000,1530.000,0.000,0.000
1786790106957,XAUT_USDT,demo,0,microspread_below_threshold,0,0.000000000,0.500000000,-0.447252579,-0.447252579,0.229355168,0.000000000,0.000000000,0.000,112.000,112.000
1786790107080,XAUT_USDT,demo,0,microspread_below_threshold,0,0.000000000,0.500000000,-0.447252579,-0.447252579,0.229355168,0.000000000,0.000000000,123.000,235.000,235.000
1786790107186,XAUT_USDT,demo,0,microspread_below_threshold,0,0.000000000,0.500000000,-0.447252579,-0.447252579,0.229355168,0.000000000,0.000000000,229.000,0.000,0.000
1786790107310,XAUT_USDT,demo,0,stale_binance,0,0.000000000,0.500000000,0.000000000,0.000000000,0.229355168,0.000000000,0.000000000,353.000,124.000,124.000
1786790107418,XAUT_USDT,demo,0,stale_binance,0,0.000000000,0.500000000,0.000000000,0.000000000,0.229355168,0.000000000,0.000000000,461.000,59.000,59.000
1786790107541,XAUT_USDT,demo,0,stale_binance,0,0.000000000,0.500000000,0.000000000,0.000000000,0.229355168,0.000000000,0.000000000,584.000,182.000,182.000
1786790107681,XAUT_USDT,demo,0,stale_binance,0,0.000000000,0.500000000,0.000000000,0.000000000,0.229355168,0.000000000,0.000000000,724.000,62.000,62.000
1786790107786,XAUT_USDT,demo,0,stale_binance,0,0.000000000,0.500000000,0.000000000,0.000000000,0.229355168,0.000000000,0.000000000,829.000,1.000,1.000
1786790107917,XAUT_USDT,demo,0,stale_binance,0,0.000000000,0.500000000,0.000000000,0.000000000,0.229355168,0.000000000,0.000000000,960.000,132.000,132.000
1786790108032,XAUT_USDT,demo,0,stale_binance,0,0.000000000,0.500000000,0.000000000,0.000000000,0.229355168,0.000000000,0.000000000,1075.000,247.000,247.000
1786790108133,XAUT_USDT,demo,0,stale_binance,0,0.000000000,0.500000000,0.000000000,0.000000000,0.229355168,0.000000000,0.000000000,1176.000,0.000,0.000
1786790108277,XAUT_USDT,demo,0,stale_binance,0,0.000000000,0.500000000,0.000000000,0.000000000,0.229355168,0.000000000,0.000000000,1320.000,63.000,63.000
1786790108394,XAUT_USDT,demo,0,stale_binance,0,0.000000000,0.500000000,0.000000000,0.000000000,0.229355168,0.000000000,0.000000000,1437.000,180.000,180.000
1786790108533,XAUT_USDT,demo,0,stale_binance,0,0.000000000,0.500000000,0.000000000,0.000000000,0.229355168,0.000000000,0.000000000,1576.000,63.000,63.000
1786790108645,XAUT_USDT,demo,0,stale_binance,0,0.000000000,0.500000000,0.000000000,0.000000000,0.229355168,0.000000000,0.000000000,1688.000,0.000,0.000
1786790108794,XAUT_USDT,demo,0,stale_binance,0,0.000000000,0.500000000,0.000000000,0.000000000,0.229355168,0.000000000,0.000000000,1837.000,62.000,62.000
1786790108935,XAUT_USDT,demo,0,stale_binance,0,0.000000000,0.500000000,0.000000000,0.000000000,0.229355168,0.000000000,0.000000000,1978.000,115.000,115.000
1786790109058,XAUT_USDT,demo,0,stale_binance,0,0.000000000,0.500000000,0.000000000,0.000000000,0.229355168,0.000000000,0.000000000,2101.000,238.000,238.000
1786790109174,XAUT_USDT,demo,0,microspread_below_threshold,0,0.000000000,0.500000000,-0.447252579,-0.447252579,0.229355168,0.000000000,0.000000000,0.000,354.000,354.000
1786790109303,XAUT_USDT,demo,0,microspread_below_threshold,0,0.000000000,0.500000000,-0.447252579,-0.447252579,0.229355168,0.000000000,0.000000000,119.000,58.000,58.000
1786790109426,XAUT_USDT,demo,0,microspread_below_threshold,0,0.000000000,0.500000000,-0.447252579,-0.447252579,0.229355168,0.000000000,0.000000000,242.000,181.000,181.000
1786790109542,XAUT_USDT,demo,0,stale_binance,0,0.000000000,0.500000000,0.000000000,0.000000000,0.229355168,0.000000000,0.000000000,358.000,297.000,297.000
1786790109663,XAUT_USDT,demo,0,stale_binance,0,0.000000000,0.500000000,0.000000000,0.000000000,0.229355168,0.000000000,0.000000000,479.000,418.000,418.000
1786790109818,XAUT_USDT,demo,0,stale_binance,0,0.000000000,0.500000000,0.000000000,0.000000000,0.229355168,0.000000000,0.000000000,634.000,60.000,60.000
1786790109932,XAUT_USDT,demo,0,stale_binance,0,0.000000000,0.500000000,0.000000000,0.000000000,0.229355168,0.000000000,0.000000000,748.000,174.000,174.000
1786790110055,XAUT_USDT,demo,0,stale_binance,0,0.000000000,0.500000000,0.000000000,0.000000000,0.229355168,0.000000000,0.000000000,871.000,297.000,297.000
1786790110163,XAUT_USDT,demo,0,stale_binance,0,0.000000000,0.500000000,0.000000000,0.000000000,0.229355168,0.000000000,0.000000000,979.000,65.000,65.000
1786790110272,XAUT_USDT,demo,0,stale_binance,0,0.000000000,0.500000000,0.000000000,0.000000000,0.229355168,0.000000000,0.000000000,1088.000,0.000,0.000
1786790110392,XAUT_USDT,demo,0,stale_binance,0,0.000000000,0.500000000,0.000000000,0.000000000,0.229355168,0.000000000,0.000000000,1208.000,120.000,120.000
1786790110517,XAUT_USDT,demo,0,stale_binance,0,0.000000000,0.500000000,0.000000000,0.000000000,0.229355168,0.000000000,0.000000000,1333.000,245.000,245.000
1786790110679,XAUT_USDT,demo,0,stale_binance,0,0.000000000,0.500000000,0.000000000,0.000000000,0.229355168,0.000000000,0.000000000,1495.000,63.000,63.000
1786790110790,XAUT_USDT,demo,0,microspread_below_threshold,0,0.000000000,0.500000000,-0.447252579,-0.447252579,0.229355168,0.000000000,0.000000000,14.000,0.000,0.000
1786790111505,XAUT_USDT,demo,0,stale_binance,0,0.000000000,0.500000000,0.000000000,0.000000000,0.229355168,0.000000000,0.000000000,729.000,202.000,202.000
1786790111635,XAUT_USDT,demo,0,microspread_below_threshold,0,0.000000000,0.500000000,-0.447252579,-0.447252579,0.229355168,0.000000000,0.000000000,128.000,332.000,332.000
1786790111736,XAUT_USDT,demo,0,microspread_below_threshold,0,0.000000000,0.500000000,-0.447252579,-0.447252579,0.229355168,0.000000000,0.000000000,229.000,0.000,0.000
1786790111851,XAUT_USDT,demo,0,stale_binance,0,0.000000000,0.500000000,0.000000000,0.000000000,0.229355168,0.000000000,0.000000000,344.000,115.000,115.000
1786790111978,XAUT_USDT,demo,0,stale_binance,0,0.000000000,0.500000000,0.000000000,0.000000000,0.229355168,0.000000000,0.000000000,471.000,242.000,242.000
1786790112097,XAUT_USDT,demo,0,stale_binance,0,0.000000000,0.500000000,0.000000000,0.000000000,0.229355168,0.000000000,0.000000000,590.000,361.000,361.000
1786790112221,XAUT_USDT,demo,0,stale_binance,0,0.000000000,0.500000000,0.000000000,0.000000000,0.229355168,0.000000000,0.000000000,714.000,59.000,59.000
1786790112375,XAUT_USDT,demo,0,stale_binance,0,0.000000000,0.500000000,0.000000000,0.000000000,0.229355168,0.000000000,0.000000000,868.000,121.000,121.000
1786790112508,XAUT_USDT,demo,0,stale_binance,0,0.000000000,0.500000000,0.000000000,0.000000000,0.229355168,0.000000000,0.000000000,1001.000,254.000,254.000
1786790112633,XAUT_USDT,demo,0,stale_binance,0,0.000000000,0.500000000,0.000000000,0.000000000,0.229355168,0.000000000,0.000000000,1126.000,379.000,379.000
1786790112774,XAUT_USDT,demo,0,stale_binance,0,0.000000000,0.500000000,0.000000000,0.000000000,0.229355168,0.000000000,0.000000000,1267.000,0.000,0.000
1786790112893,XAUT_USDT,demo,0,stale_binance,0,0.000000000,0.500000000,0.000000000,0.000000000,0.229355168,0.000000000,0.000000000,1386.000,119.000,119.000
1786790113018,XAUT_USDT,demo,0,stale_binance,0,0.000000000,0.500000000,0.000000000,0.000000000,0.229355168,0.000000000,0.000000000,1511.000,244.000,244.000
1786790113168,XAUT_USDT,demo,0,microspread_below_threshold,0,0.000000000,0.500000000,-0.447252579,-0.447252579,0.229355168,0.000000000,0.000000000,149.000,64.000,64.000
1786790113275,XAUT_USDT,demo,0,microspread_below_threshold,0,0.000000000,0.500000000,-0.447252579,-0.447252579,0.229355168,0.000000000,0.000000000,82.000,0.000,0.000
1786790113392,XAUT_USDT,demo,0,microspread_below_threshold,0,0.000000000,0.500000000,-0.447252579,-0.447252579,0.229355168,0.000000000,0.000000000,199.000,117.000,117.000
1786790113500,XAUT_USDT,demo,0,stale_binance,0,0.000000000,0.500000000,0.000000000,0.000000000,0.229355168,0.000000000,0.000000000,307.000,52.000,52.000
1786790113625,XAUT_USDT,demo,0,stale_binance,0,0.000000000,0.500000000,0.000000000,0.000000000,0.229355168,0.000000000,0.000000000,432.000,177.000,177.000
1786790113760,XAUT_USDT,demo,0,stale_binance,0,0.000000000,0.500000000,0.000000000,0.000000000,0.229355168,0.000000000,0.000000000,567.000,59.000,59.000
1786790113885,XAUT_USDT,demo,0,stale_binance,0,0.000000000,0.500000000,0.000000000,0.000000000,0.229355168,0.000000000,0.000000000,692.000,0.000,0.000
1786790114014,XAUT_USDT,demo,0,microspread_below_threshold,0,0.000000000,0.500000000,-0.447252579,-0.447252579,0.229355168,0.000000000,0.000000000,0.000,51.000,51.000
1786790114133,XAUT_USDT,demo,0,microspread_below_threshold,0,0.000000000,0.500000000,-0.447252579,-0.447252579,0.229355168,0.000000000,0.000000000,119.000,170.000,170.000
1786790114256,XAUT_USDT,demo,0,microspread_below_threshold,0,0.000000000,0.500000000,-0.447252579,-0.447252579,0.229355168,0.000000000,0.000000000,242.000,293.000,293.000
1786790114360,XAUT_USDT,demo,0,stale_binance,0,0.000000000,0.500000000,0.000000000,0.000000000,0.229355168,0.000000000,0.000000000,346.000,53.000,53.000
1786790114484,XAUT_USDT,demo,0,stale_binance,0,0.000000000,0.500000000,0.000000000,0.000000000,0.229355168,0.000000000,0.000000000,470.000,177.000,177.000
1786790114608,XAUT_USDT,demo,0,stale_binance,0,0.000000000,0.500000000,0.000000000,0.000000000,0.229355168,0.000000000,0.000000000,594.000,301.000,301.000
1786790114737,XAUT_USDT,demo,0,stale_binance,0,0.000000000,0.500000000,0.000000000,0.000000000,0.229355168,0.000000000,0.000000000,723.000,0.000,0.000
1786790114854,XAUT_USDT,demo,0,stale_binance,0,0.000000000,0.500000000,0.000000000,0.000000000,0.229355168,0.000000000,0.000000000,840.000,117.000,117.000
1786790114962,XAUT_USDT,demo,0,stale_binance,0,0.000000000,0.500000000,0.000000000,0.000000000,0.229355168,0.000000000,0.000000000,948.000,54.000,54.000
1786790115086,XAUT_USDT,demo,0,stale_binance,0,0.000000000,0.500000000,0.000000000,0.000000000,0.229355168,0.000000000,0.000000000,1072.000,178.000,178.000
1786790115220,XAUT_USDT,demo,0,microspread_below_threshold,0,0.000000000,0.500000000,-0.447252579,-0.447252579,0.229355168,0.000000000,0.000000000,119.000,55.000,55.000
1786790115371,XAUT_USDT,demo,0,microspread_below_threshold,0,0.000000000,0.500000000,-0.447252579,-0.447252579,0.229355168,0.000000000,0.000000000,270.000,90.000,90.000
1786790115472,XAUT_USDT,demo,0,stale_binance,0,0.000000000,0.500000000,0.000000000,0.000000000,0.229355168,0.000000000,0.000000000,371.000,51.000,51.000
1786790115595,XAUT_USDT,demo,0,stale_binance,0,0.000000000,0.500000000,0.000000000,0.000000000,0.229355168,0.000000000,0.000000000,494.000,174.000,174.000
1786790115742,XAUT_USDT,demo,0,microspread_below_threshold,0,0.000000000,0.500000000,-0.447252579,-0.447252579,0.229355168,0.000000000,0.000000000,77.000,54.000,54.000
1786790116515,XAUT_USDT,demo,0,stale_binance,0,0.000000000,0.500000000,0.000000000,0.000000000,0.229355168,0.000000000,0.000000000,658.000,59.000,59.000
1786790116663,XAUT_USDT,demo,0,microspread_below_threshold,0,0.000000000,0.500000000,-0.447252579,-0.447252579,0.229355168,0.000000000,0.000000000,53.000,207.000,207.000
1786790116777,XAUT_USDT,demo,0,microspread_below_threshold,0,0.000000000,0.500000000,-0.447252579,-0.447252579,0.229355168,0.000000000,0.000000000,167.000,62.000,62.000
1786790116894,XAUT_USDT,demo,0,microspread_below_threshold,0,0.000000000,0.500000000,-0.447252579,-0.447252579,0.229355168,0.000000000,0.000000000,284.000,0.000,0.000
1786790117010,XAUT_USDT,demo,0,stale_binance,0,0.000000000,0.500000000,0.000000000,0.000000000,0.229355168,0.000000000,0.000000000,400.000,116.000,116.000
1786790117120,XAUT_USDT,demo,0,microspread_below_threshold,0,0.000000000,0.500000000,-0.447252579,-0.447252579,0.229355168,0.000000000,0.000000000,59.000,54.000,54.000
1786790117222,XAUT_USDT,demo,0,microspread_below_threshold,0,0.000000000,0.500000000,-0.447252579,-0.447252579,0.229355168,0.000000000,0.000000000,161.000,63.000,63.000
1786790117373,XAUT_USDT,demo,0,microspread_below_threshold,0,0.000000000,0.500000000,-0.447252579,-0.447252579,0.229355168,0.000000000,0.000000000,54.000,135.000,135.000
1786790117484,XAUT_USDT,demo,0,microspread_below_threshold,0,0.000000000,0.500000000,-0.447252579,-0.447252579,0.229355168,0.000000000,0.000000000,108.000,64.000,64.000
1786790117606,XAUT_USDT,demo,0,microspread_below_threshold,0,0.000000000,0.500000000,-0.447252579,-0.447252579,0.229355168,0.000000000,0.000000000,230.000,186.000,186.000
1786790117727,XAUT_USDT,demo,0,stale_binance,0,0.000000000,0.500000000,0.000000000,0.000000000,0.229355168,0.000000000,0.000000000,351.000,65.000,65.000
1786790117865,XAUT_USDT,demo,0,stale_binance,0,0.000000000,0.500000000,0.000000000,0.000000000,0.229355168,0.000000000,0.000000000,489.000,114.000,114.000
1786790117991,XAUT_USDT,demo,0,stale_binance,0,0.000000000,0.500000000,0.000000000,0.000000000,0.229355168,0.000000000,0.000000000,615.000,66.000,66.000
1786790118112,XAUT_USDT,demo,0,stale_binance,0,0.000000000,0.500000000,0.000000000,0.000000000,0.229355168,0.000000000,0.000000000,736.000,187.000,187.000
1786790118237,XAUT_USDT,demo,0,stale_binance,0,0.000000000,0.500000000,0.000000000,0.000000000,0.229355168,0.000000000,0.000000000,861.000,53.000,53.000
1786790118345,XAUT_USDT,demo,0,stale_binance,0,0.000000000,0.500000000,0.000000000,0.000000000,0.229355168,0.000000000,0.000000000,969.000,64.000,64.000
1786790118487,XAUT_USDT,demo,0,stale_binance,0,0.000000000,0.500000000,0.000000000,0.000000000,0.229355168,0.000000000,0.000000000,1111.000,126.000,126.000
1786790118614,XAUT_USDT,demo,0,stale_binance,0,0.000000000,0.500000000,0.000000000,0.000000000,0.229355168,0.000000000,0.000000000,1238.000,253.000,253.000
1786790118760,XAUT_USDT,demo,0,stale_binance,0,0.000000000,0.500000000,0.000000000,0.000000000,0.229355168,0.000000000,0.000000000,1384.000,59.000,59.000
1786790118917,XAUT_USDT,demo,0,stale_binance,0,0.000000000,0.500000000,0.000000000,0.000000000,0.229355168,0.000000000,0.000000000,1541.000,126.000,126.000
1786790119038,XAUT_USDT,demo,0,stale_binance,0,0.000000000,0.500000000,0.000000000,0.000000000,0.229355168,0.000000000,0.000000000,1662.000,247.000,247.000
1786790119185,XAUT_USDT,demo,0,microspread_below_threshold,0,0.000000000,0.500000000,-0.447252579,-0.447252579,0.229355168,0.000000000,0.000000000,0.000,52.000,52.000
1786790119303,XAUT_USDT,demo,0,microspread_below_threshold,0,0.000000000,0.500000000,-0.447252579,-0.447252579,0.229355168,0.000000000,0.000000000,110.000,0.000,0.000
1786790119458,XAUT_USDT,demo,0,microspread_below_threshold,0,0.000000000,0.500000000,-0.447252579,-0.447252579,0.229355168,0.000000000,0.000000000,265.000,63.000,63.000
1786790119572,XAUT_USDT,demo,0,stale_binance,0,0.000000000,0.500000000,0.000000000,0.000000000,0.229355168,0.000000000,0.000000000,379.000,177.000,177.000
1786790119692,XAUT_USDT,demo,0,stale_binance,0,0.000000000,0.500000000,0.000000000,0.000000000,0.229355168,0.000000000,0.000000000,499.000,297.000,297.000
1786790119806,XAUT_USDT,demo,0,stale_binance,0,0.000000000,0.500000000,0.000000000,0.000000000,0.229355168,0.000000000,0.000000000,613.000,63.000,63.000
1786790119937,XAUT_USDT,demo,0,stale_binance,0,0.000000000,0.500000000,0.000000000,0.000000000,0.229355168,0.000000000,0.000000000,744.000,114.000,114.000
1786790120044,XAUT_USDT,demo,0,stale_binance,0,0.000000000,0.500000000,0.000000000,0.000000000,0.229355168,0.000000000,0.000000000,851.000,221.000,221.000
1786790120169,XAUT_USDT,demo,0,stale_binance,0,0.000000000,0.500000000,0.000000000,0.000000000,0.229355168,0.000000000,0.000000000,976.000,346.000,346.000
1786790120325,XAUT_USDT,demo,0,stale_binance,0,0.000000000,0.500000000,0.000000000,0.000000000,0.229355168,0.000000000,0.000000000,1132.000,62.000,62.000
1786790120448,XAUT_USDT,demo,0,stale_binance,0,0.000000000,0.500000000,0.000000000,0.000000000,0.229355168,0.000000000,0.000000000,1255.000,185.000,185.000
1786790120569,XAUT_USDT,demo,0,stale_binance,0,0.000000000,0.500000000,0.000000000,0.000000000,0.229355168,0.000000000,0.000000000,1376.000,306.000,306.000
1786790120675,XAUT_USDT,demo,0,stale_binance,0,0.000000000,0.500000000,0.000000000,0.000000000,0.229355168,0.000000000,0.000000000,1482.000,0.000,0.000
1786790120828,XAUT_USDT,demo,0,stale_binance,0,0.000000000,0.500000000,0.000000000,0.000000000,0.229355168,0.000000000,0.000000000,1635.000,60.000,60.000
1786790121741,XAUT_USDT,demo,0,stale_binance,0,0.000000000,0.500000000,0.000000000,0.000000000,0.229355168,0.000000000,0.000000000,2548.000,117.000,117.000
1786790121855,XAUT_USDT,demo,0,stale_binance,0,0.000000000,0.500000000,0.000000000,0.000000000,0.229355168,0.000000000,0.000000000,2662.000,61.000,61.000
1786790121965,XAUT_USDT,demo,0,stale_binance,0,0.000000000,0.500000000,0.000000000,0.000000000,0.229355168,0.000000000,0.000000000,2772.000,0.000,0.000
1786790122087,XAUT_USDT,demo,0,microspread_below_threshold,0,0.000000000,0.500000000,-0.447252579,-0.447252579,0.229355168,0.000000000,0.000000000,51.000,122.000,122.000
1786790122214,XAUT_USDT,demo,0,microspread_below_threshold,0,0.000000000,0.500000000,-0.447252579,-0.447252579,0.229355168,0.000000000,0.000000000,178.000,249.000,249.000
1786790122367,XAUT_USDT,demo,0,stale_binance,0,0.000000000,0.500000000,0.000000000,0.000000000,0.229355168,0.000000000,0.000000000,331.000,58.000,58.000
1786790122487,XAUT_USDT,demo,0,stale_binance,0,0.000000000,0.500000000,0.000000000,0.000000000,0.229355168,0.000000000,0.000000000,451.000,178.000,178.000
1786790122605,XAUT_USDT,demo,0,stale_binance,0,0.000000000,0.500000000,0.000000000,0.000000000,0.229355168,0.000000000,0.000000000,569.000,296.000,296.000
1786790122713,XAUT_USDT,demo,0,stale_binance,0,0.000000000,0.500000000,0.000000000,0.000000000,0.229355168,0.000000000,0.000000000,677.000,63.000,63.000
1786790122861,XAUT_USDT,demo,0,stale_binance,0,0.000000000,0.500000000,0.000000000,0.000000000,0.229355168,0.000000000,0.000000000,825.000,122.000,122.000
1786790122973,XAUT_USDT,demo,0,stale_binance,0,0.000000000,0.500000000,0.000000000,0.000000000,0.229355168,0.000000000,0.000000000,937.000,61.000,61.000
1786790123081,XAUT_USDT,demo,0,stale_binance,0,0.000000000,0.500000000,0.000000000,0.000000000,0.229355168,0.000000000,0.000000000,1045.000,0.000,0.000
1786790123181,XAUT_USDT,demo,0,stale_binance,0,0.000000000,0.500000000,0.000000000,0.000000000,0.229355168,0.000000000,0.000000000,1145.000,0.000,0.000
1786790123305,XAUT_USDT,demo,0,stale_binance,0,0.000000000,0.500000000,0.000000000,0.000000000,0.229355168,0.000000000,0.000000000,1269.000,53.000,53.000
1786790123440,XAUT_USDT,demo,0,stale_binance,0,0.000000000,0.500000000,0.000000000,0.000000000,0.229355168,0.000000000,0.000000000,1404.000,188.000,188.000
1786790123573,XAUT_USDT,demo,0,stale_binance,0,0.000000000,0.500000000,0.000000000,0.000000000,0.229355168,0.000000000,0.000000000,1537.000,120.000,120.000
1786790123747,XAUT_USDT,demo,0,stale_binance,0,0.000000000,0.500000000,0.000000000,0.000000000,0.229355168,0.000000000,0.000000000,1711.000,294.000,294.000
1786790123866,XAUT_USDT,demo,0,stale_binance,0,0.000000000,0.500000000,0.000000000,0.000000000,0.229355168,0.000000000,0.000000000,1830.000,0.000,0.000
1786790123987,XAUT_USDT,demo,0,stale_binance,0,0.000000000,0.500000000,0.000000000,0.000000000,0.229355168,0.000000000,0.000000000,1951.000,121.000,121.000
1786790124108,XAUT_USDT,demo,0,stale_binance,0,0.000000000,0.500000000,0.000000000,0.000000000,0.229355168,0.000000000,0.000000000,2072.000,242.000,242.000
1786790124219,XAUT_USDT,demo,0,microspread_below_threshold,0,0.000000000,0.500000000,-0.447252579,-0.447252579,0.229355168,0.000000000,0.000000000,0.000,14.000,14.000
1786790124328,XAUT_USDT,demo,0,microspread_below_threshold,0,0.000000000,0.500000000,-0.447252579,-0.447252579,0.229355168,0.000000000,0.000000000,0.000,123.000,123.000
1786790124452,XAUT_USDT,demo,0,microspread_below_threshold,0,0.000000000,0.500000000,-0.447252579,-0.447252579,0.229355168,0.000000000,0.000000000,124.000,62.000,62.000
1786790124552,XAUT_USDT,demo,0,microspread_below_threshold,0,0.000000000,0.500000000,-0.447252579,-0.447252579,0.229355168,0.000000000,0.000000000,224.000,0.000,0.000
1786790124721,XAUT_USDT,demo,0,stale_binance,0,0.000000000,0.500000000,0.000000000,0.000000000,0.229355168,0.000000000,0.000000000,393.000,169.000,169.000
1786790124873,XAUT_USDT,demo,0,stale_binance,0,0.000000000,0.500000000,0.000000000,0.000000000,0.229355168,0.000000000,0.000000000,545.000,56.000,56.000
1786790125023,XAUT_USDT,demo,0,stale_binance,0,0.000000000,0.500000000,0.000000000,0.000000000,0.229355168,0.000000000,0.000000000,695.000,122.000,122.000
1786790125183,XAUT_USDT,demo,0,stale_binance,0,0.000000000,0.500000000,0.000000000,0.000000000,0.229355168,0.000000000,0.000000000,855.000,282.000,282.000
1786790125310,XAUT_USDT,demo,0,stale_binance,0,0.000000000,0.500000000,0.000000000,0.000000000,0.229355168,0.000000000,0.000000000,982.000,62.000,62.000
1786790125438,XAUT_USDT,demo,0,microspread_below_threshold,0,0.000000000,0.500000000,-0.447252579,-0.447252579,0.229355168,0.000000000,0.000000000,0.000,109.000,109.000
1786790125538,XAUT_USDT,demo,0,microspread_below_threshold,0,0.000000000,0.500000000,-0.447252579,-0.447252579,0.229355168,0.000000000,0.000000000,63.000,209.000,209.000
1786790125649,XAUT_USDT,demo,0,microspread_below_threshold,0,0.000000000,0.500000000,-0.447252579,-0.447252579,0.229355168,0.000000000,0.000000000,0.000,320.000,320.000
1786790125763,XAUT_USDT,demo,0,microspread_below_threshold,0,0.000000000,0.500000000,-0.447252579,-0.447252579,0.229355168,0.000000000,0.000000000,114.000,0.000,0.000
1786790126695,XAUT_USDT,demo,0,stale_binance,0,0.000000000,0.500000000,0.000000000,0.000000000,0.229355168,0.000000000,0.000000000,1046.000,333.000,333.000
1786790126855,XAUT_USDT,demo,0,microspread_below_threshold,0,0.000000000,0.500000000,-0.447252579,-0.447252579,0.229355168,0.000000000,0.000000000,158.000,63.000,63.000
1786790126966,XAUT_USDT,demo,0,microspread_below_threshold,0,0.000000000,0.500000000,-0.447252579,-0.447252579,0.229355168,0.000000000,0.000000000,269.000,0.000,0.000
1786790127100,XAUT_USDT,demo,0,stale_binance,0,0.000000000,0.500000000,0.000000000,0.000000000,0.229355168,0.000000000,0.000000000,403.000,52.000,52.000
1786790127218,XAUT_USDT,demo,0,stale_binance,0,0.000000000,0.500000000,0.000000000,0.000000000,0.229355168,0.000000000,0.000000000,521.000,170.000,170.000
1786790127335,XAUT_USDT,demo,0,stale_binance,0,0.000000000,0.500000000,0.000000000,0.000000000,0.229355168,0.000000000,0.000000000,638.000,0.000,0.000
1786790127529,XAUT_USDT,demo,0,microspread_below_threshold,0,0.000000000,0.500000000,-0.447252579,-0.447252579,0.229355168,0.000000000,0.000000000,96.000,194.000,194.000
1786790127657,XAUT_USDT,demo,0,microspread_below_threshold,0,0.000000000,0.500000000,-0.447252579,-0.447252579,0.229355168,0.000000000,0.000000000,224.000,322.000,322.000
1786790127809,XAUT_USDT,demo,0,stale_binance,0,0.000000000,0.500000000,0.000000000,0.000000000,0.229355168,0.000000000,0.000000000,376.000,61.000,61.000
1786790127942,XAUT_USDT,demo,0,stale_binance,0,0.000000000,0.500000000,0.000000000,0.000000000,0.229355168,0.000000000,0.000000000,509.000,114.000,114.000
1786790128065,XAUT_USDT,demo,0,stale_binance,0,0.000000000,0.500000000,0.000000000,0.000000000,0.229355168,0.000000000,0.000000000,632.000,237.000,237.000
1786790128171,XAUT_USDT,demo,0,stale_binance,0,0.000000000,0.500000000,0.000000000,0.000000000,0.229355168,0.000000000,0.000000000,738.000,0.000,0.000
1786790128328,XAUT_USDT,demo,0,microspread_below_threshold,0,0.000000000,0.500000000,-0.447252579,-0.447252579,0.229355168,0.000000000,0.000000000,64.000,64.000,64.000
1786790128468,XAUT_USDT,demo,0,microspread_below_threshold,0,0.000000000,0.500000000,-0.447252579,-0.447252579,0.229355168,0.000000000,0.000000000,204.000,125.000,125.000
1786790128590,XAUT_USDT,demo,0,stale_binance,0,0.000000000,0.500000000,0.000000000,0.000000000,0.229355168,0.000000000,0.000000000,326.000,247.000,247.000
1786790128737,XAUT_USDT,demo,0,stale_binance,0,0.000000000,0.500000000,0.000000000,0.000000000,0.229355168,0.000000000,0.000000000,473.000,60.000,60.000
1786790128854,XAUT_USDT,demo,0,stale_binance,0,0.000000000,0.500000000,0.000000000,0.000000000,0.229355168,0.000000000,0.000000000,590.000,0.000,0.000
1786790129001,XAUT_USDT,demo,0,microspread_below_threshold,0,0.000000000,0.500000000,-0.447252579,-0.447252579,0.229355168,0.000000000,0.000000000,70.000,59.000,59.000
1786790129111,XAUT_USDT,demo,0,microspread_below_threshold,0,0.000000000,0.500000000,-0.447252579,-0.447252579,0.229355168,0.000000000,0.000000000,180.000,0.000,0.000
1786790129269,XAUT_USDT,demo,0,microspread_below_threshold,0,0.000000000,0.500000000,-0.447252579,-0.447252579,0.229355168,0.000000000,0.000000000,62.000,75.000,75.000
1786790129399,XAUT_USDT,demo,0,microspread_below_threshold,0,0.000000000,0.500000000,-0.447252579,-0.447252579,0.229355168,0.000000000,0.000000000,192.000,114.000,114.000
1786790129539,XAUT_USDT,demo,0,stale_binance,0,0.000000000,0.500000000,0.000000000,0.000000000,0.229355168,0.000000000,0.000000000,332.000,61.000,61.000
1786790129663,XAUT_USDT,demo,0,stale_binance,0,0.000000000,0.500000000,0.000000000,0.000000000,0.229355168,0.000000000,0.000000000,456.000,185.000,185.000
1786790129802,XAUT_USDT,demo,0,stale_binance,0,0.000000000,0.500000000,0.000000000,0.000000000,0.229355168,0.000000000,0.000000000,595.000,0.000,0.000
1786790129949,XAUT_USDT,demo,0,stale_binance,0,0.000000000,0.500000000,0.000000000,0.000000000,0.229355168,0.000000000,0.000000000,742.000,61.000,61.000
1786790130067,XAUT_USDT,demo,0,stale_binance,0,0.000000000,0.500000000,0.000000000,0.000000000,0.229355168,0.000000000,0.000000000,860.000,179.000,179.000
1786790130186,XAUT_USDT,demo,0,stale_binance,0,0.000000000,0.500000000,0.000000000,0.000000000,0.229355168,0.000000000,0.000000000,979.000,298.000,298.000
1786790130293,XAUT_USDT,demo,0,stale_binance,0,0.000000000,0.500000000,0.000000000,0.000000000,0.229355168,0.000000000,0.000000000,1086.000,59.000,59.000
1786790130399,XAUT_USDT,demo,0,stale_binance,0,0.000000000,0.500000000,0.000000000,0.000000000,0.229355168,0.000000000,0.000000000,1192.000,1.000,1.000
1786790130519,XAUT_USDT,demo,0,stale_binance,0,0.000000000,0.500000000,0.000000000,0.000000000,0.229355168,0.000000000,0.000000000,1312.000,121.000,121.000
1786790130643,XAUT_USDT,demo,0,stale_binance,0,0.000000000,0.500000000,0.000000000,0.000000000,0.229355168,0.000000000,0.000000000,1436.000,245.000,245.000
1786790130744,XAUT_USDT,demo,0,stale_binance,0,0.000000000,0.500000000,0.000000000,0.000000000,0.229355168,0.000000000,0.000000000,1537.000,0.000,0.000
1786790130888,XAUT_USDT,demo,0,stale_binance,0,0.000000000,0.500000000,0.000000000,0.000000000,0.229355168,0.000000000,0.000000000,1681.000,51.000,51.000
1786790132078,XAUT_USDT,demo,0,stale_binance,0,0.000000000,0.500000000,0.000000000,0.000000000,0.229355168,0.000000000,0.000000000,2871.000,125.000,125.000
1786790132200,XAUT_USDT,demo,0,stale_binance,0,0.000000000,0.500000000,0.000000000,0.000000000,0.229355168,0.000000000,0.000000000,2993.000,62.000,62.000
1786790132304,XAUT_USDT,demo,0,stale_binance,0,0.000000000,0.500000000,0.000000000,0.000000000,0.229355168,0.000000000,0.000000000,3097.000,0.000,0.000
1786790132443,XAUT_USDT,demo,0,stale_binance,0,0.000000000,0.500000000,0.000000000,0.000000000,0.229355168,0.000000000,0.000000000,3236.000,54.000,54.000
1786790132583,XAUT_USDT,demo,0,microspread_below_threshold,0,0.000000000,0.500000000,-0.447252579,-0.447252579,0.229355168,0.000000000,0.000000000,128.000,194.000,194.000
1786790132708,XAUT_USDT,demo,0,microspread_below_threshold,0,0.000000000,0.500000000,-0.447252579,-0.447252579,0.229355168,0.000000000,0.000000000,253.000,319.000,319.000
1786790132811,XAUT_USDT,demo,0,stale_binance,0,0.000000000,0.500000000,0.000000000,0.000000000,0.229355168,0.000000000,0.000000000,356.000,0.000,0.000
1786790132969,XAUT_USDT,demo,0,stale_binance,0,0.000000000,0.500000000,0.000000000,0.000000000,0.229355168,0.000000000,0.000000000,514.000,63.000,63.000
1786790133104,XAUT_USDT,demo,0,stale_binance,0,0.000000000,0.500000000,0.000000000,0.000000000,0.229355168,0.000000000,0.000000000,649.000,118.000,118.000
1786790133227,XAUT_USDT,demo,0,stale_binance,0,0.000000000,0.500000000,0.000000000,0.000000000,0.229355168,0.000000000,0.000000000,772.000,241.000,241.000
1786790133339,XAUT_USDT,demo,0,stale_binance,0,0.000000000,0.500000000,0.000000000,0.000000000,0.229355168,0.000000000,0.000000000,884.000,1.000,1.000
1786790133473,XAUT_USDT,demo,0,stale_binance,0,0.000000000,0.500000000,0.000000000,0.000000000,0.229355168,0.000000000,0.000000000,1018.000,59.000,59.000
1786790133600,XAUT_USDT,demo,0,stale_binance,0,0.000000000,0.500000000,0.000000000,0.000000000,0.229355168,0.000000000,0.000000000,1145.000,186.000,186.000
1786790133735,XAUT_USDT,demo,0,stale_binance,0,0.000000000,0.500000000,0.000000000,0.000000000,0.229355168,0.000000000,0.000000000,1280.000,321.000,321.000
1786790133895,XAUT_USDT,demo,0,stale_binance,0,0.000000000,0.500000000,0.000000000,0.000000000,0.229355168,0.000000000,0.000000000,1440.000,134.000,134.000
1786790134008,XAUT_USDT,demo,0,stale_binance,0,0.000000000,0.500000000,0.000000000,0.000000000,0.229355168,0.000000000,0.000000000,1553.000,63.000,63.000
1786790134120,XAUT_USDT,demo,0,stale_binance,0,0.000000000,0.500000000,0.000000000,0.000000000,0.229355168,0.000000000,0.000000000,1665.000,175.000,175.000
1786790134272,XAUT_USDT,demo,0,stale_binance,0,0.000000000,0.500000000,0.000000000,0.000000000,0.229355168,0.000000000,0.000000000,1817.000,327.000,327.000
1786790134373,XAUT_USDT,demo,0,stale_binance,0,0.000000000,0.500000000,0.000000000,0.000000000,0.229355168,0.000000000,0.000000000,1918.000,0.000,0.000
1786790134571,XAUT_USDT,demo,0,stale_binance,0,0.000000000,0.500000000,0.000000000,0.000000000,0.229355168,0.000000000,0.000000000,2116.000,198.000,198.000
1786790134732,XAUT_USDT,demo,0,stale_binance,0,0.000000000,0.500000000,0.000000000,0.000000000,0.229355168,0.000000000,0.000000000,2277.000,359.000,359.000
1786790134850,XAUT_USDT,demo,0,stale_binance,0,0.000000000,0.500000000,0.000000000,0.000000000,0.229355168,0.000000000,0.000000000,2395.000,64.000,64.000
1786790134960,XAUT_USDT,demo,0,stale_binance,0,0.000000000,0.500000000,0.000000000,0.000000000,0.229355168,0.000000000,0.000000000,2505.000,1.000,1.000
1786790135110,XAUT_USDT,demo,0,stale_binance,0,0.000000000,0.500000000,0.000000000,0.000000000,0.229355168,0.000000000,0.000000000,2655.000,61.000,61.000
1786790135216,XAUT_USDT,demo,0,stale_binance,0,0.000000000,0.500000000,0.000000000,0.000000000,0.229355168,0.000000000,0.000000000,2761.000,0.000,0.000
1786790135337,XAUT_USDT,demo,0,stale_binance,0,0.000000000,0.500000000,0.000000000,0.000000000,0.229355168,0.000000000,0.000000000,2882.000,121.000,121.000
1786790135488,XAUT_USDT,demo,0,microspread_below_threshold,0,0.000000000,0.500000000,-0.447252579,-0.447252579,0.229355168,0.000000000,0.000000000,60.000,101.000,101.000
1786790135630,XAUT_USDT,demo,0,microspread_below_threshold,0,0.000000000,0.500000000,-0.447252579,-0.447252579,0.229355168,0.000000000,0.000000000,202.000,243.000,243.000
1786790135748,XAUT_USDT,demo,0,stale_binance,0,0.000000000,0.500000000,0.000000000,0.000000000,0.229355168,0.000000000,0.000000000,320.000,361.000,361.000
1786790135867,XAUT_USDT,demo,0,stale_binance,0,0.000000000,0.500000000,0.000000000,0.000000000,0.229355168,0.000000000,0.000000000,439.000,52.000,52.000
1786790136701,XAUT_USDT,demo,0,stale_binance,0,0.000000000,0.500000000,0.000000000,0.000000000,0.229355168,0.000000000,0.000000000,1273.000,198.000,198.000
1786790136830,XAUT_USDT,demo,0,stale_binance,0,0.000000000,0.500000000,0.000000000,0.000000000,0.229355168,0.000000000,0.000000000,1402.000,66.000,66.000
1786790136971,XAUT_USDT,demo,0,stale_binance,0,0.000000000,0.500000000,0.000000000,0.000000000,0.229355168,0.000000000,0.000000000,1543.000,120.000,120.000
1786790137079,XAUT_USDT,demo,0,microspread_below_threshold,0,0.000000000,0.500000000,-0.447252579,-0.447252579,0.229355168,0.000000000,0.000000000,52.000,61.000,61.000
1786790137202,XAUT_USDT,demo,0,microspread_below_threshold,0,0.000000000,0.500000000,-0.447252579,-0.447252579,0.229355168,0.000000000,0.000000000,175.000,184.000,184.000
1786790137325,XAUT_USDT,demo,0,microspread_below_threshold,0,0.000000000,0.500000000,-0.447252579,-0.447252579,0.229355168,0.000000000,0.000000000,298.000,307.000,307.000
1786790137450,XAUT_USDT,demo,0,stale_binance,0,0.000000000,0.500000000,0.000000000,0.000000000,0.229355168,0.000000000,0.000000000,423.000,0.000,0.000
1786790137597,XAUT_USDT,demo,0,stale_binance,0,0.000000000,0.500000000,0.000000000,0.000000000,0.229355168,0.000000000,0.000000000,570.000,53.000,53.000
1786790137707,XAUT_USDT,demo,0,stale_binance,0,0.000000000,0.500000000,0.000000000,0.000000000,0.229355168,0.000000000,0.000000000,680.000,0.000,0.000
1786790137863,XAUT_USDT,demo,0,stale_binance,0,0.000000000,0.500000000,0.000000000,0.000000000,0.229355168,0.000000000,0.000000000,836.000,68.000,68.000
1786790138002,XAUT_USDT,demo,0,stale_binance,0,0.000000000,0.500000000,0.000000000,0.000000000,0.229355168,0.000000000,0.000000000,975.000,122.000,122.000
1786790138119,XAUT_USDT,demo,0,stale_binance,0,0.000000000,0.500000000,0.000000000,0.000000000,0.229355168,0.000000000,0.000000000,1092.000,239.000,239.000
1786790138277,XAUT_USDT,demo,0,stale_binance,0,0.000000000,0.500000000,0.000000000,0.000000000,0.229355168,0.000000000,0.000000000,1250.000,60.000,60.000
1786790138400,XAUT_USDT,demo,0,stale_binance,0,0.000000000,0.500000000,0.000000000,0.000000000,0.229355168,0.000000000,0.000000000,1373.000,0.000,0.000
1786790138524,XAUT_USDT,demo,0,stale_binance,0,0.000000000,0.500000000,0.000000000,0.000000000,0.229355168,0.000000000,0.000000000,1497.000,124.000,124.000
1786790138680,XAUT_USDT,demo,0,stale_binance,0,0.000000000,0.500000000,0.000000000,0.000000000,0.229355168,0.000000000,0.000000000,1653.000,118.000,118.000
1786790138811,XAUT_USDT,demo,0,microspread_below_threshold,0,0.000000000,0.500000000,-0.447252579,-0.447252579,0.229355168,0.000000000,0.000000000,0.000,249.000,249.000
1786790138915,XAUT_USDT,demo,0,microspread_below_threshold,0,0.000000000,0.500000000,-0.447252579,-0.447252579,0.229355168,0.000000000,0.000000000,104.000,0.000,0.000
1786790139067,XAUT_USDT,demo,0,microspread_below_threshold,0,0.000000000,0.500000000,-0.447252579,-0.447252579,0.229355168,0.000000000,0.000000000,256.000,61.000,61.000
1786790139251,XAUT_USDT,demo,0,microspread_below_threshold,0,0.000000000,0.500000000,-0.447252579,-0.447252579,0.229355168,0.000000000,0.000000000,182.000,245.000,245.000
1786790139384,XAUT_USDT,demo,0,microspread_below_threshold,0,0.000000000,0.500000000,-0.447252579,-0.447252579,0.229355168,0.000000000,0.000000000,129.000,129.000,129.000
1786790139565,XAUT_USDT,demo,0,stale_binance,0,0.000000000,0.500000000,0.000000000,0.000000000,0.229355168,0.000000000,0.000000000,310.000,140.000,140.000
1786790139708,XAUT_USDT,demo,0,stale_binance,0,0.000000000,0.500000000,0.000000000,0.000000000,0.229355168,0.000000000,0.000000000,453.000,283.000,283.000
1786790139816,XAUT_USDT,demo,0,stale_binance,0,0.000000000,0.500000000,0.000000000,0.000000000,0.229355168,0.000000000,0.000000000,561.000,391.000,391.000
1786790139927,XAUT_USDT,demo,0,stale_binance,0,0.000000000,0.500000000,0.000000000,0.000000000,0.229355168,0.000000000,0.000000000,672.000,63.000,63.000
1786790140070,XAUT_USDT,demo,0,stale_binance,0,0.000000000,0.500000000,0.000000000,0.000000000,0.229355168,0.000000000,0.000000000,815.000,129.000,129.000
1786790140202,XAUT_USDT,demo,0,stale_binance,0,0.000000000,0.500000000,0.000000000,0.000000000,0.229355168,0.000000000,0.000000000,947.000,1.000,1.000
1786790140344,XAUT_USDT,demo,0,stale_binance,0,0.000000000,0.500000000,0.000000000,0.000000000,0.229355168,0.000000000,0.000000000,1089.000,61.000,61.000
1786790140453,XAUT_USDT,demo,0,stale_binance,0,0.000000000,0.500000000,0.000000000,0.000000000,0.229355168,0.000000000,0.000000000,1198.000,0.000,0.000
1786790140608,XAUT_USDT,demo,0,stale_binance,0,0.000000000,0.500000000,0.000000000,0.000000000,0.229355168,0.000000000,0.000000000,1353.000,66.000,66.000
1786790140731,XAUT_USDT,demo,0,stale_binance,0,0.000000000,0.500000000,0.000000000,0.000000000,0.229355168,0.000000000,0.000000000,1476.000,189.000,189.000
1786790140869,XAUT_USDT,demo,0,stale_binance,0,0.000000000,0.500000000,0.000000000,0.000000000,0.229355168,0.000000000,0.000000000,1614.000,60.000,60.000
1786790140974,XAUT_USDT,demo,0,stale_binance,0,0.000000000,0.500000000,0.000000000,0.000000000,0.229355168,0.000000000,0.000000000,1719.000,0.000,0.000
1786790141715,XAUT_USDT,demo,0,stale_binance,0,0.000000000,0.500000000,0.000000000,0.000000000,0.229355168,0.000000000,0.000000000,2460.000,282.000,282.000
1786790141836,XAUT_USDT,demo,0,stale_binance,0,0.000000000,0.500000000,0.000000000,0.000000000,0.229355168,0.000000000,0.000000000,2581.000,0.000,0.000
1786790141976,XAUT_USDT,demo,0,stale_binance,0,0.000000000,0.500000000,0.000000000,0.000000000,0.229355168,0.000000000,0.000000000,2721.000,53.000,53.000
1786790142098,XAUT_USDT,demo,0,stale_binance,0,0.000000000,0.500000000,0.000000000,0.000000000,0.229355168,0.000000000,0.000000000,2843.000,175.000,175.000
1786790142217,XAUT_USDT,demo,0,stale_binance,0,0.000000000,0.500000000,0.000000000,0.000000000,0.229355168,0.000000000,0.000000000,2962.000,294.000,294.000
1786790142332,XAUT_USDT,demo,0,microspread_below_threshold,0,0.000000000,0.500000000,-0.447252579,-0.447252579,0.229355168,0.000000000,0.000000000,82.000,51.000,51.000
1786790142480,XAUT_USDT,demo,0,microspread_below_threshold,0,0.000000000,0.500000000,-0.447252579,-0.447252579,0.229355168,0.000000000,0.000000000,230.000,126.000,126.000
1786790142611,XAUT_USDT,demo,0,stale_binance,0,0.000000000,0.500000000,0.000000000,0.000000000,0.229355168,0.000000000,0.000000000,361.000,63.000,63.000
1786790142729,XAUT_USDT,demo,0,stale_binance,0,0.000000000,0.500000000,0.000000000,0.000000000,0.229355168,0.000000000,0.000000000,479.000,181.000,181.000
1786790142839,XAUT_USDT,demo,0,stale_binance,0,0.000000000,0.500000000,0.000000000,0.000000000,0.229355168,0.000000000,0.000000000,589.000,58.000,58.000
1786790142944,XAUT_USDT,demo,0,microspread_below_threshold,0,0.000000000,0.500000000,-0.447252579,-0.447252579,0.229355168,0.000000000,0.000000000,0.000,74.000,74.000
1786790143074,XAUT_USDT,demo,0,microspread_below_threshold,0,0.000000000,0.500000000,-0.447252579,-0.447252579,0.229355168,0.000000000,0.000000000,130.000,115.000,115.000
1786790143224,XAUT_USDT,demo,0,microspread_below_threshold,0,0.000000000,0.500000000,-0.447252579,-0.447252579,0.229355168,0.000000000,0.000000000,58.000,265.000,265.000
1786790143368,XAUT_USDT,demo,0,microspread_below_threshold,0,0.000000000,0.500000000,-0.447252579,-0.447252579,0.229355168,0.000000000,0.000000000,202.000,64.000,64.000
1786790143469,XAUT_USDT,demo,0,stale_binance,0,0.000000000,0.500000000,0.000000000,0.000000000,0.229355168,0.000000000,0.000000000,303.000,0.000,0.000
1786790143600,XAUT_USDT,demo,0,microspread_below_threshold,0,0.000000000,0.500000000,-0.447252579,-0.447252579,0.229355168,0.000000000,0.000000000,71.000,131.000,131.000
1786790143729,XAUT_USDT,demo,0,microspread_below_threshold,0,0.000000000,0.500000000,-0.447252579,-0.447252579,0.229355168,0.000000000,0.000000000,200.000,0.000,0.000
1786790143852,XAUT_USDT,demo,0,stale_binance,0,0.000000000,0.500000000,0.000000000,0.000000000,0.229355168,0.000000000,0.000000000,323.000,123.000,123.000
1786790143960,XAUT_USDT,demo,0,stale_binance,0,0.000000000,0.500000000,0.000000000,0.000000000,0.229355168,0.000000000,0.000000000,431.000,60.000,60.000
1786790144084,XAUT_USDT,demo,0,stale_binance,0,0.000000000,0.500000000,0.000000000,0.000000000,0.229355168,0.000000000,0.000000000,555.000,184.000,184.000
1786790144209,XAUT_USDT,demo,0,stale_binance,0,0.000000000,0.500000000,0.000000000,0.000000000,0.229355168,0.000000000,0.000000000,680.000,309.000,309.000
1786790144327,XAUT_USDT,demo,0,stale_binance,0,0.000000000,0.500000000,0.000000000,0.000000000,0.229355168,0.000000000,0.000000000,798.000,0.000,0.000
1786790144473,XAUT_USDT,demo,0,stale_binance,0,0.000000000,0.500000000,0.000000000,0.000000000,0.229355168,0.000000000,0.000000000,944.000,53.000,53.000
1786790144629,XAUT_USDT,demo,0,stale_binance,0,0.000000000,0.500000000,0.000000000,0.000000000,0.229355168,0.000000000,0.000000000,1100.000,125.000,125.000
1786790144751,XAUT_USDT,demo,0,stale_binance,0,0.000000000,0.500000000,0.000000000,0.000000000,0.229355168,0.000000000,0.000000000,1222.000,247.000,247.000
1786790144907,XAUT_USDT,demo,0,stale_binance,0,0.000000000,0.500000000,0.000000000,0.000000000,0.229355168,0.000000000,0.000000000,1378.000,57.000,57.000
1786790145019,XAUT_USDT,demo,0,stale_binance,0,0.000000000,0.500000000,0.000000000,0.000000000,0.229355168,0.000000000,0.000000000,1490.000,1.000,1.000
1786790145128,XAUT_USDT,demo,0,stale_binance,0,0.000000000,0.500000000,0.000000000,0.000000000,0.229355168,0.000000000,0.000000000,1599.000,110.000,110.000
1786790145253,XAUT_USDT,demo,0,stale_binance,0,0.000000000,0.500000000,0.000000000,0.000000000,0.229355168,0.000000000,0.000000000,1724.000,235.000,235.000
1786790145365,XAUT_USDT,demo,0,stale_binance,0,0.000000000,0.500000000,0.000000000,0.000000000,0.229355168,0.000000000,0.000000000,1836.000,1.000,1.000
1786790145500,XAUT_USDT,demo,0,stale_binance,0,0.000000000,0.500000000,0.000000000,0.000000000,0.229355168,0.000000000,0.000000000,1971.000,54.000,54.000
1786790145617,XAUT_USDT,demo,0,stale_binance,0,0.000000000,0.500000000,0.000000000,0.000000000,0.229355168,0.000000000,0.000000000,2088.000,0.000,0.000
1786790145762,XAUT_USDT,demo,0,stale_binance,0,0.000000000,0.500000000,0.000000000,0.000000000,0.229355168,0.000000000,0.000000000,2233.000,61.000,61.000
1786790145920,XAUT_USDT,demo,0,stale_binance,0,0.000000000,0.500000000,0.000000000,0.000000000,0.229355168,0.000000000,0.000000000,2391.000,125.000,125.000
1786790146766,XAUT_USDT,demo,0,stale_binance,0,0.000000000,0.500000000,0.000000000,0.000000000,0.229355168,0.000000000,0.000000000,754.000,183.000,183.000
1786790146875,XAUT_USDT,demo,0,stale_binance,0,0.000000000,0.500000000,0.000000000,0.000000000,0.229355168,0.000000000,0.000000000,863.000,54.000,54.000
1786790147026,XAUT_USDT,demo,0,stale_binance,0,0.000000000,0.500000000,0.000000000,0.000000000,0.229355168,0.000000000,0.000000000,1014.000,120.000,120.000
1786790147137,XAUT_USDT,demo,0,stale_binance,0,0.000000000,0.500000000,0.000000000,0.000000000,0.229355168,0.000000000,0.000000000,1125.000,60.000,60.000
1786790147252,XAUT_USDT,demo,0,stale_binance,0,0.000000000,0.500000000,0.000000000,0.000000000,0.229355168,0.000000000,0.000000000,1240.000,0.000,0.000
1786790147376,XAUT_USDT,demo,0,microspread_below_threshold,0,0.000000000,0.500000000,-0.447252579,-0.447252579,0.229355168,0.000000000,0.000000000,0.000,44.000,44.000
1786790147521,XAUT_USDT,demo,0,microspread_below_threshold,0,0.000000000,0.500000000,-0.447252579,-0.447252579,0.229355168,0.000000000,0.000000000,145.000,58.000,58.000
1786790147624,XAUT_USDT,demo,0,microspread_below_threshold,0,0.000000000,0.500000000,-0.447252579,-0.447252579,0.229355168,0.000000000,0.000000000,0.000,161.000,161.000
1786790147734,XAUT_USDT,demo,0,microspread_below_threshold,0,0.000000000,0.500000000,-0.447252579,-0.447252579,0.229355168,0.000000000,0.000000000,66.000,271.000,271.000
1786790147843,XAUT_USDT,demo,0,microspread_below_threshold,0,0.000000000,0.500000000,-0.447252579,-0.447252579,0.229355168,0.000000000,0.000000000,175.000,65.000,65.000
1786790147951,XAUT_USDT,demo,0,microspread_below_threshold,0,0.000000000,0.500000000,-0.447252579,-0.447252579,0.229355168,0.000000000,0.000000000,65.000,103.000,103.000
1786790148075,XAUT_USDT,demo,0,microspread_below_threshold,0,0.000000000,0.500000000,-0.447252579,-0.447252579,0.229355168,0.000000000,0.000000000,189.000,54.000,54.000
1786790148191,XAUT_USDT,demo,0,stale_binance,0,0.000000000,0.500000000,0.000000000,0.000000000,0.229355168,0.000000000,0.000000000,305.000,1.000,1.000
1786790148337,XAUT_USDT,demo,0,stale_binance,0,0.000000000,0.500000000,0.000000000,0.000000000,0.229355168,0.000000000,0.000000000,451.000,62.000,62.000
1786790148491,XAUT_USDT,demo,0,stale_binance,0,0.000000000,0.500000000,0.000000000,0.000000000,0.229355168,0.000000000,0.000000000,605.000,120.000,120.000
1786790148597,XAUT_USDT,demo,0,stale_binance,0,0.000000000,0.500000000,0.000000000,0.000000000,0.229355168,0.000000000,0.000000000,711.000,56.000,56.000
1786790148729,XAUT_USDT,demo,0,stale_binance,0,0.000000000,0.500000000,0.000000000,0.000000000,0.229355168,0.000000000,0.000000000,843.000,188.000,188.000
1786790148860,XAUT_USDT,demo,0,microspread_below_threshold,0,0.000000000,0.500000000,-0.447252579,-0.447252579,0.229355168,0.000000000,0.000000000,72.000,53.000,53.000
1786790149016,XAUT_USDT,demo,0,microspread_below_threshold,0,0.000000000,0.500000000,-0.447252579,-0.447252579,0.229355168,0.000000000,0.000000000,228.000,128.000,128.000
1786790149135,XAUT_USDT,demo,0,stale_binance,0,0.000000000,0.500000000,0.000000000,0.000000000,0.229355168,0.000000000,0.000000000,347.000,60.000,60.000
1786790149306,XAUT_USDT,demo,0,microspread_below_threshold,0,0.000000000,0.500000000,-0.447252579,-0.447252579,0.229355168,0.000000000,0.000000000,72.000,231.000,231.000
1786790149447,XAUT_USDT,demo,0,microspread_below_threshold,0,0.000000000,0.500000000,-0.447252579,-0.447252579,0.229355168,0.000000000,0.000000000,213.000,53.000,53.000
1786790149620,XAUT_USDT,demo,0,stale_binance,0,0.000000000,0.500000000,0.000000000,0.000000000,0.229355168,0.000000000,0.000000000,386.000,138.000,138.000
1786790149741,XAUT_USDT,demo,0,stale_binance,0,0.000000000,0.500000000,0.000000000,0.000000000,0.229355168,0.000000000,0.000000000,507.000,259.000,259.000
1786790149880,XAUT_USDT,demo,0,stale_binance,0,0.000000000,0.500000000,0.000000000,0.000000000,0.229355168,0.000000000,0.000000000,646.000,58.000,58.000
1786790150040,XAUT_USDT,demo,0,stale_binance,0,0.000000000,0.500000000,0.000000000,0.000000000,0.229355168,0.000000000,0.000000000,806.000,128.000,128.000
1786790150150,XAUT_USDT,demo,0,stale_binance,0,0.000000000,0.500000000,0.000000000,0.000000000,0.229355168,0.000000000,0.000000000,916.000,238.000,238.000
1786790150252,XAUT_USDT,demo,0,stale_binance,0,0.000000000,0.500000000,0.000000000,0.000000000,0.229355168,0.000000000,0.000000000,1018.000,0.000,0.000
1786790150407,XAUT_USDT,demo,0,stale_binance,0,0.000000000,0.500000000,0.000000000,0.000000000,0.229355168,0.000000000,0.000000000,1173.000,65.000,65.000
1786790150571,XAUT_USDT,demo,0,stale_binance,0,0.000000000,0.500000000,0.000000000,0.000000000,0.229355168,0.000000000,0.000000000,1337.000,147.000,147.000
1786790150696,XAUT_USDT,demo,0,stale_binance,0,0.000000000,0.500000000,0.000000000,0.000000000,0.229355168,0.000000000,0.000000000,1462.000,272.000,272.000
1786790150825,XAUT_USDT,demo,0,microspread_below_threshold,0,0.000000000,0.500000000,-0.447252579,-0.447252579,0.229355168,0.000000000,0.000000000,0.000,60.000,60.000
1786790150940,XAUT_USDT,demo,0,microspread_below_threshold,0,0.000000000,0.500000000,-0.447252579,-0.447252579,0.229355168,0.000000000,0.000000000,115.000,0.000,0.000
1786790152003,XAUT_USDT,demo,0,stale_binance,0,0.000000000,0.500000000,0.000000000,0.000000000,0.229355168,0.000000000,0.000000000,350.000,115.000,115.000
1786790152120,XAUT_USDT,demo,0,stale_binance,0,0.000000000,0.500000000,0.000000000,0.000000000,0.229355168,0.000000000,0.000000000,467.000,60.000,60.000
1786790152244,XAUT_USDT,demo,0,stale_binance,0,0.000000000,0.500000000,0.000000000,0.000000000,0.229355168,0.000000000,0.000000000,591.000,184.000,184.000
1786790152376,XAUT_USDT,demo,0,stale_binance,0,0.000000000,0.500000000,0.000000000,0.000000000,0.229355168,0.000000000,0.000000000,723.000,57.000,57.000
1786790152524,XAUT_USDT,demo,0,stale_binance,0,0.000000000,0.500000000,0.000000000,0.000000000,0.229355168,0.000000000,0.000000000,871.000,122.000,122.000
1786790152640,XAUT_USDT,demo,0,stale_binance,0,0.000000000,0.500000000,0.000000000,0.000000000,0.229355168,0.000000000,0.000000000,987.000,238.000,238.000
1786790152745,XAUT_USDT,demo,0,stale_binance,0,0.000000000,0.500000000,0.000000000,0.000000000,0.229355168,0.000000000,0.000000000,1092.000,0.000,0.000
1786790152894,XAUT_USDT,demo,0,stale_binance,0,0.000000000,0.500000000,0.000000000,0.000000000,0.229355168,0.000000000,0.000000000,1241.000,61.000,61.000
1786790153043,XAUT_USDT,demo,0,stale_binance,0,0.000000000,0.500000000,0.000000000,0.000000000,0.229355168,0.000000000,0.000000000,1390.000,125.000,125.000
1786790153147,XAUT_USDT,demo,0,stale_binance,0,0.000000000,0.500000000,0.000000000,0.000000000,0.229355168,0.000000000,0.000000000,1494.000,54.000,54.000
1786790153263,XAUT_USDT,demo,0,stale_binance,0,0.000000000,0.500000000,0.000000000,0.000000000,0.229355168,0.000000000,0.000000000,1610.000,0.000,0.000
1786790153408,XAUT_USDT,demo,0,stale_binance,0,0.000000000,0.500000000,0.000000000,0.000000000,0.229355168,0.000000000,0.000000000,1755.000,57.000,57.000
1786790153525,XAUT_USDT,demo,0,stale_binance,0,0.000000000,0.500000000,0.000000000,0.000000000,0.229355168,0.000000000,0.000000000,1872.000,0.000,0.000
1786790153656,XAUT_USDT,demo,0,stale_binance,0,0.000000000,0.500000000,0.000000000,0.000000000,0.229355168,0.000000000,0.000000000,2003.000,51.000,51.000
1786790153780,XAUT_USDT,demo,0,stale_binance,0,0.000000000,0.500000000,0.000000000,0.000000000,0.229355168,0.000000000,0.000000000,2127.000,175.000,175.000
1786790153925,XAUT_USDT,demo,0,stale_binance,0,0.000000000,0.500000000,0.000000000,0.000000000,0.229355168,0.000000000,0.000000000,2272.000,53.000,53.000
1786790154079,XAUT_USDT,demo,0,stale_binance,0,0.000000000,0.500000000,0.000000000,0.000000000,0.229355168,0.000000000,0.000000000,2426.000,126.000,126.000
1786790154203,XAUT_USDT,demo,0,stale_binance,0,0.000000000,0.500000000,0.000000000,0.000000000,0.229355168,0.000000000,0.000000000,2550.000,250.000,250.000
1786790154349,XAUT_USDT,demo,0,stale_binance,0,0.000000000,0.500000000,0.000000000,0.000000000,0.229355168,0.000000000,0.000000000,2696.000,54.000,54.000
1786790154468,XAUT_USDT,demo,0,stale_binance,0,0.000000000,0.500000000,0.000000000,0.000000000,0.229355168,0.000000000,0.000000000,2815.000,0.000,0.000
1786790154594,XAUT_USDT,demo,0,stale_binance,0,0.000000000,0.500000000,0.000000000,0.000000000,0.229355168,0.000000000,0.000000000,2941.000,126.000,126.000
1786790154717,XAUT_USDT,demo,0,stale_binance,0,0.000000000,0.500000000,0.000000000,0.000000000,0.229355168,0.000000000,0.000000000,3064.000,249.000,249.000
1786790154866,XAUT_USDT,demo,0,stale_binance,0,0.000000000,0.500000000,0.000000000,0.000000000,0.229355168,0.000000000,0.000000000,3213.000,52.000,52.000
1786790155023,XAUT_USDT,demo,0,stale_binance,0,0.000000000,0.500000000,0.000000000,0.000000000,0.229355168,0.000000000,0.000000000,3370.000,125.000,125.000
1786790155144,XAUT_USDT,demo,0,stale_binance,0,0.000000000,0.500000000,0.000000000,0.000000000,0.229355168,0.000000000,0.000000000,3491.000,246.000,246.000
1786790155263,XAUT_USDT,demo,0,stale_binance,0,0.000000000,0.500000000,0.000000000,0.000000000,0.229355168,0.000000000,0.000000000,3610.000,365.000,365.000
1786790155387,XAUT_USDT,demo,0,stale_binance,0,0.000000000,0.500000000,0.000000000,0.000000000,0.229355168,0.000000000,0.000000000,3734.000,61.000,61.000
1786790155517,XAUT_USDT,demo,0,stale_binance,0,0.000000000,0.500000000,0.000000000,0.000000000,0.229355168,0.000000000,0.000000000,3864.000,111.000,111.000
1786790155637,XAUT_USDT,demo,0,stale_binance,0,0.000000000,0.500000000,0.000000000,0.000000000,0.229355168,0.000000000,0.000000000,3984.000,58.000,58.000
1786790155747,XAUT_USDT,demo,0,stale_binance,0,0.000000000,0.500000000,0.000000000,0.000000000,0.229355168,0.000000000,0.000000000,4094.000,168.000,168.000
1786790155897,XAUT_USDT,demo,0,stale_binance,0,0.000000000,0.500000000,0.000000000,0.000000000,0.229355168,0.000000000,0.000000000,4244.000,56.000,56.000
1786790156012,XAUT_USDT,demo,0,stale_binance,0,0.000000000,0.500000000,0.000000000,0.000000000,0.229355168,0.000000000,0.000000000,4359.000,0.000,0.000
1786790156830,XAUT_USDT,demo,0,stale_binance,0,0.000000000,0.500000000,0.000000000,0.000000000,0.229355168,0.000000000,0.000000000,5177.000,55.000,55.000
1786790156932,XAUT_USDT,demo,0,stale_binance,0,0.000000000,0.500000000,0.000000000,0.000000000,0.229355168,0.000000000,0.000000000,5279.000,56.000,56.000
1786790157037,XAUT_USDT,demo,0,stale_binance,0,0.000000000,0.500000000,0.000000000,0.000000000,0.229355168,0.000000000,0.000000000,5384.000,0.000,0.000
1786790157169,XAUT_USDT,demo,0,stale_binance,0,0.000000000,0.500000000,0.000000000,0.000000000,0.229355168,0.000000000,0.000000000,5516.000,132.000,132.000
1786790157282,XAUT_USDT,demo,0,stale_binance,0,0.000000000,0.500000000,0.000000000,0.000000000,0.229355168,0.000000000,0.000000000,5629.000,245.000,245.000
1786790157390,XAUT_USDT,demo,0,stale_binance,0,0.000000000,0.500000000,0.000000000,0.000000000,0.229355168,0.000000000,0.000000000,5737.000,0.000,0.000
1786790157529,XAUT_USDT,demo,0,stale_binance,0,0.000000000,0.500000000,0.000000000,0.000000000,0.229355168,0.000000000,0.000000000,5876.000,62.000,62.000
1786790157657,XAUT_USDT,demo,0,stale_binance,0,0.000000000,0.500000000,0.000000000,0.000000000,0.229355168,0.000000000,0.000000000,6004.000,77.000,77.000
1786790157777,XAUT_USDT,demo,0,stale_binance,0,0.000000000,0.500000000,0.000000000,0.000000000,0.229355168,0.000000000,0.000000000,6124.000,197.000,197.000
1786790157885,XAUT_USDT,demo,0,stale_binance,0,0.000000000,0.500000000,0.000000000,0.000000000,0.229355168,0.000000000,0.000000000,6232.000,60.000,60.000
1786790157992,XAUT_USDT,demo,0,stale_binance,0,0.000000000,0.500000000,0.000000000,0.000000000,0.229355168,0.000000000,0.000000000,6339.000,0.000,0.000
1786790158121,XAUT_USDT,demo,0,stale_binance,0,0.000000000,0.500000000,0.000000000,0.000000000,0.229355168,0.000000000,0.000000000,6468.000,129.000,129.000
1786790158243,XAUT_USDT,demo,0,stale_binance,0,0.000000000,0.500000000,0.000000000,0.000000000,0.229355168,0.000000000,0.000000000,6590.000,251.000,251.000
1786790158368,XAUT_USDT,demo,0,stale_binance,0,0.000000000,0.500000000,0.000000000,0.000000000,0.229355168,0.000000000,0.000000000,6715.000,376.000,376.000
1786790158476,XAUT_USDT,demo,0,stale_binance,0,0.000000000,0.500000000,0.000000000,0.000000000,0.229355168,0.000000000,0.000000000,6823.000,62.000,62.000
1786790158598,XAUT_USDT,demo,0,stale_binance,0,0.000000000,0.500000000,0.000000000,0.000000000,0.229355168,0.000000000,0.000000000,6945.000,0.000,0.000
1786790158736,XAUT_USDT,demo,0,stale_binance,0,0.000000000,0.500000000,0.000000000,0.000000000,0.229355168,0.000000000,0.000000000,7083.000,62.000,62.000
1786790158850,XAUT_USDT,demo,0,stale_binance,0,0.000000000,0.500000000,0.000000000,0.000000000,0.229355168,0.000000000,0.000000000,7197.000,0.000,0.000
1786790158997,XAUT_USDT,demo,0,stale_binance,0,0.000000000,0.500000000,0.000000000,0.000000000,0.229355168,0.000000000,0.000000000,7344.000,61.000,61.000
1786790159107,XAUT_USDT,demo,0,stale_binance,0,0.000000000,0.500000000,0.000000000,0.000000000,0.229355168,0.000000000,0.000000000,7454.000,0.000,0.000
1786790159234,XAUT_USDT,demo,0,microspread_below_threshold,0,0.000000000,0.500000000,-0.447252579,-0.447252579,0.229355168,0.000000000,0.000000000,0.000,37.000,37.000
1786790159361,XAUT_USDT,demo,0,microspread_below_threshold,0,0.000000000,0.500000000,-0.447252579,-0.447252579,0.229355168,0.000000000,0.000000000,0.000,84.000,84.000
1786790159521,XAUT_USDT,demo,0,microspread_below_threshold,0,0.000000000,0.500000000,-0.447252579,-0.447252579,0.229355168,0.000000000,0.000000000,65.000,65.000,65.000
1786790159657,XAUT_USDT,demo,0,microspread_below_threshold,0,0.000000000,0.500000000,-0.447252579,-0.447252579,0.229355168,0.000000000,0.000000000,133.000,118.000,118.000
1786790159783,XAUT_USDT,demo,0,microspread_below_threshold,0,0.000000000,0.500000000,-0.447252579,-0.447252579,0.229355168,0.000000000,0.000000000,259.000,244.000,244.000
1786790159884,XAUT_USDT,demo,0,stale_binance,0,0.000000000,0.500000000,0.000000000,0.000000000,0.229355168,0.000000000,0.000000000,360.000,0.000,0.000
1786790159996,XAUT_USDT,demo,0,stale_binance,0,0.000000000,0.500000000,0.000000000,0.000000000,0.229355168,0.000000000,0.000000000,472.000,112.000,112.000
1786790160157,XAUT_USDT,demo,0,microspread_below_threshold,0,0.000000000,0.500000000,-0.447252579,-0.447252579,0.229355168,0.000000000,0.000000000,95.000,66.000,66.000
1786790160308,XAUT_USDT,demo,0,microspread_below_threshold,0,0.000000000,0.500000000,-0.447252579,-0.447252579,0.229355168,0.000000000,0.000000000,63.000,217.000,217.000
1786790160462,XAUT_USDT,demo,0,microspread_below_threshold,0,0.000000000,0.500000000,-0.447252579,-0.447252579,0.229355168,0.000000000,0.000000000,145.000,62.000,62.000
1786790160599,XAUT_USDT,demo,0,microspread_below_threshold,0,0.000000000,0.500000000,-0.447252579,-0.447252579,0.229355168,0.000000000,0.000000000,282.000,113.000,113.000
1786790160723,XAUT_USDT,demo,0,stale_binance,0,0.000000000,0.500000000,0.000000000,0.000000000,0.229355168,0.000000000,0.000000000,406.000,237.000,237.000
1786790160826,XAUT_USDT,demo,0,stale_binance,0,0.000000000,0.500000000,0.000000000,0.000000000,0.229355168,0.000000000,0.000000000,509.000,0.000,0.000
1786790160969,XAUT_USDT,demo,0,stale_binance,0,0.000000000,0.500000000,0.000000000,0.000000000,0.229355168,0.000000000,0.000000000,652.000,58.000,58.000
1786790161074,XAUT_USDT,demo,0,stale_binance,0,0.000000000,0.500000000,0.000000000,0.000000000,0.229355168,0.000000000,0.000000000,757.000,68.000,68.000
1786790162308,XAUT_USDT,demo,0,microspread_below_threshold,0,0.000000000,0.500000000,-0.447252579,-0.447252579,0.229355168,0.000000000,0.000000000,95.000,356.000,356.000
1786790162437,XAUT_USDT,demo,0,microspread_below_threshold,0,0.000000000,0.500000000,-0.447252579,-0.447252579,0.229355168,0.000000000,0.000000000,224.000,66.000,66.000
1786790162549,XAUT_USDT,demo,0,stale_binance,0,0.000000000,0.500000000,0.000000000,0.000000000,0.229355168,0.000000000,0.000000000,336.000,0.000,0.000
1786790162705,XAUT_USDT,demo,0,microspread_below_threshold,0,0.000000000,0.500000000,-0.447252579,-0.447252579,0.229355168,0.000000000,0.000000000,103.000,156.000,156.000
1786790162845,XAUT_USDT,demo,0,microspread_below_threshold,0,0.000000000,0.500000000,-0.447252579,-0.447252579,0.229355168,0.000000000,0.000000000,62.000,296.000,296.000
1786790162974,XAUT_USDT,demo,0,microspread_below_threshold,0,0.000000000,0.500000000,-0.447252579,-0.447252579,0.229355168,0.000000000,0.000000000,191.000,425.000,425.000
1786790163090,XAUT_USDT,demo,0,stale_binance,0,0.000000000,0.500000000,0.000000000,0.000000000,0.229355168,0.000000000,0.000000000,307.000,541.000,541.000
1786790163215,XAUT_USDT,demo,0,stale_binance,0,0.000000000,0.500000000,0.000000000,0.000000000,0.229355168,0.000000000,0.000000000,432.000,666.000,666.000
1786790163335,XAUT_USDT,demo,0,microspread_below_threshold,0,0.000000000,0.500000000,-0.447252579,-0.447252579,0.229355168,0.000000000,0.000000000,62.000,786.000,786.000
1786790163455,XAUT_USDT,demo,0,microspread_below_threshold,0,0.000000000,0.500000000,-0.447252579,-0.447252579,0.229355168,0.000000000,0.000000000,182.000,906.000,906.000
1786790163581,XAUT_USDT,demo,0,stale_binance,0,0.000000000,0.500000000,0.000000000,0.000000000,0.229355168,0.000000000,0.000000000,308.000,1032.000,1032.000
1786790163705,XAUT_USDT,demo,0,stale_binance,0,0.000000000,0.500000000,0.000000000,0.000000000,0.229355168,0.000000000,0.000000000,432.000,1156.000,1156.000
1786790163834,XAUT_USDT,demo,0,stale_binance,0,0.000000000,0.500000000,0.000000000,0.000000000,0.229355168,0.000000000,0.000000000,561.000,1285.000,1285.000
1786790163937,XAUT_USDT,demo,1,microspread_confirmed,-1,-0.894565173,0.500000000,-1.341817752,-0.447252579,0.229355168,-0.894565173,0.000000000,0.000,1388.000,1388.000
1786790164039,XAUT_USDT,demo,0,leader_micro_move_too_small,-1,-0.894565173,0.500000000,-1.341817752,-0.447252579,0.229355168,0.000000000,0.000000000,1.000,1490.000,1490.000
1786790164155,XAUT_USDT,demo,0,leader_micro_move_too_small,-1,-0.894565173,0.500000000,-1.341817752,-0.447252579,0.229355168,0.000000000,0.000000000,0.000,1606.000,1606.000
1786790164260,XAUT_USDT,demo,0,leader_micro_move_too_small,-1,-0.894565173,0.500000000,-1.341817752,-0.447252579,0.229355168,0.000000000,0.000000000,1.000,1711.000,1711.000
1786790164427,XAUT_USDT,demo,0,leader_micro_move_too_small,-1,-0.894565173,0.500000000,-1.341817752,-0.447252579,0.229355168,0.000000000,0.000000000,68.000,1878.000,1878.000
1786790165335,XAUT_USDT,demo,0,leader_micro_move_too_small,-1,-0.894565173,0.500000000,-1.341817752,-0.447252579,0.229355168,0.000000000,0.000000000,41.000,0.000,0.000
1786790165477,XAUT_USDT,demo,0,leader_micro_move_too_small,-1,-0.894565173,0.500000000,-1.341817752,-0.447252579,0.229355168,0.000000000,0.000000000,183.000,55.000,55.000
1786790165605,XAUT_USDT,demo,0,stale_binance,0,0.000000000,0.500000000,0.000000000,0.000000000,0.229355168,0.000000000,0.000000000,311.000,183.000,183.000
1786790165743,XAUT_USDT,demo,0,leader_micro_move_too_small,-1,-0.894565173,0.500000000,-1.341817752,-0.447252579,0.229355168,0.000000000,0.000000000,65.000,130.000,130.000
1786790165850,XAUT_USDT,demo,0,leader_micro_move_too_small,-1,-0.894565173,0.500000000,-1.341817752,-0.447252579,0.229355168,0.000000000,0.000000000,172.000,0.000,0.000
1786790165998,XAUT_USDT,demo,0,stale_binance,0,0.000000000,0.500000000,0.000000000,0.000000000,0.229355168,0.000000000,0.000000000,320.000,66.000,66.000
1786790166137,XAUT_USDT,demo,0,stale_binance,0,0.000000000,0.500000000,0.000000000,0.000000000,0.229355168,0.000000000,0.000000000,459.000,116.000,116.000
1786790167350,XAUT_USDT,demo,0,stale_binance,0,0.000000000,0.500000000,0.000000000,0.000000000,0.229355168,0.000000000,0.000000000,510.000,281.000,281.000
1786790167475,XAUT_USDT,demo,0,stale_binance,0,0.000000000,0.500000000,0.000000000,0.000000000,0.229355168,0.000000000,0.000000000,635.000,406.000,406.000
1786790167592,XAUT_USDT,demo,0,stale_binance,0,0.000000000,0.500000000,0.000000000,0.000000000,0.229355168,0.000000000,0.000000000,752.000,523.000,523.000
1786790167712,XAUT_USDT,demo,0,stale_binance,0,0.000000000,0.500000000,0.000000000,0.000000000,0.229355168,0.000000000,0.000000000,872.000,643.000,643.000
1786790167834,XAUT_USDT,demo,0,stale_binance,0,0.000000000,0.500000000,0.000000000,0.000000000,0.229355168,0.000000000,0.000000000,994.000,765.000,765.000
1786790167959,XAUT_USDT,demo,0,stale_binance,0,0.000000000,0.500000000,0.000000000,0.000000000,0.229355168,0.000000000,0.000000000,1119.000,890.000,890.000
1786790168084,XAUT_USDT,demo,0,stale_binance,0,0.000000000,0.500000000,0.000000000,0.000000000,0.229355168,0.000000000,0.000000000,1244.000,1015.000,1015.000
1786790168209,XAUT_USDT,demo,0,stale_binance,0,0.000000000,0.500000000,0.000000000,0.000000000,0.229355168,0.000000000,0.000000000,1369.000,1140.000,1140.000
1786790168332,XAUT_USDT,demo,0,stale_binance,0,0.000000000,0.500000000,0.000000000,0.000000000,0.229355168,0.000000000,0.000000000,1492.000,1263.000,1263.000
1786790168487,XAUT_USDT,demo,0,microspread_below_threshold,0,0.000000000,0.500000000,-1.341817752,-1.341817752,0.229355168,0.000000000,0.000000000,114.000,1418.000,1418.000
1786790168599,XAUT_USDT,demo,0,microspread_below_threshold,0,0.000000000,0.500000000,-1.341817752,-1.341817752,0.229355168,0.000000000,0.000000000,0.000,1530.000,1530.000
1786790168720,XAUT_USDT,demo,0,microspread_below_threshold,0,0.000000000,0.500000000,-1.341817752,-1.341817752,0.229355168,0.000000000,0.000000000,121.000,1651.000,1651.000
1786790168842,XAUT_USDT,demo,0,microspread_below_threshold,0,0.000000000,0.500000000,-1.341817752,-1.341817752,0.229355168,0.000000000,0.000000000,53.000,1773.000,1773.000
1786790168947,XAUT_USDT,demo,0,microspread_below_threshold,0,0.000000000,0.500000000,-1.341817752,-1.341817752,0.229355168,0.000000000,0.000000000,0.000,1878.000,1878.000
1786790171967,XAUT_USDT,demo,0,microspread_below_threshold,0,0.000000000,0.500000000,-1.341817752,-1.341817752,0.229355168,0.000000000,0.000000000,71.000,70.000,70.000
1786790172091,XAUT_USDT,demo,0,microspread_below_threshold,0,0.000000000,0.500000000,-1.341817752,-1.341817752,0.229355168,0.000000000,0.000000000,195.000,117.000,117.000
1786790172215,XAUT_USDT,demo,0,stale_binance,0,0.000000000,0.500000000,0.000000000,0.000000000,0.229355168,0.000000000,0.000000000,319.000,241.000,241.000
1786790172322,XAUT_USDT,demo,0,stale_binance,0,0.000000000,0.500000000,0.000000000,0.000000000,0.229355168,0.000000000,0.000000000,426.000,1.000,1.000
1786790172446,XAUT_USDT,demo,0,stale_binance,0,0.000000000,0.500000000,0.000000000,0.000000000,0.229355168,0.000000000,0.000000000,550.000,125.000,125.000
1786790172555,XAUT_USDT,demo,0,stale_binance,0,0.000000000,0.500000000,0.000000000,0.000000000,0.229355168,0.000000000,0.000000000,659.000,60.000,60.000
1786790172704,XAUT_USDT,demo,0,stale_binance,0,0.000000000,0.500000000,0.000000000,0.000000000,0.229355168,0.000000000,0.000000000,808.000,117.000,117.000
1786790172820,XAUT_USDT,demo,0,stale_binance,0,0.000000000,0.500000000,0.000000000,0.000000000,0.229355168,0.000000000,0.000000000,924.000,233.000,233.000
1786790172945,XAUT_USDT,demo,0,stale_binance,0,0.000000000,0.500000000,0.000000000,0.000000000,0.229355168,0.000000000,0.000000000,1049.000,358.000,358.000
1786790173075,XAUT_USDT,demo,0,microspread_below_threshold,0,0.000000000,0.500000000,-1.341817752,-1.341817752,0.229355168,0.000000000,0.000000000,0.000,53.000,53.000
1786790173207,XAUT_USDT,demo,0,microspread_below_threshold,0,0.000000000,0.500000000,-1.341817752,-1.341817752,0.229355168,0.000000000,0.000000000,0.000,108.000,108.000
1786790173343,XAUT_USDT,demo,0,microspread_below_threshold,0,0.000000000,0.500000000,-1.341817752,-1.341817752,0.229355168,0.000000000,0.000000000,120.000,244.000,244.000
1786790173449,XAUT_USDT,demo,0,microspread_below_threshold,0,0.000000000,0.500000000,-1.341817752,-1.341817752,0.229355168,0.000000000,0.000000000,226.000,1.000,1.000
1786790173551,XAUT_USDT,demo,0,microspread_below_threshold,0,0.000000000,0.500000000,-1.341817752,-1.341817752,0.229355168,0.000000000,0.000000000,0.000,13.000,13.000
1786790173658,XAUT_USDT,demo,0,microspread_below_threshold,0,0.000000000,0.500000000,-1.341817752,-1.341817752,0.229355168,0.000000000,0.000000000,107.000,120.000,120.000
1786790173787,XAUT_USDT,demo,0,microspread_below_threshold,0,0.000000000,0.500000000,-1.341817752,-1.341817752,0.229355168,0.000000000,0.000000000,53.000,0.000,0.000
1786790173907,XAUT_USDT,demo,0,microspread_below_threshold,0,0.000000000,0.500000000,-1.341817752,-1.341817752,0.229355168,0.000000000,0.000000000,173.000,120.000,120.000
1786790174019,XAUT_USDT,demo,0,microspread_below_threshold,0,0.000000000,0.500000000,-1.341817752,-1.341817752,0.229355168,0.000000000,0.000000000,0.000,232.000,232.000
1786790174140,XAUT_USDT,demo,0,microspread_below_threshold,0,0.000000000,0.500000000,-1.341817752,-1.341817752,0.229355168,0.000000000,0.000000000,121.000,353.000,353.000
1786790174262,XAUT_USDT,demo,0,microspread_below_threshold,0,0.000000000,0.500000000,-1.341817752,-1.341817752,0.229355168,0.000000000,0.000000000,1.000,475.000,475.000
1786790174389,XAUT_USDT,demo,0,microspread_below_threshold,0,0.000000000,0.500000000,-1.341817752,-1.341817752,0.229355168,0.000000000,0.000000000,120.000,602.000,602.000
1786790174515,XAUT_USDT,demo,0,microspread_below_threshold,0,0.000000000,0.500000000,-1.341817752,-1.341817752,0.229355168,0.000000000,0.000000000,246.000,728.000,728.000
1786790174639,XAUT_USDT,demo,0,stale_binance,0,0.000000000,0.500000000,0.000000000,0.000000000,0.229355168,0.000000000,0.000000000,370.000,852.000,852.000
1786790174753,XAUT_USDT,demo,0,stale_binance,0,0.000000000,0.500000000,0.000000000,0.000000000,0.229355168,0.000000000,0.000000000,484.000,966.000,966.000
1786790174871,XAUT_USDT,demo,0,stale_binance,0,0.000000000,0.500000000,0.000000000,0.000000000,0.229355168,0.000000000,0.000000000,602.000,1084.000,1084.000
1786790174992,XAUT_USDT,demo,0,stale_binance,0,0.000000000,0.500000000,0.000000000,0.000000000,0.229355168,0.000000000,0.000000000,723.000,1205.000,1205.000
1786790175132,XAUT_USDT,demo,0,microspread_below_threshold,0,0.000000000,0.500000000,-1.341817752,-1.341817752,0.229355168,0.000000000,0.000000000,120.000,1345.000,1345.000
1786790175255,XAUT_USDT,demo,0,microspread_below_threshold,0,0.000000000,0.500000000,-1.341817752,-1.341817752,0.229355168,0.000000000,0.000000000,243.000,1468.000,1468.000
1786790175375,XAUT_USDT,demo,0,stale_binance,0,0.000000000,0.500000000,0.000000000,0.000000000,0.229355168,0.000000000,0.000000000,363.000,1588.000,1588.000
1786790175500,XAUT_USDT,demo,0,stale_binance,0,0.000000000,0.500000000,0.000000000,0.000000000,0.229355168,0.000000000,0.000000000,488.000,1713.000,1713.000
1786790175623,XAUT_USDT,demo,0,stale_binance,0,0.000000000,0.500000000,0.000000000,0.000000000,0.229355168,0.000000000,0.000000000,611.000,1836.000,1836.000
1786790175742,XAUT_USDT,demo,0,stale_binance,0,0.000000000,0.500000000,0.000000000,0.000000000,0.229355168,0.000000000,0.000000000,730.000,1955.000,1955.000
1786790178431,XAUT_USDT,demo,0,microspread_below_threshold,0,0.000000000,0.500000000,-1.341817752,-1.341817752,0.229355168,0.000000000,0.000000000,140.000,0.000,0.000
1786790178547,XAUT_USDT,demo,0,microspread_below_threshold,0,0.000000000,0.500000000,-1.341817752,-1.341817752,0.229355168,0.000000000,0.000000000,256.000,116.000,116.000
1786790178670,XAUT_USDT,demo,0,stale_binance,0,0.000000000,0.500000000,0.000000000,0.000000000,0.229355168,0.000000000,0.000000000,379.000,54.000,54.000
1786790178787,XAUT_USDT,demo,0,stale_binance,0,0.000000000,0.500000000,0.000000000,0.000000000,0.229355168,0.000000000,0.000000000,496.000,0.000,0.000
1786790178939,XAUT_USDT,demo,0,stale_binance,0,0.000000000,0.500000000,0.000000000,0.000000000,0.229355168,0.000000000,0.000000000,648.000,58.000,58.000
1786790179063,XAUT_USDT,demo,0,stale_binance,0,0.000000000,0.500000000,0.000000000,0.000000000,0.229355168,0.000000000,0.000000000,772.000,182.000,182.000
1786790179189,XAUT_USDT,demo,0,stale_binance,0,0.000000000,0.500000000,0.000000000,0.000000000,0.229355168,0.000000000,0.000000000,898.000,0.000,0.000
1786790179311,XAUT_USDT,demo,0,stale_binance,0,0.000000000,0.500000000,0.000000000,0.000000000,0.229355168,0.000000000,0.000000000,1020.000,122.000,122.000
1786790179435,XAUT_USDT,demo,0,stale_binance,0,0.000000000,0.500000000,0.000000000,0.000000000,0.229355168,0.000000000,0.000000000,1144.000,246.000,246.000
1786790179557,XAUT_USDT,demo,0,stale_binance,0,0.000000000,0.500000000,0.000000000,0.000000000,0.229355168,0.000000000,0.000000000,1266.000,368.000,368.000
1786790179681,XAUT_USDT,demo,0,stale_binance,0,0.000000000,0.500000000,0.000000000,0.000000000,0.229355168,0.000000000,0.000000000,1390.000,492.000,492.000
1786790179805,XAUT_USDT,demo,0,stale_binance,0,0.000000000,0.500000000,0.000000000,0.000000000,0.229355168,0.000000000,0.000000000,1514.000,616.000,616.000
1786790179929,XAUT_USDT,demo,0,stale_binance,0,0.000000000,0.500000000,0.000000000,0.000000000,0.229355168,0.000000000,0.000000000,1638.000,117.000,117.000
1786790180051,XAUT_USDT,demo,0,microspread_below_threshold,0,0.000000000,0.500000000,-1.341817752,-1.341817752,0.229355168,0.000000000,0.000000000,55.000,239.000,239.000
1786790180205,XAUT_USDT,demo,0,microspread_below_threshold,0,0.000000000,0.500000000,-1.341817752,-1.341817752,0.229355168,0.000000000,0.000000000,58.000,393.000,393.000
1786790180327,XAUT_USDT,demo,0,microspread_below_threshold,0,0.000000000,0.500000000,-1.341817752,-1.341817752,0.229355168,0.000000000,0.000000000,180.000,515.000,515.000
1786790180450,XAUT_USDT,demo,0,microspread_below_threshold,0,0.000000000,0.500000000,-1.341817752,-1.341817752,0.229355168,0.000000000,0.000000000,50.000,638.000,638.000
1786790180572,XAUT_USDT,demo,0,microspread_below_threshold,0,0.000000000,0.500000000,-1.341817752,-1.341817752,0.229355168,0.000000000,0.000000000,172.000,760.000,760.000
1786790180696,XAUT_USDT,demo,0,microspread_below_threshold,0,0.000000000,0.500000000,-1.341817752,-1.341817752,0.229355168,0.000000000,0.000000000,296.000,884.000,884.000
1786790180818,XAUT_USDT,demo,0,stale_binance,0,0.000000000,0.500000000,0.000000000,0.000000000,0.229355168,0.000000000,0.000000000,418.000,1006.000,1006.000
1786790180943,XAUT_USDT,demo,0,stale_binance,0,0.000000000,0.500000000,0.000000000,0.000000000,0.229355168,0.000000000,0.000000000,543.000,1131.000,1131.000
1786790181067,XAUT_USDT,demo,0,stale_binance,0,0.000000000,0.500000000,0.000000000,0.000000000,0.229355168,0.000000000,0.000000000,667.000,1255.000,1255.000
1786790181188,XAUT_USDT,demo,0,stale_binance,0,0.000000000,0.500000000,0.000000000,0.000000000,0.229355168,0.000000000,0.000000000,788.000,1376.000,1376.000
1786790181318,XAUT_USDT,demo,0,stale_binance,0,0.000000000,0.500000000,0.000000000,0.000000000,0.229355168,0.000000000,0.000000000,918.000,1506.000,1506.000
1786790184637,XAUT_USDT,demo,0,stale_binance,0,0.000000000,0.500000000,0.000000000,0.000000000,0.229355168,0.000000000,0.000000000,355.000,0.000,0.000
1786790184766,XAUT_USDT,demo,0,stale_binance,0,0.000000000,0.500000000,0.000000000,0.000000000,0.229355168,0.000000000,0.000000000,484.000,129.000,129.000
1786790184882,XAUT_USDT,demo,0,stale_binance,0,0.000000000,0.500000000,0.000000000,0.000000000,0.229355168,0.000000000,0.000000000,600.000,61.000,61.000
1786790184985,XAUT_USDT,demo,0,stale_binance,0,0.000000000,0.500000000,0.000000000,0.000000000,0.229355168,0.000000000,0.000000000,703.000,1.000,1.000
1786790185099,XAUT_USDT,demo,0,stale_binance,0,0.000000000,0.500000000,0.000000000,0.000000000,0.229355168,0.000000000,0.000000000,817.000,115.000,115.000
1786790185210,XAUT_USDT,demo,0,stale_binance,0,0.000000000,0.500000000,0.000000000,0.000000000,0.229355168,0.000000000,0.000000000,928.000,53.000,53.000
1786790185348,XAUT_USDT,demo,0,microspread_below_threshold,0,0.000000000,0.500000000,-1.341817752,-1.341817752,0.229355168,0.000000000,0.000000000,59.000,101.000,101.000
1786790185480,XAUT_USDT,demo,0,microspread_below_threshold,0,0.000000000,0.500000000,-1.341817752,-1.341817752,0.229355168,0.000000000,0.000000000,191.000,60.000,60.000
1786790185635,XAUT_USDT,demo,0,stale_binance,0,0.000000000,0.500000000,0.000000000,0.000000000,0.229355168,0.000000000,0.000000000,346.000,125.000,125.000
1786790185743,XAUT_USDT,demo,0,stale_binance,0,0.000000000,0.500000000,0.000000000,0.000000000,0.229355168,0.000000000,0.000000000,454.000,59.000,59.000
1786790185869,XAUT_USDT,demo,0,stale_binance,0,0.000000000,0.500000000,0.000000000,0.000000000,0.229355168,0.000000000,0.000000000,580.000,0.000,0.000
1786790185989,XAUT_USDT,demo,0,stale_binance,0,0.000000000,0.500000000,0.000000000,0.000000000,0.229355168,0.000000000,0.000000000,700.000,120.000,120.000
1786790186096,XAUT_USDT,demo,0,stale_binance,0,0.000000000,0.500000000,0.000000000,0.000000000,0.229355168,0.000000000,0.000000000,807.000,64.000,64.000
1786790186235,XAUT_USDT,demo,0,stale_binance,0,0.000000000,0.500000000,0.000000000,0.000000000,0.229355168,0.000000000,0.000000000,946.000,119.000,119.000
1786790186359,XAUT_USDT,demo,0,stale_binance,0,0.000000000,0.500000000,0.000000000,0.000000000,0.229355168,0.000000000,0.000000000,1070.000,243.000,243.000
1786790187095,XAUT_USDT,demo,0,stale_binance,0,0.000000000,0.500000000,0.000000000,0.000000000,0.229355168,0.000000000,0.000000000,1806.000,277.000,277.000
1786790187217,XAUT_USDT,demo,0,stale_binance,0,0.000000000,0.500000000,0.000000000,0.000000000,0.229355168,0.000000000,0.000000000,1928.000,399.000,399.000
1786790187342,XAUT_USDT,demo,0,stale_binance,0,0.000000000,0.500000000,0.000000000,0.000000000,0.229355168,0.000000000,0.000000000,2053.000,524.000,524.000
1786790187466,XAUT_USDT,demo,0,stale_binance,0,0.000000000,0.500000000,0.000000000,0.000000000,0.229355168,0.000000000,0.000000000,2177.000,648.000,648.000
1786790187599,XAUT_USDT,demo,0,microspread_below_threshold,0,0.000000000,0.500000000,-1.341817752,-1.341817752,0.229355168,0.000000000,0.000000000,116.000,781.000,781.000
1786790187739,XAUT_USDT,demo,0,microspread_below_threshold,0,0.000000000,0.500000000,-1.341817752,-1.341817752,0.229355168,0.000000000,0.000000000,256.000,921.000,921.000
1786790187863,XAUT_USDT,demo,0,stale_binance,0,0.000000000,0.500000000,0.000000000,0.000000000,0.229355168,0.000000000,0.000000000,380.000,1045.000,1045.000
1786790187980,XAUT_USDT,demo,0,stale_binance,0,0.000000000,0.500000000,0.000000000,0.000000000,0.229355168,0.000000000,0.000000000,497.000,1162.000,1162.000
1786790188103,XAUT_USDT,demo,0,stale_binance,0,0.000000000,0.500000000,0.000000000,0.000000000,0.229355168,0.000000000,0.000000000,620.000,1285.000,1285.000
1786790188229,XAUT_USDT,demo,0,stale_binance,0,0.000000000,0.500000000,0.000000000,0.000000000,0.229355168,0.000000000,0.000000000,746.000,1411.000,1411.000
1786790188353,XAUT_USDT,demo,0,stale_binance,0,0.000000000,0.500000000,0.000000000,0.000000000,0.229355168,0.000000000,0.000000000,870.000,1535.000,1535.000
1786790188480,XAUT_USDT,demo,0,stale_binance,0,0.000000000,0.500000000,0.000000000,0.000000000,0.229355168,0.000000000,0.000000000,997.000,1662.000,1662.000
1786790188603,XAUT_USDT,demo,0,stale_binance,0,0.000000000,0.500000000,0.000000000,0.000000000,0.229355168,0.000000000,0.000000000,1120.000,1785.000,1785.000
1786790188726,XAUT_USDT,demo,0,stale_binance,0,0.000000000,0.500000000,0.000000000,0.000000000,0.229355168,0.000000000,0.000000000,1243.000,1908.000,1908.000
1786790191361,XAUT_USDT,demo,0,stale_binance,0,0.000000000,0.500000000,0.000000000,0.000000000,0.229355168,0.000000000,0.000000000,624.000,1.000,1.000
1786790192108,XAUT_USDT,demo,0,stale_binance,0,0.000000000,0.500000000,0.000000000,0.000000000,0.229355168,0.000000000,0.000000000,1371.000,50.000,50.000
1786790192229,XAUT_USDT,demo,0,stale_binance,0,0.000000000,0.500000000,0.000000000,0.000000000,0.229355168,0.000000000,0.000000000,1492.000,171.000,171.000
1786790192353,XAUT_USDT,demo,0,stale_binance,0,0.000000000,0.500000000,0.000000000,0.000000000,0.229355168,0.000000000,0.000000000,1616.000,122.000,122.000
1786790192479,XAUT_USDT,demo,0,stale_binance,0,0.000000000,0.500000000,0.000000000,0.000000000,0.229355168,0.000000000,0.000000000,1742.000,248.000,248.000
1786790192603,XAUT_USDT,demo,0,stale_binance,0,0.000000000,0.500000000,0.000000000,0.000000000,0.229355168,0.000000000,0.000000000,1866.000,372.000,372.000
1786790192727,XAUT_USDT,demo,0,stale_binance,0,0.000000000,0.500000000,0.000000000,0.000000000,0.229355168,0.000000000,0.000000000,1990.000,496.000,496.000
1786790192850,XAUT_USDT,demo,0,stale_binance,0,0.000000000,0.500000000,0.000000000,0.000000000,0.229355168,0.000000000,0.000000000,2113.000,619.000,619.000
1786790192984,XAUT_USDT,demo,0,microspread_below_threshold,0,0.000000000,0.500000000,-1.341817752,-1.341817752,0.229355168,0.000000000,0.000000000,117.000,753.000,753.000
1786790193109,XAUT_USDT,demo,0,microspread_below_threshold,0,0.000000000,0.500000000,-1.341817752,-1.341817752,0.229355168,0.000000000,0.000000000,242.000,878.000,878.000
1786790193233,XAUT_USDT,demo,0,stale_binance,0,0.000000000,0.500000000,0.000000000,0.000000000,0.229355168,0.000000000,0.000000000,366.000,1002.000,1002.000
1786790193357,XAUT_USDT,demo,0,stale_binance,0,0.000000000,0.500000000,0.000000000,0.000000000,0.229355168,0.000000000,0.000000000,490.000,1126.000,1126.000
1786790193479,XAUT_USDT,demo,0,stale_binance,0,0.000000000,0.500000000,0.000000000,0.000000000,0.229355168,0.000000000,0.000000000,612.000,1248.000,1248.000
1786790193597,XAUT_USDT,demo,0,stale_binance,0,0.000000000,0.500000000,0.000000000,0.000000000,0.229355168,0.000000000,0.000000000,730.000,1366.000,1366.000
1786790193718,XAUT_USDT,demo,0,stale_binance,0,0.000000000,0.500000000,0.000000000,0.000000000,0.229355168,0.000000000,0.000000000,851.000,1487.000,1487.000
1786790193843,XAUT_USDT,demo,0,stale_binance,0,0.000000000,0.500000000,0.000000000,0.000000000,0.229355168,0.000000000,0.000000000,976.000,1612.000,1612.000
1786790193962,XAUT_USDT,demo,0,stale_binance,0,0.000000000,0.500000000,0.000000000,0.000000000,0.229355168,0.000000000,0.000000000,1095.000,1731.000,1731.000
1786790194118,XAUT_USDT,demo,0,microspread_below_threshold,0,0.000000000,0.500000000,-1.341817752,-1.341817752,0.229355168,0.000000000,0.000000000,60.000,1887.000,1887.000
