LIVE MICROSPREAD -> DEMO: 1 symbol(s); event-driven Binance bookTicker + MEXC 
DEMO depth; all order writes TESTNET only.
Fee gate: Demo exact 0/0 + explicit Demo-only experiment
Excursion telemetry CSV: 
D:\Mexc_tick_scalper\MEXC-Tick-scalper\xaut_oldbot_100_excursions_20260814.csv
Residual telemetry CSV: 
D:\Mexc_tick_scalper\MEXC-Tick-scalper\xaut_oldbot_100_residuals_20260814.csv
Symbols: XAUT_USDT
Micro gate: residual >= max(1.00bps, LIVE spread+0.60bps, spread*1.05); Binance
micro-move >= 0.020bps; basis baseline=8s excluding newest 1000ms.
Demo sizing: available=47035.7USDT mode=0.1USDT margin cap
MICRO HEARTBEAT state=warming symbols=1 signal_source=demo books=1 demo_books=1
Bquotes=0 Mdepth=0 Ddepth=4 above_floor=0 max_residual=0.000bps candidates=0 
fee_age=0ms
MICRO HEARTBEAT state=watching symbols=1 signal_source=demo books=1 
demo_books=1 Bquotes=93 Mdepth=0 Ddepth=104 above_floor=0 max_residual=0.000bps
candidates=0 fee_age=3576ms
MICRO HEARTBEAT state=watching symbols=1 signal_source=demo books=1 
demo_books=1 Bquotes=243 Mdepth=0 Ddepth=209 above_floor=0 
max_residual=0.000bps candidates=0 fee_age=1478ms
MICRO HEARTBEAT state=watching symbols=1 signal_source=demo books=1 
demo_books=1 Bquotes=321 Mdepth=0 Ddepth=314 above_floor=0 
max_residual=0.000bps candidates=0 fee_age=0ms
MICRO HEARTBEAT state=watching symbols=1 signal_source=demo books=1 
demo_books=1 Bquotes=516 Mdepth=0 Ddepth=351 above_floor=0 
max_residual=0.000bps candidates=0 fee_age=2607ms
MICRO HEARTBEAT state=watching symbols=1 signal_source=demo books=1 
demo_books=1 Bquotes=629 Mdepth=0 Ddepth=380 above_floor=0 
max_residual=0.000bps candidates=0 fee_age=55ms
MICRO HEARTBEAT state=watching symbols=1 signal_source=demo books=1 
demo_books=1 Bquotes=781 Mdepth=0 Ddepth=401 above_floor=0 
max_residual=0.000bps candidates=0 fee_age=3713ms
MICRO HEARTBEAT state=watching symbols=1 signal_source=demo books=1 
demo_books=1 Bquotes=852 Mdepth=0 Ddepth=422 above_floor=0 
max_residual=0.000bps candidates=0 fee_age=1738ms
MICRO HEARTBEAT state=watching symbols=1 signal_source=demo books=1 
demo_books=1 Bquotes=907 Mdepth=0 Ddepth=448 above_floor=0 
max_residual=0.000bps candidates=0 fee_age=0ms
MICRO HEARTBEAT state=watching symbols=1 signal_source=demo books=1 
demo_books=1 Bquotes=994 Mdepth=0 Ddepth=485 above_floor=0 
max_residual=0.000bps candidates=0 fee_age=3583ms
MICRO HEARTBEAT state=watching symbols=1 signal_source=demo books=1 
demo_books=1 Bquotes=1078 Mdepth=0 Ddepth=539 above_floor=0 
max_residual=0.000bps candidates=0 fee_age=1331ms
MICRO HEARTBEAT state=watching symbols=1 signal_source=demo books=1 
demo_books=1 Bquotes=1484 Mdepth=0 Ddepth=635 above_floor=0 
max_residual=0.000bps candidates=0 fee_age=4778ms
MICRO HEARTBEAT state=watching symbols=1 signal_source=demo books=1 
demo_books=1 Bquotes=1655 Mdepth=0 Ddepth=740 above_floor=0 
max_residual=0.230bps candidates=0 fee_age=2143ms
MICRO HEARTBEAT state=watching symbols=1 signal_source=demo books=1 
demo_books=1 Bquotes=1703 Mdepth=0 Ddepth=841 above_floor=0 
max_residual=0.000bps candidates=0 fee_age=0ms
MICRO HEARTBEAT state=watching symbols=1 signal_source=demo books=1 
demo_books=1 Bquotes=1749 Mdepth=0 Ddepth=946 above_floor=0 
max_residual=0.000bps candidates=0 fee_age=3368ms
MICRO HEARTBEAT state=watching symbols=1 signal_source=demo books=1 
demo_books=1 Bquotes=1851 Mdepth=0 Ddepth=1051 above_floor=0 
max_residual=0.000bps candidates=0 fee_age=1086ms
MICRO HEARTBEAT state=watching symbols=1 signal_source=demo books=1 
demo_books=1 Bquotes=1929 Mdepth=0 Ddepth=1150 above_floor=0 
max_residual=0.000bps candidates=0 fee_age=4621ms
MICRO HEARTBEAT state=watching symbols=1 signal_source=demo books=1 
demo_books=1 Bquotes=2026 Mdepth=0 Ddepth=1252 above_floor=0 
max_residual=0.000bps candidates=0 fee_age=2589ms
MICRO HEARTBEAT state=watching symbols=1 signal_source=demo books=1 
demo_books=1 Bquotes=2208 Mdepth=0 Ddepth=1350 above_floor=0 
max_residual=0.000bps candidates=0 fee_age=413ms
MICRO HEARTBEAT state=watching symbols=1 signal_source=demo books=1 
demo_books=1 Bquotes=2356 Mdepth=0 Ddepth=1447 above_floor=0 
max_residual=0.115bps candidates=0 fee_age=3480ms
MICRO HEARTBEAT state=watching symbols=1 signal_source=demo books=1 
demo_books=1 Bquotes=2430 Mdepth=0 Ddepth=1543 above_floor=0 
max_residual=0.000bps candidates=0 fee_age=1319ms
MICRO HEARTBEAT state=watching symbols=1 signal_source=demo books=1 
demo_books=1 Bquotes=2494 Mdepth=0 Ddepth=1642 above_floor=0 
max_residual=0.000bps candidates=0 fee_age=4597ms
MICRO SIGNAL XAUT_USDT LONG residual=+1.573bps threshold=1.059 spread=0.459 
net=+0.514 B100=+1.573 M100=+0.000 Bage=2ms Mage=44ms DemoCross=1.0bps
DEMO ENTRY XAUT_USDT LONG qty=0.022 LIVEEntry=4356 residual=+1.573 
notional=95.832USDT leverage=1000x requested_margin=0.1000USDT 
strategy_equity=60.0000USDT sizing=PROBATION spread=0.459 DemoFeeReported=0
MICRO POSITION XAUT_USDT mark=+2.066bps MFE=+2.066 MAE=+0.000 
DemoNetMark=+0.019800USDT DemoNet=+2.066bps DemoMFE=+2.066 DemoMAE=+0.000 
TRAIL=+1.607bps residual=-1.492bps B100=+0.000
MICRO EXIT XAUT_USDT reason=microspread_reversed LIVEpnl=+0.019800USDT 
move=+2.066bps MFE=+2.066 MAE=+0.000 hold=2436ms DemoExit=4356.9 
DemoGross=+0.019800 DemoNet=+0.019800 DemoFee=0
MICRO HEARTBEAT state=watching symbols=1 signal_source=demo books=1 
demo_books=1 Bquotes=2877 Mdepth=0 Ddepth=1857 above_floor=0 
max_residual=0.803bps candidates=0 fee_age=260ms
MICRO HEARTBEAT state=watching symbols=1 signal_source=demo books=1 
demo_books=1 Bquotes=2951 Mdepth=0 Ddepth=1896 above_floor=0 
max_residual=0.000bps candidates=0 fee_age=3898ms
MICRO HEARTBEAT state=watching symbols=1 signal_source=demo books=1 
demo_books=1 Bquotes=3071 Mdepth=0 Ddepth=1920 above_floor=0 
max_residual=0.000bps candidates=0 fee_age=1849ms
MICRO HEARTBEAT state=watching symbols=1 signal_source=demo books=1 
demo_books=1 Bquotes=3275 Mdepth=0 Ddepth=1942 above_floor=0 
max_residual=0.000bps candidates=0 fee_age=4856ms
MICRO HEARTBEAT state=watching symbols=1 signal_source=demo books=1 
demo_books=1 Bquotes=3504 Mdepth=0 Ddepth=1974 above_floor=0 
max_residual=0.000bps candidates=0 fee_age=2712ms
MICRO HEARTBEAT state=watching symbols=1 signal_source=demo books=1 
demo_books=1 Bquotes=3636 Mdepth=0 Ddepth=1997 above_floor=0 
max_residual=0.000bps candidates=0 fee_age=585ms
MICRO HEARTBEAT state=watching symbols=1 signal_source=demo books=1 
demo_books=1 Bquotes=3829 Mdepth=0 Ddepth=2026 above_floor=0 
max_residual=0.000bps candidates=0 fee_age=4093ms
MICRO HEARTBEAT state=watching symbols=1 signal_source=demo books=1 
demo_books=1 Bquotes=4066 Mdepth=0 Ddepth=2094 above_floor=0 
max_residual=0.826bps candidates=0 fee_age=1945ms
MICRO HEARTBEAT state=watching symbols=1 signal_source=demo books=1 
demo_books=1 Bquotes=4140 Mdepth=0 Ddepth=2197 above_floor=0 
max_residual=0.574bps candidates=0 fee_age=0ms
MICRO SIGNAL XAUT_USDT SHORT residual=-1.090bps threshold=1.059 spread=0.459 
net=+0.031 B100=-0.976 M100=+0.000 Bage=2ms Mage=26ms DemoCross=1.0bps
DEMO ENTRY XAUT_USDT SHORT qty=0.022 LIVEEntry=4356.9 residual=-1.090 
notional=95.8518USDT leverage=1000x requested_margin=0.1000USDT 
strategy_equity=60.0198USDT sizing=PROBATION spread=0.459 DemoFeeReported=0
MICRO POSITION XAUT_USDT mark=-0.459bps MFE=+0.000 MAE=-0.459 
DemoNetMark=-0.004400USDT DemoNet=-0.459bps DemoMFE=+0.000 DemoMAE=-0.459 
TRAIL=OFF residual=+0.000bps B100=+0.000
MICRO POSITION XAUT_USDT mark=-0.459bps MFE=+0.000 MAE=-0.459 
DemoNetMark=-0.004400USDT DemoNet=-0.459bps DemoMFE=+0.000 DemoMAE=-0.459 
TRAIL=OFF residual=+0.000bps B100=+0.000
MICRO POSITION XAUT_USDT mark=-0.459bps MFE=+0.000 MAE=-0.459 
DemoNetMark=-0.004400USDT DemoNet=-0.459bps DemoMFE=+0.000 DemoMAE=-0.459 
TRAIL=OFF residual=+0.000bps B100=+0.000
MICRO POSITION XAUT_USDT mark=-0.459bps MFE=+0.000 MAE=-0.459 
DemoNetMark=-0.004400USDT DemoNet=-0.459bps DemoMFE=+0.000 DemoMAE=-0.459 
TRAIL=OFF residual=+0.000bps B100=+0.000
MICRO POSITION XAUT_USDT mark=-0.459bps MFE=+0.000 MAE=-0.459 
DemoNetMark=-0.004400USDT DemoNet=-0.459bps DemoMFE=+0.000 DemoMAE=-0.459 
TRAIL=OFF residual=+0.000bps B100=+0.000
MICRO POSITION XAUT_USDT mark=-0.459bps MFE=+0.000 MAE=-0.459 
DemoNetMark=-0.004400USDT DemoNet=-0.459bps DemoMFE=+0.000 DemoMAE=-0.459 
TRAIL=OFF residual=+0.000bps B100=+0.000
MICRO EXIT XAUT_USDT reason=microspread_converged LIVEpnl=+0.006600USDT 
move=+0.689bps MFE=+0.689 MAE=-0.459 hold=96652ms DemoExit=4356.6 
DemoGross=+0.006600 DemoNet=+0.006600 DemoFee=0
MICRO HEARTBEAT state=watching symbols=1 signal_source=demo books=1 
demo_books=1 Bquotes=6345 Mdepth=0 Ddepth=2950 above_floor=0 
max_residual=0.000bps candidates=0 fee_age=0ms
MICRO HEARTBEAT state=watching symbols=1 signal_source=demo books=1 
demo_books=1 Bquotes=6601 Mdepth=0 Ddepth=3058 above_floor=0 
max_residual=0.000bps candidates=0 fee_age=3604ms
MICRO HEARTBEAT state=watching symbols=1 signal_source=demo books=1 
demo_books=1 Bquotes=6763 Mdepth=0 Ddepth=3086 above_floor=0 
max_residual=0.000bps candidates=0 fee_age=1563ms
MICRO HEARTBEAT state=watching symbols=1 signal_source=demo books=1 
demo_books=1 Bquotes=6987 Mdepth=0 Ddepth=3115 above_floor=0 
max_residual=0.000bps candidates=0 fee_age=0ms
MICRO HEARTBEAT state=watching symbols=1 signal_source=demo books=1 
demo_books=1 Bquotes=7146 Mdepth=0 Ddepth=3139 above_floor=0 
max_residual=0.000bps candidates=0 fee_age=3612ms
MICRO HEARTBEAT state=watching symbols=1 signal_source=demo books=1 
demo_books=1 Bquotes=7517 Mdepth=0 Ddepth=3159 above_floor=0 
max_residual=0.000bps candidates=0 fee_age=1040ms
MICRO HEARTBEAT state=watching symbols=1 signal_source=demo books=1 
demo_books=1 Bquotes=7658 Mdepth=0 Ddepth=3182 above_floor=0 
max_residual=0.000bps candidates=0 fee_age=4616ms
MICRO HEARTBEAT state=watching symbols=1 signal_source=demo books=1 
demo_books=1 Bquotes=7731 Mdepth=0 Ddepth=3212 above_floor=0 
max_residual=0.000bps candidates=0 fee_age=2453ms
MICRO HEARTBEAT state=watching symbols=1 signal_source=demo books=1 
demo_books=1 Bquotes=7822 Mdepth=0 Ddepth=3268 above_floor=0 
max_residual=0.000bps candidates=0 fee_age=62ms
MICRO HEARTBEAT state=watching symbols=1 signal_source=demo books=1 
demo_books=1 Bquotes=8026 Mdepth=0 Ddepth=3365 above_floor=0 
max_residual=0.000bps candidates=0 fee_age=3686ms
MICRO HEARTBEAT state=watching symbols=1 signal_source=demo books=1 
demo_books=1 Bquotes=8145 Mdepth=0 Ddepth=3468 above_floor=0 
max_residual=0.000bps candidates=0 fee_age=1450ms
MICRO HEARTBEAT state=watching symbols=1 signal_source=demo books=1 
demo_books=1 Bquotes=8270 Mdepth=0 Ddepth=3571 above_floor=0 
max_residual=0.000bps candidates=0 fee_age=4887ms
MICRO HEARTBEAT state=watching symbols=1 signal_source=demo books=1 
demo_books=1 Bquotes=8400 Mdepth=0 Ddepth=3674 above_floor=0 
max_residual=0.000bps candidates=0 fee_age=2214ms
MICRO HEARTBEAT state=watching symbols=1 signal_source=demo books=1 
demo_books=1 Bquotes=8589 Mdepth=0 Ddepth=3767 above_floor=0 
max_residual=0.000bps candidates=0 fee_age=69ms
MICRO HEARTBEAT state=watching symbols=1 signal_source=demo books=1 
demo_books=1 Bquotes=8735 Mdepth=0 Ddepth=3860 above_floor=0 
max_residual=0.000bps candidates=0 fee_age=3587ms
MICRO HEARTBEAT state=watching symbols=1 signal_source=demo books=1 
demo_books=1 Bquotes=8825 Mdepth=0 Ddepth=3957 above_floor=0 
max_residual=0.000bps candidates=0 fee_age=1431ms
MICRO HEARTBEAT state=watching symbols=1 signal_source=demo books=1 
demo_books=1 Bquotes=8923 Mdepth=0 Ddepth=4062 above_floor=0 
max_residual=0.000bps candidates=0 fee_age=4982ms
MICRO HEARTBEAT state=watching symbols=1 signal_source=demo books=1 
demo_books=1 Bquotes=8996 Mdepth=0 Ddepth=4162 above_floor=0 
max_residual=0.000bps candidates=0 fee_age=2862ms
MICRO HEARTBEAT state=watching symbols=1 signal_source=demo books=1 
demo_books=1 Bquotes=9050 Mdepth=0 Ddepth=4263 above_floor=0 
max_residual=0.000bps candidates=0 fee_age=702ms
MICRO HEARTBEAT state=watching symbols=1 signal_source=demo books=1 
demo_books=1 Bquotes=9142 Mdepth=0 Ddepth=4363 above_floor=0 
max_residual=0.000bps candidates=0 fee_age=4299ms
MICRO HEARTBEAT state=watching symbols=1 signal_source=demo books=1 
demo_books=1 Bquotes=9258 Mdepth=0 Ddepth=4459 above_floor=0 
max_residual=0.000bps candidates=0 fee_age=1645ms
MICRO HEARTBEAT state=watching symbols=1 signal_source=demo books=1 
demo_books=1 Bquotes=9481 Mdepth=0 Ddepth=4560 above_floor=0 
max_residual=0.230bps candidates=0 fee_age=0ms
MICRO HEARTBEAT state=watching symbols=1 signal_source=demo books=1 
demo_books=1 Bquotes=9593 Mdepth=0 Ddepth=4658 above_floor=0 
max_residual=0.000bps candidates=0 fee_age=3467ms
MICRO HEARTBEAT state=watching symbols=1 signal_source=demo books=1 
demo_books=1 Bquotes=9744 Mdepth=0 Ddepth=4760 above_floor=0 
max_residual=0.000bps candidates=0 fee_age=1312ms
MICRO HEARTBEAT state=watching symbols=1 signal_source=demo books=1 
demo_books=1 Bquotes=9873 Mdepth=0 Ddepth=4859 above_floor=0 
max_residual=0.000bps candidates=0 fee_age=4904ms
MICRO HEARTBEAT state=watching symbols=1 signal_source=demo books=1 
demo_books=1 Bquotes=10012 Mdepth=0 Ddepth=4943 above_floor=0 
max_residual=0.000bps candidates=0 fee_age=2642ms
MICRO HEARTBEAT state=watching symbols=1 signal_source=demo books=1 
demo_books=1 Bquotes=10127 Mdepth=0 Ddepth=4983 above_floor=0 
max_residual=0.000bps candidates=0 fee_age=455ms
MICRO SIGNAL XAUT_USDT LONG residual=+1.653bps threshold=1.000 spread=0.230 
net=+0.653 B100=+1.653 M100=+0.000 Bage=3ms Mage=711ms DemoCross=1.0bps
DEMO ENTRY XAUT_USDT LONG qty=0.022 LIVEEntry=4355.9 residual=+1.653 
notional=95.8298USDT leverage=1000x requested_margin=0.1000USDT 
strategy_equity=60.0264USDT sizing=PROBATION spread=0.230 DemoFeeReported=0
MICRO EXIT XAUT_USDT reason=microspread_converged LIVEpnl=+0.008800USDT 
move=+0.918bps MFE=+0.918 MAE=+0.000 hold=4762ms DemoExit=4356.3 
DemoGross=+0.008800 DemoNet=+0.008800 DemoFee=0
MICRO HEARTBEAT state=watching symbols=1 signal_source=demo books=1 
demo_books=1 Bquotes=10565 Mdepth=0 Ddepth=5017 above_floor=0 
max_residual=0.000bps candidates=0 fee_age=0ms
MICRO HEARTBEAT state=watching symbols=1 signal_source=demo books=1 
demo_books=1 Bquotes=10686 Mdepth=0 Ddepth=5047 above_floor=0 
max_residual=0.000bps candidates=0 fee_age=2877ms
MICRO HEARTBEAT state=watching symbols=1 signal_source=demo books=1 
demo_books=1 Bquotes=10817 Mdepth=0 Ddepth=5069 above_floor=0 
max_residual=0.000bps candidates=0 fee_age=734ms
MICRO HEARTBEAT state=watching symbols=1 signal_source=demo books=1 
demo_books=1 Bquotes=11110 Mdepth=0 Ddepth=5089 above_floor=0 
max_residual=0.000bps candidates=0 fee_age=4257ms
MICRO HEARTBEAT state=watching symbols=1 signal_source=demo books=1 
demo_books=1 Bquotes=11204 Mdepth=0 Ddepth=5133 above_floor=0 
max_residual=0.000bps candidates=0 fee_age=1990ms
MICRO HEARTBEAT state=watching symbols=1 signal_source=demo books=1 
demo_books=1 Bquotes=11326 Mdepth=0 Ddepth=5217 above_floor=0 
max_residual=0.000bps candidates=0 fee_age=0ms
MICRO HEARTBEAT state=watching symbols=1 signal_source=demo books=1 
demo_books=1 Bquotes=11650 Mdepth=0 Ddepth=5325 above_floor=0 
max_residual=0.459bps candidates=0 fee_age=3489ms
MICRO HEARTBEAT state=watching symbols=1 signal_source=demo books=1 
demo_books=1 Bquotes=11947 Mdepth=0 Ddepth=5434 above_floor=0 
max_residual=0.069bps candidates=0 fee_age=1192ms
MICRO HEARTBEAT state=watching symbols=1 signal_source=demo books=1 
demo_books=1 Bquotes=12007 Mdepth=0 Ddepth=5537 above_floor=0 
max_residual=0.000bps candidates=0 fee_age=4921ms
MICRO HEARTBEAT state=watching symbols=1 signal_source=demo books=1 
demo_books=1 Bquotes=12321 Mdepth=0 Ddepth=5648 above_floor=0 
max_residual=0.000bps candidates=0 fee_age=2828ms
MICRO HEARTBEAT state=watching symbols=1 signal_source=demo books=1 
demo_books=1 Bquotes=12427 Mdepth=0 Ddepth=5751 above_floor=0 
max_residual=0.344bps candidates=0 fee_age=584ms
MICRO HEARTBEAT state=watching symbols=1 signal_source=demo books=1 
demo_books=1 Bquotes=12518 Mdepth=0 Ddepth=5856 above_floor=0 
max_residual=0.000bps candidates=0 fee_age=3979ms
MICRO HEARTBEAT state=watching symbols=1 signal_source=demo books=1 
demo_books=1 Bquotes=12805 Mdepth=0 Ddepth=5965 above_floor=0 
max_residual=0.987bps candidates=0 fee_age=1099ms
MICRO HEARTBEAT state=watching symbols=1 signal_source=demo books=1 
demo_books=1 Bquotes=13086 Mdepth=0 Ddepth=6070 above_floor=0 
max_residual=0.000bps candidates=0 fee_age=4135ms
MICRO SIGNAL XAUT_USDT SHORT residual=-1.446bps threshold=1.059 spread=0.459 
net=+0.387 B100=-1.446 M100=+0.000 Bage=2ms Mage=268ms DemoCross=1.0bps
DEMO ENTRY XAUT_USDT SHORT qty=0.022 LIVEEntry=4356.5 residual=-1.446 
notional=95.843USDT leverage=1000x requested_margin=0.1000USDT 
strategy_equity=60.0352USDT sizing=PROBATION spread=0.459 DemoFeeReported=0
MICRO EXIT XAUT_USDT reason=microspread_converged LIVEpnl=+0.019800USDT 
move=+2.066bps MFE=+2.066 MAE=-0.459 hold=4012ms DemoExit=4355.6 
DemoGross=+0.019800 DemoNet=+0.019800 DemoFee=0
MICRO HEARTBEAT state=watching symbols=1 signal_source=demo books=1 
demo_books=1 Bquotes=14058 Mdepth=0 Ddepth=6172 above_floor=1 
max_residual=1.607bps candidates=0 fee_age=800ms
MICRO SIGNAL XAUT_USDT LONG residual=+1.148bps threshold=1.000 spread=0.230 
net=+0.148 B100=+1.148 M100=+0.000 Bage=33ms Mage=151ms DemoCross=1.0bps
DEMO ENTRY XAUT_USDT LONG qty=0.022 LIVEEntry=4353.9 residual=+1.148 
notional=95.7858USDT leverage=1000x requested_margin=0.1000USDT 
strategy_equity=60.0550USDT sizing=PROBATION spread=0.230 DemoFeeReported=0
MICRO POSITION XAUT_USDT mark=+0.919bps MFE=+0.919 MAE=+0.000 
DemoNetMark=+0.008800USDT DemoNet=+0.919bps DemoMFE=+0.919 DemoMAE=+0.000 
TRAIL=+0.100bps residual=+0.000bps B100=+0.000
MICRO EXIT XAUT_USDT reason=microspread_converged LIVEpnl=+0.008800USDT 
move=+0.919bps MFE=+0.919 MAE=+0.000 hold=1400ms DemoExit=4354.3 
DemoGross=+0.008800 DemoNet=+0.008800 DemoFee=0
MICRO SIGNAL XAUT_USDT SHORT residual=-1.677bps threshold=1.059 spread=0.459 
net=+0.617 B100=-1.148 M100=+0.000 Bage=9ms Mage=101ms DemoCross=1.0bps
DEMO ENTRY XAUT_USDT SHORT qty=0.022 LIVEEntry=4354.2 residual=-1.677 
notional=95.7924USDT leverage=1000x requested_margin=0.1000USDT 
strategy_equity=60.0638USDT sizing=PROBATION spread=0.459 DemoFeeReported=0
MICRO EXIT XAUT_USDT reason=microspread_reversed LIVEpnl=+0.037400USDT 
move=+3.904bps MFE=+3.904 MAE=+0.000 hold=4791ms DemoExit=4352.5 
DemoGross=+0.030800 DemoNet=+0.030800 DemoFee=0
MICRO HEARTBEAT state=watching symbols=1 signal_source=demo books=1 
demo_books=1 Bquotes=16976 Mdepth=0 Ddepth=6396 above_floor=0 
max_residual=0.345bps candidates=0 fee_age=1876ms
MICRO SIGNAL XAUT_USDT LONG residual=+2.435bps threshold=1.289 spread=0.689 
net=+1.146 B100=+0.322 M100=+0.000 Bage=2ms Mage=140ms DemoCross=1.0bps
MICRO HEARTBEAT state=watching symbols=1 signal_source=demo books=1 
demo_books=1 Bquotes=17568 Mdepth=0 Ddepth=6542 above_floor=0 
max_residual=0.000bps candidates=0 fee_age=0ms
MICRO HEARTBEAT state=watching symbols=1 signal_source=demo books=1 
demo_books=1 Bquotes=18302 Mdepth=0 Ddepth=6584 above_floor=0 
max_residual=0.345bps candidates=0 fee_age=2860ms
MICRO HEARTBEAT state=watching symbols=1 signal_source=demo books=1 
demo_books=1 Bquotes=19104 Mdepth=0 Ddepth=6606 above_floor=0 
max_residual=0.000bps candidates=0 fee_age=663ms
MICRO HEARTBEAT state=watching symbols=1 signal_source=demo books=1 
demo_books=1 Bquotes=19462 Mdepth=0 Ddepth=6632 above_floor=0 
max_residual=0.000bps candidates=0 fee_age=4231ms
MICRO HEARTBEAT state=watching symbols=1 signal_source=demo books=1 
demo_books=1 Bquotes=19733 Mdepth=0 Ddepth=6657 above_floor=0 
max_residual=0.000bps candidates=0 fee_age=1974ms
MICRO SIGNAL XAUT_USDT SHORT residual=-1.057bps threshold=1.000 spread=0.230 
net=+0.057 B100=-1.057 M100=+0.000 Bage=1ms Mage=1872ms DemoCross=1.0bps
DEMO ENTRY XAUT_USDT SHORT qty=0.022 LIVEEntry=4354.6 residual=-1.057 
notional=95.8012USDT leverage=1000x requested_margin=0.1000USDT 
strategy_equity=60.0946USDT sizing=PROBATION spread=0.230 DemoFeeReported=0
MICRO POSITION XAUT_USDT mark=-0.000bps MFE=+0.000 MAE=+0.000 
DemoNetMark=-0.000000USDT DemoNet=-0.000bps DemoMFE=+0.000 DemoMAE=+0.000 
TRAIL=OFF residual=+0.000bps B100=+0.000
MICRO EXIT XAUT_USDT reason=microspread_converged LIVEpnl=+0.006600USDT 
move=+0.689bps MFE=+0.689 MAE=+0.000 hold=17636ms DemoExit=4353.8 
DemoGross=+0.017600 DemoNet=+0.017600 DemoFee=0
MICRO HEARTBEAT state=watching symbols=1 signal_source=demo books=1 
demo_books=1 Bquotes=20458 Mdepth=0 Ddepth=6700 above_floor=0 
max_residual=0.000bps candidates=0 fee_age=4708ms
MICRO HEARTBEAT state=watching symbols=1 signal_source=demo books=1 
demo_books=1 Bquotes=20694 Mdepth=0 Ddepth=6735 above_floor=0 
max_residual=0.000bps candidates=0 fee_age=1971ms
MICRO HEARTBEAT state=watching symbols=1 signal_source=demo books=1 
demo_books=1 Bquotes=20777 Mdepth=0 Ddepth=6815 above_floor=0 
max_residual=0.000bps candidates=0 fee_age=0ms
MICRO HEARTBEAT state=watching symbols=1 signal_source=demo books=1 
demo_books=1 Bquotes=20980 Mdepth=0 Ddepth=6908 above_floor=0 
max_residual=0.000bps candidates=0 fee_age=3480ms
MICRO HEARTBEAT state=watching symbols=1 signal_source=demo books=1 
demo_books=1 Bquotes=21083 Mdepth=0 Ddepth=6990 above_floor=0 
max_residual=0.000bps candidates=0 fee_age=1252ms
MICRO HEARTBEAT state=watching symbols=1 signal_source=demo books=1 
demo_books=1 Bquotes=21389 Mdepth=0 Ddepth=7083 above_floor=0 
max_residual=0.000bps candidates=0 fee_age=4714ms
MICRO SIGNAL XAUT_USDT LONG residual=+1.332bps threshold=1.000 spread=0.230 
net=+0.332 B100=+1.332 M100=+0.000 Bage=1ms Mage=142ms DemoCross=1.0bps
DEMO ENTRY XAUT_USDT LONG qty=0.022 LIVEEntry=4353.6 residual=+1.332 
notional=95.7792USDT leverage=1000x requested_margin=0.1000USDT 
strategy_equity=60.1122USDT sizing=PROBATION spread=0.230 DemoFeeReported=0
MICRO POSITION XAUT_USDT mark=-0.230bps MFE=+0.000 MAE=-0.230 
DemoNetMark=-0.002200USDT DemoNet=-0.230bps DemoMFE=+0.000 DemoMAE=-0.230 
TRAIL=OFF residual=+0.919bps B100=+0.000
MICRO POSITION XAUT_USDT mark=+0.000bps MFE=+0.000 MAE=-0.230 
DemoNetMark=+0.000000USDT DemoNet=+0.000bps DemoMFE=+0.000 DemoMAE=-0.230 
TRAIL=OFF residual=+0.000bps B100=+0.000
MICRO POSITION XAUT_USDT mark=+0.000bps MFE=+0.000 MAE=-0.230 
DemoNetMark=+0.000000USDT DemoNet=+0.000bps DemoMFE=+0.000 DemoMAE=-0.230 
TRAIL=OFF residual=+0.000bps B100=+0.000
MICRO POSITION XAUT_USDT mark=+0.000bps MFE=+0.000 MAE=-0.230 
DemoNetMark=+0.000000USDT DemoNet=+0.000bps DemoMFE=+0.000 DemoMAE=-0.230 
TRAIL=OFF residual=+0.000bps B100=+0.000
MICRO POSITION XAUT_USDT mark=+0.000bps MFE=+0.000 MAE=-0.230 
DemoNetMark=+0.000000USDT DemoNet=+0.000bps DemoMFE=+0.000 DemoMAE=-0.230 
TRAIL=OFF residual=+0.000bps B100=+0.000
MICRO EXIT XAUT_USDT reason=demo_adverse_cut LIVEpnl=-0.006600USDT 
move=-0.689bps MFE=+0.000 MAE=-0.689 hold=71918ms DemoExit=4353.2 
DemoGross=-0.008800 DemoNet=-0.008800 DemoFee=0
MICRO HEARTBEAT state=watching symbols=1 signal_source=demo books=1 
demo_books=1 Bquotes=23168 Mdepth=0 Ddepth=7708 above_floor=0 
max_residual=0.115bps candidates=0 fee_age=2018ms
MICRO HEARTBEAT state=watching symbols=1 signal_source=demo books=1 
demo_books=1 Bquotes=23394 Mdepth=0 Ddepth=7824 above_floor=0 
max_residual=0.000bps candidates=0 fee_age=0ms
MICRO HEARTBEAT state=watching symbols=1 signal_source=demo books=1 
demo_books=1 Bquotes=23868 Mdepth=0 Ddepth=7927 above_floor=0 
max_residual=0.000bps candidates=0 fee_age=3511ms
MICRO HEARTBEAT state=watching symbols=1 signal_source=demo books=1 
demo_books=1 Bquotes=24055 Mdepth=0 Ddepth=8018 above_floor=0 
max_residual=0.000bps candidates=0 fee_age=1385ms
MICRO HEARTBEAT state=watching symbols=1 signal_source=demo books=1 
demo_books=1 Bquotes=24113 Mdepth=0 Ddepth=8052 above_floor=0 
max_residual=0.000bps candidates=0 fee_age=4897ms
MICRO HEARTBEAT state=watching symbols=1 signal_source=demo books=1 
demo_books=1 Bquotes=24520 Mdepth=0 Ddepth=8079 above_floor=0 
max_residual=0.000bps candidates=0 fee_age=2371ms
MICRO HEARTBEAT state=watching symbols=1 signal_source=demo books=1 
demo_books=1 Bquotes=24664 Mdepth=0 Ddepth=8100 above_floor=0 
max_residual=0.000bps candidates=0 fee_age=186ms
MICRO HEARTBEAT state=watching symbols=1 signal_source=demo books=1 
demo_books=1 Bquotes=24930 Mdepth=0 Ddepth=8129 above_floor=0 
max_residual=0.000bps candidates=0 fee_age=3818ms
MICRO HEARTBEAT state=watching symbols=1 signal_source=demo books=1 
demo_books=1 Bquotes=25302 Mdepth=0 Ddepth=8147 above_floor=0 
max_residual=0.000bps candidates=0 fee_age=1718ms
MICRO HEARTBEAT state=watching symbols=1 signal_source=demo books=1 
demo_books=1 Bquotes=25389 Mdepth=0 Ddepth=8179 above_floor=0 
max_residual=0.000bps candidates=0 fee_age=4695ms
MICRO HEARTBEAT state=watching symbols=1 signal_source=demo books=1 
demo_books=1 Bquotes=25676 Mdepth=0 Ddepth=8223 above_floor=0 
max_residual=0.368bps candidates=0 fee_age=2600ms
MICRO HEARTBEAT state=watching symbols=1 signal_source=demo books=1 
demo_books=1 Bquotes=25797 Mdepth=0 Ddepth=8305 above_floor=0 
max_residual=0.000bps candidates=0 fee_age=479ms
MICRO SIGNAL XAUT_USDT SHORT residual=-1.286bps threshold=1.000 spread=0.230 
net=+0.286 B100=-0.919 M100=+0.000 Bage=2ms Mage=24ms DemoCross=1.0bps
DEMO ENTRY XAUT_USDT SHORT qty=0.022 LIVEEntry=4353.5 residual=-1.286 
notional=95.777USDT leverage=1000x requested_margin=0.1000USDT 
strategy_equity=60.1034USDT sizing=PROBATION spread=0.230 DemoFeeReported=0
MICRO POSITION XAUT_USDT mark=-0.230bps MFE=+0.000 MAE=-0.230 
DemoNetMark=-0.002200USDT DemoNet=-0.230bps DemoMFE=+0.000 DemoMAE=-0.230 
TRAIL=OFF residual=+0.000bps B100=+0.000
MICRO EXIT XAUT_USDT reason=microspread_reversed LIVEpnl=+0.011000USDT 
move=+1.149bps MFE=+1.149 MAE=-0.230 hold=13054ms DemoExit=4353 
DemoGross=+0.011000 DemoNet=+0.011000 DemoFee=0
MICRO HEARTBEAT state=watching symbols=1 signal_source=demo books=1 
demo_books=1 Bquotes=26363 Mdepth=0 Ddepth=8511 above_floor=0 
max_residual=0.000bps candidates=0 fee_age=1705ms
MICRO HEARTBEAT state=watching symbols=1 signal_source=demo books=1 
demo_books=1 Bquotes=26556 Mdepth=0 Ddepth=8614 above_floor=0 
max_residual=0.000bps candidates=0 fee_age=0ms
MICRO HEARTBEAT state=watching symbols=1 signal_source=demo books=1 
demo_books=1 Bquotes=26688 Mdepth=0 Ddepth=8706 above_floor=0 
max_residual=0.000bps candidates=0 fee_age=3623ms
MICRO HEARTBEAT state=watching symbols=1 signal_source=demo books=1 
demo_books=1 Bquotes=26817 Mdepth=0 Ddepth=8809 above_floor=0 
max_residual=0.000bps candidates=0 fee_age=447ms
MICRO HEARTBEAT state=watching symbols=1 signal_source=demo books=1 
demo_books=1 Bquotes=26971 Mdepth=0 Ddepth=8914 above_floor=0 
max_residual=0.000bps candidates=0 fee_age=4091ms
MICRO HEARTBEAT state=watching symbols=1 signal_source=demo books=1 
demo_books=1 Bquotes=27096 Mdepth=0 Ddepth=9022 above_floor=0 
max_residual=0.000bps candidates=0 fee_age=943ms
MICRO HEARTBEAT state=watching symbols=1 signal_source=demo books=1 
demo_books=1 Bquotes=27268 Mdepth=0 Ddepth=9126 above_floor=0 
max_residual=0.000bps candidates=0 fee_age=4571ms
MICRO HEARTBEAT state=watching symbols=1 signal_source=demo books=1 
demo_books=1 Bquotes=27499 Mdepth=0 Ddepth=9230 above_floor=0 
max_residual=0.000bps candidates=0 fee_age=1937ms
MICRO HEARTBEAT state=watching symbols=1 signal_source=demo books=1 
demo_books=1 Bquotes=27836 Mdepth=0 Ddepth=9334 above_floor=0 
max_residual=0.000bps candidates=0 fee_age=0ms
MICRO HEARTBEAT state=watching symbols=1 signal_source=demo books=1 
demo_books=1 Bquotes=28035 Mdepth=0 Ddepth=9436 above_floor=0 
max_residual=0.505bps candidates=0 fee_age=2687ms
MICRO HEARTBEAT state=watching symbols=1 signal_source=demo books=1 
demo_books=1 Bquotes=28267 Mdepth=0 Ddepth=9523 above_floor=0 
max_residual=0.000bps candidates=0 fee_age=605ms
MICRO HEARTBEAT state=watching symbols=1 signal_source=demo books=1 
demo_books=1 Bquotes=28661 Mdepth=0 Ddepth=9563 above_floor=0 
max_residual=0.689bps candidates=0 fee_age=4242ms
MICRO HEARTBEAT state=watching symbols=1 signal_source=demo books=1 
demo_books=1 Bquotes=28775 Mdepth=0 Ddepth=9584 above_floor=0 
max_residual=0.000bps candidates=0 fee_age=2248ms
MICRO HEARTBEAT state=watching symbols=1 signal_source=demo books=1 
demo_books=1 Bquotes=28989 Mdepth=0 Ddepth=9603 above_floor=0 
max_residual=0.000bps candidates=0 fee_age=0ms
MICRO HEARTBEAT state=watching symbols=1 signal_source=demo books=1 
demo_books=1 Bquotes=29235 Mdepth=0 Ddepth=9627 above_floor=0 
max_residual=0.000bps candidates=0 fee_age=3695ms
MICRO HEARTBEAT state=watching symbols=1 signal_source=demo books=1 
demo_books=1 Bquotes=29323 Mdepth=0 Ddepth=9656 above_floor=0 
max_residual=0.574bps candidates=0 fee_age=1674ms
MICRO HEARTBEAT state=watching symbols=1 signal_source=demo books=1 
demo_books=1 Bquotes=29491 Mdepth=0 Ddepth=9690 above_floor=0 
max_residual=0.000bps candidates=0 fee_age=4803ms
MICRO HEARTBEAT state=watching symbols=1 signal_source=demo books=1 
demo_books=1 Bquotes=29589 Mdepth=0 Ddepth=9752 above_floor=0 
max_residual=0.000bps candidates=0 fee_age=2121ms
MICRO HEARTBEAT state=watching symbols=1 signal_source=demo books=1 
demo_books=1 Bquotes=29633 Mdepth=0 Ddepth=9846 above_floor=0 
max_residual=0.000bps candidates=0 fee_age=0ms
MICRO HEARTBEAT state=watching symbols=1 signal_source=demo books=1 
demo_books=1 Bquotes=29758 Mdepth=0 Ddepth=9943 above_floor=0 
max_residual=0.000bps candidates=0 fee_age=3594ms
MICRO HEARTBEAT state=watching symbols=1 signal_source=demo books=1 
demo_books=1 Bquotes=29790 Mdepth=0 Ddepth=10038 above_floor=0 
max_residual=0.000bps candidates=0 fee_age=1477ms
MICRO HEARTBEAT state=watching symbols=1 signal_source=demo books=1 
demo_books=1 Bquotes=29868 Mdepth=0 Ddepth=10133 above_floor=0 
max_residual=0.000bps candidates=0 fee_age=0ms
MICRO HEARTBEAT state=watching symbols=1 signal_source=demo books=1 
demo_books=1 Bquotes=29954 Mdepth=0 Ddepth=10222 above_floor=0 
max_residual=0.000bps candidates=0 fee_age=3621ms
MICRO HEARTBEAT state=watching symbols=1 signal_source=demo books=1 
demo_books=1 Bquotes=30074 Mdepth=0 Ddepth=10324 above_floor=0 
max_residual=0.000bps candidates=0 fee_age=1549ms
MICRO HEARTBEAT state=watching symbols=1 signal_source=demo books=1 
demo_books=1 Bquotes=30265 Mdepth=0 Ddepth=10427 above_floor=0 
max_residual=0.000bps candidates=0 fee_age=0ms
MICRO HEARTBEAT state=watching symbols=1 signal_source=demo books=1 
demo_books=1 Bquotes=30363 Mdepth=0 Ddepth=10532 above_floor=0 
max_residual=0.000bps candidates=0 fee_age=3506ms
MICRO HEARTBEAT state=watching symbols=1 signal_source=demo books=1 
demo_books=1 Bquotes=30913 Mdepth=0 Ddepth=10638 above_floor=1 
max_residual=2.643bps candidates=0 fee_age=1341ms
MICRO HEARTBEAT state=watching symbols=1 signal_source=demo books=1 
demo_books=1 Bquotes=31333 Mdepth=0 Ddepth=10749 above_floor=0 
max_residual=0.000bps candidates=0 fee_age=0ms
MICRO HEARTBEAT state=watching symbols=1 signal_source=demo books=1 
demo_books=1 Bquotes=31422 Mdepth=0 Ddepth=10853 above_floor=0 
max_residual=0.000bps candidates=0 fee_age=2924ms
MICRO HEARTBEAT state=watching symbols=1 signal_source=demo books=1 
demo_books=1 Bquotes=31534 Mdepth=0 Ddepth=10955 above_floor=0 
max_residual=0.919bps candidates=0 fee_age=929ms
MICRO HEARTBEAT state=watching symbols=1 signal_source=demo books=1 
demo_books=1 Bquotes=31632 Mdepth=0 Ddepth=11032 above_floor=0 
max_residual=0.000bps candidates=0 fee_age=4476ms
MICRO HEARTBEAT state=watching symbols=1 signal_source=demo books=1 
demo_books=1 Bquotes=31722 Mdepth=0 Ddepth=11073 above_floor=0 
max_residual=0.000bps candidates=0 fee_age=2321ms
MICRO HEARTBEAT state=watching symbols=1 signal_source=demo books=1 
demo_books=1 Bquotes=31813 Mdepth=0 Ddepth=11096 above_floor=0 
max_residual=0.000bps candidates=0 fee_age=336ms
MICRO HEARTBEAT state=watching symbols=1 signal_source=demo books=1 
demo_books=1 Bquotes=31935 Mdepth=0 Ddepth=11118 above_floor=0 
max_residual=0.000bps candidates=0 fee_age=3939ms
MICRO HEARTBEAT state=watching symbols=1 signal_source=demo books=1 
demo_books=1 Bquotes=32019 Mdepth=0 Ddepth=11147 above_floor=0 
max_residual=0.000bps candidates=0 fee_age=1749ms
MICRO HEARTBEAT state=watching symbols=1 signal_source=demo books=1 
demo_books=1 Bquotes=32186 Mdepth=0 Ddepth=11168 above_floor=0 
max_residual=0.000bps candidates=0 fee_age=39ms
MICRO HEARTBEAT state=watching symbols=1 signal_source=demo books=1 
demo_books=1 Bquotes=32365 Mdepth=0 Ddepth=11201 above_floor=0 
max_residual=0.000bps candidates=0 fee_age=3587ms
MICRO HEARTBEAT state=watching symbols=1 signal_source=demo books=1 
demo_books=1 Bquotes=32573 Mdepth=0 Ddepth=11276 above_floor=0 
max_residual=0.000bps candidates=0 fee_age=1321ms
MICRO HEARTBEAT state=watching symbols=1 signal_source=demo books=1 
demo_books=1 Bquotes=32621 Mdepth=0 Ddepth=11364 above_floor=0 
max_residual=0.000bps candidates=0 fee_age=4930ms
MICRO HEARTBEAT state=watching symbols=1 signal_source=demo books=1 
demo_books=1 Bquotes=32661 Mdepth=0 Ddepth=11455 above_floor=0 
max_residual=0.000bps candidates=0 fee_age=2250ms
MICRO HEARTBEAT state=watching symbols=1 signal_source=demo books=1 
demo_books=1 Bquotes=32827 Mdepth=0 Ddepth=11558 above_floor=0 
max_residual=0.575bps candidates=0 fee_age=0ms
MICRO HEARTBEAT state=watching symbols=1 signal_source=demo books=1 
demo_books=1 Bquotes=33053 Mdepth=0 Ddepth=11662 above_floor=0 
max_residual=0.000bps candidates=0 fee_age=3572ms
MICRO HEARTBEAT state=watching symbols=1 signal_source=demo books=1 
demo_books=1 Bquotes=33298 Mdepth=0 Ddepth=11767 above_floor=0 
max_residual=0.000bps candidates=0 fee_age=1296ms
MICRO SIGNAL XAUT_USDT LONG residual=+1.126bps threshold=1.060 spread=0.460 
net=+0.066 B100=+0.322 M100=+0.000 Bage=2ms Mage=252ms DemoCross=1.0bps
DEMO ENTRY XAUT_USDT LONG qty=0.022 LIVEEntry=4351.6 residual=+1.126 
notional=95.7352USDT leverage=1000x requested_margin=0.1000USDT 
strategy_equity=60.1144USDT sizing=PROBATION spread=0.460 DemoFeeReported=0
MICRO POSITION XAUT_USDT mark=-0.460bps MFE=+0.000 MAE=-0.460 
DemoNetMark=-0.004400USDT DemoNet=-0.460bps DemoMFE=+0.000 DemoMAE=-0.460 
TRAIL=OFF residual=+0.000bps B100=+0.000
MICRO POSITION XAUT_USDT mark=-0.460bps MFE=+0.000 MAE=-0.460 
DemoNetMark=-0.004400USDT DemoNet=-0.460bps DemoMFE=+0.000 DemoMAE=-0.460 
TRAIL=OFF residual=+0.000bps B100=+0.000
MICRO POSITION XAUT_USDT mark=+0.230bps MFE=+0.230 MAE=-0.460 
DemoNetMark=+0.002200USDT DemoNet=+0.230bps DemoMFE=+0.230 DemoMAE=-0.460 
TRAIL=OFF residual=+0.000bps B100=+0.000
MICRO POSITION XAUT_USDT mark=+0.230bps MFE=+0.230 MAE=-0.460 
DemoNetMark=+0.002200USDT DemoNet=+0.230bps DemoMFE=+0.230 DemoMAE=-0.460 
TRAIL=OFF residual=+0.000bps B100=+0.000
MICRO EXIT XAUT_USDT reason=microspread_converged LIVEpnl=+0.028600USDT 
move=+2.987bps MFE=+2.987 MAE=-0.460 hold=55538ms DemoExit=4352.9 
DemoGross=+0.028600 DemoNet=+0.028600 DemoFee=0
MICRO HEARTBEAT state=watching symbols=1 signal_source=demo books=1 
demo_books=1 Bquotes=34324 Mdepth=0 Ddepth=12300 above_floor=0 
max_residual=0.230bps candidates=0 fee_age=1896ms
MICRO HEARTBEAT state=watching symbols=1 signal_source=demo books=1 
demo_books=1 Bquotes=34385 Mdepth=0 Ddepth=12406 above_floor=0 
max_residual=0.000bps candidates=0 fee_age=0ms
MICRO HEARTBEAT state=watching symbols=1 signal_source=demo books=1 
demo_books=1 Bquotes=34424 Mdepth=0 Ddepth=12507 above_floor=0 
max_residual=0.000bps candidates=0 fee_age=3491ms
MICRO HEARTBEAT state=watching symbols=1 signal_source=demo books=1 
demo_books=1 Bquotes=34502 Mdepth=0 Ddepth=12580 above_floor=0 
max_residual=0.000bps candidates=0 fee_age=1312ms
MICRO HEARTBEAT state=watching symbols=1 signal_source=demo books=1 
demo_books=1 Bquotes=34673 Mdepth=0 Ddepth=12616 above_floor=0 
max_residual=0.000bps candidates=0 fee_age=4890ms
MICRO HEARTBEAT state=watching symbols=1 signal_source=demo books=1 
demo_books=1 Bquotes=34755 Mdepth=0 Ddepth=12647 above_floor=0 
max_residual=0.000bps candidates=0 fee_age=2711ms
MICRO HEARTBEAT state=watching symbols=1 signal_source=demo books=1 
demo_books=1 Bquotes=34864 Mdepth=0 Ddepth=12672 above_floor=0 
max_residual=0.000bps candidates=0 fee_age=549ms
MICRO HEARTBEAT state=watching symbols=1 signal_source=demo books=1 
demo_books=1 Bquotes=34920 Mdepth=0 Ddepth=12690 above_floor=0 
max_residual=0.000bps candidates=0 fee_age=4014ms
MICRO HEARTBEAT state=watching symbols=1 signal_source=demo books=1 
demo_books=1 Bquotes=34964 Mdepth=0 Ddepth=12719 above_floor=0 
max_residual=0.000bps candidates=0 fee_age=1868ms
MICRO HEARTBEAT state=watching symbols=1 signal_source=demo books=1 
demo_books=1 Bquotes=35028 Mdepth=0 Ddepth=12779 above_floor=0 
max_residual=0.000bps candidates=0 fee_age=4339ms
MICRO HEARTBEAT state=watching symbols=1 signal_source=demo books=1 
demo_books=1 Bquotes=35070 Mdepth=0 Ddepth=12862 above_floor=0 
max_residual=0.000bps candidates=0 fee_age=2006ms
MICRO HEARTBEAT state=watching symbols=1 signal_source=demo books=1 
demo_books=1 Bquotes=35117 Mdepth=0 Ddepth=12959 above_floor=0 
max_residual=0.000bps candidates=0 fee_age=0ms
MICRO HEARTBEAT state=watching symbols=1 signal_source=demo books=1 
demo_books=1 Bquotes=35171 Mdepth=0 Ddepth=13058 above_floor=0 
max_residual=0.000bps candidates=0 fee_age=3015ms
MICRO HEARTBEAT state=watching symbols=1 signal_source=demo books=1 
demo_books=1 Bquotes=35282 Mdepth=0 Ddepth=13159 above_floor=0 
max_residual=0.000bps candidates=0 fee_age=835ms
MICRO HEARTBEAT state=watching symbols=1 signal_source=demo books=1 
demo_books=1 Bquotes=35321 Mdepth=0 Ddepth=13264 above_floor=0 
max_residual=0.000bps candidates=0 fee_age=4436ms
MICRO HEARTBEAT state=watching symbols=1 signal_source=demo books=1 
demo_books=1 Bquotes=35351 Mdepth=0 Ddepth=13370 above_floor=0 
max_residual=0.000bps candidates=0 fee_age=2256ms
MICRO HEARTBEAT state=watching symbols=1 signal_source=demo books=1 
demo_books=1 Bquotes=35386 Mdepth=0 Ddepth=13469 above_floor=0 
max_residual=0.000bps candidates=0 fee_age=66ms
MICRO HEARTBEAT state=watching symbols=1 signal_source=demo books=1 
demo_books=1 Bquotes=35421 Mdepth=0 Ddepth=13568 above_floor=0 
max_residual=0.000bps candidates=0 fee_age=3431ms
MICRO HEARTBEAT state=watching symbols=1 signal_source=demo books=1 
demo_books=1 Bquotes=35591 Mdepth=0 Ddepth=13666 above_floor=0 
max_residual=0.000bps candidates=0 fee_age=1210ms
MICRO HEARTBEAT state=watching symbols=1 signal_source=demo books=1 
demo_books=1 Bquotes=35779 Mdepth=0 Ddepth=13766 above_floor=0 
max_residual=0.000bps candidates=0 fee_age=4267ms
MICRO HEARTBEAT state=watching symbols=1 signal_source=demo books=1 
demo_books=1 Bquotes=35916 Mdepth=0 Ddepth=13866 above_floor=0 
max_residual=0.000bps candidates=0 fee_age=1619ms
MICRO HEARTBEAT state=watching symbols=1 signal_source=demo books=1 
demo_books=1 Bquotes=36146 Mdepth=0 Ddepth=13973 above_floor=0 
max_residual=0.000bps candidates=0 fee_age=4798ms
MICRO HEARTBEAT state=watching symbols=1 signal_source=demo books=1 
demo_books=1 Bquotes=36223 Mdepth=0 Ddepth=14071 above_floor=0 
max_residual=0.000bps candidates=0 fee_age=1746ms
MICRO HEARTBEAT state=watching symbols=1 signal_source=demo books=1 
demo_books=1 Bquotes=36283 Mdepth=0 Ddepth=14157 above_floor=0 
max_residual=0.000bps candidates=0 fee_age=0ms
MICRO HEARTBEAT state=watching symbols=1 signal_source=demo books=1 
demo_books=1 Bquotes=36490 Mdepth=0 Ddepth=14181 above_floor=0 
max_residual=0.000bps candidates=0 fee_age=3025ms
MICRO HEARTBEAT state=watching symbols=1 signal_source=demo books=1 
demo_books=1 Bquotes=36522 Mdepth=0 Ddepth=14205 above_floor=0 
max_residual=0.000bps candidates=0 fee_age=822ms
MICRO HEARTBEAT state=watching symbols=1 signal_source=demo books=1 
demo_books=1 Bquotes=36563 Mdepth=0 Ddepth=14238 above_floor=0 
max_residual=0.000bps candidates=0 fee_age=4322ms
MICRO HEARTBEAT state=watching symbols=1 signal_source=demo books=1 
demo_books=1 Bquotes=36711 Mdepth=0 Ddepth=14259 above_floor=0 
max_residual=0.000bps candidates=0 fee_age=2146ms
MICRO HEARTBEAT state=watching symbols=1 signal_source=demo books=1 
demo_books=1 Bquotes=36953 Mdepth=0 Ddepth=14283 above_floor=0 
max_residual=0.000bps candidates=0 fee_age=0ms
MICRO HEARTBEAT state=watching symbols=1 signal_source=demo books=1 
demo_books=1 Bquotes=37107 Mdepth=0 Ddepth=14322 above_floor=0 
max_residual=0.000bps candidates=0 fee_age=3602ms
MICRO HEARTBEAT state=watching symbols=1 signal_source=demo books=1 
demo_books=1 Bquotes=37147 Mdepth=0 Ddepth=14410 above_floor=0 
max_residual=0.000bps candidates=0 fee_age=1429ms
MICRO HEARTBEAT state=watching symbols=1 signal_source=demo books=1 
demo_books=1 Bquotes=37187 Mdepth=0 Ddepth=14517 above_floor=0 
max_residual=0.000bps candidates=0 fee_age=4960ms
MICRO HEARTBEAT state=watching symbols=1 signal_source=demo books=1 
demo_books=1 Bquotes=37465 Mdepth=0 Ddepth=14626 above_floor=0 
max_residual=0.000bps candidates=0 fee_age=2846ms
MICRO SIGNAL XAUT_USDT SHORT residual=-1.103bps threshold=1.000 spread=0.230 
net=+0.103 B100=-0.781 M100=+0.000 Bage=2ms Mage=206ms DemoCross=1.0bps
DEMO ENTRY XAUT_USDT SHORT qty=0.022 LIVEEntry=4352.8 residual=-1.103 
notional=95.7616USDT leverage=1000x requested_margin=0.1000USDT 
strategy_equity=60.1430USDT sizing=PROBATION spread=0.230 DemoFeeReported=0
MICRO EXIT XAUT_USDT reason=microspread_converged LIVEpnl=+0.017600USDT 
move=+1.838bps MFE=+1.838 MAE=+0.000 hold=1312ms DemoExit=4352 
DemoGross=+0.017600 DemoNet=+0.017600 DemoFee=0
MICRO HEARTBEAT state=watching symbols=1 signal_source=demo books=1 
demo_books=1 Bquotes=37926 Mdepth=0 Ddepth=14735 above_floor=0 
max_residual=0.000bps candidates=0 fee_age=123ms
MICRO HEARTBEAT state=watching symbols=1 signal_source=demo books=1 
demo_books=1 Bquotes=37956 Mdepth=0 Ddepth=14839 above_floor=0 
max_residual=0.000bps candidates=0 fee_age=3728ms
MICRO HEARTBEAT state=watching symbols=1 signal_source=demo books=1 
demo_books=1 Bquotes=37985 Mdepth=0 Ddepth=14943 above_floor=0 
max_residual=0.000bps candidates=0 fee_age=1080ms
MICRO HEARTBEAT state=watching symbols=1 signal_source=demo books=1 
demo_books=1 Bquotes=38036 Mdepth=0 Ddepth=15041 above_floor=0 
max_residual=0.000bps candidates=0 fee_age=4628ms
MICRO HEARTBEAT state=watching symbols=1 signal_source=demo books=1 
demo_books=1 Bquotes=38111 Mdepth=0 Ddepth=15147 above_floor=0 
max_residual=0.000bps candidates=0 fee_age=2541ms
MICRO HEARTBEAT state=watching symbols=1 signal_source=demo books=1 
demo_books=1 Bquotes=38143 Mdepth=0 Ddepth=15252 above_floor=0 
max_residual=0.000bps candidates=0 fee_age=408ms
MICRO SIGNAL XAUT_USDT LONG residual=+1.057bps threshold=1.000 spread=0.230 
net=+0.057 B100=+1.057 M100=+0.000 Bage=1ms Mage=1ms DemoCross=1.0bps
MICRO HEARTBEAT state=watching symbols=1 signal_source=demo books=1 
demo_books=1 Bquotes=38758 Mdepth=0 Ddepth=15320 above_floor=0 
max_residual=0.000bps candidates=0 fee_age=2335ms
MICRO HEARTBEAT state=watching symbols=1 signal_source=demo books=1 
demo_books=1 Bquotes=38887 Mdepth=0 Ddepth=15356 above_floor=0 
max_residual=0.000bps candidates=0 fee_age=0ms
MICRO HEARTBEAT state=watching symbols=1 signal_source=demo books=1 
demo_books=1 Bquotes=38980 Mdepth=0 Ddepth=15378 above_floor=0 
max_residual=0.000bps candidates=0 fee_age=3673ms
MICRO HEARTBEAT state=watching symbols=1 signal_source=demo books=1 
demo_books=1 Bquotes=39090 Mdepth=0 Ddepth=15403 above_floor=0 
max_residual=0.000bps candidates=0 fee_age=1501ms
MICRO HEARTBEAT state=watching symbols=1 signal_source=demo books=1 
demo_books=1 Bquotes=39492 Mdepth=0 Ddepth=15427 above_floor=0 
max_residual=0.620bps candidates=0 fee_age=0ms
MICRO HEARTBEAT state=watching symbols=1 signal_source=demo books=1 
demo_books=1 Bquotes=39558 Mdepth=0 Ddepth=15450 above_floor=0 
max_residual=0.000bps candidates=0 fee_age=3180ms
MICRO HEARTBEAT state=watching symbols=1 signal_source=demo books=1 
demo_books=1 Bquotes=39834 Mdepth=0 Ddepth=15499 above_floor=0 
max_residual=0.000bps candidates=0 fee_age=997ms
MICRO HEARTBEAT state=watching symbols=1 signal_source=demo books=1 
demo_books=1 Bquotes=39916 Mdepth=0 Ddepth=15576 above_floor=0 
max_residual=0.000bps candidates=0 fee_age=4081ms
MICRO HEARTBEAT state=watching symbols=1 signal_source=demo books=1 
demo_books=1 Bquotes=40014 Mdepth=0 Ddepth=15660 above_floor=0 
max_residual=0.000bps candidates=0 fee_age=2005ms
MICRO HEARTBEAT state=watching symbols=1 signal_source=demo books=1 
demo_books=1 Bquotes=40245 Mdepth=0 Ddepth=15755 above_floor=0 
max_residual=0.000bps candidates=0 fee_age=0ms
MICRO HEARTBEAT state=watching symbols=1 signal_source=demo books=1 
demo_books=1 Bquotes=40282 Mdepth=0 Ddepth=15841 above_floor=0 
max_residual=0.000bps candidates=0 fee_age=3643ms
MICRO HEARTBEAT state=watching symbols=1 signal_source=demo books=1 
demo_books=1 Bquotes=40323 Mdepth=0 Ddepth=15932 above_floor=0 
max_residual=0.000bps candidates=0 fee_age=1486ms
MICRO HEARTBEAT state=watching symbols=1 signal_source=demo books=1 
demo_books=1 Bquotes=40344 Mdepth=0 Ddepth=16032 above_floor=0 
max_residual=0.000bps candidates=0 fee_age=0ms
MICRO HEARTBEAT state=watching symbols=1 signal_source=demo books=1 
demo_books=1 Bquotes=40581 Mdepth=0 Ddepth=16127 above_floor=0 
max_residual=0.689bps candidates=0 fee_age=2923ms
MICRO HEARTBEAT state=watching symbols=1 signal_source=demo books=1 
demo_books=1 Bquotes=40686 Mdepth=0 Ddepth=16228 above_floor=0 
max_residual=0.000bps candidates=0 fee_age=786ms
MICRO HEARTBEAT state=watching symbols=1 signal_source=demo books=1 
demo_books=1 Bquotes=40882 Mdepth=0 Ddepth=16332 above_floor=0 
max_residual=0.000bps candidates=0 fee_age=4306ms
MICRO HEARTBEAT state=watching symbols=1 signal_source=demo books=1 
demo_books=1 Bquotes=40979 Mdepth=0 Ddepth=16441 above_floor=0 
max_residual=0.000bps candidates=0 fee_age=2136ms
MICRO HEARTBEAT state=watching symbols=1 signal_source=demo books=1 
demo_books=1 Bquotes=41009 Mdepth=0 Ddepth=16536 above_floor=0 
max_residual=0.000bps candidates=0 fee_age=0ms
MICRO HEARTBEAT state=watching symbols=1 signal_source=demo books=1 
demo_books=1 Bquotes=41040 Mdepth=0 Ddepth=16638 above_floor=0 
max_residual=0.000bps candidates=0 fee_age=3609ms
MICRO HEARTBEAT state=watching symbols=1 signal_source=demo books=1 
demo_books=1 Bquotes=41077 Mdepth=0 Ddepth=16741 above_floor=0 
max_residual=0.000bps candidates=0 fee_age=1375ms
MICRO HEARTBEAT state=watching symbols=1 signal_source=demo books=1 
demo_books=1 Bquotes=41134 Mdepth=0 Ddepth=16850 above_floor=0 
max_residual=0.000bps candidates=0 fee_age=4982ms
MICRO HEARTBEAT state=watching symbols=1 signal_source=demo books=1 
demo_books=1 Bquotes=41214 Mdepth=0 Ddepth=16943 above_floor=0 
max_residual=0.000bps candidates=0 fee_age=2496ms
MICRO HEARTBEAT state=watching symbols=1 signal_source=demo books=1 
demo_books=1 Bquotes=41280 Mdepth=0 Ddepth=17034 above_floor=0 
max_residual=0.000bps candidates=0 fee_age=0ms
MICRO HEARTBEAT state=watching symbols=1 signal_source=demo books=1 
demo_books=1 Bquotes=41331 Mdepth=0 Ddepth=17129 above_floor=0 
max_residual=0.000bps candidates=0 fee_age=3630ms
MICRO HEARTBEAT state=watching symbols=1 signal_source=demo books=1 
demo_books=1 Bquotes=41506 Mdepth=0 Ddepth=17192 above_floor=0 
max_residual=0.000bps candidates=0 fee_age=1586ms
MICRO HEARTBEAT state=watching symbols=1 signal_source=demo books=1 
demo_books=1 Bquotes=41546 Mdepth=0 Ddepth=17225 above_floor=0 
max_residual=0.000bps candidates=0 fee_age=52ms
MICRO HEARTBEAT state=watching symbols=1 signal_source=demo books=1 
demo_books=1 Bquotes=41611 Mdepth=0 Ddepth=17252 above_floor=0 
max_residual=0.000bps candidates=0 fee_age=3684ms
MICRO HEARTBEAT state=watching symbols=1 signal_source=demo books=1 
demo_books=1 Bquotes=41702 Mdepth=0 Ddepth=17273 above_floor=0 
max_residual=0.000bps candidates=0 fee_age=1631ms
MICRO HEARTBEAT state=watching symbols=1 signal_source=demo books=1 
demo_books=1 Bquotes=41801 Mdepth=0 Ddepth=17300 above_floor=0 
max_residual=0.000bps candidates=0 fee_age=0ms
MICRO HEARTBEAT state=watching symbols=1 signal_source=demo books=1 
demo_books=1 Bquotes=41830 Mdepth=0 Ddepth=17318 above_floor=0 
max_residual=0.000bps candidates=0 fee_age=3642ms
MICRO HEARTBEAT state=watching symbols=1 signal_source=demo books=1 
demo_books=1 Bquotes=41907 Mdepth=0 Ddepth=17362 above_floor=0 
max_residual=0.000bps candidates=0 fee_age=1556ms
MICRO HEARTBEAT state=watching symbols=1 signal_source=demo books=1 
demo_books=1 Bquotes=41990 Mdepth=0 Ddepth=17454 above_floor=0 
max_residual=0.230bps candidates=0 fee_age=0ms
MICRO HEARTBEAT state=watching symbols=1 signal_source=demo books=1 
demo_books=1 Bquotes=42109 Mdepth=0 Ddepth=17553 above_floor=0 
max_residual=0.000bps candidates=0 fee_age=3648ms
MICRO HEARTBEAT state=watching symbols=1 signal_source=demo books=1 
demo_books=1 Bquotes=42196 Mdepth=0 Ddepth=17658 above_floor=0 
max_residual=0.000bps candidates=0 fee_age=1620ms
MICRO HEARTBEAT state=watching symbols=1 signal_source=demo books=1 
demo_books=1 Bquotes=42247 Mdepth=0 Ddepth=17768 above_floor=0 
max_residual=0.000bps candidates=0 fee_age=0ms
MICRO HEARTBEAT state=watching symbols=1 signal_source=demo books=1 
demo_books=1 Bquotes=42299 Mdepth=0 Ddepth=17877 above_floor=0 
max_residual=0.000bps candidates=0 fee_age=3201ms
MICRO HEARTBEAT state=watching symbols=1 signal_source=demo books=1 
demo_books=1 Bquotes=42578 Mdepth=0 Ddepth=17979 above_floor=0 
max_residual=0.000bps candidates=0 fee_age=1176ms
MICRO HEARTBEAT state=watching symbols=1 signal_source=demo books=1 
demo_books=1 Bquotes=42788 Mdepth=0 Ddepth=18085 above_floor=0 
max_residual=0.000bps candidates=0 fee_age=4839ms
MICRO HEARTBEAT state=watching symbols=1 signal_source=demo books=1 
demo_books=1 Bquotes=43194 Mdepth=0 Ddepth=18190 above_floor=0 
max_residual=0.000bps candidates=0 fee_age=2598ms
MICRO HEARTBEAT state=watching symbols=1 signal_source=demo books=1 
demo_books=1 Bquotes=43465 Mdepth=0 Ddepth=18299 above_floor=0 
max_residual=0.000bps candidates=0 fee_age=359ms
MICRO HEARTBEAT state=watching symbols=1 signal_source=demo books=1 
demo_books=1 Bquotes=43807 Mdepth=0 Ddepth=18402 above_floor=0 
max_residual=0.000bps candidates=0 fee_age=3503ms
MICRO HEARTBEAT state=watching symbols=1 signal_source=demo books=1 
demo_books=1 Bquotes=44033 Mdepth=0 Ddepth=18500 above_floor=0 
max_residual=0.000bps candidates=0 fee_age=1008ms
MICRO HEARTBEAT state=watching symbols=1 signal_source=demo books=1 
demo_books=1 Bquotes=44281 Mdepth=0 Ddepth=18605 above_floor=0 
max_residual=0.000bps candidates=0 fee_age=4631ms
MICRO HEARTBEAT state=watching symbols=1 signal_source=demo books=1 
demo_books=1 Bquotes=44436 Mdepth=0 Ddepth=18707 above_floor=0 
max_residual=0.000bps candidates=0 fee_age=2540ms
MICRO HEARTBEAT state=watching symbols=1 signal_source=demo books=1 
demo_books=1 Bquotes=44808 Mdepth=0 Ddepth=18760 above_floor=0 
max_residual=0.000bps candidates=0 fee_age=491ms
MICRO HEARTBEAT state=watching symbols=1 signal_source=demo books=1 
demo_books=1 Bquotes=44982 Mdepth=0 Ddepth=18781 above_floor=0 
max_residual=0.000bps candidates=0 fee_age=3635ms
MICRO HEARTBEAT state=watching symbols=1 signal_source=demo books=1 
demo_books=1 Bquotes=45175 Mdepth=0 Ddepth=18809 above_floor=0 
max_residual=0.000bps candidates=0 fee_age=1519ms
MICRO HEARTBEAT state=watching symbols=1 signal_source=demo books=1 
demo_books=1 Bquotes=45354 Mdepth=0 Ddepth=18830 above_floor=0 
max_residual=0.000bps candidates=0 fee_age=0ms
MICRO HEARTBEAT state=watching symbols=1 signal_source=demo books=1 
demo_books=1 Bquotes=45762 Mdepth=0 Ddepth=18851 above_floor=0 
max_residual=0.000bps candidates=0 fee_age=3629ms
MICRO HEARTBEAT state=watching symbols=1 signal_source=demo books=1 
demo_books=1 Bquotes=45811 Mdepth=0 Ddepth=18876 above_floor=0 
max_residual=0.000bps candidates=0 fee_age=1568ms
MICRO HEARTBEAT state=watching symbols=1 signal_source=demo books=1 
demo_books=1 Bquotes=46354 Mdepth=0 Ddepth=18937 above_floor=0 
max_residual=0.000bps candidates=0 fee_age=0ms
MICRO HEARTBEAT state=watching symbols=1 signal_source=demo books=1 
demo_books=1 Bquotes=46648 Mdepth=0 Ddepth=19028 above_floor=0 
max_residual=0.000bps candidates=0 fee_age=3642ms
MICRO SIGNAL XAUT_USDT SHORT residual=-1.010bps threshold=1.000 spread=0.230 
net=+0.010 B100=-0.276 M100=+0.000 Bage=2ms Mage=178ms DemoCross=1.0bps
DEMO ENTRY XAUT_USDT SHORT qty=0.022 LIVEEntry=4355.9 residual=-1.010 
notional=95.8298USDT leverage=1000x requested_margin=0.1000USDT 
strategy_equity=60.1606USDT sizing=PROBATION spread=0.230 DemoFeeReported=0
MICRO POSITION XAUT_USDT mark=-0.230bps MFE=+0.000 MAE=-0.230 
DemoNetMark=-0.002200USDT DemoNet=-0.230bps DemoMFE=+0.000 DemoMAE=-0.230 
TRAIL=OFF residual=+0.000bps B100=+0.000
MICRO POSITION XAUT_USDT mark=-0.230bps MFE=+0.000 MAE=-0.230 
DemoNetMark=-0.002200USDT DemoNet=-0.230bps DemoMFE=+0.000 DemoMAE=-0.230 
TRAIL=OFF residual=+0.000bps B100=+0.000
MICRO POSITION XAUT_USDT mark=-0.230bps MFE=+0.000 MAE=-0.230 
DemoNetMark=-0.002200USDT DemoNet=-0.230bps DemoMFE=+0.000 DemoMAE=-0.230 
TRAIL=OFF residual=+0.000bps B100=+0.000
MICRO EXIT XAUT_USDT reason=demo_adverse_cut LIVEpnl=-0.006600USDT 
move=-0.689bps MFE=+0.000 MAE=-0.689 hold=56647ms DemoExit=4356.2 
DemoGross=-0.006600 DemoNet=-0.006600 DemoFee=0
MICRO HEARTBEAT state=watching symbols=1 signal_source=demo books=1 
demo_books=1 Bquotes=47299 Mdepth=0 Ddepth=19418 above_floor=0 
max_residual=0.000bps candidates=0 fee_age=1578ms
MICRO HEARTBEAT state=watching symbols=1 signal_source=demo books=1 
demo_books=1 Bquotes=47418 Mdepth=0 Ddepth=19535 above_floor=0 
max_residual=0.000bps candidates=0 fee_age=0ms
MICRO HEARTBEAT state=watching symbols=1 signal_source=demo books=1 
demo_books=1 Bquotes=47483 Mdepth=0 Ddepth=19641 above_floor=0 
max_residual=0.000bps candidates=0 fee_age=3640ms
MICRO HEARTBEAT state=watching symbols=1 signal_source=demo books=1 
demo_books=1 Bquotes=47531 Mdepth=0 Ddepth=19751 above_floor=0 
max_residual=0.000bps candidates=0 fee_age=1597ms
MICRO HEARTBEAT state=watching symbols=1 signal_source=demo books=1 
demo_books=1 Bquotes=47603 Mdepth=0 Ddepth=19855 above_floor=0 
max_residual=0.000bps candidates=0 fee_age=0ms
MICRO HEARTBEAT state=watching symbols=1 signal_source=demo books=1 
demo_books=1 Bquotes=47694 Mdepth=0 Ddepth=19943 above_floor=0 
max_residual=0.000bps candidates=0 fee_age=3588ms
MICRO SIGNAL XAUT_USDT LONG residual=+1.010bps threshold=1.000 spread=0.230 
net=+0.010 B100=+1.010 M100=+0.000 Bage=1ms Mage=24ms DemoCross=1.0bps
DEMO ENTRY XAUT_USDT LONG qty=0.022 LIVEEntry=4356 residual=+1.010 
notional=95.832USDT leverage=1000x requested_margin=0.1000USDT 
strategy_equity=60.1540USDT sizing=PROBATION spread=0.230 DemoFeeReported=0
MICRO POSITION XAUT_USDT mark=+0.000bps MFE=+0.000 MAE=-0.230 
DemoNetMark=+0.000000USDT DemoNet=+0.000bps DemoMFE=+0.000 DemoMAE=-0.230 
TRAIL=OFF residual=+0.000bps B100=+0.000
MICRO POSITION XAUT_USDT mark=+0.000bps MFE=+0.000 MAE=-0.230 
DemoNetMark=+0.000000USDT DemoNet=+0.000bps DemoMFE=+0.000 DemoMAE=-0.230 
TRAIL=OFF residual=+0.000bps B100=+0.000
MICRO POSITION XAUT_USDT mark=+0.000bps MFE=+0.000 MAE=-0.230 
DemoNetMark=+0.000000USDT DemoNet=+0.000bps DemoMFE=+0.000 DemoMAE=-0.230 
TRAIL=OFF residual=+0.000bps B100=+0.000
MICRO POSITION XAUT_USDT mark=+0.000bps MFE=+0.000 MAE=-0.230 
DemoNetMark=+0.000000USDT DemoNet=+0.000bps DemoMFE=+0.000 DemoMAE=-0.230 
TRAIL=OFF residual=+0.000bps B100=+0.000
MICRO POSITION XAUT_USDT mark=+0.000bps MFE=+0.000 MAE=-0.230 
DemoNetMark=+0.000000USDT DemoNet=+0.000bps DemoMFE=+0.000 DemoMAE=-0.230 
TRAIL=OFF residual=+0.000bps B100=+0.000
MICRO POSITION XAUT_USDT mark=+0.000bps MFE=+0.000 MAE=-0.230 
DemoNetMark=+0.000000USDT DemoNet=+0.000bps DemoMFE=+0.000 DemoMAE=-0.230 
TRAIL=OFF residual=+0.000bps B100=+0.000
MICRO POSITION XAUT_USDT mark=+0.000bps MFE=+0.000 MAE=-0.230 
DemoNetMark=+0.000000USDT DemoNet=+0.000bps DemoMFE=+0.000 DemoMAE=-0.230 
TRAIL=OFF residual=+0.000bps B100=+0.000
MICRO POSITION XAUT_USDT mark=+0.000bps MFE=+0.000 MAE=-0.230 
DemoNetMark=+0.000000USDT DemoNet=+0.000bps DemoMFE=+0.000 DemoMAE=-0.230 
TRAIL=OFF residual=+0.000bps B100=+0.000
MICRO POSITION XAUT_USDT mark=+0.000bps MFE=+0.000 MAE=-0.230 
DemoNetMark=+0.000000USDT DemoNet=+0.000bps DemoMFE=+0.000 DemoMAE=-0.230 
TRAIL=OFF residual=+0.000bps B100=+0.000
MICRO POSITION XAUT_USDT mark=+0.000bps MFE=+0.000 MAE=-0.230 
DemoNetMark=+0.000000USDT DemoNet=+0.000bps DemoMFE=+0.000 DemoMAE=-0.230 
TRAIL=OFF residual=+0.000bps B100=+0.000
MICRO POSITION XAUT_USDT mark=+0.000bps MFE=+0.000 MAE=-0.230 
DemoNetMark=+0.000000USDT DemoNet=+0.000bps DemoMFE=+0.000 DemoMAE=-0.230 
TRAIL=OFF residual=+0.000bps B100=+0.000
MICRO POSITION XAUT_USDT mark=+0.000bps MFE=+0.000 MAE=-0.230 
DemoNetMark=+0.000000USDT DemoNet=+0.000bps DemoMFE=+0.000 DemoMAE=-0.230 
TRAIL=OFF residual=+0.000bps B100=+0.000
MICRO POSITION XAUT_USDT mark=+0.000bps MFE=+0.000 MAE=-0.230 
DemoNetMark=+0.000000USDT DemoNet=+0.000bps DemoMFE=+0.000 DemoMAE=-0.230 
TRAIL=OFF residual=+0.000bps B100=+0.000
MICRO EXIT XAUT_USDT reason=demo_adverse_cut LIVEpnl=-0.008800USDT 
move=-0.918bps MFE=+0.000 MAE=-0.918 hold=199480ms DemoExit=4355.6 
DemoGross=-0.008800 DemoNet=-0.008800 DemoFee=0
MICRO HEARTBEAT state=watching symbols=1 signal_source=demo books=1 
demo_books=1 Bquotes=49591 Mdepth=0 Ddepth=20830 above_floor=0 
max_residual=0.023bps candidates=0 fee_age=4843ms
MICRO HEARTBEAT state=watching symbols=1 signal_source=demo books=1 
demo_books=1 Bquotes=49716 Mdepth=0 Ddepth=20936 above_floor=0 
max_residual=0.000bps candidates=0 fee_age=2184ms
MICRO HEARTBEAT state=watching symbols=1 signal_source=demo books=1 
demo_books=1 Bquotes=49775 Mdepth=0 Ddepth=21031 above_floor=0 
max_residual=0.000bps candidates=0 fee_age=175ms
MICRO HEARTBEAT state=watching symbols=1 signal_source=demo books=1 
demo_books=1 Bquotes=49820 Mdepth=0 Ddepth=21125 above_floor=0 
max_residual=0.000bps candidates=0 fee_age=3851ms
MICRO HEARTBEAT state=watching symbols=1 signal_source=demo books=1 
demo_books=1 Bquotes=50088 Mdepth=0 Ddepth=21227 above_floor=0 
max_residual=0.000bps candidates=0 fee_age=1802ms
MICRO HEARTBEAT state=watching symbols=1 signal_source=demo books=1 
demo_books=1 Bquotes=50364 Mdepth=0 Ddepth=21322 above_floor=0 
max_residual=0.000bps candidates=0 fee_age=0ms
MICRO HEARTBEAT state=watching symbols=1 signal_source=demo books=1 
demo_books=1 Bquotes=50653 Mdepth=0 Ddepth=21348 above_floor=0 
max_residual=0.000bps candidates=0 fee_age=3603ms
MICRO HEARTBEAT state=watching symbols=1 signal_source=demo books=1 
demo_books=1 Bquotes=50883 Mdepth=0 Ddepth=21372 above_floor=0 
max_residual=0.000bps candidates=0 fee_age=1551ms
MICRO HEARTBEAT state=watching symbols=1 signal_source=demo books=1 
demo_books=1 Bquotes=51113 Mdepth=0 Ddepth=21399 above_floor=0 
max_residual=0.000bps candidates=0 fee_age=1ms
MICRO HEARTBEAT state=watching symbols=1 signal_source=demo books=1 
demo_books=1 Bquotes=51256 Mdepth=0 Ddepth=21420 above_floor=0 
max_residual=0.000bps candidates=0 fee_age=3584ms
MICRO HEARTBEAT state=watching symbols=1 signal_source=demo books=1 
demo_books=1 Bquotes=51567 Mdepth=0 Ddepth=21446 above_floor=0 
max_residual=0.000bps candidates=0 fee_age=893ms
MICRO HEARTBEAT state=watching symbols=1 signal_source=demo books=1 
demo_books=1 Bquotes=51722 Mdepth=0 Ddepth=21479 above_floor=0 
max_residual=0.000bps candidates=0 fee_age=4556ms
MICRO HEARTBEAT state=watching symbols=1 signal_source=demo books=1 
demo_books=1 Bquotes=52277 Mdepth=0 Ddepth=21545 above_floor=0 
max_residual=0.207bps candidates=0 fee_age=1968ms
MICRO HEARTBEAT state=watching symbols=1 signal_source=demo books=1 
demo_books=1 Bquotes=52314 Mdepth=0 Ddepth=21630 above_floor=0 
max_residual=0.000bps candidates=0 fee_age=0ms
MICRO HEARTBEAT state=watching symbols=1 signal_source=demo books=1 
demo_books=1 Bquotes=52372 Mdepth=0 Ddepth=21718 above_floor=0 
max_residual=0.000bps candidates=0 fee_age=3610ms
MICRO HEARTBEAT state=watching symbols=1 signal_source=demo books=1 
demo_books=1 Bquotes=52398 Mdepth=0 Ddepth=21815 above_floor=0 
max_residual=0.000bps candidates=0 fee_age=1509ms
MICRO HEARTBEAT state=watching symbols=1 signal_source=demo books=1 
demo_books=1 Bquotes=52424 Mdepth=0 Ddepth=21917 above_floor=0 
max_residual=0.000bps candidates=0 fee_age=0ms
MICRO HEARTBEAT state=watching symbols=1 signal_source=demo books=1 
demo_books=1 Bquotes=52448 Mdepth=0 Ddepth=22016 above_floor=0 
max_residual=0.000bps candidates=0 fee_age=3045ms
MICRO HEARTBEAT state=watching symbols=1 signal_source=demo books=1 
demo_books=1 Bquotes=52495 Mdepth=0 Ddepth=22116 above_floor=0 
max_residual=0.000bps candidates=0 fee_age=994ms
MICRO HEARTBEAT state=watching symbols=1 signal_source=demo books=1 
demo_books=1 Bquotes=52595 Mdepth=0 Ddepth=22224 above_floor=0 
max_residual=0.000bps candidates=0 fee_age=4081ms
MICRO HEARTBEAT state=watching symbols=1 signal_source=demo books=1 
demo_books=1 Bquotes=52631 Mdepth=0 Ddepth=22330 above_floor=0 
max_residual=0.000bps candidates=0 fee_age=2020ms
MICRO HEARTBEAT state=watching symbols=1 signal_source=demo books=1 
demo_books=1 Bquotes=52658 Mdepth=0 Ddepth=22440 above_floor=0 
max_residual=0.000bps candidates=0 fee_age=0ms
MICRO HEARTBEAT state=watching symbols=1 signal_source=demo books=1 
demo_books=1 Bquotes=52689 Mdepth=0 Ddepth=22550 above_floor=0 
max_residual=0.000bps candidates=0 fee_age=3613ms
MICRO HEARTBEAT state=watching symbols=1 signal_source=demo books=1 
demo_books=1 Bquotes=52711 Mdepth=0 Ddepth=22659 above_floor=0 
max_residual=0.000bps candidates=0 fee_age=1594ms
MICRO HEARTBEAT state=watching symbols=1 signal_source=demo books=1 
demo_books=1 Bquotes=52734 Mdepth=0 Ddepth=22757 above_floor=0 
max_residual=0.000bps candidates=0 fee_age=0ms
MICRO HEARTBEAT state=watching symbols=1 signal_source=demo books=1 
demo_books=1 Bquotes=52789 Mdepth=0 Ddepth=22855 above_floor=0 
max_residual=0.000bps candidates=0 fee_age=3160ms
MICRO HEARTBEAT state=watching symbols=1 signal_source=demo books=1 
demo_books=1 Bquotes=52813 Mdepth=0 Ddepth=22952 above_floor=0 
max_residual=0.000bps candidates=0 fee_age=1139ms
MICRO HEARTBEAT state=watching symbols=1 signal_source=demo books=1 
demo_books=1 Bquotes=53063 Mdepth=0 Ddepth=23051 above_floor=0 
max_residual=0.000bps candidates=0 fee_age=4813ms
MICRO HEARTBEAT state=watching symbols=1 signal_source=demo books=1 
demo_books=1 Bquotes=53290 Mdepth=0 Ddepth=23155 above_floor=0 
max_residual=0.000bps candidates=0 fee_age=2228ms
MICRO HEARTBEAT state=watching symbols=1 signal_source=demo books=1 
demo_books=1 Bquotes=53327 Mdepth=0 Ddepth=23234 above_floor=0 
max_residual=0.000bps candidates=0 fee_age=128ms
MICRO HEARTBEAT state=watching symbols=1 signal_source=demo books=1 
demo_books=1 Bquotes=53380 Mdepth=0 Ddepth=23274 above_floor=0 
max_residual=0.000bps candidates=0 fee_age=3782ms
MICRO HEARTBEAT state=watching symbols=1 signal_source=demo books=1 
demo_books=1 Bquotes=53427 Mdepth=0 Ddepth=23298 above_floor=0 
max_residual=0.000bps candidates=0 fee_age=1692ms
MICRO HEARTBEAT state=watching symbols=1 signal_source=demo books=1 
demo_books=1 Bquotes=53492 Mdepth=0 Ddepth=23319 above_floor=0 
max_residual=0.000bps candidates=0 fee_age=0ms
MICRO HEARTBEAT state=watching symbols=1 signal_source=demo books=1 
demo_books=1 Bquotes=53544 Mdepth=0 Ddepth=23350 above_floor=0 
max_residual=0.000bps candidates=0 fee_age=2955ms
MICRO HEARTBEAT state=watching symbols=1 signal_source=demo books=1 
demo_books=1 Bquotes=53609 Mdepth=0 Ddepth=23370 above_floor=0 
max_residual=0.000bps candidates=0 fee_age=912ms
MICRO HEARTBEAT state=watching symbols=1 signal_source=demo books=1 
demo_books=1 Bquotes=53659 Mdepth=0 Ddepth=23404 above_floor=0 
max_residual=0.000bps candidates=0 fee_age=4575ms
MICRO HEARTBEAT state=watching symbols=1 signal_source=demo books=1 
demo_books=1 Bquotes=53682 Mdepth=0 Ddepth=23478 above_floor=0 
max_residual=0.000bps candidates=0 fee_age=1933ms
MICRO HEARTBEAT state=watching symbols=1 signal_source=demo books=1 
demo_books=1 Bquotes=53707 Mdepth=0 Ddepth=23578 above_floor=0 
max_residual=0.000bps candidates=0 fee_age=0ms
MICRO HEARTBEAT state=watching symbols=1 signal_source=demo books=1 
demo_books=1 Bquotes=53754 Mdepth=0 Ddepth=23678 above_floor=0 
max_residual=0.000bps candidates=0 fee_age=3572ms
MICRO HEARTBEAT state=watching symbols=1 signal_source=demo books=1 
demo_books=1 Bquotes=53885 Mdepth=0 Ddepth=23780 above_floor=0 
max_residual=0.000bps candidates=0 fee_age=1455ms
MICRO HEARTBEAT state=watching symbols=1 signal_source=demo books=1 
demo_books=1 Bquotes=53963 Mdepth=0 Ddepth=23891 above_floor=0 
max_residual=0.000bps candidates=0 fee_age=0ms
MICRO HEARTBEAT state=watching symbols=1 signal_source=demo books=1 
demo_books=1 Bquotes=53984 Mdepth=0 Ddepth=23994 above_floor=0 
max_residual=0.000bps candidates=0 fee_age=2788ms
MICRO HEARTBEAT state=watching symbols=1 signal_source=demo books=1 
demo_books=1 Bquotes=54014 Mdepth=0 Ddepth=24093 above_floor=0 
max_residual=0.000bps candidates=0 fee_age=725ms
MICRO HEARTBEAT state=watching symbols=1 signal_source=demo books=1 
demo_books=1 Bquotes=54115 Mdepth=0 Ddepth=24200 above_floor=0 
max_residual=0.000bps candidates=0 fee_age=4328ms
MICRO HEARTBEAT state=watching symbols=1 signal_source=demo books=1 
demo_books=1 Bquotes=54151 Mdepth=0 Ddepth=24306 above_floor=0 
max_residual=0.000bps candidates=0 fee_age=2329ms
MICRO HEARTBEAT state=watching symbols=1 signal_source=demo books=1 
demo_books=1 Bquotes=54466 Mdepth=0 Ddepth=24405 above_floor=0 
max_residual=0.000bps candidates=0 fee_age=0ms
MICRO HEARTBEAT state=watching symbols=1 signal_source=demo books=1 
demo_books=1 Bquotes=54664 Mdepth=0 Ddepth=24503 above_floor=0 
max_residual=0.000bps candidates=0 fee_age=3096ms
MICRO HEARTBEAT state=watching symbols=1 signal_source=demo books=1 
demo_books=1 Bquotes=54836 Mdepth=0 Ddepth=24606 above_floor=0 
max_residual=0.000bps candidates=0 fee_age=1005ms
MICRO HEARTBEAT state=watching symbols=1 signal_source=demo books=1 
demo_books=1 Bquotes=55002 Mdepth=0 Ddepth=24709 above_floor=0 
max_residual=0.000bps candidates=0 fee_age=4654ms
MICRO HEARTBEAT state=watching symbols=1 signal_source=demo books=1 
demo_books=1 Bquotes=55246 Mdepth=0 Ddepth=24793 above_floor=0 
max_residual=0.000bps candidates=0 fee_age=2569ms
MICRO HEARTBEAT state=watching symbols=1 signal_source=demo books=1 
demo_books=1 Bquotes=55505 Mdepth=0 Ddepth=24814 above_floor=0 
max_residual=0.000bps candidates=0 fee_age=539ms
MICRO HEARTBEAT state=watching symbols=1 signal_source=demo books=1 
demo_books=1 Bquotes=55877 Mdepth=0 Ddepth=24844 above_floor=0 
max_residual=0.000bps candidates=0 fee_age=4173ms
MICRO HEARTBEAT state=watching symbols=1 signal_source=demo books=1 
demo_books=1 Bquotes=56095 Mdepth=0 Ddepth=24875 above_floor=0 
max_residual=0.000bps candidates=0 fee_age=2069ms
MICRO HEARTBEAT state=watching symbols=1 signal_source=demo books=1 
demo_books=1 Bquotes=56357 Mdepth=0 Ddepth=24896 above_floor=0 
max_residual=0.000bps candidates=0 fee_age=0ms
MICRO HEARTBEAT state=watching symbols=1 signal_source=demo books=1 
demo_books=1 Bquotes=56630 Mdepth=0 Ddepth=24914 above_floor=0 
max_residual=0.000bps candidates=0 fee_age=3588ms
MICRO HEARTBEAT state=watching symbols=1 signal_source=demo books=1 
demo_books=1 Bquotes=56908 Mdepth=0 Ddepth=24970 above_floor=0 
max_residual=0.000bps candidates=0 fee_age=1511ms
MICRO HEARTBEAT state=watching symbols=1 signal_source=demo books=1 
demo_books=1 Bquotes=57155 Mdepth=0 Ddepth=25065 above_floor=0 
max_residual=0.000bps candidates=0 fee_age=0ms
MICRO HEARTBEAT state=watching symbols=1 signal_source=demo books=1 
demo_books=1 Bquotes=57321 Mdepth=0 Ddepth=25162 above_floor=0 
max_residual=0.000bps candidates=0 fee_age=3598ms
MICRO HEARTBEAT state=watching symbols=1 signal_source=demo books=1 
demo_books=1 Bquotes=57569 Mdepth=0 Ddepth=25264 above_floor=0 
max_residual=0.000bps candidates=0 fee_age=1342ms
MICRO HEARTBEAT state=watching symbols=1 signal_source=demo books=1 
demo_books=1 Bquotes=57745 Mdepth=0 Ddepth=25364 above_floor=0 
max_residual=0.000bps candidates=0 fee_age=4964ms
MICRO HEARTBEAT state=watching symbols=1 signal_source=demo books=1 
demo_books=1 Bquotes=58062 Mdepth=0 Ddepth=25464 above_floor=0 
max_residual=0.000bps candidates=0 fee_age=2348ms
MICRO HEARTBEAT state=watching symbols=1 signal_source=demo books=1 
demo_books=1 Bquotes=58333 Mdepth=0 Ddepth=25567 above_floor=0 
max_residual=0.023bps candidates=0 fee_age=275ms
MICRO HEARTBEAT state=watching symbols=1 signal_source=demo books=1 
demo_books=1 Bquotes=58487 Mdepth=0 Ddepth=25671 above_floor=0 
max_residual=0.367bps candidates=0 fee_age=3812ms
MICRO HEARTBEAT state=watching symbols=1 signal_source=demo books=1 
demo_books=1 Bquotes=58732 Mdepth=0 Ddepth=25778 above_floor=0 
max_residual=0.000bps candidates=0 fee_age=746ms
MICRO HEARTBEAT state=watching symbols=1 signal_source=demo books=1 
demo_books=1 Bquotes=58952 Mdepth=0 Ddepth=25878 above_floor=0 
max_residual=0.000bps candidates=0 fee_age=4367ms
MICRO HEARTBEAT state=watching symbols=1 signal_source=demo books=1 
demo_books=1 Bquotes=59493 Mdepth=0 Ddepth=25979 above_floor=0 
max_residual=0.000bps candidates=0 fee_age=2165ms
MICRO HEARTBEAT state=watching symbols=1 signal_source=demo books=1 
demo_books=1 Bquotes=59532 Mdepth=0 Ddepth=26070 above_floor=0 
max_residual=0.000bps candidates=0 fee_age=126ms
MICRO HEARTBEAT state=watching symbols=1 signal_source=demo books=1 
demo_books=1 Bquotes=59615 Mdepth=0 Ddepth=26163 above_floor=0 
max_residual=0.000bps candidates=0 fee_age=3209ms
MICRO HEARTBEAT state=watching symbols=1 signal_source=demo books=1 
demo_books=1 Bquotes=59710 Mdepth=0 Ddepth=26261 above_floor=0 
max_residual=0.000bps candidates=0 fee_age=1177ms
MICRO HEARTBEAT state=watching symbols=1 signal_source=demo books=1 
demo_books=1 Bquotes=59775 Mdepth=0 Ddepth=26327 above_floor=0 
max_residual=0.000bps candidates=0 fee_age=4234ms
MICRO HEARTBEAT state=watching symbols=1 signal_source=demo books=1 
demo_books=1 Bquotes=59847 Mdepth=0 Ddepth=26365 above_floor=0 
max_residual=0.000bps candidates=0 fee_age=2232ms
MICRO HEARTBEAT state=watching symbols=1 signal_source=demo books=1 
demo_books=1 Bquotes=59899 Mdepth=0 Ddepth=26390 above_floor=0 
max_residual=0.000bps candidates=0 fee_age=120ms
MICRO HEARTBEAT state=watching symbols=1 signal_source=demo books=1 
demo_books=1 Bquotes=59972 Mdepth=0 Ddepth=26416 above_floor=0 
max_residual=0.000bps candidates=0 fee_age=3711ms
MICRO HEARTBEAT state=watching symbols=1 signal_source=demo books=1 
demo_books=1 Bquotes=60024 Mdepth=0 Ddepth=26440 above_floor=0 
max_residual=0.000bps candidates=0 fee_age=1601ms
MICRO HEARTBEAT state=watching symbols=1 signal_source=demo books=1 
demo_books=1 Bquotes=60067 Mdepth=0 Ddepth=26470 above_floor=0 
max_residual=0.000bps candidates=0 fee_age=52ms
MICRO HEARTBEAT state=watching symbols=1 signal_source=demo books=1 
demo_books=1 Bquotes=60107 Mdepth=0 Ddepth=26519 above_floor=0 
max_residual=0.000bps candidates=0 fee_age=3638ms
MICRO HEARTBEAT state=watching symbols=1 signal_source=demo books=1 
demo_books=1 Bquotes=60166 Mdepth=0 Ddepth=26605 above_floor=0 
max_residual=0.000bps candidates=0 fee_age=1592ms
MICRO HEARTBEAT state=watching symbols=1 signal_source=demo books=1 
demo_books=1 Bquotes=60222 Mdepth=0 Ddepth=26709 above_floor=0 
max_residual=0.000bps candidates=0 fee_age=0ms
MICRO HEARTBEAT state=watching symbols=1 signal_source=demo books=1 
demo_books=1 Bquotes=60287 Mdepth=0 Ddepth=26809 above_floor=0 
max_residual=0.000bps candidates=0 fee_age=3634ms
MICRO HEARTBEAT state=watching symbols=1 signal_source=demo books=1 
demo_books=1 Bquotes=60450 Mdepth=0 Ddepth=26916 above_floor=0 
max_residual=0.000bps candidates=0 fee_age=1552ms
MICRO HEARTBEAT state=watching symbols=1 signal_source=demo books=1 
demo_books=1 Bquotes=61169 Mdepth=0 Ddepth=27028 above_floor=0 
max_residual=0.390bps candidates=0 fee_age=0ms
MICRO HEARTBEAT state=watching symbols=1 signal_source=demo books=1 
demo_books=1 Bquotes=61436 Mdepth=0 Ddepth=27122 above_floor=0 
max_residual=0.000bps candidates=0 fee_age=3616ms
MICRO HEARTBEAT state=watching symbols=1 signal_source=demo books=1 
demo_books=1 Bquotes=61703 Mdepth=0 Ddepth=27221 above_floor=0 
max_residual=0.000bps candidates=0 fee_age=1581ms
MICRO HEARTBEAT state=watching symbols=1 signal_source=demo books=1 
demo_books=1 Bquotes=62031 Mdepth=0 Ddepth=27328 above_floor=0 
max_residual=0.000bps candidates=0 fee_age=0ms
MICRO HEARTBEAT state=watching symbols=1 signal_source=demo books=1 
demo_books=1 Bquotes=62387 Mdepth=0 Ddepth=27419 above_floor=0 
max_residual=0.000bps candidates=0 fee_age=3640ms
MICRO HEARTBEAT state=watching symbols=1 signal_source=demo books=1 
demo_books=1 Bquotes=62809 Mdepth=0 Ddepth=27501 above_floor=0 
max_residual=0.000bps candidates=0 fee_age=1130ms
MICRO HEARTBEAT state=watching symbols=1 signal_source=demo books=1 
demo_books=1 Bquotes=63406 Mdepth=0 Ddepth=27593 above_floor=0 
max_residual=0.000bps candidates=0 fee_age=4831ms
MICRO HEARTBEAT state=watching symbols=1 signal_source=demo books=1 
demo_books=1 Bquotes=63883 Mdepth=0 Ddepth=27678 above_floor=0 
max_residual=0.000bps candidates=0 fee_age=2207ms
MICRO HEARTBEAT state=watching symbols=1 signal_source=demo books=1 
demo_books=1 Bquotes=64303 Mdepth=0 Ddepth=27767 above_floor=0 
max_residual=0.000bps candidates=0 fee_age=69ms
MICRO HEARTBEAT state=watching symbols=1 signal_source=demo books=1 
demo_books=1 Bquotes=64908 Mdepth=0 Ddepth=27829 above_floor=0 
max_residual=0.000bps candidates=0 fee_age=3759ms
MICRO HEARTBEAT state=watching symbols=1 signal_source=demo books=1 
demo_books=1 Bquotes=65008 Mdepth=0 Ddepth=27855 above_floor=0 
max_residual=0.000bps candidates=0 fee_age=1792ms
MICRO HEARTBEAT state=watching symbols=1 signal_source=demo books=1 
demo_books=1 Bquotes=65142 Mdepth=0 Ddepth=27888 above_floor=0 
max_residual=0.000bps candidates=0 fee_age=0ms
MICRO HEARTBEAT state=watching symbols=1 signal_source=demo books=1 
demo_books=1 Bquotes=65469 Mdepth=0 Ddepth=27907 above_floor=0 
max_residual=0.000bps candidates=0 fee_age=3675ms
MICRO HEARTBEAT state=watching symbols=1 signal_source=demo books=1 
demo_books=1 Bquotes=65905 Mdepth=0 Ddepth=27928 above_floor=0 
max_residual=0.000bps candidates=0 fee_age=1757ms
MICRO HEARTBEAT state=watching symbols=1 signal_source=demo books=1 
demo_books=1 Bquotes=66438 Mdepth=0 Ddepth=27959 above_floor=0 
max_residual=0.000bps candidates=0 fee_age=0ms
MICRO HEARTBEAT state=watching symbols=1 signal_source=demo books=1 
demo_books=1 Bquotes=66637 Mdepth=0 Ddepth=28001 above_floor=0 
max_residual=0.344bps candidates=0 fee_age=3670ms
MICRO HEARTBEAT state=watching symbols=1 signal_source=demo books=1 
demo_books=1 Bquotes=67175 Mdepth=0 Ddepth=28085 above_floor=0 
max_residual=0.000bps candidates=0 fee_age=1522ms
MICRO HEARTBEAT state=watching symbols=1 signal_source=demo books=1 
demo_books=1 Bquotes=68005 Mdepth=0 Ddepth=28182 above_floor=0 
max_residual=0.596bps candidates=0 fee_age=0ms
MICRO HEARTBEAT state=watching symbols=1 signal_source=demo books=1 
demo_books=1 Bquotes=68120 Mdepth=0 Ddepth=28265 above_floor=0 
max_residual=0.000bps candidates=0 fee_age=3530ms
MICRO HEARTBEAT state=watching symbols=1 signal_source=demo books=1 
demo_books=1 Bquotes=68229 Mdepth=0 Ddepth=28353 above_floor=0 
max_residual=0.000bps candidates=0 fee_age=949ms
MICRO HEARTBEAT state=watching symbols=1 signal_source=demo books=1 
demo_books=1 Bquotes=68289 Mdepth=0 Ddepth=28444 above_floor=0 
max_residual=0.000bps candidates=0 fee_age=4549ms
MICRO HEARTBEAT state=watching symbols=1 signal_source=demo books=1 
demo_books=1 Bquotes=68397 Mdepth=0 Ddepth=28536 above_floor=0 
max_residual=0.000bps candidates=0 fee_age=2556ms
MICRO HEARTBEAT state=watching symbols=1 signal_source=demo books=1 
demo_books=1 Bquotes=68495 Mdepth=0 Ddepth=28630 above_floor=0 
max_residual=0.000bps candidates=0 fee_age=612ms
MICRO HEARTBEAT state=watching symbols=1 signal_source=demo books=1 
demo_books=1 Bquotes=68560 Mdepth=0 Ddepth=28736 above_floor=0 
max_residual=0.000bps candidates=0 fee_age=4136ms
MICRO HEARTBEAT state=watching symbols=1 signal_source=demo books=1 
demo_books=1 Bquotes=68609 Mdepth=0 Ddepth=28837 above_floor=0 
max_residual=0.000bps candidates=0 fee_age=1701ms
MICRO HEARTBEAT state=watching symbols=1 signal_source=demo books=1 
demo_books=1 Bquotes=68696 Mdepth=0 Ddepth=28948 above_floor=0 
max_residual=0.229bps candidates=0 fee_age=0ms
MICRO HEARTBEAT state=watching symbols=1 signal_source=demo books=1 
demo_books=1 Bquotes=68840 Mdepth=0 Ddepth=29043 above_floor=0 
max_residual=0.206bps candidates=0 fee_age=3622ms
MICRO HEARTBEAT state=watching symbols=1 signal_source=demo books=1 
demo_books=1 Bquotes=69153 Mdepth=0 Ddepth=29144 above_floor=0 
max_residual=0.000bps candidates=0 fee_age=1481ms
MICRO HEARTBEAT state=watching symbols=1 signal_source=demo books=1 
demo_books=1 Bquotes=69393 Mdepth=0 Ddepth=29248 above_floor=0 
max_residual=0.000bps candidates=0 fee_age=0ms
MICRO HEARTBEAT state=watching symbols=1 signal_source=demo books=1 
demo_books=1 Bquotes=69655 Mdepth=0 Ddepth=29301 above_floor=0 
max_residual=0.000bps candidates=0 fee_age=2946ms
MICRO HEARTBEAT state=watching symbols=1 signal_source=demo books=1 
demo_books=1 Bquotes=69855 Mdepth=0 Ddepth=29322 above_floor=0 
max_residual=0.000bps candidates=0 fee_age=766ms
MICRO HEARTBEAT state=watching symbols=1 signal_source=demo books=1 
demo_books=1 Bquotes=70087 Mdepth=0 Ddepth=29342 above_floor=0 
max_residual=0.000bps candidates=0 fee_age=4402ms
MICRO HEARTBEAT state=watching symbols=1 signal_source=demo books=1 
demo_books=1 Bquotes=70304 Mdepth=0 Ddepth=29372 above_floor=0 
max_residual=0.000bps candidates=0 fee_age=2321ms
MICRO HEARTBEAT state=watching symbols=1 signal_source=demo books=1 
demo_books=1 Bquotes=70500 Mdepth=0 Ddepth=29394 above_floor=0 
max_residual=0.000bps candidates=0 fee_age=244ms
MICRO HEARTBEAT state=watching symbols=1 signal_source=demo books=1 
demo_books=1 Bquotes=70680 Mdepth=0 Ddepth=29428 above_floor=0 
max_residual=0.000bps candidates=0 fee_age=3906ms
MICRO HEARTBEAT state=watching symbols=1 signal_source=demo books=1 
demo_books=1 Bquotes=70879 Mdepth=0 Ddepth=29516 above_floor=0 
max_residual=0.000bps candidates=0 fee_age=1905ms
MICRO HEARTBEAT state=watching symbols=1 signal_source=demo books=1 
demo_books=1 Bquotes=71071 Mdepth=0 Ddepth=29616 above_floor=0 
max_residual=0.000bps candidates=0 fee_age=0ms
MICRO HEARTBEAT state=watching symbols=1 signal_source=demo books=1 
demo_books=1 Bquotes=71427 Mdepth=0 Ddepth=29717 above_floor=0 
max_residual=0.115bps candidates=0 fee_age=3536ms
MICRO HEARTBEAT state=watching symbols=1 signal_source=demo books=1 
demo_books=1 Bquotes=71770 Mdepth=0 Ddepth=29814 above_floor=0 
max_residual=0.000bps candidates=0 fee_age=1491ms
MICRO HEARTBEAT state=watching symbols=1 signal_source=demo books=1 
demo_books=1 Bquotes=72028 Mdepth=0 Ddepth=29913 above_floor=0 
max_residual=0.000bps candidates=0 fee_age=0ms
MICRO HEARTBEAT state=watching symbols=1 signal_source=demo books=1 
demo_books=1 Bquotes=72203 Mdepth=0 Ddepth=30009 above_floor=0 
max_residual=0.000bps candidates=0 fee_age=3705ms
MICRO HEARTBEAT state=watching symbols=1 signal_source=demo books=1 
demo_books=1 Bquotes=72436 Mdepth=0 Ddepth=30108 above_floor=0 
max_residual=0.000bps candidates=0 fee_age=1655ms
MICRO HEARTBEAT state=watching symbols=1 signal_source=demo books=1 
demo_books=1 Bquotes=72645 Mdepth=0 Ddepth=30219 above_floor=0 
max_residual=0.000bps candidates=0 fee_age=0ms
MICRO HEARTBEAT state=watching symbols=1 signal_source=demo books=1 
demo_books=1 Bquotes=72867 Mdepth=0 Ddepth=30318 above_floor=0 
max_residual=0.000bps candidates=0 fee_age=3647ms
MICRO HEARTBEAT state=watching symbols=1 signal_source=demo books=1 
demo_books=1 Bquotes=73186 Mdepth=0 Ddepth=30424 above_floor=0 
max_residual=0.000bps candidates=0 fee_age=1660ms
MICRO HEARTBEAT state=watching symbols=1 signal_source=demo books=1 
demo_books=1 Bquotes=73484 Mdepth=0 Ddepth=30534 above_floor=0 
max_residual=0.000bps candidates=0 fee_age=0ms
MICRO HEARTBEAT state=watching symbols=1 signal_source=demo books=1 
demo_books=1 Bquotes=73654 Mdepth=0 Ddepth=30634 above_floor=0 
max_residual=0.000bps candidates=0 fee_age=3660ms
MICRO HEARTBEAT state=watching symbols=1 signal_source=demo books=1 
demo_books=1 Bquotes=73841 Mdepth=0 Ddepth=30732 above_floor=0 
max_residual=0.000bps candidates=0 fee_age=1580ms
MICRO HEARTBEAT state=watching symbols=1 signal_source=demo books=1 
demo_books=1 Bquotes=73990 Mdepth=0 Ddepth=30833 above_floor=0 
max_residual=0.000bps candidates=0 fee_age=0ms
MICRO HEARTBEAT state=watching symbols=1 signal_source=demo books=1 
demo_books=1 Bquotes=74213 Mdepth=0 Ddepth=30876 above_floor=0 
max_residual=0.000bps candidates=0 fee_age=3609ms
MICRO HEARTBEAT state=watching symbols=1 signal_source=demo books=1 
demo_books=1 Bquotes=74449 Mdepth=0 Ddepth=30900 above_floor=0 
max_residual=0.000bps candidates=0 fee_age=1598ms
MICRO HEARTBEAT state=watching symbols=1 signal_source=demo books=1 
demo_books=1 Bquotes=74653 Mdepth=0 Ddepth=30930 above_floor=0 
max_residual=0.000bps candidates=0 fee_age=0ms
MICRO HEARTBEAT state=watching symbols=1 signal_source=demo books=1 
demo_books=1 Bquotes=74848 Mdepth=0 Ddepth=30958 above_floor=0 
max_residual=0.000bps candidates=0 fee_age=3653ms
MICRO HEARTBEAT state=watching symbols=1 signal_source=demo books=1 
demo_books=1 Bquotes=75053 Mdepth=0 Ddepth=30977 above_floor=0 
max_residual=0.000bps candidates=0 fee_age=1161ms
MICRO HEARTBEAT state=watching symbols=1 signal_source=demo books=1 
demo_books=1 Bquotes=75283 Mdepth=0 Ddepth=30998 above_floor=0 
max_residual=0.000bps candidates=0 fee_age=4804ms
MICRO HEARTBEAT state=watching symbols=1 signal_source=demo books=1 
demo_books=1 Bquotes=75566 Mdepth=0 Ddepth=31056 above_floor=0 
max_residual=0.000bps candidates=0 fee_age=2766ms
MICRO HEARTBEAT state=watching symbols=1 signal_source=demo books=1 
demo_books=1 Bquotes=75816 Mdepth=0 Ddepth=31154 above_floor=0 
max_residual=0.000bps candidates=0 fee_age=811ms
MICRO HEARTBEAT state=watching symbols=1 signal_source=demo books=1 
demo_books=1 Bquotes=76013 Mdepth=0 Ddepth=31248 above_floor=0 
max_residual=0.000bps candidates=0 fee_age=4393ms
MICRO HEARTBEAT state=watching symbols=1 signal_source=demo books=1 
demo_books=1 Bquotes=76202 Mdepth=0 Ddepth=31342 above_floor=0 
max_residual=0.000bps candidates=0 fee_age=2373ms
MICRO HEARTBEAT state=watching symbols=1 signal_source=demo books=1 
demo_books=1 Bquotes=76419 Mdepth=0 Ddepth=31422 above_floor=0 
max_residual=0.000bps candidates=0 fee_age=312ms
MICRO HEARTBEAT state=watching symbols=1 signal_source=demo books=1 
demo_books=1 Bquotes=76601 Mdepth=0 Ddepth=31529 above_floor=0 
max_residual=0.000bps candidates=0 fee_age=3916ms
MICRO HEARTBEAT state=watching symbols=1 signal_source=demo books=1 
demo_books=1 Bquotes=76886 Mdepth=0 Ddepth=31628 above_floor=0 
max_residual=0.000bps candidates=0 fee_age=1911ms
MICRO HEARTBEAT state=watching symbols=1 signal_source=demo books=1 
demo_books=1 Bquotes=77057 Mdepth=0 Ddepth=31730 above_floor=0 
max_residual=0.000bps candidates=0 fee_age=0ms
MICRO HEARTBEAT state=watching symbols=1 signal_source=demo books=1 
demo_books=1 Bquotes=77265 Mdepth=0 Ddepth=31831 above_floor=0 
max_residual=0.000bps candidates=0 fee_age=3641ms
MICRO HEARTBEAT state=watching symbols=1 signal_source=demo books=1 
demo_books=1 Bquotes=77444 Mdepth=0 Ddepth=31935 above_floor=0 
max_residual=0.000bps candidates=0 fee_age=1484ms
MICRO HEARTBEAT state=watching symbols=1 signal_source=demo books=1 
demo_books=1 Bquotes=77634 Mdepth=0 Ddepth=32041 above_floor=0 
max_residual=0.000bps candidates=0 fee_age=0ms
MICRO HEARTBEAT state=watching symbols=1 signal_source=demo books=1 
demo_books=1 Bquotes=77944 Mdepth=0 Ddepth=32138 above_floor=0 
max_residual=0.459bps candidates=0 fee_age=3525ms
MICRO HEARTBEAT state=watching symbols=1 signal_source=demo books=1 
demo_books=1 Bquotes=78191 Mdepth=0 Ddepth=32230 above_floor=0 
max_residual=0.000bps candidates=0 fee_age=1412ms
MICRO HEARTBEAT state=watching symbols=1 signal_source=demo books=1 
demo_books=1 Bquotes=78433 Mdepth=0 Ddepth=32318 above_floor=0 
max_residual=0.000bps candidates=0 fee_age=4992ms
MICRO HEARTBEAT state=watching symbols=1 signal_source=demo books=1 
demo_books=1 Bquotes=78720 Mdepth=0 Ddepth=32352 above_floor=0 
max_residual=0.000bps candidates=0 fee_age=2849ms
MICRO HEARTBEAT state=watching symbols=1 signal_source=demo books=1 
demo_books=1 Bquotes=79016 Mdepth=0 Ddepth=32377 above_floor=0 
max_residual=0.000bps candidates=0 fee_age=790ms
MICRO HEARTBEAT state=watching symbols=1 signal_source=demo books=1 
demo_books=1 Bquotes=79601 Mdepth=0 Ddepth=32398 above_floor=0 
max_residual=0.000bps candidates=0 fee_age=4424ms
MICRO HEARTBEAT state=watching symbols=1 signal_source=demo books=1 
demo_books=1 Bquotes=80257 Mdepth=0 Ddepth=32423 above_floor=0 
max_residual=0.000bps candidates=0 fee_age=2364ms
MICRO HEARTBEAT state=watching symbols=1 signal_source=demo books=1 
demo_books=1 Bquotes=80989 Mdepth=0 Ddepth=32463 above_floor=0 
max_residual=0.000bps candidates=0 fee_age=371ms
MICRO HEARTBEAT state=watching symbols=1 signal_source=demo books=1 
demo_books=1 Bquotes=81085 Mdepth=0 Ddepth=32515 above_floor=0 
max_residual=0.000bps candidates=0 fee_age=3939ms
MICRO HEARTBEAT state=watching symbols=1 signal_source=demo books=1 
demo_books=1 Bquotes=81166 Mdepth=0 Ddepth=32599 above_floor=0 
max_residual=0.000bps candidates=0 fee_age=1843ms
MICRO HEARTBEAT state=watching symbols=1 signal_source=demo books=1 
demo_books=1 Bquotes=81256 Mdepth=0 Ddepth=32703 above_floor=0 
max_residual=0.000bps candidates=0 fee_age=0ms
MICRO HEARTBEAT state=watching symbols=1 signal_source=demo books=1 
demo_books=1 Bquotes=81338 Mdepth=0 Ddepth=32802 above_floor=0 
max_residual=0.000bps candidates=0 fee_age=3604ms
MICRO HEARTBEAT state=watching symbols=1 signal_source=demo books=1 
demo_books=1 Bquotes=81408 Mdepth=0 Ddepth=32916 above_floor=0 
max_residual=0.000bps candidates=0 fee_age=1544ms
MICRO HEARTBEAT state=watching symbols=1 signal_source=demo books=1 
demo_books=1 Bquotes=81511 Mdepth=0 Ddepth=33028 above_floor=0 
max_residual=0.000bps candidates=0 fee_age=0ms
MICRO HEARTBEAT state=watching symbols=1 signal_source=demo books=1 
demo_books=1 Bquotes=81594 Mdepth=0 Ddepth=33137 above_floor=0 
max_residual=0.000bps candidates=0 fee_age=3566ms
MICRO HEARTBEAT state=watching symbols=1 signal_source=demo books=1 
demo_books=1 Bquotes=81633 Mdepth=0 Ddepth=33240 above_floor=0 
max_residual=0.000bps candidates=0 fee_age=1512ms
MICRO HEARTBEAT state=watching symbols=1 signal_source=demo books=1 
demo_books=1 Bquotes=81682 Mdepth=0 Ddepth=33348 above_floor=0 
max_residual=0.000bps candidates=0 fee_age=0ms
MICRO HEARTBEAT state=watching symbols=1 signal_source=demo books=1 
demo_books=1 Bquotes=81726 Mdepth=0 Ddepth=33457 above_floor=0 
max_residual=0.000bps candidates=0 fee_age=3647ms
MICRO HEARTBEAT state=watching symbols=1 signal_source=demo books=1 
demo_books=1 Bquotes=81829 Mdepth=0 Ddepth=33557 above_floor=0 
max_residual=0.000bps candidates=0 fee_age=1458ms
MICRO HEARTBEAT state=watching symbols=1 signal_source=demo books=1 
demo_books=1 Bquotes=81944 Mdepth=0 Ddepth=33589 above_floor=0 
max_residual=0.000bps candidates=0 fee_age=23ms
MICRO HEARTBEAT state=watching symbols=1 signal_source=demo books=1 
demo_books=1 Bquotes=82005 Mdepth=0 Ddepth=33619 above_floor=0 
max_residual=0.000bps candidates=0 fee_age=3592ms
MICRO HEARTBEAT state=watching symbols=1 signal_source=demo books=1 
demo_books=1 Bquotes=82092 Mdepth=0 Ddepth=33640 above_floor=0 
max_residual=0.000bps candidates=0 fee_age=1572ms
MICRO HEARTBEAT state=watching symbols=1 signal_source=demo books=1 
demo_books=1 Bquotes=82170 Mdepth=0 Ddepth=33662 above_floor=0 
max_residual=0.000bps candidates=0 fee_age=0ms
MICRO HEARTBEAT state=watching symbols=1 signal_source=demo books=1 
demo_books=1 Bquotes=82263 Mdepth=0 Ddepth=33684 above_floor=0 
max_residual=0.000bps candidates=0 fee_age=3642ms
MICRO HEARTBEAT state=watching symbols=1 signal_source=demo books=1 
demo_books=1 Bquotes=82376 Mdepth=0 Ddepth=33727 above_floor=0 
max_residual=0.000bps candidates=0 fee_age=1565ms
MICRO HEARTBEAT state=watching symbols=1 signal_source=demo books=1 
demo_books=1 Bquotes=82482 Mdepth=0 Ddepth=33804 above_floor=0 
max_residual=0.000bps candidates=0 fee_age=0ms
MICRO HEARTBEAT state=watching symbols=1 signal_source=demo books=1 
demo_books=1 Bquotes=82560 Mdepth=0 Ddepth=33891 above_floor=0 
max_residual=0.000bps candidates=0 fee_age=3668ms
MICRO HEARTBEAT state=watching symbols=1 signal_source=demo books=1 
demo_books=1 Bquotes=82630 Mdepth=0 Ddepth=33984 above_floor=0 
max_residual=0.000bps candidates=0 fee_age=1746ms
MICRO HEARTBEAT state=watching symbols=1 signal_source=demo books=1 
demo_books=1 Bquotes=82717 Mdepth=0 Ddepth=34086 above_floor=0 
max_residual=0.000bps candidates=0 fee_age=0ms
MICRO HEARTBEAT state=watching symbols=1 signal_source=demo books=1 
demo_books=1 Bquotes=82789 Mdepth=0 Ddepth=34179 above_floor=0 
max_residual=0.000bps candidates=0 fee_age=3640ms
MICRO HEARTBEAT state=watching symbols=1 signal_source=demo books=1 
demo_books=1 Bquotes=82899 Mdepth=0 Ddepth=34268 above_floor=0 
max_residual=0.115bps candidates=0 fee_age=1643ms
MICRO HEARTBEAT state=watching symbols=1 signal_source=demo books=1 
demo_books=1 Bquotes=83020 Mdepth=0 Ddepth=34368 above_floor=0 
max_residual=0.000bps candidates=0 fee_age=0ms
MICRO HEARTBEAT state=watching symbols=1 signal_source=demo books=1 
demo_books=1 Bquotes=83119 Mdepth=0 Ddepth=34469 above_floor=0 
max_residual=0.000bps candidates=0 fee_age=3618ms
MICRO HEARTBEAT state=watching symbols=1 signal_source=demo books=1 
demo_books=1 Bquotes=83203 Mdepth=0 Ddepth=34566 above_floor=0 
max_residual=0.000bps candidates=0 fee_age=1581ms
MICRO HEARTBEAT state=watching symbols=1 signal_source=demo books=1 
demo_books=1 Bquotes=83296 Mdepth=0 Ddepth=34669 above_floor=0 
max_residual=0.000bps candidates=0 fee_age=0ms
MICRO HEARTBEAT state=watching symbols=1 signal_source=demo books=1 
demo_books=1 Bquotes=83411 Mdepth=0 Ddepth=34764 above_floor=0 
max_residual=0.000bps candidates=0 fee_age=3604ms
MICRO HEARTBEAT state=watching symbols=1 signal_source=demo books=1 
demo_books=1 Bquotes=83541 Mdepth=0 Ddepth=34861 above_floor=0 
max_residual=0.000bps candidates=0 fee_age=1552ms
MICRO HEARTBEAT state=watching symbols=1 signal_source=demo books=1 
demo_books=1 Bquotes=83605 Mdepth=0 Ddepth=34965 above_floor=0 
max_residual=0.000bps candidates=0 fee_age=0ms
MICRO HEARTBEAT state=watching symbols=1 signal_source=demo books=1 
demo_books=1 Bquotes=83697 Mdepth=0 Ddepth=35074 above_floor=0 
max_residual=0.000bps candidates=0 fee_age=3669ms
MICRO HEARTBEAT state=watching symbols=1 signal_source=demo books=1 
demo_books=1 Bquotes=83767 Mdepth=0 Ddepth=35171 above_floor=0 
max_residual=0.000bps candidates=0 fee_age=1582ms
MICRO HEARTBEAT state=watching symbols=1 signal_source=demo books=1 
demo_books=1 Bquotes=83845 Mdepth=0 Ddepth=35278 above_floor=0 
max_residual=0.000bps candidates=0 fee_age=0ms
MICRO HEARTBEAT state=watching symbols=1 signal_source=demo books=1 
demo_books=1 Bquotes=83922 Mdepth=0 Ddepth=35377 above_floor=0 
max_residual=0.000bps candidates=0 fee_age=3674ms
MICRO HEARTBEAT state=watching symbols=1 signal_source=demo books=1 
demo_books=1 Bquotes=84010 Mdepth=0 Ddepth=35453 above_floor=0 
max_residual=0.000bps candidates=0 fee_age=1535ms
MICRO HEARTBEAT state=watching symbols=1 signal_source=demo books=1 
demo_books=1 Bquotes=84139 Mdepth=0 Ddepth=35479 above_floor=0 
max_residual=0.000bps candidates=0 fee_age=56ms
MICRO HEARTBEAT state=watching symbols=1 signal_source=demo books=1 
demo_books=1 Bquotes=84310 Mdepth=0 Ddepth=35504 above_floor=0 
max_residual=0.000bps candidates=0 fee_age=3613ms
MICRO HEARTBEAT state=watching symbols=1 signal_source=demo books=1 
demo_books=1 Bquotes=84452 Mdepth=0 Ddepth=35538 above_floor=0 
max_residual=0.000bps candidates=0 fee_age=1531ms
MICRO HEARTBEAT state=watching symbols=1 signal_source=demo books=1 
demo_books=1 Bquotes=84519 Mdepth=0 Ddepth=35562 above_floor=0 
max_residual=0.000bps candidates=0 fee_age=1ms
MICRO HEARTBEAT state=watching symbols=1 signal_source=demo books=1 
demo_books=1 Bquotes=84571 Mdepth=0 Ddepth=35584 above_floor=0 
max_residual=0.000bps candidates=0 fee_age=3678ms
MICRO HEARTBEAT state=watching symbols=1 signal_source=demo books=1 
demo_books=1 Bquotes=84763 Mdepth=0 Ddepth=35633 above_floor=0 
max_residual=0.000bps candidates=0 fee_age=1591ms
MICRO HEARTBEAT state=watching symbols=1 signal_source=demo books=1 
demo_books=1 Bquotes=84838 Mdepth=0 Ddepth=35725 above_floor=0 
max_residual=0.000bps candidates=0 fee_age=0ms
MICRO HEARTBEAT state=watching symbols=1 signal_source=demo books=1 
demo_books=1 Bquotes=84896 Mdepth=0 Ddepth=35831 above_floor=0 
max_residual=0.000bps candidates=0 fee_age=3621ms
MICRO HEARTBEAT state=watching symbols=1 signal_source=demo books=1 
demo_books=1 Bquotes=84949 Mdepth=0 Ddepth=35927 above_floor=0 
max_residual=0.000bps candidates=0 fee_age=1538ms
MICRO HEARTBEAT state=watching symbols=1 signal_source=demo books=1 
demo_books=1 Bquotes=85052 Mdepth=0 Ddepth=36035 above_floor=0 
max_residual=0.000bps candidates=0 fee_age=0ms
MICRO HEARTBEAT state=watching symbols=1 signal_source=demo books=1 
demo_books=1 Bquotes=85158 Mdepth=0 Ddepth=36136 above_floor=0 
max_residual=0.000bps candidates=0 fee_age=3644ms
MICRO HEARTBEAT state=watching symbols=1 signal_source=demo books=1 
demo_books=1 Bquotes=85229 Mdepth=0 Ddepth=36238 above_floor=0 
max_residual=0.000bps candidates=0 fee_age=1694ms
MICRO HEARTBEAT state=watching symbols=1 signal_source=demo books=1 
demo_books=1 Bquotes=85322 Mdepth=0 Ddepth=36339 above_floor=0 
max_residual=0.000bps candidates=0 fee_age=4793ms
MICRO HEARTBEAT state=watching symbols=1 signal_source=demo books=1 
demo_books=1 Bquotes=85408 Mdepth=0 Ddepth=36435 above_floor=0 
max_residual=0.000bps candidates=0 fee_age=2204ms
MICRO HEARTBEAT state=watching symbols=1 signal_source=demo books=1 
demo_books=1 Bquotes=85493 Mdepth=0 Ddepth=36529 above_floor=0 
max_residual=0.000bps candidates=0 fee_age=117ms
MICRO HEARTBEAT state=watching symbols=1 signal_source=demo books=1 
demo_books=1 Bquotes=85572 Mdepth=0 Ddepth=36621 above_floor=0 
max_residual=0.000bps candidates=0 fee_age=3335ms
MICRO HEARTBEAT state=watching symbols=1 signal_source=demo books=1 
demo_books=1 Bquotes=85677 Mdepth=0 Ddepth=36706 above_floor=0 
max_residual=0.000bps candidates=0 fee_age=1315ms
MICRO HEARTBEAT state=watching symbols=1 signal_source=demo books=1 
demo_books=1 Bquotes=85774 Mdepth=0 Ddepth=36795 above_floor=0 
max_residual=0.000bps candidates=0 fee_age=4956ms
MICRO HEARTBEAT state=watching symbols=1 signal_source=demo books=1 
demo_books=1 Bquotes=85886 Mdepth=0 Ddepth=36876 above_floor=0 
max_residual=0.000bps candidates=0 fee_age=2923ms
MICRO HEARTBEAT state=watching symbols=1 signal_source=demo books=1 
demo_books=1 Bquotes=85950 Mdepth=0 Ddepth=36931 above_floor=0 
max_residual=0.000bps candidates=0 fee_age=791ms
MICRO HEARTBEAT state=watching symbols=1 signal_source=demo books=1 
demo_books=1 Bquotes=86003 Mdepth=0 Ddepth=36958 above_floor=0 
max_residual=0.000bps candidates=0 fee_age=4423ms
MICRO HEARTBEAT state=watching symbols=1 signal_source=demo books=1 
demo_books=1 Bquotes=86068 Mdepth=0 Ddepth=36979 above_floor=0 
max_residual=0.000bps candidates=0 fee_age=2350ms
MICRO HEARTBEAT state=watching symbols=1 signal_source=demo books=1 
demo_books=1 Bquotes=86155 Mdepth=0 Ddepth=37006 above_floor=0 
max_residual=0.000bps candidates=0 fee_age=0ms
MICRO HEARTBEAT state=watching symbols=1 signal_source=demo books=1 
demo_books=1 Bquotes=86244 Mdepth=0 Ddepth=37025 above_floor=0 
max_residual=0.000bps candidates=0 fee_age=3655ms
MICRO HEARTBEAT state=watching symbols=1 signal_source=demo books=1 
demo_books=1 Bquotes=86272 Mdepth=0 Ddepth=37053 above_floor=0 
max_residual=0.000bps candidates=0 fee_age=1687ms
MICRO HEARTBEAT state=watching symbols=1 signal_source=demo books=1 
demo_books=1 Bquotes=86334 Mdepth=0 Ddepth=37114 above_floor=0 
max_residual=0.000bps candidates=0 fee_age=4807ms
MICRO HEARTBEAT state=watching symbols=1 signal_source=demo books=1 
demo_books=1 Bquotes=86394 Mdepth=0 Ddepth=37197 above_floor=0 
max_residual=0.000bps candidates=0 fee_age=2788ms
MICRO HEARTBEAT state=watching symbols=1 signal_source=demo books=1 
demo_books=1 Bquotes=86438 Mdepth=0 Ddepth=37289 above_floor=0 
max_residual=0.000bps candidates=0 fee_age=762ms
MICRO HEARTBEAT state=watching symbols=1 signal_source=demo books=1 
demo_books=1 Bquotes=86506 Mdepth=0 Ddepth=37390 above_floor=0 
max_residual=0.000bps candidates=0 fee_age=4481ms
MICRO HEARTBEAT state=watching symbols=1 signal_source=demo books=1 
demo_books=1 Bquotes=86560 Mdepth=0 Ddepth=37493 above_floor=0 
max_residual=0.000bps candidates=0 fee_age=1909ms
MICRO HEARTBEAT state=watching symbols=1 signal_source=demo books=1 
demo_books=1 Bquotes=86644 Mdepth=0 Ddepth=37586 above_floor=0 
max_residual=0.000bps candidates=0 fee_age=0ms
MICRO HEARTBEAT state=watching symbols=1 signal_source=demo books=1 
demo_books=1 Bquotes=86687 Mdepth=0 Ddepth=37677 above_floor=0 
max_residual=0.000bps candidates=0 fee_age=3664ms
MICRO HEARTBEAT state=watching symbols=1 signal_source=demo books=1 
demo_books=1 Bquotes=86803 Mdepth=0 Ddepth=37768 above_floor=0 
max_residual=0.000bps candidates=0 fee_age=1032ms
MICRO HEARTBEAT state=watching symbols=1 signal_source=demo books=1 
demo_books=1 Bquotes=86864 Mdepth=0 Ddepth=37855 above_floor=0 
max_residual=0.000bps candidates=0 fee_age=4665ms
MICRO HEARTBEAT state=watching symbols=1 signal_source=demo books=1 
demo_books=1 Bquotes=86918 Mdepth=0 Ddepth=37948 above_floor=0 
max_residual=0.000bps candidates=0 fee_age=2661ms
MICRO HEARTBEAT state=watching symbols=1 signal_source=demo books=1 
demo_books=1 Bquotes=87054 Mdepth=0 Ddepth=38035 above_floor=0 
max_residual=0.000bps candidates=0 fee_age=531ms
MICRO HEARTBEAT state=watching symbols=1 signal_source=demo books=1 
demo_books=1 Bquotes=87112 Mdepth=0 Ddepth=38136 above_floor=0 
max_residual=0.000bps candidates=0 fee_age=4180ms
MICRO HEARTBEAT state=watching symbols=1 signal_source=demo books=1 
demo_books=1 Bquotes=88966 Mdepth=0 Ddepth=38233 above_floor=0 
max_residual=0.000bps candidates=0 fee_age=2224ms
MICRO HEARTBEAT state=watching symbols=1 signal_source=demo books=1 
demo_books=1 Bquotes=90031 Mdepth=0 Ddepth=38322 above_floor=0 
max_residual=0.000bps candidates=0 fee_age=308ms
MICRO HEARTBEAT state=watching symbols=1 signal_source=demo books=1 
demo_books=1 Bquotes=91160 Mdepth=0 Ddepth=38376 above_floor=0 
max_residual=0.000bps candidates=0 fee_age=3920ms
MICRO HEARTBEAT state=watching symbols=1 signal_source=demo books=1 
demo_books=1 Bquotes=91937 Mdepth=0 Ddepth=38396 above_floor=0 
max_residual=0.000bps candidates=0 fee_age=1889ms
MICRO HEARTBEAT state=watching symbols=1 signal_source=demo books=1 
demo_books=1 Bquotes=92488 Mdepth=0 Ddepth=38428 above_floor=0 
max_residual=0.000bps candidates=0 fee_age=0ms
MICRO HEARTBEAT state=watching symbols=1 signal_source=demo books=1 
demo_books=1 Bquotes=93100 Mdepth=0 Ddepth=38449 above_floor=0 
max_residual=0.000bps candidates=0 fee_age=3665ms
MICRO HEARTBEAT state=watching symbols=1 signal_source=demo books=1 
demo_books=1 Bquotes=93506 Mdepth=0 Ddepth=38471 above_floor=0 
max_residual=0.000bps candidates=0 fee_age=1682ms
MICRO HEARTBEAT state=watching symbols=1 signal_source=demo books=1 
demo_books=1 Bquotes=93720 Mdepth=0 Ddepth=38496 above_floor=0 
max_residual=0.000bps candidates=0 fee_age=0ms
MICRO HEARTBEAT state=watching symbols=1 signal_source=demo books=1 
demo_books=1 Bquotes=93960 Mdepth=0 Ddepth=38564 above_floor=0 
max_residual=0.000bps candidates=0 fee_age=3607ms
MICRO HEARTBEAT state=watching symbols=1 signal_source=demo books=1 
demo_books=1 Bquotes=94295 Mdepth=0 Ddepth=38660 above_floor=0 
max_residual=0.000bps candidates=0 fee_age=1608ms
MICRO HEARTBEAT state=watching symbols=1 signal_source=demo books=1 
demo_books=1 Bquotes=94718 Mdepth=0 Ddepth=38775 above_floor=0 
max_residual=0.000bps candidates=0 fee_age=0ms
MICRO HEARTBEAT state=watching symbols=1 signal_source=demo books=1 
demo_books=1 Bquotes=95410 Mdepth=0 Ddepth=38877 above_floor=0 
max_residual=0.000bps candidates=0 fee_age=3628ms
MICRO HEARTBEAT state=watching symbols=1 signal_source=demo books=1 
demo_books=1 Bquotes=95698 Mdepth=0 Ddepth=38978 above_floor=0 
max_residual=0.000bps candidates=0 fee_age=1649ms
MICRO HEARTBEAT state=watching symbols=1 signal_source=demo books=1 
demo_books=1 Bquotes=96256 Mdepth=0 Ddepth=39083 above_floor=0 
max_residual=0.229bps candidates=0 fee_age=0ms
MICRO HEARTBEAT state=watching symbols=1 signal_source=demo books=1 
demo_books=1 Bquotes=96767 Mdepth=0 Ddepth=39182 above_floor=0 
max_residual=0.000bps candidates=0 fee_age=3721ms
MICRO HEARTBEAT state=watching symbols=1 signal_source=demo books=1 
demo_books=1 Bquotes=97212 Mdepth=0 Ddepth=39281 above_floor=0 
max_residual=0.000bps candidates=0 fee_age=1643ms
MICRO HEARTBEAT state=watching symbols=1 signal_source=demo books=1 
demo_books=1 Bquotes=97564 Mdepth=0 Ddepth=39386 above_floor=0 
max_residual=0.000bps candidates=0 fee_age=0ms
MICRO HEARTBEAT state=watching symbols=1 signal_source=demo books=1 
demo_books=1 Bquotes=97860 Mdepth=0 Ddepth=39483 above_floor=0 
max_residual=0.000bps candidates=0 fee_age=3169ms
MICRO HEARTBEAT state=watching symbols=1 signal_source=demo books=1 
demo_books=1 Bquotes=98396 Mdepth=0 Ddepth=39535 above_floor=0 
max_residual=0.000bps candidates=0 fee_age=691ms
MICRO HEARTBEAT state=watching symbols=1 signal_source=demo books=1 
demo_books=1 Bquotes=98847 Mdepth=0 Ddepth=39560 above_floor=0 
max_residual=0.115bps candidates=0 fee_age=4354ms
MICRO HEARTBEAT state=watching symbols=1 signal_source=demo books=1 
demo_books=1 Bquotes=99313 Mdepth=0 Ddepth=39580 above_floor=0 
max_residual=0.000bps candidates=0 fee_age=2383ms
MICRO HEARTBEAT state=watching symbols=1 signal_source=demo books=1 
demo_books=1 Bquotes=99713 Mdepth=0 Ddepth=39604 above_floor=0 
max_residual=0.000bps candidates=0 fee_age=336ms
MICRO HEARTBEAT state=watching symbols=1 signal_source=demo books=1 
demo_books=1 Bquotes=100242 Mdepth=0 Ddepth=39635 above_floor=0 
max_residual=0.344bps candidates=0 fee_age=4030ms
MICRO HEARTBEAT state=watching symbols=1 signal_source=demo books=1 
demo_books=1 Bquotes=100786 Mdepth=0 Ddepth=39656 above_floor=0 
max_residual=0.000bps candidates=0 fee_age=1537ms
MICRO HEARTBEAT state=watching symbols=1 signal_source=demo books=1 
demo_books=1 Bquotes=101228 Mdepth=0 Ddepth=39710 above_floor=0 
max_residual=0.000bps candidates=0 fee_age=4715ms
MICRO HEARTBEAT state=watching symbols=1 signal_source=demo books=1 
demo_books=1 Bquotes=101427 Mdepth=0 Ddepth=39807 above_floor=0 
max_residual=0.000bps candidates=0 fee_age=2704ms
MICRO HEARTBEAT state=watching symbols=1 signal_source=demo books=1 
demo_books=1 Bquotes=102012 Mdepth=0 Ddepth=39911 above_floor=0 
max_residual=0.000bps candidates=0 fee_age=654ms
MICRO HEARTBEAT state=watching symbols=1 signal_source=demo books=1 
demo_books=1 Bquotes=102394 Mdepth=0 Ddepth=40009 above_floor=0 
max_residual=0.459bps candidates=0 fee_age=4153ms
MICRO HEARTBEAT state=watching symbols=1 signal_source=demo books=1 
demo_books=1 Bquotes=102975 Mdepth=0 Ddepth=40103 above_floor=0 
max_residual=0.000bps candidates=0 fee_age=1617ms
MICRO HEARTBEAT state=watching symbols=1 signal_source=demo books=1 
demo_books=1 Bquotes=103170 Mdepth=0 Ddepth=40198 above_floor=0 
max_residual=0.229bps candidates=0 fee_age=0ms
MICRO HEARTBEAT state=watching symbols=1 signal_source=demo books=1 
demo_books=1 Bquotes=103509 Mdepth=0 Ddepth=40290 above_floor=0 
max_residual=0.000bps candidates=0 fee_age=3649ms
MICRO HEARTBEAT state=watching symbols=1 signal_source=demo books=1 
demo_books=1 Bquotes=103848 Mdepth=0 Ddepth=40380 above_floor=0 
max_residual=0.000bps candidates=0 fee_age=1215ms
MICRO HEARTBEAT state=watching symbols=1 signal_source=demo books=1 
demo_books=1 Bquotes=104364 Mdepth=0 Ddepth=40479 above_floor=0 
max_residual=0.000bps candidates=0 fee_age=4971ms
MICRO HEARTBEAT state=watching symbols=1 signal_source=demo books=1 
demo_books=1 Bquotes=104650 Mdepth=0 Ddepth=40577 above_floor=0 
max_residual=0.000bps candidates=0 fee_age=2922ms
MICRO HEARTBEAT state=watching symbols=1 signal_source=demo books=1 
demo_books=1 Bquotes=104841 Mdepth=0 Ddepth=40685 above_floor=0 
max_residual=0.000bps candidates=0 fee_age=908ms
MICRO HEARTBEAT state=watching symbols=1 signal_source=demo books=1 
demo_books=1 Bquotes=105058 Mdepth=0 Ddepth=40789 above_floor=0 
max_residual=0.000bps candidates=0 fee_age=4594ms
MICRO HEARTBEAT state=watching symbols=1 signal_source=demo books=1 
demo_books=1 Bquotes=105295 Mdepth=0 Ddepth=40897 above_floor=0 
max_residual=0.000bps candidates=0 fee_age=2553ms
MICRO HEARTBEAT state=watching symbols=1 signal_source=demo books=1 
demo_books=1 Bquotes=105532 Mdepth=0 Ddepth=40993 above_floor=0 
max_residual=0.000bps candidates=0 fee_age=464ms
MICRO HEARTBEAT state=watching symbols=1 signal_source=demo books=1 
demo_books=1 Bquotes=105928 Mdepth=0 Ddepth=41087 above_floor=0 
max_residual=0.229bps candidates=0 fee_age=4144ms
MICRO HEARTBEAT state=watching symbols=1 signal_source=demo books=1 
demo_books=1 Bquotes=106225 Mdepth=0 Ddepth=41170 above_floor=0 
max_residual=0.000bps candidates=0 fee_age=2163ms
MICRO HEARTBEAT state=watching symbols=1 signal_source=demo books=1 
demo_books=1 Bquotes=106524 Mdepth=0 Ddepth=41256 above_floor=0 
max_residual=0.000bps candidates=0 fee_age=97ms
MICRO HEARTBEAT state=watching symbols=1 signal_source=demo books=1 
demo_books=1 Bquotes=106779 Mdepth=0 Ddepth=41345 above_floor=0 
max_residual=0.000bps candidates=0 fee_age=3741ms
MICRO HEARTBEAT state=watching symbols=1 signal_source=demo books=1 
demo_books=1 Bquotes=107058 Mdepth=0 Ddepth=41387 above_floor=0 
max_residual=0.000bps candidates=0 fee_age=1660ms
MICRO HEARTBEAT state=watching symbols=1 signal_source=demo books=1 
demo_books=1 Bquotes=107313 Mdepth=0 Ddepth=41419 above_floor=0 
max_residual=0.000bps candidates=0 fee_age=0ms
MICRO HEARTBEAT state=watching symbols=1 signal_source=demo books=1 
demo_books=1 Bquotes=107505 Mdepth=0 Ddepth=41440 above_floor=0 
max_residual=0.000bps candidates=0 fee_age=3650ms
MICRO HEARTBEAT state=watching symbols=1 signal_source=demo books=1 
demo_books=1 Bquotes=108060 Mdepth=0 Ddepth=41464 above_floor=0 
max_residual=0.000bps candidates=0 fee_age=1631ms
MICRO HEARTBEAT state=watching symbols=1 signal_source=demo books=1 
demo_books=1 Bquotes=108465 Mdepth=0 Ddepth=41490 above_floor=0 
max_residual=0.000bps candidates=0 fee_age=0ms
MICRO HEARTBEAT state=watching symbols=1 signal_source=demo books=1 
demo_books=1 Bquotes=108775 Mdepth=0 Ddepth=41520 above_floor=0 
max_residual=0.000bps candidates=0 fee_age=3724ms
MICRO HEARTBEAT state=watching symbols=1 signal_source=demo books=1 
demo_books=1 Bquotes=109002 Mdepth=0 Ddepth=41589 above_floor=0 
max_residual=0.000bps candidates=0 fee_age=1398ms
MICRO HEARTBEAT state=watching symbols=1 signal_source=demo books=1 
demo_books=1 Bquotes=109380 Mdepth=0 Ddepth=41699 above_floor=0 
max_residual=0.000bps candidates=0 fee_age=0ms
MICRO HEARTBEAT state=watching symbols=1 signal_source=demo books=1 
demo_books=1 Bquotes=109765 Mdepth=0 Ddepth=41796 above_floor=0 
max_residual=0.000bps candidates=0 fee_age=1902ms
MICRO HEARTBEAT state=watching symbols=1 signal_source=demo books=1 
demo_books=1 Bquotes=110127 Mdepth=0 Ddepth=41888 above_floor=0 
max_residual=0.000bps candidates=0 fee_age=0ms
MICRO HEARTBEAT state=watching symbols=1 signal_source=demo books=1 
demo_books=1 Bquotes=110485 Mdepth=0 Ddepth=41966 above_floor=0 
max_residual=0.000bps candidates=0 fee_age=2454ms
MICRO HEARTBEAT state=watching symbols=1 signal_source=demo books=1 
demo_books=1 Bquotes=110641 Mdepth=0 Ddepth=42052 above_floor=0 
max_residual=0.000bps candidates=0 fee_age=0ms
MICRO HEARTBEAT state=watching symbols=1 signal_source=demo books=1 
demo_books=1 Bquotes=110775 Mdepth=0 Ddepth=42137 above_floor=0 
max_residual=0.000bps candidates=0 fee_age=2565ms
MICRO HEARTBEAT state=watching symbols=1 signal_source=demo books=1 
demo_books=1 Bquotes=111264 Mdepth=0 Ddepth=42225 above_floor=0 
max_residual=0.000bps candidates=0 fee_age=0ms
MICRO HEARTBEAT state=watching symbols=1 signal_source=demo books=1 
demo_books=1 Bquotes=111521 Mdepth=0 Ddepth=42322 above_floor=0 
max_residual=0.000bps candidates=0 fee_age=3709ms
MICRO HEARTBEAT state=watching symbols=1 signal_source=demo books=1 
demo_books=1 Bquotes=111723 Mdepth=0 Ddepth=42424 above_floor=0 
max_residual=0.000bps candidates=0 fee_age=1163ms
MICRO HEARTBEAT state=watching symbols=1 signal_source=demo books=1 
demo_books=1 Bquotes=111948 Mdepth=0 Ddepth=42521 above_floor=0 
max_residual=0.000bps candidates=0 fee_age=4839ms
MICRO HEARTBEAT state=watching symbols=1 signal_source=demo books=1 
demo_books=1 Bquotes=112182 Mdepth=0 Ddepth=42626 above_floor=0 
max_residual=0.000bps candidates=0 fee_age=2725ms
MICRO HEARTBEAT state=watching symbols=1 signal_source=demo books=1 
demo_books=1 Bquotes=112410 Mdepth=0 Ddepth=42729 above_floor=0 
max_residual=0.000bps candidates=0 fee_age=670ms
MICRO HEARTBEAT state=watching symbols=1 signal_source=demo books=1 
demo_books=1 Bquotes=112787 Mdepth=0 Ddepth=42826 above_floor=0 
max_residual=0.000bps candidates=0 fee_age=3977ms
MICRO HEARTBEAT state=watching symbols=1 signal_source=demo books=1 
demo_books=1 Bquotes=113080 Mdepth=0 Ddepth=42861 above_floor=0 
max_residual=0.000bps candidates=0 fee_age=1920ms
MICRO HEARTBEAT state=watching symbols=1 signal_source=demo books=1 
demo_books=1 Bquotes=113301 Mdepth=0 Ddepth=42880 above_floor=0 
max_residual=0.000bps candidates=0 fee_age=0ms
MICRO HEARTBEAT state=watching symbols=1 signal_source=demo books=1 
demo_books=1 Bquotes=113609 Mdepth=0 Ddepth=42905 above_floor=0 
max_residual=0.000bps candidates=0 fee_age=3651ms
MICRO HEARTBEAT state=watching symbols=1 signal_source=demo books=1 
demo_books=1 Bquotes=113846 Mdepth=0 Ddepth=42944 above_floor=0 
max_residual=0.000bps candidates=0 fee_age=1623ms
MICRO HEARTBEAT state=watching symbols=1 signal_source=demo books=1 
demo_books=1 Bquotes=114184 Mdepth=0 Ddepth=42972 above_floor=0 
max_residual=0.000bps candidates=0 fee_age=4799ms
MICRO HEARTBEAT state=watching symbols=1 signal_source=demo books=1 
demo_books=1 Bquotes=114435 Mdepth=0 Ddepth=42999 above_floor=0 
max_residual=0.000bps candidates=0 fee_age=2840ms
MICRO HEARTBEAT state=watching symbols=1 signal_source=demo books=1 
demo_books=1 Bquotes=114689 Mdepth=0 Ddepth=43078 above_floor=0 
max_residual=0.000bps candidates=0 fee_age=855ms
MICRO HEARTBEAT state=watching symbols=1 signal_source=demo books=1 
demo_books=1 Bquotes=115031 Mdepth=0 Ddepth=43179 above_floor=0 
max_residual=0.000bps candidates=0 fee_age=4471ms
MICRO HEARTBEAT state=watching symbols=1 signal_source=demo books=1 
demo_books=1 Bquotes=115380 Mdepth=0 Ddepth=43284 above_floor=0 
max_residual=0.000bps candidates=0 fee_age=2371ms
MICRO HEARTBEAT state=watching symbols=1 signal_source=demo books=1 
demo_books=1 Bquotes=115681 Mdepth=0 Ddepth=43378 above_floor=0 
max_residual=0.000bps candidates=0 fee_age=336ms
MICRO HEARTBEAT state=watching symbols=1 signal_source=demo books=1 
demo_books=1 Bquotes=116124 Mdepth=0 Ddepth=43478 above_floor=0 
max_residual=0.000bps candidates=0 fee_age=3973ms
MICRO HEARTBEAT state=watching symbols=1 signal_source=demo books=1 
demo_books=1 Bquotes=116418 Mdepth=0 Ddepth=43577 above_floor=0 
max_residual=0.000bps candidates=0 fee_age=1946ms
MICRO HEARTBEAT state=watching symbols=1 signal_source=demo books=1 
demo_books=1 Bquotes=116633 Mdepth=0 Ddepth=43680 above_floor=0 
max_residual=0.000bps candidates=0 fee_age=0ms
MICRO HEARTBEAT state=watching symbols=1 signal_source=demo books=1 
demo_books=1 Bquotes=116862 Mdepth=0 Ddepth=43784 above_floor=0 
max_residual=0.000bps candidates=0 fee_age=3650ms
MICRO HEARTBEAT state=watching symbols=1 signal_source=demo books=1 
demo_books=1 Bquotes=117293 Mdepth=0 Ddepth=43886 above_floor=0 
max_residual=0.000bps candidates=0 fee_age=1642ms
MICRO HEARTBEAT state=watching symbols=1 signal_source=demo books=1 
demo_books=1 Bquotes=117601 Mdepth=0 Ddepth=43996 above_floor=0 
max_residual=0.000bps candidates=0 fee_age=0ms
MICRO HEARTBEAT state=watching symbols=1 signal_source=demo books=1 
demo_books=1 Bquotes=117857 Mdepth=0 Ddepth=44095 above_floor=0 
max_residual=0.000bps candidates=0 fee_age=3602ms
MICRO HEARTBEAT state=watching symbols=1 signal_source=demo books=1 
demo_books=1 Bquotes=117943 Mdepth=0 Ddepth=44206 above_floor=0 
max_residual=0.000bps candidates=0 fee_age=1101ms
MICRO HEARTBEAT state=watching symbols=1 signal_source=demo books=1 
demo_books=1 Bquotes=118040 Mdepth=0 Ddepth=44311 above_floor=0 
max_residual=0.000bps candidates=0 fee_age=4302ms
MICRO HEARTBEAT state=watching symbols=1 signal_source=demo books=1 
demo_books=1 Bquotes=118158 Mdepth=0 Ddepth=44395 above_floor=0 
max_residual=0.000bps candidates=0 fee_age=2274ms
MICRO HEARTBEAT state=watching symbols=1 signal_source=demo books=1 
demo_books=1 Bquotes=118268 Mdepth=0 Ddepth=44430 above_floor=0 
max_residual=0.000bps candidates=0 fee_age=293ms
MICRO HEARTBEAT state=watching symbols=1 signal_source=demo books=1 
demo_books=1 Bquotes=118364 Mdepth=0 Ddepth=44453 above_floor=0 
max_residual=0.000bps candidates=0 fee_age=3959ms
MICRO HEARTBEAT state=watching symbols=1 signal_source=demo books=1 
demo_books=1 Bquotes=118479 Mdepth=0 Ddepth=44473 above_floor=0 
max_residual=0.000bps candidates=0 fee_age=1964ms
MICRO HEARTBEAT state=watching symbols=1 signal_source=demo books=1 
demo_books=1 Bquotes=118676 Mdepth=0 Ddepth=44494 above_floor=0 
max_residual=0.000bps candidates=0 fee_age=0ms
MICRO HEARTBEAT state=watching symbols=1 signal_source=demo books=1 
demo_books=1 Bquotes=118855 Mdepth=0 Ddepth=44525 above_floor=0 
max_residual=0.000bps candidates=0 fee_age=3608ms
MICRO HEARTBEAT state=watching symbols=1 signal_source=demo books=1 
demo_books=1 Bquotes=119031 Mdepth=0 Ddepth=44578 above_floor=0 
max_residual=0.000bps candidates=0 fee_age=1559ms
MICRO HEARTBEAT state=watching symbols=1 signal_source=demo books=1 
demo_books=1 Bquotes=119184 Mdepth=0 Ddepth=44671 above_floor=0 
max_residual=0.000bps candidates=0 fee_age=0ms
MICRO HEARTBEAT state=watching symbols=1 signal_source=demo books=1 
demo_books=1 Bquotes=119328 Mdepth=0 Ddepth=44775 above_floor=0 
max_residual=0.000bps candidates=0 fee_age=3770ms
MICRO HEARTBEAT state=watching symbols=1 signal_source=demo books=1 
demo_books=1 Bquotes=119450 Mdepth=0 Ddepth=44880 above_floor=0 
max_residual=0.000bps candidates=0 fee_age=1767ms
MICRO HEARTBEAT state=watching symbols=1 signal_source=demo books=1 
demo_books=1 Bquotes=119613 Mdepth=0 Ddepth=44984 above_floor=0 
max_residual=0.000bps candidates=0 fee_age=0ms
MICRO HEARTBEAT state=watching symbols=1 signal_source=demo books=1 
demo_books=1 Bquotes=119725 Mdepth=0 Ddepth=45084 above_floor=0 
max_residual=0.000bps candidates=0 fee_age=3615ms
MICRO HEARTBEAT state=watching symbols=1 signal_source=demo books=1 
demo_books=1 Bquotes=119914 Mdepth=0 Ddepth=45193 above_floor=0 
max_residual=0.000bps candidates=0 fee_age=1123ms
MICRO SIGNAL XAUT_USDT SHORT residual=-1.009bps threshold=1.000 spread=0.229 
net=+0.009 B100=-1.009 M100=+0.000 Bage=1ms Mage=11ms DemoCross=1.0bps
MICRO HEARTBEAT state=watching symbols=1 signal_source=demo books=1 
demo_books=1 Bquotes=120304 Mdepth=0 Ddepth=45366 above_floor=0 
max_residual=0.000bps candidates=0 fee_age=0ms
MICRO HEARTBEAT state=watching symbols=1 signal_source=demo books=1 
demo_books=1 Bquotes=120390 Mdepth=0 Ddepth=45455 above_floor=0 
max_residual=0.000bps candidates=0 fee_age=2936ms
MICRO HEARTBEAT state=watching symbols=1 signal_source=demo books=1 
demo_books=1 Bquotes=120484 Mdepth=0 Ddepth=45558 above_floor=0 
max_residual=0.000bps candidates=0 fee_age=951ms
MICRO HEARTBEAT state=watching symbols=1 signal_source=demo books=1 
demo_books=1 Bquotes=120917 Mdepth=0 Ddepth=45664 above_floor=0 
max_residual=0.229bps candidates=0 fee_age=4652ms
MICRO HEARTBEAT state=watching symbols=1 signal_source=demo books=1 
demo_books=1 Bquotes=121033 Mdepth=0 Ddepth=45766 above_floor=0 
max_residual=0.000bps candidates=0 fee_age=2595ms
MICRO HEARTBEAT state=watching symbols=1 signal_source=demo books=1 
demo_books=1 Bquotes=121208 Mdepth=0 Ddepth=45867 above_floor=0 
max_residual=0.000bps candidates=0 fee_age=511ms
MICRO HEARTBEAT state=watching symbols=1 signal_source=demo books=1 
demo_books=1 Bquotes=121456 Mdepth=0 Ddepth=45968 above_floor=0 
max_residual=0.000bps candidates=0 fee_age=4177ms
MICRO HEARTBEAT state=watching symbols=1 signal_source=demo books=1 
demo_books=1 Bquotes=121646 Mdepth=0 Ddepth=46007 above_floor=0 
max_residual=0.000bps candidates=0 fee_age=2142ms
MICRO HEARTBEAT state=watching symbols=1 signal_source=demo books=1 
demo_books=1 Bquotes=121794 Mdepth=0 Ddepth=46037 above_floor=0 
max_residual=0.000bps candidates=0 fee_age=24ms
MICRO HEARTBEAT state=watching symbols=1 signal_source=demo books=1 
demo_books=1 Bquotes=121951 Mdepth=0 Ddepth=46057 above_floor=0 
max_residual=0.000bps candidates=0 fee_age=3686ms
MICRO SIGNAL XAUT_USDT LONG residual=+1.135bps threshold=1.000 spread=0.229 
net=+0.135 B100=+1.135 M100=+0.000 Bage=2ms Mage=158ms DemoCross=1.0bps
DEMO ENTRY XAUT_USDT LONG qty=0.022 LIVEEntry=4361.6 residual=+1.135 
notional=95.9552USDT leverage=1000x requested_margin=0.1000USDT 
strategy_equity=60.1452USDT sizing=PROBATION spread=0.229 DemoFeeReported=0
MICRO EXIT XAUT_USDT reason=microspread_reversed LIVEpnl=+0.024200USDT 
move=+2.522bps MFE=+2.522 MAE=-0.229 hold=6096ms DemoExit=4362.8 
DemoGross=+0.026400 DemoNet=+0.026400 DemoFee=0
MICRO HEARTBEAT state=watching symbols=1 signal_source=demo books=1 
demo_books=1 Bquotes=122634 Mdepth=0 Ddepth=46077 above_floor=0 
max_residual=0.000bps candidates=0 fee_age=1613ms
MICRO HEARTBEAT state=watching symbols=1 signal_source=demo books=1 
demo_books=1 Bquotes=122990 Mdepth=0 Ddepth=46101 above_floor=0 
max_residual=0.000bps candidates=0 fee_age=0ms
MICRO HEARTBEAT state=watching symbols=1 signal_source=demo books=1 
demo_books=1 Bquotes=123086 Mdepth=0 Ddepth=46136 above_floor=0 
max_residual=0.000bps candidates=0 fee_age=3538ms
MICRO HEARTBEAT state=watching symbols=1 signal_source=demo books=1 
demo_books=1 Bquotes=123209 Mdepth=0 Ddepth=46185 above_floor=0 
max_residual=0.000bps candidates=0 fee_age=1367ms
MICRO HEARTBEAT state=watching symbols=1 signal_source=demo books=1 
demo_books=1 Bquotes=123331 Mdepth=0 Ddepth=46285 above_floor=0 
max_residual=0.000bps candidates=0 fee_age=0ms
MICRO HEARTBEAT state=watching symbols=1 signal_source=demo books=1 
demo_books=1 Bquotes=123429 Mdepth=0 Ddepth=46387 above_floor=0 
max_residual=0.000bps candidates=0 fee_age=2365ms
MICRO HEARTBEAT state=watching symbols=1 signal_source=demo books=1 
demo_books=1 Bquotes=123482 Mdepth=0 Ddepth=46491 above_floor=0 
max_residual=0.000bps candidates=0 fee_age=0ms
MICRO HEARTBEAT state=watching symbols=1 signal_source=demo books=1 
demo_books=1 Bquotes=123542 Mdepth=0 Ddepth=46595 above_floor=0 
max_residual=0.000bps candidates=0 fee_age=3554ms
MICRO HEARTBEAT state=watching symbols=1 signal_source=demo books=1 
demo_books=1 Bquotes=123639 Mdepth=0 Ddepth=46702 above_floor=0 
max_residual=0.000bps candidates=0 fee_age=1509ms
MICRO HEARTBEAT state=watching symbols=1 signal_source=demo books=1 
demo_books=1 Bquotes=123710 Mdepth=0 Ddepth=46810 above_floor=0 
max_residual=0.000bps candidates=0 fee_age=0ms
MICRO HEARTBEAT state=watching symbols=1 signal_source=demo books=1 
demo_books=1 Bquotes=123787 Mdepth=0 Ddepth=46911 above_floor=0 
max_residual=0.000bps candidates=0 fee_age=3559ms
MICRO HEARTBEAT state=watching symbols=1 signal_source=demo books=1 
demo_books=1 Bquotes=123852 Mdepth=0 Ddepth=47013 above_floor=0 
max_residual=0.000bps candidates=0 fee_age=1392ms
MICRO HEARTBEAT state=watching symbols=1 signal_source=demo books=1 
demo_books=1 Bquotes=123931 Mdepth=0 Ddepth=47124 above_floor=0 
max_residual=0.000bps candidates=0 fee_age=0ms
MICRO SIGNAL XAUT_USDT SHORT residual=-1.008bps threshold=1.000 spread=0.229 
net=+0.008 B100=-1.008 M100=+0.000 Bage=1ms Mage=215ms DemoCross=1.0bps
DEMO ENTRY XAUT_USDT SHORT qty=0.022 LIVEEntry=4363 residual=-1.008 
notional=95.986USDT leverage=1000x requested_margin=0.1000USDT 
strategy_equity=60.1716USDT sizing=PROBATION spread=0.229 DemoFeeReported=0
MICRO POSITION XAUT_USDT mark=+1.146bps MFE=+1.146 MAE=+0.000 
DemoNetMark=+0.011000USDT DemoNet=+1.146bps DemoMFE=+1.146 DemoMAE=+0.000 
TRAIL=+0.400bps residual=-0.871bps B100=-1.238
MICRO EXIT XAUT_USDT reason=microspread_converged LIVEpnl=+0.015400USDT 
move=+1.604bps MFE=+1.604 MAE=+0.000 hold=2948ms DemoExit=4362.2 
DemoGross=+0.017600 DemoNet=+0.017600 DemoFee=0
MICRO HEARTBEAT state=watching symbols=1 signal_source=demo books=1 
demo_books=1 Bquotes=124302 Mdepth=0 Ddepth=47339 above_floor=1 
max_residual=1.009bps candidates=0 fee_age=504ms
MICRO HEARTBEAT state=watching symbols=1 signal_source=demo books=1 
demo_books=1 Bquotes=124356 Mdepth=0 Ddepth=47444 above_floor=0 
max_residual=0.000bps candidates=0 fee_age=4059ms
MICRO HEARTBEAT state=watching symbols=1 signal_source=demo books=1 
demo_books=1 Bquotes=124423 Mdepth=0 Ddepth=47541 above_floor=0 
max_residual=0.000bps candidates=0 fee_age=1839ms
MICRO HEARTBEAT state=watching symbols=1 signal_source=demo books=1 
demo_books=1 Bquotes=124461 Mdepth=0 Ddepth=47581 above_floor=0 
max_residual=0.000bps candidates=0 fee_age=0ms
MICRO HEARTBEAT state=watching symbols=1 signal_source=demo books=1 
demo_books=1 Bquotes=124514 Mdepth=0 Ddepth=47603 above_floor=0 
max_residual=0.000bps candidates=0 fee_age=3630ms
MICRO HEARTBEAT state=watching symbols=1 signal_source=demo books=1 
demo_books=1 Bquotes=124590 Mdepth=0 Ddepth=47634 above_floor=0 
max_residual=0.000bps candidates=0 fee_age=1445ms
MICRO HEARTBEAT state=watching symbols=1 signal_source=demo books=1 
demo_books=1 Bquotes=124643 Mdepth=0 Ddepth=47656 above_floor=0 
max_residual=0.000bps candidates=0 fee_age=0ms
MICRO HEARTBEAT state=watching symbols=1 signal_source=demo books=1 
demo_books=1 Bquotes=124688 Mdepth=0 Ddepth=47679 above_floor=0 
max_residual=0.000bps candidates=0 fee_age=2992ms
MICRO HEARTBEAT state=watching symbols=1 signal_source=demo books=1 
demo_books=1 Bquotes=124728 Mdepth=0 Ddepth=47703 above_floor=0 
max_residual=0.000bps candidates=0 fee_age=973ms
MICRO HEARTBEAT state=watching symbols=1 signal_source=demo books=1 
demo_books=1 Bquotes=124791 Mdepth=0 Ddepth=47775 above_floor=0 
max_residual=0.000bps candidates=0 fee_age=4587ms
MICRO HEARTBEAT state=watching symbols=1 signal_source=demo books=1 
demo_books=1 Bquotes=124824 Mdepth=0 Ddepth=47882 above_floor=0 
max_residual=0.000bps candidates=0 fee_age=2516ms
MICRO HEARTBEAT state=watching symbols=1 signal_source=demo books=1 
demo_books=1 Bquotes=124884 Mdepth=0 Ddepth=47986 above_floor=0 
max_residual=0.000bps candidates=0 fee_age=475ms
MICRO HEARTBEAT state=watching symbols=1 signal_source=demo books=1 
demo_books=1 Bquotes=124925 Mdepth=0 Ddepth=48092 above_floor=0 
max_residual=0.000bps candidates=0 fee_age=3531ms
MICRO HEARTBEAT state=watching symbols=1 signal_source=demo books=1 
demo_books=1 Bquotes=124991 Mdepth=0 Ddepth=48198 above_floor=0 
max_residual=0.000bps candidates=0 fee_age=1532ms
MICRO HEARTBEAT state=watching symbols=1 signal_source=demo books=1 
demo_books=1 Bquotes=125036 Mdepth=0 Ddepth=48303 above_floor=0 
max_residual=0.000bps candidates=0 fee_age=0ms
MICRO HEARTBEAT state=watching symbols=1 signal_source=demo books=1 
demo_books=1 Bquotes=125134 Mdepth=0 Ddepth=48399 above_floor=0 
max_residual=0.000bps candidates=0 fee_age=3563ms
MICRO HEARTBEAT state=watching symbols=1 signal_source=demo books=1 
demo_books=1 Bquotes=125204 Mdepth=0 Ddepth=48497 above_floor=0 
max_residual=0.000bps candidates=0 fee_age=1478ms
MICRO HEARTBEAT state=watching symbols=1 signal_source=demo books=1 
demo_books=1 Bquotes=125260 Mdepth=0 Ddepth=48608 above_floor=0 
max_residual=0.000bps candidates=0 fee_age=0ms
MICRO HEARTBEAT state=watching symbols=1 signal_source=demo books=1 
demo_books=1 Bquotes=125322 Mdepth=0 Ddepth=48717 above_floor=0 
max_residual=0.000bps candidates=0 fee_age=3600ms
MICRO HEARTBEAT state=watching symbols=1 signal_source=demo books=1 
demo_books=1 Bquotes=125415 Mdepth=0 Ddepth=48813 above_floor=0 
max_residual=0.000bps candidates=0 fee_age=1560ms
MICRO HEARTBEAT state=watching symbols=1 signal_source=demo books=1 
demo_books=1 Bquotes=125573 Mdepth=0 Ddepth=48918 above_floor=0 
max_residual=0.000bps candidates=0 fee_age=4591ms
MICRO HEARTBEAT state=watching symbols=1 signal_source=demo books=1 
demo_books=1 Bquotes=125607 Mdepth=0 Ddepth=49024 above_floor=0 
max_residual=0.000bps candidates=0 fee_age=2550ms
MICRO HEARTBEAT state=watching symbols=1 signal_source=demo books=1 
demo_books=1 Bquotes=125626 Mdepth=0 Ddepth=49118 above_floor=0 
max_residual=0.000bps candidates=0 fee_age=437ms
MICRO HEARTBEAT state=watching symbols=1 signal_source=demo books=1 
demo_books=1 Bquotes=125668 Mdepth=0 Ddepth=49157 above_floor=0 
max_residual=0.000bps candidates=0 fee_age=4080ms
MICRO HEARTBEAT state=watching symbols=1 signal_source=demo books=1 
demo_books=1 Bquotes=125721 Mdepth=0 Ddepth=49179 above_floor=0 
max_residual=0.000bps candidates=0 fee_age=1962ms
MICRO HEARTBEAT state=watching symbols=1 signal_source=demo books=1 
demo_books=1 Bquotes=125775 Mdepth=0 Ddepth=49202 above_floor=0 
max_residual=0.000bps candidates=0 fee_age=0ms
MICRO HEARTBEAT state=watching symbols=1 signal_source=demo books=1 
demo_books=1 Bquotes=125836 Mdepth=0 Ddepth=49226 above_floor=0 
max_residual=0.000bps candidates=0 fee_age=3648ms
MICRO HEARTBEAT state=watching symbols=1 signal_source=demo books=1 
demo_books=1 Bquotes=126018 Mdepth=0 Ddepth=49254 above_floor=0 
max_residual=0.000bps candidates=0 fee_age=1654ms
MICRO HEARTBEAT state=watching symbols=1 signal_source=demo books=1 
demo_books=1 Bquotes=126127 Mdepth=0 Ddepth=49290 above_floor=0 
max_residual=0.115bps candidates=0 fee_age=0ms
MICRO HEARTBEAT state=watching symbols=1 signal_source=demo books=1 
demo_books=1 Bquotes=126311 Mdepth=0 Ddepth=49351 above_floor=0 
max_residual=0.115bps candidates=0 fee_age=3612ms
MICRO HEARTBEAT state=watching symbols=1 signal_source=demo books=1 
demo_books=1 Bquotes=126629 Mdepth=0 Ddepth=49457 above_floor=0 
max_residual=0.000bps candidates=0 fee_age=1496ms
MICRO HEARTBEAT state=watching symbols=1 signal_source=demo books=1 
demo_books=1 Bquotes=126820 Mdepth=0 Ddepth=49568 above_floor=0 
max_residual=0.000bps candidates=0 fee_age=0ms
MICRO HEARTBEAT state=watching symbols=1 signal_source=demo books=1 
demo_books=1 Bquotes=126926 Mdepth=0 Ddepth=49679 above_floor=0 
max_residual=0.000bps candidates=0 fee_age=3650ms
MICRO SIGNAL XAUT_USDT LONG residual=+1.100bps threshold=1.000 spread=0.229 
net=+0.100 B100=+1.100 M100=+0.000 Bage=3ms Mage=118ms DemoCross=1.0bps
DEMO ENTRY XAUT_USDT LONG qty=0.022 LIVEEntry=4360.7 residual=+1.100 
notional=95.9354USDT leverage=1000x requested_margin=0.1000USDT 
strategy_equity=60.1892USDT sizing=PROBATION spread=0.229 DemoFeeReported=0
MICRO EXIT XAUT_USDT reason=microspread_converged LIVEpnl=+0.015400USDT 
move=+1.605bps MFE=+1.605 MAE=+0.000 hold=6852ms DemoExit=4361.4 
DemoGross=+0.006600 DemoNet=+0.006600 DemoFee=0
MICRO HEARTBEAT state=watching symbols=1 signal_source=demo books=1 
demo_books=1 Bquotes=127238 Mdepth=0 Ddepth=49778 above_floor=0 
max_residual=0.000bps candidates=0 fee_age=841ms
MICRO HEARTBEAT state=watching symbols=1 signal_source=demo books=1 
demo_books=1 Bquotes=127334 Mdepth=0 Ddepth=49882 above_floor=0 
max_residual=0.000bps candidates=0 fee_age=4382ms
MICRO HEARTBEAT state=watching symbols=1 signal_source=demo books=1 
demo_books=1 Bquotes=127397 Mdepth=0 Ddepth=49987 above_floor=0 
max_residual=0.000bps candidates=0 fee_age=2288ms
MICRO HEARTBEAT state=watching symbols=1 signal_source=demo books=1 
demo_books=1 Bquotes=127497 Mdepth=0 Ddepth=50097 above_floor=0 
max_residual=0.000bps candidates=0 fee_age=222ms
MICRO HEARTBEAT state=watching symbols=1 signal_source=demo books=1 
demo_books=1 Bquotes=127565 Mdepth=0 Ddepth=50202 above_floor=0 
max_residual=0.000bps candidates=0 fee_age=3855ms
MICRO SIGNAL XAUT_USDT SHORT residual=-1.055bps threshold=1.000 spread=0.229 
net=+0.055 B100=-0.642 M100=+0.000 Bage=2ms Mage=42ms DemoCross=1.0bps
DEMO ENTRY XAUT_USDT SHORT qty=0.022 LIVEEntry=4361.3 residual=-1.055 
notional=95.9486USDT leverage=1000x requested_margin=0.1000USDT 
strategy_equity=60.1958USDT sizing=PROBATION spread=0.229 DemoFeeReported=0
MICRO EXIT XAUT_USDT reason=microspread_converged LIVEpnl=+0.013200USDT 
move=+1.376bps MFE=+1.376 MAE=-0.229 hold=3169ms DemoExit=4360.6 
DemoGross=+0.015400 DemoNet=+0.015400 DemoFee=0
MICRO HEARTBEAT state=watching symbols=1 signal_source=demo books=1 
demo_books=1 Bquotes=128165 Mdepth=0 Ddepth=50308 above_floor=1 
max_residual=1.032bps candidates=0 fee_age=1602ms
MICRO HEARTBEAT state=watching symbols=1 signal_source=demo books=1 
demo_books=1 Bquotes=128251 Mdepth=0 Ddepth=50410 above_floor=0 
max_residual=0.000bps candidates=0 fee_age=4408ms
MICRO HEARTBEAT state=watching symbols=1 signal_source=demo books=1 
demo_books=1 Bquotes=128290 Mdepth=0 Ddepth=50515 above_floor=0 
max_residual=0.000bps candidates=0 fee_age=2213ms
MICRO HEARTBEAT state=watching symbols=1 signal_source=demo books=1 
demo_books=1 Bquotes=128651 Mdepth=0 Ddepth=50620 above_floor=0 
max_residual=0.000bps candidates=0 fee_age=92ms
MICRO HEARTBEAT state=watching symbols=1 signal_source=demo books=1 
demo_books=1 Bquotes=128671 Mdepth=0 Ddepth=50715 above_floor=0 
max_residual=0.000bps candidates=0 fee_age=3674ms
MICRO HEARTBEAT state=watching symbols=1 signal_source=demo books=1 
demo_books=1 Bquotes=128731 Mdepth=0 Ddepth=50741 above_floor=0 
max_residual=0.000bps candidates=0 fee_age=1583ms
MICRO HEARTBEAT state=watching symbols=1 signal_source=demo books=1 
demo_books=1 Bquotes=128772 Mdepth=0 Ddepth=50760 above_floor=0 
max_residual=0.000bps candidates=0 fee_age=0ms
MICRO HEARTBEAT state=watching symbols=1 signal_source=demo books=1 
demo_books=1 Bquotes=128796 Mdepth=0 Ddepth=50787 above_floor=0 
max_residual=0.000bps candidates=0 fee_age=3530ms
MICRO HEARTBEAT state=watching symbols=1 signal_source=demo books=1 
demo_books=1 Bquotes=128966 Mdepth=0 Ddepth=50815 above_floor=0 
max_residual=0.155bps candidates=0 fee_age=1350ms
MICRO HEARTBEAT state=watching symbols=1 signal_source=demo books=1 
demo_books=1 Bquotes=129135 Mdepth=0 Ddepth=50839 above_floor=0 
max_residual=0.000bps candidates=0 fee_age=4997ms
MICRO HEARTBEAT state=watching symbols=1 signal_source=demo books=1 
demo_books=1 Bquotes=129166 Mdepth=0 Ddepth=50879 above_floor=0 
max_residual=0.000bps candidates=0 fee_age=2851ms
MICRO HEARTBEAT state=watching symbols=1 signal_source=demo books=1 
demo_books=1 Bquotes=129200 Mdepth=0 Ddepth=50942 above_floor=0 
max_residual=0.000bps candidates=0 fee_age=799ms
MICRO HEARTBEAT state=watching symbols=1 signal_source=demo books=1 
demo_books=1 Bquotes=129300 Mdepth=0 Ddepth=51037 above_floor=0 
max_residual=0.000bps candidates=0 fee_age=3962ms
MICRO HEARTBEAT state=watching symbols=1 signal_source=demo books=1 
demo_books=1 Bquotes=129414 Mdepth=0 Ddepth=51141 above_floor=0 
max_residual=0.000bps candidates=0 fee_age=1658ms
